timestamp,quality,angle_deg,distance_mm
1785208871.2670195,15,351.8125,4160.75
1785208871.2670195,12,353.4375,4172.5
1785208871.2670195,13,355.0625,4191.25
1785208871.2670195,10,356.6875,4216.5
1785208871.2670195,15,358.296875,4252.0
1785208871.2670195,15,359.90625,4306.5
1785208871.2670195,15,1.546875,4369.25
1785208871.2670195,14,3.171875,4409.25
1785208871.2670195,15,4.8125,4437.25
1785208871.2670195,15,6.40625,4465.0
1785208871.2670195,14,8.046875,4500.25
1785208871.2670195,10,9.640625,4590.75
1785208871.2670195,15,11.28125,4693.25
1785208871.2670195,8,12.90625,4755.0
1785208871.2670195,15,220.375,5359.25
1785208871.2670195,15,223.625,5028.5
1785208871.2670195,15,226.859375,4741.75
1785208871.2670195,15,228.46875,4621.0
1785208871.2670195,15,231.828125,3361.5
1785208871.2670195,15,233.46875,3299.75
1785208871.2670195,15,238.25,3837.5
1785208871.2670195,15,239.859375,3767.0
1785208871.2670195,15,241.5,3708.25
1785208871.2670195,15,243.125,3640.0
1785208871.2670195,15,244.75,3576.75
1785208871.2670195,15,246.359375,3521.75
1785208871.2670195,15,248.0,3467.25
1785208871.2670195,15,249.640625,3421.25
1785208871.2670195,15,251.25,3388.75
1785208871.2670195,15,252.890625,3359.25
1785208871.2670195,15,256.125,3442.5
1785208871.2670195,15,260.9375,3720.25
1785208871.2670195,15,262.578125,3687.75
1785208871.2670195,15,264.171875,3666.0
1785208871.2670195,15,265.828125,3642.0
1785208871.2670195,15,267.453125,3632.25
1785208871.2670195,15,269.046875,3639.25
1785208871.2670195,15,270.671875,3636.75
1785208871.2670195,15,272.3125,3626.25
1785208871.2670195,15,273.921875,3631.5
1785208871.2670195,15,275.546875,3637.5
1785208871.2670195,15,277.171875,3645.75
1785208871.2670195,15,278.78125,3668.75
1785208871.2670195,15,280.421875,3681.0
1785208871.2670195,15,282.03125,3705.25
1785208871.2670195,15,283.65625,3741.0
1785208871.2670195,15,285.265625,3766.5
1785208871.2670195,15,286.875,3788.5
1785208871.2670195,15,288.5,3814.0
1785208871.2670195,15,291.75,3610.0
1785208871.2670195,15,293.390625,3514.5
1785208871.2670195,15,296.65625,3250.75
1785208871.2670195,15,298.296875,3297.75
1785208871.2670195,15,299.96875,3349.0
1785208871.2670195,15,301.59375,3394.25
1785208871.2670195,15,303.203125,3452.5
1785208871.2670195,15,304.84375,3515.5
1785208871.2670195,15,306.453125,3594.5
1785208871.2670195,15,308.0625,3677.75
1785208871.2670195,9,322.65625,4092.75
1785208871.2670195,9,324.296875,4066.0
1785208871.2670195,9,325.90625,4010.5
1785208871.2670195,14,327.546875,3966.5
1785208871.2670195,12,329.203125,3940.75
1785208871.2670195,12,330.8125,3926.75
1785208871.2670195,14,332.4375,3927.25
1785208871.2670195,15,334.046875,3953.75
1785208871.2670195,15,335.6875,3971.0
1785208871.2670195,10,338.9375,3999.75
1785208871.2670195,7,340.546875,4039.5
1785208871.2670195,11,342.15625,4051.25
1785208871.2670195,15,343.78125,4073.25
1785208871.2670195,15,345.40625,4092.5
1785208871.2670195,14,347.046875,4111.0
1785208871.2670195,15,348.671875,4112.5
1785208871.2670195,15,350.296875,4128.0
1785208872.633471,15,351.921875,4159.75
1785208872.633471,14,353.53125,4170.75
1785208872.633471,12,355.171875,4191.25
1785208872.633471,11,356.796875,4218.25
1785208872.633471,15,358.421875,4253.25
1785208872.633471,15,0.03125,4307.0
1785208872.633471,14,1.65625,4369.25
1785208872.633471,15,3.28125,4408.75
1785208872.633471,15,4.90625,4437.25
1785208872.633471,15,6.515625,4464.25
1785208872.633471,11,8.140625,4497.5
1785208872.633471,9,9.765625,4590.0
1785208872.633471,15,11.375,4694.5
1785208872.633471,15,199.875,10190.25
1785208872.633471,15,216.15625,5963.75
1785208872.633471,15,224.296875,4972.25
1785208872.633471,15,227.53125,4701.25
1785208872.633471,15,229.140625,4582.25
1785208872.633471,15,232.515625,3339.0
1785208872.633471,15,240.546875,3734.0
1785208872.633471,15,242.171875,3671.0
1785208872.633471,15,243.78125,3602.75
1785208872.633471,15,245.390625,3555.75
1785208872.633471,15,247.03125,3507.5
1785208872.633471,15,248.671875,3451.5
1785208872.633471,15,250.265625,3407.5
1785208872.633471,15,251.890625,3377.25
1785208872.633471,15,253.484375,3403.0
1785208872.633471,15,255.09375,3439.25
1785208872.633471,15,256.71875,3424.5
1785208872.633471,15,261.515625,3714.0
1785208872.633471,15,263.171875,3681.0
1785208872.633471,15,264.78125,3662.25
1785208872.633471,15,266.40625,3646.25
1785208872.633471,15,268.015625,3635.5
1785208872.633471,15,269.609375,3628.75
1785208872.633471,15,271.234375,3633.5
1785208872.633471,15,272.859375,3636.25
1785208872.633471,15,274.453125,3633.75
1785208872.633471,15,276.046875,3631.5
1785208872.633471,15,277.6875,3643.75
1785208872.633471,15,279.28125,3667.75
1785208872.633471,15,280.890625,3692.75
1785208872.633471,15,282.515625,3718.5
1785208872.633471,15,284.125,3744.5
1785208872.633471,15,285.734375,3780.5
1785208872.633471,15,287.34375,3799.5
1785208872.633471,15,288.953125,3803.0
1785208872.633471,15,292.21875,3591.75
1785208872.633471,15,297.078125,3264.5
1785208872.633471,15,298.828125,3313.75
1785208872.633471,15,300.4375,3362.5
1785208872.633471,15,302.046875,3412.0
1785208872.633471,15,303.671875,3472.5
1785208872.633471,15,305.28125,3543.25
1785208872.633471,15,306.890625,3627.0
1785208872.633471,11,310.09375,4244.75
1785208872.633471,10,323.078125,4095.25
1785208872.633471,9,326.34375,4023.75
1785208872.633471,15,327.96875,3955.25
1785208872.633471,15,329.59375,3938.25
1785208872.633471,12,331.203125,3928.5
1785208872.633471,15,332.828125,3930.0
1785208872.633471,14,334.453125,3947.5
1785208872.633471,15,336.078125,3964.5
1785208872.633471,8,340.9375,4006.0
1785208872.633471,10,342.5625,4050.0
1785208872.633471,14,344.171875,4076.0
1785208872.633471,10,345.78125,4101.75
1785208872.633471,15,347.40625,4115.0
1785208872.633471,15,349.015625,4118.75
1785208872.7487664,15,350.65625,4133.5
1785208872.7487664,15,352.25,4158.0
1785208872.7487664,15,353.875,4173.5
1785208872.7487664,13,355.5,4198.5
1785208872.7487664,11,357.125,4226.25
1785208872.7487664,15,358.734375,4261.25
1785208872.7487664,15,0.34375,4323.5
1785208872.7487664,15,1.96875,4384.25
1785208872.7487664,15,3.578125,4412.5
1785208872.7487664,15,5.21875,4448.75
1785208872.7487664,11,6.828125,4480.25
1785208872.7487664,13,8.4375,4520.25
1785208872.7487664,11,10.0625,4612.25
1785208872.7487664,15,11.671875,4703.25
1785208872.7487664,15,199.21875,10264.75
1785208872.7487664,15,223.703125,5031.5
1785208872.7487664,15,226.90625,4744.0
1785208872.7487664,15,228.53125,4624.0
1785208872.7487664,15,231.890625,3361.5
1785208872.7487664,15,233.5,3308.75
1785208872.7487664,15,238.3125,3830.75
1785208872.7487664,15,239.921875,3764.75
1785208872.7487664,15,241.5625,3696.25
1785208872.7487664,15,243.171875,3628.0
1785208872.7487664,15,244.796875,3570.5
1785208872.7487664,15,246.4375,3518.25
1785208872.7487664,15,248.046875,3463.75
1785208872.7487664,15,249.671875,3418.0
1785208872.7487664,15,251.28125,3388.5
1785208872.7487664,15,252.90625,3358.25
1785208872.7487664,15,256.140625,3441.75
1785208872.7487664,15,260.921875,3713.75
1785208872.7487664,15,262.578125,3681.5
1785208872.7487664,15,264.15625,3669.0
1785208872.7487664,15,265.8125,3649.75
1785208872.7487664,15,267.421875,3630.25
1785208872.7487664,15,269.015625,3633.5
1785208872.7487664,15,270.640625,3640.25
1785208872.7487664,15,272.265625,3632.25
1785208872.7487664,15,273.875,3633.25
1785208872.7487664,15,275.5,3638.25
1785208872.7487664,15,277.09375,3643.0
1785208872.7487664,15,278.71875,3662.5
1785208872.7487664,15,280.34375,3684.0
1785208872.7487664,15,281.9375,3710.75
1785208872.7487664,15,283.5625,3746.75
1785208872.7487664,15,285.15625,3773.75
1785208872.7487664,15,286.78125,3792.0
1785208872.7487664,15,288.390625,3811.25
1785208872.7487664,15,291.65625,3599.0
1785208872.7487664,15,293.296875,3515.75
1785208872.7487664,15,296.546875,3263.5
1785208872.7487664,15,298.140625,3290.75
1785208872.7487664,15,299.875,3341.0
1785208872.7487664,15,301.5,3393.5
1785208872.7487664,15,303.09375,3448.75
1785208872.7487664,15,304.71875,3512.0
1785208872.7487664,15,306.328125,3593.75
1785208872.7487664,15,307.921875,3675.5
1785208872.7487664,9,322.515625,4099.25
1785208872.7487664,7,324.125,4073.0
1785208872.7487664,8,325.78125,4013.75
1785208872.7487664,11,327.40625,3960.0
1785208872.7487664,14,329.03125,3937.5
1785208872.7487664,11,330.640625,3930.25
1785208872.7487664,15,332.265625,3927.0
1785208872.7487664,15,333.890625,3938.5
1785208872.7487664,15,335.515625,3964.75
1785208872.7487664,8,338.75,4008.5
1785208872.7487664,8,341.984375,4041.0
1785208872.7487664,14,343.59375,4064.25
1785208872.7487664,10,345.25,4092.5
1785208872.7487664,14,346.84375,4109.0
1785208872.7487664,15,348.453125,4113.0
1785208872.7487664,15,350.078125,4128.75
1785208872.8593242,14,351.6875,4157.75
1785208872.8593242,14,353.296875,4168.25
1785208872.8593242,11,354.9375,4183.25
1785208872.8593242,10,356.546875,4209.75
1785208872.8593242,15,358.171875,4249.75
1785208872.8593242,15,359.796875,4294.25
1785208872.8593242,15,1.390625,4356.0
1785208872.8593242,13,3.015625,4408.25
1785208872.8593242,15,4.65625,4431.0
1785208872.8593242,15,6.265625,4455.25
1785208872.8593242,13,7.875,4493.75
1785208872.8593242,8,9.5,4585.25
1785208872.8593242,15,11.109375,4685.25
1785208872.8593242,12,12.71875,4743.0
1785208872.8593242,8,175.890625,10216.0
1785208872.8593242,12,185.6875,10049.75
1785208872.8593242,8,200.28125,10251.5
1785208872.8593242,15,219.84375,5427.75
1785208872.8593242,15,223.109375,5089.75
1785208872.8593242,15,224.75,4946.0
1785208872.8593242,15,226.359375,4801.75
1785208872.8593242,15,227.96875,4664.0
1785208872.8593242,15,231.34375,3362.0
1785208872.8593242,15,232.96875,3307.5
1785208872.8593242,15,240.984375,3713.75
1785208872.8593242,15,242.640625,3646.25
1785208872.8593242,15,244.25,3583.5
1785208872.8593242,15,245.875,3534.25
1785208872.8593242,15,247.5,3486.0
1785208872.8593242,15,249.15625,3435.25
1785208872.8593242,15,250.75,3393.5
1785208872.8593242,15,252.375,3368.75
1785208872.8593242,15,255.609375,3453.0
1785208872.8593242,15,257.203125,3435.25
1785208872.8593242,15,260.4375,3703.0
1785208872.8593242,15,262.046875,3694.5
1785208872.8593242,15,263.6875,3662.5
1785208872.8593242,15,265.296875,3651.5
1785208872.8593242,15,266.90625,3645.25
1785208872.8593242,15,268.53125,3640.5
1785208872.8593242,15,270.15625,3642.0
1785208872.8593242,15,271.765625,3628.5
1785208872.8593242,15,273.40625,3628.75
1785208872.8593242,15,274.96875,3635.25
1785208872.8593242,15,276.609375,3639.75
1785208872.8593242,15,278.21875,3653.25
1785208872.8593242,15,279.84375,3672.25
1785208872.8593242,15,281.4375,3704.75
1785208872.8593242,15,283.046875,3729.0
1785208872.8593242,15,284.671875,3749.75
1785208872.8593242,15,286.296875,3777.25
1785208872.8593242,15,287.890625,3797.0
1785208872.8593242,15,289.53125,3752.0
1785208872.8593242,15,292.75,3555.25
1785208872.8593242,15,296.03125,3284.75
1785208872.8593242,15,297.65625,3272.0
1785208872.8593242,15,299.34375,3324.75
1785208872.8593242,15,300.953125,3379.25
1785208872.8593242,15,302.578125,3429.5
1785208872.8593242,15,304.203125,3492.75
1785208872.8593242,15,305.796875,3563.25
1785208872.8593242,15,307.4375,3640.0
1785208872.8593242,9,320.359375,4175.25
1785208872.8593242,8,321.984375,4105.25
1785208872.8593242,7,323.625,4076.5
1785208872.8593242,7,325.265625,4025.75
1785208872.8593242,12,326.890625,3975.0
1785208872.8593242,15,328.515625,3948.75
1785208872.8593242,13,330.140625,3936.0
1785208872.8593242,14,331.765625,3927.5
1785208872.8593242,11,333.375,3931.25
1785208872.8593242,15,335.0,3948.75
1785208872.8593242,10,336.609375,3966.0
1785208872.8593242,10,338.234375,4007.0
1785208872.8593242,9,339.859375,4040.25
1785208872.8593242,11,341.484375,4041.0
1785208872.8593242,15,343.09375,4059.0
1785208872.8593242,14,344.734375,4084.5
1785208872.8593242,15,346.34375,4106.0
1785208872.8593242,15,347.984375,4121.5
1785208872.8593242,15,349.59375,4132.75
1785208873.089458,15,350.875,4138.25
1785208873.089458,15,352.484375,4161.5
1785208873.089458,14,354.125,4174.25
1785208873.089458,11,355.734375,4196.0
1785208873.089458,11,357.34375,4226.0
1785208873.089458,15,358.96875,4260.25
1785208873.089458,15,0.59375,4317.75
1785208873.089458,15,2.21875,4377.25
1785208873.089458,13,3.84375,4410.5
1785208873.089458,15,5.453125,4448.75
1785208873.089458,12,7.078125,4486.5
1785208873.089458,15,11.859375,4711.0
1785208873.089458,15,223.9375,5000.25
1785208873.089458,15,227.203125,4724.25
1785208873.089458,15,228.84375,4597.5
1785208873.089458,15,232.1875,3353.0
1785208873.089458,15,233.828125,3321.75
1785208873.089458,15,238.609375,3808.0
1785208873.089458,15,240.25,3739.75
1785208873.089458,15,241.890625,3673.0
1785208873.089458,15,243.515625,3610.25
1785208873.089458,15,245.125,3559.5
1785208873.089458,15,246.765625,3514.75
1785208873.089458,15,248.375,3460.5
1785208873.089458,15,250.0,3410.25
1785208873.089458,15,251.671875,3376.5
1785208873.089458,15,253.296875,3392.5
1785208873.089458,15,254.921875,3432.75
1785208873.089458,15,256.5625,3432.5
1785208873.089458,15,261.359375,3707.5
1785208873.089458,15,263.015625,3678.75
1785208873.089458,15,264.640625,3650.25
1785208873.089458,15,266.25,3643.5
1785208873.089458,15,267.890625,3640.0
1785208873.089458,15,269.5,3630.75
1785208873.089458,15,271.125,3631.25
1785208873.089458,15,272.75,3640.0
1785208873.089458,15,274.359375,3633.75
1785208873.089458,15,275.9375,3629.0
1785208873.089458,15,277.5625,3645.0
1785208873.089458,15,279.1875,3668.0
1785208873.089458,15,280.796875,3691.75
1785208873.089458,15,282.40625,3718.5
1785208873.089458,15,284.03125,3744.25
1785208873.089458,15,285.640625,3779.5
1785208873.089458,15,287.265625,3799.75
1785208873.089458,15,288.859375,3824.75
1785208873.089458,15,292.15625,3591.5
1785208873.089458,15,297.015625,3263.25
1785208873.089458,15,298.71875,3308.75
1785208873.089458,15,300.359375,3353.0
1785208873.089458,15,301.96875,3403.75
1785208873.089458,15,303.578125,3465.75
1785208873.089458,15,305.203125,3534.5
1785208873.089458,15,306.8125,3617.5
1785208873.089458,12,310.015625,4239.25
1785208873.089458,10,323.0625,4095.25
1785208873.089458,10,326.328125,4022.5
1785208873.089458,15,327.96875,3953.0
1785208873.089458,13,329.578125,3936.5
1785208873.089458,12,331.203125,3929.5
1785208873.089458,15,332.84375,3931.0
1785208873.089458,14,334.484375,3947.25
1785208873.089458,15,336.109375,3963.5
1785208873.089458,8,339.328125,4006.0
1785208873.089458,9,340.96875,4047.25
1785208873.089458,10,342.59375,4053.0
1785208873.089458,11,344.234375,4079.0
1785208873.089458,11,345.859375,4103.5
1785208873.089458,15,347.4375,4115.75
1785208873.089458,15,349.078125,4120.0
1785208873.2005324,15,350.703125,4133.75
1785208873.2005324,15,352.328125,4157.25
1785208873.2005324,15,353.953125,4173.75
1785208873.2005324,12,355.578125,4200.0
1785208873.2005324,12,357.203125,4228.25
1785208873.2005324,15,358.828125,4259.75
1785208873.2005324,15,0.421875,4318.25
1785208873.2005324,13,2.0625,4378.5
1785208873.2005324,15,3.703125,4410.0
1785208873.2005324,15,5.296875,4443.75
1785208873.2005324,14,6.9375,4475.0
1785208873.2005324,10,8.5625,4520.5
1785208873.2005324,14,10.171875,4614.5
1785208873.2005324,15,11.71875,4705.0
1785208873.2005324,8,181.609375,10195.75
1785208873.2005324,15,223.859375,5000.25
1785208873.2005324,15,227.125,4730.5
1785208873.2005324,15,228.75,4610.25
1785208873.2005324,15,232.109375,3360.0
1785208873.2005324,15,233.71875,3316.75
1785208873.2005324,15,238.5625,3816.25
1785208873.2005324,15,240.1875,3747.25
1785208873.2005324,15,241.8125,3678.75
1785208873.2005324,15,243.4375,3608.0
1785208873.2005324,15,245.046875,3553.75
1785208873.2005324,15,246.671875,3505.75
1785208873.2005324,15,248.296875,3459.0
1785208873.2005324,15,249.921875,3412.0
1785208873.2005324,15,251.546875,3376.5
1785208873.2005324,15,253.171875,3376.5
1785208873.2005324,15,254.78125,3420.25
1785208873.2005324,15,256.40625,3431.5
1785208873.2005324,15,261.234375,3712.0
1785208873.2005324,15,262.859375,3685.25
1785208873.2005324,15,264.484375,3653.75
1785208873.2005324,15,266.109375,3639.25
1785208873.2005324,15,267.75,3645.5
1785208873.2005324,15,269.359375,3639.0
1785208873.2005324,15,270.96875,3623.75
1785208873.2005324,15,272.578125,3655.0
1785208873.2005324,15,274.21875,3658.5
1785208873.2005324,15,275.796875,3633.0
1785208873.2005324,15,277.40625,3645.25
1785208873.2005324,15,279.015625,3685.75
1785208873.2005324,15,280.625,3712.0
1785208873.2005324,15,282.25,3720.75
1785208873.2005324,15,283.859375,3744.75
1785208873.2005324,15,285.46875,3776.75
1785208873.2005324,15,287.09375,3800.25
1785208873.2005324,15,288.703125,3820.75
1785208873.2005324,15,296.84375,3258.25
1785208873.2005324,15,298.578125,3306.25
1785208873.2005324,15,300.1875,3355.5
1785208873.2005324,15,301.828125,3402.75
1785208873.2005324,15,303.453125,3464.0
1785208873.2005324,15,305.078125,3535.5
1785208873.2005324,15,306.671875,3617.0
1785208873.2005324,15,309.859375,4237.75
1785208873.2005324,10,322.921875,4095.0
1785208873.2005324,7,324.5625,4038.5
1785208873.2005324,10,326.203125,3979.25
1785208873.2005324,12,327.828125,3953.5
1785208873.2005324,15,329.46875,3935.5
1785208873.2005324,12,331.09375,3930.75
1785208873.2005324,14,332.703125,3927.25
1785208873.2005324,11,334.328125,3937.25
1785208873.2005324,15,335.984375,3958.5
1785208873.2005324,8,337.59375,3976.75
1785208873.2005324,11,340.84375,4015.75
1785208873.2005324,12,342.46875,4047.25
1785208873.2005324,13,344.09375,4072.5
1785208873.2005324,12,345.71875,4099.5
1785208873.2005324,15,347.34375,4115.25
1785208873.2005324,15,348.96875,4118.75
1785208873.3162103,15,350.578125,4133.25
1785208873.3162103,15,352.21875,4159.0
1785208873.3162103,15,353.828125,4173.25
1785208873.3162103,15,355.484375,4198.25
1785208873.3162103,8,357.109375,4226.75
1785208873.3162103,15,358.71875,4260.25
1785208873.3162103,15,0.34375,4321.5
1785208873.3162103,15,1.96875,4382.0
1785208873.3162103,12,3.578125,4410.75
1785208873.3162103,15,5.234375,4445.5
1785208873.3162103,12,6.84375,4475.5
1785208873.3162103,9,8.453125,4515.0
1785208873.3162103,11,10.078125,4608.75
1785208873.3162103,15,11.625,4702.0
1785208873.3162103,15,199.25,10271.0
1785208873.3162103,15,223.71875,5028.75
1785208873.3162103,15,226.96875,4739.75
1785208873.3162103,15,228.625,4622.0
1785208873.3162103,15,231.96875,3362.5
1785208873.3162103,15,233.59375,3309.25
1785208873.3162103,15,238.40625,3829.75
1785208873.3162103,15,240.015625,3763.75
1785208873.3162103,15,241.65625,3693.75
1785208873.3162103,15,243.265625,3626.0
1785208873.3162103,15,244.90625,3570.5
1785208873.3162103,15,246.546875,3518.5
1785208873.3162103,15,248.15625,3464.0
1785208873.3162103,15,249.78125,3417.75
1785208873.3162103,15,251.390625,3387.5
1785208873.3162103,15,253.03125,3360.5
1785208873.3162103,15,256.25,3441.5
1785208873.3162103,15,261.078125,3719.0
1785208873.3162103,15,262.671875,3688.75
1785208873.3162103,15,264.3125,3668.0
1785208873.3162103,15,265.953125,3643.75
1785208873.3162103,15,267.578125,3633.75
1785208873.3162103,15,269.1875,3640.0
1785208873.3162103,15,270.8125,3637.0
1785208873.3162103,15,272.4375,3627.25
1785208873.3162103,15,274.03125,3634.0
1785208873.3162103,15,275.609375,3638.0
1785208873.3162103,15,277.21875,3644.5
1785208873.3162103,15,278.8125,3670.25
1785208873.3162103,15,280.4375,3683.0
1785208873.3162103,15,282.03125,3706.25
1785208873.3162103,15,283.640625,3741.75
1785208873.3162103,15,285.265625,3766.25
1785208873.3162103,15,286.890625,3788.5
1785208873.3162103,15,288.5,3814.75
1785208873.3162103,15,291.765625,3609.75
1785208873.3162103,15,293.375,3513.5
1785208873.3162103,15,296.625,3248.0
1785208873.3162103,15,298.25,3292.0
1785208873.3162103,15,300.015625,3344.0
1785208873.3162103,15,301.625,3395.25
1785208873.3162103,15,303.234375,3451.5
1785208873.3162103,15,304.875,3514.75
1785208873.3162103,15,306.46875,3595.5
1785208873.3162103,15,308.09375,3677.0
1785208873.3162103,10,322.703125,4095.75
1785208873.3162103,8,325.96875,4035.75
1785208873.3162103,14,327.59375,3966.25
1785208873.3162103,15,329.234375,3940.5
1785208873.3162103,11,330.84375,3927.25
1785208873.3162103,14,332.484375,3927.75
1785208873.3162103,15,334.109375,3950.5
1785208873.3162103,15,335.75,3966.75
1785208873.3162103,7,338.984375,4001.25
1785208873.3162103,10,342.234375,4050.5
1785208873.3162103,13,343.84375,4072.5
1785208873.3162103,15,345.46875,4092.0
1785208873.3162103,15,347.078125,4110.75
1785208873.3162103,15,348.703125,4111.0
1785208873.3162103,15,350.328125,4126.5
1785208873.544399,15,351.171875,4150.0
1785208873.544399,15,352.8125,4164.0
1785208873.544399,14,354.421875,4182.25
1785208873.544399,15,356.0625,4208.0
1785208873.544399,12,357.671875,4236.0
1785208873.544399,15,359.28125,4266.0
1785208873.544399,11,0.90625,4332.0
1785208873.544399,13,2.53125,4396.25
1785208873.544399,15,4.15625,4416.25
1785208873.544399,15,5.765625,4448.0
1785208873.544399,12,7.375,4487.75
1785208873.544399,13,9.0,4566.25
1785208873.544399,15,10.625,4666.75
1785208873.544399,15,12.234375,4729.0
1785208873.544399,8,180.328125,10206.25
1785208873.544399,15,224.1875,4972.0
1785208873.544399,15,227.40625,4701.25
1785208873.544399,15,229.03125,4583.0
1785208873.544399,15,232.390625,3340.25
1785208873.544399,15,238.796875,3814.5
1785208873.544399,15,240.4375,3743.25
1785208873.544399,15,242.03125,3674.5
1785208873.544399,15,243.671875,3608.5
1785208873.544399,15,245.265625,3560.75
1785208873.544399,15,246.90625,3515.5
1785208873.544399,15,248.546875,3460.0
1785208873.544399,15,250.171875,3409.75
1785208873.544399,15,251.78125,3377.25
1785208873.544399,15,253.390625,3395.25
1785208873.544399,15,255.015625,3434.75
1785208873.544399,15,256.640625,3431.25
1785208873.544399,15,261.453125,3710.75
1785208873.544399,15,263.078125,3678.0
1785208873.544399,15,264.703125,3650.5
1785208873.544399,15,266.3125,3644.25
1785208873.544399,15,267.9375,3639.75
1785208873.544399,15,269.5625,3631.25
1785208873.544399,15,271.1875,3632.75
1785208873.544399,15,272.796875,3641.5
1785208873.544399,15,274.4375,3635.25
1785208873.544399,15,276.046875,3630.75
1785208873.544399,15,277.671875,3645.75
1785208873.544399,15,279.265625,3669.25
1785208873.544399,15,280.875,3694.75
1785208873.544399,15,282.515625,3720.25
1785208873.544399,15,284.125,3744.75
1785208873.544399,15,285.75,3780.25
1785208873.544399,15,287.375,3800.5
1785208873.544399,15,288.96875,3800.75
1785208873.544399,15,292.234375,3592.25
1785208873.544399,15,297.125,3264.25
1785208873.544399,15,298.84375,3314.75
1785208873.544399,15,300.453125,3363.75
1785208873.544399,15,302.0625,3411.5
1785208873.544399,15,303.671875,3474.25
1785208873.544399,15,305.28125,3545.75
1785208873.544399,15,306.921875,3628.0
1785208873.544399,9,310.09375,4243.75
1785208873.544399,11,321.484375,4107.5
1785208873.544399,10,323.125,4095.0
1785208873.544399,11,326.390625,4021.5
1785208873.544399,15,328.03125,3953.75
1785208873.544399,14,329.65625,3938.25
1785208873.544399,13,331.265625,3929.75
1785208873.544399,15,332.890625,3929.75
1785208873.544399,13,334.5,3945.75
1785208873.544399,15,336.140625,3963.25
1785208873.544399,9,341.0,4004.75
1785208873.544399,10,342.609375,4052.25
1785208873.544399,13,344.25,4078.5
1785208873.544399,10,345.859375,4105.0
1785208873.544399,15,347.484375,4119.0
1785208873.544399,15,349.0625,4119.25
1785208873.6552215,15,350.703125,4134.0
1785208873.6552215,15,352.328125,4159.5
1785208873.6552215,14,353.9375,4175.5
1785208873.6552215,11,355.5625,4201.5
1785208873.6552215,11,357.1875,4228.25
1785208873.6552215,15,358.796875,4260.25
1785208873.6552215,15,0.421875,4323.25
1785208873.6552215,14,2.03125,4383.5
1785208873.6552215,15,3.65625,4411.75
1785208873.6552215,15,5.265625,4445.0
1785208873.6552215,10,6.90625,4477.5
1785208873.6552215,14,8.515625,4525.0
1785208873.6552215,12,10.140625,4619.25
1785208873.6552215,15,11.765625,4707.5
1785208873.6552215,7,181.59375,10272.5
1785208873.6552215,15,223.8125,5002.0
1785208873.6552215,15,227.046875,4728.0
1785208873.6552215,15,228.65625,4610.75
1785208873.6552215,15,232.0,3360.75
1785208873.6552215,15,233.609375,3311.0
1785208873.6552215,15,238.421875,3830.25
1785208873.6552215,15,240.046875,3763.0
1785208873.6552215,15,241.671875,3692.25
1785208873.6552215,15,243.28125,3625.0
1785208873.6552215,15,244.90625,3569.0
1785208873.6552215,15,246.53125,3517.5
1785208873.6552215,15,248.15625,3464.5
1785208873.6552215,15,249.78125,3419.0
1785208873.6552215,15,251.40625,3387.75
1785208873.6552215,15,253.03125,3362.5
1785208873.6552215,15,254.640625,3403.0
1785208873.6552215,15,256.28125,3440.0
1785208873.6552215,15,261.078125,3719.0
1785208873.6552215,15,262.6875,3689.5
1785208873.6552215,15,264.34375,3669.25
1785208873.6552215,15,265.9375,3646.0
1785208873.6552215,15,267.5625,3637.25
1785208873.6552215,15,269.1875,3641.5
1785208873.6552215,15,270.796875,3637.25
1785208873.6552215,15,272.40625,3628.0
1785208873.6552215,15,274.03125,3633.5
1785208873.6552215,15,275.65625,3637.25
1785208873.6552215,15,277.28125,3642.75
1785208873.6552215,15,278.890625,3667.5
1785208873.6552215,15,280.515625,3684.5
1785208873.6552215,15,282.125,3708.5
1785208873.6552215,15,283.75,3743.25
1785208873.6552215,15,285.34375,3768.25
1785208873.6552215,15,286.96875,3789.75
1785208873.6552215,15,288.5625,3814.75
1785208873.6552215,15,291.875,3609.75
1785208873.6552215,15,293.46875,3512.5
1785208873.6552215,15,296.734375,3249.75
1785208873.6552215,15,298.34375,3297.25
1785208873.6552215,15,300.0625,3352.5
1785208873.6552215,15,301.65625,3400.5
1785208873.6552215,15,303.265625,3459.0
1785208873.6552215,15,304.90625,3530.5
1785208873.6552215,15,306.5,3609.75
1785208873.6552215,15,308.125,3680.0
1785208873.6552215,11,322.703125,4096.75
1785208873.6552215,8,325.96875,4036.75
1785208873.6552215,14,327.59375,3965.5
1785208873.6552215,13,329.203125,3939.75
1785208873.6552215,11,330.828125,3927.5
1785208873.6552215,13,332.453125,3927.5
1785208873.6552215,15,334.078125,3949.5
1785208873.6552215,15,335.6875,3964.5
1785208873.6552215,8,338.9375,3999.25
1785208873.6552215,8,340.546875,4044.0
1785208873.6552215,10,342.171875,4053.75
1785208873.6552215,15,343.796875,4073.25
1785208873.6552215,15,345.421875,4091.0
1785208873.6552215,15,347.0625,4110.0
1785208873.6552215,15,348.703125,4111.25
1785208873.6552215,15,350.3125,4127.0
1785208873.7700608,15,351.953125,4159.5
1785208873.7700608,15,353.546875,4170.25
1785208873.7700608,14,355.171875,4192.0
1785208873.7700608,11,356.8125,4218.75
1785208873.7700608,15,358.421875,4253.25
1785208873.7700608,15,0.03125,4305.75
1785208873.7700608,14,1.65625,4367.75
1785208873.7700608,15,3.296875,4408.0
1785208873.7700608,15,4.90625,4436.5
1785208873.7700608,15,6.53125,4463.0
1785208873.7700608,11,8.15625,4497.5
1785208873.7700608,9,9.75,4590.5
1785208873.7700608,15,11.34375,4694.25
1785208873.7700608,8,181.171875,10232.5
1785208873.7700608,15,220.125,5400.0
1785208873.7700608,15,225.03125,4910.0
1785208873.7700608,15,226.609375,4777.75
1785208873.7700608,15,228.25,4655.0
1785208873.7700608,15,231.609375,3333.25
1785208873.7700608,15,233.203125,3316.0
1785208873.7700608,15,241.234375,3712.0
1785208873.7700608,15,242.859375,3640.25
1785208873.7700608,15,244.5,3576.0
1785208873.7700608,15,246.125,3521.75
1785208873.7700608,15,247.71875,3475.25
1785208873.7700608,15,249.375,3431.5
1785208873.7700608,15,251.015625,3393.75
1785208873.7700608,15,252.640625,3367.5
1785208873.7700608,15,254.25,3405.25
1785208873.7700608,15,255.890625,3439.5
1785208873.7700608,15,257.5,3463.0
1785208873.7700608,15,260.703125,3729.0
1785208873.7700608,15,262.34375,3701.75
1785208873.7700608,15,263.953125,3662.0
1785208873.7700608,15,265.578125,3648.5
1785208873.7700608,15,267.171875,3639.5
1785208873.7700608,15,268.796875,3636.75
1785208873.7700608,15,270.40625,3642.75
1785208873.7700608,15,272.03125,3636.75
1785208873.7700608,15,273.671875,3631.75
1785208873.7700608,15,275.25,3637.25
1785208873.7700608,15,276.859375,3640.25
1785208873.7700608,15,278.46875,3659.25
1785208873.7700608,15,280.09375,3686.5
1785208873.7700608,15,281.703125,3709.75
1785208873.7700608,15,283.296875,3744.25
1785208873.7700608,15,284.921875,3765.75
1785208873.7700608,15,286.546875,3786.0
1785208873.7700608,15,288.15625,3811.25
1785208873.7700608,15,289.78125,3764.25
1785208873.7700608,15,293.03125,3543.75
1785208873.7700608,15,296.3125,3271.5
1785208873.7700608,15,297.890625,3290.0
1785208873.7700608,15,299.609375,3340.25
1785208873.7700608,15,301.203125,3384.0
1785208873.7700608,15,302.828125,3440.0
1785208873.7700608,15,304.4375,3503.25
1785208873.7700608,15,306.046875,3564.25
1785208873.7700608,15,307.671875,3650.0
1785208873.7700608,10,323.875,4081.25
1785208873.7700608,11,325.53125,4030.0
1785208873.7700608,10,327.140625,3977.25
1785208873.7700608,14,328.78125,3943.25
1785208873.7700608,12,330.390625,3932.25
1785208873.7700608,15,332.03125,3929.75
1785208873.7700608,15,333.640625,3936.0
1785208873.7700608,15,335.265625,3957.75
1785208873.7700608,12,338.515625,4007.5
1785208873.7700608,9,340.125,4043.5
1785208873.7700608,9,341.765625,4041.5
1785208873.7700608,13,343.375,4063.75
1785208873.7700608,14,344.984375,4092.75
1785208873.7700608,15,346.640625,4110.0
1785208873.7700608,15,348.265625,4115.0
1785208873.7700608,15,349.90625,4128.0
1785208873.8837855,15,351.53125,4153.5
1785208873.8837855,15,353.140625,4165.5
1785208873.8837855,13,354.78125,4184.25
1785208873.8837855,12,356.40625,4208.75
1785208873.8837855,15,358.015625,4248.5
1785208873.8837855,15,359.625,4283.0
1785208873.8837855,11,1.25,4338.5
1785208873.8837855,14,2.875,4399.5
1785208873.8837855,15,4.515625,4424.25
1785208873.8837855,15,6.140625,4453.75
1785208873.8837855,12,7.75,4490.5
1785208873.8837855,8,9.390625,4561.5
1785208873.8837855,15,10.921875,4663.25
1785208873.8837855,15,12.546875,4731.0
1785208873.8837855,8,177.453125,10230.5
1785208873.8837855,12,185.5625,10134.5
1785208873.8837855,15,200.171875,10244.5
1785208873.8837855,15,224.578125,4949.5
1785208873.8837855,15,227.796875,4677.75
1785208873.8837855,15,229.40625,4556.0
1785208873.8837855,15,232.765625,3328.25
1785208873.8837855,15,240.8125,3715.0
1785208873.8837855,15,242.421875,3654.25
1785208873.8837855,15,244.046875,3589.75
1785208873.8837855,15,245.671875,3538.5
1785208873.8837855,15,247.296875,3486.5
1785208873.8837855,15,248.921875,3433.25
1785208873.8837855,15,250.578125,3396.25
1785208873.8837855,15,252.203125,3369.0
1785208873.8837855,15,255.421875,3463.25
1785208873.8837855,15,257.0625,3413.5
1785208873.8837855,15,260.265625,3661.25
1785208873.8837855,15,261.875,3687.25
1785208873.8837855,15,263.5,3661.25
1785208873.8837855,15,265.125,3648.75
1785208873.8837855,15,266.734375,3640.75
1785208873.8837855,15,268.359375,3640.0
1785208873.8837855,15,269.984375,3634.0
1785208873.8837855,15,271.59375,3627.5
1785208873.8837855,15,273.21875,3631.75
1785208873.8837855,15,274.765625,3637.5
1785208873.8837855,15,276.375,3639.5
1785208873.8837855,15,278.0,3646.0
1785208873.8837855,15,279.59375,3679.0
1785208873.8837855,15,281.21875,3705.5
1785208873.8837855,15,282.8125,3724.75
1785208873.8837855,15,284.421875,3758.5
1785208873.8837855,15,286.0625,3785.25
1785208873.8837855,15,287.671875,3809.0
1785208873.8837855,15,289.28125,3783.5
1785208873.8837855,15,292.53125,3545.0
1785208873.8837855,15,297.421875,3265.0
1785208873.8837855,15,299.125,3315.0
1785208873.8837855,15,300.734375,3364.5
1785208873.8837855,15,302.34375,3415.0
1785208873.8837855,15,303.96875,3487.25
1785208873.8837855,15,305.578125,3563.0
1785208873.8837855,15,307.1875,3636.25
1785208873.8837855,11,310.375,4266.75
1785208873.8837855,9,321.734375,4113.25
1785208873.8837855,9,323.390625,4084.0
1785208873.8837855,8,326.65625,4007.75
1785208873.8837855,15,328.296875,3951.25
1785208873.8837855,12,329.921875,3942.75
1785208873.8837855,15,331.546875,3930.75
1785208873.8837855,11,333.171875,3930.5
1785208873.8837855,15,334.765625,3950.5
1785208873.8837855,10,336.390625,3961.5
1785208873.8837855,7,339.65625,4003.25
1785208873.8837855,9,341.265625,4053.75
1785208873.8837855,10,342.875,4063.0
1785208873.8837855,11,344.5,4079.25
1785208873.8837855,14,346.140625,4101.5
1785208873.8837855,15,347.75,4120.75
1785208873.8837855,15,349.390625,4128.75
1785208873.998119,15,351.0,4144.5
1785208873.998119,15,352.609375,4164.25
1785208873.998119,15,354.234375,4181.25
1785208873.998119,14,355.859375,4206.5
1785208873.998119,11,357.484375,4236.25
1785208873.998119,15,359.109375,4268.5
1785208873.998119,15,0.703125,4326.5
1785208873.998119,14,2.34375,4387.0
1785208873.998119,15,3.96875,4414.0
1785208873.998119,15,5.578125,4450.0
1785208873.998119,12,7.203125,4487.75
1785208873.998119,11,8.8125,4535.5
1785208873.998119,14,10.390625,4627.0
1785208873.998119,15,12.0,4711.0
1785208873.998119,8,176.921875,10204.5
1785208873.998119,9,181.78125,10211.5
1785208873.998119,15,224.015625,4983.25
1785208873.998119,15,225.65625,4848.25
1785208873.998119,15,227.3125,4719.5
1785208873.998119,15,228.9375,4597.0
1785208873.998119,15,232.3125,3350.5
1785208873.998119,13,233.90625,3333.25
1785208873.998119,15,238.75,3807.5
1785208873.998119,15,240.34375,3738.75
1785208873.998119,15,242.0,3670.5
1785208873.998119,15,243.609375,3609.5
1785208873.998119,15,245.25,3562.0
1785208873.998119,15,246.84375,3516.0
1785208873.998119,15,248.5,3459.5
1785208873.998119,15,250.109375,3409.25
1785208873.998119,15,251.75,3377.0
1785208873.998119,15,253.34375,3395.25
1785208873.998119,15,254.953125,3434.5
1785208873.998119,15,256.578125,3432.25
1785208873.998119,15,258.203125,3460.5
1785208873.998119,15,261.421875,3710.25
1785208873.998119,15,263.046875,3677.5
1785208873.998119,15,264.671875,3651.25
1785208873.998119,15,266.28125,3644.0
1785208873.998119,15,267.90625,3639.0
1785208873.998119,15,269.53125,3632.25
1785208873.998119,15,271.140625,3633.0
1785208873.998119,15,272.75,3640.5
1785208873.998119,15,274.390625,3634.5
1785208873.998119,15,275.90625,3629.5
1785208873.998119,15,277.546875,3645.5
1785208873.998119,15,279.171875,3669.75
1785208873.998119,15,280.78125,3693.25
1785208873.998119,15,282.390625,3720.25
1785208873.998119,15,284.0,3745.5
1785208873.998119,15,285.59375,3779.5
1785208873.998119,15,287.203125,3800.75
1785208873.998119,15,288.8125,3820.75
1785208873.998119,15,292.09375,3608.75
1785208873.998119,15,296.953125,3258.5
1785208873.998119,15,298.703125,3304.25
1785208873.998119,15,300.3125,3352.0
1785208873.998119,15,301.90625,3404.25
1785208873.998119,15,303.546875,3468.0
1785208873.998119,15,305.15625,3536.25
1785208873.998119,15,306.75,3618.25
1785208873.998119,15,309.953125,4240.0
1785208873.998119,8,322.984375,4095.5
1785208873.998119,8,324.625,4062.0
1785208873.998119,10,326.25,4002.25
1785208873.998119,10,327.890625,3955.5
1785208873.998119,14,329.5,3939.0
1785208873.998119,11,331.125,3931.5
1785208873.998119,14,332.765625,3929.75
1785208873.998119,13,334.390625,3943.5
1785208873.998119,15,336.0,3962.25
1785208873.998119,13,340.875,4006.25
1785208873.998119,12,342.5,4050.0
1785208873.998119,14,344.125,4072.25
1785208873.998119,12,345.765625,4098.75
1785208873.998119,15,347.34375,4115.25
1785208873.998119,15,348.984375,4118.25
1785208874.111857,15,350.59375,4133.5
1785208874.111857,15,352.203125,4160.0
1785208874.111857,15,353.8125,4174.5
1785208874.111857,15,355.4375,4200.5
1785208874.111857,10,357.078125,4227.75
1785208874.111857,15,358.6875,4259.0
1785208874.111857,15,0.3125,4322.5
1785208874.111857,15,1.921875,4383.75
1785208874.111857,15,3.546875,4410.75
1785208874.111857,15,5.1875,4443.75
1785208874.111857,13,6.796875,4474.5
1785208874.111857,8,8.40625,4513.75
1785208874.111857,12,10.03125,4607.25
1785208874.111857,15,11.578125,4701.0
1785208874.111857,9,176.578125,10195.25
1785208874.111857,8,179.8125,10222.25
1785208874.111857,12,199.25,10238.0
1785208874.111857,15,223.765625,5026.0
1785208874.111857,15,227.03125,4729.0
1785208874.111857,15,228.65625,4608.5
1785208874.111857,15,232.015625,3361.0
1785208874.111857,15,233.640625,3314.5
1785208874.111857,15,238.46875,3817.0
1785208874.111857,15,240.109375,3746.5
1785208874.111857,15,241.734375,3679.0
1785208874.111857,15,243.34375,3608.25
1785208874.111857,15,244.96875,3554.25
1785208874.111857,15,246.59375,3507.75
1785208874.111857,15,248.234375,3461.0
1785208874.111857,15,249.859375,3412.75
1785208874.111857,15,251.484375,3376.75
1785208874.111857,15,253.109375,3375.25
1785208874.111857,15,254.734375,3419.25
1785208874.111857,15,256.359375,3434.5
1785208874.111857,15,261.203125,3693.75
1785208874.111857,15,262.828125,3668.0
1785208874.111857,15,264.4375,3656.0
1785208874.111857,15,266.078125,3642.25
1785208874.111857,15,267.6875,3645.5
1785208874.111857,15,269.3125,3637.5
1785208874.111857,15,270.921875,3624.5
1785208874.111857,15,272.53125,3652.25
1785208874.111857,15,274.1875,3653.5
1785208874.111857,15,275.75,3631.0
1785208874.111857,15,277.359375,3646.25
1785208874.111857,15,279.0,3668.75
1785208874.111857,15,280.59375,3693.5
1785208874.111857,15,282.21875,3720.0
1785208874.111857,15,283.828125,3744.75
1785208874.111857,15,285.4375,3776.25
1785208874.111857,15,287.0625,3800.25
1785208874.111857,15,288.671875,3820.25
1785208874.111857,15,291.953125,3608.5
1785208874.111857,15,296.84375,3257.75
1785208874.111857,15,298.546875,3306.0
1785208874.111857,15,300.1875,3355.0
1785208874.111857,15,301.8125,3399.5
1785208874.111857,15,303.421875,3458.25
1785208874.111857,15,305.046875,3530.75
1785208874.111857,15,306.65625,3610.5
1785208874.111857,8,309.84375,4242.25
1785208874.111857,9,321.21875,4100.75
1785208874.111857,9,322.890625,4072.5
1785208874.111857,9,324.53125,3998.25
1785208874.111857,12,326.171875,3942.25
1785208874.111857,15,327.796875,3934.25
1785208874.111857,15,329.421875,3930.0
1785208874.111857,15,331.015625,3925.0
1785208874.111857,15,332.65625,3922.25
1785208874.111857,15,334.28125,3932.5
1785208874.111857,15,335.90625,3952.0
1785208874.111857,11,337.546875,3959.5
1785208874.111857,9,339.15625,3970.25
1785208874.111857,8,340.8125,3982.5
1785208874.111857,12,342.421875,3998.75
1785208874.111857,11,344.03125,4044.25
1785208874.111857,14,345.65625,4086.5
1785208874.111857,15,347.265625,4110.75
1785208874.111857,15,348.875,4101.5
1785208874.2244544,15,350.5,4114.5
1785208874.2244544,15,352.140625,4157.75
1785208874.2244544,15,353.75,4170.75
1785208874.2244544,15,355.375,4195.0
1785208874.2244544,15,357.015625,4226.5
1785208874.2244544,15,358.625,4260.0
1785208874.2244544,15,0.25,4317.25
1785208874.2244544,15,1.859375,4378.75
1785208874.2244544,15,3.484375,4410.5
1785208874.2244544,15,5.09375,4442.0
1785208874.2244544,12,6.734375,4473.75
1785208874.2244544,9,8.34375,4515.0
1785208874.2244544,14,9.953125,4608.25
1785208874.2244544,15,11.53125,4702.75
1785208874.2244544,15,223.828125,5003.75
1785208874.2244544,15,227.0625,4729.5
1785208874.2244544,15,228.71875,4610.5
1785208874.2244544,15,232.078125,3362.75
1785208874.2244544,15,233.703125,3314.25
1785208874.2244544,15,238.5,3818.5
1785208874.2244544,15,240.125,3747.25
1785208874.2244544,15,241.78125,3681.5
1785208874.2244544,15,243.390625,3609.5
1785208874.2244544,15,245.03125,3553.0
1785208874.2244544,15,246.65625,3506.5
1785208874.2244544,15,248.265625,3460.5
1785208874.2244544,15,249.90625,3412.5
1785208874.2244544,15,251.546875,3376.25
1785208874.2244544,15,253.15625,3374.5
1785208874.2244544,15,254.765625,3419.0
1785208874.2244544,15,256.421875,3434.0
1785208874.2244544,15,261.21875,3697.0
1785208874.2244544,15,262.875,3669.25
1785208874.2244544,15,264.484375,3654.0
1785208874.2244544,15,266.09375,3641.25
1785208874.2244544,15,267.734375,3643.0
1785208874.2244544,15,269.359375,3637.75
1785208874.2244544,15,270.984375,3623.75
1785208874.2244544,15,272.59375,3650.25
1785208874.2244544,15,274.21875,3654.5
1785208874.2244544,15,275.8125,3633.75
1785208874.2244544,15,277.4375,3650.25
1785208874.2244544,15,279.0625,3669.0
1785208874.2244544,15,280.671875,3693.25
1785208874.2244544,15,282.28125,3722.0
1785208874.2244544,15,283.890625,3747.0
1785208874.2244544,15,285.515625,3777.25
1785208874.2244544,15,287.125,3800.0
1785208874.2244544,15,288.75,3823.25
1785208874.2244544,15,290.375,3783.0
1785208874.2244544,15,296.90625,3257.5
1785208874.2244544,15,298.65625,3303.75
1785208874.2244544,15,300.28125,3351.0
1785208874.2244544,15,301.890625,3403.75
1785208874.2244544,15,303.53125,3467.5
1785208874.2244544,15,305.140625,3536.0
1785208874.2244544,15,306.75,3617.75
1785208874.2244544,14,309.96875,4240.75
1785208874.2244544,9,323.0,4094.25
1785208874.2244544,9,324.625,4068.25
1785208874.2244544,8,326.265625,4010.75
1785208874.2244544,11,327.90625,3959.0
1785208874.2244544,13,329.53125,3941.75
1785208874.2244544,9,331.171875,3934.5
1785208874.2244544,13,332.796875,3931.5
1785208874.2244544,15,334.40625,3945.5
1785208874.2244544,15,336.046875,3961.5
1785208874.2244544,11,339.296875,4005.0
1785208874.2244544,13,340.90625,4065.0
1785208874.2244544,13,342.53125,4070.25
1785208874.2244544,12,344.1875,4077.5
1785208874.2244544,10,345.796875,4101.75
1785208874.2244544,14,347.375,4118.0
1785208874.2244544,15,349.0,4122.5
1785208874.3401432,15,350.625,4137.25
1785208874.3401432,15,352.25,4163.25
1785208874.3401432,14,353.890625,4177.5
1785208874.3401432,13,355.484375,4202.75
1785208874.3401432,11,357.109375,4231.75
1785208874.3401432,15,358.734375,4262.0
1785208874.3401432,15,0.34375,4326.5
1785208874.3401432,15,1.984375,4388.5
1785208874.3401432,15,3.59375,4411.75
1785208874.3401432,15,5.21875,4445.25
1785208874.3401432,10,6.859375,4479.25
1785208874.3401432,13,8.46875,4521.75
1785208874.3401432,12,10.078125,4614.75
1785208874.3401432,15,11.6875,4704.75
1785208874.3401432,15,224.09375,4983.75
1785208874.3401432,15,225.734375,4848.5
1785208874.3401432,15,227.328125,4718.5
1785208874.3401432,15,228.953125,4597.0
1785208874.3401432,15,232.328125,3348.75
1785208874.3401432,13,233.90625,3330.5
1785208874.3401432,15,238.734375,3806.25
1785208874.3401432,15,240.359375,3738.25
1785208874.3401432,15,242.0,3671.5
1785208874.3401432,15,243.609375,3609.75
1785208874.3401432,15,245.25,3561.75
1785208874.3401432,15,246.875,3517.0
1785208874.3401432,15,248.5,3460.25
1785208874.3401432,15,250.125,3409.0
1785208874.3401432,15,251.734375,3375.25
1785208874.3401432,15,253.34375,3394.0
1785208874.3401432,15,254.953125,3434.0
1785208874.3401432,15,256.59375,3432.5
1785208874.3401432,15,258.203125,3458.75
1785208874.3401432,15,261.40625,3711.0
1785208874.3401432,15,263.03125,3678.25
1785208874.3401432,15,264.65625,3651.75
1785208874.3401432,15,266.265625,3644.0
1785208874.3401432,15,267.890625,3639.0
1785208874.3401432,15,269.5,3632.0
1785208874.3401432,15,271.15625,3634.25
1785208874.3401432,14,272.75,3644.5
1785208874.3401432,15,274.421875,3637.0
1785208874.3401432,15,276.046875,3629.25
1785208874.3401432,15,277.640625,3645.0
1785208874.3401432,15,279.265625,3670.5
1785208874.3401432,15,280.90625,3694.75
1785208874.3401432,15,282.5,3719.25
1785208874.3401432,15,284.125,3744.5
1785208874.3401432,15,285.765625,3779.75
1785208874.3401432,15,287.359375,3800.5
1785208874.3401432,15,289.0,3801.25
1785208874.3401432,15,292.265625,3593.0
1785208874.3401432,15,297.15625,3264.5
1785208874.3401432,15,298.859375,3315.25
1785208874.3401432,15,300.484375,3363.75
1785208874.3401432,15,302.109375,3411.0
1785208874.3401432,15,303.71875,3473.5
1785208874.3401432,15,305.34375,3546.0
1785208874.3401432,15,306.9375,3628.0
1785208874.3401432,9,310.15625,4247.5
1785208874.3401432,11,321.5625,4106.5
1785208874.3401432,9,323.203125,4089.5
1785208874.3401432,8,324.84375,4026.5
1785208874.3401432,10,326.46875,3969.5
1785208874.3401432,15,328.125,3953.75
1785208874.3401432,15,329.734375,3940.0
1785208874.3401432,14,331.375,3929.0
1785208874.3401432,12,332.96875,3931.25
1785208874.3401432,10,334.625,3948.75
1785208874.3401432,15,336.234375,3958.25
1785208874.3401432,8,337.859375,3963.75
1785208874.3401432,9,339.515625,3979.5
1785208874.3401432,9,341.140625,3985.25
1785208874.3401432,13,342.765625,3985.25
1785208874.3401432,9,344.390625,3986.25
1785208874.3401432,9,346.0,3991.5
1785208874.3401432,9,347.625,4023.0
1785208874.3401432,15,349.234375,4065.25
1785208874.4524372,15,350.875,4069.25
1785208874.4524372,15,352.5,4083.25
1785208874.4524372,15,354.109375,4120.0
1785208874.4524372,15,355.734375,4143.75
1785208874.4524372,13,357.375,4163.0
1785208874.4524372,15,358.984375,4193.0
1785208874.4524372,15,0.625,4245.5
1785208874.4524372,15,2.234375,4284.25
1785208874.4524372,10,3.859375,4315.25
1785208874.4524372,15,5.46875,4352.5
1785208874.4524372,15,7.109375,4399.0
1785208874.4524372,15,8.734375,4458.0
1785208874.4524372,9,10.328125,4551.5
1785208874.4524372,15,11.90625,4676.0
1785208874.4524372,15,204.5,8519.75
1785208874.4524372,15,224.0625,4984.0
1785208874.4524372,15,225.6875,4847.0
1785208874.4524372,15,227.3125,4719.0
1785208874.4524372,15,228.953125,4596.5
1785208874.4524372,15,232.28125,3349.75
1785208874.4524372,15,233.921875,3329.25
1785208874.4524372,15,238.71875,3811.25
1785208874.4524372,15,240.34375,3741.25
1785208874.4524372,15,241.984375,3672.25
1785208874.4524372,15,243.609375,3624.5
1785208874.4524372,15,245.234375,3576.5
1785208874.4524372,15,246.875,3519.25
1785208874.4524372,15,248.484375,3463.5
1785208874.4524372,15,250.09375,3412.75
1785208874.4524372,15,251.734375,3378.0
1785208874.4524372,15,253.34375,3394.0
1785208874.4524372,15,254.9375,3434.75
1785208874.4524372,15,256.578125,3434.25
1785208874.4524372,15,261.375,3712.5
1785208874.4524372,15,263.0,3706.75
1785208874.4524372,15,264.65625,3678.5
1785208874.4524372,15,266.28125,3643.75
1785208874.4524372,15,267.875,3640.5
1785208874.4524372,15,269.5,3634.25
1785208874.4524372,15,271.125,3636.0
1785208874.4524372,12,272.734375,3646.75
1785208874.4524372,15,274.359375,3640.0
1785208874.4524372,15,276.0,3646.5
1785208874.4524372,15,277.625,3662.75
1785208874.4524372,15,279.234375,3675.0
1785208874.4524372,15,280.828125,3699.25
1785208874.4524372,15,282.484375,3723.0
1785208874.4524372,15,284.078125,3749.5
1785208874.4524372,15,285.703125,3781.75
1785208874.4524372,15,287.328125,3800.25
1785208874.4524372,15,288.921875,3805.0
1785208874.4524372,15,292.21875,3594.25
1785208874.4524372,15,297.109375,3267.5
1785208874.4524372,15,298.734375,3311.5
1785208874.4524372,15,300.359375,3354.25
1785208874.4524372,15,301.984375,3408.0
1785208874.4524372,15,303.59375,3472.0
1785208874.4524372,15,305.203125,3540.75
1785208874.4524372,15,306.828125,3635.25
1785208874.4524372,9,318.15625,3864.75
1785208874.4524372,9,319.78125,3811.5
1785208874.4524372,12,323.09375,3759.25
1785208874.4524372,15,324.703125,3729.5
1785208874.4524372,15,326.34375,3717.0
1785208874.4524372,15,327.96875,3696.25
1785208874.4524372,15,329.609375,3678.5
1785208874.4524372,15,331.234375,3675.0
1785208874.4524372,15,332.859375,3686.25
1785208874.4524372,15,334.46875,3712.5
1785208874.4524372,8,336.109375,3735.25
1785208874.4524372,8,337.703125,3773.75
1785208874.4524372,11,339.328125,3816.5
1785208874.4524372,14,340.984375,3842.25
1785208874.4524372,15,342.59375,3887.0
1785208874.4524372,10,344.1875,3944.5
1785208874.4524372,15,349.046875,4099.75
1785208874.6796756,15,351.46875,4108.25
1785208874.6796756,15,353.09375,4143.5
1785208874.6796756,15,354.71875,4146.25
1785208874.6796756,15,356.328125,4165.5
1785208874.6796756,15,357.96875,4187.75
1785208874.6796756,13,359.578125,4216.5
1785208874.6796756,15,1.21875,4245.5
1785208874.6796756,10,2.84375,4286.75
1785208874.6796756,7,4.453125,4311.75
1785208874.6796756,12,6.09375,4320.75
1785208874.6796756,15,7.703125,4369.5
1785208874.6796756,14,9.34375,4425.25
1785208874.6796756,9,10.84375,4493.0
1785208874.6796756,11,12.4375,4604.0
1785208874.6796756,8,175.59375,10314.5
1785208874.6796756,7,177.1875,10278.25
1785208874.6796756,7,178.828125,10224.75
1785208874.6796756,9,182.0625,10163.25
1785208874.6796756,15,220.90625,5384.25
1785208874.6796756,15,224.1875,5057.5
1785208874.6796756,15,225.78125,4919.0
1785208874.6796756,15,227.453125,4791.75
1785208874.6796756,15,229.09375,4663.75
1785208874.6796756,15,232.4375,3423.75
1785208874.6796756,15,234.0625,3364.25
1785208874.6796756,15,238.859375,3885.0
1785208874.6796756,15,240.46875,3809.25
1785208874.6796756,15,242.09375,3750.75
1785208874.6796756,15,243.703125,3691.75
1785208874.6796756,15,245.3125,3633.0
1785208874.6796756,15,246.96875,3580.0
1785208874.6796756,15,248.578125,3543.0
1785208874.6796756,15,250.203125,3502.25
1785208874.6796756,15,251.875,3447.5
1785208874.6796756,15,253.484375,3437.25
1785208874.6796756,15,255.09375,3500.25
1785208874.6796756,15,256.71875,3520.5
1785208874.6796756,15,258.328125,3528.0
1785208874.6796756,15,261.53125,3792.25
1785208874.6796756,15,263.140625,3780.75
1785208874.6796756,15,264.78125,3763.25
1785208874.6796756,15,266.390625,3757.75
1785208874.6796756,15,268.015625,3743.0
1785208874.6796756,15,269.625,3728.25
1785208874.6796756,15,271.265625,3720.5
1785208874.6796756,15,272.890625,3731.5
1785208874.6796756,15,274.4375,3750.25
1785208874.6796756,15,276.0625,3739.5
1785208874.6796756,15,277.640625,3759.75
1785208874.6796756,15,279.28125,3787.25
1785208874.6796756,15,280.859375,3791.0
1785208874.6796756,15,282.484375,3798.75
1785208874.6796756,15,284.109375,3817.25
1785208874.6796756,15,285.703125,3836.75
1785208874.6796756,15,287.3125,3871.0
1785208874.6796756,15,292.1875,3633.5
1785208874.6796756,15,295.4375,3348.5
1785208874.6796756,15,297.078125,3355.25
1785208874.6796756,15,298.765625,3392.75
1785208874.6796756,15,300.359375,3444.0
1785208874.6796756,15,301.984375,3502.5
1785208874.6796756,15,303.609375,3567.5
1785208874.6796756,15,305.21875,3649.75
1785208874.6796756,15,306.828125,3716.25
1785208874.6796756,10,319.75,4079.75
1785208874.6796756,9,321.375,4040.5
1785208874.6796756,8,323.0625,3980.75
1785208874.6796756,10,324.6875,3943.25
1785208874.6796756,15,326.296875,3924.75
1785208874.6796756,12,327.921875,3904.5
1785208874.6796756,11,329.5625,3899.5
1785208874.6796756,14,331.1875,3899.0
1785208874.6796756,12,332.8125,3905.5
1785208874.6796756,9,334.4375,3919.25
1785208874.6796756,10,337.6875,3899.5
1785208874.6796756,13,339.28125,3887.75
1785208874.6796756,15,340.953125,3881.5
1785208874.6796756,15,342.546875,3889.0
1785208874.6796756,13,344.1875,3913.0
1785208874.6796756,14,345.796875,3906.25
1785208874.6796756,15,347.375,3922.0
1785208874.6796756,15,348.984375,3949.5
1785208874.7947783,11,350.625,3973.0
1785208874.7947783,15,352.234375,3993.75
1785208874.7947783,15,353.84375,4023.5
1785208874.7947783,15,355.453125,4062.75
1785208874.7947783,15,357.078125,4102.0
1785208874.7947783,15,358.71875,4115.5
1785208874.7947783,13,0.3125,4120.5
1785208874.7947783,15,1.921875,4137.5
1785208874.7947783,15,3.5625,4146.75
1785208874.7947783,15,5.171875,4159.75
1785208874.7947783,15,6.78125,4217.0
1785208874.7947783,13,8.40625,4292.25
1785208874.7947783,11,10.03125,4359.75
1785208874.7947783,14,11.59375,4425.75
1785208874.7947783,15,216.8125,5979.5
1785208874.7947783,15,224.953125,5018.75
1785208874.7947783,15,226.609375,4887.25
1785208874.7947783,15,228.234375,4757.0
1785208874.7947783,15,229.859375,4641.5
1785208874.7947783,15,233.203125,3436.25
1785208874.7947783,15,237.984375,3944.0
1785208874.7947783,15,239.625,3884.25
1785208874.7947783,15,241.234375,3813.0
1785208874.7947783,15,242.875,3759.75
1785208874.7947783,15,244.484375,3704.25
1785208874.7947783,15,246.109375,3641.75
1785208874.7947783,15,247.71875,3590.5
1785208874.7947783,15,249.359375,3551.5
1785208874.7947783,15,250.984375,3521.75
1785208874.7947783,15,252.59375,3481.5
1785208874.7947783,15,255.84375,3565.75
1785208874.7947783,15,257.421875,3577.5
1785208874.7947783,15,260.65625,3817.75
1785208874.7947783,15,262.25,3807.25
1785208874.7947783,15,263.890625,3800.0
1785208874.7947783,15,265.5,3798.25
1785208874.7947783,15,267.125,3778.5
1785208874.7947783,15,268.71875,3773.0
1785208874.7947783,15,270.34375,3787.5
1785208874.7947783,15,271.953125,3783.0
1785208874.7947783,15,273.59375,3778.75
1785208874.7947783,15,275.15625,3787.75
1785208874.7947783,15,276.765625,3798.75
1785208874.7947783,15,278.40625,3805.5
1785208874.7947783,15,279.984375,3818.75
1785208874.7947783,15,281.609375,3832.5
1785208874.7947783,15,283.21875,3843.75
1785208874.7947783,15,284.84375,3862.25
1785208874.7947783,15,286.4375,3898.75
1785208874.7947783,15,288.046875,3936.5
1785208874.7947783,15,291.328125,3710.25
1785208874.7947783,15,296.1875,3365.5
1785208874.7947783,15,297.796875,3409.25
1785208874.7947783,15,299.546875,3470.0
1785208874.7947783,15,301.140625,3531.0
1785208874.7947783,15,302.765625,3591.0
1785208874.7947783,15,304.375,3658.25
1785208874.7947783,15,305.984375,3728.5
1785208874.7947783,15,309.171875,4400.75
1785208874.7947783,13,320.5625,4148.25
1785208874.7947783,11,322.171875,4120.75
1785208874.7947783,9,323.875,4045.0
1785208874.7947783,11,325.5,3979.5
1785208874.7947783,12,327.140625,3949.75
1785208874.7947783,13,328.75,3922.5
1785208874.7947783,12,330.375,3910.0
1785208874.7947783,14,332.0,3909.5
1785208874.7947783,10,333.609375,3910.0
1785208874.7947783,8,335.265625,3906.0
1785208874.7947783,13,336.875,3896.25
1785208874.7947783,11,338.5,3860.75
1785208874.7947783,15,340.140625,3816.5
1785208874.7947783,15,341.78125,3783.75
1785208874.7947783,15,343.390625,3766.75
1785208874.7947783,15,345.046875,3736.0
1785208874.7947783,15,346.640625,3691.5
1785208874.7947783,15,349.859375,3873.25
1785208874.9072819,15,351.46875,3896.75
1785208874.9072819,15,353.109375,3912.75
1785208874.9072819,11,354.71875,3950.0
1785208874.9072819,13,356.34375,3979.25
1785208874.9072819,11,357.96875,3991.0
1785208874.9072819,9,359.59375,3995.75
1785208874.9072819,12,1.203125,4015.25
1785208874.9072819,12,2.828125,4043.5
1785208874.9072819,15,4.453125,4078.25
1785208874.9072819,15,6.0625,4122.25
1785208874.9072819,12,7.6875,4157.75
1785208874.9072819,12,9.328125,4205.25
1785208874.9072819,15,10.84375,4268.0
1785208874.9072819,14,12.453125,4336.75
1785208874.9072819,8,177.375,10185.25
1785208874.9072819,8,178.921875,10195.25
1785208874.9072819,7,180.5625,10193.25
1785208874.9072819,15,221.125,5454.0
1785208874.9072819,15,224.359375,5112.25
1785208874.9072819,15,226.0,4980.75
1785208874.9072819,15,229.265625,4717.25
1785208874.9072819,15,232.609375,3487.75
1785208874.9072819,15,234.234375,3427.75
1785208874.9072819,15,240.65625,3908.5
1785208874.9072819,15,242.296875,3826.75
1785208874.9072819,15,243.90625,3770.0
1785208874.9072819,15,245.546875,3707.25
1785208874.9072819,15,247.15625,3654.25
1785208874.9072819,15,248.765625,3603.25
1785208874.9072819,15,250.40625,3566.25
1785208874.9072819,15,252.015625,3533.75
1785208874.9072819,15,253.625,3537.75
1785208874.9072819,15,255.234375,3579.0
1785208874.9072819,15,256.859375,3576.75
1785208874.9072819,15,260.046875,3818.75
1785208874.9072819,15,261.65625,3845.75
1785208874.9072819,15,263.296875,3826.5
1785208874.9072819,15,264.90625,3823.25
1785208874.9072819,15,266.546875,3814.5
1785208874.9072819,15,268.140625,3807.75
1785208874.9072819,15,269.75,3808.75
1785208874.9072819,15,271.375,3814.25
1785208874.9072819,15,272.984375,3802.0
1785208874.9072819,15,274.578125,3802.75
1785208874.9072819,15,276.1875,3818.25
1785208874.9072819,15,277.78125,3816.0
1785208874.9072819,15,279.390625,3826.25
1785208874.9072819,15,281.015625,3850.75
1785208874.9072819,15,282.625,3873.0
1785208874.9072819,15,284.234375,3899.5
1785208874.9072819,15,285.84375,3918.75
1785208874.9072819,15,287.46875,3938.25
1785208874.9072819,15,290.71875,3755.75
1785208874.9072819,15,295.578125,3394.5
1785208874.9072819,15,297.171875,3445.5
1785208874.9072819,15,298.96875,3509.25
1785208874.9072819,15,300.578125,3564.25
1785208874.9072819,15,302.1875,3625.5
1785208874.9072819,15,303.8125,3695.0
1785208874.9072819,15,305.421875,3763.5
1785208874.9072819,11,320.0,4128.5
1785208874.9072819,10,321.625,4071.5
1785208874.9072819,11,323.296875,3992.75
1785208874.9072819,15,324.890625,3949.0
1785208874.9072819,14,326.515625,3928.0
1785208874.9072819,14,328.15625,3907.75
1785208874.9072819,15,329.78125,3895.5
1785208874.9072819,12,331.40625,3909.0
1785208874.9072819,13,333.015625,3925.0
1785208874.9072819,11,334.640625,3918.25
1785208874.9072819,15,336.296875,3904.0
1785208874.9072819,12,337.921875,3872.75
1785208874.9072819,15,339.53125,3831.75
1785208874.9072819,15,341.15625,3869.5
1785208874.9072819,14,342.796875,3906.75
1785208874.9072819,14,344.390625,3904.0
1785208874.9072819,15,346.015625,3937.0
1785208874.9072819,12,347.625,3961.75
1785208874.9072819,14,349.25,3993.75
1785208875.0209942,12,350.890625,4039.25
1785208875.0209942,13,352.484375,4065.75
1785208875.0209942,15,354.125,4086.75
1785208875.0209942,15,355.765625,4109.25
1785208875.0209942,15,357.375,4119.0
1785208875.0209942,15,358.984375,4120.5
1785208875.0209942,14,0.625,4118.5
1785208875.0209942,15,2.234375,4118.5
1785208875.0209942,15,3.875,4129.75
1785208875.0209942,15,5.5,4144.25
1785208875.0209942,14,7.09375,4176.75
1785208875.0209942,10,8.71875,4216.5
1785208875.0209942,8,10.359375,4267.5
1785208875.0209942,11,11.921875,4317.75
1785208875.0209942,8,183.375,10120.0
1785208875.0209942,15,222.390625,5358.75
1785208875.0209942,15,225.65625,5055.0
1785208875.0209942,15,227.265625,4929.0
1785208875.0209942,15,228.875,4803.25
1785208875.0209942,15,230.5,4683.25
1785208875.0209942,15,233.84375,3492.25
1785208875.0209942,15,238.625,4026.0
1785208875.0209942,15,240.265625,3953.0
1785208875.0209942,15,241.890625,3869.5
1785208875.0209942,15,243.515625,3819.75
1785208875.0209942,15,245.140625,3772.25
1785208875.0209942,15,246.765625,3719.5
1785208875.0209942,15,248.390625,3664.25
1785208875.0209942,15,250.0,3611.0
1785208875.0209942,15,251.609375,3573.5
1785208875.0209942,15,253.234375,3534.0
1785208875.0209942,15,256.4375,3622.5
1785208875.0209942,15,261.265625,3896.25
1785208875.0209942,15,262.875,3872.25
1785208875.0209942,15,264.484375,3842.25
1785208875.0209942,15,266.09375,3835.0
1785208875.0209942,15,267.75,3835.25
1785208875.0209942,15,269.328125,3838.5
1785208875.0209942,15,270.953125,3839.0
1785208875.0209942,15,272.5625,3835.25
1785208875.0209942,15,274.203125,3834.75
1785208875.0209942,15,275.796875,3840.75
1785208875.0209942,15,277.421875,3848.75
1785208875.0209942,15,279.046875,3852.0
1785208875.0209942,15,280.640625,3879.25
1785208875.0209942,15,282.234375,3911.5
1785208875.0209942,15,283.859375,3924.75
1785208875.0209942,15,285.484375,3945.75
1785208875.0209942,15,287.09375,3978.75
1785208875.0209942,15,290.359375,3785.25
1785208875.0209942,15,291.96875,3683.5
1785208875.0209942,15,295.21875,3435.25
1785208875.0209942,15,296.828125,3491.5
1785208875.0209942,15,298.5625,3548.0
1785208875.0209942,15,300.171875,3596.25
1785208875.0209942,15,301.796875,3663.0
1785208875.0209942,15,303.421875,3725.25
1785208875.0209942,15,305.015625,3791.0
1785208875.0209942,12,317.984375,4120.25
1785208875.0209942,10,319.59375,4084.5
1785208875.0209942,10,321.234375,4038.25
1785208875.0209942,13,322.875,3978.5
1785208875.0209942,13,324.5,3929.0
1785208875.0209942,14,326.125,3892.25
1785208875.0209942,12,327.75,3863.25
1785208875.0209942,15,329.34375,3851.5
1785208875.0209942,12,330.984375,3845.5
1785208875.0209942,10,332.609375,3827.0
1785208875.0209942,8,334.234375,3807.75
1785208875.0209942,12,335.859375,3801.5
1785208875.0209942,13,337.484375,3798.75
1785208875.0209942,15,339.09375,3792.75
1785208875.0209942,15,340.734375,3785.5
1785208875.0209942,15,342.375,3767.5
1785208875.0209942,15,343.984375,3732.75
1785208875.0209942,15,345.625,3685.5
1785208875.0209942,15,347.203125,3659.0
1785208875.0209942,15,350.4375,3879.5
1785208875.250324,15,351.890625,3968.25
1785208875.250324,12,353.484375,3987.75
1785208875.250324,12,355.109375,3992.5
1785208875.250324,12,356.75,3993.5
1785208875.250324,12,358.34375,3993.0
1785208875.250324,12,359.984375,4002.0
1785208875.250324,15,1.59375,4038.0
1785208875.250324,15,3.203125,4085.75
1785208875.250324,15,4.828125,4128.25
1785208875.250324,15,6.4375,4162.0
1785208875.250324,9,8.0625,4212.25
1785208875.250324,11,9.6875,4278.5
1785208875.250324,12,11.3125,4337.75
1785208875.250324,9,177.75,10279.75
1785208875.250324,8,182.75,10216.75
1785208875.250324,15,223.390625,5356.0
1785208875.250324,15,225.015625,5213.25
1785208875.250324,15,228.265625,4922.5
1785208875.250324,15,229.90625,4805.0
1785208875.250324,15,234.859375,3535.5
1785208875.250324,15,242.90625,3922.0
1785208875.250324,15,244.53125,3868.5
1785208875.250324,15,246.15625,3805.75
1785208875.250324,15,247.8125,3761.5
1785208875.250324,15,249.421875,3727.25
1785208875.250324,15,251.046875,3670.5
1785208875.250324,15,252.65625,3613.25
1785208875.250324,15,255.890625,3757.5
1785208875.250324,15,257.5,3724.75
1785208875.250324,15,260.734375,3957.25
1785208875.250324,15,262.34375,3954.5
1785208875.250324,15,263.96875,3932.25
1785208875.250324,15,265.578125,3910.0
1785208875.250324,15,267.21875,3909.5
1785208875.250324,15,268.828125,3916.5
1785208875.250324,15,270.453125,3929.0
1785208875.250324,15,272.0625,3908.75
1785208875.250324,15,273.703125,3907.75
1785208875.250324,15,275.296875,3917.75
1785208875.250324,15,276.921875,3920.25
1785208875.250324,15,278.546875,3939.0
1785208875.250324,15,280.140625,3954.5
1785208875.250324,15,281.78125,3974.5
1785208875.250324,15,283.390625,4007.5
1785208875.250324,15,285.0,4037.5
1785208875.250324,15,286.625,4053.25
1785208875.250324,15,289.875,3862.0
1785208875.250324,15,294.78125,3513.0
1785208875.250324,15,296.390625,3564.0
1785208875.250324,15,298.015625,3609.75
1785208875.250324,15,299.671875,3677.5
1785208875.250324,15,301.296875,3739.25
1785208875.250324,15,302.90625,3799.5
1785208875.250324,15,304.5,3880.0
1785208875.250324,10,319.078125,4186.0
1785208875.250324,9,320.703125,4161.0
1785208875.250324,10,322.34375,4120.25
1785208875.250324,11,323.953125,4078.5
1785208875.250324,10,327.234375,4022.5
1785208875.250324,8,328.84375,3985.75
1785208875.250324,15,333.71875,3989.0
1785208875.250324,13,335.328125,3968.75
1785208875.250324,9,336.96875,3963.5
1785208875.250324,14,338.5625,4000.25
1785208875.250324,10,340.203125,4011.25
1785208875.250324,8,341.8125,3990.5
1785208875.250324,10,343.4375,3995.0
1785208875.250324,14,345.046875,4027.25
1785208875.250324,15,346.75,4063.25
1785208875.250324,11,348.375,4079.75
1785208875.250324,15,350.0,4081.25
1785208875.3619092,15,351.609375,4099.25
1785208875.3619092,15,353.25,4111.5
1785208875.3619092,15,354.875,4096.25
1785208875.3619092,14,356.5,4078.75
1785208875.3619092,9,358.140625,4065.25
1785208875.3619092,12,359.765625,4041.0
1785208875.3619092,15,1.390625,4033.0
1785208875.3619092,13,3.0,4057.75
1785208875.3619092,15,4.65625,4098.75
1785208875.3619092,15,6.25,4135.0
1785208875.3619092,15,7.890625,4155.0
1785208875.3619092,11,9.515625,4168.0
1785208875.3619092,11,11.046875,4186.5
1785208875.3619092,7,180.921875,10189.75
1785208875.3619092,15,223.15625,5413.75
1785208875.3619092,15,226.421875,5108.25
1785208875.3619092,15,228.078125,4994.0
1785208875.3619092,15,234.640625,3603.75
1785208875.3619092,12,236.28125,3591.0
1785208875.3619092,13,239.46875,4119.5
1785208875.3619092,15,242.71875,3941.0
1785208875.3619092,15,244.328125,3898.75
1785208875.3619092,15,245.96875,3845.25
1785208875.3619092,15,247.578125,3807.0
1785208875.3619092,15,249.203125,3772.25
1785208875.3619092,15,250.90625,3725.25
1785208875.3619092,15,252.515625,3671.25
1785208875.3619092,15,254.125,3687.0
1785208875.3619092,15,255.765625,3751.25
1785208875.3619092,15,257.390625,3760.0
1785208875.3619092,15,260.625,3976.5
1785208875.3619092,15,262.234375,3972.5
1785208875.3619092,15,263.875,3961.0
1785208875.3619092,15,265.46875,3970.5
1785208875.3619092,15,267.109375,3967.75
1785208875.3619092,15,268.734375,3944.75
1785208875.3619092,15,270.34375,3950.75
1785208875.3619092,15,271.984375,3950.0
1785208875.3619092,15,273.609375,3932.25
1785208875.3619092,15,275.1875,3947.75
1785208875.3619092,15,276.8125,3970.5
1785208875.3619092,15,278.421875,3993.0
1785208875.3619092,15,280.0625,3989.75
1785208875.3619092,15,281.671875,4000.25
1785208875.3619092,15,283.28125,4032.5
1785208875.3619092,15,284.890625,4068.25
1785208875.3619092,15,286.515625,4110.5
1785208875.3619092,15,289.78125,3920.75
1785208875.3619092,15,294.6875,3556.75
1785208875.3619092,15,296.28125,3618.25
1785208875.3619092,15,297.90625,3676.25
1785208875.3619092,15,299.59375,3724.5
1785208875.3619092,15,301.203125,3789.0
1785208875.3619092,15,302.84375,3854.75
1785208875.3619092,15,304.453125,3912.5
1785208875.3619092,11,315.796875,4157.75
1785208875.3619092,10,317.4375,4136.0
1785208875.3619092,15,319.046875,4120.0
1785208875.3619092,9,320.6875,4081.25
1785208875.3619092,10,322.328125,4012.5
1785208875.3619092,10,323.9375,3957.5
1785208875.3619092,11,325.578125,3936.75
1785208875.3619092,15,327.1875,3924.25
1785208875.3619092,15,328.8125,3916.0
1785208875.3619092,11,330.4375,3919.0
1785208875.3619092,15,332.078125,3924.0
1785208875.3619092,11,335.328125,3879.5
1785208875.3619092,15,336.9375,3830.25
1785208875.3619092,15,338.59375,3823.25
1785208875.3619092,15,340.203125,3807.25
1785208875.3619092,15,341.84375,3774.75
1785208875.3619092,15,343.453125,3732.25
1785208875.3619092,15,345.09375,3693.75
1785208875.3619092,15,348.359375,3892.75
1785208875.3619092,14,349.96875,3901.5
1785208875.475612,12,351.609375,3909.75
1785208875.475612,15,353.234375,3925.25
1785208875.475612,15,354.859375,3925.25
1785208875.475612,15,356.484375,3917.25
1785208875.475612,15,358.125,3916.0
1785208875.475612,15,359.734375,3920.0
1785208875.475612,15,1.375,3943.25
1785208875.475612,15,3.0,3974.25
1785208875.475612,10,4.625,4001.5
1785208875.475612,11,6.21875,4030.25
1785208875.475612,10,7.84375,4076.5
1785208875.475612,8,177.59375,10174.25
1785208875.475612,7,179.203125,10169.75
1785208875.475612,7,182.453125,10241.75
1785208875.475612,15,223.0,5477.5
1785208875.475612,15,224.625,5313.75
1785208875.475612,15,226.25,5155.5
1785208875.475612,15,227.875,5033.0
1785208875.475612,15,229.5,4917.25
1785208875.475612,15,231.125,4791.75
1785208875.475612,15,234.484375,3648.25
1785208875.475612,15,236.078125,3612.5
1785208875.475612,15,239.25,4134.0
1785208875.475612,15,240.890625,4063.75
1785208875.475612,15,242.515625,3983.75
1785208875.475612,15,244.15625,3935.0
1785208875.475612,15,245.75,3886.0
1785208875.475612,15,247.390625,3846.5
1785208875.475612,15,249.03125,3817.0
1785208875.475612,15,250.671875,3775.25
1785208875.475612,15,252.28125,3725.0
1785208875.475612,15,253.890625,3719.75
1785208875.475612,15,255.53125,3774.0
1785208875.475612,15,257.15625,3785.0
1785208875.475612,15,260.359375,4003.25
1785208875.475612,15,261.984375,4031.75
1785208875.475612,15,263.59375,4018.0
1785208875.475612,15,265.21875,4016.0
1785208875.475612,15,266.84375,4016.5
1785208875.475612,15,268.46875,4017.5
1785208875.475612,15,270.078125,4014.75
1785208875.475612,15,271.703125,3975.25
1785208875.475612,15,273.34375,3975.5
1785208875.475612,15,274.890625,4016.0
1785208875.475612,15,276.5,4018.5
1785208875.475612,15,278.140625,4020.0
1785208875.475612,15,279.75,4039.0
1785208875.475612,15,281.34375,4061.75
1785208875.475612,15,282.96875,4075.25
1785208875.475612,15,284.609375,4093.25
1785208875.475612,15,286.203125,4133.5
1785208875.475612,15,289.453125,3950.75
1785208875.475612,15,294.34375,3594.25
1785208875.475612,15,295.953125,3646.75
1785208875.475612,15,297.578125,3707.0
1785208875.475612,15,299.265625,3773.75
1785208875.475612,15,300.875,3832.25
1785208875.475612,15,302.515625,3890.25
1785208875.475612,15,304.125,3940.5
1785208875.475612,10,317.0625,4157.75
1785208875.475612,12,318.6875,4128.75
1785208875.475612,8,320.3125,4093.25
1785208875.475612,10,325.296875,3941.5
1785208875.475612,15,326.90625,3922.75
1785208875.475612,14,328.515625,3922.75
1785208875.475612,9,330.171875,3928.75
1785208875.475612,10,331.796875,3909.0
1785208875.475612,15,333.421875,3893.5
1785208875.475612,13,335.046875,3866.25
1785208875.475612,12,336.671875,3830.75
1785208875.475612,13,338.296875,3815.5
1785208875.475612,15,339.9375,3798.25
1785208875.475612,15,341.5625,3769.75
1785208875.475612,15,343.1875,3734.5
1785208875.475612,15,344.828125,3688.25
1785208875.475612,15,346.46875,3673.5
1785208875.475612,15,349.671875,3883.5
1785208875.7020237,13,350.84375,3912.75
1785208875.7020237,15,352.46875,3919.25
1785208875.7020237,15,354.109375,3913.25
1785208875.7020237,15,355.71875,3909.0
1785208875.7020237,15,357.359375,3919.25
1785208875.7020237,15,359.0,3935.25
1785208875.7020237,11,0.59375,3969.25
1785208875.7020237,12,2.234375,4015.75
1785208875.7020237,15,3.859375,4071.75
1785208875.7020237,15,5.484375,4119.5
1785208875.7020237,15,7.078125,4140.5
1785208875.7020237,14,8.71875,4153.5
1785208875.7020237,14,10.34375,4166.0
1785208875.7020237,8,176.765625,10216.75
1785208875.7020237,15,223.828125,5494.25
1785208875.7020237,15,227.09375,5178.25
1785208875.7020237,15,228.71875,5065.5
1785208875.7020237,15,230.359375,4953.0
1785208875.7020237,15,235.3125,3705.0
1785208875.7020237,15,240.109375,4176.75
1785208875.7020237,15,241.734375,4121.0
1785208875.7020237,15,243.375,4050.25
1785208875.7020237,15,245.0,3981.75
1785208875.7020237,15,246.609375,3930.5
1785208875.7020237,15,248.25,3893.75
1785208875.7020237,15,249.875,3848.5
1785208875.7020237,15,251.46875,3808.75
1785208875.7020237,15,253.09375,3787.0
1785208875.7020237,15,254.71875,3820.5
1785208875.7020237,15,256.34375,3855.75
1785208875.7020237,15,257.953125,3872.25
1785208875.7020237,15,261.15625,4097.75
1785208875.7020237,15,262.765625,4086.75
1785208875.7020237,15,264.390625,4063.25
1785208875.7020237,15,266.03125,4047.25
1785208875.7020237,15,267.640625,4051.75
1785208875.7020237,15,269.265625,4051.75
1785208875.7020237,15,270.875,4057.25
1785208875.7020237,15,272.484375,4063.75
1785208875.7020237,15,274.109375,4061.75
1785208875.7020237,15,275.65625,4065.75
1785208875.7020237,15,277.28125,4084.25
1785208875.7020237,15,278.90625,4109.25
1785208875.7020237,15,280.5,4126.75
1785208875.7020237,15,282.109375,4142.25
1785208875.7020237,15,283.71875,4175.75
1785208875.7020237,15,285.359375,4206.75
1785208875.7020237,15,288.59375,3995.75
1785208875.7020237,15,293.46875,3669.75
1785208875.7020237,15,295.0625,3728.0
1785208875.7020237,15,296.6875,3777.0
1785208875.7020237,15,298.421875,3826.25
1785208875.7020237,15,300.046875,3886.5
1785208875.7020237,15,301.671875,3937.25
1785208875.7020237,15,303.28125,4005.5
1785208875.7020237,15,306.46875,4667.25
1785208875.7020237,11,322.765625,4144.75
1785208875.7020237,12,324.390625,4128.25
1785208875.7020237,10,326.015625,4104.25
1785208875.7020237,8,327.640625,4092.25
1785208875.7020237,8,330.875,4089.75
1785208875.7020237,14,332.53125,4055.0
1785208875.7020237,15,334.15625,3991.75
1785208875.7020237,15,335.765625,3916.5
1785208875.7020237,15,337.390625,3897.5
1785208875.7020237,15,339.046875,3908.25
1785208875.7020237,11,340.671875,3883.5
1785208875.7020237,14,342.28125,3907.5
1785208875.7020237,13,343.90625,3951.25
1785208875.7020237,11,345.5,3962.0
1785208875.7020237,11,347.15625,3969.25
1785208875.7020237,10,348.78125,3984.75
1785208875.7020237,15,350.421875,4011.25
1785208875.8169246,14,352.03125,4021.75
1785208875.8169246,14,353.640625,4006.0
1785208875.8169246,11,355.28125,3993.0
1785208875.8169246,10,356.90625,3998.25
1785208875.8169246,15,358.515625,4017.0
1785208875.8169246,15,0.140625,4046.0
1785208875.8169246,14,1.78125,4090.75
1785208875.8169246,15,3.359375,4130.25
1785208875.8169246,15,5.015625,4150.5
1785208875.8169246,15,6.640625,4173.25
1785208875.8169246,12,8.265625,4191.25
1785208875.8169246,10,9.875,4206.75
1785208875.8169246,9,11.421875,4275.75
1785208875.8169246,8,174.765625,10215.5
1785208875.8169246,8,176.375,10153.75
1785208875.8169246,7,178.0,10150.75
1785208875.8169246,15,220.21875,5957.5
1785208875.8169246,15,225.109375,5399.25
1785208875.8169246,15,226.703125,5263.75
1785208875.8169246,15,228.328125,5118.5
1785208875.8169246,15,229.96875,5007.0
1785208875.8169246,15,234.90625,3747.0
1785208875.8169246,15,236.515625,3697.5
1785208875.8169246,15,241.359375,4152.5
1785208875.8169246,15,242.96875,4096.25
1785208875.8169246,15,244.609375,4047.25
1785208875.8169246,15,246.21875,3979.25
1785208875.8169246,15,247.859375,3935.0
1785208875.8169246,15,249.46875,3901.75
1785208875.8169246,15,251.078125,3858.5
1785208875.8169246,15,252.703125,3820.25
1785208875.8169246,15,254.3125,3843.0
1785208875.8169246,15,255.921875,3884.0
1785208875.8169246,15,257.546875,3878.0
1785208875.8169246,15,260.765625,4148.25
1785208875.8169246,15,262.390625,4127.25
1785208875.8169246,15,264.0,4113.5
1785208875.8169246,15,265.609375,4117.0
1785208875.8169246,15,267.25,4115.5
1785208875.8169246,15,268.859375,4120.0
1785208875.8169246,15,270.484375,4115.0
1785208875.8169246,15,272.109375,4108.25
1785208875.8169246,15,273.71875,4106.75
1785208875.8169246,15,275.328125,4099.25
1785208875.8169246,15,276.953125,4112.25
1785208875.8169246,15,278.546875,4141.75
1785208875.8169246,15,280.15625,4164.0
1785208875.8169246,15,281.765625,4183.5
1785208875.8169246,15,283.40625,4207.25
1785208875.8169246,15,285.0,4238.0
1785208875.8169246,15,288.28125,4021.0
1785208875.8169246,15,289.875,3920.25
1785208875.8169246,15,293.125,3708.75
1785208875.8169246,15,294.75,3753.25
1785208875.8169246,15,296.359375,3806.25
1785208875.8169246,15,297.953125,3852.75
1785208875.8169246,15,299.71875,3906.5
1785208875.8169246,15,301.328125,3958.25
1785208875.8169246,15,302.921875,4023.5
1785208875.8169246,8,317.53125,4375.5
1785208875.8169246,11,322.4375,4161.5
1785208875.8169246,10,324.0625,4130.75
1785208875.8169246,13,325.6875,4103.75
1785208875.8169246,12,327.3125,4085.25
1785208875.8169246,10,332.203125,4026.0
1785208875.8169246,15,333.828125,3962.0
1785208875.8169246,13,335.46875,3919.0
1785208875.8169246,13,337.09375,3871.0
1785208875.8169246,15,338.734375,3835.25
1785208875.8169246,15,340.34375,3798.75
1785208875.8169246,15,342.0,3763.25
1785208875.8169246,15,345.203125,3897.75
1785208875.8169246,12,346.8125,3915.5
1785208875.8169246,13,348.4375,3923.75
1785208875.8169246,15,350.046875,3932.0
1785208875.9319909,14,351.65625,3927.5
1785208875.9319909,15,353.28125,3912.75
1785208875.9319909,15,354.90625,3908.25
1785208875.9319909,15,356.53125,3905.5
1785208875.9319909,15,358.140625,3908.75
1785208875.9319909,15,359.796875,3929.5
1785208875.9319909,15,1.40625,3956.0
1785208875.9319909,9,3.03125,3980.25
1785208875.9319909,12,4.625,4033.75
1785208875.9319909,10,6.265625,4088.75
1785208875.9319909,9,7.875,4107.75
1785208875.9319909,13,9.484375,4127.25
1785208875.9319909,15,11.140625,4151.5
1785208875.9319909,7,184.25,10229.5
1785208875.9319909,15,224.890625,5466.75
1785208875.9319909,15,226.46875,5327.75
1785208875.9319909,15,228.09375,5187.75
1785208875.9319909,15,229.71875,5067.5
1785208875.9319909,15,231.34375,4947.25
1785208875.9319909,15,236.265625,3748.25
1785208875.9319909,15,244.328125,4095.75
1785208875.9319909,15,245.953125,4036.0
1785208875.9319909,15,247.5625,3968.5
1785208875.9319909,15,249.203125,3930.75
1785208875.9319909,15,250.84375,3898.25
1785208875.9319909,15,252.453125,3864.25
1785208875.9319909,15,254.078125,3849.25
1785208875.9319909,15,255.703125,3895.25
1785208875.9319909,15,257.296875,3926.25
1785208875.9319909,15,260.53125,4166.0
1785208875.9319909,15,262.125,4177.5
1785208875.9319909,15,263.75,4161.5
1785208875.9319909,15,265.375,4138.0
1785208875.9319909,15,267.0,4135.0
1785208875.9319909,15,268.609375,4143.25
1785208875.9319909,15,270.234375,4137.0
1785208875.9319909,15,271.859375,4134.25
1785208875.9319909,15,273.46875,4134.25
1785208875.9319909,15,275.125,4144.25
1785208875.9319909,15,276.734375,4167.5
1785208875.9319909,15,278.359375,4174.25
1785208875.9319909,15,279.984375,4192.25
1785208875.9319909,15,281.59375,4217.75
1785208875.9319909,15,283.1875,4238.5
1785208875.9319909,15,284.828125,4280.0
1785208875.9319909,15,288.09375,4075.25
1785208875.9319909,15,292.953125,3754.5
1785208875.9319909,15,294.578125,3794.25
1785208875.9319909,15,296.1875,3837.0
1785208875.9319909,15,297.8125,3895.75
1785208875.9319909,15,299.484375,3942.5
1785208875.9319909,15,301.125,4004.5
1785208875.9319909,8,305.9375,4725.0
1785208875.9319909,12,318.953125,4163.25
1785208875.9319909,10,325.515625,3976.0
1785208875.9319909,13,327.140625,3947.75
1785208875.9319909,14,328.765625,3921.0
1785208875.9319909,13,330.390625,3908.25
1785208875.9319909,14,332.015625,3885.0
1785208875.9319909,15,333.671875,3860.5
1785208875.9319909,15,335.28125,3825.0
1785208875.9319909,9,336.921875,3778.0
1785208875.9319909,14,338.53125,3754.75
1785208875.9319909,15,340.15625,3752.5
1785208875.9319909,15,341.78125,3740.75
1785208875.9319909,15,343.421875,3713.0
1785208875.9319909,7,345.046875,3688.75
1785208875.9319909,9,348.25,3713.25
1785208875.9319909,13,349.875,3800.75
1785208876.0426354,10,351.515625,3837.25
1785208876.0426354,8,179.1875,10107.75
1785208876.0426354,9,182.421875,10234.0
1785208876.0426354,15,221.390625,5896.0
1785208876.0426354,15,226.28125,5385.75
1785208876.0426354,15,229.53125,5100.25
1785208876.0426354,15,231.15625,5005.25
1785208876.0426354,15,236.109375,3788.0
1785208876.0426354,15,237.703125,3796.25
1785208876.0426354,15,242.53125,4245.75
1785208876.0426354,15,244.171875,4145.5
1785208876.0426354,15,245.78125,4081.75
1785208876.0426354,15,247.390625,4026.0
1785208876.0426354,15,249.015625,3972.25
1785208876.0426354,15,250.65625,3936.0
1785208876.0426354,15,252.28125,3896.75
1785208876.0426354,15,253.90625,3874.5
1785208876.0426354,15,255.515625,3926.75
1785208876.0426354,15,257.140625,3956.5
1785208876.0426354,15,260.34375,4168.5
1785208876.0426354,15,261.96875,4216.75
1785208876.0426354,15,263.59375,4221.5
1785208876.0426354,15,265.1875,4202.5
1785208876.0426354,15,266.8125,4190.75
1785208876.0426354,15,268.4375,4186.0
1785208876.0426354,15,270.078125,4187.5
1785208876.0426354,15,271.6875,4190.25
1785208876.0426354,15,273.3125,4178.0
1785208876.0426354,15,274.921875,4189.75
1785208876.0426354,15,276.515625,4204.5
1785208876.0426354,15,278.171875,4214.75
1785208876.0426354,15,279.78125,4234.0
1785208876.0426354,15,281.375,4255.25
1785208876.0426354,15,283.0,4277.75
1785208876.0426354,15,284.609375,4313.5
1785208876.0426354,15,287.875,4109.5
1785208876.0426354,15,292.765625,3780.75
1785208876.0426354,15,294.375,3825.25
1785208876.0426354,15,295.984375,3879.75
1785208876.0426354,15,297.625,3922.5
1785208876.0426354,15,299.265625,3970.5
1785208876.0426354,15,300.890625,4055.25
1785208876.0426354,15,304.09375,4666.75
1785208876.0426354,12,305.703125,4773.0
1785208876.0426354,8,315.46875,4415.25
1785208876.0426354,10,321.984375,4156.75
1785208876.0426354,14,323.65625,4122.0
1785208876.0426354,12,325.28125,4100.75
1785208876.0426354,12,328.53125,4060.0
1785208876.0426354,13,331.796875,3982.75
1785208876.0426354,15,333.421875,3943.25
1785208876.0426354,15,335.03125,3928.0
1785208876.0426354,12,336.671875,3881.5
1785208876.0426354,15,338.296875,3830.5
1785208876.0426354,15,339.9375,3797.75
1785208876.0426354,15,341.578125,3769.25
1785208876.0426354,15,343.1875,3782.5
1785208876.0426354,14,344.796875,3861.0
1785208876.0426354,14,346.4375,3911.0
1785208876.0426354,12,348.0625,3931.75
1785208876.0426354,15,349.703125,3936.25
1785208876.1579568,15,351.328125,3923.25
1785208876.1579568,15,352.953125,3927.75
1785208876.1579568,15,354.5625,3927.0
1785208876.1579568,15,356.203125,3926.5
1785208876.1579568,8,357.828125,3928.25
1785208876.1579568,9,177.484375,10113.5
1785208876.1579568,7,179.09375,10151.25
1785208876.1579568,7,180.71875,10187.0
1785208876.1579568,7,182.34375,10246.5
1785208876.1579568,13,200.21875,8653.0
1785208876.1579568,15,221.28125,5962.5
1785208876.1579568,15,226.15625,5415.5
1785208876.1579568,15,227.78125,5305.25
1785208876.1579568,15,229.390625,5172.0
1785208876.1579568,15,231.03125,5041.0
1785208876.1579568,15,235.953125,3766.25
1785208876.1579568,15,237.578125,3820.75
1785208876.1579568,15,240.78125,4311.0
1785208876.1579568,15,242.390625,4231.75
1785208876.1579568,15,244.015625,4168.75
1785208876.1579568,15,245.640625,4103.75
1785208876.1579568,15,247.265625,4059.25
1785208876.1579568,15,248.890625,4026.0
1785208876.1579568,15,250.5625,3979.5
1785208876.1579568,15,252.171875,3945.25
1785208876.1579568,15,253.78125,3906.0
1785208876.1579568,15,255.421875,3946.25
1785208876.1579568,15,257.03125,3998.75
1785208876.1579568,15,260.25,4193.25
1785208876.1579568,15,261.859375,4241.75
1785208876.1579568,15,263.5,4226.0
1785208876.1579568,15,265.109375,4233.0
1785208876.1579568,15,266.75,4223.25
1785208876.1579568,15,268.34375,4226.0
1785208876.1579568,15,269.984375,4226.75
1785208876.1579568,15,271.59375,4219.25
1785208876.1579568,15,273.203125,4246.0
1785208876.1579568,15,274.78125,4253.75
1785208876.1579568,15,276.40625,4253.0
1785208876.1579568,15,278.0,4274.0
1785208876.1579568,15,279.625,4285.0
1785208876.1579568,15,281.265625,4301.0
1785208876.1579568,15,282.84375,4344.5
1785208876.1579568,15,284.46875,4374.25
1785208876.1579568,15,287.75,4154.0
1785208876.1579568,15,291.015625,3854.0
1785208876.1579568,15,292.609375,3819.25
1785208876.1579568,15,294.21875,3869.0
1785208876.1579568,15,295.828125,3915.5
1785208876.1579568,15,297.453125,3956.5
1785208876.1579568,15,299.140625,4023.25
1785208876.1579568,15,300.765625,4101.5
1785208876.1579568,15,303.96875,4705.25
1785208876.1579568,15,305.578125,4804.25
1785208876.1579568,10,321.828125,4174.5
1785208876.1579568,10,323.53125,4148.0
1785208876.1579568,10,325.171875,4138.5
1785208876.1579568,9,326.796875,4130.25
1785208876.1579568,8,328.421875,4118.5
1785208876.1579568,13,330.0625,4102.25
1785208876.1579568,10,331.703125,4047.75
1785208876.1579568,15,333.3125,3991.0
1785208876.1579568,15,334.953125,3946.75
1785208876.1579568,15,336.59375,3886.75
1785208876.1579568,15,338.21875,3833.5
1785208876.1579568,15,339.859375,3798.0
1785208876.1579568,12,341.484375,3771.0
1785208876.1579568,13,344.71875,3910.5
1785208876.1579568,13,346.34375,3913.75
1785208876.1579568,15,347.953125,3928.0
1785208876.1579568,13,349.59375,3930.25
1785208876.2719822,15,351.21875,3917.25
1785208876.2719822,15,352.828125,3911.0
1785208876.2719822,15,354.46875,3915.0
1785208876.2719822,15,356.109375,3930.25
1785208876.2719822,15,357.703125,3954.5
1785208876.2719822,14,359.328125,3987.25
1785208876.2719822,14,0.953125,4029.75
1785208876.2719822,11,2.578125,4058.25
1785208876.2719822,15,4.21875,4083.25
1785208876.2719822,13,5.8125,4114.5
1785208876.2719822,14,7.4375,4133.5
1785208876.2719822,12,9.078125,4148.25
1785208876.2719822,7,172.515625,10236.0
1785208876.2719822,8,175.75,10238.5
1785208876.2719822,8,180.53125,10195.75
1785208876.2719822,8,185.390625,10235.5
1785208876.2719822,15,217.890625,6522.75
1785208876.2719822,15,221.125,6029.25
1785208876.2719822,15,226.015625,5480.25
1785208876.2719822,15,227.640625,5336.25
1785208876.2719822,15,229.25,5217.75
1785208876.2719822,15,230.875,5100.0
1785208876.2719822,15,232.515625,4986.5
1785208876.2719822,15,235.84375,3862.5
1785208876.2719822,15,237.453125,3825.5
1785208876.2719822,15,240.640625,4356.5
1785208876.2719822,15,242.28125,4285.25
1785208876.2719822,15,243.90625,4218.5
1785208876.2719822,15,245.515625,4167.75
1785208876.2719822,15,247.125,4111.5
1785208876.2719822,15,248.765625,4058.75
1785208876.2719822,15,250.4375,4012.75
1785208876.2719822,15,252.015625,3972.5
1785208876.2719822,15,253.65625,3944.25
1785208876.2719822,15,255.265625,3994.25
1785208876.2719822,15,256.890625,4040.5
1785208876.2719822,15,260.09375,4263.0
1785208876.2719822,15,261.734375,4285.0
1785208876.2719822,15,263.359375,4266.75
1785208876.2719822,15,264.96875,4271.0
1785208876.2719822,15,266.59375,4265.5
1785208876.2719822,15,268.203125,4256.25
1785208876.2719822,15,269.828125,4263.0
1785208876.2719822,15,271.453125,4276.0
1785208876.2719822,15,273.078125,4280.5
1785208876.2719822,15,274.625,4287.0
1785208876.2719822,15,276.234375,4295.0
1785208876.2719822,15,277.859375,4299.5
1785208876.2719822,15,279.484375,4315.75
1785208876.2719822,15,281.09375,4351.25
1785208876.2719822,15,282.6875,4380.0
1785208876.2719822,15,284.3125,4411.0
1785208876.2719822,15,287.5625,4190.5
1785208876.2719822,15,290.828125,3876.5
1785208876.2719822,15,292.421875,3863.75
1785208876.2719822,15,294.0625,3905.5
1785208876.2719822,15,295.671875,3934.75
1785208876.2719822,15,297.265625,3990.75
1785208876.2719822,15,298.984375,4079.5
1785208876.2719822,15,300.609375,4143.75
1785208876.2719822,15,303.796875,4757.75
1785208876.2719822,10,318.46875,4153.0
1785208876.2719822,7,320.09375,4096.0
1785208876.2719822,8,323.421875,4023.75
1785208876.2719822,10,325.0625,3986.75
1785208876.2719822,9,326.703125,3967.0
1785208876.2719822,8,328.328125,3949.75
1785208876.2719822,12,329.96875,3938.0
1785208876.2719822,15,331.578125,3924.0
1785208876.2719822,15,333.203125,3903.25
1785208876.2719822,14,334.84375,3883.25
1785208876.2719822,9,336.46875,3853.0
1785208876.2719822,15,338.109375,3815.0
1785208876.2719822,15,339.765625,3789.5
1785208876.2719822,15,341.390625,3760.0
1785208876.2719822,8,343.015625,3716.25
1785208876.2719822,15,346.265625,3844.5
1785208876.2719822,15,347.8125,3877.25
1785208876.2719822,13,349.4375,3897.5
1785208876.498725,7,354.046875,3876.5
1785208876.498725,8,355.671875,3905.0
1785208876.498725,8,181.421875,10206.0
1785208876.498725,8,183.046875,10139.5
1785208876.498725,8,184.65625,10161.75
1785208876.498725,15,218.734375,6491.0
1785208876.498725,15,221.984375,6001.5
1785208876.498725,15,226.859375,5479.0
1785208876.498725,15,228.5,5350.5
1785208876.498725,15,230.125,5225.75
1785208876.498725,15,231.75,5105.25
1785208876.498725,15,236.703125,3902.75
1785208876.498725,15,241.5,4404.75
1785208876.498725,15,243.140625,4340.75
1785208876.498725,15,244.75,4270.75
1785208876.498725,15,246.390625,4215.75
1785208876.498725,15,247.984375,4169.25
1785208876.498725,15,249.625,4118.75
1785208876.498725,15,251.265625,4076.75
1785208876.498725,15,252.875,4045.0
1785208876.498725,15,254.484375,4059.5
1785208876.498725,15,256.125,4101.75
1785208876.498725,15,257.75,4110.25
1785208876.498725,15,260.953125,4380.75
1785208876.498725,15,262.5625,4372.0
1785208876.498725,15,264.203125,4362.75
1785208876.498725,15,265.828125,4349.0
1785208876.498725,15,267.453125,4341.5
1785208876.498725,15,269.0625,4353.0
1785208876.498725,15,272.3125,4349.0
1785208876.498725,15,273.921875,4359.25
1785208876.498725,15,275.46875,4370.25
1785208876.498725,15,277.078125,4373.0
1785208876.498725,15,278.671875,4398.75
1785208876.498725,15,280.296875,4412.75
1785208876.498725,15,281.90625,4432.25
1785208876.498725,15,283.515625,4458.0
1785208876.498725,15,286.78125,4259.25
1785208876.498725,15,290.03125,3965.25
1785208876.498725,15,291.65625,3922.0
1785208876.498725,15,293.265625,3965.5
1785208876.498725,15,294.859375,4014.75
1785208876.498725,15,296.46875,4076.5
1785208876.498725,15,298.078125,4142.25
1785208876.498725,15,299.84375,4204.75
1785208876.498725,9,312.8125,4443.0
1785208876.498725,9,319.328125,4180.25
1785208876.498725,10,320.96875,4159.25
1785208876.498725,12,322.59375,4149.75
1785208876.498725,9,324.1875,4146.75
1785208876.498725,10,325.828125,4129.25
1785208876.498725,10,329.078125,4097.75
1785208876.498725,15,330.71875,4053.5
1785208876.498725,15,332.34375,4000.75
1785208876.498725,15,333.984375,3962.5
1785208876.498725,15,335.609375,3918.5
1785208876.498725,15,337.21875,3850.0
1785208876.498725,15,338.859375,3799.75
1785208876.498725,15,340.5,3767.75
1785208876.498725,14,345.34375,3898.0
1785208876.498725,15,346.953125,3912.5
1785208876.498725,15,348.578125,3897.75
1785208876.6123784,9,176.109375,10170.5
1785208876.6123784,8,180.9375,10150.0
1785208876.6123784,9,182.5625,10227.75
1785208876.6123784,7,184.171875,10319.0
1785208876.6123784,15,221.5625,6070.25
1785208876.6123784,15,223.1875,5908.0
1785208876.6123784,15,224.8125,5744.75
1785208876.6123784,15,228.03125,5414.75
1785208876.6123784,15,229.671875,5289.0
1785208876.6123784,15,231.28125,5162.25
1785208876.6123784,15,232.90625,5063.5
1785208876.6123784,15,236.234375,3954.0
1785208876.6123784,15,237.84375,3913.0
1785208876.6123784,15,241.0625,4435.25
1785208876.6123784,15,242.671875,4413.25
1785208876.6123784,15,245.90625,4244.5
1785208876.6123784,15,247.53125,4213.25
1785208876.6123784,15,249.171875,4175.0
1785208876.6123784,15,250.796875,4124.75
1785208876.6123784,15,252.421875,4082.25
1785208876.6123784,15,254.03125,4045.0
1785208876.6123784,15,257.265625,4129.75
1785208876.6123784,15,260.5,4383.5
1785208876.6123784,15,262.125,4387.0
1785208876.6123784,15,263.71875,4385.75
1785208876.6123784,15,265.34375,4374.25
1785208876.6123784,15,266.953125,4360.0
1785208876.6123784,15,268.59375,4356.5
1785208876.6123784,15,270.1875,4377.75
1785208876.6123784,15,271.8125,4390.5
1785208876.6123784,15,273.4375,4373.25
1785208876.6123784,15,275.078125,4380.75
1785208876.6123784,15,276.671875,4415.25
1785208876.6123784,15,278.296875,4437.0
1785208876.6123784,15,279.9375,4450.75
1785208876.6123784,15,281.546875,4473.5
1785208876.6123784,15,283.171875,4494.75
1785208876.6123784,15,286.421875,4292.75
1785208876.6123784,15,291.3125,3952.25
1785208876.6123784,15,292.921875,3986.25
1785208876.6123784,15,294.515625,4042.25
1785208876.6123784,15,296.140625,4116.25
1785208876.6123784,15,297.765625,4178.75
1785208876.6123784,15,299.46875,4225.5
1785208876.6123784,10,310.859375,4195.0
1785208876.6123784,9,312.46875,4127.75
1785208876.6123784,8,314.09375,4100.25
1785208876.6123784,15,320.625,3923.5
1785208876.6123784,12,322.265625,3903.25
1785208876.6123784,15,323.890625,3891.25
1785208876.6123784,13,325.546875,3877.0
1785208876.6123784,10,327.15625,3836.5
1785208876.6123784,8,328.78125,3780.75
1785208876.6123784,13,330.40625,3745.5
1785208876.6123784,15,332.03125,3731.75
1785208876.6123784,15,333.65625,3717.5
1785208876.6123784,15,335.296875,3698.0
1785208876.6123784,15,336.921875,3702.75
1785208876.6123784,15,338.546875,3705.75
1785208876.6123784,13,340.15625,3689.25
1785208876.7266119,8,183.890625,10243.5
1785208876.7266119,7,185.5,10243.5
1785208876.7266119,15,219.53125,6465.0
1785208876.7266119,15,222.796875,5973.25
1785208876.7266119,15,227.671875,5473.25
1785208876.7266119,15,229.28125,5349.5
1785208876.7266119,15,230.890625,5227.5
1785208876.7266119,15,232.53125,5123.25
1785208876.7266119,15,237.453125,3967.0
1785208876.7266119,15,245.53125,4316.5
1785208876.7266119,15,247.140625,4260.0
1785208876.7266119,15,248.75,4216.5
1785208876.7266119,15,250.359375,4176.5
1785208876.7266119,15,251.96875,4137.75
1785208876.7266119,15,253.59375,4089.25
1785208876.7266119,15,256.8125,4187.5
1785208876.7266119,15,260.03125,4413.75
1785208876.7266119,15,261.640625,4448.25
1785208876.7266119,15,263.28125,4432.25
1785208876.7266119,15,264.875,4422.75
1785208876.7266119,15,266.5,4419.75
1785208876.7266119,15,268.109375,4417.5
1785208876.7266119,15,269.734375,4420.25
1785208876.7266119,15,271.34375,4412.0
1785208876.7266119,15,272.9375,4409.75
1785208876.7266119,15,274.609375,4422.75
1785208876.7266119,15,276.234375,4440.5
1785208876.7266119,15,277.859375,4459.75
1785208876.7266119,15,279.453125,4479.75
1785208876.7266119,15,281.078125,4493.75
1785208876.7266119,15,282.703125,4511.5
1785208876.7266119,15,284.3125,4479.75
1785208876.7266119,15,290.84375,3975.0
1785208876.7266119,15,292.4375,4029.0
1785208876.7266119,15,294.0625,4089.25
1785208876.7266119,15,295.6875,4145.25
1785208876.7266119,15,297.296875,4196.0
1785208876.7266119,15,298.984375,4253.75
1785208876.7266119,9,315.265625,3941.0
1785208876.7266119,11,316.875,3916.5
1785208876.7266119,9,318.515625,3900.5
1785208876.7266119,14,320.140625,3871.0
1785208876.7266119,7,321.765625,3840.0
1785208876.7266119,9,323.421875,3797.0
1785208876.7266119,15,325.046875,3737.25
1785208876.7266119,10,326.6875,3701.25
1785208876.7266119,15,328.296875,3688.5
1785208876.7266119,15,329.921875,3681.25
1785208876.7266119,12,331.5625,3674.0
1785208876.7266119,15,333.171875,3667.25
1785208876.8395903,7,351.03125,3673.0
1785208876.8395903,8,176.75,10258.75
1785208876.8395903,8,184.9375,10202.75
1785208876.8395903,10,201.15625,10094.0
1785208876.8395903,15,218.984375,6572.0
1785208876.8395903,15,223.890625,5913.0
1785208876.8395903,15,227.125,5569.0
1785208876.8395903,15,228.734375,5433.0
1785208876.8395903,15,230.34375,5323.0
1785208876.8395903,15,231.984375,5206.75
1785208876.8395903,15,236.921875,3955.5
1785208876.8395903,15,238.515625,3993.5
1785208876.8395903,15,241.734375,4492.5
1785208876.8395903,15,243.34375,4437.0
1785208876.8395903,15,244.96875,4386.0
1785208876.8395903,15,246.578125,4328.75
1785208876.8395903,15,248.203125,4263.75
1785208876.8395903,15,249.8125,4218.0
1785208876.8395903,15,251.5,4191.25
1785208876.8395903,15,253.109375,4145.0
1785208876.8395903,15,256.359375,4243.25
1785208876.8395903,15,257.953125,4287.0
1785208876.8395903,15,261.1875,4484.5
1785208876.8395903,15,262.8125,4468.75
1785208876.8395903,15,264.40625,4457.25
1785208876.8395903,15,266.046875,4458.5
1785208876.8395903,15,267.65625,4461.5
1785208876.8395903,15,269.296875,4460.25
1785208876.8395903,15,270.921875,4452.5
1785208876.8395903,15,272.515625,4448.25
1785208876.8395903,15,274.125,4463.5
1785208876.8395903,15,275.71875,4485.25
1785208876.8395903,15,277.328125,4493.75
1785208876.8395903,15,278.953125,4489.5
1785208876.8395903,15,280.578125,4507.25
1785208876.8395903,15,282.1875,4546.75
1785208876.8395903,15,283.8125,4544.25
1785208876.8395903,15,287.0625,4276.75
1785208876.8395903,15,290.296875,4003.25
1785208876.8395903,15,291.90625,4059.5
1785208876.8395903,15,293.546875,4121.25
1785208876.8395903,15,295.15625,4170.75
1785208876.8395903,15,296.765625,4221.25
1785208876.8395903,15,298.453125,4294.0
1785208876.8395903,8,316.3125,3980.0
1785208876.8395903,12,317.921875,3937.25
1785208876.8395903,9,319.546875,3921.5
1785208876.8395903,13,321.1875,3902.75
1785208876.8395903,10,322.859375,3872.75
1785208876.8395903,10,324.5,3828.5
1785208876.8395903,12,326.140625,3777.5
1785208876.8395903,12,327.765625,3733.0
1785208876.8395903,15,329.390625,3708.5
1785208876.8395903,13,331.0,3701.25
1785208876.8395903,15,332.625,3692.0
1785208876.8395903,15,334.25,3691.0
1785208876.8395903,12,335.875,3690.25
1785208876.8395903,8,340.75,3693.25
1785208876.8395903,8,344.015625,3690.5
1785208876.9539123,8,173.21875,10205.25
1785208876.9539123,9,176.46875,10101.75
1785208876.9539123,7,179.671875,10102.75
1785208876.9539123,15,220.1875,6468.5
1785208876.9539123,15,223.421875,6000.5
1785208876.9539123,15,226.703125,5667.0
1785208876.9539123,15,229.953125,5382.75
1785208876.9539123,15,231.5625,5273.0
1785208876.9539123,15,233.1875,5152.5
1785208876.9539123,15,238.140625,3989.75
1785208876.9539123,15,244.546875,4431.25
1785208876.9539123,15,246.1875,4388.75
1785208876.9539123,15,247.828125,4339.0
1785208876.9539123,15,249.421875,4277.75
1785208876.9539123,15,251.09375,4232.5
1785208876.9539123,15,252.71875,4194.5
1785208876.9539123,15,254.328125,4195.0
1785208876.9539123,15,255.953125,4238.0
1785208876.9539123,15,257.578125,4273.75
1785208876.9539123,15,260.796875,4510.25
1785208876.9539123,15,262.40625,4503.5
1785208876.9539123,15,264.03125,4488.75
1785208876.9539123,15,265.671875,4467.0
1785208876.9539123,15,267.296875,4468.75
1785208876.9539123,15,268.890625,4488.0
1785208876.9539123,15,270.5,4491.75
1785208876.9539123,15,272.125,4490.0
1785208876.9539123,15,273.75,4485.25
1785208876.9539123,15,275.328125,4491.25
1785208876.9539123,15,276.953125,4504.5
1785208876.9539123,15,278.5625,4509.0
1785208876.9539123,15,280.171875,4535.0
1785208876.9539123,15,281.78125,4582.25
1785208876.9539123,15,283.40625,4621.25
1785208876.9539123,15,286.65625,4332.75
1785208876.9539123,15,289.90625,4045.0
1785208876.9539123,15,291.515625,4089.75
1785208876.9539123,15,293.125,4144.5
1785208876.9539123,15,294.734375,4203.25
1785208876.9539123,15,296.359375,4264.75
1785208876.9539123,15,297.953125,4329.5
1785208876.9539123,10,317.515625,3944.25
1785208876.9539123,11,319.15625,3931.5
1785208876.9539123,11,320.765625,3914.5
1785208876.9539123,7,322.4375,3868.0
1785208876.9539123,11,324.03125,3842.25
1785208876.9539123,9,325.65625,3830.0
1785208876.9539123,10,327.296875,3797.0
1785208876.9539123,10,328.9375,3765.5
1785208876.9539123,11,330.5625,3749.75
1785208876.9539123,13,332.15625,3741.25
1785208876.9539123,10,333.796875,3734.5
1785208876.9539123,15,335.421875,3754.25
1785208876.9539123,9,337.046875,3742.5
1785208877.0687315,7,177.75,10222.25
1785208877.0687315,7,179.3125,10246.5
1785208877.0687315,9,182.5625,10149.0
1785208877.0687315,7,184.171875,10230.0
1785208877.0687315,15,208.453125,8640.75
1785208877.0687315,15,219.828125,6541.25
1785208877.0687315,15,224.703125,5899.0
1785208877.0687315,15,226.3125,5747.75
1785208877.0687315,15,229.578125,5444.0
1785208877.0687315,15,231.1875,5341.5
1785208877.0687315,15,232.8125,5221.25
1785208877.0687315,15,237.734375,4046.25
1785208877.0687315,12,239.34375,4061.25
1785208877.0687315,15,242.5625,4527.0
1785208877.0687315,15,244.171875,4460.5
1785208877.0687315,15,245.78125,4411.75
1785208877.0687315,15,247.40625,4374.5
1785208877.0687315,15,249.046875,4319.25
1785208877.0687315,15,250.703125,4252.25
1785208877.0687315,15,252.328125,4218.0
1785208877.0687315,15,253.96875,4201.5
1785208877.0687315,15,255.578125,4251.25
1785208877.0687315,15,257.203125,4301.5
1785208877.0687315,15,260.421875,4530.5
1785208877.0687315,15,262.03125,4517.5
1785208877.0687315,15,263.65625,4511.5
1785208877.0687315,15,265.28125,4515.75
1785208877.0687315,15,266.890625,4510.25
1785208877.0687315,15,268.515625,4504.75
1785208877.0687315,15,270.140625,4499.25
1785208877.0687315,15,271.765625,4507.25
1785208877.0687315,15,273.375,4525.0
1785208877.0687315,15,274.953125,4523.0
1785208877.0687315,15,276.546875,4536.25
1785208877.0687315,15,278.171875,4558.0
1785208877.0687315,15,279.796875,4574.5
1785208877.0687315,15,281.40625,4607.0
1785208877.0687315,15,283.0,4652.5
1785208877.0687315,15,286.265625,4381.25
1785208877.0687315,15,289.53125,4090.25
1785208877.0687315,15,291.125,4137.5
1785208877.0687315,15,292.75,4177.0
1785208877.0687315,15,294.359375,4229.5
1785208877.0687315,15,295.96875,4302.0
1785208877.0687315,15,297.5625,4375.75
1785208877.0687315,11,317.109375,4186.75
1785208877.0687315,15,318.75,4127.0
1785208877.0687315,10,320.359375,4096.75
1785208877.0687315,9,323.71875,4031.75
1785208877.0687315,15,325.328125,3965.0
1785208877.0687315,15,326.984375,3923.0
1785208877.0687315,11,328.609375,3887.5
1785208877.0687315,8,330.21875,3872.0
1785208877.0687315,7,331.859375,3832.75
1785208877.0687315,9,333.484375,3778.5
1785208877.0687315,15,335.109375,3758.75
1785208877.0687315,10,340.0,3717.75
1785208877.0687315,7,341.625,3673.5
1785208877.0687315,8,343.265625,3670.0
1785208877.0687315,9,344.890625,3665.75
1785208877.1836224,7,180.609375,10247.5
1785208877.1836224,7,182.234375,10253.25
1785208877.1836224,8,183.84375,10255.0
1785208877.1836224,15,201.640625,10413.25
1785208877.1836224,15,208.15625,8749.0
1785208877.1836224,15,219.53125,6607.75
1785208877.1836224,15,224.40625,5963.5
1785208877.1836224,15,227.703125,5639.25
1785208877.1836224,15,229.328125,5498.0
1785208877.1836224,15,230.953125,5381.75
1785208877.1836224,15,232.578125,5274.75
1785208877.1836224,15,237.515625,4076.75
1785208877.1836224,15,242.34375,4575.25
1785208877.1836224,15,243.984375,4511.75
1785208877.1836224,15,245.578125,4456.75
1785208877.1836224,15,247.203125,4417.5
1785208877.1836224,15,248.84375,4377.75
1785208877.1836224,15,250.4375,4336.5
1785208877.1836224,15,252.046875,4283.5
1785208877.1836224,15,253.6875,4232.0
1785208877.1836224,15,256.921875,4359.5
1785208877.1836224,15,258.515625,4399.0
1785208877.1836224,15,260.125,4501.25
1785208877.1836224,15,261.75,4543.0
1785208877.1836224,15,263.359375,4541.25
1785208877.1836224,15,264.984375,4534.25
1785208877.1836224,15,266.609375,4553.75
1785208877.1836224,15,268.21875,4556.75
1785208877.1836224,15,271.453125,4547.5
1785208877.1836224,15,273.0625,4549.25
1785208877.1836224,15,274.65625,4570.25
1785208877.1836224,15,276.265625,4598.75
1785208877.1836224,15,277.875,4608.25
1785208877.1836224,15,279.5,4625.0
1785208877.1836224,15,281.09375,4663.0
1785208877.1836224,15,282.734375,4700.25
1785208877.1836224,15,285.953125,4422.25
1785208877.1836224,15,289.21875,4120.75
1785208877.1836224,15,290.84375,4171.5
1785208877.1836224,15,292.453125,4220.5
1785208877.1836224,15,294.046875,4269.0
1785208877.1836224,15,295.65625,4346.75
1785208877.1836224,15,297.28125,4420.5
1785208877.1836224,7,305.53125,4438.75
1785208877.1836224,12,320.21875,3916.0
1785208877.1836224,9,323.546875,3800.0
1785208877.1836224,13,325.15625,3767.75
1785208877.1836224,12,326.8125,3704.5
1785208877.1836224,13,328.421875,3690.5
1785208877.2941418,7,178.75,10152.5
1785208877.2941418,7,183.59375,10251.75
1785208877.2941418,7,203.03125,10239.5
1785208877.2941418,15,220.921875,6481.25
1785208877.2941418,15,224.15625,6018.5
1785208877.2941418,15,225.78125,5882.0
1785208877.2941418,15,227.40625,5731.25
1785208877.2941418,15,230.640625,5434.75
1785208877.2941418,15,232.296875,5334.5
1785208877.2941418,15,233.90625,5225.25
1785208877.2941418,15,238.828125,4088.75
1785208877.2941418,15,242.046875,4626.0
1785208877.2941418,15,243.640625,4570.25
1785208877.2941418,15,245.296875,4510.5
1785208877.2941418,15,246.890625,4455.5
1785208877.2941418,15,248.515625,4415.75
1785208877.2941418,15,250.140625,4372.75
1785208877.2941418,15,251.75,4335.5
1785208877.2941418,15,253.359375,4297.25
1785208877.2941418,15,254.96875,4328.25
1785208877.2941418,15,256.578125,4380.75
1785208877.2941418,15,258.203125,4431.75
1785208877.2941418,15,261.4375,4631.5
1785208877.2941418,15,263.046875,4600.5
1785208877.2941418,15,264.65625,4583.25
1785208877.2941418,15,266.28125,4573.75
1785208877.2941418,15,267.890625,4568.75
1785208877.2941418,15,269.515625,4577.75
1785208877.2941418,15,271.125,4593.5
1785208877.2941418,15,272.75,4598.75
1785208877.2941418,15,274.34375,4596.75
1785208877.2941418,15,275.953125,4623.25
1785208877.2941418,15,277.5625,4655.75
1785208877.2941418,15,279.1875,4681.0
1785208877.2941418,15,280.796875,4701.5
1785208877.2941418,15,282.4375,4718.25
1785208877.2941418,15,285.671875,4507.75
1785208877.2941418,15,288.90625,4148.5
1785208877.2941418,15,290.515625,4188.25
1785208877.2941418,15,292.15625,4252.75
1785208877.2941418,15,293.75,4320.25
1785208877.2941418,15,295.375,4378.5
1785208877.2941418,15,296.984375,4431.0
1785208877.2941418,14,316.59375,3919.25
1785208877.2941418,12,318.25,3884.5
1785208877.2941418,9,319.859375,3839.25
1785208877.2941418,15,321.515625,3791.0
1785208877.2941418,12,323.125,3737.0
1785208877.2941418,15,324.765625,3689.0
1785208877.2941418,12,326.40625,3671.0
1785208877.408046,9,180.015625,10209.25
1785208877.408046,15,220.65625,6553.25
1785208877.408046,15,225.546875,5946.75
1785208877.408046,15,228.765625,5632.25
1785208877.408046,15,230.375,5501.5
1785208877.408046,15,232.0,5388.25
1785208877.408046,15,233.640625,5276.5
1785208877.408046,15,238.5625,4145.5
1785208877.408046,15,240.171875,4139.75
1785208877.408046,15,243.46875,3678.0
1785208877.408046,15,246.625,4492.5
1785208877.408046,15,248.25,4461.5
1785208877.408046,15,249.875,4430.5
1785208877.408046,15,251.484375,4383.75
1785208877.408046,15,253.109375,4338.25
1785208877.408046,15,254.703125,4366.75
1785208877.408046,15,256.328125,4407.5
1785208877.408046,15,257.96875,4452.0
1785208877.408046,15,261.1875,4657.0
1785208877.408046,15,262.8125,4634.25
1785208877.408046,15,264.40625,4623.75
1785208877.408046,15,266.03125,4630.25
1785208877.408046,15,267.640625,4630.25
1785208877.408046,15,269.265625,4619.25
1785208877.408046,15,270.890625,4604.5
1785208877.408046,15,272.515625,4620.0
1785208877.408046,15,274.125,4647.75
1785208877.408046,15,275.71875,4672.75
1785208877.408046,15,277.328125,4686.75
1785208877.408046,15,278.9375,4704.75
1785208877.408046,15,280.5625,4727.0
1785208877.408046,15,282.171875,4738.0
1785208877.408046,15,285.421875,4534.0
1785208877.408046,15,288.6875,4189.75
1785208877.408046,15,290.296875,4238.5
1785208877.408046,15,291.90625,4292.25
1785208877.408046,15,293.5,4360.25
1785208877.408046,15,295.109375,4426.5
1785208877.408046,7,305.0,4117.75
1785208877.408046,8,306.65625,4068.75
1785208877.408046,8,309.90625,3995.5
1785208877.408046,15,311.515625,3926.25
1785208877.408046,10,313.15625,3908.25
1785208877.408046,10,314.78125,3894.5
1785208877.408046,12,319.6875,3747.0
1785208877.408046,11,321.296875,3715.25
1785208877.408046,13,322.890625,3683.75
1785208877.408046,9,345.609375,3666.25
1785208877.5231915,8,173.078125,10257.75
1785208877.5231915,8,174.71875,10280.5
1785208877.5231915,8,176.328125,10227.0
1785208877.5231915,9,181.25,10218.0
1785208877.5231915,15,194.25,8199.75
1785208877.5231915,15,208.875,8715.75
1785208877.5231915,15,220.28125,6633.75
1785208877.5231915,15,221.90625,6458.25
1785208877.5231915,15,225.1875,6021.0
1785208877.5231915,15,226.734375,5871.0
1785208877.5231915,15,228.375,5714.0
1785208877.5231915,15,230.0,5564.75
1785208877.5231915,15,231.609375,5445.0
1785208877.5231915,15,233.25,5353.0
1785208877.5231915,15,238.171875,4191.5
1785208877.5231915,15,243.0,4666.0
1785208877.5231915,15,244.625,4591.25
1785208877.5231915,15,246.234375,4537.0
1785208877.5231915,15,247.875,4495.0
1785208877.5231915,15,249.484375,4452.5
1785208877.5231915,15,251.109375,4415.25
1785208877.5231915,15,252.734375,4383.0
1785208877.5231915,15,254.359375,4349.0
1785208877.5231915,15,255.96875,4397.25
1785208877.5231915,15,257.578125,4449.5
1785208877.5231915,15,260.8125,4702.75
1785208877.5231915,15,262.4375,4693.5
1785208877.5231915,15,264.046875,4665.0
1785208877.5231915,15,265.671875,4648.0
1785208877.5231915,15,267.296875,4649.75
1785208877.5231915,15,268.90625,4643.25
1785208877.5231915,15,270.515625,4661.0
1785208877.5231915,15,272.140625,4682.25
1785208877.5231915,15,273.75,4683.5
1785208877.5231915,15,275.375,4695.5
1785208877.5231915,15,277.0,4712.75
1785208877.5231915,15,278.625,4724.25
1785208877.5231915,15,280.234375,4738.5
1785208877.5231915,15,281.84375,4765.5
1785208877.5231915,15,285.09375,4597.25
1785208877.5231915,15,288.359375,4227.25
1785208877.5231915,15,289.984375,4282.75
1785208877.5231915,15,291.578125,4347.5
1785208877.5231915,15,293.203125,4397.0
1785208877.5231915,15,294.8125,4444.25
1785208877.5231915,7,304.640625,4130.0
1785208877.5231915,14,311.140625,3919.75
1785208877.5231915,13,312.78125,3889.5
1785208877.5231915,11,314.40625,3847.0
1785208877.5231915,7,316.03125,3782.5
1785208877.5231915,13,317.671875,3719.25
1785208877.5231915,14,319.296875,3693.5
1785208877.5231915,9,345.296875,3674.0
1785208877.7494466,9,174.578125,10223.75
1785208877.7494466,8,176.203125,10118.5
1785208877.7494466,8,177.828125,10064.0
1785208877.7494466,8,179.40625,10153.0
1785208877.7494466,9,181.03125,10193.5
1785208877.7494466,8,185.890625,10282.25
1785208877.7494466,10,202.09375,10492.75
1785208877.7494466,15,208.578125,8776.5
1785208877.7494466,15,215.078125,7613.5
1785208877.7494466,15,219.953125,6754.75
1785208877.7494466,15,221.578125,6575.25
1785208877.7494466,15,226.421875,5981.25
1785208877.7494466,15,228.0625,5847.75
1785208877.7494466,15,231.3125,5515.25
1785208877.7494466,15,232.9375,5402.0
1785208877.7494466,15,234.5625,5326.5
1785208877.7494466,15,239.46875,4231.0
1785208877.7494466,15,245.921875,4632.25
1785208877.7494466,15,247.546875,4574.75
1785208877.7494466,15,249.15625,4530.0
1785208877.7494466,15,250.84375,4479.75
1785208877.7494466,15,252.484375,4429.75
1785208877.7494466,15,254.109375,4414.0
1785208877.7494466,15,255.703125,4452.0
1785208877.7494466,15,257.328125,4485.75
1785208877.7494466,15,260.5625,4735.75
1785208877.7494466,15,262.1875,4741.0
1785208877.7494466,15,263.796875,4757.75
1785208877.7494466,15,265.4375,4748.25
1785208877.7494466,15,267.0625,4725.25
1785208877.7494466,15,268.6875,4706.75
1785208877.7494466,15,270.296875,4709.5
1785208877.7494466,15,271.90625,4708.75
1785208877.7494466,15,273.53125,4728.25
1785208877.7494466,15,275.09375,4758.75
1785208877.7494466,15,276.71875,4777.5
1785208877.7494466,15,278.3125,4784.0
1785208877.7494466,15,279.953125,4789.75
1785208877.7494466,15,281.546875,4823.5
1785208877.7494466,13,283.1875,4770.75
1785208877.7494466,15,284.796875,4669.75
1785208877.7494466,15,288.0625,4314.0
1785208877.7494466,15,289.671875,4364.0
1785208877.7494466,15,291.28125,4407.0
1785208877.7494466,15,292.90625,4440.0
1785208877.7494466,9,294.5,4465.25
1785208877.7494466,12,310.875,3937.25
1785208877.7494466,13,312.5,3911.5
1785208877.7494466,7,319.015625,3724.5
1785208877.7494466,15,345.0625,3669.5
1785208877.864779,8,175.71875,10145.75
1785208877.864779,9,177.34375,10123.25
1785208877.864779,8,180.53125,10171.0
1785208877.864779,8,183.78125,10269.25
1785208877.864779,15,209.65625,8661.25
1785208877.864779,15,227.5,5916.0
1785208877.864779,15,229.109375,5789.5
1785208877.864779,15,230.75,5636.5
1785208877.864779,15,232.375,5502.25
1785208877.864779,15,233.984375,5417.0
1785208877.864779,15,238.890625,4275.25
1785208877.864779,15,246.9375,4626.75
1785208877.864779,15,248.5625,4562.75
1785208877.864779,15,250.203125,4528.75
1785208877.864779,15,251.859375,4503.5
1785208877.864779,15,253.484375,4480.25
1785208877.864779,15,255.109375,4501.0
1785208877.864779,15,256.703125,4530.5
1785208877.864779,15,258.328125,4592.5
1785208877.864779,15,259.9375,4722.75
1785208877.864779,15,261.546875,4782.0
1785208877.864779,15,263.15625,4777.75
1785208877.864779,15,264.78125,4778.5
1785208877.864779,15,266.390625,4766.75
1785208877.864779,15,268.015625,4769.5
1785208877.864779,15,269.65625,4779.75
1785208877.864779,15,271.265625,4788.75
1785208877.864779,15,272.890625,4792.25
1785208877.864779,15,274.453125,4796.5
1785208877.864779,15,276.078125,4802.25
1785208877.864779,15,277.6875,4823.25
1785208877.864779,15,279.3125,4851.5
1785208877.864779,15,280.921875,4877.5
1785208877.864779,15,284.15625,4695.0
1785208877.864779,15,287.421875,4360.0
1785208877.864779,15,289.015625,4395.25
1785208877.864779,15,290.640625,4420.0
1785208877.864779,15,292.25,4475.0
1785208877.864779,15,293.859375,4541.5
1785208877.864779,9,306.921875,4142.25
1785208877.864779,15,310.1875,4082.75
1785208877.864779,8,313.4375,3981.0
1785208877.864779,8,315.046875,3934.5
1785208877.864779,12,316.6875,3913.75
1785208877.864779,11,318.3125,3882.75
1785208877.864779,9,319.921875,3835.25
1785208877.9784238,8,175.140625,10168.75
1785208877.9784238,8,176.765625,10095.75
1785208877.9784238,7,178.40625,10092.5
1785208877.9784238,8,181.65625,10200.5
1785208877.9784238,8,183.265625,10184.5
1785208877.9784238,7,204.3125,10086.0
1785208877.9784238,15,215.6875,7570.0
1785208877.9784238,15,222.1875,6575.0
1785208877.9784238,15,223.8125,6405.25
1785208877.9784238,15,227.109375,5983.25
1785208877.9784238,15,228.71875,5868.75
1785208877.9784238,15,230.359375,5728.25
1785208877.9784238,15,231.984375,5598.5
1785208877.9784238,15,233.625,5474.25
1785208877.9784238,15,238.546875,4314.5
1785208877.9784238,15,246.625,4695.5
1785208877.9784238,15,248.25,4634.0
1785208877.9784238,15,249.875,4578.25
1785208877.9784238,15,251.5,4561.25
1785208877.9784238,15,253.125,4532.5
1785208877.9784238,15,254.734375,4533.75
1785208877.9784238,15,256.359375,4560.0
1785208877.9784238,15,257.984375,4617.25
1785208877.9784238,15,259.578125,4744.5
1785208877.9784238,15,261.21875,4814.75
1785208877.9784238,15,262.8125,4807.75
1785208877.9784238,15,264.4375,4791.0
1785208877.9784238,15,266.078125,4780.5
1785208877.9784238,15,267.6875,4790.25
1785208877.9784238,15,269.296875,4806.25
1785208877.9784238,15,270.921875,4796.5
1785208877.9784238,15,272.53125,4789.5
1785208877.9784238,15,274.15625,4800.75
1785208877.9784238,15,275.703125,4815.5
1785208877.9784238,15,277.3125,4844.5
1785208877.9784238,15,278.921875,4890.0
1785208877.9784238,15,280.546875,4924.75
1785208877.9784238,15,282.15625,4874.5
1785208877.9784238,15,283.78125,4761.25
1785208877.9784238,15,287.03125,4412.25
1785208877.9784238,15,288.640625,4416.25
1785208877.9784238,15,290.265625,4449.5
1785208877.9784238,15,291.859375,4509.25
1785208877.9784238,9,293.46875,4588.75
1785208877.9784238,8,306.625,4138.5
1785208877.9784238,14,309.875,4060.0
1785208877.9784238,8,311.515625,3958.25
1785208877.9784238,9,313.125,3914.25
1785208877.9784238,8,316.40625,3826.25
1785208878.0898533,8,8.4375,4274.0
1785208878.0898533,14,10.046875,4362.25
1785208878.0898533,11,11.578125,4426.75
1785208878.0898533,8,179.71875,10227.0
1785208878.0898533,7,181.328125,10227.0
1785208878.0898533,9,182.96875,10224.25
1785208878.0898533,8,184.578125,10253.75
1785208878.0898533,15,215.4375,7664.5
1785208878.0898533,15,223.5625,6486.5
1785208878.0898533,15,226.828125,6027.5
1785208878.0898533,15,228.453125,5925.75
1785208878.0898533,15,230.09375,5799.0
1785208878.0898533,15,231.71875,5630.75
1785208878.0898533,15,233.328125,5514.25
1785208878.0898533,15,234.953125,5429.5
1785208878.0898533,15,247.96875,4688.25
1785208878.0898533,15,249.59375,4646.75
1785208878.0898533,15,251.1875,4599.5
1785208878.0898533,15,252.828125,4552.0
1785208878.0898533,15,254.453125,4509.75
1785208878.0898533,15,256.0625,4559.25
1785208878.0898533,15,257.6875,4616.75
1785208878.0898533,15,260.90625,4836.75
1785208878.0898533,15,262.515625,4832.5
1785208878.0898533,15,264.15625,4826.75
1785208878.0898533,15,265.765625,4806.5
1785208878.0898533,15,267.375,4812.75
1785208878.0898533,15,269.0,4829.75
1785208878.0898533,15,270.625,4823.25
1785208878.0898533,15,272.25,4822.5
1785208878.0898533,15,273.859375,4831.0
1785208878.0898533,15,275.421875,4859.75
1785208878.0898533,15,277.015625,4900.0
1785208878.0898533,15,278.640625,4920.5
1785208878.0898533,15,280.265625,4949.5
1785208878.0898533,15,281.875,4903.25
1785208878.0898533,15,283.5,4782.5
1785208878.0898533,15,286.765625,4458.75
1785208878.0898533,15,288.375,4446.0
1785208878.0898533,15,289.984375,4487.5
1785208878.0898533,8,291.578125,4549.75
1785208878.0898533,13,303.109375,4119.5
1785208878.0898533,7,304.71875,4095.25
1785208878.0898533,12,312.859375,3913.75
1785208878.0898533,9,316.125,3757.5
1785208878.2050843,8,353.453125,3855.25
1785208878.2050843,11,9.640625,4377.25
1785208878.2050843,12,11.234375,4425.75
1785208878.2050843,8,177.71875,10135.75
1785208878.2050843,9,179.375,10023.0
1785208878.2050843,9,181.0,10084.5
1785208878.2050843,15,228.015625,5999.0
1785208878.2050843,15,229.640625,5873.25
1785208878.2050843,15,231.25,5728.0
1785208878.2050843,15,232.875,5587.25
1785208878.2050843,15,234.5,5484.0
1785208878.2050843,15,245.859375,4786.5
1785208878.2050843,15,247.484375,4736.0
1785208878.2050843,15,249.109375,4698.75
1785208878.2050843,15,250.75,4642.25
1785208878.2050843,15,252.359375,4598.75
1785208878.2050843,15,253.984375,4559.5
1785208878.2050843,15,257.21875,4678.75
1785208878.2050843,15,260.4375,4901.5
1785208878.2050843,15,262.078125,4875.25
1785208878.2050843,15,263.671875,4861.75
1785208878.2050843,15,265.296875,4856.0
1785208878.2050843,15,266.90625,4853.0
1785208878.2050843,15,268.53125,4861.0
1785208878.2050843,15,270.140625,4881.0
1785208878.2050843,15,271.78125,4873.25
1785208878.2050843,15,273.390625,4871.75
1785208878.2050843,15,275.0,4901.5
1785208878.2050843,15,276.609375,4928.5
1785208878.2050843,15,278.234375,4955.25
1785208878.2050843,15,279.828125,4990.75
1785208878.2050843,11,281.46875,5006.5
1785208878.2050843,15,284.703125,4687.25
1785208878.2050843,15,287.96875,4467.75
1785208878.2050843,15,289.578125,4517.0
1785208878.2050843,6,291.171875,4580.5
1785208878.2050843,11,302.640625,4152.75
1785208878.2050843,15,310.75,3936.5
1785208878.2050843,9,312.40625,3890.25
1785208878.3202739,8,175.75,10190.5
1785208878.3202739,8,177.375,10202.75
1785208878.3202739,8,179.046875,10149.0
1785208878.3202739,7,180.671875,10193.75
1785208878.3202739,7,182.28125,10198.75
1785208878.3202739,7,185.53125,10236.0
1785208878.3202739,7,204.96875,10086.5
1785208878.3202739,15,209.84375,8768.25
1785208878.3202739,15,216.359375,7600.75
1785208878.3202739,15,226.109375,6280.0
1785208878.3202739,15,229.328125,5913.75
1785208878.3202739,15,230.96875,5798.5
1785208878.3202739,15,232.578125,5671.0
1785208878.3202739,15,234.203125,5549.25
1785208878.3202739,15,247.1875,4757.25
1785208878.3202739,15,248.828125,4729.25
1785208878.3202739,15,250.453125,4697.5
1785208878.3202739,15,252.078125,4649.5
1785208878.3202739,15,253.6875,4584.75
1785208878.3202739,15,256.921875,4691.0
1785208878.3202739,15,260.15625,4871.5
1785208878.3202739,15,261.765625,4913.75
1785208878.3202739,15,263.390625,4893.5
1785208878.3202739,15,265.0,4887.0
1785208878.3202739,15,266.609375,4888.5
1785208878.3202739,15,268.25,4889.0
1785208878.3202739,15,269.859375,4894.75
1785208878.3202739,15,271.484375,4903.0
1785208878.3202739,15,273.09375,4914.75
1785208878.3202739,15,274.734375,4934.0
1785208878.3202739,15,276.359375,4959.0
1785208878.3202739,15,277.984375,4982.25
1785208878.3202739,15,279.609375,5013.5
1785208878.3202739,15,281.203125,5055.25
1785208878.3202739,15,284.46875,4720.25
1785208878.3202739,15,287.71875,4503.0
1785208878.3202739,15,289.359375,4549.0
1785208878.3202739,15,290.96875,4632.0
1785208878.3202739,9,307.28125,4135.5
1785208878.3202739,11,308.921875,4105.25
1785208878.3202739,8,317.0625,3904.0
1785208878.433831,11,4.265625,4195.5
1785208878.433831,8,5.90625,4268.0
1785208878.433831,9,7.515625,4342.25
1785208878.433831,15,9.140625,4386.0
1785208878.433831,9,12.34375,4468.25
1785208878.433831,10,179.21875,10118.0
1785208878.433831,8,184.078125,10186.0
1785208878.433831,15,226.296875,6305.75
1785208878.433831,15,229.546875,5932.5
1785208878.433831,15,231.1875,5836.5
1785208878.433831,15,232.796875,5696.25
1785208878.433831,15,234.40625,5568.5
1785208878.433831,15,247.40625,4785.0
1785208878.433831,15,249.03125,4745.5
1785208878.433831,15,250.71875,4715.0
1785208878.433831,15,252.3125,4684.75
1785208878.433831,15,253.953125,4645.5
1785208878.433831,15,255.5625,4678.25
1785208878.433831,15,257.1875,4725.75
1785208878.433831,15,260.421875,4984.75
1785208878.433831,15,262.046875,4971.75
1785208878.433831,15,263.671875,4956.0
1785208878.433831,15,265.28125,4947.75
1785208878.433831,15,266.890625,4958.25
1785208878.433831,15,268.53125,4942.0
1785208878.433831,15,270.15625,4948.5
1785208878.433831,15,271.78125,4949.25
1785208878.433831,15,273.375,4960.0
1785208878.433831,15,274.96875,4979.25
1785208878.433831,15,276.5625,4990.0
1785208878.433831,15,278.1875,5021.25
1785208878.433831,15,279.796875,5055.25
1785208878.433831,15,281.4375,5008.25
1785208878.433831,15,283.0625,4870.0
1785208878.433831,15,286.3125,4564.0
1785208878.433831,15,287.9375,4554.5
1785208878.433831,15,289.5625,4609.75
1785208878.433831,13,291.15625,4688.0
1785208878.433831,7,304.25,4122.5
1785208878.433831,15,343.328125,3686.75
1785208878.545851,8,182.359375,10153.75
1785208878.545851,8,183.984375,10171.5
1785208878.545851,8,185.609375,10127.25
1785208878.545851,8,205.015625,10146.5
1785208878.545851,15,211.515625,8597.0
1785208878.545851,15,216.375,7679.0
1785208878.545851,15,219.625,7140.25
1785208878.545851,15,227.734375,6167.5
1785208878.545851,15,229.359375,6014.25
1785208878.545851,15,230.984375,5893.25
1785208878.545851,15,232.59375,5771.25
1785208878.545851,15,234.234375,5639.0
1785208878.545851,15,247.1875,4818.5
1785208878.545851,15,248.796875,4773.0
1785208878.545851,15,250.46875,4725.75
1785208878.545851,15,252.09375,4708.0
1785208878.545851,15,253.71875,4695.0
1785208878.545851,15,255.328125,4718.75
1785208878.545851,15,256.953125,4757.0
1785208878.545851,15,260.171875,4955.5
1785208878.545851,15,261.796875,5008.25
1785208878.545851,15,263.40625,5024.25
1785208878.545851,15,265.03125,5006.75
1785208878.545851,15,266.65625,4990.75
1785208878.545851,15,268.28125,4988.25
1785208878.545851,15,269.90625,4983.0
1785208878.545851,15,271.5,5003.5
1785208878.545851,15,273.125,5017.25
1785208878.545851,15,274.6875,5032.75
1785208878.545851,15,276.296875,5063.5
1785208878.545851,15,277.90625,5072.25
1785208878.545851,15,279.53125,5080.0
1785208878.545851,15,281.140625,5017.5
1785208878.545851,15,282.765625,4901.25
1785208878.545851,15,286.015625,4594.0
1785208878.545851,15,287.640625,4573.25
1785208878.545851,15,289.25,4625.25
1785208878.545851,8,308.796875,3924.25
1785208878.6610749,15,211.125,8680.25
1785208878.6610749,15,229.0,6061.5
1785208878.6610749,15,230.625,5937.75
1785208878.6610749,15,232.265625,5818.0
1785208878.6610749,15,233.875,5678.75
1785208878.6610749,15,235.5,5564.5
1785208878.6610749,15,248.5,4812.75
1785208878.6610749,15,250.109375,4784.25
1785208878.6610749,15,251.765625,4747.5
1785208878.6610749,15,253.359375,4725.0
1785208878.6610749,15,255.015625,4746.25
1785208878.6610749,15,256.609375,4770.25
1785208878.6610749,15,258.234375,4820.25
1785208878.6610749,15,261.46875,5066.75
1785208878.6610749,15,263.078125,5052.75
1785208878.6610749,15,264.71875,5034.25
1785208878.6610749,15,266.328125,5028.0
1785208878.6610749,15,267.953125,5037.25
1785208878.6610749,15,269.546875,5046.5
1785208878.6610749,15,271.1875,5058.25
1785208878.6610749,15,272.8125,5059.0
1785208878.6610749,15,274.359375,5064.5
1785208878.6610749,15,275.96875,5077.75
1785208878.6610749,15,277.578125,5097.5
1785208878.6610749,15,279.1875,5117.0
1785208878.6610749,15,280.796875,5118.0
1785208878.6610749,15,285.671875,4668.0
1785208878.6610749,15,287.28125,4623.25
1785208878.6610749,15,288.90625,4683.75
1785208878.6610749,10,303.640625,4063.25
1785208878.7749486,8,183.171875,10145.75
1785208878.7749486,9,207.453125,9666.0
1785208878.7749486,15,210.71875,8753.5
1785208878.7749486,15,215.578125,7862.0
1785208878.7749486,15,217.21875,7663.75
1785208878.7749486,15,220.453125,7139.0
1785208878.7749486,15,230.234375,6007.25
1785208878.7749486,15,231.859375,5897.5
1785208878.7749486,15,233.5,5768.5
1785208878.7749486,15,235.109375,5639.75
1785208878.7749486,15,246.515625,4936.25
1785208878.7749486,15,248.125,4881.75
1785208878.7749486,15,249.75,4825.0
1785208878.7749486,15,251.390625,4781.25
1785208878.7749486,15,253.0,4764.75
1785208878.7749486,15,254.640625,4737.25
1785208878.7749486,15,256.234375,4771.25
1785208878.7749486,15,257.859375,4846.0
1785208878.7749486,15,261.09375,5106.5
1785208878.7749486,15,262.703125,5099.25
1785208878.7749486,15,264.34375,5081.0
1785208878.7749486,15,265.953125,5076.25
1785208878.7749486,15,267.578125,5066.75
1785208878.7749486,15,269.203125,5055.0
1785208878.7749486,15,270.8125,5066.75
1785208878.7749486,15,272.453125,5091.25
1785208878.7749486,15,274.0625,5104.0
1785208878.7749486,15,275.578125,5112.25
1785208878.7749486,15,277.203125,5123.75
1785208878.7749486,15,278.8125,5138.5
1785208878.7749486,15,280.4375,5152.5
1785208878.7749486,15,286.921875,4663.75
1785208878.7749486,15,288.53125,4737.5
1785208878.7749486,11,303.21875,4103.25
1785208878.8855345,9,177.625,10100.5
1785208878.8855345,7,180.875,10106.25
1785208878.8855345,10,205.140625,10172.25
1785208878.8855345,15,211.640625,8647.0
1785208878.8855345,15,219.75,7284.75
1785208878.8855345,15,229.515625,6099.5
1785208878.8855345,15,231.140625,5967.75
1785208878.8855345,15,232.765625,5869.5
1785208878.8855345,15,234.390625,5738.5
1785208878.8855345,15,236.015625,5600.75
1785208878.8855345,15,247.390625,4942.0
1785208878.8855345,15,249.015625,4896.5
1785208878.8855345,15,250.640625,4836.75
1785208878.8855345,15,252.25,4791.75
1785208878.8855345,15,253.859375,4766.75
1785208878.8855345,15,255.5,4816.25
1785208878.8855345,15,257.109375,4851.0
1785208878.8855345,15,260.328125,5057.5
1785208878.8855345,15,261.953125,5100.75
1785208878.8855345,15,263.5625,5100.0
1785208878.8855345,15,265.1875,5098.25
1785208878.8855345,15,266.796875,5099.25
1785208878.8855345,15,268.421875,5097.5
1785208878.8855345,15,270.046875,5102.5
1785208878.8855345,15,271.65625,5110.5
1785208878.8855345,15,273.28125,5133.5
1785208878.8855345,15,274.859375,5144.25
1785208878.8855345,15,276.453125,5147.5
1785208878.8855345,15,278.078125,5178.5
1785208878.8855345,15,279.6875,5207.0
1785208878.8855345,15,281.3125,5150.5
1785208878.8855345,13,282.9375,5022.0
1785208878.8855345,15,286.1875,4691.5
1785208878.8855345,15,287.78125,4721.75
1785208878.8855345,13,289.390625,4774.0
1785208879.000012,10,351.265625,3659.25
1785208879.000012,7,178.5625,10142.25
1785208879.000012,8,180.171875,10020.0
1785208879.000012,7,183.40625,10064.0
1785208879.000012,7,185.03125,10187.0
1785208879.000012,7,186.640625,10207.5
1785208879.000012,15,210.984375,8751.25
1785208879.000012,15,214.234375,8190.75
1785208879.000012,15,217.484375,7678.5
1785208879.000012,15,220.734375,7200.75
1785208879.000012,15,230.4375,6059.75
1785208879.000012,15,232.046875,5945.75
1785208879.000012,15,233.671875,5829.25
1785208879.000012,15,235.296875,5713.25
1785208879.000012,15,246.640625,4999.75
1785208879.000012,15,248.265625,4957.0
1785208879.000012,15,249.890625,4896.5
1785208879.000012,15,251.515625,4848.0
1785208879.000012,15,253.125,4802.25
1785208879.000012,15,254.734375,4765.5
1785208879.000012,15,256.359375,4829.25
1785208879.000012,15,257.953125,4975.25
1785208879.000012,15,259.578125,5104.5
1785208879.000012,15,261.1875,5135.5
1785208879.000012,15,262.796875,5125.75
1785208879.000012,15,264.421875,5148.5
1785208879.000012,15,266.0625,5123.25
1785208879.000012,15,267.65625,5121.5
1785208879.000012,15,269.265625,5141.75
1785208879.000012,15,270.890625,5133.5
1785208879.000012,15,272.515625,5123.75
1785208879.000012,15,274.109375,5138.75
1785208879.000012,15,275.765625,5172.5
1785208879.000012,15,277.390625,5203.75
1785208879.000012,15,278.984375,5245.5
1785208879.000012,15,280.625,5203.5
1785208879.000012,15,285.5,4709.25
1785208879.000012,15,287.109375,4765.75
1785208879.114897,7,176.234375,10189.0
1785208879.114897,10,177.84375,10138.5
1785208879.114897,9,181.15625,10112.25
1785208879.114897,8,205.421875,10175.25
1785208879.114897,15,211.9375,8656.75
1785208879.114897,15,216.796875,7795.0
1785208879.114897,15,218.421875,7572.25
1785208879.114897,15,228.15625,6382.5
1785208879.114897,15,231.390625,6008.25
1785208879.114897,15,233.015625,5906.25
1785208879.114897,15,234.625,5795.25
1785208879.114897,15,245.984375,5030.25
1785208879.114897,15,247.59375,5005.0
1785208879.114897,15,249.21875,4963.75
1785208879.114897,15,250.859375,4910.25
1785208879.114897,15,252.484375,4877.5
1785208879.114897,15,254.09375,4840.5
1785208879.114897,15,255.703125,4879.25
1785208879.114897,15,257.328125,4925.75
1785208879.114897,15,260.5625,5181.75
1785208879.114897,15,262.15625,5188.5
1785208879.114897,15,263.78125,5163.5
1785208879.114897,15,265.390625,5158.5
1785208879.114897,15,267.015625,5158.5
1785208879.114897,15,268.65625,5140.0
1785208879.114897,15,270.265625,5153.25
1785208879.114897,15,271.859375,5180.0
1785208879.114897,15,273.484375,5194.5
1785208879.114897,15,275.109375,5205.5
1785208879.114897,15,276.71875,5252.75
1785208879.114897,8,279.953125,5220.0
1785208879.114897,9,283.21875,4913.25
1785208879.114897,15,284.84375,4799.75
1785208879.229714,8,10.890625,4420.0
1785208879.229714,8,178.90625,10312.25
1785208879.229714,8,182.140625,10199.25
1785208879.229714,15,216.15625,7917.75
1785208879.229714,15,217.796875,7702.75
1785208879.229714,15,221.03125,7231.75
1785208879.229714,15,232.390625,5972.0
1785208879.229714,15,234.015625,5879.25
1785208879.229714,15,235.625,5749.5
1785208879.229714,15,246.96875,5053.75
1785208879.229714,15,248.609375,5002.0
1785208879.229714,15,250.203125,4962.75
1785208879.229714,15,251.859375,4925.0
1785208879.229714,15,253.515625,4881.25
1785208879.229714,15,255.09375,4925.75
1785208879.229714,15,256.734375,4979.25
1785208879.229714,15,259.96875,5189.5
1785208879.229714,15,261.5625,5219.0
1785208879.229714,15,263.1875,5213.0
1785208879.229714,15,264.8125,5200.25
1785208879.229714,15,266.4375,5182.5
1785208879.229714,15,268.046875,5187.75
1785208879.229714,15,269.671875,5188.5
1785208879.229714,15,271.296875,5192.75
1785208879.229714,15,272.90625,5225.75
1785208879.229714,15,274.5,5259.25
1785208879.229714,15,277.734375,5274.75
1785208879.229714,15,345.96875,3661.5
1785208879.229714,7,347.65625,3661.5
1785208879.229714,8,349.3125,3669.75
1785208879.344487,7,171.78125,10051.75
1785208879.344487,8,173.40625,10156.75
1785208879.344487,8,178.265625,10097.0
1785208879.344487,7,179.890625,10170.25
1785208879.344487,8,205.75,10243.75
1785208879.344487,15,212.25,8652.75
1785208879.344487,15,218.734375,7602.25
1785208879.344487,15,221.984375,7145.25
1785208879.344487,15,225.21875,6720.0
1785208879.344487,15,228.453125,6334.5
1785208879.344487,15,231.703125,6052.75
1785208879.344487,15,233.328125,5962.0
1785208879.344487,15,234.953125,5865.5
1785208879.344487,15,246.296875,5030.5
1785208879.344487,15,247.90625,5050.25
1785208879.344487,15,249.53125,5009.75
1785208879.344487,15,251.21875,4956.75
1785208879.344487,15,252.84375,4928.5
1785208879.344487,15,254.46875,4894.25
1785208879.344487,15,256.078125,4939.25
1785208879.344487,15,257.703125,5005.75
1785208879.344487,15,260.90625,5252.5
1785208879.344487,15,262.546875,5235.25
1785208879.344487,15,264.171875,5230.75
1785208879.344487,15,265.78125,5225.0
1785208879.344487,15,267.40625,5219.75
1785208879.344487,15,269.015625,5243.0
1785208879.344487,15,270.625,5246.5
1785208879.344487,15,272.265625,5268.25
1785208879.344487,15,275.359375,5269.75
1785208879.4553895,7,180.4375,10038.5
1785208879.4553895,8,182.046875,10131.0
1785208879.4553895,7,183.671875,10220.75
1785208879.4553895,15,196.609375,8454.0
1785208879.4553895,11,207.890625,9716.25
1785208879.4553895,15,211.125,8838.0
1785208879.4553895,15,217.609375,7753.25
1785208879.4553895,15,220.84375,7286.5
1785208879.4553895,15,222.46875,7086.75
1785208879.4553895,15,224.078125,6894.75
1785208879.4553895,15,230.578125,6184.25
1785208879.4553895,15,232.203125,6017.75
1785208879.4553895,15,233.8125,5933.25
1785208879.4553895,15,235.4375,5845.5
1785208879.4553895,15,246.75,5099.25
1785208879.4553895,15,248.375,5067.75
1785208879.4553895,15,250.0,5032.75
1785208879.4553895,15,251.640625,4985.75
1785208879.4553895,15,253.265625,4931.75
1785208879.4553895,12,254.875,4956.5
1785208879.4553895,15,256.484375,5032.75
1785208879.4553895,15,258.09375,5098.0
1785208879.4553895,15,259.703125,5192.5
1785208879.4553895,15,261.3125,5237.75
1785208879.4553895,15,262.9375,5236.0
1785208879.4553895,15,264.5625,5230.0
1785208879.4553895,15,266.171875,5208.75
1785208879.4553895,15,267.796875,5229.25
1785208879.4553895,15,269.390625,5235.25
1785208879.4553895,15,271.015625,5251.75
1785208879.4553895,15,272.640625,5266.25
1785208879.4553895,15,274.234375,5285.5
1785208879.4553895,15,275.84375,5325.0
1785208879.4553895,15,277.453125,5337.25
1785208879.4553895,15,279.0625,5356.0
1785208879.4553895,13,282.3125,5055.0
1785208879.4553895,15,285.53125,4832.0
1785208879.4553895,15,287.140625,4892.25
1785208879.4553895,8,347.46875,3667.75
1785208879.6858838,8,176.09375,10119.0
1785208879.6858838,9,177.71875,10072.5
1785208879.6858838,8,179.328125,10092.75
1785208879.6858838,9,180.9375,10163.25
1785208879.6858838,15,211.71875,8720.0
1785208879.6858838,15,218.234375,7656.75
1785208879.6858838,15,221.484375,7236.75
1785208879.6858838,15,231.21875,6118.25
1785208879.6858838,15,232.84375,5982.25
1785208879.6858838,15,234.46875,5897.25
1785208879.6858838,15,236.09375,5779.75
1785208879.6858838,15,249.078125,5035.75
1785208879.6858838,15,250.671875,4980.75
1785208879.6858838,15,252.296875,4944.0
1785208879.6858838,15,253.90625,4913.25
1785208879.6858838,15,255.53125,4962.25
1785208879.6858838,15,257.140625,5027.25
1785208879.6858838,15,260.359375,5246.75
1785208879.6858838,15,261.984375,5210.5
1785208879.6858838,15,263.609375,5213.0
1785208879.6858838,15,265.203125,5224.0
1785208879.6858838,15,266.84375,5227.5
1785208879.6858838,15,268.453125,5232.5
1785208879.6858838,15,270.0625,5237.75
1785208879.6858838,15,271.671875,5232.5
1785208879.6858838,15,273.28125,5277.75
1785208879.6858838,15,276.5,5307.25
1785208879.6858838,8,344.84375,3708.25
1785208879.6858838,10,346.484375,3640.25
1785208879.6858838,9,348.09375,3647.5
1785208879.6858838,8,349.71875,3679.25
1785208879.7962477,8,180.5,10040.0
1785208879.7962477,8,182.109375,10133.25
1785208879.7962477,8,183.734375,10179.5
1785208879.7962477,7,186.984375,10198.5
1785208879.7962477,15,216.21875,7923.75
1785208879.7962477,15,217.84375,7709.25
1785208879.7962477,15,221.109375,7266.75
1785208879.7962477,15,229.203125,6356.0
1785208879.7962477,15,232.4375,6003.75
1785208879.7962477,15,234.078125,5913.5
1785208879.7962477,15,235.703125,5826.75
1785208879.7962477,15,247.0625,5123.75
1785208879.7962477,15,248.671875,5063.0
1785208879.7962477,15,250.296875,5023.75
1785208879.7962477,15,251.890625,4952.0
1785208879.7962477,15,253.5,4911.75
1785208879.7962477,15,256.71875,5022.0
1785208879.7962477,15,259.9375,5194.75
1785208879.7962477,15,261.5625,5222.25
1785208879.7962477,15,263.171875,5213.5
1785208879.7962477,15,264.78125,5202.25
1785208879.7962477,15,266.40625,5212.5
1785208879.7962477,15,268.03125,5231.0
1785208879.7962477,15,269.65625,5234.25
1785208879.7962477,15,271.25,5241.25
1785208879.7962477,15,272.875,5263.75
1785208879.7962477,15,276.125,5278.25
1785208879.7962477,15,292.328125,4216.5
1785208879.7962477,14,346.0,3662.25
1785208879.7962477,10,347.609375,3659.75
1785208879.7962477,8,349.234375,3669.25
1785208879.9108005,7,176.640625,10170.5
1785208879.9108005,8,178.34375,10123.0
1785208879.9108005,8,179.96875,10094.0
1785208879.9108005,15,212.40625,8633.75
1785208879.9108005,15,217.28125,7779.5
1785208879.9108005,15,220.546875,7326.75
1785208879.9108005,15,222.171875,7127.5
1785208879.9108005,11,225.421875,6717.75
1785208879.9108005,15,231.90625,6028.5
1785208879.9108005,15,233.546875,5945.5
1785208879.9108005,15,235.15625,5852.25
1785208879.9108005,15,244.90625,5161.75
1785208879.9108005,15,246.53125,5105.25
1785208879.9108005,15,248.15625,5057.5
1785208879.9108005,15,249.78125,5016.5
1785208879.9108005,15,251.40625,4969.0
1785208879.9108005,15,253.015625,4928.75
1785208879.9108005,15,254.65625,4886.25
1785208879.9108005,15,256.25,4935.0
1785208879.9108005,15,257.859375,5055.5
1785208879.9108005,15,259.484375,5175.25
1785208879.9108005,15,261.109375,5236.0
1785208879.9108005,15,262.71875,5225.75
1785208879.9108005,15,264.359375,5223.25
1785208879.9108005,15,265.984375,5215.5
1785208879.9108005,15,267.59375,5212.0
1785208879.9108005,15,269.203125,5221.5
1785208879.9108005,15,270.828125,5231.0
1785208879.9108005,15,272.4375,5264.75
1785208879.9108005,15,274.0625,5318.75
1785208879.9108005,11,277.28125,5284.0
1785208879.9108005,10,291.90625,4248.25
1785208879.9108005,10,347.234375,3656.0
1785208880.0260797,10,179.5625,10053.25
1785208880.0260797,7,181.1875,10128.75
1785208880.0260797,9,184.4375,10148.5
1785208880.0260797,8,186.046875,10206.5
1785208880.0260797,15,187.671875,10239.0
1785208880.0260797,15,211.96875,8697.0
1785208880.0260797,15,218.46875,7645.25
1785208880.0260797,15,221.71875,7160.5
1785208880.0260797,15,233.09375,5959.75
1785208880.0260797,15,234.71875,5871.75
1785208880.0260797,15,236.328125,5729.25
1785208880.0260797,15,244.453125,5170.25
1785208880.0260797,15,246.0625,5105.5
1785208880.0260797,15,247.703125,5062.0
1785208880.0260797,15,249.3125,5039.5
1785208880.0260797,15,251.0,4993.0
1785208880.0260797,15,252.625,4941.25
1785208880.0260797,15,254.234375,4903.0
1785208880.0260797,15,255.859375,4961.0
1785208880.0260797,15,257.46875,5037.25
1785208880.0260797,15,260.703125,5242.0
1785208880.0260797,15,262.328125,5233.5
1785208880.0260797,15,263.9375,5237.0
1785208880.0260797,15,265.5625,5237.0
1785208880.0260797,15,267.171875,5238.75
1785208880.0260797,15,268.8125,5262.75
1785208880.0260797,15,270.421875,5267.0
1785208880.0260797,15,272.046875,5275.75
1785208880.0260797,15,273.671875,5311.75
1785208880.0260797,15,276.859375,5319.75
1785208880.0260797,9,345.21875,3709.75
1785208880.0260797,15,346.875,3657.25
1785208880.1414387,7,177.703125,10037.5
1785208880.1414387,7,184.1875,10195.75
1785208880.1414387,15,211.71875,8717.0
1785208880.1414387,15,218.21875,7661.75
1785208880.1414387,15,221.46875,7231.75
1785208880.1414387,15,232.84375,5979.25
1785208880.1414387,15,234.46875,5895.75
1785208880.1414387,15,236.09375,5780.75
1785208880.1414387,15,249.078125,5037.25
1785208880.1414387,15,250.78125,5003.25
1785208880.1414387,15,252.40625,4986.75
1785208880.1414387,15,254.015625,4933.25
1785208880.1414387,15,255.640625,4958.5
1785208880.1414387,15,257.28125,5031.75
1785208880.1414387,15,260.5,5268.75
1785208880.1414387,15,262.125,5246.25
1785208880.1414387,15,263.765625,5230.0
1785208880.1414387,15,265.375,5201.75
1785208880.1414387,15,266.984375,5211.25
1785208880.1414387,15,268.625,5247.25
1785208880.1414387,15,270.234375,5239.5
1785208880.1414387,15,271.875,5212.0
1785208880.1414387,15,273.46875,5254.5
1785208880.1414387,15,276.671875,5305.5
1785208880.1414387,15,346.75,3713.25
1785208880.1414387,9,349.96875,3675.75
1785208880.2519877,7,182.453125,10147.75
1785208880.2519877,8,185.6875,10157.0
1785208880.2519877,15,211.609375,8720.75
1785208880.2519877,15,218.125,7667.25
1785208880.2519877,15,221.359375,7228.5
1785208880.2519877,15,229.515625,6308.75
1785208880.2519877,15,232.765625,5980.0
1785208880.2519877,15,234.375,5897.75
1785208880.2519877,15,236.015625,5783.5
1785208880.2519877,7,245.828125,4271.25
1785208880.2519877,15,249.015625,5034.25
1785208880.2519877,15,250.65625,4986.0
1785208880.2519877,15,252.265625,4945.75
1785208880.2519877,15,253.890625,4911.5
1785208880.2519877,15,255.5,4963.75
1785208880.2519877,15,257.125,5027.75
1785208880.2519877,15,260.34375,5263.5
1785208880.2519877,15,261.96875,5230.0
1785208880.2519877,15,263.59375,5216.5
1785208880.2519877,15,265.21875,5226.0
1785208880.2519877,15,266.828125,5229.25
1785208880.2519877,15,268.453125,5233.5
1785208880.2519877,15,270.0625,5235.0
1785208880.2519877,15,271.6875,5232.75
1785208880.2519877,15,273.328125,5272.0
1785208880.2519877,15,276.515625,5300.75
1785208880.2519877,7,278.125,5225.75
1785208880.2519877,7,345.015625,3697.5
1785208880.2519877,15,346.609375,3631.75
1785208880.2519877,8,348.25,3648.5
1785208880.2519877,9,349.859375,3683.25
1785208880.3665602,8,180.765625,10192.25
1785208880.3665602,15,211.59375,8729.75
1785208880.3665602,15,216.484375,7884.75
1785208880.3665602,15,218.109375,7672.25
1785208880.3665602,15,221.359375,7228.0
1785208880.3665602,15,229.515625,6315.25
1785208880.3665602,15,232.765625,5983.0
1785208880.3665602,15,234.390625,5900.0
1785208880.3665602,15,236.015625,5787.75
1785208880.3665602,9,245.828125,4276.75
1785208880.3665602,15,249.03125,5032.0
1785208880.3665602,15,250.640625,4988.75
1785208880.3665602,15,252.28125,4946.75
1785208880.3665602,15,253.890625,4910.25
1785208880.3665602,15,255.5,4965.0
1785208880.3665602,15,257.125,5027.5
1785208880.3665602,15,260.375,5264.0
1785208880.3665602,15,261.984375,5233.5
1785208880.3665602,15,263.59375,5221.0
1785208880.3665602,15,265.21875,5228.0
1785208880.3665602,15,266.828125,5230.0
1785208880.3665602,15,268.46875,5233.0
1785208880.3665602,15,270.078125,5234.0
1785208880.3665602,15,271.71875,5235.0
1785208880.3665602,15,273.3125,5269.75
1785208880.3665602,15,276.5,5297.5
1785208880.3665602,9,348.234375,3649.75
1785208880.3665602,10,349.84375,3679.0
1785208880.4813485,10,177.625,10066.25
1785208880.4813485,7,182.484375,10153.5
1785208880.4813485,15,211.71875,8728.25
1785208880.4813485,15,216.609375,7883.75
1785208880.4813485,15,218.21875,7671.5
1785208880.4813485,15,221.484375,7222.75
1785208880.4813485,15,232.875,5982.25
1785208880.4813485,15,234.515625,5897.5
1785208880.4813485,15,236.125,5786.75
1785208880.4813485,15,249.125,5033.5
1785208880.4813485,15,250.734375,4991.5
1785208880.4813485,15,252.375,4953.0
1785208880.4813485,15,253.984375,4915.0
1785208880.4813485,15,255.578125,4965.5
1785208880.4813485,15,257.21875,5029.75
1785208880.4813485,15,260.453125,5265.5
1785208880.4813485,15,262.078125,5235.5
1785208880.4813485,15,263.6875,5225.25
1785208880.4813485,15,265.3125,5227.5
1785208880.4813485,15,266.9375,5228.5
1785208880.4813485,15,268.546875,5235.5
1785208880.4813485,15,270.171875,5236.25
1785208880.4813485,15,271.796875,5234.75
1785208880.4813485,15,273.40625,5269.75
1785208880.4813485,15,276.625,5299.75
1785208880.4813485,15,346.671875,3648.5
1785208880.4813485,11,349.90625,3671.75
1785208880.5916553,8,177.671875,10112.75
1785208880.5916553,7,180.9375,10148.5
1785208880.5916553,7,182.546875,10270.5
1785208880.5916553,7,184.171875,10257.5
1785208880.5916553,8,185.78125,10303.25
1785208880.5916553,15,211.75,8726.25
1785208880.5916553,15,216.640625,7884.5
1785208880.5916553,15,218.265625,7669.0
1785208880.5916553,15,221.515625,7212.25
1785208880.5916553,15,232.84375,5978.75
1785208880.5916553,15,234.46875,5897.0
1785208880.5916553,15,236.09375,5786.75
1785208880.5916553,15,249.078125,5031.0
1785208880.5916553,15,250.6875,4992.5
1785208880.5916553,15,252.3125,4954.25
1785208880.5916553,15,253.921875,4916.0
1785208880.5916553,15,255.546875,4968.75
1785208880.5916553,15,257.140625,5032.75
1785208880.5916553,15,260.390625,5263.25
1785208880.5916553,15,262.015625,5235.0
1785208880.5916553,15,263.625,5229.0
1785208880.5916553,15,265.234375,5229.5
1785208880.5916553,15,266.875,5229.5
1785208880.5916553,15,268.484375,5234.75
1785208880.5916553,15,270.09375,5235.75
1785208880.5916553,15,271.703125,5235.75
1785208880.5916553,15,273.3125,5272.0
1785208880.5916553,15,276.59375,5299.0
1785208880.5916553,9,348.203125,3651.75
1785208880.5916553,10,349.828125,3679.0
1785208880.7067568,8,357.921875,3922.0
1785208880.7067568,8,177.515625,10094.25
1785208880.7067568,8,179.1875,10125.0
1785208880.7067568,9,180.8125,10138.75
1785208880.7067568,7,182.4375,10183.25
1785208880.7067568,8,185.671875,10286.75
1785208880.7067568,15,211.609375,8728.75
1785208880.7067568,15,213.234375,8484.25
1785208880.7067568,15,216.484375,7885.25
1785208880.7067568,15,218.109375,7679.25
1785208880.7067568,15,221.359375,7223.5
1785208880.7067568,15,232.71875,5981.75
1785208880.7067568,15,234.328125,5916.75
1785208880.7067568,15,235.953125,5810.25
1785208880.7067568,15,245.75,4219.75
1785208880.7067568,15,248.9375,5045.0
1785208880.7067568,15,250.578125,5002.75
1785208880.7067568,15,252.203125,4966.0
1785208880.7067568,15,253.828125,4923.25
1785208880.7067568,15,255.4375,4971.0
1785208880.7067568,15,257.0625,5029.25
1785208880.7067568,15,260.28125,5256.75
1785208880.7067568,15,261.90625,5236.0
1785208880.7067568,15,263.515625,5241.25
1785208880.7067568,15,265.15625,5239.5
1785208880.7067568,15,266.765625,5231.0
1785208880.7067568,15,268.375,5229.25
1785208880.7067568,15,270.0,5231.75
1785208880.7067568,15,271.625,5241.25
1785208880.7067568,15,273.21875,5250.0
1785208880.7067568,15,276.484375,5277.5
1785208880.7067568,7,278.109375,5224.25
1785208880.7067568,9,348.171875,3652.75
1785208880.7067568,9,349.796875,3679.0
1785208880.8208969,9,182.5,10183.0
1785208880.8208969,8,185.75,10237.5
1785208880.8208969,15,211.671875,8726.5
1785208880.8208969,15,213.296875,8483.25
1785208880.8208969,15,216.546875,7888.0
1785208880.8208969,15,218.171875,7680.0
1785208880.8208969,15,221.421875,7222.25
1785208880.8208969,15,229.515625,6317.75
1785208880.8208969,15,232.765625,5980.75
1785208880.8208969,15,234.375,5899.75
1785208880.8208969,15,235.984375,5790.5
1785208880.8208969,14,245.796875,4298.75
1785208880.8208969,15,248.984375,5033.75
1785208880.8208969,15,250.640625,4995.0
1785208880.8208969,15,252.265625,4953.25
1785208880.8208969,15,253.875,4917.25
1785208880.8208969,15,255.5,4971.5
1785208880.8208969,15,257.125,5029.0
1785208880.8208969,15,260.34375,5261.5
1785208880.8208969,15,261.96875,5234.25
1785208880.8208969,15,263.59375,5229.0
1785208880.8208969,15,265.203125,5229.75
1785208880.8208969,15,266.8125,5229.5
1785208880.8208969,15,268.4375,5233.75
1785208880.8208969,15,270.078125,5233.25
1785208880.8208969,15,271.671875,5237.25
1785208880.8208969,15,273.296875,5269.75
1785208880.8208969,15,276.5,5295.0
1785208880.8208969,7,278.109375,5222.5
1785208880.8208969,11,348.078125,3651.5
1785208880.8208969,9,349.734375,3678.25
1785208880.9330537,8,175.671875,10174.25
1785208880.9330537,8,177.3125,10069.5
1785208880.9330537,10,178.921875,10071.0
1785208880.9330537,15,212.984375,8526.5
1785208880.9330537,15,217.875,7715.0
1785208880.9330537,15,221.125,7271.5
1785208880.9330537,15,229.203125,6355.25
1785208880.9330537,15,232.4375,6006.75
1785208880.9330537,15,234.0625,5915.75
1785208880.9330537,15,235.6875,5825.25
1785208880.9330537,15,248.65625,5062.5
1785208880.9330537,15,250.328125,5024.5
1785208880.9330537,15,251.9375,4979.0
1785208880.9330537,15,253.578125,4935.75
1785208880.9330537,15,256.796875,5024.75
1785208880.9330537,15,260.015625,5196.25
1785208880.9330537,15,261.640625,5225.0
1785208880.9330537,15,263.265625,5214.5
1785208880.9330537,15,264.875,5207.25
1785208880.9330537,15,266.5,5215.0
1785208880.9330537,15,268.125,5215.25
1785208880.9330537,15,269.734375,5221.5
1785208880.9330537,15,271.359375,5227.5
1785208880.9330537,15,272.984375,5234.0
1785208880.9330537,9,274.546875,5262.25
1785208880.9330537,10,276.15625,5236.25
1785208880.9330537,15,292.375,4215.0
1785208880.9330537,8,347.671875,3657.25
1785208880.9330537,8,349.328125,3670.5
1785208881.0472684,8,357.40625,3915.5
1785208881.0472684,8,173.5625,9998.0
1785208881.0472684,8,175.1875,10077.75
1785208881.0472684,9,176.8125,10122.0
1785208881.0472684,10,178.40625,10070.5
1785208881.0472684,8,181.640625,10136.5
1785208881.0472684,15,212.4375,8638.75
1785208881.0472684,15,217.3125,7780.25
1785208881.0472684,15,220.5625,7324.5
1785208881.0472684,15,222.1875,7123.0
1785208881.0472684,15,225.421875,6713.5
1785208881.0472684,15,231.9375,6029.0
1785208881.0472684,15,233.578125,5941.25
1785208881.0472684,15,235.203125,5851.5
1785208881.0472684,15,244.953125,5164.25
1785208881.0472684,15,246.578125,5105.0
1785208881.0472684,15,248.203125,5057.25
1785208881.0472684,15,249.8125,5015.0
1785208881.0472684,15,251.453125,4968.0
1785208881.0472684,15,253.078125,4929.5
1785208881.0472684,15,254.6875,4909.0
1785208881.0472684,15,256.3125,4957.5
1785208881.0472684,15,257.9375,5055.75
1785208881.0472684,15,259.53125,5175.75
1785208881.0472684,15,261.15625,5235.0
1785208881.0472684,15,262.78125,5224.5
1785208881.0472684,15,264.40625,5225.25
1785208881.0472684,15,266.015625,5216.5
1785208881.0472684,15,267.640625,5212.5
1785208881.0472684,15,269.25,5223.5
1785208881.0472684,15,270.875,5232.75
1785208881.0472684,15,272.5,5265.5
1785208881.0472684,15,274.125,5318.25
1785208881.0472684,9,277.25,5282.0
1785208881.0472684,11,291.859375,4247.25
1785208881.0472684,15,347.1875,3655.25
1785208881.2759438,8,177.515625,10087.5
1785208881.2759438,8,182.359375,10177.75
1785208881.2759438,8,185.59375,10352.75
1785208881.2759438,15,211.5625,8737.25
1785208881.2759438,15,213.1875,8498.75
1785208881.2759438,15,218.0625,7693.0
1785208881.2759438,15,221.3125,7228.5
1785208881.2759438,15,229.484375,6319.25
1785208881.2759438,15,232.734375,5982.75
1785208881.2759438,15,234.359375,5901.5
1785208881.2759438,15,235.984375,5791.25
1785208881.2759438,15,245.796875,4247.0
1785208881.2759438,15,248.984375,5035.25
1785208881.2759438,15,250.625,4996.0
1785208881.2759438,15,252.25,4954.25
1785208881.2759438,15,253.875,4918.5
1785208881.2759438,15,255.484375,4973.0
1785208881.2759438,15,257.109375,5028.25
1785208881.2759438,15,260.34375,5260.5
1785208881.2759438,15,261.953125,5233.5
1785208881.2759438,15,263.5625,5229.25
1785208881.2759438,15,265.203125,5230.5
1785208881.2759438,15,266.828125,5231.0
1785208881.2759438,15,268.453125,5233.75
1785208881.2759438,15,270.0625,5230.5
1785208881.2759438,15,271.671875,5237.5
1785208881.2759438,15,273.3125,5269.5
1785208881.2759438,15,276.53125,5295.5
1785208881.2759438,8,278.140625,5224.5
1785208881.2759438,8,345.109375,3699.75
1785208881.2759438,15,346.671875,3648.25
1785208881.2759438,10,349.90625,3669.75
1785208881.3892941,7,358.015625,3917.25
1785208881.3892941,9,179.390625,10183.25
1785208881.3892941,7,181.015625,10177.25
1785208881.3892941,10,184.265625,10203.0
1785208881.3892941,15,192.390625,8542.25
1785208881.3892941,15,215.15625,8105.5
1785208881.3892941,15,218.40625,7652.75
1785208881.3892941,15,221.671875,7200.75
1785208881.3892941,15,233.015625,5952.75
1785208881.3892941,15,234.640625,5874.75
1785208881.3892941,15,236.28125,5778.0
1785208881.3892941,15,249.265625,5046.0
1785208881.3892941,15,250.890625,4992.0
1785208881.3892941,15,252.515625,4972.0
1785208881.3892941,15,254.125,4925.0
1785208881.3892941,15,255.734375,4960.0
1785208881.3892941,15,257.34375,5031.25
1785208881.3892941,15,260.578125,5264.0
1785208881.3892941,15,262.203125,5244.75
1785208881.3892941,15,263.828125,5231.0
1785208881.3892941,15,265.453125,5211.0
1785208881.3892941,15,267.0625,5214.5
1785208881.3892941,15,268.703125,5239.5
1785208881.3892941,15,270.3125,5238.25
1785208881.3892941,15,271.9375,5253.25
1785208881.3892941,15,273.546875,5295.0
1785208881.3892941,15,276.8125,5309.0
1785208881.3892941,10,345.359375,3708.75
1785208881.3892941,15,346.96875,3656.0
1785208881.3892941,8,348.59375,3664.25
1785208881.6166337,7,178.109375,10094.25
1785208881.6166337,8,179.75,10118.25
1785208881.6166337,8,205.671875,10193.25
1785208881.6166337,15,212.171875,8650.0
1785208881.6166337,15,218.671875,7590.25
1785208881.6166337,15,221.9375,7138.25
1785208881.6166337,15,231.671875,6054.0
1785208881.6166337,15,233.28125,5959.5
1785208881.6166337,15,234.921875,5867.0
1785208881.6166337,15,244.65625,5176.75
1785208881.6166337,15,246.265625,5112.5
1785208881.6166337,15,247.90625,5066.25
1785208881.6166337,15,249.53125,5021.75
1785208881.6166337,15,251.1875,4967.0
1785208881.6166337,15,252.8125,4933.25
1785208881.6166337,15,254.4375,4902.25
1785208881.6166337,15,256.0625,4951.5
1785208881.6166337,15,257.6875,5045.25
1785208881.6166337,15,260.921875,5249.75
1785208881.6166337,15,262.546875,5234.5
1785208881.6166337,15,264.171875,5224.25
1785208881.6166337,15,265.765625,5217.5
1785208881.6166337,15,267.40625,5221.5
1785208881.6166337,15,269.0,5239.25
1785208881.6166337,15,270.640625,5247.5
1785208881.6166337,15,272.265625,5270.5
1785208881.6166337,15,273.875,5307.0
1785208881.6166337,13,277.078125,5293.25
1785208881.6166337,8,285.203125,4735.0
1785208881.6166337,15,291.71875,4258.25
1785208881.6166337,10,345.453125,3706.0
1785208881.6166337,15,347.140625,3656.25
1785208881.728567,9,176.46875,10122.0
1785208881.728567,8,178.078125,10065.25
1785208881.728567,9,181.328125,10134.75
1785208881.728567,7,205.59375,10252.75
1785208881.728567,15,212.078125,8690.25
1785208881.728567,15,218.578125,7598.75
1785208881.728567,15,221.828125,7153.5
1785208881.728567,15,223.453125,6964.0
1785208881.728567,15,231.59375,6050.75
1785208881.728567,15,233.21875,5958.0
1785208881.728567,15,234.828125,5870.5
1785208881.728567,15,244.578125,5175.5
1785208881.728567,15,246.203125,5125.5
1785208881.728567,15,247.828125,5087.25
1785208881.728567,15,249.4375,5046.25
1785208881.728567,15,251.140625,4981.5
1785208881.728567,15,252.765625,4931.5
1785208881.728567,15,254.359375,4902.0
1785208881.728567,15,255.984375,4955.75
1785208881.728567,15,257.609375,5046.5
1785208881.728567,15,260.84375,5246.75
1785208881.728567,15,262.46875,5233.25
1785208881.728567,15,264.09375,5223.75
1785208881.728567,15,265.703125,5216.25
1785208881.728567,15,267.328125,5223.5
1785208881.728567,15,268.9375,5240.75
1785208881.728567,15,270.578125,5249.25
1785208881.728567,15,272.203125,5272.5
1785208881.728567,15,273.828125,5305.75
1785208881.728567,15,277.0,5315.75
1785208881.728567,15,291.640625,4288.5
1785208881.728567,13,347.046875,3637.25
1785208881.728567,8,348.65625,3652.25
1785208881.8430626,8,186.109375,10182.5
1785208881.8430626,15,212.015625,8690.0
1785208881.8430626,15,218.515625,7636.75
1785208881.8430626,15,221.78125,7149.0
1785208881.8430626,15,223.390625,6955.5
1785208881.8430626,15,231.546875,6055.75
1785208881.8430626,15,233.171875,5959.0
1785208881.8430626,15,234.78125,5873.75
1785208881.8430626,15,238.046875,5436.5
1785208881.8430626,15,244.546875,5169.25
1785208881.8430626,15,246.171875,5118.75
1785208881.8430626,15,247.796875,5082.0
1785208881.8430626,15,249.40625,5045.25
1785208881.8430626,15,251.0,4988.25
1785208881.8430626,15,252.625,4940.0
1785208881.8430626,15,254.265625,4902.5
1785208881.8430626,15,255.875,4959.0
1785208881.8430626,15,257.46875,5035.5
1785208881.8430626,15,260.703125,5242.25
1785208881.8430626,15,262.328125,5234.0
1785208881.8430626,15,263.9375,5234.75
1785208881.8430626,15,265.5625,5235.0
1785208881.8430626,15,267.171875,5238.25
1785208881.8430626,15,268.796875,5260.75
1785208881.8430626,15,270.40625,5264.5
1785208881.8430626,15,272.015625,5271.25
1785208881.8430626,15,273.640625,5308.75
1785208881.8430626,15,276.828125,5317.25
1785208881.8430626,8,345.265625,3708.5
1785208881.8430626,15,346.859375,3653.25
1785208881.8430626,9,348.46875,3662.25
1785208881.8430626,8,350.109375,3677.5
1785208881.9576225,9,185.71875,10203.0
1785208881.9576225,8,187.34375,10233.5
1785208881.9576225,15,211.640625,8723.75
1785208881.9576225,15,213.28125,8483.0
1785208881.9576225,15,216.53125,7887.25
1785208881.9576225,15,218.140625,7680.5
1785208881.9576225,15,221.390625,7227.0
1785208881.9576225,15,229.515625,6319.0
1785208881.9576225,15,232.75,5983.25
1785208881.9576225,15,234.375,5902.0
1785208881.9576225,15,236.015625,5791.75
1785208881.9576225,15,248.984375,5038.0
1785208881.9576225,15,250.59375,4996.0
1785208881.9576225,15,252.203125,4955.75
1785208881.9576225,15,253.8125,4919.75
1785208881.9576225,15,255.4375,4971.25
1785208881.9576225,15,257.0625,5016.25
1785208881.9576225,15,260.28125,5256.0
1785208881.9576225,15,261.890625,5237.0
1785208881.9576225,15,263.515625,5241.0
1785208881.9576225,15,265.125,5237.25
1785208881.9576225,15,266.75,5227.75
1785208881.9576225,15,268.359375,5227.75
1785208881.9576225,15,269.984375,5230.25
1785208881.9576225,15,271.59375,5240.75
1785208881.9576225,15,273.203125,5252.75
1785208881.9576225,15,276.390625,5275.5
1785208881.9576225,8,292.609375,4196.0
1785208881.9576225,8,344.75,3705.25
1785208881.9576225,7,346.390625,3633.75
1785208881.9576225,15,347.984375,3636.25
1785208881.9576225,7,349.609375,3666.75
1785208882.0687795,8,180.375,10133.5
1785208882.0687795,7,181.984375,10112.0
1785208882.0687795,15,196.609375,8387.5
1785208882.0687795,11,207.9375,9722.75
1785208882.0687795,15,211.203125,8837.0
1785208882.0687795,15,217.703125,7751.25
1785208882.0687795,15,220.953125,7281.5
1785208882.0687795,15,230.65625,6177.25
1785208882.0687795,15,232.296875,6015.0
1785208882.0687795,15,233.90625,5931.25
1785208882.0687795,15,235.53125,5845.0
1785208882.0687795,15,246.890625,5116.25
1785208882.0687795,15,248.515625,5078.0
1785208882.0687795,15,250.140625,5022.0
1785208882.0687795,15,251.734375,4955.5
1785208882.0687795,15,253.34375,4909.5
1785208882.0687795,15,254.953125,4925.0
1785208882.0687795,15,256.59375,4981.75
1785208882.0687795,15,258.171875,5088.5
1785208882.0687795,15,259.796875,5204.0
1785208882.0687795,15,261.421875,5231.0
1785208882.0687795,15,263.03125,5223.25
1785208882.0687795,15,264.65625,5231.0
1785208882.0687795,15,266.265625,5228.25
1785208882.0687795,15,267.890625,5226.75
1785208882.0687795,15,269.5,5233.5
1785208882.0687795,15,271.109375,5241.0
1785208882.0687795,15,272.734375,5262.75
1785208882.0687795,9,274.328125,5313.75
1785208882.0687795,15,292.140625,4219.75
1785208882.0687795,9,349.078125,3673.5
1785208882.1847165,7,174.875,10074.5
1785208882.1847165,10,178.15625,10089.25
1785208882.1847165,9,179.765625,10123.25
1785208882.1847165,8,181.40625,10152.75
1785208882.1847165,8,183.015625,10141.0
1785208882.1847165,7,186.25,10301.5
1785208882.1847165,8,205.71875,10297.25
1785208882.1847165,15,212.21875,8651.75
1785208882.1847165,15,218.75,7585.5
1785208882.1847165,15,222.0,7136.5
1785208882.1847165,15,228.484375,6340.0
1785208882.1847165,15,231.75,6054.75
1785208882.1847165,15,233.359375,5957.0
1785208882.1847165,15,235.0,5866.75
1785208882.1847165,15,244.75,5170.0
1785208882.1847165,15,246.359375,5112.5
1785208882.1847165,15,247.984375,5067.5
1785208882.1847165,15,249.609375,5023.75
1785208882.1847165,15,251.1875,4970.5
1785208882.1847165,15,252.8125,4932.5
1785208882.1847165,15,254.4375,4904.0
1785208882.1847165,15,256.046875,4957.5
1785208882.1847165,15,257.671875,5047.5
1785208882.1847165,15,260.890625,5244.5
1785208882.1847165,15,262.515625,5232.25
1785208882.1847165,15,264.125,5223.25
1785208882.1847165,15,265.765625,5214.5
1785208882.1847165,15,267.359375,5221.0
1785208882.1847165,15,268.984375,5238.0
1785208882.1847165,15,270.59375,5249.0
1785208882.1847165,15,272.21875,5272.25
1785208882.1847165,15,273.828125,5305.75
1785208882.1847165,15,277.078125,5295.75
1785208882.1847165,15,291.703125,4261.75
1785208882.1847165,8,348.625,3653.5
1785208882.2994854,10,177.71875,10065.5
1785208882.2994854,8,179.421875,10107.5
1785208882.2994854,9,181.046875,10178.5
1785208882.2994854,15,192.4375,8547.5
1785208882.2994854,15,218.375,7650.75
1785208882.2994854,15,221.625,7196.5
1785208882.2994854,15,233.015625,5955.5
1785208882.2994854,15,234.640625,5875.5
1785208882.2994854,15,236.25,5778.0
1785208882.2994854,15,249.265625,5046.0
1785208882.2994854,15,250.90625,4990.25
1785208882.2994854,15,252.515625,4967.25
1785208882.2994854,15,254.15625,4920.5
1785208882.2994854,15,255.765625,4961.0
1785208882.2994854,15,257.375,5030.25
1785208882.2994854,15,260.609375,5261.25
1785208882.2994854,15,262.234375,5243.5
1785208882.2994854,15,263.84375,5231.5
1785208882.2994854,15,265.484375,5213.5
1785208882.2994854,15,267.109375,5214.75
1785208882.2994854,15,268.71875,5238.0
1785208882.2994854,15,270.34375,5239.0
1785208882.2994854,15,271.953125,5254.75
1785208882.2994854,15,273.578125,5297.0
1785208882.2994854,15,276.796875,5313.75
1785208882.2994854,8,345.203125,3708.75
1785208882.2994854,15,346.828125,3653.25
1785208882.2994854,8,348.4375,3663.75
1785208882.2994854,8,350.078125,3679.0
1785208882.4131496,10,177.71875,10053.75
1785208882.4131496,9,179.34375,10107.75
1785208882.4131496,7,180.96875,10188.0
1785208882.4131496,8,182.59375,10175.75
1785208882.4131496,15,211.765625,8719.25
1785208882.4131496,15,216.640625,7885.25
1785208882.4131496,15,218.265625,7672.0
1785208882.4131496,15,221.5,7220.25
1785208882.4131496,15,232.890625,5979.0
1785208882.4131496,15,234.5,5898.5
1785208882.4131496,15,236.125,5786.5
1785208882.4131496,15,249.109375,5039.5
1785208882.4131496,15,250.796875,4998.75
1785208882.4131496,15,252.421875,4967.25
1785208882.4131496,15,254.0625,4921.5
1785208882.4131496,15,255.6875,4961.5
1785208882.4131496,15,257.296875,5029.5
1785208882.4131496,15,260.53125,5262.5
1785208882.4131496,15,262.15625,5245.0
1785208882.4131496,15,263.78125,5231.5
1785208882.4131496,15,265.40625,5213.0
1785208882.4131496,15,267.015625,5213.75
1785208882.4131496,15,268.65625,5236.0
1785208882.4131496,15,270.265625,5237.75
1785208882.4131496,15,271.890625,5248.75
1785208882.4131496,15,273.515625,5291.5
1785208882.4131496,15,276.6875,5314.25
1785208882.4131496,15,346.734375,3708.0
1785208882.4131496,9,350.015625,3671.75
1785208882.5244498,8,179.1875,10136.75
1785208882.5244498,8,180.8125,10185.5
1785208882.5244498,8,182.4375,10211.5
1785208882.5244498,15,211.59375,8720.75
1785208882.5244498,15,213.21875,8494.5
1785208882.5244498,15,218.078125,7682.75
1785208882.5244498,15,221.34375,7226.25
1785208882.5244498,15,231.078125,6120.5
1785208882.5244498,15,232.6875,5988.25
1785208882.5244498,15,234.3125,5915.75
1785208882.5244498,15,235.9375,5809.0
1785208882.5244498,15,245.734375,4181.5
1785208882.5244498,15,248.921875,5044.5
1785208882.5244498,15,250.5625,5001.5
1785208882.5244498,15,252.203125,4965.0
1785208882.5244498,15,253.828125,4925.75
1785208882.5244498,15,255.4375,4972.75
1785208882.5244498,15,257.078125,5023.5
1785208882.5244498,15,260.296875,5259.25
1785208882.5244498,15,261.921875,5235.75
1785208882.5244498,15,263.546875,5231.75
1785208882.5244498,15,265.171875,5231.0
1785208882.5244498,15,266.765625,5229.5
1785208882.5244498,15,268.40625,5231.75
1785208882.5244498,15,270.015625,5231.75
1785208882.5244498,15,271.640625,5239.75
1785208882.5244498,15,273.265625,5270.5
1785208882.5244498,15,276.453125,5293.25
1785208882.5244498,7,344.859375,3710.75
1785208882.5244498,7,346.484375,3642.25
1785208882.5244498,8,348.125,3646.75
1785208882.5244498,7,349.734375,3675.5
1785208882.639814,10,180.453125,10039.5
1785208882.639814,8,186.921875,10140.75
1785208882.639814,15,196.671875,8375.5
1785208882.639814,15,211.21875,8831.25
1785208882.639814,15,217.71875,7718.0
1785208882.639814,15,220.96875,7276.0
1785208882.639814,15,229.140625,6299.0
1785208882.639814,15,232.390625,6003.75
1785208882.639814,15,234.015625,5915.25
1785208882.639814,15,235.640625,5825.0
1785208882.639814,15,247.015625,5122.75
1785208882.639814,15,248.625,5063.0
1785208882.639814,15,250.25,5022.25
1785208882.639814,15,251.875,4974.0
1785208882.639814,15,253.484375,4933.25
1785208882.639814,15,255.078125,4988.0
1785208882.639814,15,256.71875,5025.5
1785208882.639814,15,259.9375,5198.0
1785208882.639814,15,261.5625,5226.5
1785208882.639814,15,263.1875,5214.75
1785208882.639814,15,264.78125,5218.0
1785208882.639814,15,266.40625,5225.25
1785208882.639814,15,268.046875,5217.0
1785208882.639814,15,269.65625,5224.25
1785208882.639814,15,271.265625,5243.25
1785208882.639814,15,272.890625,5251.75
1785208882.639814,11,276.0625,5261.25
1785208882.639814,15,292.296875,4214.5
1785208882.639814,15,346.171875,3645.25
1785208882.639814,10,347.765625,3653.0
1785208882.639814,8,349.375,3673.0
1785208882.75375,7,175.3125,10172.5
1785208882.75375,7,178.546875,10135.25
1785208882.75375,7,180.171875,10028.5
1785208882.75375,8,186.65625,10322.5
1785208882.75375,10,207.734375,9772.75
1785208882.75375,15,210.96875,8853.0
1785208882.75375,15,212.609375,8615.0
1785208882.75375,15,217.484375,7756.75
1785208882.75375,15,223.984375,6879.75
1785208882.75375,15,232.15625,6022.0
1785208882.75375,15,233.765625,5931.0
1785208882.75375,15,235.390625,5841.75
1785208882.75375,15,246.765625,5101.25
1785208882.75375,15,248.40625,5068.0
1785208882.75375,15,250.03125,5030.5
1785208882.75375,15,251.625,4982.25
1785208882.75375,15,253.234375,4927.5
1785208882.75375,14,254.859375,4953.5
1785208882.75375,15,256.46875,5005.25
1785208882.75375,15,258.09375,5069.75
1785208882.75375,15,259.703125,5191.0
1785208882.75375,15,261.34375,5237.25
1785208882.75375,15,262.953125,5233.5
1785208882.75375,15,264.5625,5228.5
1785208882.75375,15,266.171875,5213.0
1785208882.75375,15,267.8125,5229.25
1785208882.75375,15,269.421875,5233.25
1785208882.75375,15,271.03125,5222.5
1785208882.75375,15,272.65625,5238.0
1785208882.75375,15,274.28125,5288.25
1785208882.75375,7,277.46875,5273.5
1785208882.75375,12,292.0625,4221.0
1785208882.75375,9,349.125,3672.0
1785208882.9799922,8,182.890625,10120.25
1785208882.9799922,8,184.515625,10152.75
1785208882.9799922,15,212.078125,8685.25
1785208882.9799922,15,218.578125,7631.75
1785208882.9799922,15,221.84375,7144.75
1785208882.9799922,15,223.46875,6952.5
1785208882.9799922,15,231.53125,6061.75
1785208882.9799922,15,233.15625,5961.75
1785208882.9799922,15,234.78125,5876.75
1785208882.9799922,15,238.046875,5440.0
1785208882.9799922,15,244.515625,5164.75
1785208882.9799922,15,246.125,5111.75
1785208882.9799922,15,247.75,5076.25
1785208882.9799922,15,249.359375,5043.25
1785208882.9799922,15,251.015625,4988.0
1785208882.9799922,15,252.625,4939.0
1785208882.9799922,15,254.234375,4902.0
1785208882.9799922,15,255.859375,4958.0
1785208882.9799922,15,257.46875,5034.75
1785208882.9799922,15,260.6875,5240.75
1785208882.9799922,15,262.3125,5234.25
1785208882.9799922,15,263.921875,5236.25
1785208882.9799922,15,265.546875,5234.0
1785208882.9799922,15,267.15625,5237.5
1785208882.9799922,15,268.765625,5260.25
1785208882.9799922,15,270.390625,5263.0
1785208882.9799922,15,272.015625,5269.75
1785208882.9799922,15,273.625,5307.75
1785208882.9799922,15,276.875,5322.0
1785208882.9799922,8,293.125,4207.0
1785208882.9799922,9,345.25,3708.25
1785208882.9799922,14,346.84375,3654.25
1785208882.9799922,9,348.46875,3665.0
1785208882.9799922,7,350.109375,3679.5
1785208883.094448,8,179.359375,10105.75
1785208883.094448,8,181.0,10192.0
1785208883.094448,8,182.609375,10175.5
1785208883.094448,8,184.25,10205.5
1785208883.094448,15,211.78125,8703.75
1785208883.094448,15,218.28125,7655.5
1785208883.094448,15,221.515625,7197.0
1785208883.094448,15,232.859375,5978.0
1785208883.094448,15,234.484375,5898.0
1785208883.094448,15,236.109375,5786.5
1785208883.094448,15,249.078125,5036.25
1785208883.094448,15,250.71875,4995.5
1785208883.094448,15,252.328125,4957.5
1785208883.094448,15,253.96875,4922.75
1785208883.094448,15,255.5625,4976.75
1785208883.094448,15,257.1875,5030.0
1785208883.094448,15,260.421875,5257.5
1785208883.094448,15,262.046875,5234.75
1785208883.094448,15,263.640625,5234.25
1785208883.094448,15,265.28125,5231.25
1785208883.094448,15,266.890625,5228.75
1785208883.094448,15,268.5,5232.0
1785208883.094448,15,270.109375,5233.25
1785208883.094448,15,271.734375,5241.25
1785208883.094448,15,273.34375,5272.0
1785208883.094448,15,276.578125,5298.25
1785208883.094448,7,348.140625,3648.75
1785208883.094448,8,349.75,3676.5
1785208883.2086554,7,177.359375,10140.0
1785208883.2086554,15,211.40625,8745.5
1785208883.2086554,15,213.03125,8508.25
1785208883.2086554,15,217.90625,7701.75
1785208883.2086554,15,229.25,6347.0
1785208883.2086554,15,232.5,6006.75
1785208883.2086554,15,234.109375,5915.75
1785208883.2086554,15,235.734375,5822.5
1785208883.2086554,15,245.546875,4237.0
1785208883.2086554,15,248.703125,5058.5
1785208883.2086554,15,250.375,5020.5
1785208883.2086554,15,251.984375,4973.75
1785208883.2086554,15,253.625,4932.0
1785208883.2086554,15,255.234375,4983.0
1785208883.2086554,15,256.84375,5021.75
1785208883.2086554,15,260.078125,5268.75
1785208883.2086554,15,261.703125,5232.0
1785208883.2086554,15,263.3125,5217.0
1785208883.2086554,15,264.9375,5206.75
1785208883.2086554,15,266.546875,5214.5
1785208883.2086554,15,268.15625,5221.0
1785208883.2086554,15,269.78125,5225.0
1785208883.2086554,15,271.40625,5227.25
1785208883.2086554,15,273.015625,5242.0
1785208883.2086554,14,276.203125,5234.75
1785208883.2086554,15,292.4375,4209.5
1785208883.2086554,15,346.15625,3643.0
1785208883.2086554,8,347.8125,3649.5
1785208883.320449,8,176.96875,10126.75
1785208883.320449,8,178.578125,10059.75
1785208883.320449,8,181.8125,10069.25
1785208883.320449,8,185.0625,10210.0
1785208883.320449,15,211.0,8852.5
1785208883.320449,15,212.640625,8609.0
1785208883.320449,15,217.515625,7757.0
1785208883.320449,15,219.140625,7544.75
1785208883.320449,15,224.015625,6876.5
1785208883.320449,15,232.140625,6021.0
1785208883.320449,15,233.765625,5929.5
1785208883.320449,15,235.390625,5840.25
1785208883.320449,15,246.75,5103.0
1785208883.320449,15,248.390625,5068.0
1785208883.320449,15,250.0,5029.5
1785208883.320449,15,251.640625,4979.75
1785208883.320449,15,253.265625,4925.25
1785208883.320449,14,254.875,4952.75
1785208883.320449,15,256.484375,5003.75
1785208883.320449,15,258.109375,5067.25
1785208883.320449,15,259.703125,5190.75
1785208883.320449,15,261.328125,5236.75
1785208883.320449,15,262.953125,5230.5
1785208883.320449,15,264.578125,5228.25
1785208883.320449,15,266.203125,5217.5
1785208883.320449,15,267.828125,5229.5
1785208883.320449,15,269.4375,5231.25
1785208883.320449,15,271.0625,5223.5
1785208883.320449,15,272.671875,5239.0
1785208883.320449,15,274.28125,5291.0
1785208883.320449,11,292.078125,4222.75
1785208883.320449,8,349.078125,3669.25
