timestamp,quality,angle_deg,distance_mm
1785216057.5700815,15,351.625,3573.5
1785216057.5700815,15,353.28125,3569.5
1785216057.5700815,7,354.921875,3533.75
1785216057.5700815,15,358.171875,3810.25
1785216057.5700815,15,359.8125,3878.0
1785216057.5700815,15,1.453125,3902.5
1785216057.5700815,15,3.109375,3930.25
1785216057.5700815,15,4.734375,3970.75
1785216057.5700815,12,6.390625,4021.25
1785216057.5700815,15,8.046875,4093.25
1785216057.5700815,15,9.6875,4159.25
1785216057.5700815,12,11.25,4215.25
1785216057.5700815,15,226.4375,4985.25
1785216057.5700815,15,229.71875,4708.5
1785216057.5700815,15,234.796875,3389.75
1785216057.5700815,15,236.421875,3366.5
1785216057.5700815,15,239.640625,3909.75
1785216057.5700815,15,241.3125,3839.5
1785216057.5700815,15,242.9375,3768.25
1785216057.5700815,15,244.609375,3708.5
1785216057.5700815,15,246.265625,3637.0
1785216057.5700815,15,247.921875,3576.75
1785216057.5700815,15,249.578125,3535.0
1785216057.5700815,15,251.1875,3495.75
1785216057.5700815,15,252.84375,3448.5
1785216057.5700815,15,254.46875,3433.25
1785216057.5700815,15,256.125,3484.0
1785216057.5700815,15,257.75,3507.75
1785216057.5700815,15,262.65625,3786.75
1785216057.5700815,15,264.296875,3770.25
1785216057.5700815,15,265.921875,3757.5
1785216057.5700815,15,267.578125,3744.75
1785216057.5700815,15,269.234375,3729.0
1785216057.5700815,15,270.84375,3729.0
1785216057.5700815,15,272.515625,3726.5
1785216057.5700815,15,274.140625,3725.5
1785216057.5700815,15,275.796875,3718.25
1785216057.5700815,15,277.40625,3715.0
1785216057.5700815,15,279.078125,3742.75
1785216057.5700815,15,280.703125,3769.25
1785216057.5700815,15,282.34375,3779.25
1785216057.5700815,15,283.984375,3782.0
1785216057.5700815,15,285.625,3797.25
1785216057.5700815,15,287.25,3828.0
1785216057.5700815,15,288.875,3864.5
1785216057.5700815,15,293.84375,3594.0
1785216057.5700815,15,297.15625,3304.25
1785216057.5700815,15,298.9375,3342.25
1785216057.5700815,15,300.578125,3387.5
1785216057.5700815,15,302.234375,3440.25
1785216057.5700815,15,303.859375,3498.0
1785216057.5700815,15,305.5,3563.25
1785216057.5700815,15,307.15625,3643.0
1785216057.5700815,11,308.8125,3681.5
1785216057.5700815,12,313.765625,3661.75
1785216057.5700815,9,315.40625,3617.75
1785216057.5700815,15,317.0625,3562.0
1785216057.5700815,15,318.71875,3521.25
1785216057.5700815,15,320.375,3501.5
1785216057.5700815,15,322.046875,3487.75
1785216057.5700815,15,323.6875,3489.75
1785216057.5700815,3,325.328125,3455.25
1785216057.5700815,15,327.0,3422.25
1785216057.5700815,5,328.625,3427.25
1785216057.5700815,7,330.296875,3419.75
1785216057.5700815,15,331.921875,3430.75
1785216057.5700815,15,333.59375,3442.25
1785216057.5700815,15,335.234375,3440.0
1785216057.5700815,15,340.171875,3451.25
1785216057.5700815,15,341.8125,3461.25
1785216057.5700815,15,343.46875,3471.5
1785216057.5700815,15,345.125,3499.0
1785216057.5700815,15,346.734375,3524.75
1785216057.5700815,15,348.390625,3538.0
1785216057.5700815,11,350.03125,3552.75
1785216058.9130332,15,351.6875,3572.25
1785216058.9130332,15,353.3125,3572.75
1785216058.9130332,9,354.96875,3539.25
1785216058.9130332,15,358.21875,3809.0
1785216058.9130332,15,359.875,3878.0
1785216058.9130332,15,1.515625,3905.5
1785216058.9130332,15,3.171875,3937.25
1785216058.9130332,13,4.796875,3982.25
1785216058.9130332,13,6.421875,4027.0
1785216058.9130332,15,8.09375,4093.0
1785216058.9130332,15,9.734375,4163.75
1785216058.9130332,13,11.328125,4222.75
1785216058.9130332,13,12.953125,4321.5
1785216058.9130332,13,197.046875,8024.5
1785216058.9130332,15,225.078125,5105.25
1785216058.9130332,15,226.765625,4961.75
1785216058.9130332,15,230.0625,4695.75
1785216058.9130332,15,235.125,3374.0
1785216058.9130332,15,239.984375,3879.5
1785216058.9130332,15,241.640625,3807.75
1785216058.9130332,15,243.28125,3753.75
1785216058.9130332,15,244.9375,3692.75
1785216058.9130332,15,246.625,3620.75
1785216058.9130332,15,248.25,3570.25
1785216058.9130332,15,249.90625,3529.5
1785216058.9130332,15,251.546875,3479.5
1785216058.9130332,15,253.203125,3426.5
1785216058.9130332,15,254.8125,3451.25
1785216058.9130332,15,256.46875,3516.0
1785216058.9130332,15,258.125,3503.5
1785216058.9130332,15,261.375,3731.5
1785216058.9130332,15,263.03125,3785.0
1785216058.9130332,15,264.65625,3772.75
1785216058.9130332,15,266.328125,3757.0
1785216058.9130332,15,267.9375,3743.25
1785216058.9130332,15,269.609375,3713.0
1785216058.9130332,15,271.25,3696.25
1785216058.9130332,15,272.890625,3713.75
1785216058.9130332,15,274.46875,3730.75
1785216058.9130332,15,276.125,3730.5
1785216058.9130332,15,277.765625,3738.25
1785216058.9130332,15,279.40625,3755.25
1785216058.9130332,15,281.03125,3769.25
1785216058.9130332,15,282.6875,3783.25
1785216058.9130332,15,284.328125,3794.5
1785216058.9130332,15,285.96875,3804.25
1785216058.9130332,15,287.609375,3832.0
1785216058.9130332,15,289.21875,3865.0
1785216058.9130332,15,294.171875,3547.75
1785216058.9130332,15,297.5,3306.5
1785216058.9130332,15,299.21875,3347.75
1785216058.9130332,15,300.84375,3393.0
1785216058.9130332,15,302.46875,3451.75
1785216058.9130332,15,304.125,3512.0
1785216058.9130332,15,305.765625,3579.75
1785216058.9130332,15,307.421875,3663.25
1785216058.9130332,8,309.03125,3686.75
1785216058.9130332,14,314.0,3656.25
1785216058.9130332,6,315.65625,3614.75
1785216058.9130332,11,317.296875,3557.0
1785216058.9130332,15,318.953125,3513.75
1785216058.9130332,15,320.59375,3502.75
1785216058.9130332,15,322.21875,3502.5
1785216058.9130332,14,323.9375,3488.5
1785216058.9130332,15,325.59375,3470.25
1785216058.9130332,8,327.25,3435.0
1785216058.9130332,9,328.90625,3407.5
1785216058.9130332,15,330.546875,3423.25
1785216058.9130332,15,332.203125,3438.5
1785216058.9130332,7,333.859375,3436.75
1785216058.9130332,15,335.5,3444.0
1785216058.9130332,15,337.171875,3462.0
1785216058.9130332,15,338.796875,3465.75
1785216058.9130332,15,340.453125,3472.0
1785216058.9130332,15,342.09375,3482.75
1785216058.9130332,15,343.75,3496.0
1785216058.9130332,15,345.40625,3522.75
1785216058.9130332,15,347.03125,3535.25
1785216058.9130332,15,348.671875,3545.75
1785216058.9130332,15,350.296875,3575.0
1785216059.0270596,15,351.953125,3583.5
1785216059.0270596,15,353.625,3564.25
1785216059.0270596,9,355.265625,3574.25
1785216059.0270596,15,358.53125,3840.75
1785216059.0270596,15,0.171875,3887.25
1785216059.0270596,15,1.8125,3906.75
1785216059.0270596,15,3.46875,3942.25
1785216059.0270596,12,5.109375,3986.0
1785216059.0270596,15,6.75,4046.75
1785216059.0270596,15,8.40625,4117.5
1785216059.0270596,12,10.03125,4178.25
1785216059.0270596,14,11.625,4262.25
1785216059.0270596,15,13.234375,4360.25
1785216059.0270596,9,185.609375,10279.0
1785216059.0270596,13,197.15625,7868.25
1785216059.0270596,15,228.515625,4807.0
1785216059.0270596,15,230.15625,4686.75
1785216059.0270596,15,235.203125,3374.5
1785216059.0270596,15,240.09375,3884.0
1785216059.0270596,15,241.75,3810.0
1785216059.0270596,15,243.421875,3748.25
1785216059.0270596,15,245.046875,3687.0
1785216059.0270596,15,246.71875,3621.5
1785216059.0270596,15,248.359375,3569.25
1785216059.0270596,15,250.015625,3522.25
1785216059.0270596,15,251.65625,3474.0
1785216059.0270596,15,253.28125,3427.25
1785216059.0270596,15,254.9375,3447.0
1785216059.0270596,15,256.5625,3511.0
1785216059.0270596,15,258.21875,3504.25
1785216059.0270596,15,261.46875,3733.5
1785216059.0270596,15,263.109375,3782.0
1785216059.0270596,15,264.765625,3769.0
1785216059.0270596,15,266.40625,3751.25
1785216059.0270596,15,268.0625,3725.75
1785216059.0270596,15,269.6875,3722.5
1785216059.0270596,15,271.359375,3716.25
1785216059.0270596,15,272.96875,3713.5
1785216059.0270596,15,274.5625,3730.5
1785216059.0270596,15,276.203125,3729.25
1785216059.0270596,15,277.84375,3733.25
1785216059.0270596,15,279.5,3743.75
1785216059.0270596,15,281.140625,3761.5
1785216059.0270596,15,282.765625,3777.5
1785216059.0270596,15,284.40625,3792.0
1785216059.0270596,15,286.0625,3808.0
1785216059.0270596,15,287.6875,3831.75
1785216059.0270596,15,289.3125,3864.75
1785216059.0270596,15,297.59375,3310.0
1785216059.0270596,15,299.34375,3355.25
1785216059.0270596,15,301.03125,3396.5
1785216059.0270596,15,302.640625,3453.25
1785216059.0270596,15,304.296875,3515.25
1785216059.0270596,15,305.921875,3584.25
1785216059.0270596,15,307.5625,3666.75
1785216059.0270596,8,312.53125,3683.0
1785216059.0270596,10,314.15625,3635.75
1785216059.0270596,7,315.828125,3595.5
1785216059.0270596,12,317.484375,3555.75
1785216059.0270596,13,319.140625,3508.75
1785216059.0270596,15,320.765625,3492.5
1785216059.0270596,15,322.453125,3487.0
1785216059.0270596,15,324.09375,3474.5
1785216059.0270596,15,325.734375,3468.0
1785216059.0270596,8,327.390625,3437.75
1785216059.0270596,11,329.0625,3415.5
1785216059.0270596,15,330.6875,3427.75
1785216059.0270596,15,332.34375,3436.0
1785216059.0270596,15,333.984375,3434.0
1785216059.0270596,15,335.640625,3444.0
1785216059.0270596,15,337.28125,3459.25
1785216059.0270596,15,338.9375,3460.25
1785216059.0270596,15,340.59375,3464.0
1785216059.0270596,15,342.21875,3479.75
1785216059.0270596,15,343.890625,3499.0
1785216059.0270596,15,345.515625,3523.5
1785216059.0270596,15,347.125,3534.5
1785216059.0270596,11,348.78125,3545.25
1785216059.0270596,15,350.4375,3575.75
1785216059.1381588,15,352.078125,3574.75
1785216059.1381588,15,353.703125,3554.25
1785216059.1381588,9,355.359375,3600.5
1785216059.1381588,15,358.65625,3837.75
1785216059.1381588,15,0.25,3886.25
1785216059.1381588,15,1.90625,3909.0
1785216059.1381588,15,3.578125,3945.75
1785216059.1381588,14,5.21875,3986.5
1785216059.1381588,15,6.828125,4044.25
1785216059.1381588,15,8.46875,4115.5
1785216059.1381588,14,10.125,4179.25
1785216059.1381588,13,11.71875,4262.0
1785216059.1381588,15,13.34375,4359.25
1785216059.1381588,8,187.40625,10229.75
1785216059.1381588,15,223.734375,5260.75
1785216059.1381588,15,228.65625,4796.0
1785216059.1381588,15,230.296875,4680.25
1785216059.1381588,15,235.359375,3379.0
1785216059.1381588,15,240.234375,3888.75
1785216059.1381588,15,241.875,3812.5
1785216059.1381588,15,243.515625,3736.75
1785216059.1381588,15,245.1875,3675.0
1785216059.1381588,15,246.828125,3622.25
1785216059.1381588,15,248.453125,3573.5
1785216059.1381588,15,250.109375,3523.5
1785216059.1381588,15,251.75,3475.0
1785216059.1381588,15,253.40625,3426.75
1785216059.1381588,15,256.6875,3531.0
1785216059.1381588,15,258.3125,3505.75
1785216059.1381588,15,261.5625,3746.75
1785216059.1381588,15,263.203125,3784.0
1785216059.1381588,15,264.84375,3770.25
1785216059.1381588,15,266.5,3752.25
1785216059.1381588,15,268.15625,3740.25
1785216059.1381588,15,269.796875,3706.5
1785216059.1381588,15,271.4375,3682.75
1785216059.1381588,15,273.0625,3711.0
1785216059.1381588,15,274.703125,3734.25
1785216059.1381588,15,276.359375,3730.25
1785216059.1381588,15,277.984375,3732.25
1785216059.1381588,15,279.625,3743.75
1785216059.1381588,15,281.28125,3761.75
1785216059.1381588,15,282.921875,3780.5
1785216059.1381588,15,284.5625,3782.0
1785216059.1381588,15,286.1875,3795.75
1785216059.1381588,15,287.828125,3835.25
1785216059.1381588,15,289.46875,3872.5
1785216059.1381588,15,297.734375,3314.0
1785216059.1381588,15,299.515625,3358.0
1785216059.1381588,15,301.1875,3404.0
1785216059.1381588,15,302.78125,3464.25
1785216059.1381588,15,304.4375,3525.5
1785216059.1381588,15,306.078125,3596.5
1785216059.1381588,15,307.734375,3674.25
1785216059.1381588,10,312.6875,3686.25
1785216059.1381588,11,314.359375,3647.0
1785216059.1381588,7,316.0,3603.0
1785216059.1381588,15,317.65625,3550.25
1785216059.1381588,14,319.3125,3510.0
1785216059.1381588,15,320.96875,3494.75
1785216059.1381588,15,322.59375,3487.25
1785216059.1381588,15,324.25,3476.25
1785216059.1381588,15,325.890625,3462.0
1785216059.1381588,11,327.546875,3433.5
1785216059.1381588,15,329.1875,3417.5
1785216059.1381588,5,330.828125,3419.5
1785216059.1381588,6,332.5,3416.75
1785216059.1381588,15,334.140625,3436.5
1785216059.1381588,15,335.78125,3453.5
1785216059.1381588,8,337.4375,3407.25
1785216059.1381588,15,339.078125,3410.0
1785216059.1381588,15,340.75,3467.75
1785216059.1381588,15,342.390625,3474.0
1785216059.1381588,15,344.046875,3490.5
1785216059.1381588,15,345.6875,3518.25
1785216059.1381588,15,347.3125,3533.75
1785216059.1381588,14,348.9375,3553.5
1785216059.248988,15,350.59375,3578.5
1785216059.248988,15,352.234375,3582.75
1785216059.248988,15,353.90625,3564.75
1785216059.248988,10,357.15625,3766.25
1785216059.248988,15,358.8125,3836.0
1785216059.248988,15,0.4375,3887.25
1785216059.248988,15,2.078125,3915.0
1785216059.248988,15,3.734375,3941.75
1785216059.248988,11,5.375,3984.0
1785216059.248988,15,7.0,4044.25
1785216059.248988,15,8.65625,4118.75
1785216059.248988,13,10.296875,4186.25
1785216059.248988,11,11.875,4269.75
1785216059.248988,14,13.53125,4362.25
1785216059.248988,7,181.0625,10182.0
1785216059.248988,15,197.546875,8143.0
1785216059.248988,15,222.34375,5388.75
1785216059.248988,15,227.25,4820.25
1785216059.248988,15,228.90625,4775.5
1785216059.248988,15,230.546875,4664.5
1785216059.248988,15,233.9375,3403.5
1785216059.248988,15,235.578125,3371.5
1785216059.248988,15,240.4375,3866.75
1785216059.248988,15,242.078125,3794.25
1785216059.248988,15,243.734375,3731.5
1785216059.248988,15,245.390625,3672.0
1785216059.248988,15,247.0625,3610.25
1785216059.248988,15,248.671875,3562.0
1785216059.248988,15,250.34375,3526.25
1785216059.248988,15,252.0,3475.5
1785216059.248988,15,253.65625,3425.25
1785216059.248988,15,256.9375,3536.0
1785216059.248988,15,258.5625,3505.0
1785216059.248988,15,261.84375,3772.75
1785216059.248988,15,263.453125,3773.0
1785216059.248988,15,265.109375,3753.0
1785216059.248988,15,266.765625,3752.75
1785216059.248988,15,268.40625,3740.5
1785216059.248988,15,270.046875,3719.25
1785216059.248988,15,271.671875,3719.5
1785216059.248988,15,273.328125,3719.25
1785216059.248988,15,274.9375,3724.5
1785216059.248988,15,276.59375,3731.75
1785216059.248988,15,278.25,3734.75
1785216059.248988,15,279.890625,3757.0
1785216059.248988,15,281.515625,3779.5
1785216059.248988,15,283.15625,3785.0
1785216059.248988,15,284.8125,3793.5
1785216059.248988,15,286.4375,3808.25
1785216059.248988,15,288.0625,3834.5
1785216059.248988,15,289.703125,3850.5
1785216059.248988,15,293.03125,3620.5
1785216059.248988,15,297.984375,3321.0
1785216059.248988,15,299.765625,3364.5
1785216059.248988,15,301.375,3411.0
1785216059.248988,15,303.03125,3471.75
1785216059.248988,15,304.65625,3534.0
1785216059.248988,15,306.3125,3607.5
1785216059.248988,15,307.921875,3695.75
1785216059.248988,15,312.90625,3697.5
1785216059.248988,7,314.546875,3624.0
1785216059.248988,11,316.203125,3563.5
1785216059.248988,13,317.84375,3524.75
1785216059.248988,15,319.53125,3498.0
1785216059.248988,15,321.15625,3471.75
1785216059.248988,15,322.828125,3472.75
1785216059.248988,15,324.453125,3476.5
1785216059.248988,15,326.125,3446.0
1785216059.248988,11,327.765625,3413.5
1785216059.248988,15,329.40625,3418.75
1785216059.248988,15,331.046875,3437.75
1785216059.248988,15,332.6875,3439.5
1785216059.248988,4,334.34375,3433.0
1785216059.248988,5,335.984375,3417.0
1785216059.248988,15,337.640625,3418.25
1785216059.248988,15,339.296875,3439.25
1785216059.248988,15,340.953125,3445.25
1785216059.248988,15,342.578125,3452.25
1785216059.248988,15,344.234375,3483.75
1785216059.248988,15,345.890625,3524.25
1785216059.248988,15,347.515625,3538.25
1785216059.248988,13,349.15625,3547.5
1785216059.360777,15,350.796875,3579.5
1785216059.360777,15,352.453125,3583.25
1785216059.360777,15,354.09375,3563.0
1785216059.360777,11,357.375,3791.75
1785216059.360777,15,359.0,3870.25
1785216059.360777,15,0.65625,3896.5
1785216059.360777,15,2.296875,3913.0
1785216059.360777,14,3.953125,3945.75
1785216059.360777,11,5.578125,3997.5
1785216059.360777,15,7.234375,4067.0
1785216059.360777,15,8.859375,4128.5
1785216059.360777,11,10.484375,4193.5
1785216059.360777,14,12.125,4292.0
1785216059.360777,15,13.765625,4385.5
1785216059.360777,7,182.921875,10309.5
1785216059.360777,15,222.515625,5380.25
1785216059.360777,15,227.421875,4903.75
1785216059.360777,15,229.078125,4775.25
1785216059.360777,15,230.734375,4656.75
1785216059.360777,15,234.109375,3405.5
1785216059.360777,15,235.78125,3370.25
1785216059.360777,15,240.625,3862.25
1785216059.360777,15,242.28125,3790.75
1785216059.360777,15,243.9375,3736.5
1785216059.360777,15,245.578125,3674.0
1785216059.360777,15,247.234375,3609.25
1785216059.360777,15,248.875,3565.25
1785216059.360777,15,250.546875,3520.0
1785216059.360777,15,252.171875,3463.5
1785216059.360777,15,253.828125,3415.25
1785216059.360777,15,257.09375,3532.5
1785216059.360777,15,258.734375,3538.5
1785216059.360777,15,261.984375,3793.75
1785216059.360777,15,263.65625,3774.75
1785216059.360777,15,265.296875,3757.0
1785216059.360777,15,266.921875,3749.75
1785216059.360777,15,268.5625,3736.5
1785216059.360777,15,270.203125,3721.75
1785216059.360777,15,271.859375,3714.0
1785216059.360777,15,273.5,3718.0
1785216059.360777,15,275.15625,3720.25
1785216059.360777,15,276.78125,3725.75
1785216059.360777,15,278.4375,3747.0
1785216059.360777,15,280.078125,3764.5
1785216059.360777,15,281.71875,3774.75
1785216059.360777,15,283.34375,3786.25
1785216059.360777,15,284.984375,3805.75
1785216059.360777,15,286.625,3822.5
1785216059.360777,15,288.25,3845.75
1785216059.360777,15,289.90625,3836.75
1785216059.360777,15,293.21875,3620.0
1785216059.360777,15,298.171875,3328.5
1785216059.360777,15,299.875,3372.5
1785216059.360777,15,301.53125,3416.75
1785216059.360777,15,303.15625,3478.5
1785216059.360777,15,304.796875,3547.75
1785216059.360777,15,306.4375,3625.25
1785216059.360777,15,308.0625,3702.75
1785216059.360777,15,313.015625,3695.5
1785216059.360777,12,314.671875,3638.0
1785216059.360777,8,316.34375,3591.0
1785216059.360777,13,317.96875,3536.0
1785216059.360777,15,319.625,3500.0
1785216059.360777,15,321.296875,3485.5
1785216059.360777,15,322.9375,3487.25
1785216059.360777,15,324.59375,3481.75
1785216059.360777,15,326.234375,3460.5
1785216059.360777,15,327.90625,3427.75
1785216059.360777,5,329.53125,3419.0
1785216059.360777,15,331.171875,3441.75
1785216059.360777,7,332.84375,3436.0
1785216059.360777,15,334.46875,3425.0
1785216059.360777,15,336.109375,3431.5
1785216059.360777,15,337.765625,3457.0
1785216059.360777,15,339.40625,3464.75
1785216059.360777,15,341.078125,3467.0
1785216059.360777,15,342.71875,3484.5
1785216059.360777,15,344.34375,3503.0
1785216059.360777,15,345.96875,3534.75
1785216059.360777,13,347.671875,3545.25
1785216059.360777,10,349.3125,3556.25
1785216059.4722686,15,350.953125,3581.75
1785216059.4722686,15,352.59375,3581.5
1785216059.4722686,14,354.25,3566.75
1785216059.4722686,15,357.5,3807.0
1785216059.4722686,15,359.15625,3872.75
1785216059.4722686,15,0.78125,3895.25
1785216059.4722686,15,2.453125,3929.75
1785216059.4722686,14,4.09375,3968.5
1785216059.4722686,15,5.734375,4005.5
1785216059.4722686,15,7.375,4080.0
1785216059.4722686,15,9.03125,4144.0
1785216059.4722686,10,10.625,4210.75
1785216059.4722686,15,12.28125,4304.5
1785216059.4722686,14,13.90625,4385.75
1785216059.4722686,9,183.0625,10239.75
1785216059.4722686,15,229.28125,4750.25
1785216059.4722686,15,230.921875,4647.5
1785216059.4722686,15,234.3125,3410.0
1785216059.4722686,15,235.984375,3356.75
1785216059.4722686,15,240.84375,3852.75
1785216059.4722686,15,242.484375,3782.25
1785216059.4722686,15,244.140625,3729.75
1785216059.4722686,15,245.796875,3665.0
1785216059.4722686,15,247.453125,3601.5
1785216059.4722686,15,249.09375,3553.5
1785216059.4722686,15,250.75,3514.5
1785216059.4722686,15,252.421875,3464.75
1785216059.4722686,15,254.0625,3410.25
1785216059.4722686,15,257.3125,3525.25
1785216059.4722686,15,262.234375,3785.0
1785216059.4722686,15,263.890625,3766.0
1785216059.4722686,15,265.515625,3752.5
1785216059.4722686,15,267.15625,3736.75
1785216059.4722686,15,268.8125,3734.5
1785216059.4722686,15,270.4375,3733.5
1785216059.4722686,15,272.109375,3728.25
1785216059.4722686,15,273.71875,3725.25
1785216059.4722686,15,275.34375,3711.25
1785216059.4722686,15,276.984375,3711.5
1785216059.4722686,15,278.625,3736.25
1785216059.4722686,15,280.265625,3759.75
1785216059.4722686,15,281.90625,3770.25
1785216059.4722686,15,283.546875,3783.75
1785216059.4722686,15,285.1875,3804.25
1785216059.4722686,15,286.828125,3823.25
1785216059.4722686,15,288.46875,3855.0
1785216059.4722686,15,290.109375,3834.75
1785216059.4722686,15,293.40625,3628.25
1785216059.4722686,15,296.71875,3337.5
1785216059.4722686,15,298.46875,3332.5
1785216059.4722686,15,300.078125,3374.0
1785216059.4722686,15,301.71875,3422.0
1785216059.4722686,15,303.359375,3485.75
1785216059.4722686,15,305.015625,3550.0
1785216059.4722686,15,306.625,3627.25
1785216059.4722686,15,308.28125,3707.5
1785216059.4722686,15,313.21875,3698.5
1785216059.4722686,15,314.875,3636.25
1785216059.4722686,7,316.546875,3585.5
1785216059.4722686,15,318.1875,3533.25
1785216059.4722686,15,319.8125,3506.0
1785216059.4722686,15,321.484375,3500.75
1785216059.4722686,15,323.140625,3499.75
1785216059.4722686,15,324.796875,3484.5
1785216059.4722686,15,326.4375,3460.75
1785216059.4722686,15,328.078125,3444.25
1785216059.4722686,8,329.734375,3442.25
1785216059.4722686,5,331.375,3439.75
1785216059.4722686,15,333.015625,3442.0
1785216059.4722686,15,334.6875,3453.25
1785216059.4722686,15,336.328125,3460.25
1785216059.4722686,15,337.96875,3477.5
1785216059.4722686,15,339.625,3487.25
1785216059.4722686,15,341.25,3488.0
1785216059.4722686,15,342.90625,3501.0
1785216059.4722686,15,344.546875,3518.0
1785216059.4722686,15,346.21875,3535.25
1785216059.4722686,15,347.859375,3539.0
1785216059.4722686,10,349.5,3549.5
1785216059.5876672,15,351.171875,3576.0
1785216059.5876672,15,352.796875,3576.5
1785216059.5876672,8,354.453125,3544.25
1785216059.5876672,15,357.734375,3807.0
1785216059.5876672,15,359.359375,3884.0
1785216059.5876672,15,1.0,3907.25
1785216059.5876672,15,2.65625,3923.0
1785216059.5876672,15,4.296875,3951.75
1785216059.5876672,12,5.9375,4002.5
1785216059.5876672,15,7.59375,4083.25
1785216059.5876672,15,9.21875,4146.0
1785216059.5876672,10,10.796875,4201.25
1785216059.5876672,15,12.421875,4297.5
1785216059.5876672,7,14.078125,4389.0
1785216059.5876672,8,179.84375,10243.0
1785216059.5876672,7,186.4375,10276.25
1785216059.5876672,15,222.75,5356.5
1785216059.5876672,15,229.34375,4748.5
1785216059.5876672,15,231.0,4635.25
1785216059.5876672,15,234.390625,3410.75
1785216059.5876672,15,236.03125,3357.75
1785216059.5876672,15,240.90625,3852.0
1785216059.5876672,15,242.546875,3782.75
1785216059.5876672,15,244.21875,3723.25
1785216059.5876672,15,245.875,3649.5
1785216059.5876672,15,247.515625,3595.5
1785216059.5876672,15,249.171875,3556.0
1785216059.5876672,15,250.875,3514.0
1785216059.5876672,15,252.5,3464.25
1785216059.5876672,15,254.171875,3408.75
1785216059.5876672,15,257.453125,3521.0
1785216059.5876672,15,259.09375,3541.75
1785216059.5876672,15,262.328125,3784.25
1785216059.5876672,15,263.984375,3764.75
1785216059.5876672,15,265.65625,3755.0
1785216059.5876672,15,267.28125,3736.25
1785216059.5876672,15,268.9375,3713.25
1785216059.5876672,15,270.578125,3709.0
1785216059.5876672,15,272.21875,3715.75
1785216059.5876672,15,273.890625,3718.5
1785216059.5876672,15,275.46875,3710.5
1785216059.5876672,15,277.125,3711.75
1785216059.5876672,15,278.75,3736.5
1785216059.5876672,15,280.375,3759.25
1785216059.5876672,15,282.015625,3775.5
1785216059.5876672,15,283.65625,3789.0
1785216059.5876672,15,285.296875,3798.5
1785216059.5876672,15,286.953125,3811.0
1785216059.5876672,15,288.578125,3848.5
1785216059.5876672,15,293.515625,3629.25
1785216059.5876672,15,296.84375,3319.0
1785216059.5876672,15,298.53125,3335.0
1785216059.5876672,15,300.1875,3375.75
1785216059.5876672,15,301.8125,3423.0
1785216059.5876672,15,303.46875,3482.5
1785216059.5876672,15,305.09375,3551.75
1785216059.5876672,15,306.734375,3637.25
1785216059.5876672,15,308.34375,3710.0
1785216059.5876672,12,313.3125,3695.5
1785216059.5876672,13,314.96875,3642.0
1785216059.5876672,9,316.625,3600.25
1785216059.5876672,15,318.28125,3541.75
1785216059.5876672,13,319.90625,3502.5
1785216059.5876672,15,321.5625,3495.75
1785216059.5876672,15,323.265625,3495.25
1785216059.5876672,15,324.90625,3480.5
1785216059.5876672,15,326.5625,3459.25
1785216059.5876672,15,328.1875,3435.25
1785216059.5876672,6,329.875,3430.0
1785216059.5876672,4,331.53125,3435.0
1785216059.5876672,15,333.140625,3440.5
1785216059.5876672,15,334.78125,3453.5
1785216059.5876672,15,336.4375,3456.25
1785216059.5876672,15,338.109375,3462.0
1785216059.5876672,15,339.75,3467.75
1785216059.5876672,15,341.390625,3476.5
1785216059.5876672,15,343.03125,3495.5
1785216059.5876672,15,344.671875,3512.75
1785216059.5876672,15,346.34375,3528.25
1785216059.5876672,15,347.96875,3539.25
1785216059.5876672,12,349.609375,3554.5
1785216059.6982012,15,351.234375,3576.5
1785216059.6982012,15,352.90625,3574.0
1785216059.6982012,8,354.5625,3540.5
1785216059.6982012,15,357.828125,3809.5
1785216059.6982012,15,359.4375,3870.5
1785216059.6982012,15,1.09375,3895.0
1785216059.6982012,15,2.75,3922.75
1785216059.6982012,13,4.390625,3952.75
1785216059.6982012,15,6.015625,4001.75
1785216059.6982012,15,7.671875,4079.5
1785216059.6982012,15,9.3125,4143.0
1785216059.6982012,12,10.859375,4222.0
1785216059.6982012,15,12.5,4332.5
1785216059.6982012,7,14.125,4416.25
1785216059.6982012,15,229.296875,4743.25
1785216059.6982012,15,230.9375,4641.0
1785216059.6982012,15,234.375,3407.25
1785216059.6982012,15,236.015625,3356.5
1785216059.6982012,15,240.90625,3850.75
1785216059.6982012,15,242.546875,3782.75
1785216059.6982012,15,244.1875,3729.0
1785216059.6982012,15,245.84375,3657.0
1785216059.6982012,15,247.5,3595.0
1785216059.6982012,15,249.15625,3555.25
1785216059.6982012,15,250.796875,3513.5
1785216059.6982012,15,252.4375,3464.25
1785216059.6982012,15,254.109375,3411.25
1785216059.6982012,15,257.375,3519.5
1785216059.6982012,15,262.28125,3785.25
1785216059.6982012,15,263.921875,3768.0
1785216059.6982012,15,265.59375,3753.5
1785216059.6982012,15,267.21875,3736.75
1785216059.6982012,15,268.875,3720.25
1785216059.6982012,15,270.53125,3715.75
1785216059.6982012,15,272.15625,3717.0
1785216059.6982012,15,273.8125,3719.25
1785216059.6982012,15,275.40625,3715.0
1785216059.6982012,15,277.046875,3715.25
1785216059.6982012,15,278.6875,3738.5
1785216059.6982012,15,280.3125,3759.5
1785216059.6982012,15,281.953125,3770.5
1785216059.6982012,15,283.609375,3785.0
1785216059.6982012,15,285.265625,3798.75
1785216059.6982012,15,286.875,3810.25
1785216059.6982012,15,288.515625,3847.25
1785216059.6982012,15,293.46875,3631.5
1785216059.6982012,15,296.8125,3335.75
1785216059.6982012,15,298.515625,3332.5
1785216059.6982012,15,300.15625,3375.75
1785216059.6982012,15,301.796875,3422.75
1785216059.6982012,15,303.453125,3482.0
1785216059.6982012,15,305.078125,3552.25
1785216059.6982012,15,306.71875,3636.75
1785216059.6982012,15,308.34375,3709.0
1785216059.6982012,13,313.296875,3695.5
1785216059.6982012,11,314.953125,3639.5
1785216059.6982012,8,316.625,3596.25
1785216059.6982012,15,318.25,3539.25
1785216059.6982012,14,319.90625,3501.0
1785216059.6982012,13,321.5625,3472.75
1785216059.6982012,15,323.25,3473.25
1785216059.6982012,15,324.90625,3480.75
1785216059.6982012,15,326.546875,3457.75
1785216059.6982012,15,328.203125,3435.0
1785216059.6982012,6,329.84375,3414.75
1785216059.6982012,15,331.5,3418.5
1785216059.6982012,15,333.140625,3438.75
1785216059.6982012,15,334.796875,3450.5
1785216059.6982012,15,336.4375,3454.5
1785216059.6982012,15,338.109375,3462.25
1785216059.6982012,15,339.734375,3471.0
1785216059.6982012,15,341.421875,3477.75
1785216059.6982012,15,343.046875,3492.75
1785216059.6982012,15,344.703125,3512.0
1785216059.6982012,15,346.34375,3528.25
1785216059.6982012,15,347.9375,3539.0
1785216059.6982012,10,349.578125,3554.25
1785216059.8095047,15,351.234375,3576.5
1785216059.8095047,15,352.890625,3575.25
1785216059.8095047,8,354.53125,3540.0
1785216059.8095047,15,357.78125,3807.25
1785216059.8095047,15,359.4375,3872.25
1785216059.8095047,15,1.078125,3896.0
1785216059.8095047,15,2.703125,3924.75
1785216059.8095047,15,4.359375,3955.75
1785216059.8095047,12,6.0,4003.5
1785216059.8095047,15,7.625,4083.25
1785216059.8095047,15,9.265625,4146.25
1785216059.8095047,12,10.875,4221.25
1785216059.8095047,15,12.484375,4333.0
1785216059.8095047,7,14.125,4419.25
1785216059.8095047,8,179.875,10287.75
1785216059.8095047,7,183.140625,10266.5
1785216059.8095047,15,222.71875,5352.25
1785216059.8095047,15,229.34375,4742.75
1785216059.8095047,15,230.984375,4633.5
1785216059.8095047,15,234.390625,3409.5
1785216059.8095047,15,236.03125,3354.5
1785216059.8095047,15,240.9375,3846.75
1785216059.8095047,15,242.578125,3779.75
1785216059.8095047,15,244.21875,3723.5
1785216059.8095047,15,245.859375,3653.0
1785216059.8095047,15,247.5,3595.5
1785216059.8095047,15,249.15625,3555.5
1785216059.8095047,15,250.828125,3512.75
1785216059.8095047,15,252.453125,3463.25
1785216059.8095047,15,254.125,3412.5
1785216059.8095047,15,257.40625,3518.75
1785216059.8095047,15,262.296875,3785.75
1785216059.8095047,15,263.9375,3769.5
1785216059.8095047,15,265.59375,3753.5
1785216059.8095047,15,267.234375,3736.25
1785216059.8095047,15,268.890625,3720.5
1785216059.8095047,15,270.53125,3718.5
1785216059.8095047,15,272.1875,3718.0
1785216059.8095047,15,273.8125,3732.25
1785216059.8095047,15,275.421875,3732.0
1785216059.8095047,15,277.0625,3718.75
1785216059.8095047,15,278.6875,3739.5
1785216059.8095047,15,280.328125,3759.25
1785216059.8095047,15,281.984375,3771.75
1785216059.8095047,15,283.625,3784.75
1785216059.8095047,15,285.265625,3798.25
1785216059.8095047,15,286.90625,3811.25
1785216059.8095047,15,288.5625,3845.5
1785216059.8095047,15,293.5,3627.5
1785216059.8095047,15,296.828125,3324.25
1785216059.8095047,15,298.578125,3334.75
1785216059.8095047,15,300.21875,3380.5
1785216059.8095047,15,301.859375,3428.0
1785216059.8095047,15,303.515625,3483.5
1785216059.8095047,15,305.140625,3551.25
1785216059.8095047,15,306.78125,3634.25
1785216059.8095047,14,308.4375,3693.0
1785216059.8095047,15,313.40625,3673.5
1785216059.8095047,13,315.046875,3630.0
1785216059.8095047,14,316.6875,3572.5
1785216059.8095047,15,318.34375,3517.75
1785216059.8095047,14,320.015625,3499.0
1785216059.8095047,15,321.640625,3487.0
1785216059.8095047,15,323.328125,3487.5
1785216059.8095047,15,324.984375,3477.5
1785216059.8095047,15,326.640625,3453.5
1785216059.8095047,9,328.296875,3429.75
1785216059.8095047,6,329.96875,3413.25
1785216059.8095047,15,331.609375,3439.25
1785216059.8095047,15,333.25,3455.5
1785216059.8095047,15,334.890625,3445.25
1785216059.8095047,15,336.546875,3451.0
1785216059.8095047,15,338.1875,3452.75
1785216059.8095047,15,339.84375,3461.5
1785216059.8095047,15,341.5,3467.5
1785216059.8095047,15,343.140625,3478.0
1785216059.8095047,15,344.8125,3506.0
1785216059.8095047,15,346.421875,3528.0
1785216059.8095047,15,348.0625,3538.5
1785216059.8095047,12,349.6875,3554.25
1785216059.9221933,15,351.359375,3574.25
1785216059.9221933,15,353.0,3567.75
1785216059.9221933,12,354.640625,3540.25
1785216059.9221933,15,357.90625,3813.0
1785216059.9221933,15,359.546875,3874.0
1785216059.9221933,15,1.203125,3899.0
1785216059.9221933,15,2.84375,3926.25
1785216059.9221933,12,4.5,3958.5
1785216059.9221933,15,6.125,4011.75
1785216059.9221933,15,7.765625,4085.5
1785216059.9221933,15,9.40625,4145.75
1785216059.9221933,13,10.96875,4220.0
1785216059.9221933,14,12.609375,4329.0
1785216059.9221933,15,229.515625,4729.0
1785216059.9221933,15,234.609375,3413.5
1785216059.9221933,15,236.21875,3366.25
1785216059.9221933,15,239.46875,3918.75
1785216059.9221933,15,241.09375,3845.0
1785216059.9221933,15,242.75,3774.0
1785216059.9221933,15,244.421875,3709.75
1785216059.9221933,15,246.0625,3641.0
1785216059.9221933,15,247.71875,3588.75
1785216059.9221933,15,249.375,3544.25
1785216059.9221933,15,250.96875,3503.0
1785216059.9221933,15,252.65625,3455.0
1785216059.9221933,15,254.28125,3420.5
1785216059.9221933,15,257.53125,3524.0
1785216059.9221933,15,259.171875,3546.25
1785216059.9221933,15,262.453125,3782.75
1785216059.9221933,15,264.078125,3764.5
1785216059.9221933,15,265.75,3754.5
1785216059.9221933,15,267.390625,3736.75
1785216059.9221933,15,269.015625,3717.75
1785216059.9221933,15,270.671875,3705.75
1785216059.9221933,15,272.28125,3713.0
1785216059.9221933,15,273.953125,3722.75
1785216059.9221933,15,275.578125,3713.0
1785216059.9221933,15,277.21875,3728.5
1785216059.9221933,15,278.859375,3754.75
1785216059.9221933,15,280.515625,3761.5
1785216059.9221933,15,282.140625,3775.75
1785216059.9221933,15,283.765625,3789.75
1785216059.9221933,15,285.421875,3798.25
1785216059.9221933,15,287.03125,3819.25
1785216059.9221933,15,288.6875,3856.0
1785216059.9221933,15,293.640625,3605.5
1785216059.9221933,15,296.9375,3318.5
1785216059.9221933,15,298.71875,3338.0
1785216059.9221933,15,300.390625,3380.25
1785216059.9221933,15,302.03125,3432.25
1785216059.9221933,15,303.65625,3493.75
1785216059.9221933,15,305.3125,3556.0
1785216059.9221933,15,306.953125,3638.5
1785216059.9221933,11,308.609375,3694.75
1785216059.9221933,15,313.5625,3670.75
1785216059.9221933,7,315.21875,3604.5
1785216059.9221933,15,316.859375,3553.5
1785216059.9221933,15,318.53125,3521.25
1785216059.9221933,15,320.171875,3497.25
1785216059.9221933,15,321.828125,3487.25
1785216059.9221933,15,323.46875,3487.25
1785216059.9221933,15,325.125,3476.0
1785216059.9221933,15,326.796875,3453.75
1785216059.9221933,15,328.46875,3440.0
1785216059.9221933,7,330.109375,3423.25
1785216059.9221933,15,331.734375,3423.25
1785216059.9221933,15,333.40625,3431.0
1785216059.9221933,15,335.03125,3436.25
1785216059.9221933,15,336.6875,3451.0
1785216059.9221933,15,338.328125,3473.0
1785216059.9221933,15,339.984375,3479.0
1785216059.9221933,15,341.625,3471.25
1785216059.9221933,15,343.296875,3490.5
1785216059.9221933,15,344.921875,3513.25
1785216059.9221933,15,346.5625,3533.25
1785216059.9221933,15,348.1875,3545.25
1785216059.9221933,14,349.859375,3556.25
1785216060.0352652,15,351.515625,3575.5
1785216060.0352652,15,353.15625,3569.0
1785216060.0352652,15,358.0625,3843.0
1785216060.0352652,15,359.703125,3890.0
1785216060.0352652,15,1.359375,3903.5
1785216060.0352652,14,3.0,3934.5
1785216060.0352652,12,4.640625,3974.75
1785216060.0352652,15,6.28125,4050.0
1785216060.0352652,15,7.921875,4121.5
1785216060.0352652,15,9.5625,4182.0
1785216060.0352652,12,11.1875,4252.5
1785216060.0352652,12,12.796875,4333.0
1785216060.0352652,15,223.1875,5311.25
1785216060.0352652,15,226.453125,4985.75
1785216060.0352652,15,229.734375,4712.0
1785216060.0352652,15,234.796875,3390.5
1785216060.0352652,15,236.453125,3367.0
1785216060.0352652,15,239.671875,3896.0
1785216060.0352652,15,241.328125,3826.75
1785216060.0352652,15,242.96875,3770.5
1785216060.0352652,15,244.59375,3709.75
1785216060.0352652,15,246.265625,3641.75
1785216060.0352652,15,247.921875,3581.75
1785216060.0352652,15,249.546875,3536.75
1785216060.0352652,15,251.21875,3496.25
1785216060.0352652,15,252.859375,3447.75
1785216060.0352652,15,254.5,3437.25
1785216060.0352652,15,256.140625,3489.75
1785216060.0352652,15,257.796875,3506.75
1785216060.0352652,15,262.671875,3785.75
1785216060.0352652,15,264.3125,3766.75
1785216060.0352652,15,265.984375,3756.0
1785216060.0352652,15,267.59375,3747.25
1785216060.0352652,15,269.265625,3729.25
1785216060.0352652,15,270.90625,3726.75
1785216060.0352652,15,272.53125,3724.25
1785216060.0352652,15,274.203125,3723.25
1785216060.0352652,15,275.828125,3716.25
1785216060.0352652,15,277.453125,3715.75
1785216060.0352652,15,279.09375,3742.5
1785216060.0352652,15,280.75,3764.75
1785216060.0352652,15,282.375,3778.5
1785216060.0352652,15,284.015625,3784.0
1785216060.0352652,15,285.65625,3797.25
1785216060.0352652,15,287.3125,3826.25
1785216060.0352652,15,288.9375,3862.75
1785216060.0352652,15,292.25,3656.0
1785216060.0352652,15,293.890625,3574.25
1785216060.0352652,15,297.203125,3302.0
1785216060.0352652,15,298.953125,3342.75
1785216060.0352652,15,300.578125,3386.5
1785216060.0352652,15,302.25,3439.5
1785216060.0352652,15,303.859375,3499.5
1785216060.0352652,15,305.5,3566.0
1785216060.0352652,15,307.15625,3645.0
1785216060.0352652,11,313.734375,3661.5
1785216060.0352652,7,315.390625,3609.0
1785216060.0352652,15,317.046875,3555.25
1785216060.0352652,15,318.6875,3519.0
1785216060.0352652,15,320.359375,3498.75
1785216060.0352652,15,321.984375,3485.25
1785216060.0352652,15,323.65625,3488.25
1785216060.0352652,15,325.296875,3465.75
1785216060.0352652,15,326.953125,3431.75
1785216060.0352652,6,328.609375,3424.25
1785216060.0352652,8,330.265625,3417.0
1785216060.0352652,15,331.890625,3429.0
1785216060.0352652,15,333.546875,3444.75
1785216060.0352652,15,335.1875,3445.0
1785216060.0352652,15,340.125,3459.75
1785216060.0352652,15,341.796875,3484.5
1785216060.0352652,15,343.421875,3511.75
1785216060.0352652,15,345.078125,3524.25
1785216060.0352652,15,346.734375,3527.5
1785216060.0352652,12,348.390625,3541.75
1785216060.0352652,15,350.015625,3587.5
1785216060.147191,15,351.671875,3601.75
1785216060.147191,15,353.3125,3568.5
1785216060.147191,10,354.96875,3605.75
1785216060.147191,13,358.234375,3870.0
1785216060.147191,15,359.890625,3916.5
1785216060.147191,15,1.515625,3927.5
1785216060.147191,10,3.171875,3945.5
1785216060.147191,13,4.8125,3988.0
1785216060.147191,14,6.453125,4061.0
1785216060.147191,15,8.109375,4125.5
1785216060.147191,14,9.75,4186.75
1785216060.147191,15,11.359375,4292.25
1785216060.147191,15,13.015625,4373.25
1785216060.147191,15,196.953125,8009.25
1785216060.147191,14,201.859375,10292.0
1785216060.147191,15,225.0,5118.75
1785216060.147191,15,226.609375,4970.25
1785216060.147191,15,229.90625,4698.0
1785216060.147191,15,234.96875,3380.5
1785216060.147191,5,236.625,3381.0
1785216060.147191,15,239.84375,3903.0
1785216060.147191,15,241.5,3837.25
1785216060.147191,15,243.140625,3761.75
1785216060.147191,15,244.796875,3702.0
1785216060.147191,15,246.4375,3640.25
1785216060.147191,15,248.09375,3577.0
1785216060.147191,15,249.734375,3537.5
1785216060.147191,15,251.421875,3493.75
1785216060.147191,15,253.0625,3431.25
1785216060.147191,15,254.71875,3436.0
1785216060.147191,15,256.34375,3499.25
1785216060.147191,15,257.984375,3505.5
1785216060.147191,15,261.25,3738.25
1785216060.147191,15,262.890625,3784.25
1785216060.147191,15,264.5625,3770.75
1785216060.147191,15,266.1875,3754.25
1785216060.147191,15,267.84375,3740.75
1785216060.147191,15,269.484375,3726.75
1785216060.147191,15,271.109375,3720.0
1785216060.147191,15,272.765625,3723.75
1785216060.147191,15,274.40625,3739.75
1785216060.147191,15,276.0625,3738.5
1785216060.147191,15,277.703125,3737.25
1785216060.147191,15,279.359375,3754.5
1785216060.147191,15,281.015625,3765.25
1785216060.147191,15,282.625,3780.75
1785216060.147191,15,284.28125,3794.25
1785216060.147191,15,285.921875,3800.0
1785216060.147191,15,287.5625,3822.0
1785216060.147191,15,289.203125,3860.25
1785216060.147191,15,294.171875,3553.5
1785216060.147191,15,297.46875,3308.0
1785216060.147191,15,299.203125,3348.5
1785216060.147191,15,300.828125,3392.25
1785216060.147191,15,302.46875,3452.0
1785216060.147191,15,304.125,3512.0
1785216060.147191,15,305.765625,3578.75
1785216060.147191,15,307.390625,3662.0
1785216060.147191,15,312.34375,3680.0
1785216060.147191,12,314.015625,3632.25
1785216060.147191,6,315.640625,3595.75
1785216060.147191,15,317.3125,3555.25
1785216060.147191,15,318.953125,3512.25
1785216060.147191,15,320.625,3499.25
1785216060.147191,15,322.28125,3486.5
1785216060.147191,15,323.90625,3477.0
1785216060.147191,15,325.546875,3467.25
1785216060.147191,6,327.203125,3439.0
1785216060.147191,9,328.859375,3418.75
1785216060.147191,15,330.484375,3425.25
1785216060.147191,15,332.15625,3454.75
1785216060.147191,15,333.78125,3453.75
1785216060.147191,15,335.4375,3438.5
1785216060.147191,15,337.09375,3461.5
1785216060.147191,15,338.71875,3489.25
1785216060.147191,15,340.375,3491.5
1785216060.147191,15,342.03125,3487.25
1785216060.147191,15,343.671875,3502.0
1785216060.147191,14,345.3125,3526.0
1785216060.147191,15,346.984375,3538.5
1785216060.147191,9,348.625,3551.25
1785216060.147191,15,350.265625,3576.5
1785216060.25785,15,351.90625,3583.5
1785216060.25785,15,353.5625,3581.5
1785216060.25785,14,356.828125,3828.75
1785216060.25785,15,358.46875,3884.0
1785216060.25785,15,0.125,3900.5
1785216060.25785,13,1.75,3934.0
1785216060.25785,12,3.421875,3969.25
1785216060.25785,12,5.0625,4015.25
1785216060.25785,15,6.703125,4091.5
1785216060.25785,15,8.34375,4137.75
1785216060.25785,10,9.96875,4201.75
1785216060.25785,14,11.59375,4316.5
1785216060.25785,15,13.234375,4398.25
1785216060.25785,8,197.28125,7885.75
1785216060.25785,15,223.640625,5258.0
1785216060.25785,15,228.578125,4806.25
1785216060.25785,15,230.21875,4687.0
1785216060.25785,15,233.59375,3445.25
1785216060.25785,15,235.265625,3371.5
1785216060.25785,15,240.125,3880.0
1785216060.25785,15,241.78125,3808.0
1785216060.25785,15,243.40625,3750.25
1785216060.25785,15,245.0625,3688.75
1785216060.25785,15,246.703125,3623.25
1785216060.25785,15,248.375,3570.0
1785216060.25785,15,249.984375,3522.25
1785216060.25785,15,251.71875,3474.75
1785216060.25785,15,253.375,3427.0
1785216060.25785,15,255.015625,3447.75
1785216060.25785,15,256.65625,3509.25
1785216060.25785,15,258.296875,3488.5
1785216060.25785,15,261.578125,3748.0
1785216060.25785,15,263.203125,3781.75
1785216060.25785,15,264.859375,3768.25
1785216060.25785,15,266.515625,3751.5
1785216060.25785,15,268.140625,3739.75
1785216060.25785,15,269.796875,3733.5
1785216060.25785,15,271.453125,3726.5
1785216060.25785,15,273.078125,3727.0
1785216060.25785,15,274.6875,3732.5
1785216060.25785,15,276.328125,3730.25
1785216060.25785,15,277.984375,3733.25
1785216060.25785,15,279.625,3745.75
1785216060.25785,15,281.265625,3765.25
1785216060.25785,15,282.921875,3780.5
1785216060.25785,15,284.53125,3783.5
1785216060.25785,15,286.203125,3799.5
1785216060.25785,15,287.8125,3833.75
1785216060.25785,15,289.453125,3870.75
1785216060.25785,15,297.734375,3316.0
1785216060.25785,15,299.46875,3357.25
1785216060.25785,15,301.109375,3396.5
1785216060.25785,15,302.75,3457.5
1785216060.25785,15,304.390625,3524.5
1785216060.25785,15,306.015625,3597.0
1785216060.25785,15,307.65625,3675.75
1785216060.25785,14,312.59375,3683.5
1785216060.25785,15,314.25,3640.75
1785216060.25785,7,315.890625,3598.5
1785216060.25785,15,317.5625,3546.75
1785216060.25785,13,319.1875,3502.0
1785216060.25785,15,320.859375,3491.0
1785216060.25785,15,322.53125,3487.5
1785216060.25785,15,324.1875,3473.75
1785216060.25785,15,325.828125,3461.75
1785216060.25785,11,327.484375,3433.75
1785216060.25785,15,329.125,3420.25
1785216060.25785,15,330.78125,3448.75
1785216060.25785,15,332.421875,3454.0
1785216060.25785,15,334.078125,3460.75
1785216060.25785,15,335.703125,3470.25
1785216060.25785,15,337.375,3460.5
1785216060.25785,15,339.015625,3483.25
1785216060.25785,15,340.671875,3502.0
1785216060.25785,15,342.296875,3496.25
1785216060.25785,15,343.953125,3503.0
1785216060.25785,11,345.609375,3536.5
1785216060.25785,11,347.25,3551.25
1785216060.25785,10,348.90625,3553.25
1785216060.3705683,15,350.546875,3577.0
1785216060.3705683,15,352.21875,3574.25
1785216060.3705683,15,353.84375,3557.5
1785216060.3705683,15,357.140625,3812.75
1785216060.3705683,15,358.734375,3885.75
1785216060.3705683,15,0.40625,3912.0
1785216060.3705683,15,2.0625,3942.5
1785216060.3705683,13,3.6875,3983.0
1785216060.3705683,14,5.328125,4032.0
1785216060.3705683,15,6.984375,4093.75
1785216060.3705683,15,8.640625,4137.75
1785216060.3705683,11,10.265625,4207.5
1785216060.3705683,15,11.84375,4294.5
1785216060.3705683,15,13.484375,4370.25
1785216060.3705683,9,177.734375,10205.0
1785216060.3705683,9,184.3125,10179.0
1785216060.3705683,15,222.203125,5396.0
1785216060.3705683,15,228.828125,4793.0
1785216060.3705683,15,230.484375,4669.0
1785216060.3705683,15,235.53125,3370.5
1785216060.3705683,15,240.390625,3885.5
1785216060.3705683,15,242.03125,3809.0
1785216060.3705683,15,243.6875,3733.75
1785216060.3705683,15,245.328125,3674.25
1785216060.3705683,15,246.984375,3611.25
1785216060.3705683,15,248.640625,3561.25
1785216060.3705683,15,250.28125,3527.75
1785216060.3705683,15,251.9375,3474.0
1785216060.3705683,15,253.59375,3421.0
1785216060.3705683,15,256.875,3535.25
1785216060.3705683,15,258.53125,3521.5
1785216060.3705683,15,261.78125,3773.5
1785216060.3705683,15,263.421875,3784.0
1785216060.3705683,15,265.046875,3775.75
1785216060.3705683,15,266.71875,3761.25
1785216060.3705683,15,268.359375,3739.0
1785216060.3705683,15,270.0,3721.0
1785216060.3705683,15,271.65625,3722.25
1785216060.3705683,15,273.296875,3719.75
1785216060.3705683,15,274.875,3724.25
1785216060.3705683,15,276.53125,3739.0
1785216060.3705683,15,278.15625,3740.5
1785216060.3705683,15,279.796875,3756.25
1785216060.3705683,15,281.453125,3770.0
1785216060.3705683,15,283.078125,3776.25
1785216060.3705683,15,284.703125,3795.5
1785216060.3705683,15,286.359375,3809.5
1785216060.3705683,15,288.0,3835.5
1785216060.3705683,15,289.625,3875.5
1785216060.3705683,15,292.9375,3651.75
1785216060.3705683,15,297.90625,3317.5
1785216060.3705683,15,299.640625,3360.5
1785216060.3705683,15,301.28125,3403.25
1785216060.3705683,15,302.90625,3466.5
1785216060.3705683,15,304.546875,3532.5
1785216060.3705683,15,306.203125,3605.0
1785216060.3705683,15,307.8125,3688.25
1785216060.3705683,15,312.78125,3692.5
1785216060.3705683,15,314.4375,3627.75
1785216060.3705683,6,316.0625,3582.0
1785216060.3705683,15,317.734375,3546.25
1785216060.3705683,13,319.359375,3512.0
1785216060.3705683,15,321.03125,3496.0
1785216060.3705683,15,322.75,3489.75
1785216060.3705683,15,324.390625,3478.5
1785216060.3705683,15,326.046875,3465.25
1785216060.3705683,15,327.6875,3443.75
1785216060.3705683,4,329.359375,3429.0
1785216060.3705683,15,331.0,3438.25
1785216060.3705683,15,332.671875,3458.0
1785216060.3705683,15,334.296875,3480.75
1785216060.3705683,15,335.96875,3477.75
1785216060.3705683,7,337.640625,3420.75
1785216060.3705683,15,339.265625,3424.25
1785216060.3705683,15,340.90625,3482.25
1785216060.3705683,15,342.5625,3496.0
1785216060.3705683,15,344.21875,3505.25
1785216060.3705683,13,345.875,3529.0
1785216060.3705683,13,347.484375,3541.25
1785216060.3705683,9,349.125,3548.5
1785216060.4813678,15,350.78125,3578.25
1785216060.4813678,15,352.421875,3583.0
1785216060.4813678,15,354.078125,3565.0
1785216060.4813678,15,357.34375,3815.0
1785216060.4813678,15,358.984375,3873.25
1785216060.4813678,15,0.640625,3898.25
1785216060.4813678,15,2.265625,3917.0
1785216060.4813678,15,3.921875,3952.75
1785216060.4813678,12,5.5625,4002.75
1785216060.4813678,15,7.21875,4072.0
1785216060.4813678,15,8.859375,4133.25
1785216060.4813678,12,10.453125,4215.5
1785216060.4813678,15,12.0625,4333.75
1785216060.4813678,15,13.703125,4404.75
1785216060.4813678,8,181.25,10213.25
1785216060.4813678,15,197.71875,8134.25
1785216060.4813678,15,222.375,5384.5
1785216060.4813678,15,227.359375,4894.5
1785216060.4813678,15,229.015625,4775.25
1785216060.4813678,15,230.671875,4655.75
1785216060.4813678,15,234.0625,3401.75
1785216060.4813678,15,235.703125,3367.75
1785216060.4813678,15,240.59375,3865.5
1785216060.4813678,15,242.234375,3792.75
1785216060.4813678,15,243.890625,3735.75
1785216060.4813678,15,245.515625,3673.75
1785216060.4813678,15,247.1875,3610.0
1785216060.4813678,15,248.8125,3566.25
1785216060.4813678,15,250.453125,3525.5
1785216060.4813678,15,252.109375,3475.0
1785216060.4813678,15,253.75,3425.25
1785216060.4813678,15,257.046875,3533.0
1785216060.4813678,15,258.671875,3538.25
1785216060.4813678,15,261.921875,3790.75
1785216060.4813678,15,263.578125,3775.5
1785216060.4813678,15,265.21875,3753.75
1785216060.4813678,15,266.84375,3749.0
1785216060.4813678,15,268.515625,3737.5
1785216060.4813678,15,270.15625,3723.0
1785216060.4813678,15,271.78125,3718.25
1785216060.4813678,15,273.40625,3720.0
1785216060.4813678,15,275.015625,3723.0
1785216060.4813678,15,276.65625,3726.75
1785216060.4813678,15,278.28125,3739.5
1785216060.4813678,15,279.921875,3759.5
1785216060.4813678,15,281.578125,3780.0
1785216060.4813678,15,283.203125,3787.25
1785216060.4813678,15,284.84375,3795.75
1785216060.4813678,15,286.484375,3810.5
1785216060.4813678,15,288.125,3840.25
1785216060.4813678,15,289.75,3844.25
1785216060.4813678,15,293.046875,3624.5
1785216060.4813678,15,298.015625,3319.5
1785216060.4813678,15,299.734375,3362.5
1785216060.4813678,15,301.375,3409.25
1785216060.4813678,15,303.03125,3471.25
1785216060.4813678,15,304.640625,3533.25
1785216060.4813678,15,306.296875,3606.75
1785216060.4813678,15,307.90625,3695.0
1785216060.4813678,13,312.84375,3698.25
1785216060.4813678,12,314.53125,3628.25
1785216060.4813678,8,316.1875,3582.25
1785216060.4813678,15,317.828125,3548.0
1785216060.4813678,14,319.484375,3509.0
1785216060.4813678,15,321.125,3492.75
1785216060.4813678,15,322.828125,3493.25
1785216060.4813678,15,324.484375,3480.5
1785216060.4813678,15,326.109375,3464.25
1785216060.4813678,15,327.78125,3436.0
1785216060.4813678,5,329.40625,3424.75
1785216060.4813678,15,331.078125,3442.75
1785216060.4813678,15,332.71875,3460.25
1785216060.4813678,15,334.375,3477.75
1785216060.4813678,15,336.015625,3473.25
1785216060.4813678,15,337.65625,3468.5
1785216060.4813678,15,339.328125,3480.25
1785216060.4813678,15,340.953125,3488.5
1785216060.4813678,15,342.609375,3493.0
1785216060.4813678,15,344.265625,3502.5
1785216060.4813678,15,345.90625,3530.0
1785216060.4813678,15,347.5,3543.25
1785216060.4813678,12,349.15625,3550.0
1785216060.5930352,15,350.8125,3578.25
1785216060.5930352,15,352.453125,3582.25
1785216060.5930352,15,354.09375,3566.0
1785216060.5930352,15,357.359375,3817.0
1785216060.5930352,15,359.0,3876.25
1785216060.5930352,15,0.640625,3901.0
1785216060.5930352,15,2.28125,3921.5
1785216060.5930352,15,3.921875,3956.75
1785216060.5930352,11,5.578125,4007.0
1785216060.5930352,15,7.203125,4076.0
1785216060.5930352,15,8.84375,4137.25
1785216060.5930352,11,10.4375,4218.0
1785216060.5930352,15,12.0625,4331.25
1785216060.5930352,14,13.703125,4404.75
1785216060.5930352,9,176.203125,10119.75
1785216060.5930352,8,181.125,10126.5
1785216060.5930352,15,197.609375,8138.5
1785216060.5930352,15,222.359375,5383.25
1785216060.5930352,15,227.296875,4894.5
1785216060.5930352,15,228.953125,4774.25
1785216060.5930352,15,230.609375,4659.0
1785216060.5930352,15,234.0,3402.0
1785216060.5930352,15,235.65625,3366.25
1785216060.5930352,15,240.53125,3865.5
1785216060.5930352,15,242.1875,3793.25
1785216060.5930352,15,243.828125,3730.5
1785216060.5930352,15,245.46875,3667.75
1785216060.5930352,15,247.140625,3608.0
1785216060.5930352,15,248.78125,3565.25
1785216060.5930352,15,250.40625,3526.25
1785216060.5930352,15,252.046875,3476.25
1785216060.5930352,15,253.703125,3424.75
1785216060.5930352,15,256.96875,3534.0
1785216060.5930352,15,258.625,3506.5
1785216060.5930352,15,261.859375,3787.25
1785216060.5930352,15,263.515625,3775.75
1785216060.5930352,15,265.15625,3755.0
1785216060.5930352,15,266.78125,3746.75
1785216060.5930352,15,268.4375,3735.75
1785216060.5930352,15,270.109375,3725.25
1785216060.5930352,15,271.71875,3725.25
1785216060.5930352,15,273.359375,3726.5
1785216060.5930352,15,274.96875,3729.5
1785216060.5930352,15,276.609375,3732.75
1785216060.5930352,15,278.234375,3740.0
1785216060.5930352,15,279.875,3759.0
1785216060.5930352,15,281.5,3780.0
1785216060.5930352,15,283.15625,3787.0
1785216060.5930352,15,284.796875,3795.0
1785216060.5930352,15,286.421875,3810.75
1785216060.5930352,15,288.046875,3835.5
1785216060.5930352,15,289.6875,3852.25
1785216060.5930352,15,293.0,3633.25
1785216060.5930352,15,297.9375,3319.25
1785216060.5930352,15,299.734375,3362.25
1785216060.5930352,15,301.34375,3409.0
1785216060.5930352,15,303.0,3472.0
1785216060.5930352,15,304.640625,3534.25
1785216060.5930352,15,306.28125,3607.0
1785216060.5930352,15,307.890625,3690.25
1785216060.5930352,15,312.84375,3692.75
1785216060.5930352,8,314.515625,3625.5
1785216060.5930352,7,316.1875,3580.25
1785216060.5930352,15,317.828125,3546.5
1785216060.5930352,15,319.484375,3511.0
1785216060.5930352,15,321.125,3493.25
1785216060.5930352,15,322.78125,3489.25
1785216060.5930352,15,324.421875,3478.5
1785216060.5930352,15,326.0625,3463.0
1785216060.5930352,8,327.734375,3440.25
1785216060.5930352,5,329.375,3424.25
1785216060.5930352,15,331.015625,3437.0
1785216060.5930352,4,332.65625,3431.5
1785216060.5930352,15,334.3125,3430.75
1785216060.5930352,15,335.953125,3452.75
1785216060.5930352,15,339.25,3396.5
1785216060.5930352,15,340.90625,3466.5
1785216060.5930352,15,342.5625,3488.5
1785216060.5930352,15,344.1875,3498.75
1785216060.5930352,15,345.828125,3529.0
1785216060.5930352,15,347.453125,3541.75
1785216060.5930352,12,349.078125,3549.75
1785216060.7066624,15,350.734375,3578.25
1785216060.7066624,15,352.390625,3581.25
1785216060.7066624,15,354.03125,3565.75
1785216060.7066624,15,357.28125,3818.75
1785216060.7066624,15,358.9375,3878.0
1785216060.7066624,15,0.578125,3902.25
1785216060.7066624,15,2.21875,3931.0
1785216060.7066624,13,3.84375,3975.5
1785216060.7066624,15,5.484375,4034.25
1785216060.7066624,15,7.125,4094.5
1785216060.7066624,15,8.78125,4140.0
1785216060.7066624,13,10.375,4219.75
1785216060.7066624,15,11.984375,4333.0
1785216060.7066624,12,13.640625,4409.5
1785216060.7066624,15,222.203125,5398.25
1785216060.7066624,15,228.796875,4791.0
1785216060.7066624,15,230.453125,4665.5
1785216060.7066624,15,235.515625,3370.75
1785216060.7066624,15,240.375,3884.25
1785216060.7066624,15,242.03125,3807.0
1785216060.7066624,15,243.671875,3734.0
1785216060.7066624,15,245.34375,3677.25
1785216060.7066624,15,246.984375,3612.25
1785216060.7066624,15,248.625,3560.5
1785216060.7066624,15,250.265625,3526.25
1785216060.7066624,15,251.90625,3474.0
1785216060.7066624,15,253.578125,3423.25
1785216060.7066624,15,256.828125,3528.0
1785216060.7066624,15,258.484375,3507.5
1785216060.7066624,15,261.75,3773.25
1785216060.7066624,15,263.390625,3784.75
1785216060.7066624,15,265.046875,3778.0
1785216060.7066624,15,266.6875,3756.5
1785216060.7066624,15,268.3125,3734.75
1785216060.7066624,15,269.953125,3729.25
1785216060.7066624,15,271.609375,3725.0
1785216060.7066624,15,273.25,3714.75
1785216060.7066624,15,274.828125,3720.5
1785216060.7066624,15,276.484375,3738.0
1785216060.7066624,15,278.125,3741.75
1785216060.7066624,15,279.734375,3755.5
1785216060.7066624,15,281.390625,3768.75
1785216060.7066624,15,283.03125,3774.75
1785216060.7066624,15,284.65625,3785.25
1785216060.7066624,15,286.296875,3800.25
1785216060.7066624,15,287.921875,3836.25
1785216060.7066624,15,289.578125,3877.0
1785216060.7066624,15,292.875,3664.75
1785216060.7066624,15,297.8125,3314.5
1785216060.7066624,15,299.578125,3356.25
1785216060.7066624,15,301.25,3400.75
1785216060.7066624,15,302.875,3462.25
1785216060.7066624,15,304.5,3526.75
1785216060.7066624,15,306.15625,3602.75
1785216060.7066624,15,307.78125,3686.75
1785216060.7066624,10,312.703125,3691.5
1785216060.7066624,12,314.375,3643.25
1785216060.7066624,7,316.03125,3601.0
1785216060.7066624,15,317.703125,3551.5
1785216060.7066624,14,319.34375,3511.5
1785216060.7066624,15,321.0,3494.5
1785216060.7066624,14,322.625,3487.25
1785216060.7066624,15,324.265625,3477.0
1785216060.7066624,15,325.921875,3465.0
1785216060.7066624,15,327.5625,3450.0
1785216060.7066624,15,329.203125,3449.5
1785216060.7066624,15,330.84375,3478.0
1785216060.7066624,15,332.5,3474.5
1785216060.7066624,15,334.125,3467.25
1785216060.7066624,15,335.78125,3473.75
1785216060.7066624,15,337.4375,3462.5
1785216060.7066624,15,339.09375,3476.75
1785216060.7066624,15,340.71875,3488.0
1785216060.7066624,15,342.375,3492.25
1785216060.7066624,15,344.03125,3509.0
1785216060.7066624,10,345.65625,3538.0
1785216060.7066624,9,347.28125,3553.0
1785216060.7066624,9,348.9375,3555.0
1785216060.8187819,15,350.578125,3575.75
1785216060.8187819,15,352.21875,3581.0
1785216060.8187819,15,353.859375,3567.75
1785216060.8187819,15,357.109375,3829.75
1785216060.8187819,15,358.765625,3888.75
1785216060.8187819,15,0.40625,3934.25
1785216060.8187819,15,2.03125,3961.75
1785216060.8187819,11,3.6875,3996.0
1785216060.8187819,15,5.3125,4045.75
1785216060.8187819,15,6.96875,4094.5
1785216060.8187819,15,8.59375,4139.75
1785216060.8187819,10,10.234375,4211.25
1785216060.8187819,14,11.84375,4327.5
1785216060.8187819,14,13.484375,4419.25
1785216060.8187819,8,182.375,10249.0
1785216060.8187819,9,197.203125,7880.75
1785216060.8187819,15,223.65625,5257.25
1785216060.8187819,15,228.59375,4806.5
1785216060.8187819,15,230.234375,4687.0
1785216060.8187819,15,235.296875,3379.25
1785216060.8187819,15,240.15625,3882.75
1785216060.8187819,15,241.78125,3809.25
1785216060.8187819,15,243.453125,3749.0
1785216060.8187819,15,245.109375,3690.0
1785216060.8187819,15,246.75,3627.25
1785216060.8187819,15,248.40625,3573.75
1785216060.8187819,15,250.046875,3523.0
1785216060.8187819,15,251.703125,3475.0
1785216060.8187819,15,253.34375,3425.5
1785216060.8187819,15,254.984375,3428.5
1785216060.8187819,15,256.625,3491.25
1785216060.8187819,15,258.296875,3504.0
1785216060.8187819,15,261.53125,3745.75
1785216060.8187819,15,263.171875,3778.0
1785216060.8187819,15,264.84375,3763.0
1785216060.8187819,15,266.46875,3751.25
1785216060.8187819,15,268.125,3728.25
1785216060.8187819,15,269.75,3723.75
1785216060.8187819,15,271.421875,3728.0
1785216060.8187819,15,273.03125,3723.5
1785216060.8187819,15,274.6875,3731.75
1785216060.8187819,15,276.328125,3729.5
1785216060.8187819,15,277.953125,3733.5
1785216060.8187819,15,279.625,3748.25
1785216060.8187819,15,281.25,3764.75
1785216060.8187819,15,282.890625,3778.75
1785216060.8187819,15,284.515625,3785.75
1785216060.8187819,15,286.171875,3802.5
1785216060.8187819,15,287.78125,3835.25
1785216060.8187819,15,289.4375,3872.5
1785216060.8187819,15,297.734375,3311.75
1785216060.8187819,15,299.453125,3356.25
1785216060.8187819,15,301.09375,3398.0
1785216060.8187819,15,302.734375,3458.0
1785216060.8187819,15,304.375,3525.0
1785216060.8187819,15,306.03125,3597.0
1785216060.8187819,15,307.671875,3675.5
1785216060.8187819,13,312.59375,3684.0
1785216060.8187819,13,314.25,3640.75
1785216060.8187819,6,315.890625,3599.0
1785216060.8187819,11,317.578125,3549.0
1785216060.8187819,12,319.203125,3502.5
1785216060.8187819,15,320.859375,3490.5
1785216060.8187819,15,322.5,3488.75
1785216060.8187819,15,324.15625,3476.0
1785216060.8187819,15,325.78125,3465.0
1785216060.8187819,8,327.453125,3434.0
1785216060.8187819,8,329.09375,3418.5
1785216060.8187819,15,330.734375,3447.5
1785216060.8187819,15,332.375,3468.75
1785216060.8187819,15,334.03125,3465.25
1785216060.8187819,15,335.671875,3462.25
1785216060.8187819,15,337.328125,3463.75
1785216060.8187819,15,338.953125,3481.75
1785216060.8187819,15,340.625,3485.75
1785216060.8187819,15,342.25,3481.5
1785216060.8187819,15,343.890625,3501.5
1785216060.8187819,15,345.546875,3524.5
1785216060.8187819,14,347.1875,3535.0
1785216060.8187819,10,348.828125,3547.75
1785216060.9306135,15,350.453125,3576.0
1785216060.9306135,15,352.125,3572.25
1785216060.9306135,15,353.765625,3554.0
1785216060.9306135,14,357.03125,3820.75
1785216060.9306135,15,358.640625,3894.0
1785216060.9306135,15,0.296875,3929.75
1785216060.9306135,14,1.953125,3956.5
1785216060.9306135,12,3.59375,3990.25
1785216060.9306135,11,5.21875,4031.75
1785216060.9306135,15,6.875,4087.5
1785216060.9306135,15,8.5,4156.75
1785216060.9306135,10,10.15625,4218.25
1785216060.9306135,15,11.765625,4317.25
1785216060.9306135,15,13.40625,4413.25
1785216060.9306135,8,184.015625,10268.25
1785216060.9306135,7,185.65625,10327.5
1785216060.9306135,8,197.234375,7878.5
1785216060.9306135,15,228.5,4804.0
1785216060.9306135,15,230.15625,4687.25
1785216060.9306135,15,235.171875,3373.75
1785216060.9306135,15,240.0625,3884.5
1785216060.9306135,15,241.703125,3810.5
1785216060.9306135,15,243.359375,3749.5
1785216060.9306135,15,245.0,3692.25
1785216060.9306135,15,246.671875,3627.25
1785216060.9306135,15,248.296875,3573.5
1785216060.9306135,15,249.953125,3528.75
1785216060.9306135,15,251.65625,3480.0
1785216060.9306135,15,253.296875,3428.0
1785216060.9306135,15,256.5625,3522.75
1785216060.9306135,15,258.203125,3505.0
1785216060.9306135,15,261.46875,3732.25
1785216060.9306135,15,263.109375,3777.75
1785216060.9306135,15,264.75,3765.0
1785216060.9306135,15,266.390625,3750.0
1785216060.9306135,15,268.03125,3726.75
1785216060.9306135,15,269.703125,3724.25
1785216060.9306135,15,271.34375,3715.25
1785216060.9306135,15,272.984375,3712.0
1785216060.9306135,15,274.609375,3732.25
1785216060.9306135,15,276.265625,3728.5
1785216060.9306135,15,277.90625,3732.75
1785216060.9306135,15,279.5625,3746.75
1785216060.9306135,15,281.203125,3763.25
1785216060.9306135,15,282.84375,3777.5
1785216060.9306135,15,284.5,3790.75
1785216060.9306135,15,286.109375,3808.75
1785216060.9306135,15,287.765625,3834.5
1785216060.9306135,15,289.390625,3870.25
1785216060.9306135,15,297.6875,3310.5
1785216060.9306135,15,299.390625,3354.75
1785216060.9306135,15,301.03125,3397.25
1785216060.9306135,15,302.6875,3453.0
1785216060.9306135,15,304.328125,3514.0
1785216060.9306135,15,305.953125,3589.75
1785216060.9306135,15,307.59375,3675.5
1785216060.9306135,11,314.1875,3683.75
1785216060.9306135,8,315.875,3616.0
1785216060.9306135,15,317.5,3551.0
1785216060.9306135,12,319.1875,3507.0
1785216060.9306135,15,320.8125,3490.5
1785216060.9306135,15,322.453125,3488.5
1785216060.9306135,15,324.109375,3480.0
1785216060.9306135,15,325.765625,3467.0
1785216060.9306135,15,327.40625,3437.5
1785216060.9306135,15,329.0625,3423.75
1785216060.9306135,15,330.703125,3448.25
1785216060.9306135,15,332.359375,3470.25
1785216060.9306135,15,334.0,3470.0
1785216060.9306135,15,335.640625,3481.75
1785216060.9306135,15,337.3125,3500.0
1785216060.9306135,15,338.953125,3502.5
1785216060.9306135,15,340.609375,3509.75
1785216060.9306135,15,342.25,3504.75
1785216060.9306135,15,343.890625,3504.25
1785216060.9306135,12,345.546875,3528.75
1785216060.9306135,10,347.171875,3553.25
1785216060.9306135,11,348.84375,3563.75
1785216061.041165,15,350.46875,3577.5
1785216061.041165,15,352.140625,3575.5
1785216061.041165,15,353.765625,3558.0
1785216061.041165,15,357.015625,3838.25
1785216061.041165,15,358.65625,3896.5
1785216061.041165,15,0.3125,3930.25
1785216061.041165,13,1.96875,3954.5
1785216061.041165,10,3.59375,3986.5
1785216061.041165,15,5.25,4031.25
1785216061.041165,15,6.890625,4090.5
1785216061.041165,15,8.53125,4156.75
1785216061.041165,9,10.171875,4225.75
1785216061.041165,15,11.75,4323.5
1785216061.041165,15,13.390625,4411.25
1785216061.041165,9,197.296875,7890.5
1785216061.041165,15,223.65625,5258.5
1785216061.041165,15,228.59375,4804.75
1785216061.041165,15,230.234375,4687.5
1785216061.041165,15,235.25,3376.5
1785216061.041165,15,240.140625,3885.0
1785216061.041165,15,241.78125,3812.5
1785216061.041165,15,243.421875,3751.0
1785216061.041165,15,245.078125,3693.75
1785216061.041165,15,246.75,3629.25
1785216061.041165,15,248.390625,3574.5
1785216061.041165,15,250.03125,3526.25
1785216061.041165,15,251.703125,3478.25
1785216061.041165,15,253.359375,3426.75
1785216061.041165,15,255.015625,3436.5
1785216061.041165,15,256.640625,3497.75
1785216061.041165,15,258.28125,3502.5
1785216061.041165,15,261.53125,3744.75
1785216061.041165,15,263.1875,3778.75
1785216061.041165,15,264.828125,3763.25
1785216061.041165,15,266.453125,3749.75
1785216061.041165,15,268.125,3729.75
1785216061.041165,15,269.75,3722.75
1785216061.041165,15,271.40625,3724.25
1785216061.041165,15,273.03125,3724.25
1785216061.041165,15,274.671875,3733.25
1785216061.041165,15,276.3125,3729.75
1785216061.041165,15,277.96875,3732.25
1785216061.041165,15,279.59375,3748.5
1785216061.041165,15,281.234375,3766.0
1785216061.041165,15,282.875,3777.5
1785216061.041165,15,284.53125,3785.75
1785216061.041165,15,286.171875,3804.25
1785216061.041165,15,287.78125,3832.75
1785216061.041165,15,289.421875,3869.75
1785216061.041165,15,297.703125,3313.75
1785216061.041165,15,299.421875,3357.0
1785216061.041165,15,301.078125,3398.75
1785216061.041165,15,302.71875,3455.0
1785216061.041165,15,304.375,3520.25
1785216061.041165,15,306.0,3595.25
1785216061.041165,15,307.625,3676.0
1785216061.041165,12,312.5625,3686.25
1785216061.041165,11,314.25,3640.5
1785216061.041165,7,315.875,3598.0
1785216061.041165,11,317.546875,3551.0
1785216061.041165,11,319.171875,3505.75
1785216061.041165,15,320.84375,3475.0
1785216061.041165,15,322.5,3475.25
1785216061.041165,15,324.171875,3478.5
1785216061.041165,15,325.828125,3479.25
1785216061.041165,15,327.46875,3454.75
1785216061.041165,15,329.109375,3430.0
1785216061.041165,15,330.765625,3453.75
1785216061.041165,15,332.421875,3470.5
1785216061.041165,15,334.078125,3477.75
1785216061.041165,15,335.703125,3477.25
1785216061.041165,15,337.375,3484.75
1785216061.041165,15,339.0,3502.25
1785216061.041165,15,340.671875,3508.75
1785216061.041165,15,342.296875,3503.75
1785216061.041165,15,343.96875,3507.25
1785216061.041165,10,345.59375,3538.75
1785216061.041165,9,347.25,3554.25
1785216061.041165,10,348.90625,3557.5
1785216061.1560268,15,350.5625,3579.75
1785216061.1560268,15,352.203125,3578.25
1785216061.1560268,15,353.859375,3562.25
1785216061.1560268,15,357.140625,3830.0
1785216061.1560268,15,358.765625,3889.25
1785216061.1560268,15,0.4375,3928.75
1785216061.1560268,14,2.078125,3953.75
1785216061.1560268,12,3.734375,3978.75
1785216061.1560268,13,5.359375,4030.25
1785216061.1560268,15,7.015625,4093.0
1785216061.1560268,15,8.65625,4139.75
1785216061.1560268,11,10.3125,4211.5
1785216061.1560268,14,11.859375,4321.25
1785216061.1560268,15,13.5,4409.5
1785216061.1560268,8,176.0,10215.75
1785216061.1560268,15,222.140625,5416.5
1785216061.1560268,15,228.75,4791.25
1785216061.1560268,15,230.40625,4679.5
1785216061.1560268,15,235.46875,3372.5
1785216061.1560268,15,240.328125,3883.5
1785216061.1560268,15,241.96875,3806.5
1785216061.1560268,15,243.640625,3733.75
1785216061.1560268,15,245.296875,3680.0
1785216061.1560268,15,246.921875,3614.75
1785216061.1560268,15,248.578125,3560.5
1785216061.1560268,15,250.21875,3527.25
1785216061.1560268,15,251.90625,3475.75
1785216061.1560268,15,253.578125,3424.25
1785216061.1560268,15,256.828125,3529.75
1785216061.1560268,15,258.46875,3510.25
1785216061.1560268,15,261.75,3775.0
1785216061.1560268,15,263.390625,3784.75
1785216061.1560268,15,265.03125,3776.0
1785216061.1560268,15,266.671875,3754.0
1785216061.1560268,15,268.34375,3736.0
1785216061.1560268,15,269.96875,3731.25
1785216061.1560268,15,271.625,3721.0
1785216061.1560268,15,273.28125,3710.0
1785216061.1560268,15,274.875,3719.0
1785216061.1560268,15,276.5,3736.75
1785216061.1560268,15,278.140625,3740.25
1785216061.1560268,15,279.78125,3753.5
1785216061.1560268,15,281.4375,3767.0
1785216061.1560268,15,283.046875,3775.5
1785216061.1560268,15,284.703125,3794.25
1785216061.1560268,15,286.359375,3809.5
1785216061.1560268,15,287.984375,3838.75
1785216061.1560268,15,289.625,3879.0
1785216061.1560268,15,292.953125,3662.5
1785216061.1560268,15,297.875,3316.0
1785216061.1560268,15,299.59375,3358.25
1785216061.1560268,15,301.25,3400.0
1785216061.1560268,15,302.890625,3460.75
1785216061.1560268,15,304.53125,3527.5
1785216061.1560268,15,306.15625,3604.0
1785216061.1560268,15,307.78125,3685.0
1785216061.1560268,12,312.71875,3692.25
1785216061.1560268,15,314.375,3656.5
1785216061.1560268,12,316.046875,3615.75
1785216061.1560268,14,317.703125,3555.0
1785216061.1560268,11,319.328125,3512.25
1785216061.1560268,15,320.96875,3497.25
1785216061.1560268,15,322.703125,3495.25
1785216061.1560268,15,324.390625,3482.5
1785216061.1560268,15,326.03125,3480.75
1785216061.1560268,15,327.6875,3471.5
1785216061.1560268,15,329.34375,3456.5
1785216061.1560268,15,330.984375,3469.0
1785216061.1560268,15,332.65625,3476.25
1785216061.1560268,15,334.296875,3463.0
1785216061.1560268,15,335.9375,3457.5
1785216061.1560268,6,337.609375,3424.75
1785216061.1560268,15,339.265625,3438.25
1785216061.1560268,15,340.90625,3491.25
1785216061.1560268,15,342.5625,3490.75
1785216061.1560268,15,344.203125,3502.0
1785216061.1560268,15,345.859375,3531.25
1785216061.1560268,15,347.484375,3542.0
1785216061.1560268,11,349.140625,3550.25
1785216061.2674403,15,350.78125,3577.0
1785216061.2674403,15,352.4375,3579.75
1785216061.2674403,15,354.078125,3565.5
1785216061.2674403,15,357.359375,3816.75
1785216061.2674403,15,359.0,3877.25
1785216061.2674403,15,0.640625,3903.5
1785216061.2674403,15,2.296875,3924.75
1785216061.2674403,14,3.953125,3959.75
1785216061.2674403,12,5.59375,4022.5
1785216061.2674403,15,7.25,4090.25
1785216061.2674403,14,8.890625,4138.25
1785216061.2674403,13,10.453125,4219.25
1785216061.2674403,15,12.09375,4332.5
1785216061.2674403,13,13.71875,4410.25
1785216061.2674403,15,222.3125,5390.0
1785216061.2674403,15,227.3125,4894.25
1785216061.2674403,15,228.984375,4774.75
1785216061.2674403,15,230.609375,4659.25
1785216061.2674403,15,234.03125,3403.5
1785216061.2674403,15,235.65625,3370.25
1785216061.2674403,15,240.5625,3864.25
1785216061.2674403,15,242.21875,3791.25
1785216061.2674403,15,243.84375,3734.75
1785216061.2674403,15,245.5,3673.5
1785216061.2674403,15,247.140625,3610.0
1785216061.2674403,15,248.796875,3565.25
1785216061.2674403,15,250.46875,3525.75
1785216061.2674403,15,252.09375,3476.75
1785216061.2674403,15,253.75,3424.25
1785216061.2674403,15,257.015625,3535.5
1785216061.2674403,15,258.671875,3538.5
1785216061.2674403,15,261.921875,3769.5
1785216061.2674403,15,263.5625,3774.25
1785216061.2674403,15,265.21875,3753.0
1785216061.2674403,15,266.875,3748.0
1785216061.2674403,15,268.515625,3736.0
1785216061.2674403,15,270.15625,3725.5
1785216061.2674403,15,271.796875,3723.25
1785216061.2674403,15,273.421875,3721.75
1785216061.2674403,15,275.03125,3724.25
1785216061.2674403,15,276.6875,3729.0
1785216061.2674403,15,278.3125,3742.0
1785216061.2674403,15,279.953125,3760.5
1785216061.2674403,15,281.59375,3780.25
1785216061.2674403,15,283.21875,3787.25
1785216061.2674403,15,284.875,3799.5
1785216061.2674403,15,286.515625,3818.25
1785216061.2674403,15,288.140625,3842.0
1785216061.2674403,15,289.78125,3844.5
1785216061.2674403,15,293.09375,3625.0
1785216061.2674403,15,298.0625,3317.25
1785216061.2674403,15,299.765625,3360.25
1785216061.2674403,15,301.40625,3408.5
1785216061.2674403,15,303.0625,3472.0
1785216061.2674403,15,304.6875,3533.75
1785216061.2674403,15,306.328125,3612.25
1785216061.2674403,15,307.953125,3702.75
1785216061.2674403,14,312.890625,3700.0
1785216061.2674403,8,314.5625,3626.5
1785216061.2674403,7,316.203125,3579.75
1785216061.2674403,15,317.875,3542.0
1785216061.2674403,12,319.515625,3503.0
1785216061.2674403,15,321.15625,3490.5
1785216061.2674403,15,322.859375,3494.0
1785216061.2674403,15,324.484375,3484.0
1785216061.2674403,15,326.171875,3463.5
1785216061.2674403,15,327.796875,3436.0
1785216061.2674403,4,329.453125,3428.25
1785216061.2674403,15,331.09375,3456.75
1785216061.2674403,15,332.75,3473.25
1785216061.2674403,15,334.40625,3463.25
1785216061.2674403,15,336.046875,3444.0
1785216061.2674403,15,337.703125,3453.5
1785216061.2674403,15,339.328125,3478.25
1785216061.2674403,15,340.984375,3486.75
1785216061.2674403,15,342.625,3491.25
1785216061.2674403,15,344.28125,3502.0
1785216061.2674403,15,345.921875,3529.5
1785216061.2674403,15,347.546875,3544.75
1785216061.2674403,11,349.1875,3554.75
1785216061.379882,15,350.84375,3576.5
1785216061.379882,15,352.5,3579.5
1785216061.379882,15,354.125,3566.25
1785216061.379882,15,357.375,3818.0
1785216061.379882,15,359.015625,3875.75
1785216061.379882,15,0.65625,3902.25
1785216061.379882,15,2.3125,3927.25
1785216061.379882,14,3.953125,3963.75
1785216061.379882,12,5.609375,4022.75
1785216061.379882,15,7.25,4088.5
1785216061.379882,15,8.890625,4139.0
1785216061.379882,13,10.484375,4219.25
1785216061.379882,15,12.09375,4332.0
1785216061.379882,14,13.75,4407.75
1785216061.379882,9,181.125,10139.5
1785216061.379882,8,184.40625,10178.25
1785216061.379882,15,222.28125,5402.0
1785216061.379882,15,228.90625,4779.75
1785216061.379882,15,230.5625,4661.75
1785216061.379882,15,233.953125,3406.25
1785216061.379882,15,235.625,3375.75
1785216061.379882,15,240.5,3864.5
1785216061.379882,15,242.140625,3792.0
1785216061.379882,15,243.796875,3732.5
1785216061.379882,15,245.453125,3677.5
1785216061.379882,15,247.09375,3611.0
1785216061.379882,15,248.75,3558.5
1785216061.379882,15,250.390625,3524.5
1785216061.379882,15,252.015625,3476.25
1785216061.379882,15,253.65625,3424.5
1785216061.379882,15,256.9375,3534.0
1785216061.379882,15,258.578125,3508.5
1785216061.379882,15,261.84375,3775.25
1785216061.379882,15,263.46875,3773.75
1785216061.379882,15,265.109375,3754.25
1785216061.379882,15,266.765625,3749.5
1785216061.379882,15,268.390625,3741.0
1785216061.379882,15,270.015625,3730.0
1785216061.379882,15,271.6875,3719.5
1785216061.379882,15,273.328125,3710.75
1785216061.379882,15,274.953125,3721.5
1785216061.379882,15,276.5625,3738.0
1785216061.379882,15,278.234375,3744.75
1785216061.379882,15,279.859375,3759.75
1785216061.379882,15,281.5,3779.25
1785216061.379882,15,283.125,3786.25
1785216061.379882,15,284.78125,3795.5
1785216061.379882,15,286.40625,3809.75
1785216061.379882,15,288.0625,3838.25
1785216061.379882,13,289.6875,3849.75
1785216061.379882,15,293.0,3633.25
1785216061.379882,15,297.9375,3317.25
1785216061.379882,15,299.71875,3359.5
1785216061.379882,15,301.375,3407.0
1785216061.379882,15,303.015625,3471.0
1785216061.379882,15,304.640625,3535.25
1785216061.379882,15,306.296875,3605.75
1785216061.379882,15,307.9375,3694.5
1785216061.379882,15,312.859375,3700.25
1785216061.379882,15,314.515625,3629.5
1785216061.379882,10,316.171875,3585.25
1785216061.379882,15,317.828125,3551.75
1785216061.379882,15,319.5,3511.75
1785216061.379882,15,321.140625,3494.0
1785216061.379882,15,322.8125,3496.5
1785216061.379882,15,324.46875,3486.5
1785216061.379882,15,326.109375,3464.0
1785216061.379882,5,327.75,3434.25
1785216061.379882,3,329.40625,3426.25
1785216061.379882,15,331.046875,3455.75
1785216061.379882,15,332.703125,3472.5
1785216061.379882,15,334.359375,3462.75
1785216061.379882,15,336.0,3458.25
1785216061.379882,15,337.65625,3450.0
1785216061.379882,15,339.296875,3459.5
1785216061.379882,15,340.9375,3485.75
1785216061.379882,15,342.59375,3494.0
1785216061.379882,15,344.25,3504.25
1785216061.379882,14,345.890625,3531.75
1785216061.379882,15,347.5,3544.25
1785216061.379882,9,349.140625,3550.25
1785216061.4896128,15,350.796875,3576.25
1785216061.4896128,15,352.4375,3581.75
1785216061.4896128,15,354.078125,3568.25
1785216061.4896128,15,357.34375,3819.5
1785216061.4896128,15,358.96875,3879.0
1785216061.4896128,15,0.640625,3904.75
1785216061.4896128,15,2.28125,3927.0
1785216061.4896128,14,3.90625,3965.75
1785216061.4896128,12,5.5625,4022.5
1785216061.4896128,15,7.1875,4089.0
1785216061.4896128,15,8.828125,4142.75
1785216061.4896128,14,10.4375,4218.5
1785216061.4896128,15,12.03125,4331.25
1785216061.4896128,12,13.6875,4411.25
1785216061.4896128,10,179.546875,10110.5
1785216061.4896128,8,181.203125,10114.25
1785216061.4896128,10,182.84375,10159.0
1785216061.4896128,7,184.484375,10200.25
1785216061.4896128,15,197.65625,8230.5
1785216061.4896128,15,222.40625,5383.0
1785216061.4896128,15,227.359375,4900.5
1785216061.4896128,15,229.015625,4775.5
1785216061.4896128,15,230.65625,4654.25
1785216061.4896128,15,234.046875,3403.25
1785216061.4896128,15,235.6875,3370.75
1785216061.4896128,15,240.578125,3863.25
1785216061.4896128,15,242.234375,3789.75
1785216061.4896128,15,243.875,3733.25
1785216061.4896128,15,245.53125,3672.25
1785216061.4896128,15,247.171875,3608.0
1785216061.4896128,15,248.828125,3562.25
1785216061.4896128,15,250.453125,3524.75
1785216061.4896128,15,252.078125,3477.0
1785216061.4896128,15,253.734375,3424.0
1785216061.4896128,15,257.015625,3533.25
1785216061.4896128,15,258.625,3537.0
1785216061.4896128,15,261.890625,3772.0
1785216061.4896128,15,263.53125,3773.0
1785216061.4896128,15,265.171875,3752.75
1785216061.4896128,15,266.8125,3751.75
1785216061.4896128,15,268.453125,3741.25
1785216061.4896128,15,270.125,3725.0
1785216061.4896128,15,271.75,3717.0
1785216061.4896128,15,273.359375,3719.75
1785216061.4896128,15,275.03125,3723.0
1785216061.4896128,15,276.671875,3727.75
1785216061.4896128,15,278.296875,3742.25
1785216061.4896128,15,279.953125,3761.0
1785216061.4896128,15,281.578125,3780.25
1785216061.4896128,15,283.21875,3786.75
1785216061.4896128,15,284.859375,3796.5
1785216061.4896128,15,286.5,3811.75
1785216061.4896128,15,288.15625,3838.5
1785216061.4896128,15,289.796875,3843.75
1785216061.4896128,15,293.078125,3626.0
1785216061.4896128,15,298.046875,3320.0
1785216061.4896128,15,299.796875,3362.0
1785216061.4896128,15,301.453125,3407.75
1785216061.4896128,15,303.109375,3472.25
1785216061.4896128,15,304.734375,3545.25
1785216061.4896128,15,306.375,3622.25
1785216061.4896128,15,308.015625,3703.5
1785216061.4896128,11,312.984375,3702.5
1785216061.4896128,15,314.625,3642.25
1785216061.4896128,7,316.28125,3593.5
1785216061.4896128,15,317.921875,3544.0
1785216061.4896128,13,319.59375,3508.5
1785216061.4896128,15,321.234375,3509.5
1785216061.4896128,15,322.875,3509.75
1785216061.4896128,15,324.5,3485.75
1785216061.4896128,15,326.171875,3467.25
1785216061.4896128,15,327.8125,3451.5
1785216061.4896128,6,329.453125,3441.75
1785216061.4896128,15,331.109375,3454.75
1785216061.4896128,15,332.765625,3473.0
1785216061.4896128,15,334.421875,3469.75
1785216061.4896128,15,336.046875,3451.0
1785216061.4896128,15,337.71875,3466.5
1785216061.4896128,15,339.359375,3485.75
1785216061.4896128,15,341.0,3483.75
1785216061.4896128,15,342.65625,3494.5
1785216061.4896128,15,344.296875,3506.0
1785216061.4896128,10,345.9375,3531.75
1785216061.4896128,12,347.578125,3547.75
1785216061.4896128,9,349.203125,3555.75
1785216061.6022725,15,350.859375,3577.75
1785216061.6022725,15,352.53125,3578.75
1785216061.6022725,15,354.171875,3566.0
1785216061.6022725,15,357.421875,3825.25
1785216061.6022725,15,359.0625,3881.0
1785216061.6022725,15,0.703125,3906.0
1785216061.6022725,15,2.34375,3932.75
1785216061.6022725,15,4.0,3970.0
1785216061.6022725,15,5.625,4027.0
1785216061.6022725,15,7.265625,4093.75
1785216061.6022725,15,8.90625,4143.5
1785216061.6022725,13,10.53125,4214.75
1785216061.6022725,15,12.15625,4331.75
1785216061.6022725,15,13.796875,4413.0
1785216061.6022725,8,179.671875,10181.0
1785216061.6022725,12,182.953125,10121.75
1785216061.6022725,15,227.484375,4902.25
1785216061.6022725,15,229.109375,4771.0
1785216061.6022725,15,230.78125,4649.75
1785216061.6022725,15,234.15625,3401.25
1785216061.6022725,15,235.8125,3371.0
1785216061.6022725,15,240.671875,3864.0
1785216061.6022725,15,242.34375,3790.25
1785216061.6022725,15,243.984375,3733.25
1785216061.6022725,15,245.640625,3671.5
1785216061.6022725,15,247.28125,3606.75
1785216061.6022725,15,248.921875,3563.5
1785216061.6022725,15,250.5625,3520.0
1785216061.6022725,15,252.21875,3465.25
1785216061.6022725,15,253.890625,3416.5
1785216061.6022725,15,257.140625,3529.5
1785216061.6022725,15,258.796875,3538.75
1785216061.6022725,15,262.03125,3789.0
1785216061.6022725,15,263.671875,3778.0
1785216061.6022725,15,265.34375,3762.25
1785216061.6022725,15,266.984375,3748.75
1785216061.6022725,15,268.625,3732.0
1785216061.6022725,15,270.25,3722.75
1785216061.6022725,15,271.90625,3721.25
1785216061.6022725,15,273.546875,3720.25
1785216061.6022725,15,275.1875,3724.5
1785216061.6022725,15,276.828125,3729.0
1785216061.6022725,15,278.453125,3746.5
1785216061.6022725,15,280.109375,3764.25
1785216061.6022725,15,281.75,3773.75
1785216061.6022725,15,283.375,3785.25
1785216061.6022725,15,285.0,3802.0
1785216061.6022725,15,286.671875,3817.25
1785216061.6022725,15,288.28125,3845.25
1785216061.6022725,15,289.9375,3839.0
1785216061.6022725,15,293.25,3620.0
1785216061.6022725,15,296.5625,3352.5
1785216061.6022725,15,298.21875,3327.25
1785216061.6022725,15,299.9375,3371.0
1785216061.6022725,15,301.578125,3414.5
1785216061.6022725,15,303.234375,3475.5
1785216061.6022725,15,304.84375,3544.5
1785216061.6022725,15,306.5,3625.5
1785216061.6022725,15,308.140625,3708.0
1785216061.6022725,14,313.078125,3699.75
1785216061.6022725,15,314.75,3639.25
1785216061.6022725,11,316.375,3597.25
1785216061.6022725,15,318.03125,3543.75
1785216061.6022725,15,319.6875,3508.25
1785216061.6022725,15,321.328125,3495.25
1785216061.6022725,15,322.984375,3491.5
1785216061.6022725,15,324.640625,3485.25
1785216061.6022725,15,326.28125,3469.5
1785216061.6022725,15,327.921875,3453.5
1785216061.6022725,7,329.5625,3435.5
1785216061.6022725,15,331.21875,3440.5
1785216061.6022725,15,332.875,3458.5
1785216061.6022725,15,334.53125,3464.0
1785216061.6022725,15,336.171875,3475.0
1785216061.6022725,15,337.8125,3490.25
1785216061.6022725,15,339.46875,3488.75
1785216061.6022725,15,341.09375,3494.25
1785216061.6022725,15,342.734375,3514.0
1785216061.6022725,15,344.390625,3522.25
1785216061.6022725,15,346.03125,3536.5
1785216061.6022725,7,347.703125,3550.5
1785216061.6022725,15,349.34375,3580.5
1785216061.7152917,15,351.0,3600.25
1785216061.7152917,15,352.640625,3578.25
1785216061.7152917,15,354.296875,3566.0
1785216061.7152917,15,357.53125,3864.75
1785216061.7152917,15,359.171875,3925.25
1785216061.7152917,15,0.828125,3945.25
1785216061.7152917,15,2.46875,3955.5
1785216061.7152917,11,4.140625,3973.75
1785216061.7152917,11,5.75,4033.75
1785216061.7152917,15,7.390625,4107.0
1785216061.7152917,15,9.03125,4181.75
1785216061.7152917,15,10.65625,4251.75
1785216061.7152917,15,12.296875,4332.5
1785216061.7152917,9,13.9375,4429.0
1785216061.7152917,15,227.53125,4889.25
1785216061.7152917,15,229.1875,4756.75
1785216061.7152917,15,230.84375,4638.5
1785216061.7152917,15,234.21875,3408.25
1785216061.7152917,15,235.875,3372.0
1785216061.7152917,15,240.734375,3862.75
1785216061.7152917,15,242.375,3790.25
1785216061.7152917,15,244.046875,3729.75
1785216061.7152917,15,245.6875,3665.25
1785216061.7152917,15,247.328125,3600.25
1785216061.7152917,15,248.96875,3561.5
1785216061.7152917,15,250.640625,3520.0
1785216061.7152917,15,252.28125,3464.75
1785216061.7152917,15,253.9375,3414.5
1785216061.7152917,15,257.21875,3523.0
1785216061.7152917,15,258.84375,3518.25
1785216061.7152917,15,262.109375,3788.75
1785216061.7152917,15,263.75,3778.25
1785216061.7152917,15,265.40625,3761.75
1785216061.7152917,15,267.0625,3746.75
1785216061.7152917,15,268.6875,3738.5
1785216061.7152917,15,270.34375,3732.5
1785216061.7152917,15,271.984375,3730.5
1785216061.7152917,15,273.59375,3731.0
1785216061.7152917,15,275.25,3727.75
1785216061.7152917,15,276.875,3728.5
1785216061.7152917,15,278.5,3748.0
1785216061.7152917,15,280.15625,3766.5
1785216061.7152917,15,281.796875,3773.75
1785216061.7152917,15,283.4375,3786.25
1785216061.7152917,15,285.078125,3803.75
1785216061.7152917,15,286.734375,3822.5
1785216061.7152917,15,288.359375,3851.75
1785216061.7152917,15,290.0,3840.25
1785216061.7152917,15,293.3125,3618.25
1785216061.7152917,15,296.625,3351.75
1785216061.7152917,15,298.265625,3327.5
1785216061.7152917,15,299.96875,3371.75
1785216061.7152917,15,301.609375,3414.5
1785216061.7152917,15,303.25,3475.75
1785216061.7152917,15,304.875,3548.0
1785216061.7152917,15,306.53125,3627.75
1785216061.7152917,15,308.15625,3707.75
1785216061.7152917,12,313.09375,3700.25
1785216061.7152917,10,314.75,3639.25
1785216061.7152917,7,316.40625,3589.0
1785216061.7152917,15,318.0625,3536.75
1785216061.7152917,15,319.6875,3508.75
1785216061.7152917,15,321.359375,3496.75
1785216061.7152917,15,323.03125,3494.5
1785216061.7152917,15,324.65625,3486.5
1785216061.7152917,15,326.3125,3464.25
1785216061.7152917,15,327.953125,3446.0
1785216061.7152917,7,329.59375,3436.0
1785216061.7152917,15,331.25,3445.75
1785216061.7152917,15,332.890625,3460.75
1785216061.7152917,15,334.546875,3466.0
1785216061.7152917,15,336.1875,3477.75
1785216061.7152917,15,337.828125,3490.5
1785216061.7152917,15,339.484375,3502.75
1785216061.7152917,15,341.125,3509.0
1785216061.7152917,15,342.78125,3515.75
1785216061.7152917,13,344.4375,3522.5
1785216061.7152917,13,346.0625,3536.75
1785216061.7152917,9,347.734375,3553.25
1785216061.7152917,15,349.359375,3583.25
1785216061.8272185,15,351.0,3602.0
1785216061.8272185,15,352.671875,3580.75
1785216061.8272185,15,354.3125,3567.25
1785216061.8272185,15,357.5625,3866.5
1785216061.8272185,15,359.203125,3909.25
1785216061.8272185,14,0.859375,3929.5
1785216061.8272185,14,2.484375,3958.25
1785216061.8272185,14,4.140625,3980.75
1785216061.8272185,12,5.765625,4036.0
1785216061.8272185,15,7.4375,4106.0
1785216061.8272185,15,9.0625,4180.75
1785216061.8272185,15,10.6875,4251.75
1785216061.8272185,15,12.3125,4334.75
1785216061.8272185,9,13.953125,4429.25
1785216061.8272185,7,179.71875,10152.75
1785216061.8272185,15,227.546875,4887.25
1785216061.8272185,15,229.203125,4753.0
1785216061.8272185,15,230.859375,4635.5
1785216061.8272185,15,234.234375,3407.75
1785216061.8272185,15,235.890625,3372.0
1785216061.8272185,15,240.765625,3861.5
1785216061.8272185,15,242.421875,3788.25
1785216061.8272185,15,244.078125,3728.5
1785216061.8272185,15,245.71875,3664.5
1785216061.8272185,15,247.375,3599.75
1785216061.8272185,15,249.0,3561.5
1785216061.8272185,15,250.703125,3520.25
1785216061.8272185,15,252.34375,3463.5
1785216061.8272185,15,254.015625,3411.75
1785216061.8272185,15,257.28125,3523.25
1785216061.8272185,15,258.90625,3550.0
1785216061.8272185,15,262.171875,3786.5
1785216061.8272185,15,263.8125,3774.0
1785216061.8272185,15,265.484375,3754.0
1785216061.8272185,15,267.109375,3737.25
1785216061.8272185,15,268.75,3732.5
1785216061.8272185,15,270.40625,3732.25
1785216061.8272185,15,272.046875,3730.75
1785216061.8272185,15,273.703125,3732.0
1785216061.8272185,15,275.296875,3730.0
1785216061.8272185,15,276.96875,3731.5
1785216061.8272185,15,278.578125,3748.0
1785216061.8272185,15,280.21875,3764.5
1785216061.8272185,15,281.859375,3772.75
1785216061.8272185,15,283.5,3784.5
1785216061.8272185,15,285.140625,3801.25
1785216061.8272185,15,286.765625,3820.25
1785216061.8272185,15,288.421875,3851.5
1785216061.8272185,15,290.078125,3840.0
1785216061.8272185,15,293.359375,3607.5
1785216061.8272185,15,296.703125,3349.25
1785216061.8272185,15,298.328125,3327.25
1785216061.8272185,15,300.03125,3369.5
1785216061.8272185,15,301.671875,3419.25
1785216061.8272185,15,303.296875,3484.0
1785216061.8272185,15,304.9375,3550.5
1785216061.8272185,15,306.578125,3627.0
1785216061.8272185,15,308.234375,3707.75
1785216061.8272185,13,313.171875,3698.0
1785216061.8272185,13,314.828125,3634.75
1785216061.8272185,6,316.46875,3588.75
1785216061.8272185,15,318.109375,3541.25
1785216061.8272185,15,319.765625,3512.25
1785216061.8272185,15,321.421875,3500.75
1785216061.8272185,15,323.109375,3499.25
1785216061.8272185,15,324.75,3486.75
1785216061.8272185,15,326.390625,3466.0
1785216061.8272185,15,328.046875,3452.0
1785216061.8272185,15,329.6875,3453.0
1785216061.8272185,15,331.34375,3476.75
1785216061.8272185,15,333.0,3474.25
1785216061.8272185,15,334.625,3472.0
1785216061.8272185,15,336.296875,3479.25
1785216061.8272185,15,337.921875,3484.5
1785216061.8272185,15,339.578125,3503.5
1785216061.8272185,15,341.234375,3508.75
1785216061.8272185,15,342.875,3509.0
1785216061.8272185,15,344.515625,3516.75
1785216061.8272185,13,346.171875,3536.75
1785216061.8272185,10,347.8125,3555.0
1785216061.8272185,15,349.46875,3587.75
1785216061.9393947,15,351.109375,3602.25
1785216061.9393947,12,352.765625,3577.5
1785216061.9393947,12,354.421875,3560.25
1785216061.9393947,15,357.6875,3876.25
1785216061.9393947,15,359.3125,3910.25
1785216061.9393947,15,0.984375,3929.0
1785216061.9393947,13,2.609375,3959.25
1785216061.9393947,14,4.265625,3991.25
1785216061.9393947,15,5.890625,4042.25
1785216061.9393947,15,7.546875,4102.25
1785216061.9393947,15,9.1875,4167.75
1785216061.9393947,15,10.75,4241.75
1785216061.9393947,14,12.375,4337.5
1785216061.9393947,15,206.109375,8476.0
1785216061.9393947,15,227.625,4901.0
1785216061.9393947,15,230.921875,4633.25
1785216061.9393947,15,234.3125,3406.25
1785216061.9393947,15,235.96875,3355.5
1785216061.9393947,15,240.84375,3849.0
1785216061.9393947,15,242.515625,3779.0
1785216061.9393947,15,244.140625,3727.5
1785216061.9393947,15,245.796875,3666.0
1785216061.9393947,15,247.453125,3599.5
1785216061.9393947,15,249.09375,3553.25
1785216061.9393947,15,250.75,3513.0
1785216061.9393947,15,252.40625,3463.25
1785216061.9393947,15,254.0625,3413.75
1785216061.9393947,15,257.359375,3521.0
1785216061.9393947,15,262.25,3785.0
1785216061.9393947,15,263.890625,3772.0
1785216061.9393947,15,265.546875,3755.25
1785216061.9393947,15,267.203125,3737.0
1785216061.9393947,15,268.828125,3733.5
1785216061.9393947,15,270.46875,3747.75
1785216061.9393947,15,272.140625,3735.75
1785216061.9393947,15,273.796875,3731.25
1785216061.9393947,15,275.40625,3731.5
1785216061.9393947,15,277.03125,3720.5
1785216061.9393947,15,278.65625,3744.25
1785216061.9393947,15,280.3125,3766.0
1785216061.9393947,15,281.9375,3773.25
1785216061.9393947,15,283.59375,3783.25
1785216061.9393947,15,285.234375,3798.75
1785216061.9393947,15,286.890625,3813.25
1785216061.9393947,15,288.515625,3847.0
1785216061.9393947,15,290.140625,3830.25
1785216061.9393947,15,293.46875,3627.25
1785216061.9393947,15,296.78125,3333.0
1785216061.9393947,15,298.46875,3330.75
1785216061.9393947,15,300.09375,3376.75
1785216061.9393947,15,301.734375,3420.5
1785216061.9393947,15,303.390625,3482.0
1785216061.9393947,15,305.03125,3551.0
1785216061.9393947,15,306.65625,3629.0
1785216061.9393947,15,308.28125,3712.0
1785216061.9393947,15,313.234375,3704.0
1785216061.9393947,15,314.890625,3640.25
1785216061.9393947,11,316.515625,3615.5
1785216061.9393947,13,318.203125,3565.75
1785216061.9393947,14,319.84375,3510.75
1785216061.9393947,15,321.484375,3507.25
1785216061.9393947,15,323.1875,3511.25
1785216061.9393947,15,324.84375,3490.25
1785216061.9393947,15,326.46875,3475.25
1785216061.9393947,15,328.140625,3463.0
1785216061.9393947,9,329.796875,3443.5
1785216061.9393947,15,331.4375,3436.75
1785216061.9393947,15,333.09375,3447.0
1785216061.9393947,15,334.75,3470.0
1785216061.9393947,15,336.390625,3475.25
1785216061.9393947,15,338.046875,3468.25
1785216061.9393947,15,339.6875,3470.25
1785216061.9393947,15,341.359375,3477.25
1785216061.9393947,15,342.984375,3495.5
1785216061.9393947,15,344.625,3516.5
1785216061.9393947,11,346.28125,3533.0
1785216061.9393947,9,347.90625,3543.5
1785216061.9393947,12,349.53125,3556.25
1785216062.0505757,15,351.1875,3577.0
1785216062.0505757,15,352.84375,3576.25
1785216062.0505757,10,354.5,3557.75
1785216062.0505757,15,357.75,3845.5
1785216062.0505757,15,359.390625,3899.0
1785216062.0505757,15,1.046875,3917.5
1785216062.0505757,11,2.6875,3957.25
1785216062.0505757,12,4.3125,3995.5
1785216062.0505757,15,5.953125,4046.0
1785216062.0505757,15,7.609375,4105.75
1785216062.0505757,15,9.234375,4171.25
1785216062.0505757,15,10.828125,4261.0
1785216062.0505757,12,12.453125,4358.5
1785216062.0505757,8,178.21875,10266.5
1785216062.0505757,15,206.140625,8499.5
1785216062.0505757,15,222.671875,5358.0
1785216062.0505757,15,227.703125,4895.25
1785216062.0505757,15,229.34375,4762.5
1785216062.0505757,15,230.96875,4634.25
1785216062.0505757,15,234.375,3408.75
1785216062.0505757,15,236.046875,3353.0
1785216062.0505757,15,240.9375,3850.25
1785216062.0505757,15,242.578125,3779.5
1785216062.0505757,15,244.25,3723.25
1785216062.0505757,15,245.875,3656.0
1785216062.0505757,15,247.546875,3595.0
1785216062.0505757,15,249.171875,3554.75
1785216062.0505757,15,250.828125,3512.25
1785216062.0505757,15,252.46875,3463.5
1785216062.0505757,15,254.125,3414.75
1785216062.0505757,15,257.421875,3519.0
1785216062.0505757,15,259.046875,3542.5
1785216062.0505757,15,262.328125,3785.5
1785216062.0505757,15,263.96875,3774.5
1785216062.0505757,15,265.609375,3757.25
1785216062.0505757,15,267.265625,3736.0
1785216062.0505757,15,268.890625,3720.5
1785216062.0505757,15,270.53125,3710.75
1785216062.0505757,15,272.1875,3713.25
1785216062.0505757,15,273.84375,3731.75
1785216062.0505757,15,275.4375,3728.0
1785216062.0505757,15,277.109375,3719.75
1785216062.0505757,15,278.75,3743.25
1785216062.0505757,15,280.359375,3764.0
1785216062.0505757,15,282.0,3778.75
1785216062.0505757,15,283.65625,3789.0
1785216062.0505757,15,285.296875,3797.25
1785216062.0505757,15,286.9375,3809.5
1785216062.0505757,15,288.5625,3845.5
1785216062.0505757,15,293.53125,3628.25
1785216062.0505757,15,296.859375,3320.0
1785216062.0505757,15,298.5625,3336.5
1785216062.0505757,15,300.234375,3379.0
1785216062.0505757,15,301.84375,3423.75
1785216062.0505757,15,303.5,3482.5
1785216062.0505757,15,305.140625,3552.75
1785216062.0505757,15,306.78125,3637.75
1785216062.0505757,15,308.421875,3718.25
1785216062.0505757,15,313.359375,3698.25
1785216062.0505757,15,315.015625,3632.25
1785216062.0505757,9,316.6875,3593.0
1785216062.0505757,14,318.328125,3541.25
1785216062.0505757,15,319.984375,3507.0
1785216062.0505757,15,321.609375,3495.5
1785216062.0505757,15,323.328125,3492.25
1785216062.0505757,15,325.0,3479.75
1785216062.0505757,15,326.625,3471.5
1785216062.0505757,7,328.3125,3454.5
1785216062.0505757,7,329.9375,3435.25
1785216062.0505757,15,331.59375,3451.25
1785216062.0505757,15,333.25,3455.0
1785216062.0505757,15,334.890625,3448.75
1785216062.0505757,15,336.546875,3467.5
1785216062.0505757,15,338.1875,3485.0
1785216062.0505757,15,339.828125,3492.75
1785216062.0505757,15,341.5,3484.25
1785216062.0505757,15,343.15625,3483.25
1785216062.0505757,15,344.796875,3506.5
1785216062.0505757,15,346.4375,3529.25
1785216062.0505757,13,348.046875,3544.75
1785216062.0505757,15,349.703125,3578.5
1785216062.1650815,15,351.34375,3595.0
1785216062.1650815,15,353.0,3569.25
1785216062.1650815,7,354.640625,3577.5
1785216062.1650815,15,357.90625,3853.75
1785216062.1650815,15,359.546875,3899.25
1785216062.1650815,15,1.203125,3911.25
1785216062.1650815,11,2.859375,3936.0
1785216062.1650815,11,4.5,3963.0
1785216062.1650815,15,6.125,4016.75
1785216062.1650815,15,7.78125,4091.25
1785216062.1650815,15,9.40625,4175.5
1785216062.1650815,15,10.984375,4250.25
1785216062.1650815,15,12.609375,4334.0
1785216062.1650815,8,183.375,10184.25
1785216062.1650815,15,229.578125,4717.0
1785216062.1650815,15,234.640625,3411.5
1785216062.1650815,15,236.265625,3368.0
1785216062.1650815,15,239.5,3918.5
1785216062.1650815,15,241.15625,3849.5
1785216062.1650815,15,242.8125,3775.25
1785216062.1650815,15,244.453125,3712.0
1785216062.1650815,15,246.09375,3644.0
1785216062.1650815,15,247.75,3588.5
1785216062.1650815,15,249.390625,3543.5
1785216062.1650815,15,251.046875,3502.0
1785216062.1650815,15,252.6875,3454.75
1785216062.1650815,15,254.34375,3433.5
1785216062.1650815,15,255.953125,3480.5
1785216062.1650815,15,257.609375,3512.75
1785216062.1650815,15,259.25,3544.5
1785216062.1650815,15,262.5,3783.5
1785216062.1650815,15,264.140625,3766.5
1785216062.1650815,15,265.8125,3756.25
1785216062.1650815,15,267.4375,3744.25
1785216062.1650815,15,269.078125,3731.0
1785216062.1650815,15,270.734375,3713.25
1785216062.1650815,15,272.375,3715.25
1785216062.1650815,15,274.015625,3723.75
1785216062.1650815,15,275.625,3715.0
1785216062.1650815,15,277.28125,3730.0
1785216062.1650815,15,278.90625,3753.5
1785216062.1650815,15,280.546875,3766.0
1785216062.1650815,15,282.1875,3777.75
1785216062.1650815,15,283.84375,3785.0
1785216062.1650815,15,285.484375,3796.0
1785216062.1650815,15,287.125,3818.5
1785216062.1650815,15,288.75,3854.75
1785216062.1650815,15,293.6875,3601.25
1785216062.1650815,15,297.015625,3304.75
1785216062.1650815,15,298.8125,3341.5
1785216062.1650815,15,300.453125,3385.75
1785216062.1650815,15,302.09375,3436.75
1785216062.1650815,15,303.734375,3493.75
1785216062.1650815,15,305.390625,3557.25
1785216062.1650815,15,307.03125,3641.75
1785216062.1650815,12,308.65625,3722.75
1785216062.1650815,9,315.296875,3641.75
1785216062.1650815,7,316.953125,3601.75
1785216062.1650815,15,318.59375,3535.5
1785216062.1650815,15,320.25,3502.0
1785216062.1650815,15,321.90625,3494.0
1785216062.1650815,15,323.5625,3492.0
1785216062.1650815,15,325.203125,3480.25
1785216062.1650815,15,326.859375,3451.0
1785216062.1650815,6,328.53125,3427.25
1785216062.1650815,15,330.15625,3432.5
1785216062.1650815,15,331.8125,3442.5
1785216062.1650815,15,333.46875,3455.25
1785216062.1650815,15,335.109375,3459.75
1785216062.1650815,15,340.046875,3482.25
1785216062.1650815,15,341.71875,3478.25
1785216062.1650815,15,343.359375,3493.0
1785216062.1650815,15,345.015625,3515.25
1785216062.1650815,15,346.640625,3532.0
1785216062.1650815,8,348.296875,3547.0
1785216062.1650815,15,349.953125,3586.75
1785216062.2763443,15,351.59375,3600.25
1785216062.2763443,15,353.25,3570.25
1785216062.2763443,7,354.875,3602.75
1785216062.2763443,15,358.140625,3874.25
1785216062.2763443,15,359.8125,3914.75
1785216062.2763443,15,1.453125,3928.5
1785216062.2763443,15,3.09375,3942.5
1785216062.2763443,13,4.734375,3992.75
1785216062.2763443,15,6.375,4065.75
1785216062.2763443,15,8.015625,4121.0
1785216062.2763443,12,9.65625,4186.25
1785216062.2763443,12,11.234375,4287.75
1785216062.2763443,14,12.859375,4372.5
1785216062.2763443,8,178.5625,10211.0
1785216062.2763443,8,180.21875,10227.25
1785216062.2763443,9,181.859375,10155.5
1785216062.2763443,15,223.140625,5310.25
1785216062.2763443,15,226.40625,4987.5
1785216062.2763443,15,229.71875,4718.5
1785216062.2763443,15,234.75,3391.25
1785216062.2763443,15,236.40625,3369.75
1785216062.2763443,15,239.65625,3898.25
1785216062.2763443,15,241.28125,3831.75
1785216062.2763443,15,242.921875,3773.25
1785216062.2763443,15,244.609375,3711.5
1785216062.2763443,15,246.234375,3641.0
1785216062.2763443,15,247.875,3581.0
1785216062.2763443,15,249.515625,3537.75
1785216062.2763443,15,251.171875,3496.25
1785216062.2763443,15,252.8125,3448.0
1785216062.2763443,15,254.453125,3428.75
1785216062.2763443,15,256.078125,3477.75
1785216062.2763443,15,257.703125,3510.75
1785216062.2763443,15,259.34375,3547.25
1785216062.2763443,15,262.625,3785.0
1785216062.2763443,15,264.25,3767.5
1785216062.2763443,15,265.921875,3755.25
1785216062.2763443,15,267.53125,3729.5
1785216062.2763443,15,269.1875,3717.5
1785216062.2763443,15,270.8125,3717.5
1785216062.2763443,15,272.46875,3709.75
1785216062.2763443,15,274.09375,3738.75
1785216062.2763443,15,275.71875,3750.0
1785216062.2763443,15,277.375,3750.25
1785216062.2763443,15,278.984375,3761.0
1785216062.2763443,15,280.65625,3764.75
1785216062.2763443,15,282.265625,3777.25
1785216062.2763443,15,283.90625,3785.0
1785216062.2763443,15,285.578125,3794.75
1785216062.2763443,15,287.1875,3817.5
1785216062.2763443,15,288.828125,3858.75
1785216062.2763443,15,293.765625,3593.25
1785216062.2763443,15,297.109375,3305.25
1785216062.2763443,15,298.828125,3342.0
1785216062.2763443,15,300.484375,3386.25
1785216062.2763443,15,302.125,3437.5
1785216062.2763443,15,303.75,3494.5
1785216062.2763443,15,305.40625,3560.0
1785216062.2763443,15,307.03125,3643.5
1785216062.2763443,15,308.65625,3719.5
1785216062.2763443,10,315.265625,3755.5
1785216062.2763443,12,316.90625,3724.5
1785216062.2763443,14,318.5625,3687.0
1785216062.2763443,15,320.1875,3678.25
1785216062.2763443,15,321.859375,3659.5
1785216062.2763443,9,323.46875,3621.25
1785216062.2763443,6,325.125,3593.25
1785216062.2763443,8,326.765625,3587.25
1785216062.2763443,13,328.421875,3575.75
1785216062.2763443,11,330.0625,3567.0
1785216062.2763443,11,331.734375,3567.25
1785216062.2763443,15,333.359375,3565.0
1785216062.2763443,12,335.0,3559.75
1785216062.2763443,8,336.65625,3565.75
1785216062.2763443,7,338.296875,3575.5
1785216062.2763443,11,339.953125,3568.5
1785216062.2763443,7,341.59375,3565.75
1785216062.2763443,8,343.21875,3570.25
1785216062.2763443,15,344.875,3569.5
1785216062.2763443,11,346.546875,3577.0
1785216062.2763443,8,348.21875,3567.25
1785216062.2763443,15,349.84375,3578.5
1785216062.3874664,15,351.484375,3595.0
1785216062.3874664,15,353.15625,3573.0
1785216062.3874664,15,358.0625,3867.0
1785216062.3874664,15,359.6875,3912.25
1785216062.3874664,15,1.34375,3945.25
1785216062.3874664,12,2.984375,3957.5
1785216062.3874664,14,4.625,3998.75
1785216062.3874664,15,6.265625,4069.0
1785216062.3874664,15,7.90625,4121.75
1785216062.3874664,15,9.53125,4185.0
1785216062.3874664,15,11.140625,4278.0
1785216062.3874664,14,12.78125,4376.0
1785216062.3874664,7,180.0,10208.5
1785216062.3874664,8,181.640625,10246.75
1785216062.3874664,8,183.28125,10143.0
1785216062.3874664,15,229.4375,4732.0
1785216062.3874664,15,231.09375,4629.25
1785216062.3874664,15,234.484375,3410.25
1785216062.3874664,15,236.140625,3351.25
1785216062.3874664,15,241.0,3845.75
1785216062.3874664,15,242.65625,3772.75
1785216062.3874664,15,244.296875,3723.75
1785216062.3874664,15,245.9375,3659.25
1785216062.3874664,15,247.609375,3595.0
1785216062.3874664,15,249.25,3555.0
1785216062.3874664,15,250.890625,3513.75
1785216062.3874664,15,252.515625,3460.0
1785216062.3874664,15,254.140625,3418.5
1785216062.3874664,15,257.421875,3520.25
1785216062.3874664,15,259.0625,3544.25
1785216062.3874664,15,262.328125,3783.75
1785216062.3874664,15,263.953125,3773.5
1785216062.3874664,15,265.59375,3756.75
1785216062.3874664,15,267.25,3733.5
1785216062.3874664,15,268.890625,3721.5
1785216062.3874664,15,270.546875,3713.5
1785216062.3874664,15,272.171875,3714.5
1785216062.3874664,15,273.8125,3730.5
1785216062.3874664,15,275.4375,3728.25
1785216062.3874664,15,277.09375,3722.25
1785216062.3874664,15,278.71875,3743.5
1785216062.3874664,15,280.359375,3763.25
1785216062.3874664,15,281.984375,3777.75
1785216062.3874664,15,283.640625,3789.25
1785216062.3874664,15,285.265625,3799.75
1785216062.3874664,15,286.921875,3826.75
1785216062.3874664,15,288.546875,3859.0
1785216062.3874664,15,293.5,3631.75
1785216062.3874664,15,296.796875,3335.75
1785216062.3874664,15,298.53125,3334.0
1785216062.3874664,15,300.15625,3375.25
1785216062.3874664,15,301.78125,3418.75
1785216062.3874664,15,303.4375,3481.5
1785216062.3874664,15,305.0625,3550.0
1785216062.3874664,15,306.703125,3634.5
1785216062.3874664,15,308.34375,3717.75
1785216062.3874664,15,314.921875,3708.0
1785216062.3874664,14,316.546875,3639.5
1785216062.3874664,15,318.203125,3612.25
1785216062.3874664,10,319.828125,3579.0
1785216062.3874664,11,321.515625,3535.0
1785216062.3874664,15,323.15625,3517.5
1785216062.3874664,15,324.796875,3516.75
1785216062.3874664,15,326.453125,3520.25
1785216062.3874664,15,328.09375,3523.75
1785216062.3874664,14,329.734375,3543.75
1785216062.3874664,15,331.359375,3542.25
1785216062.3874664,15,333.03125,3528.75
1785216062.3874664,15,334.671875,3534.75
1785216062.3874664,13,336.296875,3535.25
1785216062.3874664,14,337.953125,3537.5
1785216062.3874664,15,339.609375,3546.25
1785216062.3874664,12,341.25,3532.5
1785216062.3874664,8,342.890625,3537.25
1785216062.3874664,15,344.53125,3562.5
1785216062.3874664,10,346.171875,3578.5
1785216062.3874664,12,347.828125,3579.25
1785216062.3874664,15,349.484375,3589.5
1785216062.4986165,15,351.125,3599.75
1785216062.4986165,15,352.796875,3577.75
1785216062.4986165,15,356.046875,3820.0
1785216062.4986165,15,357.703125,3881.25
1785216062.4986165,15,359.34375,3924.5
1785216062.4986165,15,0.984375,3946.75
1785216062.4986165,11,2.625,3965.5
1785216062.4986165,12,4.265625,4000.75
1785216062.4986165,15,5.90625,4049.75
1785216062.4986165,15,7.546875,4108.25
1785216062.4986165,15,9.1875,4173.0
1785216062.4986165,15,10.84375,4260.0
1785216062.4986165,12,12.46875,4357.0
1785216062.4986165,7,176.4375,10142.75
1785216062.4986165,8,181.375,10146.0
1785216062.4986165,15,222.515625,5363.25
1785216062.4986165,15,229.09375,4767.5
1785216062.4986165,15,230.734375,4648.75
1785216062.4986165,15,234.140625,3404.0
1785216062.4986165,15,235.765625,3371.0
1785216062.4986165,15,240.640625,3860.75
1785216062.4986165,15,242.28125,3788.25
1785216062.4986165,15,243.921875,3732.75
1785216062.4986165,15,245.578125,3671.25
1785216062.4986165,15,247.21875,3605.5
1785216062.4986165,15,248.875,3561.5
1785216062.4986165,15,250.546875,3519.5
1785216062.4986165,15,252.1875,3467.0
1785216062.4986165,15,253.84375,3416.75
1785216062.4986165,15,257.125,3527.5
1785216062.4986165,15,258.75,3537.25
1785216062.4986165,15,262.015625,3798.75
1785216062.4986165,15,263.640625,3781.25
1785216062.4986165,15,265.296875,3762.75
1785216062.4986165,15,266.921875,3744.0
1785216062.4986165,15,268.578125,3730.5
1785216062.4986165,15,270.234375,3723.5
1785216062.4986165,15,271.859375,3719.5
1785216062.4986165,15,273.5,3720.25
1785216062.4986165,15,275.140625,3724.75
1785216062.4986165,15,276.796875,3731.0
1785216062.4986165,15,278.421875,3750.75
1785216062.4986165,15,280.046875,3765.5
1785216062.4986165,15,281.6875,3774.5
1785216062.4986165,15,283.328125,3786.75
1785216062.4986165,15,284.96875,3802.5
1785216062.4986165,15,286.609375,3819.75
1785216062.4986165,15,288.25,3843.0
1785216062.4986165,15,289.90625,3843.75
1785216062.4986165,15,293.1875,3624.25
1785216062.4986165,15,298.15625,3325.0
1785216062.4986165,15,299.84375,3367.0
1785216062.4986165,15,301.484375,3410.5
1785216062.4986165,15,303.140625,3474.5
1785216062.4986165,15,304.78125,3545.5
1785216062.4986165,15,306.40625,3623.0
1785216062.4986165,15,308.015625,3705.5
1785216062.4986165,11,312.953125,3701.75
1785216062.4986165,15,314.609375,3640.0
1785216062.4986165,13,316.265625,3611.75
1785216062.4986165,15,317.921875,3565.0
1785216062.4986165,12,319.578125,3514.0
1785216062.4986165,15,321.21875,3513.0
1785216062.4986165,15,322.859375,3513.0
1785216062.4986165,15,324.5,3488.75
1785216062.4986165,15,326.15625,3472.0
1785216062.4986165,15,327.796875,3487.75
1785216062.4986165,15,329.4375,3496.25
1785216062.4986165,15,331.0625,3495.5
1785216062.4986165,15,332.734375,3505.75
1785216062.4986165,15,334.375,3498.75
1785216062.4986165,15,336.015625,3501.5
1785216062.4986165,15,337.640625,3504.5
1785216062.4986165,15,339.296875,3515.0
1785216062.4986165,15,340.953125,3514.25
1785216062.4986165,15,342.59375,3499.0
1785216062.4986165,14,344.234375,3509.0
1785216062.4986165,15,345.875,3535.0
1785216062.4986165,10,347.546875,3555.5
1785216062.4986165,14,349.1875,3563.0
1785216062.6106696,15,350.828125,3578.5
1785216062.6106696,15,352.46875,3580.5
1785216062.6106696,15,354.125,3568.0
1785216062.6106696,15,357.375,3823.0
1785216062.6106696,15,359.015625,3884.75
1785216062.6106696,15,0.65625,3911.5
1785216062.6106696,15,2.3125,3933.5
1785216062.6106696,13,3.953125,3971.0
1785216062.6106696,11,5.578125,4024.25
1785216062.6106696,15,7.25,4091.0
1785216062.6106696,15,8.859375,4143.75
1785216062.6106696,13,10.46875,4218.5
1785216062.6106696,15,12.078125,4332.0
1785216062.6106696,14,13.71875,4412.0
1785216062.6106696,7,177.71875,10182.0
1785216062.6106696,9,179.390625,10151.25
1785216062.6106696,15,222.140625,5418.25
1785216062.6106696,15,228.75,4790.5
1785216062.6106696,15,230.375,4679.25
1785216062.6106696,15,235.421875,3375.75
1785216062.6106696,15,240.296875,3882.75
1785216062.6106696,15,241.9375,3809.25
1785216062.6106696,15,243.578125,3738.5
1785216062.6106696,15,245.234375,3682.0
1785216062.6106696,15,246.890625,3623.0
1785216062.6106696,15,248.515625,3572.75
1785216062.6106696,15,250.171875,3529.0
1785216062.6106696,15,251.859375,3475.75
1785216062.6106696,15,253.53125,3426.75
1785216062.6106696,15,256.78125,3535.5
1785216062.6106696,15,258.421875,3504.5
1785216062.6106696,15,261.671875,3772.75
1785216062.6106696,15,263.328125,3786.5
1785216062.6106696,15,264.96875,3777.5
1785216062.6106696,15,266.640625,3755.25
1785216062.6106696,15,268.28125,3738.75
1785216062.6106696,15,269.921875,3732.25
1785216062.6106696,15,271.546875,3724.75
1785216062.6106696,15,273.203125,3715.5
1785216062.6106696,15,274.796875,3704.5
1785216062.6106696,15,276.453125,3722.0
1785216062.6106696,15,278.078125,3744.25
1785216062.6106696,15,279.71875,3756.75
1785216062.6106696,15,281.34375,3770.25
1785216062.6106696,15,282.984375,3779.75
1785216062.6106696,15,284.625,3791.5
1785216062.6106696,15,286.28125,3804.75
1785216062.6106696,15,287.90625,3833.25
1785216062.6106696,15,289.53125,3870.0
1785216062.6106696,15,292.84375,3667.5
1785216062.6106696,15,297.796875,3316.75
1785216062.6106696,15,299.5,3360.25
1785216062.6106696,15,301.125,3402.75
1785216062.6106696,15,302.78125,3460.0
1785216062.6106696,15,304.40625,3520.0
1785216062.6106696,15,306.03125,3592.75
1785216062.6106696,15,307.671875,3676.0
1785216062.6106696,14,314.234375,3681.75
1785216062.6106696,12,315.890625,3631.75
1785216062.6106696,8,317.546875,3589.0
1785216062.6106696,13,319.203125,3546.75
1785216062.6106696,14,320.859375,3523.25
1785216062.6106696,15,322.515625,3517.75
1785216062.6106696,15,324.15625,3516.25
1785216062.6106696,15,325.8125,3503.75
1785216062.6106696,15,327.453125,3494.0
1785216062.6106696,15,329.078125,3508.25
1785216062.6106696,15,330.734375,3516.75
1785216062.6106696,15,332.390625,3521.0
1785216062.6106696,15,334.03125,3522.5
1785216062.6106696,15,335.65625,3529.25
1785216062.6106696,10,337.3125,3550.25
1785216062.6106696,13,338.953125,3534.0
1785216062.6106696,15,340.609375,3529.5
1785216062.6106696,11,342.25,3546.25
1785216062.6106696,10,343.890625,3554.25
1785216062.6106696,15,345.53125,3555.5
1785216062.6106696,10,347.1875,3551.25
1785216062.6106696,15,348.859375,3592.25
1785216062.725542,15,350.515625,3613.25
1785216062.725542,15,352.140625,3581.25
1785216062.725542,11,353.78125,3613.75
1785216062.725542,15,357.03125,3864.0
1785216062.725542,15,358.671875,3900.75
1785216062.725542,15,0.328125,3929.5
1785216062.725542,15,1.984375,3951.5
1785216062.725542,11,3.609375,3983.25
1785216062.725542,11,5.265625,4028.75
1785216062.725542,15,6.890625,4090.0
1785216062.725542,15,8.546875,4143.75
1785216062.725542,13,10.1875,4210.75
1785216062.725542,15,11.75,4317.0
1785216062.725542,15,13.390625,4403.75
1785216062.725542,9,180.6875,10196.25
1785216062.725542,15,223.453125,5291.25
1785216062.725542,15,226.765625,4951.0
1785216062.725542,15,228.40625,4819.0
1785216062.725542,15,230.0625,4695.75
1785216062.725542,15,235.109375,3377.5
1785216062.725542,15,239.96875,3896.5
1785216062.725542,15,241.625,3824.25
1785216062.725542,15,243.25,3751.75
1785216062.725542,15,244.921875,3700.0
1785216062.725542,15,246.5625,3636.0
1785216062.725542,15,248.203125,3575.75
1785216062.725542,15,249.859375,3528.25
1785216062.725542,15,251.53125,3478.75
1785216062.725542,15,253.203125,3428.5
1785216062.725542,15,254.828125,3438.25
1785216062.725542,15,256.46875,3502.25
1785216062.725542,15,258.109375,3507.25
1785216062.725542,15,261.375,3731.5
1785216062.725542,15,262.984375,3771.0
1785216062.725542,15,264.65625,3756.5
1785216062.725542,15,266.28125,3753.75
1785216062.725542,15,267.921875,3745.0
1785216062.725542,15,269.578125,3737.25
1785216062.725542,15,271.203125,3729.25
1785216062.725542,15,272.875,3725.25
1785216062.725542,15,274.4375,3730.0
1785216062.725542,15,276.0625,3729.5
1785216062.725542,15,277.71875,3736.5
1785216062.725542,15,279.34375,3753.25
1785216062.725542,15,280.96875,3766.0
1785216062.725542,15,282.609375,3781.5
1785216062.725542,15,284.265625,3794.0
1785216062.725542,15,285.90625,3801.5
1785216062.725542,15,287.53125,3823.25
1785216062.725542,15,289.171875,3860.25
1785216062.725542,15,292.484375,3660.75
1785216062.725542,15,294.109375,3570.0
1785216062.725542,15,297.40625,3308.5
1785216062.725542,15,299.140625,3348.5
1785216062.725542,15,300.796875,3393.5
1785216062.725542,15,302.421875,3452.5
1785216062.725542,15,304.0625,3511.5
1785216062.725542,15,305.6875,3580.0
1785216062.725542,15,307.3125,3659.5
1785216062.725542,10,308.953125,3710.75
1785216062.725542,15,313.90625,3693.5
1785216062.725542,14,315.546875,3648.25
1785216062.725542,8,317.1875,3599.0
1785216062.725542,15,318.84375,3535.25
1785216062.725542,15,320.5,3504.5
1785216062.725542,15,322.125,3507.75
1785216062.725542,14,323.859375,3500.0
1785216062.725542,15,325.5,3485.0
1785216062.725542,15,327.140625,3488.5
1785216062.725542,15,328.78125,3503.25
1785216062.725542,15,330.421875,3514.75
1785216062.725542,15,332.078125,3495.75
1785216062.725542,15,333.75,3494.25
1785216062.725542,15,335.375,3506.25
1785216062.725542,15,337.046875,3518.25
1785216062.725542,15,338.671875,3536.0
1785216062.725542,15,340.3125,3529.75
1785216062.725542,15,341.984375,3523.25
1785216062.725542,15,343.640625,3521.75
1785216062.725542,12,345.265625,3531.0
1785216062.725542,10,346.890625,3559.5
1785216062.725542,8,348.546875,3566.0
1785216062.725542,15,350.171875,3579.75
1785216062.8365614,15,351.828125,3591.25
1785216062.8365614,15,353.484375,3579.5
1785216062.8365614,15,356.765625,3827.0
1785216062.8365614,15,358.359375,3883.5
1785216062.8365614,15,0.015625,3906.75
1785216062.8365614,15,1.6875,3936.0
1785216062.8365614,12,3.3125,3962.0
1785216062.8365614,10,4.96875,4008.25
1785216062.8365614,15,6.59375,4087.0
1785216062.8365614,15,8.234375,4136.25
1785216062.8365614,9,9.890625,4184.0
1785216062.8365614,15,11.453125,4279.75
1785216062.8365614,14,13.09375,4376.0
1785216062.8365614,8,180.421875,10153.0
1785216062.8365614,8,183.71875,10194.25
1785216062.8365614,15,195.265625,8106.0
1785216062.8365614,15,196.90625,8030.5
1785216062.8365614,15,201.796875,10306.0
1785216062.8365614,15,226.546875,4971.75
1785216062.8365614,15,228.1875,4830.25
1785216062.8365614,15,229.84375,4710.5
1785216062.8365614,15,234.875,3387.0
1785216062.8365614,11,236.53125,3378.75
1785216062.8365614,15,239.75,3902.0
1785216062.8365614,15,241.421875,3838.0
1785216062.8365614,15,243.046875,3771.0
1785216062.8365614,15,244.71875,3709.0
1785216062.8365614,15,246.375,3643.25
1785216062.8365614,15,248.015625,3582.5
1785216062.8365614,15,249.65625,3539.0
1785216062.8365614,15,251.328125,3496.0
1785216062.8365614,15,252.953125,3447.0
1785216062.8365614,15,254.578125,3440.5
1785216062.8365614,15,256.234375,3490.75
1785216062.8365614,15,257.859375,3507.5
1785216062.8365614,15,259.5,3538.5
1785216062.8365614,15,262.765625,3786.25
1785216062.8365614,15,264.40625,3777.25
1785216062.8365614,15,266.0625,3759.25
1785216062.8365614,15,267.71875,3741.25
1785216062.8365614,15,269.328125,3727.5
1785216062.8365614,15,270.984375,3727.25
1785216062.8365614,15,272.625,3724.25
1785216062.8365614,15,274.25,3715.75
1785216062.8365614,15,275.84375,3721.25
1785216062.8365614,15,277.484375,3743.0
1785216062.8365614,15,279.109375,3757.25
1785216062.8365614,15,280.75,3766.0
1785216062.8365614,15,282.390625,3779.75
1785216062.8365614,15,284.03125,3786.5
1785216062.8365614,15,285.671875,3799.75
1785216062.8365614,15,287.328125,3826.25
1785216062.8365614,15,288.9375,3863.25
1785216062.8365614,15,293.890625,3591.75
1785216062.8365614,15,297.21875,3303.0
1785216062.8365614,15,298.9375,3343.75
1785216062.8365614,15,300.578125,3386.5
1785216062.8365614,15,302.203125,3439.75
1785216062.8365614,15,303.859375,3499.0
1785216062.8365614,15,305.5,3565.5
1785216062.8365614,15,307.140625,3645.75
1785216062.8365614,8,308.75,3716.0
1785216062.8365614,14,313.6875,3706.5
1785216062.8365614,15,315.359375,3658.75
1785216062.8365614,10,317.0,3631.5
1785216062.8365614,13,318.65625,3579.0
1785216062.8365614,15,320.3125,3534.75
1785216062.8365614,13,321.953125,3517.75
1785216062.8365614,15,323.65625,3505.25
1785216062.8365614,15,325.296875,3490.5
1785216062.8365614,15,326.953125,3476.5
1785216062.8365614,15,328.609375,3472.75
1785216062.8365614,15,330.234375,3482.75
1785216062.8365614,15,331.90625,3493.0
1785216062.8365614,15,333.53125,3497.0
1785216062.8365614,15,335.203125,3505.5
1785216062.8365614,15,338.46875,3502.25
1785216062.8365614,15,340.140625,3486.75
1785216062.8365614,15,341.78125,3483.5
1785216062.8365614,15,343.421875,3506.75
1785216062.8365614,15,345.0625,3527.0
1785216062.8365614,15,346.6875,3533.5
1785216062.8365614,8,348.34375,3549.0
1785216062.8365614,15,349.96875,3588.0
1785216062.947541,15,351.609375,3599.25
1785216062.947541,15,353.265625,3570.75
1785216062.947541,7,354.890625,3602.0
1785216062.947541,15,358.15625,3871.25
1785216062.947541,15,359.796875,3912.75
1785216062.947541,15,1.453125,3929.0
1785216062.947541,15,3.09375,3948.75
1785216062.947541,14,4.734375,3999.5
1785216062.947541,15,6.375,4067.75
1785216062.947541,15,8.015625,4121.0
1785216062.947541,14,9.65625,4188.5
1785216062.947541,14,11.234375,4288.5
1785216062.947541,15,12.875,4374.75
1785216062.947541,7,178.609375,10186.0
1785216062.947541,15,196.75,7998.5
1785216062.947541,15,223.15625,5310.75
1785216062.947541,15,226.46875,4982.5
1785216062.947541,15,229.75,4710.5
1785216062.947541,15,234.8125,3389.5
1785216062.947541,15,236.46875,3372.5
1785216062.947541,15,239.6875,3904.5
1785216062.947541,15,241.359375,3839.25
1785216062.947541,15,243.0,3771.5
1785216062.947541,15,244.65625,3710.25
1785216062.947541,15,246.296875,3646.25
1785216062.947541,15,247.953125,3587.0
1785216062.947541,15,249.59375,3539.25
1785216062.947541,15,251.234375,3496.0
1785216062.947541,15,252.859375,3448.75
1785216062.947541,15,254.5,3439.75
1785216062.947541,15,256.140625,3492.0
1785216062.947541,15,257.796875,3509.75
1785216062.947541,15,262.6875,3784.5
1785216062.947541,15,264.328125,3768.0
1785216062.947541,15,265.96875,3755.5
1785216062.947541,15,267.640625,3739.0
1785216062.947541,15,269.265625,3725.25
1785216062.947541,15,270.921875,3726.25
1785216062.947541,15,272.546875,3726.0
1785216062.947541,15,274.171875,3720.25
1785216062.947541,15,275.78125,3723.0
1785216062.947541,15,277.40625,3728.25
1785216062.947541,15,279.046875,3742.0
1785216062.947541,15,280.6875,3763.75
1785216062.947541,15,282.328125,3776.75
1785216062.947541,15,283.9375,3785.25
1785216062.947541,15,285.578125,3794.75
1785216062.947541,15,287.234375,3819.75
1785216062.947541,15,288.84375,3863.75
1785216062.947541,15,293.8125,3590.5
1785216062.947541,15,297.09375,3305.5
1785216062.947541,15,298.859375,3342.5
1785216062.947541,15,300.5,3384.75
1785216062.947541,15,302.15625,3436.5
1785216062.947541,15,303.765625,3495.75
1785216062.947541,15,305.4375,3562.25
1785216062.947541,15,307.046875,3644.25
1785216062.947541,11,308.703125,3700.0
1785216062.947541,12,313.65625,3679.25
1785216062.947541,10,315.28125,3630.25
1785216062.947541,11,316.953125,3577.75
1785216062.947541,15,318.59375,3518.75
1785216062.947541,15,320.25,3509.0
1785216062.947541,15,321.890625,3513.0
1785216062.947541,15,323.5625,3507.75
1785216062.947541,15,325.203125,3492.5
1785216062.947541,15,326.859375,3457.0
1785216062.947541,6,328.515625,3432.25
1785216062.947541,15,330.15625,3431.75
1785216062.947541,15,331.796875,3442.75
1785216062.947541,15,333.453125,3456.25
1785216062.947541,15,335.09375,3462.25
1785216062.947541,2,336.75,3437.5
1785216062.947541,15,338.390625,3454.75
1785216062.947541,15,340.046875,3487.25
1785216062.947541,15,341.6875,3484.25
1785216062.947541,15,343.34375,3499.75
1785216062.947541,15,344.984375,3518.25
1785216062.947541,15,346.578125,3536.25
1785216062.947541,15,348.234375,3549.0
1785216062.947541,15,349.859375,3574.75
1785216063.0592837,15,351.484375,3589.0
1785216063.0592837,15,353.171875,3570.0
1785216063.0592837,15,358.0625,3863.0
1785216063.0592837,15,359.703125,3910.5
1785216063.0592837,15,1.34375,3943.5
1785216063.0592837,14,2.984375,3959.75
1785216063.0592837,13,4.609375,3998.75
1785216063.0592837,15,6.265625,4066.0
1785216063.0592837,15,7.90625,4123.25
1785216063.0592837,15,9.53125,4188.0
1785216063.0592837,15,11.140625,4280.75
1785216063.0592837,15,12.765625,4378.0
1785216063.0592837,7,181.703125,10264.75
1785216063.0592837,15,196.53125,7966.25
1785216063.0592837,15,227.921875,4850.5
1785216063.0592837,15,229.546875,4725.25
1785216063.0592837,15,234.609375,3408.75
1785216063.0592837,15,236.25,3370.0
1785216063.0592837,15,239.484375,3914.5
1785216063.0592837,15,241.140625,3847.25
1785216063.0592837,15,242.78125,3773.5
1785216063.0592837,15,244.4375,3711.0
1785216063.0592837,15,246.109375,3645.5
1785216063.0592837,15,247.734375,3587.5
1785216063.0592837,15,249.390625,3543.75
1785216063.0592837,15,251.0625,3501.0
1785216063.0592837,15,252.703125,3451.25
1785216063.0592837,15,254.359375,3428.5
1785216063.0592837,15,255.984375,3478.5
1785216063.0592837,15,257.609375,3513.0
1785216063.0592837,15,259.25,3542.5
1785216063.0592837,15,262.53125,3784.25
1785216063.0592837,15,264.171875,3769.5
1785216063.0592837,15,265.796875,3761.0
1785216063.0592837,15,267.453125,3734.0
1785216063.0592837,15,269.109375,3719.5
1785216063.0592837,15,270.75,3715.75
1785216063.0592837,15,272.375,3719.5
1785216063.0592837,15,274.015625,3727.5
1785216063.0592837,15,275.625,3730.75
1785216063.0592837,15,277.25,3742.5
1785216063.0592837,15,278.890625,3752.75
1785216063.0592837,15,280.546875,3763.0
1785216063.0592837,15,282.171875,3775.25
1785216063.0592837,15,283.8125,3786.75
1785216063.0592837,15,285.46875,3794.75
1785216063.0592837,15,287.09375,3816.75
1785216063.0592837,15,288.71875,3855.5
1785216063.0592837,15,293.671875,3600.25
1785216063.0592837,15,296.984375,3322.25
1785216063.0592837,15,298.734375,3341.0
1785216063.0592837,15,300.375,3381.25
1785216063.0592837,15,302.015625,3432.5
1785216063.0592837,15,303.65625,3493.5
1785216063.0592837,15,305.296875,3558.25
1785216063.0592837,15,306.953125,3640.25
1785216063.0592837,15,308.59375,3711.25
1785216063.0592837,15,313.515625,3694.0
1785216063.0592837,12,315.171875,3634.75
1785216063.0592837,7,316.828125,3591.75
1785216063.0592837,15,318.484375,3537.5
1785216063.0592837,14,320.140625,3498.75
1785216063.0592837,15,321.78125,3489.25
1785216063.0592837,15,323.421875,3492.25
1785216063.0592837,15,325.078125,3483.25
1785216063.0592837,15,326.71875,3459.5
1785216063.0592837,15,328.390625,3433.25
1785216063.0592837,5,330.03125,3417.0
1785216063.0592837,15,331.65625,3423.25
1785216063.0592837,4,333.328125,3412.25
1785216063.0592837,5,334.984375,3394.25
1785216063.0592837,9,336.609375,3404.0
1785216063.0592837,11,338.28125,3387.25
1785216063.0592837,6,339.921875,3378.0
1785216063.0592837,6,341.53125,3390.0
1785216063.0592837,8,343.1875,3396.5
1785216063.0592837,6,344.84375,3406.75
1785216063.0592837,15,346.46875,3442.25
1785216063.0592837,15,348.125,3491.0
1785216063.0592837,15,349.765625,3526.25
1785216063.1734715,15,351.421875,3563.0
1785216063.1734715,15,353.078125,3566.75
1785216063.1734715,10,354.703125,3539.25
1785216063.1734715,10,357.96875,3779.5
1785216063.1734715,15,359.609375,3854.5
1785216063.1734715,15,1.25,3893.25
1785216063.1734715,15,2.90625,3927.5
1785216063.1734715,13,4.546875,3963.25
1785216063.1734715,15,6.171875,4020.5
1785216063.1734715,15,7.828125,4102.5
1785216063.1734715,15,9.453125,4185.5
1785216063.1734715,15,11.015625,4269.5
1785216063.1734715,15,12.65625,4353.25
1785216063.1734715,8,181.640625,10235.5
1785216063.1734715,7,183.28125,10229.5
1785216063.1734715,15,196.453125,7945.75
1785216063.1734715,15,229.484375,4733.25
1785216063.1734715,15,231.125,4627.75
1785216063.1734715,15,234.515625,3410.5
1785216063.1734715,15,236.15625,3369.0
1785216063.1734715,15,239.40625,3917.5
1785216063.1734715,15,241.046875,3846.0
1785216063.1734715,15,242.71875,3773.75
1785216063.1734715,15,244.34375,3722.25
1785216063.1734715,15,246.0,3657.25
1785216063.1734715,15,247.640625,3590.5
1785216063.1734715,15,249.296875,3544.5
1785216063.1734715,15,250.984375,3499.75
1785216063.1734715,15,252.609375,3452.0
1785216063.1734715,15,254.25,3417.0
1785216063.1734715,15,257.546875,3518.75
1785216063.1734715,15,259.15625,3541.0
1785216063.1734715,15,262.453125,3784.5
1785216063.1734715,15,264.078125,3771.25
1785216063.1734715,15,265.734375,3759.25
1785216063.1734715,15,267.375,3736.5
1785216063.1734715,15,269.015625,3724.5
1785216063.1734715,15,270.640625,3714.0
1785216063.1734715,15,272.296875,3718.25
1785216063.1734715,15,273.953125,3725.25
1785216063.1734715,15,275.59375,3728.0
1785216063.1734715,15,277.234375,3742.0
1785216063.1734715,15,278.875,3755.0
1785216063.1734715,15,280.53125,3765.5
1785216063.1734715,15,282.15625,3778.25
1785216063.1734715,15,283.828125,3791.25
1785216063.1734715,15,285.453125,3798.5
1785216063.1734715,15,287.125,3818.5
1785216063.1734715,15,288.734375,3855.25
1785216063.1734715,15,293.703125,3603.5
1785216063.1734715,15,297.03125,3317.0
1785216063.1734715,15,298.75,3340.0
1785216063.1734715,15,300.390625,3383.75
1785216063.1734715,15,302.03125,3436.25
1785216063.1734715,15,303.671875,3494.0
1785216063.1734715,15,305.328125,3557.5
1785216063.1734715,13,306.953125,3638.0
1785216063.1734715,8,308.609375,3673.75
1785216063.1734715,15,313.578125,3656.25
1785216063.1734715,7,315.21875,3612.0
1785216063.1734715,15,316.875,3552.75
1785216063.1734715,14,318.546875,3517.75
1785216063.1734715,12,320.171875,3499.0
1785216063.1734715,15,321.84375,3494.75
1785216063.1734715,15,323.4375,3504.5
1785216063.1734715,15,325.09375,3492.0
1785216063.1734715,15,326.734375,3461.75
1785216063.1734715,8,328.390625,3435.0
1785216063.1734715,15,330.03125,3440.0
1785216063.1734715,15,331.671875,3470.5
1785216063.1734715,15,333.3125,3487.75
1785216063.1734715,15,334.96875,3480.75
1785216063.1734715,15,336.625,3478.5
1785216063.1734715,15,338.25,3504.75
1785216063.1734715,15,339.890625,3533.25
1785216063.1734715,15,341.5625,3523.75
1785216063.1734715,15,343.1875,3518.75
1785216063.1734715,13,344.84375,3534.25
1785216063.1734715,15,346.46875,3541.5
1785216063.1734715,11,348.125,3552.5
1785216063.1734715,15,349.75,3587.25
1785216063.2859375,15,351.40625,3598.75
1785216063.2859375,15,353.046875,3568.25
1785216063.2859375,15,357.9375,3869.5
1785216063.2859375,15,359.59375,3909.25
1785216063.2859375,15,1.25,3929.5
1785216063.2859375,11,2.890625,3962.0
1785216063.2859375,11,4.515625,3980.75
1785216063.2859375,15,6.15625,4024.75
1785216063.2859375,15,7.8125,4098.75
1785216063.2859375,15,9.453125,4177.0
1785216063.2859375,15,11.0625,4260.0
1785216063.2859375,13,12.71875,4356.75
1785216063.2859375,15,196.53125,7930.25
1785216063.2859375,15,229.453125,4733.25
1785216063.2859375,15,231.09375,4624.5
1785216063.2859375,15,234.484375,3411.0
1785216063.2859375,15,236.125,3350.25
1785216063.2859375,15,241.0,3846.75
1785216063.2859375,15,242.625,3774.75
1785216063.2859375,15,244.296875,3721.0
1785216063.2859375,15,245.9375,3655.25
1785216063.2859375,15,247.578125,3592.0
1785216063.2859375,15,249.234375,3551.75
1785216063.2859375,15,250.9375,3506.0
1785216063.2859375,15,252.5625,3454.0
1785216063.2859375,15,254.234375,3404.25
1785216063.2859375,15,257.5,3520.0
1785216063.2859375,15,259.140625,3544.0
1785216063.2859375,15,262.40625,3783.25
1785216063.2859375,15,264.046875,3771.75
1785216063.2859375,15,265.703125,3761.75
1785216063.2859375,15,267.34375,3741.25
1785216063.2859375,15,268.96875,3730.25
1785216063.2859375,15,270.625,3704.0
1785216063.2859375,15,272.265625,3698.5
1785216063.2859375,15,273.921875,3715.0
1785216063.2859375,15,275.53125,3723.5
1785216063.2859375,15,277.1875,3741.0
1785216063.2859375,15,278.8125,3752.25
1785216063.2859375,15,280.453125,3763.5
1785216063.2859375,15,282.109375,3779.5
1785216063.2859375,15,283.75,3790.5
1785216063.2859375,15,285.375,3800.0
1785216063.2859375,15,287.03125,3826.5
1785216063.2859375,15,288.65625,3859.75
1785216063.2859375,15,293.625,3606.75
1785216063.2859375,15,296.953125,3317.5
1785216063.2859375,15,298.65625,3336.5
1785216063.2859375,15,300.3125,3380.0
1785216063.2859375,15,301.9375,3424.5
1785216063.2859375,15,303.578125,3485.0
1785216063.2859375,15,305.21875,3552.75
1785216063.2859375,15,306.859375,3634.25
1785216063.2859375,15,308.484375,3715.5
1785216063.2859375,15,313.4375,3699.5
1785216063.2859375,14,315.09375,3635.5
1785216063.2859375,9,316.75,3596.0
1785216063.2859375,12,318.390625,3553.25
1785216063.2859375,15,320.03125,3532.0
1785216063.2859375,14,321.703125,3512.25
1785216063.2859375,15,323.328125,3510.5
1785216063.2859375,12,324.984375,3498.5
1785216063.2859375,15,326.640625,3489.0
1785216063.2859375,15,328.265625,3502.25
1785216063.2859375,15,329.90625,3519.25
1785216063.2859375,15,331.578125,3527.25
1785216063.2859375,15,333.21875,3517.75
1785216063.2859375,15,334.859375,3521.25
1785216063.2859375,15,336.5,3523.0
1785216063.2859375,14,338.140625,3522.5
1785216063.2859375,15,339.796875,3528.75
1785216063.2859375,15,341.4375,3521.75
1785216063.2859375,15,343.078125,3522.0
1785216063.2859375,8,344.71875,3538.0
1785216063.2859375,11,346.421875,3543.5
1785216063.2859375,11,348.0625,3550.0
1785216063.2859375,15,349.703125,3587.25
1785216063.397075,15,351.375,3600.75
1785216063.397075,15,353.015625,3570.75
1785216063.397075,8,354.65625,3544.0
1785216063.397075,15,357.921875,3840.0
1785216063.397075,15,359.5625,3902.5
1785216063.397075,15,1.203125,3910.5
1785216063.397075,15,2.875,3941.75
1785216063.397075,13,4.53125,3977.25
1785216063.397075,15,6.140625,4024.0
1785216063.397075,15,7.8125,4098.5
1785216063.397075,15,9.453125,4158.25
1785216063.397075,13,10.984375,4245.0
1785216063.397075,15,12.65625,4347.5
1785216063.397075,15,219.421875,5819.75
1785216063.397075,15,222.75,5350.0
1785216063.397075,15,227.65625,4891.75
1785216063.397075,15,229.3125,4759.0
1785216063.397075,15,230.953125,4634.25
1785216063.397075,15,234.359375,3408.75
1785216063.397075,15,236.0,3353.0
1785216063.397075,15,240.859375,3850.75
1785216063.397075,15,242.5,3780.25
1785216063.397075,15,244.171875,3725.75
1785216063.397075,15,245.796875,3666.5
1785216063.397075,15,247.453125,3602.25
1785216063.397075,15,249.09375,3552.5
1785216063.397075,15,250.765625,3511.0
1785216063.397075,15,252.40625,3462.0
1785216063.397075,15,254.046875,3413.25
1785216063.397075,15,257.328125,3520.0
1785216063.397075,15,258.953125,3549.75
1785216063.397075,15,262.21875,3782.75
1785216063.397075,15,263.859375,3770.75
1785216063.397075,15,265.515625,3757.0
1785216063.397075,15,267.15625,3738.25
1785216063.397075,15,268.78125,3732.0
1785216063.397075,15,270.4375,3731.75
1785216063.397075,15,272.078125,3730.5
1785216063.397075,15,273.734375,3734.5
1785216063.397075,15,275.328125,3745.75
1785216063.397075,15,276.984375,3741.25
1785216063.397075,15,278.625,3745.75
1785216063.397075,15,280.25,3766.5
1785216063.397075,15,281.890625,3773.5
1785216063.397075,15,283.515625,3783.75
1785216063.397075,15,285.15625,3798.0
1785216063.397075,15,286.796875,3818.5
1785216063.397075,15,288.453125,3851.25
1785216063.397075,15,290.09375,3836.75
1785216063.397075,15,293.375,3625.75
1785216063.397075,15,296.703125,3333.5
1785216063.397075,15,298.4375,3327.0
1785216063.397075,15,300.078125,3373.75
1785216063.397075,15,301.703125,3421.75
1785216063.397075,15,303.34375,3483.5
1785216063.397075,15,304.96875,3549.5
1785216063.397075,15,306.625,3625.5
1785216063.397075,10,308.28125,3674.5
1785216063.397075,12,313.21875,3648.25
1785216063.397075,5,314.875,3593.25
1785216063.397075,14,316.515625,3548.0
1785216063.397075,15,318.171875,3523.75
1785216063.397075,15,319.8125,3508.5
1785216063.397075,10,321.453125,3478.0
1785216063.397075,15,323.140625,3481.75
1785216063.397075,14,324.796875,3487.75
1785216063.397075,15,326.4375,3456.25
1785216063.397075,15,328.09375,3434.5
1785216063.397075,8,329.734375,3428.75
1785216063.397075,15,331.375,3453.25
1785216063.397075,15,333.03125,3470.5
1785216063.397075,15,334.6875,3467.75
1785216063.397075,15,336.34375,3469.75
1785216063.397075,15,337.96875,3475.75
1785216063.397075,15,339.640625,3475.75
1785216063.397075,15,341.265625,3478.0
1785216063.397075,15,342.90625,3497.25
1785216063.397075,15,344.578125,3518.25
1785216063.397075,11,346.21875,3543.75
1785216063.397075,15,347.859375,3560.5
1785216063.397075,10,349.5,3562.0
1785216063.5069263,15,351.15625,3575.5
1785216063.5069263,15,352.796875,3580.0
1785216063.5069263,10,354.4375,3548.0
1785216063.5069263,15,359.359375,3889.5
1785216063.5069263,15,1.0,3906.75
1785216063.5069263,15,2.65625,3953.5
1785216063.5069263,13,4.28125,3976.25
1785216063.5069263,11,5.9375,4009.5
1785216063.5069263,15,7.5625,4088.25
1785216063.5069263,15,9.203125,4168.5
1785216063.5069263,15,10.8125,4252.75
1785216063.5069263,12,12.4375,4351.75
1785216063.5069263,15,229.109375,4764.75
1785216063.5069263,15,230.75,4646.5
1785216063.5069263,15,234.171875,3397.25
1785216063.5069263,15,235.796875,3358.0
1785216063.5069263,15,240.671875,3861.5
1785216063.5069263,15,242.34375,3789.5
1785216063.5069263,15,243.984375,3732.0
1785216063.5069263,15,245.625,3670.5
1785216063.5069263,15,247.28125,3605.25
1785216063.5069263,15,248.921875,3563.25
1785216063.5069263,15,250.59375,3521.75
1785216063.5069263,15,252.25,3469.25
1785216063.5069263,15,253.90625,3419.25
1785216063.5069263,15,257.171875,3525.25
1785216063.5069263,15,258.8125,3540.0
1785216063.5069263,15,262.078125,3789.5
1785216063.5069263,15,263.71875,3781.5
1785216063.5069263,15,265.375,3766.5
1785216063.5069263,15,267.0,3747.25
1785216063.5069263,15,268.640625,3732.0
1785216063.5069263,15,270.3125,3723.25
1785216063.5069263,15,271.953125,3727.75
1785216063.5069263,15,273.59375,3737.0
1785216063.5069263,15,275.15625,3734.0
1785216063.5069263,15,276.796875,3732.75
1785216063.5069263,15,278.4375,3750.0
1785216063.5069263,15,280.0625,3765.0
1785216063.5069263,15,281.71875,3775.0
1785216063.5069263,15,283.359375,3787.0
1785216063.5069263,15,284.984375,3801.5
1785216063.5069263,15,286.625,3821.0
1785216063.5069263,15,288.28125,3845.25
1785216063.5069263,15,289.90625,3842.0
1785216063.5069263,15,293.203125,3623.25
1785216063.5069263,15,298.171875,3324.0
1785216063.5069263,15,299.84375,3367.0
1785216063.5069263,15,301.5,3410.25
1785216063.5069263,15,303.125,3473.5
1785216063.5069263,15,304.765625,3545.0
1785216063.5069263,15,306.375,3622.75
1785216063.5069263,15,308.03125,3705.5
1785216063.5069263,10,312.96875,3702.0
1785216063.5069263,8,314.609375,3625.5
1785216063.5069263,7,316.265625,3578.25
1785216063.5069263,15,317.90625,3546.0
1785216063.5069263,14,319.546875,3513.5
1785216063.5069263,15,321.1875,3511.0
1785216063.5069263,15,322.921875,3509.0
1785216063.5069263,15,324.578125,3487.5
1785216063.5069263,15,326.234375,3473.0
1785216063.5069263,15,327.859375,3458.75
1785216063.5069263,6,329.515625,3449.5
1785216063.5069263,15,331.171875,3456.5
1785216063.5069263,15,332.796875,3465.0
1785216063.5069263,15,334.46875,3467.0
1785216063.5069263,15,336.109375,3461.5
1785216063.5069263,15,337.75,3476.5
1785216063.5069263,15,339.390625,3493.25
1785216063.5069263,15,341.046875,3493.0
1785216063.5069263,15,342.703125,3509.0
1785216063.5069263,15,344.34375,3520.75
1785216063.5069263,15,346.0,3536.25
1785216063.5069263,11,347.640625,3554.5
1785216063.5069263,13,349.265625,3562.75
1785216063.622268,15,350.90625,3578.25
1785216063.622268,15,352.578125,3581.5
1785216063.622268,15,354.21875,3570.0
1785216063.622268,15,357.484375,3860.5
1785216063.622268,15,359.109375,3905.0
1785216063.622268,15,0.78125,3913.0
1785216063.622268,15,2.40625,3939.0
1785216063.622268,14,4.0625,3976.0
1785216063.622268,14,5.6875,4034.5
1785216063.622268,15,7.328125,4105.0
1785216063.622268,15,8.984375,4162.5
1785216063.622268,15,10.5625,4235.0
1785216063.622268,15,12.1875,4336.75
1785216063.622268,13,13.828125,4431.0
1785216063.622268,9,182.78125,10150.5
1785216063.622268,8,186.0625,10163.25
1785216063.622268,15,222.296875,5403.5
1785216063.622268,15,223.953125,5256.25
1785216063.622268,15,228.9375,4777.75
1785216063.622268,15,230.59375,4661.0
1785216063.622268,15,234.0,3400.0
1785216063.622268,15,235.65625,3368.0
1785216063.622268,15,240.515625,3865.5
1785216063.622268,15,242.15625,3791.25
1785216063.622268,15,243.796875,3731.75
1785216063.622268,15,245.484375,3671.0
1785216063.622268,15,247.125,3605.75
1785216063.622268,15,248.78125,3561.5
1785216063.622268,15,250.421875,3527.75
1785216063.622268,15,252.0625,3479.25
1785216063.622268,15,253.71875,3424.25
1785216063.622268,15,256.984375,3530.75
1785216063.622268,15,258.625,3511.25
1785216063.622268,15,261.890625,3768.25
1785216063.622268,15,263.546875,3771.0
1785216063.622268,15,265.171875,3752.75
1785216063.622268,15,266.84375,3753.0
1785216063.622268,15,268.453125,3743.0
1785216063.622268,15,270.109375,3727.0
1785216063.622268,15,271.765625,3720.75
1785216063.622268,15,273.40625,3721.5
1785216063.622268,15,274.96875,3727.25
1785216063.622268,15,276.625,3732.25
1785216063.622268,15,278.265625,3740.75
1785216063.622268,15,279.875,3759.5
1785216063.622268,15,281.53125,3778.75
1785216063.622268,15,283.171875,3786.0
1785216063.622268,15,284.8125,3796.75
1785216063.622268,15,286.4375,3811.5
1785216063.622268,15,288.109375,3838.0
1785216063.622268,12,289.734375,3850.5
1785216063.622268,15,293.046875,3628.5
1785216063.622268,15,297.984375,3319.75
1785216063.622268,15,299.75,3361.75
1785216063.622268,15,301.375,3407.0
1785216063.622268,15,303.015625,3469.5
1785216063.622268,15,304.65625,3534.75
1785216063.622268,15,306.28125,3606.25
1785216063.622268,15,307.90625,3695.25
1785216063.622268,15,312.859375,3701.5
1785216063.622268,9,314.515625,3631.5
1785216063.622268,7,316.1875,3586.0
1785216063.622268,15,317.828125,3551.5
1785216063.622268,15,319.484375,3514.75
1785216063.622268,15,321.140625,3491.75
1785216063.622268,15,322.8125,3492.0
1785216063.622268,15,324.453125,3488.0
1785216063.622268,15,326.109375,3463.0
1785216063.622268,15,327.78125,3436.25
1785216063.622268,15,329.40625,3434.75
1785216063.622268,15,331.0625,3455.75
1785216063.622268,15,332.703125,3461.0
1785216063.622268,15,334.34375,3457.75
1785216063.622268,15,336.0,3456.5
1785216063.622268,5,337.671875,3432.25
1785216063.622268,15,339.296875,3431.25
1785216063.622268,15,340.96875,3459.25
1785216063.622268,15,342.59375,3485.0
1785216063.622268,15,344.25,3510.5
1785216063.622268,15,345.890625,3532.25
1785216063.622268,15,347.515625,3542.0
1785216063.622268,10,349.140625,3549.75
1785216063.7330196,15,350.78125,3577.0
1785216063.7330196,15,352.4375,3584.0
1785216063.7330196,15,354.09375,3571.5
1785216063.7330196,15,357.34375,3822.75
1785216063.7330196,15,358.984375,3881.5
1785216063.7330196,15,0.625,3904.75
1785216063.7330196,15,2.265625,3933.5
1785216063.7330196,12,3.921875,3976.0
1785216063.7330196,14,5.5625,4025.0
1785216063.7330196,15,7.203125,4090.25
1785216063.7330196,15,8.828125,4146.0
1785216063.7330196,15,10.4375,4221.25
1785216063.7330196,15,12.046875,4332.5
1785216063.7330196,13,13.703125,4412.75
1785216063.7330196,10,179.484375,10209.25
1785216063.7330196,15,222.328125,5383.5
1785216063.7330196,15,223.96875,5243.5
1785216063.7330196,15,228.921875,4774.5
1785216063.7330196,15,230.578125,4660.5
1785216063.7330196,15,233.96875,3398.75
1785216063.7330196,15,235.640625,3365.75
1785216063.7330196,15,240.5,3868.5
1785216063.7330196,15,242.140625,3792.5
1785216063.7330196,15,243.796875,3730.5
1785216063.7330196,15,245.46875,3678.25
1785216063.7330196,15,247.109375,3612.0
1785216063.7330196,15,248.75,3560.25
1785216063.7330196,15,250.390625,3528.25
1785216063.7330196,15,252.03125,3480.5
1785216063.7330196,15,253.671875,3424.75
1785216063.7330196,15,256.96875,3529.25
1785216063.7330196,15,258.59375,3505.75
1785216063.7330196,15,261.859375,3771.0
1785216063.7330196,15,263.5,3769.25
1785216063.7330196,15,265.140625,3750.75
1785216063.7330196,15,266.765625,3751.75
1785216063.7330196,15,268.4375,3744.0
1785216063.7330196,15,270.078125,3728.75
1785216063.7330196,15,271.703125,3719.75
1785216063.7330196,15,273.359375,3714.0
1785216063.7330196,15,274.984375,3723.5
1785216063.7330196,15,276.609375,3732.75
1785216063.7330196,15,278.265625,3738.5
1785216063.7330196,15,279.90625,3757.75
1785216063.7330196,15,281.53125,3778.25
1785216063.7330196,15,283.171875,3784.75
1785216063.7330196,15,284.8125,3795.5
1785216063.7330196,15,286.453125,3811.25
1785216063.7330196,15,288.09375,3837.75
1785216063.7330196,15,289.734375,3844.5
1785216063.7330196,15,293.03125,3628.0
1785216063.7330196,15,298.0,3318.75
1785216063.7330196,15,299.78125,3360.25
1785216063.7330196,15,301.40625,3407.0
1785216063.7330196,15,303.046875,3470.0
1785216063.7330196,15,304.703125,3542.5
1785216063.7330196,15,306.34375,3620.5
1785216063.7330196,15,307.984375,3702.25
1785216063.7330196,14,312.953125,3700.75
1785216063.7330196,6,314.59375,3626.25
1785216063.7330196,12,316.25,3574.75
1785216063.7330196,15,317.90625,3541.75
1785216063.7330196,14,319.5625,3511.5
1785216063.7330196,15,321.21875,3488.75
1785216063.7330196,15,322.859375,3488.25
1785216063.7330196,15,324.515625,3486.5
1785216063.7330196,15,326.171875,3454.0
1785216063.7330196,8,327.828125,3424.75
1785216063.7330196,15,329.46875,3430.25
1785216063.7330196,15,331.109375,3451.0
1785216063.7330196,15,332.765625,3457.25
1785216063.7330196,6,334.421875,3439.25
1785216063.7330196,6,336.078125,3419.5
1785216063.7330196,15,337.71875,3436.75
1785216063.7330196,15,339.359375,3454.75
1785216063.7330196,15,341.03125,3459.5
1785216063.7330196,15,342.671875,3482.75
1785216063.7330196,15,344.296875,3508.0
1785216063.7330196,15,345.96875,3533.0
1785216063.7330196,15,347.578125,3551.0
1785216063.7330196,11,349.21875,3559.25
1785216063.8442252,15,350.859375,3577.0
1785216063.8442252,15,352.5,3582.25
1785216063.8442252,15,354.15625,3570.75
1785216063.8442252,15,357.421875,3826.25
1785216063.8442252,15,359.0625,3887.75
1785216063.8442252,15,0.703125,3913.0
1785216063.8442252,15,2.359375,3939.5
1785216063.8442252,12,3.984375,3979.5
1785216063.8442252,15,5.625,4030.0
1785216063.8442252,15,7.296875,4093.75
1785216063.8442252,15,8.9375,4158.25
1785216063.8442252,15,10.515625,4235.5
1785216063.8442252,15,12.140625,4339.25
1785216063.8442252,15,13.78125,4429.5
1785216063.8442252,15,222.578125,5365.5
1785216063.8442252,15,229.140625,4763.0
1785216063.8442252,15,230.796875,4644.0
1785216063.8442252,15,234.1875,3392.75
1785216063.8442252,15,235.828125,3360.75
1785216063.8442252,15,240.703125,3860.5
1785216063.8442252,15,242.34375,3790.0
1785216063.8442252,15,244.0,3733.5
1785216063.8442252,15,245.671875,3671.25
1785216063.8442252,15,247.296875,3602.25
1785216063.8442252,15,248.953125,3559.75
1785216063.8442252,15,250.609375,3522.75
1785216063.8442252,15,252.25,3470.5
1785216063.8442252,15,253.890625,3420.5
1785216063.8442252,15,257.15625,3522.0
1785216063.8442252,15,258.796875,3538.5
1785216063.8442252,15,262.0625,3791.5
1785216063.8442252,15,263.703125,3783.5
1785216063.8442252,15,265.359375,3771.0
1785216063.8442252,15,267.0,3752.5
1785216063.8442252,15,268.640625,3735.0
1785216063.8442252,15,270.265625,3724.25
1785216063.8442252,15,271.9375,3728.25
1785216063.8442252,15,273.5625,3737.0
1785216063.8442252,15,275.1875,3734.0
1785216063.8442252,15,276.859375,3731.5
1785216063.8442252,15,278.484375,3748.75
1785216063.8442252,15,280.140625,3765.75
1785216063.8442252,15,281.75,3774.75
1785216063.8442252,15,283.390625,3786.25
1785216063.8442252,15,285.03125,3801.0
1785216063.8442252,15,286.65625,3820.5
1785216063.8442252,15,288.3125,3851.5
1785216063.8442252,15,289.953125,3838.75
1785216063.8442252,15,293.28125,3607.75
1785216063.8442252,15,298.234375,3324.25
1785216063.8442252,15,300.0,3367.75
1785216063.8442252,15,301.625,3412.75
1785216063.8442252,15,303.265625,3478.75
1785216063.8442252,15,304.921875,3550.75
1785216063.8442252,15,306.578125,3625.0
1785216063.8442252,15,308.1875,3702.0
1785216063.8442252,11,314.8125,3624.0
1785216063.8442252,12,316.46875,3578.0
1785216063.8442252,15,318.125,3524.75
1785216063.8442252,15,319.765625,3507.75
1785216063.8442252,15,321.4375,3499.0
1785216063.8442252,15,323.09375,3501.75
1785216063.8442252,15,324.75,3486.5
1785216063.8442252,15,326.390625,3455.25
1785216063.8442252,15,328.03125,3435.0
1785216063.8442252,5,329.671875,3424.0
1785216063.8442252,15,331.34375,3453.0
1785216063.8442252,15,332.984375,3473.5
1785216063.8442252,15,334.640625,3464.25
1785216063.8442252,15,336.28125,3467.5
1785216063.8442252,15,337.9375,3473.5
1785216063.8442252,15,339.578125,3474.0
1785216063.8442252,15,341.234375,3488.75
1785216063.8442252,15,342.859375,3507.75
1785216063.8442252,15,344.53125,3515.25
1785216063.8442252,13,346.171875,3542.0
1785216063.8442252,9,347.796875,3560.25
1785216063.8442252,13,349.4375,3563.75
1785216063.9566057,15,351.078125,3578.5
1785216063.9566057,15,352.71875,3581.0
1785216063.9566057,15,354.390625,3563.75
1785216063.9566057,15,357.625,3871.25
1785216063.9566057,15,359.265625,3906.5
1785216063.9566057,12,0.921875,3929.5
1785216063.9566057,12,2.5625,3960.5
1785216063.9566057,15,4.203125,4001.0
1785216063.9566057,15,5.84375,4059.0
1785216063.9566057,15,7.5,4114.0
1785216063.9566057,15,9.140625,4172.25
1785216063.9566057,15,10.765625,4254.75
1785216063.9566057,9,12.40625,4352.5
1785216063.9566057,9,183.265625,10184.5
1785216063.9566057,15,194.828125,7869.75
1785216063.9566057,15,229.4375,4732.25
1785216063.9566057,15,231.078125,4624.25
1785216063.9566057,15,234.484375,3413.75
1785216063.9566057,15,236.140625,3354.0
1785216063.9566057,15,240.984375,3847.75
1785216063.9566057,15,242.65625,3775.25
1785216063.9566057,15,244.296875,3722.25
1785216063.9566057,15,245.953125,3655.75
1785216063.9566057,15,247.59375,3592.75
1785216063.9566057,15,249.234375,3551.5
1785216063.9566057,15,250.890625,3505.0
1785216063.9566057,15,252.546875,3456.75
1785216063.9566057,15,254.1875,3407.75
1785216063.9566057,15,257.453125,3520.5
1785216063.9566057,15,259.09375,3543.75
1785216063.9566057,15,262.34375,3783.75
1785216063.9566057,15,264.0,3773.0
1785216063.9566057,15,265.640625,3759.75
1785216063.9566057,15,267.296875,3742.25
1785216063.9566057,15,268.9375,3712.0
1785216063.9566057,15,270.59375,3714.5
1785216063.9566057,15,272.21875,3729.75
1785216063.9566057,15,273.859375,3728.0
1785216063.9566057,15,275.5,3728.0
1785216063.9566057,15,277.140625,3733.25
1785216063.9566057,15,278.796875,3753.75
1785216063.9566057,15,280.453125,3763.0
1785216063.9566057,15,282.0625,3779.25
1785216063.9566057,15,283.71875,3791.75
1785216063.9566057,15,285.359375,3799.75
1785216063.9566057,15,287.015625,3823.5
1785216063.9566057,15,288.640625,3856.0
1785216063.9566057,15,293.59375,3606.75
1785216063.9566057,15,296.90625,3318.75
1785216063.9566057,15,298.640625,3336.75
1785216063.9566057,15,300.265625,3380.75
1785216063.9566057,15,301.90625,3426.0
1785216063.9566057,15,303.546875,3486.25
1785216063.9566057,15,305.203125,3552.5
1785216063.9566057,15,306.828125,3636.0
1785216063.9566057,15,308.46875,3715.75
1785216063.9566057,13,313.421875,3698.25
1785216063.9566057,11,315.078125,3634.0
1785216063.9566057,7,316.71875,3592.0
1785216063.9566057,15,318.375,3541.75
1785216063.9566057,12,320.015625,3503.25
1785216063.9566057,15,321.671875,3492.5
1785216063.9566057,15,323.3125,3491.75
1785216063.9566057,15,324.96875,3481.5
1785216063.9566057,15,326.625,3456.5
1785216063.9566057,7,328.28125,3430.0
1785216063.9566057,6,329.90625,3430.25
1785216063.9566057,15,331.5625,3442.75
1785216063.9566057,15,333.203125,3452.0
1785216063.9566057,15,334.859375,3457.0
1785216063.9566057,15,336.515625,3471.0
1785216063.9566057,15,338.171875,3485.0
1785216063.9566057,15,339.8125,3494.5
1785216063.9566057,15,341.4375,3505.25
1785216063.9566057,15,343.078125,3518.75
1785216063.9566057,15,344.75,3533.75
1785216063.9566057,12,346.390625,3542.75
1785216063.9566057,12,348.03125,3551.75
1785216063.9566057,15,349.6875,3589.5
1785216064.0672696,15,351.34375,3603.75
1785216064.0672696,15,352.984375,3573.5
1785216064.0672696,11,354.609375,3609.0
1785216064.0672696,15,357.890625,3864.0
1785216064.0672696,15,359.53125,3900.5
1785216064.0672696,15,1.171875,3933.75
1785216064.0672696,10,2.84375,3969.0
1785216064.0672696,10,4.46875,4001.5
1785216064.0672696,15,6.109375,4050.75
1785216064.0672696,15,7.734375,4104.5
1785216064.0672696,14,9.40625,4178.75
1785216064.0672696,15,11.015625,4265.5
1785216064.0672696,15,12.65625,4362.5
1785216064.0672696,15,223.125,5312.5
1785216064.0672696,15,226.40625,4981.5
1785216064.0672696,15,229.6875,4721.5
1785216064.0672696,15,234.75,3405.25
1785216064.0672696,15,236.375,3388.5
1785216064.0672696,15,239.625,3897.25
1785216064.0672696,15,241.265625,3834.0
1785216064.0672696,15,242.921875,3772.25
1785216064.0672696,15,244.578125,3710.75
1785216064.0672696,15,246.21875,3648.75
1785216064.0672696,15,247.875,3587.25
1785216064.0672696,15,249.515625,3539.0
1785216064.0672696,15,251.171875,3495.5
1785216064.0672696,15,252.796875,3450.25
1785216064.0672696,15,254.46875,3430.25
1785216064.0672696,15,256.078125,3478.25
1785216064.0672696,15,257.75,3506.75
1785216064.0672696,15,259.359375,3543.5
1785216064.0672696,15,262.640625,3783.5
1785216064.0672696,15,264.28125,3769.0
1785216064.0672696,15,265.921875,3758.75
1785216064.0672696,15,267.5625,3734.75
1785216064.0672696,15,269.21875,3718.25
1785216064.0672696,15,270.875,3723.25
1785216064.0672696,15,272.484375,3724.0
1785216064.0672696,15,274.140625,3721.0
1785216064.0672696,15,275.796875,3721.5
1785216064.0672696,15,277.4375,3726.5
1785216064.0672696,15,279.09375,3740.25
1785216064.0672696,15,280.71875,3762.5
1785216064.0672696,15,282.359375,3778.5
1785216064.0672696,15,284.015625,3786.5
1785216064.0672696,15,285.625,3799.0
1785216064.0672696,15,287.296875,3823.0
1785216064.0672696,15,288.90625,3864.5
1785216064.0672696,15,293.859375,3589.0
1785216064.0672696,15,297.203125,3304.0
1785216064.0672696,15,298.90625,3343.75
1785216064.0672696,15,300.515625,3383.5
1785216064.0672696,15,302.15625,3436.0
1785216064.0672696,15,303.796875,3499.5
1785216064.0672696,15,305.46875,3566.25
1785216064.0672696,15,307.078125,3645.5
1785216064.0672696,15,313.65625,3663.25
1785216064.0672696,14,316.96875,3587.75
1785216064.0672696,15,318.640625,3517.5
1785216064.0672696,15,320.265625,3507.0
1785216064.0672696,15,321.921875,3492.0
1785216064.0672696,15,323.578125,3487.25
1785216064.0672696,15,325.234375,3493.25
1785216064.0672696,15,326.875,3460.75
1785216064.0672696,7,328.5625,3432.5
1785216064.0672696,15,330.171875,3431.25
1785216064.0672696,15,331.828125,3442.75
1785216064.0672696,15,333.484375,3457.0
1785216064.0672696,15,335.125,3467.75
1785216064.0672696,3,336.78125,3420.5
1785216064.0672696,15,340.078125,3490.0
1785216064.0672696,15,341.71875,3487.0
1785216064.0672696,15,343.375,3501.25
1785216064.0672696,15,345.0,3520.75
1785216064.0672696,15,346.640625,3535.5
1785216064.0672696,7,348.3125,3551.75
1785216064.0672696,15,349.9375,3574.5
1785216064.1827338,15,351.59375,3583.0
1785216064.1827338,15,353.25,3570.25
1785216064.1827338,11,354.890625,3603.5
1785216064.1827338,15,358.140625,3874.5
1785216064.1827338,15,359.796875,3913.0
1785216064.1827338,15,1.453125,3932.0
1785216064.1827338,15,3.078125,3955.75
1785216064.1827338,13,4.734375,4001.5
1785216064.1827338,15,6.359375,4067.5
1785216064.1827338,15,8.015625,4123.25
1785216064.1827338,11,9.640625,4191.5
1785216064.1827338,13,11.25,4291.0
1785216064.1827338,13,12.890625,4379.0
1785216064.1827338,13,201.765625,10229.5
1785216064.1827338,15,226.53125,4973.0
1785216064.1827338,15,228.1875,4829.5
1785216064.1827338,15,229.828125,4712.0
1785216064.1827338,15,234.890625,3386.75
1785216064.1827338,14,236.515625,3376.75
1785216064.1827338,15,239.765625,3901.0
1785216064.1827338,15,241.40625,3840.0
1785216064.1827338,15,243.046875,3773.0
1785216064.1827338,15,244.703125,3708.5
1785216064.1827338,15,246.359375,3647.5
1785216064.1827338,15,248.0,3587.5
1785216064.1827338,15,249.671875,3539.0
1785216064.1827338,15,251.359375,3497.0
1785216064.1827338,15,252.984375,3450.75
1785216064.1827338,15,254.640625,3443.75
1785216064.1827338,15,256.296875,3494.0
1785216064.1827338,15,257.921875,3507.5
1785216064.1827338,15,262.859375,3785.75
1785216064.1827338,15,264.515625,3775.0
1785216064.1827338,15,266.140625,3755.5
1785216064.1827338,15,267.796875,3739.25
1785216064.1827338,15,269.4375,3729.75
1785216064.1827338,15,271.09375,3720.5
1785216064.1827338,15,272.734375,3723.0
1785216064.1827338,15,274.375,3717.75
1785216064.1827338,15,275.953125,3721.5
1785216064.1827338,15,277.625,3740.75
1785216064.1827338,15,279.25,3750.0
1785216064.1827338,15,280.875,3765.0
1785216064.1827338,15,282.53125,3780.0
1785216064.1827338,15,284.1875,3791.5
1785216064.1827338,15,285.8125,3802.75
1785216064.1827338,15,287.453125,3824.25
1785216064.1827338,15,289.078125,3860.5
1785216064.1827338,15,292.40625,3665.75
1785216064.1827338,15,294.0625,3575.0
1785216064.1827338,15,297.359375,3304.5
1785216064.1827338,15,299.0625,3347.5
1785216064.1827338,15,300.703125,3388.0
1785216064.1827338,15,302.34375,3440.5
1785216064.1827338,15,304.0,3504.5
1785216064.1827338,15,305.640625,3577.5
1785216064.1827338,15,307.28125,3656.5
1785216064.1827338,12,308.921875,3680.5
1785216064.1827338,12,313.875,3664.5
1785216064.1827338,11,315.5,3626.75
1785216064.1827338,11,317.171875,3573.25
1785216064.1827338,14,318.828125,3531.25
1785216064.1827338,15,320.46875,3503.25
1785216064.1827338,15,322.109375,3504.5
1785216064.1827338,15,323.78125,3497.75
1785216064.1827338,15,325.453125,3483.0
1785216064.1827338,15,327.09375,3459.5
1785216064.1827338,8,328.75,3432.25
1785216064.1827338,15,330.375,3442.25
1785216064.1827338,15,332.03125,3455.0
1785216064.1827338,15,333.6875,3473.0
1785216064.1827338,15,335.328125,3479.0
1785216064.1827338,15,336.984375,3468.25
1785216064.1827338,15,338.640625,3484.5
1785216064.1827338,15,340.265625,3506.5
1785216064.1827338,15,341.9375,3506.25
1785216064.1827338,15,343.5625,3510.75
1785216064.1827338,15,345.21875,3532.25
1785216064.1827338,15,346.875,3535.5
1785216064.1827338,9,348.53125,3545.5
1785216064.1827338,15,350.15625,3583.25
1785216064.2930772,15,351.828125,3590.25
1785216064.2930772,15,353.484375,3564.5
1785216064.2930772,10,355.109375,3606.25
1785216064.2930772,15,358.359375,3881.5
1785216064.2930772,15,0.046875,3908.0
1785216064.2930772,15,1.6875,3935.5
1785216064.2930772,11,3.3125,3961.75
1785216064.2930772,12,4.96875,4006.75
1785216064.2930772,14,6.609375,4084.25
1785216064.2930772,15,8.265625,4135.75
1785216064.2930772,9,9.90625,4186.75
1785216064.2930772,13,11.4375,4283.0
1785216064.2930772,15,13.09375,4377.75
1785216064.2930772,12,201.890625,10199.25
1785216064.2930772,15,225.0,5121.75
1785216064.2930772,15,226.71875,4967.75
1785216064.2930772,15,228.359375,4822.5
1785216064.2930772,15,230.0,4698.0
1785216064.2930772,15,235.0625,3384.5
1785216064.2930772,15,239.9375,3897.25
1785216064.2930772,15,241.578125,3825.5
1785216064.2930772,15,243.21875,3752.5
1785216064.2930772,15,244.890625,3700.25
1785216064.2930772,15,246.53125,3635.75
1785216064.2930772,15,248.1875,3574.5
1785216064.2930772,15,249.84375,3528.0
1785216064.2930772,15,251.515625,3480.75
1785216064.2930772,15,253.171875,3432.75
1785216064.2930772,15,254.78125,3443.25
1785216064.2930772,15,256.4375,3505.75
1785216064.2930772,15,258.109375,3512.25
1785216064.2930772,15,261.34375,3732.75
1785216064.2930772,15,262.984375,3775.25
1785216064.2930772,15,264.65625,3761.5
1785216064.2930772,15,266.296875,3752.75
1785216064.2930772,15,267.921875,3740.25
1785216064.2930772,15,269.59375,3732.75
1785216064.2930772,15,271.21875,3725.25
1785216064.2930772,15,272.890625,3723.5
1785216064.2930772,15,274.5,3729.0
1785216064.2930772,15,276.125,3731.0
1785216064.2930772,15,277.78125,3738.25
1785216064.2930772,15,279.421875,3752.0
1785216064.2930772,15,281.046875,3764.0
1785216064.2930772,15,282.703125,3780.0
1785216064.2930772,15,284.328125,3797.25
1785216064.2930772,15,286.0,3808.5
1785216064.2930772,15,287.625,3828.25
1785216064.2930772,15,289.265625,3863.25
1785216064.2930772,15,294.234375,3568.25
1785216064.2930772,15,297.53125,3312.5
1785216064.2930772,15,299.234375,3352.0
1785216064.2930772,15,300.890625,3393.0
1785216064.2930772,15,302.515625,3452.5
1785216064.2930772,15,304.15625,3513.5
1785216064.2930772,15,305.8125,3583.5
1785216064.2930772,15,307.421875,3665.75
1785216064.2930772,12,312.375,3681.25
1785216064.2930772,13,314.046875,3656.75
1785216064.2930772,7,315.703125,3617.25
1785216064.2930772,14,317.359375,3555.0
1785216064.2930772,15,318.984375,3515.5
1785216064.2930772,15,320.640625,3500.5
1785216064.2930772,15,322.296875,3487.5
1785216064.2930772,15,323.96875,3476.0
1785216064.2930772,15,325.640625,3471.0
1785216064.2930772,5,327.296875,3437.0
1785216064.2930772,7,328.9375,3412.0
1785216064.2930772,15,330.5625,3428.75
1785216064.2930772,15,332.21875,3458.75
1785216064.2930772,15,333.859375,3457.75
1785216064.2930772,15,335.53125,3466.0
1785216064.2930772,15,337.15625,3479.0
1785216064.2930772,15,338.796875,3480.75
1785216064.2930772,15,340.46875,3492.5
1785216064.2930772,15,342.09375,3507.0
1785216064.2930772,15,343.765625,3523.75
1785216064.2930772,15,345.390625,3533.75
1785216064.2930772,13,347.03125,3551.75
1785216064.2930772,10,348.65625,3562.5
1785216064.2930772,15,350.34375,3576.75
