timestamp,quality,angle_deg,distance_mm
1785211874.2606795,15,351.125,3524.0
1785211874.2606795,15,352.75,3532.75
1785211874.2606795,14,354.390625,3544.0
1785211874.2606795,15,356.0625,3559.0
1785211874.2606795,15,357.6875,3562.25
1785211874.2606795,14,359.34375,3561.25
1785211874.2606795,15,1.0,3562.75
1785211874.2606795,13,2.640625,3572.75
1785211874.2606795,11,4.265625,3590.0
1785211874.2606795,8,5.921875,3622.75
1785211874.2606795,15,7.53125,3676.75
1785211874.2606795,15,9.203125,3734.75
1785211874.2606795,14,10.765625,3782.25
1785211874.2606795,15,225.578125,4951.75
1785211874.2606795,15,228.96875,3684.25
1785211874.2606795,15,235.53125,4048.25
1785211874.2606795,15,237.140625,3965.0
1785211874.2606795,15,238.796875,3895.5
1785211874.2606795,15,240.46875,3834.5
1785211874.2606795,15,242.09375,3764.75
1785211874.2606795,15,243.734375,3699.75
1785211874.2606795,15,245.390625,3655.5
1785211874.2606795,15,247.046875,3612.75
1785211874.2606795,15,248.65625,3653.5
1785211874.2606795,15,250.3125,3683.25
1785211874.2606795,15,251.921875,3712.0
1785211874.2606795,15,255.1875,3883.75
1785211874.2606795,15,256.828125,3849.0
1785211874.2606795,15,258.46875,3825.25
1785211874.2606795,15,260.109375,3814.25
1785211874.2606795,15,261.765625,3801.5
1785211874.2606795,15,263.375,3792.0
1785211874.2606795,15,265.03125,3782.0
1785211874.2606795,15,266.65625,3771.0
1785211874.2606795,15,268.3125,3756.25
1785211874.2606795,15,269.953125,3743.25
1785211874.2606795,15,271.59375,3750.75
1785211874.2606795,15,273.25,3758.5
1785211874.2606795,15,274.8125,3762.0
1785211874.2606795,15,276.46875,3771.5
1785211874.2606795,15,278.09375,3773.25
1785211874.2606795,15,279.71875,3778.75
1785211874.2606795,15,281.375,3789.75
1785211874.2606795,15,286.296875,3471.5
1785211874.2606795,15,289.625,3194.25
1785211874.2606795,15,291.234375,3219.0
1785211874.2606795,15,292.890625,3259.0
1785211874.2606795,15,294.5,3309.75
1785211874.2606795,15,296.15625,3347.75
1785211874.2606795,15,297.765625,3375.5
1785211874.2606795,15,299.53125,3427.25
1785211874.2606795,15,301.171875,3491.25
1785211874.2606795,15,304.390625,4080.75
1785211874.2606795,9,315.953125,3776.75
1785211874.2606795,15,317.59375,3715.0
1785211874.2606795,14,319.25,3674.25
1785211874.2606795,13,320.875,3634.75
1785211874.2606795,8,322.59375,3585.0
1785211874.2606795,15,324.25,3535.25
1785211874.2606795,15,325.890625,3509.0
1785211874.2606795,15,327.53125,3507.5
1785211874.2606795,15,329.1875,3490.25
1785211874.2606795,14,330.828125,3471.5
1785211874.2606795,15,332.46875,3467.25
1785211874.2606795,8,335.78125,3445.0
1785211874.2606795,14,337.421875,3408.75
1785211874.2606795,15,339.078125,3379.0
1785211874.2606795,15,340.765625,3351.75
1785211874.2606795,15,342.40625,3330.5
1785211874.2606795,15,344.046875,3303.75
1785211874.2606795,14,345.703125,3298.75
1785211874.2606795,15,348.890625,3478.75
1785211875.6096947,15,350.53125,3513.0
1785211875.6096947,15,352.171875,3527.5
1785211875.6096947,11,353.828125,3552.5
1785211875.6096947,15,220.390625,5461.5
1785211875.6096947,15,223.671875,5119.0
1785211875.6096947,15,225.328125,4981.75
1785211875.6096947,15,228.6875,3674.75
1785211875.6096947,15,230.28125,3684.0
1785211875.6096947,15,233.53125,4155.25
1785211875.6096947,15,236.8125,3965.25
1785211875.6096947,15,238.46875,3910.75
1785211875.6096947,15,240.109375,3842.75
1785211875.6096947,15,241.765625,3774.0
1785211875.6096947,15,243.390625,3720.5
1785211875.6096947,15,245.046875,3663.75
1785211875.6096947,15,246.703125,3603.5
1785211875.6096947,15,249.953125,3692.25
1785211875.6096947,15,251.625,3677.5
1785211875.6096947,15,254.890625,3883.5
1785211875.6096947,15,256.53125,3859.25
1785211875.6096947,15,258.171875,3835.0
1785211875.6096947,15,259.8125,3815.25
1785211875.6096947,15,261.453125,3801.75
1785211875.6096947,15,263.109375,3796.75
1785211875.6096947,15,264.75,3787.5
1785211875.6096947,15,266.375,3757.75
1785211875.6096947,15,268.03125,3739.0
1785211875.6096947,15,269.640625,3747.0
1785211875.6096947,15,271.28125,3745.5
1785211875.6096947,15,272.9375,3755.25
1785211875.6096947,15,274.515625,3766.5
1785211875.6096947,15,276.140625,3764.0
1785211875.6096947,15,277.765625,3771.5
1785211875.6096947,15,279.40625,3778.5
1785211875.6096947,15,281.046875,3797.0
1785211875.6096947,15,282.6875,3793.5
1785211875.6096947,15,285.984375,3528.0
1785211875.6096947,15,289.3125,3185.75
1785211875.6096947,15,290.921875,3210.75
1785211875.6096947,15,292.5625,3236.75
1785211875.6096947,15,294.1875,3275.0
1785211875.6096947,15,295.8125,3331.0
1785211875.6096947,15,297.453125,3381.0
1785211875.6096947,15,299.171875,3427.5
1785211875.6096947,15,300.796875,3483.75
1785211875.6096947,15,304.015625,4058.5
1785211875.6096947,12,315.5625,3785.0
1785211875.6096947,13,317.203125,3725.25
1785211875.6096947,15,318.828125,3683.5
1785211875.6096947,15,320.484375,3647.5
1785211875.6096947,10,322.15625,3595.25
1785211875.6096947,15,323.8125,3542.75
1785211875.6096947,15,325.46875,3513.75
1785211875.6096947,15,327.109375,3507.25
1785211875.6096947,15,328.75,3496.75
1785211875.6096947,15,330.40625,3477.75
1785211875.6096947,15,332.046875,3472.25
1785211875.6096947,15,333.703125,3472.25
1785211875.6096947,6,335.359375,3443.5
1785211875.6096947,7,336.984375,3404.25
1785211875.6096947,15,338.625,3385.75
1785211875.6096947,15,340.265625,3357.75
1785211875.6096947,15,341.921875,3332.0
1785211875.6096947,15,343.5625,3305.5
1785211875.6096947,15,345.21875,3280.25
1785211875.6096947,15,348.484375,3466.75
1785211875.6096947,15,350.125,3499.25
1785211875.7217329,15,351.75,3519.75
1785211875.7217329,15,353.390625,3532.25
1785211875.7217329,10,355.046875,3549.5
1785211875.7217329,15,356.703125,3561.5
1785211875.7217329,11,358.34375,3560.5
1785211875.7217329,13,359.984375,3559.0
1785211875.7217329,14,1.625,3562.25
1785211875.7217329,10,3.25,3574.25
1785211875.7217329,10,4.90625,3596.75
1785211875.7217329,15,6.53125,3640.75
1785211875.7217329,15,8.15625,3700.25
1785211875.7217329,11,9.828125,3746.25
1785211875.7217329,15,11.375,3788.25
1785211875.7217329,12,13.0,3855.75
1785211875.7217329,15,221.09375,5383.25
1785211875.7217329,15,224.359375,5056.5
1785211875.7217329,15,229.40625,3678.5
1785211875.7217329,15,234.265625,4112.75
1785211875.7217329,15,235.921875,4014.25
1785211875.7217329,15,237.578125,3945.0
1785211875.7217329,15,239.203125,3878.25
1785211875.7217329,15,240.859375,3802.5
1785211875.7217329,15,242.5,3750.75
1785211875.7217329,15,244.15625,3696.75
1785211875.7217329,15,245.78125,3631.75
1785211875.7217329,15,247.4375,3629.0
1785211875.7217329,15,249.046875,3668.5
1785211875.7217329,15,250.734375,3652.0
1785211875.7217329,15,255.609375,3884.75
1785211875.7217329,15,257.25,3845.25
1785211875.7217329,15,258.890625,3815.0
1785211875.7217329,15,260.5625,3805.75
1785211875.7217329,15,262.171875,3801.25
1785211875.7217329,15,263.828125,3786.75
1785211875.7217329,15,265.453125,3775.75
1785211875.7217329,15,267.109375,3766.25
1785211875.7217329,15,268.734375,3752.0
1785211875.7217329,15,270.375,3748.5
1785211875.7217329,15,272.015625,3759.25
1785211875.7217329,15,273.65625,3770.0
1785211875.7217329,15,275.234375,3775.75
1785211875.7217329,15,276.875,3781.5
1785211875.7217329,15,278.515625,3786.75
1785211875.7217329,15,280.140625,3782.5
1785211875.7217329,15,281.765625,3782.75
1785211875.7217329,15,285.078125,3563.75
1785211875.7217329,15,290.015625,3205.75
1785211875.7217329,15,291.640625,3228.75
1785211875.7217329,15,293.28125,3255.75
1785211875.7217329,15,294.90625,3302.5
1785211875.7217329,15,296.515625,3347.25
1785211875.7217329,15,298.15625,3384.5
1785211875.7217329,15,299.890625,3445.25
1785211875.7217329,15,301.53125,3513.25
1785211875.7217329,15,304.734375,4097.0
1785211875.7217329,13,316.25,3765.5
1785211875.7217329,15,317.921875,3717.75
1785211875.7217329,15,319.5625,3675.0
1785211875.7217329,8,321.1875,3627.25
1785211875.7217329,15,322.890625,3568.5
1785211875.7217329,14,324.53125,3526.25
1785211875.7217329,15,326.1875,3509.0
1785211875.7217329,15,327.828125,3497.0
1785211875.7217329,15,329.484375,3482.5
1785211875.7217329,14,331.109375,3479.0
1785211875.7217329,9,332.765625,3461.25
1785211875.7217329,15,334.40625,3457.25
1785211875.7217329,7,336.046875,3445.25
1785211875.7217329,11,337.703125,3399.75
1785211875.7217329,15,339.359375,3372.5
1785211875.7217329,15,341.015625,3352.25
1785211875.7217329,15,342.65625,3326.25
1785211875.7217329,15,344.3125,3297.5
1785211875.7217329,8,345.921875,3331.0
1785211875.7217329,15,347.515625,3419.25
1785211875.7217329,15,349.15625,3475.75
1785211875.8367107,15,350.78125,3507.25
1785211875.8367107,15,352.421875,3528.25
1785211875.8367107,10,354.078125,3553.0
1785211875.8367107,15,355.734375,3567.0
1785211875.8367107,12,357.359375,3561.5
1785211875.8367107,10,359.0,3559.25
1785211875.8367107,15,0.640625,3560.75
1785211875.8367107,14,2.265625,3571.0
1785211875.8367107,13,3.90625,3584.75
1785211875.8367107,15,5.5625,3614.25
1785211875.8367107,15,7.1875,3669.5
1785211875.8367107,10,8.84375,3730.0
1785211875.8367107,13,10.390625,3778.0
1785211875.8367107,10,12.046875,3815.25
1785211875.8367107,15,221.59375,5324.5
1785211875.8367107,15,224.890625,5020.25
1785211875.8367107,15,228.28125,3712.75
1785211875.8367107,15,229.921875,3683.5
1785211875.8367107,15,233.15625,4188.5
1785211875.8367107,15,234.8125,4103.75
1785211875.8367107,15,236.46875,3999.75
1785211875.8367107,15,238.109375,3924.75
1785211875.8367107,15,239.765625,3863.5
1785211875.8367107,15,241.421875,3788.5
1785211875.8367107,15,243.046875,3734.5
1785211875.8367107,15,244.703125,3675.25
1785211875.8367107,15,246.359375,3604.25
1785211875.8367107,15,249.609375,3703.25
1785211875.8367107,15,251.265625,3672.5
1785211875.8367107,15,254.515625,3862.5
1785211875.8367107,15,256.171875,3872.5
1785211875.8367107,15,257.828125,3836.75
1785211875.8367107,15,259.453125,3819.25
1785211875.8367107,15,261.09375,3808.25
1785211875.8367107,15,262.75,3794.0
1785211875.8367107,15,264.375,3783.75
1785211875.8367107,15,266.03125,3778.0
1785211875.8367107,15,267.65625,3765.75
1785211875.8367107,15,269.296875,3759.75
1785211875.8367107,15,270.953125,3755.25
1785211875.8367107,15,272.578125,3755.75
1785211875.8367107,15,274.21875,3751.75
1785211875.8367107,15,275.796875,3759.75
1785211875.8367107,15,277.453125,3777.0
1785211875.8367107,15,279.078125,3780.0
1785211875.8367107,15,280.734375,3788.5
1785211875.8367107,15,282.34375,3814.0
1785211875.8367107,15,285.65625,3513.5
1785211875.8367107,15,288.984375,3211.0
1785211875.8367107,15,290.609375,3211.75
1785211875.8367107,15,292.234375,3239.75
1785211875.8367107,15,293.859375,3276.25
1785211875.8367107,15,295.484375,3327.75
1785211875.8367107,15,297.125,3367.0
1785211875.8367107,15,298.875,3407.75
1785211875.8367107,15,300.53125,3463.5
1785211875.8367107,15,303.734375,4041.75
1785211875.8367107,7,305.375,4107.5
1785211875.8367107,14,315.28125,3806.5
1785211875.8367107,15,316.9375,3739.0
1785211875.8367107,15,318.578125,3698.5
1785211875.8367107,15,320.25,3648.0
1785211875.8367107,10,321.890625,3596.75
1785211875.8367107,14,323.546875,3550.75
1785211875.8367107,15,325.21875,3510.5
1785211875.8367107,15,326.84375,3496.0
1785211875.8367107,15,328.5,3493.5
1785211875.8367107,15,330.125,3481.0
1785211875.8367107,15,331.796875,3475.0
1785211875.8367107,10,333.421875,3476.25
1785211875.8367107,15,335.078125,3457.25
1785211875.8367107,7,336.71875,3424.5
1785211875.8367107,15,338.375,3395.75
1785211875.8367107,15,340.03125,3362.0
1785211875.8367107,15,341.6875,3335.25
1785211875.8367107,15,343.3125,3311.0
1785211875.8367107,15,344.984375,3285.25
1785211875.8367107,15,348.203125,3463.75
1785211875.8367107,15,349.828125,3497.5
1785211875.9476428,15,351.484375,3522.75
1785211875.9476428,15,353.109375,3527.25
1785211875.9476428,15,354.765625,3549.5
1785211875.9476428,15,356.40625,3567.75
1785211875.9476428,13,358.046875,3566.25
1785211875.9476428,13,359.6875,3563.5
1785211875.9476428,15,1.34375,3563.25
1785211875.9476428,14,2.984375,3569.0
1785211875.9476428,15,4.59375,3590.75
1785211875.9476428,15,6.25,3635.25
1785211875.9476428,15,7.890625,3696.0
1785211875.9476428,13,9.53125,3758.25
1785211875.9476428,13,11.125,3800.75
1785211875.9476428,15,12.71875,3857.25
1785211875.9476428,15,220.84375,5429.0
1785211875.9476428,15,224.140625,5081.0
1785211875.9476428,15,227.53125,3740.0
1785211875.9476428,15,229.1875,3687.75
1785211875.9476428,15,237.34375,3952.75
1785211875.9476428,15,239.015625,3896.25
1785211875.9476428,15,240.640625,3812.75
1785211875.9476428,15,242.296875,3749.75
1785211875.9476428,15,243.921875,3707.25
1785211875.9476428,15,245.578125,3634.0
1785211875.9476428,15,247.234375,3602.5
1785211875.9476428,15,248.859375,3646.25
1785211875.9476428,15,250.515625,3654.0
1785211875.9476428,15,252.125,3679.5
1785211875.9476428,15,255.40625,3888.5
1785211875.9476428,15,257.0625,3851.5
1785211875.9476428,15,258.703125,3812.5
1785211875.9476428,15,260.34375,3801.5
1785211875.9476428,15,262.0,3801.0
1785211875.9476428,15,263.609375,3790.0
1785211875.9476428,15,265.265625,3781.0
1785211875.9476428,15,266.890625,3770.0
1785211875.9476428,15,268.546875,3750.25
1785211875.9476428,15,270.1875,3747.25
1785211875.9476428,15,271.828125,3754.5
1785211875.9476428,15,273.484375,3752.5
1785211875.9476428,15,275.09375,3762.0
1785211875.9476428,15,276.71875,3779.25
1785211875.9476428,15,278.34375,3781.5
1785211875.9476428,15,279.984375,3783.5
1785211875.9476428,15,281.625,3800.25
1785211875.9476428,15,284.9375,3561.25
1785211875.9476428,15,289.875,3201.25
1785211875.9476428,15,291.515625,3227.25
1785211875.9476428,15,293.171875,3260.5
1785211875.9476428,15,294.796875,3307.25
1785211875.9476428,15,296.421875,3350.0
1785211875.9476428,15,298.0625,3386.0
1785211875.9476428,15,299.8125,3438.5
1785211875.9476428,15,301.46875,3500.5
1785211875.9476428,15,304.6875,4098.0
1785211875.9476428,12,316.25,3765.25
1785211875.9476428,15,317.90625,3719.75
1785211875.9476428,15,319.546875,3675.0
1785211875.9476428,15,321.203125,3628.25
1785211875.9476428,13,322.859375,3573.75
1785211875.9476428,15,324.53125,3529.5
1785211875.9476428,15,326.1875,3509.25
1785211875.9476428,15,327.828125,3496.5
1785211875.9476428,15,329.484375,3481.75
1785211875.9476428,15,331.140625,3478.75
1785211875.9476428,9,332.765625,3460.75
1785211875.9476428,15,334.421875,3461.0
1785211875.9476428,8,336.0625,3448.0
1785211875.9476428,12,337.71875,3399.0
1785211875.9476428,15,339.375,3372.25
1785211875.9476428,15,341.046875,3352.25
1785211875.9476428,15,342.671875,3326.5
1785211875.9476428,15,344.34375,3296.5
1785211875.9476428,7,345.984375,3330.75
1785211875.9476428,15,347.546875,3420.5
1785211875.9476428,15,349.1875,3477.25
1785211876.0600119,15,350.828125,3508.5
1785211876.0600119,15,352.46875,3527.5
1785211876.0600119,15,354.09375,3549.5
1785211876.0600119,15,355.734375,3565.75
1785211876.0600119,13,357.375,3563.25
1785211876.0600119,11,359.03125,3559.5
1785211876.0600119,15,0.671875,3561.0
1785211876.0600119,13,2.3125,3563.5
1785211876.0600119,11,3.96875,3580.75
1785211876.0600119,15,5.59375,3618.25
1785211876.0600119,15,7.21875,3671.25
1785211876.0600119,11,8.890625,3733.25
1785211876.0600119,12,10.46875,3780.25
1785211876.0600119,12,12.125,3816.75
1785211876.0600119,15,223.640625,5120.5
1785211876.0600119,15,225.28125,4981.25
1785211876.0600119,15,228.65625,3676.0
1785211876.0600119,15,230.28125,3684.75
1785211876.0600119,15,233.515625,4155.5
1785211876.0600119,15,236.796875,3968.0
1785211876.0600119,15,238.453125,3910.75
1785211876.0600119,15,240.09375,3843.0
1785211876.0600119,15,241.765625,3775.0
1785211876.0600119,15,243.375,3720.25
1785211876.0600119,15,245.046875,3664.25
1785211876.0600119,15,246.6875,3605.0
1785211876.0600119,15,249.96875,3691.0
1785211876.0600119,15,251.59375,3681.0
1785211876.0600119,15,254.859375,3883.5
1785211876.0600119,15,256.484375,3861.75
1785211876.0600119,15,258.140625,3836.25
1785211876.0600119,15,259.78125,3814.25
1785211876.0600119,15,261.40625,3801.25
1785211876.0600119,15,263.046875,3794.0
1785211876.0600119,15,264.6875,3781.75
1785211876.0600119,15,266.34375,3756.75
1785211876.0600119,15,267.984375,3743.25
1785211876.0600119,15,269.625,3747.75
1785211876.0600119,15,271.25,3745.0
1785211876.0600119,15,272.875,3756.5
1785211876.0600119,15,274.546875,3767.75
1785211876.0600119,15,276.203125,3765.25
1785211876.0600119,15,277.84375,3772.75
1785211876.0600119,15,279.484375,3787.5
1785211876.0600119,15,281.109375,3799.75
1785211876.0600119,15,286.078125,3497.5
1785211876.0600119,15,289.390625,3186.25
1785211876.0600119,15,291.046875,3211.25
1785211876.0600119,15,292.671875,3238.75
1785211876.0600119,15,294.296875,3284.0
1785211876.0600119,15,295.9375,3338.75
1785211876.0600119,15,297.5625,3374.75
1785211876.0600119,15,299.3125,3421.5
1785211876.0600119,15,300.953125,3482.25
1785211876.0600119,15,304.171875,4071.75
1785211876.0600119,13,315.734375,3777.75
1785211876.0600119,11,317.390625,3723.5
1785211876.0600119,15,319.03125,3679.0
1785211876.0600119,8,320.703125,3625.0
1785211876.0600119,12,322.34375,3566.75
1785211876.0600119,15,324.015625,3535.75
1785211876.0600119,15,325.640625,3520.25
1785211876.0600119,15,327.3125,3509.5
1785211876.0600119,15,328.96875,3507.75
1785211876.0600119,15,330.59375,3498.75
1785211876.0600119,15,332.25,3471.5
1785211876.0600119,15,333.90625,3466.75
1785211876.0600119,7,335.578125,3449.75
1785211876.0600119,9,337.203125,3408.5
1785211876.0600119,15,338.875,3383.0
1785211876.0600119,15,340.515625,3358.5
1785211876.0600119,15,342.140625,3329.75
1785211876.0600119,15,343.8125,3298.5
1785211876.0600119,15,345.46875,3284.5
1785211876.0600119,15,348.6875,3477.25
1785211876.0600119,15,350.34375,3509.0
1785211876.1740782,15,351.984375,3524.0
1785211876.1740782,11,353.625,3541.0
1785211876.1740782,15,355.265625,3557.5
1785211876.1740782,11,356.90625,3561.75
1785211876.1740782,12,358.5625,3561.5
1785211876.1740782,15,0.203125,3561.5
1785211876.1740782,14,1.84375,3565.5
1785211876.1740782,11,3.484375,3581.0
1785211876.1740782,10,5.140625,3607.0
1785211876.1740782,15,6.765625,3650.25
1785211876.1740782,15,8.390625,3708.5
1785211876.1740782,11,10.0625,3761.25
1785211876.1740782,15,11.65625,3818.75
1785211876.1740782,15,221.53125,5322.25
1785211876.1740782,15,224.84375,5024.5
1785211876.1740782,15,228.1875,3656.5
1785211876.1740782,8,229.796875,3683.5
1785211876.1740782,15,233.03125,4189.0
1785211876.1740782,15,234.703125,4093.5
1785211876.1740782,15,236.34375,3994.25
1785211876.1740782,15,237.984375,3934.5
1785211876.1740782,15,239.640625,3878.25
1785211876.1740782,15,241.296875,3802.25
1785211876.1740782,15,242.9375,3741.0
1785211876.1740782,15,244.59375,3678.75
1785211876.1740782,15,246.203125,3605.5
1785211876.1740782,15,247.859375,3618.75
1785211876.1740782,15,249.484375,3668.5
1785211876.1740782,15,251.140625,3672.25
1785211876.1740782,15,254.375,3856.75
1785211876.1740782,15,256.0625,3881.25
1785211876.1740782,15,257.671875,3850.0
1785211876.1740782,15,259.328125,3823.75
1785211876.1740782,15,260.96875,3807.0
1785211876.1740782,15,262.609375,3795.0
1785211876.1740782,15,264.234375,3781.25
1785211876.1740782,15,265.890625,3776.5
1785211876.1740782,15,267.515625,3767.75
1785211876.1740782,15,269.171875,3762.0
1785211876.1740782,15,270.796875,3766.75
1785211876.1740782,15,272.4375,3766.25
1785211876.1740782,15,274.078125,3772.0
1785211876.1740782,15,275.703125,3779.25
1785211876.1740782,15,277.34375,3779.0
1785211876.1740782,15,279.0,3780.5
1785211876.1740782,15,280.625,3787.75
1785211876.1740782,15,282.265625,3801.25
1785211876.1740782,15,285.5625,3546.25
1785211876.1740782,15,288.890625,3227.75
1785211876.1740782,15,290.546875,3212.25
1785211876.1740782,15,292.15625,3239.25
1785211876.1740782,15,293.796875,3275.75
1785211876.1740782,15,295.4375,3326.75
1785211876.1740782,15,297.046875,3366.0
1785211876.1740782,15,298.78125,3406.0
1785211876.1740782,15,300.40625,3462.0
1785211876.1740782,15,303.640625,4040.0
1785211876.1740782,8,305.265625,4109.5
1785211876.1740782,13,316.828125,3735.25
1785211876.1740782,15,318.46875,3694.25
1785211876.1740782,12,320.140625,3654.25
1785211876.1740782,8,321.78125,3603.75
1785211876.1740782,11,323.4375,3551.75
1785211876.1740782,15,325.09375,3513.25
1785211876.1740782,15,326.75,3489.75
1785211876.1740782,15,328.390625,3486.25
1785211876.1740782,15,330.03125,3484.75
1785211876.1740782,15,331.671875,3477.75
1785211876.1740782,15,333.3125,3476.25
1785211876.1740782,15,334.984375,3471.75
1785211876.1740782,8,336.625,3440.75
1785211876.1740782,15,338.265625,3400.75
1785211876.1740782,15,339.921875,3366.25
1785211876.1740782,15,341.578125,3338.0
1785211876.1740782,15,343.234375,3313.25
1785211876.1740782,15,344.875,3302.25
1785211876.1740782,15,348.15625,3480.5
1785211876.1740782,15,349.796875,3513.0
1785211876.2849405,15,351.4375,3524.0
1785211876.2849405,15,353.078125,3528.25
1785211876.2849405,14,354.71875,3545.0
1785211876.2849405,15,356.375,3563.0
1785211876.2849405,13,358.03125,3565.5
1785211876.2849405,15,359.671875,3562.5
1785211876.2849405,15,1.296875,3563.25
1785211876.2849405,15,2.96875,3568.75
1785211876.2849405,10,4.59375,3591.5
1785211876.2849405,15,6.234375,3634.5
1785211876.2849405,15,7.890625,3692.75
1785211876.2849405,14,9.515625,3753.0
1785211876.2849405,13,11.109375,3796.5
1785211876.2849405,15,12.75,3855.75
1785211876.2849405,15,220.765625,5429.0
1785211876.2849405,15,224.0625,5093.25
1785211876.2849405,15,225.703125,4953.25
1785211876.2849405,15,229.0625,3685.0
1785211876.2849405,15,232.421875,3165.0
1785211876.2849405,15,235.59375,4037.5
1785211876.2849405,15,237.234375,3954.5
1785211876.2849405,15,238.875,3895.0
1785211876.2849405,15,240.53125,3833.0
1785211876.2849405,15,242.15625,3765.0
1785211876.2849405,15,243.796875,3703.75
1785211876.2849405,15,245.453125,3654.5
1785211876.2849405,15,247.109375,3610.5
1785211876.2849405,15,248.734375,3639.25
1785211876.2849405,15,250.421875,3656.5
1785211876.2849405,15,252.046875,3682.5
1785211876.2849405,15,255.296875,3886.75
1785211876.2849405,15,256.9375,3848.75
1785211876.2849405,15,258.609375,3814.5
1785211876.2849405,15,260.234375,3802.25
1785211876.2849405,15,261.875,3799.75
1785211876.2849405,15,263.5,3789.5
1785211876.2849405,15,265.15625,3780.0
1785211876.2849405,15,266.78125,3769.0
1785211876.2849405,15,268.4375,3742.75
1785211876.2849405,15,270.078125,3732.0
1785211876.2849405,15,271.71875,3752.25
1785211876.2849405,15,273.375,3758.75
1785211876.2849405,15,274.953125,3760.25
1785211876.2849405,15,276.59375,3775.0
1785211876.2849405,15,278.21875,3778.25
1785211876.2849405,15,279.875,3782.75
1785211876.2849405,15,281.515625,3801.75
1785211876.2849405,15,289.75,3189.75
1785211876.2849405,15,291.390625,3217.0
1785211876.2849405,15,293.015625,3260.5
1785211876.2849405,15,294.640625,3310.0
1785211876.2849405,15,296.28125,3350.0
1785211876.2849405,15,297.90625,3383.75
1785211876.2849405,15,299.625,3433.5
1785211876.2849405,15,301.25,3490.5
1785211876.2849405,8,304.453125,4077.25
1785211876.2849405,11,316.0,3773.25
1785211876.2849405,15,317.625,3715.5
1785211876.2849405,15,319.265625,3676.25
1785211876.2849405,14,320.921875,3630.75
1785211876.2849405,9,322.609375,3581.75
1785211876.2849405,13,324.265625,3536.5
1785211876.2849405,15,325.890625,3508.5
1785211876.2849405,15,327.546875,3506.25
1785211876.2849405,15,329.1875,3491.5
1785211876.2849405,15,330.84375,3473.75
1785211876.2849405,15,332.484375,3467.75
1785211876.2849405,15,334.109375,3468.0
1785211876.2849405,15,335.765625,3451.25
1785211876.2849405,10,337.421875,3412.25
1785211876.2849405,15,339.046875,3380.0
1785211876.2849405,15,340.71875,3357.75
1785211876.2849405,15,342.359375,3335.5
1785211876.2849405,15,344.015625,3303.0
1785211876.2849405,15,345.640625,3319.75
1785211876.2849405,15,347.296875,3407.75
1785211876.2849405,15,348.953125,3479.0
1785211876.395697,15,350.578125,3508.5
1785211876.395697,15,352.234375,3523.5
1785211876.395697,15,353.875,3542.75
1785211876.395697,11,355.53125,3558.75
1785211876.395697,13,357.15625,3561.5
1785211876.395697,11,358.828125,3560.5
1785211876.395697,13,0.46875,3560.25
1785211876.395697,12,2.125,3571.0
1785211876.395697,12,3.75,3583.25
1785211876.395697,9,5.390625,3607.5
1785211876.395697,15,7.03125,3656.25
1785211876.395697,15,8.65625,3719.75
1785211876.395697,11,10.296875,3772.25
1785211876.395697,11,11.875,3819.75
1785211876.395697,15,221.46875,5322.75
1785211876.395697,15,224.765625,5025.5
1785211876.395697,15,228.15625,3656.5
1785211876.395697,15,233.03125,4189.0
1785211876.395697,15,234.65625,4092.5
1785211876.395697,15,236.3125,3994.25
1785211876.395697,15,237.953125,3935.25
1785211876.395697,15,239.59375,3879.25
1785211876.395697,15,241.25,3803.5
1785211876.395697,15,242.890625,3741.75
1785211876.395697,15,244.546875,3682.25
1785211876.395697,15,246.171875,3610.0
1785211876.395697,15,247.78125,3629.75
1785211876.395697,15,249.453125,3678.5
1785211876.395697,15,251.125,3670.0
1785211876.395697,15,254.390625,3858.0
1785211876.395697,15,256.03125,3882.5
1785211876.395697,15,257.671875,3850.0
1785211876.395697,15,259.3125,3824.0
1785211876.395697,15,260.96875,3808.0
1785211876.395697,15,262.59375,3796.0
1785211876.395697,15,264.234375,3781.0
1785211876.395697,15,265.875,3776.5
1785211876.395697,15,267.546875,3767.25
1785211876.395697,15,269.171875,3761.0
1785211876.395697,15,270.828125,3766.75
1785211876.395697,15,272.46875,3764.5
1785211876.395697,15,274.09375,3770.25
1785211876.395697,15,275.65625,3781.75
1785211876.395697,15,277.296875,3775.0
1785211876.395697,15,278.921875,3777.5
1785211876.395697,15,280.5625,3791.5
1785211876.395697,15,282.203125,3801.5
1785211876.395697,15,285.53125,3547.75
1785211876.395697,15,288.828125,3228.5
1785211876.395697,15,290.453125,3207.75
1785211876.395697,15,292.078125,3235.25
1785211876.395697,15,293.71875,3270.0
1785211876.395697,15,295.34375,3318.75
1785211876.395697,15,297.0,3362.75
1785211876.395697,15,298.703125,3396.25
1785211876.395697,15,300.34375,3445.75
1785211876.395697,15,303.546875,4030.0
1785211876.395697,7,305.1875,4107.25
1785211876.395697,15,316.703125,3760.25
1785211876.395697,15,318.359375,3710.0
1785211876.395697,15,320.03125,3656.0
1785211876.395697,8,321.65625,3605.0
1785211876.395697,10,323.359375,3557.5
1785211876.395697,15,325.0,3521.25
1785211876.395697,15,326.65625,3496.5
1785211876.395697,15,328.296875,3492.75
1785211876.395697,15,329.96875,3489.5
1785211876.395697,15,331.609375,3484.0
1785211876.395697,15,333.25,3473.75
1785211876.395697,15,334.890625,3464.75
1785211876.395697,6,336.546875,3437.0
1785211876.395697,15,338.1875,3395.0
1785211876.395697,15,339.84375,3364.0
1785211876.395697,15,341.484375,3338.75
1785211876.395697,15,343.15625,3313.0
1785211876.395697,15,344.796875,3299.25
1785211876.395697,15,348.015625,3471.5
1785211876.395697,15,349.65625,3501.25
1785211876.5078697,15,351.328125,3518.25
1785211876.5078697,15,352.9375,3530.0
1785211876.5078697,12,354.609375,3546.75
1785211876.5078697,15,356.25,3560.0
1785211876.5078697,9,357.875,3561.5
1785211876.5078697,13,359.515625,3560.5
1785211876.5078697,13,1.1875,3563.25
1785211876.5078697,13,2.828125,3570.5
1785211876.5078697,8,4.453125,3588.5
1785211876.5078697,8,6.09375,3629.25
1785211876.5078697,15,7.734375,3685.0
1785211876.5078697,12,9.375,3743.75
1785211876.5078697,10,10.9375,3790.0
1785211876.5078697,15,12.5625,3835.5
1785211876.5078697,15,220.640625,5447.0
1785211876.5078697,15,223.9375,5106.5
1785211876.5078697,15,225.578125,4955.5
1785211876.5078697,15,228.96875,3684.75
1785211876.5078697,15,235.5,4047.5
1785211876.5078697,15,237.15625,3964.0
1785211876.5078697,15,238.8125,3899.25
1785211876.5078697,15,240.4375,3837.25
1785211876.5078697,15,242.09375,3766.5
1785211876.5078697,15,243.734375,3703.5
1785211876.5078697,15,245.359375,3654.0
1785211876.5078697,15,247.03125,3609.25
1785211876.5078697,15,248.65625,3651.5
1785211876.5078697,15,250.296875,3681.5
1785211876.5078697,15,251.90625,3708.75
1785211876.5078697,15,255.1875,3886.5
1785211876.5078697,15,256.8125,3852.5
1785211876.5078697,15,258.453125,3826.5
1785211876.5078697,15,260.09375,3813.25
1785211876.5078697,15,261.75,3800.75
1785211876.5078697,15,263.359375,3792.25
1785211876.5078697,15,265.015625,3781.75
1785211876.5078697,15,266.671875,3769.25
1785211876.5078697,15,268.3125,3754.0
1785211876.5078697,15,269.9375,3742.25
1785211876.5078697,15,271.5625,3750.75
1785211876.5078697,15,273.203125,3761.0
1785211876.5078697,15,274.8125,3764.75
1785211876.5078697,15,276.46875,3772.25
1785211876.5078697,15,278.078125,3774.25
1785211876.5078697,15,279.71875,3781.0
1785211876.5078697,15,281.359375,3791.25
1785211876.5078697,13,286.28125,3472.75
1785211876.5078697,15,289.59375,3193.0
1785211876.5078697,15,291.234375,3212.25
1785211876.5078697,15,292.875,3252.75
1785211876.5078697,15,294.484375,3308.0
1785211876.5078697,15,296.125,3347.5
1785211876.5078697,15,297.75,3376.5
1785211876.5078697,15,299.484375,3425.75
1785211876.5078697,15,301.15625,3488.0
1785211876.5078697,11,304.34375,4080.25
1785211876.5078697,10,315.890625,3775.75
1785211876.5078697,15,317.53125,3718.75
1785211876.5078697,14,319.203125,3677.5
1785211876.5078697,13,320.828125,3636.75
1785211876.5078697,9,322.5625,3588.0
1785211876.5078697,15,324.203125,3537.25
1785211876.5078697,15,325.84375,3509.5
1785211876.5078697,15,327.484375,3504.25
1785211876.5078697,15,329.140625,3495.0
1785211876.5078697,15,330.796875,3481.25
1785211876.5078697,15,332.4375,3467.0
1785211876.5078697,7,335.75,3444.75
1785211876.5078697,13,337.40625,3411.0
1785211876.5078697,15,339.03125,3380.5
1785211876.5078697,15,340.6875,3357.25
1785211876.5078697,15,342.328125,3330.25
1785211876.5078697,15,343.984375,3300.25
1785211876.5078697,15,345.625,3294.75
1785211876.5078697,15,348.859375,3479.75
1785211876.622991,15,350.515625,3507.75
1785211876.622991,15,352.140625,3525.75
1785211876.622991,15,353.765625,3550.5
1785211876.622991,11,355.421875,3565.0
1785211876.622991,13,357.078125,3562.5
1785211876.622991,12,358.703125,3560.25
1785211876.622991,15,0.359375,3560.0
1785211876.622991,15,2.0,3570.25
1785211876.622991,12,3.640625,3583.75
1785211876.622991,15,5.296875,3607.25
1785211876.622991,15,6.921875,3650.0
1785211876.622991,15,8.546875,3705.0
1785211876.622991,12,10.1875,3761.0
1785211876.622991,15,11.75,3817.5
1785211876.622991,15,221.515625,5320.0
1785211876.622991,15,224.8125,5023.5
1785211876.622991,15,228.203125,3658.75
1785211876.622991,13,229.828125,3683.0
1785211876.622991,15,233.0625,4189.0
1785211876.622991,15,234.71875,4092.25
1785211876.622991,15,236.359375,3993.5
1785211876.622991,15,238.0,3934.25
1785211876.622991,15,239.65625,3878.5
1785211876.622991,15,241.3125,3804.0
1785211876.622991,15,242.953125,3742.5
1785211876.622991,15,244.578125,3678.75
1785211876.622991,15,246.234375,3606.25
1785211876.622991,15,247.859375,3619.75
1785211876.622991,15,249.5,3669.75
1785211876.622991,15,251.125,3669.75
1785211876.622991,15,254.375,3858.5
1785211876.622991,15,256.015625,3883.0
1785211876.622991,15,257.671875,3848.75
1785211876.622991,15,259.3125,3825.5
1785211876.622991,15,260.921875,3810.25
1785211876.622991,15,262.5625,3795.75
1785211876.622991,15,264.234375,3781.25
1785211876.622991,15,265.859375,3776.5
1785211876.622991,15,267.5,3767.5
1785211876.622991,15,269.125,3761.75
1785211876.622991,15,270.765625,3768.25
1785211876.622991,15,272.40625,3766.5
1785211876.622991,15,274.03125,3770.5
1785211876.622991,15,275.640625,3779.75
1785211876.622991,15,277.28125,3774.5
1785211876.622991,15,278.90625,3777.75
1785211876.622991,15,280.546875,3794.0
1785211876.622991,15,282.171875,3805.0
1785211876.622991,15,285.484375,3548.75
1785211876.622991,15,288.796875,3229.25
1785211876.622991,15,290.4375,3208.0
1785211876.622991,15,292.046875,3236.0
1785211876.622991,15,293.6875,3270.75
1785211876.622991,15,295.3125,3318.75
1785211876.622991,15,296.953125,3359.25
1785211876.622991,15,298.703125,3393.0
1785211876.622991,15,300.34375,3446.5
1785211876.622991,15,303.578125,4036.75
1785211876.622991,9,305.21875,4111.0
1785211876.622991,13,316.75,3742.5
1785211876.622991,15,318.421875,3694.5
1785211876.622991,15,320.046875,3657.0
1785211876.622991,7,321.71875,3606.25
1785211876.622991,10,323.375,3558.5
1785211876.622991,15,325.03125,3523.5
1785211876.622991,15,326.703125,3494.0
1785211876.622991,15,328.3125,3489.0
1785211876.622991,15,329.953125,3490.25
1785211876.622991,15,331.625,3486.5
1785211876.622991,15,333.28125,3476.5
1785211876.622991,15,334.921875,3466.0
1785211876.622991,8,336.578125,3440.25
1785211876.622991,15,338.234375,3400.25
1785211876.622991,15,339.890625,3367.75
1785211876.622991,15,341.53125,3338.5
1785211876.622991,15,343.1875,3310.5
1785211876.622991,15,344.796875,3295.5
1785211876.622991,15,348.046875,3473.5
1785211876.622991,15,349.6875,3500.75
1785211876.7343163,15,351.328125,3516.5
1785211876.7343163,15,352.953125,3531.5
1785211876.7343163,14,354.609375,3547.75
1785211876.7343163,15,356.25,3559.75
1785211876.7343163,9,357.890625,3562.25
1785211876.7343163,15,359.53125,3561.5
1785211876.7343163,15,1.1875,3563.25
1785211876.7343163,14,2.8125,3570.0
1785211876.7343163,15,4.46875,3592.75
1785211876.7343163,9,6.09375,3632.5
1785211876.7343163,15,7.75,3684.0
1785211876.7343163,13,9.359375,3745.0
1785211876.7343163,12,10.953125,3790.5
1785211876.7343163,15,12.59375,3836.0
1785211876.7343163,15,220.765625,5432.5
1785211876.7343163,15,224.0625,5093.5
1785211876.7343163,15,225.703125,4953.5
1785211876.7343163,15,229.046875,3686.75
1785211876.7343163,15,232.421875,3164.25
1785211876.7343163,15,235.578125,4038.5
1785211876.7343163,15,237.21875,3955.5
1785211876.7343163,15,238.859375,3897.0
1785211876.7343163,15,240.53125,3835.5
1785211876.7343163,15,242.171875,3765.5
1785211876.7343163,15,243.8125,3703.75
1785211876.7343163,15,245.4375,3655.0
1785211876.7343163,15,247.078125,3610.0
1785211876.7343163,15,248.734375,3641.0
1785211876.7343163,15,250.359375,3661.0
1785211876.7343163,15,252.0,3685.25
1785211876.7343163,15,255.25,3888.0
1785211876.7343163,15,256.875,3852.5
1785211876.7343163,15,258.515625,3827.25
1785211876.7343163,15,260.15625,3813.25
1785211876.7343163,15,261.796875,3800.25
1785211876.7343163,15,263.4375,3792.75
1785211876.7343163,15,265.078125,3782.0
1785211876.7343163,15,266.71875,3767.75
1785211876.7343163,15,268.359375,3743.75
1785211876.7343163,15,270.0,3732.25
1785211876.7343163,15,271.640625,3750.0
1785211876.7343163,15,273.28125,3760.75
1785211876.7343163,15,274.875,3763.75
1785211876.7343163,15,276.515625,3772.0
1785211876.7343163,15,278.171875,3773.75
1785211876.7343163,15,279.8125,3780.25
1785211876.7343163,15,281.4375,3792.25
1785211876.7343163,15,283.09375,3746.25
1785211876.7343163,15,289.671875,3189.5
1785211876.7343163,15,291.328125,3216.25
1785211876.7343163,15,292.9375,3258.75
1785211876.7343163,15,294.578125,3308.0
1785211876.7343163,15,296.203125,3348.0
1785211876.7343163,15,297.828125,3378.0
1785211876.7343163,15,299.59375,3428.5
1785211876.7343163,15,301.25,3489.5
1785211876.7343163,11,304.46875,4079.0
1785211876.7343163,10,316.0,3774.25
1785211876.7343163,15,317.640625,3715.0
1785211876.7343163,14,319.328125,3674.0
1785211876.7343163,12,320.953125,3631.25
1785211876.7343163,9,322.59375,3582.5
1785211876.7343163,13,324.234375,3536.5
1785211876.7343163,15,325.90625,3508.5
1785211876.7343163,15,327.546875,3503.25
1785211876.7343163,15,329.1875,3495.25
1785211876.7343163,15,330.8125,3479.0
1785211876.7343163,15,332.46875,3462.75
1785211876.7343163,8,335.765625,3443.5
1785211876.7343163,13,337.40625,3410.75
1785211876.7343163,15,339.0625,3381.25
1785211876.7343163,15,340.71875,3357.25
1785211876.7343163,15,342.359375,3332.0
1785211876.7343163,15,344.0,3302.5
1785211876.7343163,11,345.640625,3297.25
1785211876.7343163,15,348.890625,3478.0
1785211876.844918,15,350.515625,3508.0
1785211876.844918,15,352.171875,3527.5
1785211876.844918,15,353.796875,3549.0
1785211876.844918,12,355.453125,3562.25
1785211876.844918,14,357.09375,3561.25
1785211876.844918,12,358.734375,3559.75
1785211876.844918,15,0.390625,3560.5
1785211876.844918,13,2.015625,3571.75
1785211876.844918,12,3.640625,3585.5
1785211876.844918,15,5.3125,3609.25
1785211876.844918,15,6.9375,3653.75
1785211876.844918,15,8.578125,3708.5
1785211876.844918,13,10.203125,3762.75
1785211876.844918,15,11.828125,3818.5
1785211876.844918,15,223.296875,5148.75
1785211876.844918,15,224.953125,5019.75
1785211876.844918,15,228.328125,3714.0
1785211876.844918,15,229.96875,3684.0
1785211876.844918,15,234.84375,4099.75
1785211876.844918,15,236.515625,4001.5
1785211876.844918,15,238.140625,3926.0
1785211876.844918,15,239.796875,3864.25
1785211876.844918,15,241.4375,3787.75
1785211876.844918,15,243.09375,3733.5
1785211876.844918,15,244.75,3676.0
1785211876.844918,15,246.40625,3607.5
1785211876.844918,15,249.671875,3698.25
1785211876.844918,15,251.265625,3671.25
1785211876.844918,15,254.5,3861.0
1785211876.844918,15,256.15625,3872.5
1785211876.844918,15,257.8125,3835.75
1785211876.844918,15,259.453125,3816.0
1785211876.844918,15,261.0625,3806.5
1785211876.844918,15,262.71875,3794.75
1785211876.844918,15,264.359375,3784.5
1785211876.844918,15,265.984375,3777.0
1785211876.844918,15,267.640625,3766.0
1785211876.844918,15,269.265625,3760.25
1785211876.844918,15,270.90625,3756.25
1785211876.844918,15,272.578125,3757.0
1785211876.844918,15,274.203125,3750.75
1785211876.844918,15,275.828125,3758.75
1785211876.844918,15,277.453125,3779.25
1785211876.844918,15,279.09375,3783.25
1785211876.844918,15,280.734375,3790.5
1785211876.844918,15,282.359375,3816.0
1785211876.844918,15,285.703125,3512.25
1785211876.844918,15,289.0,3208.5
1785211876.844918,15,290.625,3211.5
1785211876.844918,15,292.265625,3239.75
1785211876.844918,15,293.875,3276.25
1785211876.844918,15,295.53125,3327.5
1785211876.844918,15,297.171875,3366.0
1785211876.844918,15,298.890625,3404.5
1785211876.844918,15,300.53125,3460.25
1785211876.844918,15,303.734375,4037.75
1785211876.844918,7,305.390625,4104.25
1785211876.844918,11,315.28125,3803.0
1785211876.844918,15,316.921875,3737.0
1785211876.844918,15,318.59375,3697.5
1785211876.844918,15,320.25,3647.5
1785211876.844918,10,321.875,3596.25
1785211876.844918,14,323.53125,3551.0
1785211876.844918,15,325.171875,3511.5
1785211876.844918,15,326.828125,3489.0
1785211876.844918,15,328.453125,3485.5
1785211876.844918,15,330.109375,3481.75
1785211876.844918,15,331.75,3476.25
1785211876.844918,12,333.390625,3477.0
1785211876.844918,15,335.03125,3469.0
1785211876.844918,8,336.6875,3438.5
1785211876.844918,15,338.328125,3400.0
1785211876.844918,15,340.0,3368.0
1785211876.844918,15,341.640625,3337.5
1785211876.844918,15,343.296875,3309.25
1785211876.844918,15,344.921875,3285.25
1785211876.844918,15,348.171875,3482.0
1785211876.844918,15,349.796875,3512.25
1785211876.958531,15,351.46875,3524.5
1785211876.958531,15,353.078125,3532.0
1785211876.958531,14,354.734375,3547.5
1785211876.958531,15,356.375,3561.75
1785211876.958531,14,358.03125,3563.0
1785211876.958531,14,359.65625,3560.75
1785211876.958531,15,1.296875,3562.5
1785211876.958531,15,2.953125,3568.25
1785211876.958531,10,4.59375,3592.0
1785211876.958531,15,6.21875,3632.5
1785211876.958531,15,7.84375,3685.5
1785211876.958531,15,9.5,3745.75
1785211876.958531,13,11.109375,3793.25
1785211876.958531,15,12.75,3852.5
1785211876.958531,15,220.921875,5398.0
1785211876.958531,15,224.21875,5081.25
1785211876.958531,15,227.609375,3737.5
1785211876.958531,15,229.234375,3687.5
1785211876.958531,15,235.796875,4032.5
1785211876.958531,15,237.421875,3953.0
1785211876.958531,15,239.0625,3894.5
1785211876.958531,15,240.703125,3812.0
1785211876.958531,15,242.375,3750.5
1785211876.958531,15,244.03125,3708.25
1785211876.958531,15,245.65625,3638.25
1785211876.958531,15,247.3125,3626.0
1785211876.958531,15,248.953125,3668.0
1785211876.958531,15,250.59375,3654.75
1785211876.958531,15,255.484375,3890.25
1785211876.958531,15,257.140625,3852.5
1785211876.958531,15,258.765625,3814.5
1785211876.958531,15,260.40625,3802.5
1785211876.958531,15,262.0625,3799.5
1785211876.958531,15,263.71875,3787.0
1785211876.958531,15,265.328125,3778.75
1785211876.958531,15,266.96875,3752.0
1785211876.958531,15,268.609375,3734.0
1785211876.958531,15,270.28125,3749.5
1785211876.958531,15,271.90625,3754.5
1785211876.958531,15,273.546875,3762.0
1785211876.958531,15,275.171875,3776.0
1785211876.958531,15,276.828125,3783.25
1785211876.958531,15,278.453125,3786.5
1785211876.958531,15,280.109375,3783.0
1785211876.958531,15,281.734375,3785.0
1785211876.958531,15,285.0625,3563.25
1785211876.958531,15,290.015625,3206.0
1785211876.958531,15,291.640625,3229.5
1785211876.958531,15,293.296875,3257.75
1785211876.958531,15,294.9375,3304.0
1785211876.958531,15,296.5625,3347.5
1785211876.958531,15,298.1875,3384.25
1785211876.958531,15,299.875,3443.5
1785211876.958531,15,301.53125,3511.75
1785211876.958531,15,304.75,4097.25
1785211876.958531,15,316.3125,3761.25
1785211876.958531,15,317.953125,3718.0
1785211876.958531,15,319.59375,3672.75
1785211876.958531,8,321.25,3625.75
1785211876.958531,15,322.875,3569.0
1785211876.958531,15,324.546875,3524.75
1785211876.958531,15,326.1875,3508.5
1785211876.958531,15,327.84375,3496.75
1785211876.958531,15,329.484375,3483.5
1785211876.958531,15,331.125,3479.0
1785211876.958531,8,332.765625,3459.25
1785211876.958531,15,334.421875,3461.0
1785211876.958531,8,336.078125,3448.75
1785211876.958531,12,337.71875,3399.0
1785211876.958531,15,339.359375,3371.75
1785211876.958531,15,341.0,3351.25
1785211876.958531,15,342.671875,3326.5
1785211876.958531,15,344.328125,3296.5
1785211876.958531,15,347.578125,3488.0
1785211876.958531,15,349.234375,3506.0
1785211877.0702279,15,350.875,3512.75
1785211877.0702279,15,352.515625,3528.0
1785211877.0702279,12,354.15625,3547.5
1785211877.0702279,15,355.796875,3564.75
1785211877.0702279,10,357.4375,3564.25
1785211877.0702279,12,359.09375,3559.75
1785211877.0702279,15,0.734375,3573.0
1785211877.0702279,14,2.359375,3576.25
1785211877.0702279,12,4.0,3580.25
1785211877.0702279,15,5.65625,3618.0
1785211877.0702279,15,7.296875,3672.5
1785211877.0702279,15,8.9375,3733.5
1785211877.0702279,10,10.515625,3780.0
1785211877.0702279,12,12.171875,3817.5
1785211877.0702279,15,223.578125,5131.5
1785211877.0702279,15,225.21875,4985.75
1785211877.0702279,15,228.578125,3678.0
1785211877.0702279,15,230.203125,3685.75
1785211877.0702279,15,233.46875,4174.0
1785211877.0702279,15,236.765625,3973.5
1785211877.0702279,15,238.390625,3916.75
1785211877.0702279,15,240.046875,3847.25
1785211877.0702279,15,241.6875,3776.25
1785211877.0702279,15,243.328125,3719.5
1785211877.0702279,15,244.984375,3663.25
1785211877.0702279,15,246.609375,3604.0
1785211877.0702279,15,249.890625,3688.5
1785211877.0702279,15,251.578125,3676.75
1785211877.0702279,15,254.84375,3883.5
1785211877.0702279,15,256.515625,3865.0
1785211877.0702279,15,258.15625,3837.5
1785211877.0702279,15,259.796875,3813.0
1785211877.0702279,15,261.421875,3800.75
1785211877.0702279,15,263.0625,3794.0
1785211877.0702279,15,264.71875,3786.0
1785211877.0702279,15,266.359375,3757.75
1785211877.0702279,15,268.0,3740.5
1785211877.0702279,15,269.671875,3747.25
1785211877.0702279,15,271.296875,3744.5
1785211877.0702279,15,272.9375,3756.0
1785211877.0702279,15,274.53125,3767.75
1785211877.0702279,15,276.171875,3764.5
1785211877.0702279,15,277.796875,3772.25
1785211877.0702279,15,279.453125,3781.5
1785211877.0702279,15,281.0625,3798.5
1785211877.0702279,15,282.734375,3776.25
1785211877.0702279,15,286.03125,3517.0
1785211877.0702279,15,289.359375,3185.5
1785211877.0702279,15,290.984375,3211.0
1785211877.0702279,15,292.609375,3239.75
1785211877.0702279,15,294.234375,3280.75
1785211877.0702279,15,295.890625,3333.75
1785211877.0702279,15,297.515625,3380.25
1785211877.0702279,15,299.234375,3427.75
1785211877.0702279,15,300.875,3486.25
1785211877.0702279,15,304.09375,4064.25
1785211877.0702279,12,315.671875,3785.25
1785211877.0702279,14,317.3125,3726.25
1785211877.0702279,15,318.9375,3681.75
1785211877.0702279,15,320.609375,3641.75
1785211877.0702279,9,322.25,3591.75
1785211877.0702279,13,323.90625,3545.0
1785211877.0702279,15,325.546875,3516.25
1785211877.0702279,15,327.203125,3508.5
1785211877.0702279,15,328.84375,3511.0
1785211877.0702279,15,330.5,3499.0
1785211877.0702279,15,332.125,3477.0
1785211877.0702279,15,333.78125,3472.0
1785211877.0702279,15,335.421875,3458.5
1785211877.0702279,13,337.078125,3416.25
1785211877.0702279,15,338.734375,3383.75
1785211877.0702279,15,340.375,3359.75
1785211877.0702279,15,342.03125,3330.5
1785211877.0702279,15,343.671875,3302.5
1785211877.0702279,15,345.3125,3279.5
1785211877.0702279,15,348.59375,3469.75
1785211877.0702279,15,350.25,3502.25
1785211877.1817174,15,351.859375,3519.0
1785211877.1817174,15,353.53125,3538.25
1785211877.1817174,15,355.15625,3556.5
1785211877.1817174,15,356.8125,3560.5
1785211877.1817174,11,358.4375,3559.75
1785211877.1817174,15,0.09375,3560.25
1785211877.1817174,15,1.75,3563.5
1785211877.1817174,14,3.375,3574.25
1785211877.1817174,15,5.03125,3601.25
1785211877.1817174,15,6.671875,3649.0
1785211877.1817174,15,8.28125,3704.5
1785211877.1817174,10,9.9375,3755.75
1785211877.1817174,13,11.515625,3797.75
1785211877.1817174,15,221.203125,5382.5
1785211877.1817174,15,224.46875,5047.25
1785211877.1817174,15,227.875,3730.25
1785211877.1817174,15,229.515625,3678.5
1785211877.1817174,15,234.375,4113.25
1785211877.1817174,15,236.03125,4015.25
1785211877.1817174,15,237.671875,3943.75
1785211877.1817174,15,239.328125,3877.5
1785211877.1817174,15,240.984375,3804.25
1785211877.1817174,15,242.609375,3752.0
1785211877.1817174,15,244.25,3693.0
1785211877.1817174,15,245.921875,3625.75
1785211877.1817174,15,247.546875,3631.75
1785211877.1817174,15,249.15625,3670.25
1785211877.1817174,15,250.859375,3646.75
1785211877.1817174,15,254.109375,3852.5
1785211877.1817174,15,255.765625,3881.25
1785211877.1817174,15,257.421875,3843.25
1785211877.1817174,15,259.046875,3818.5
1785211877.1817174,15,260.6875,3804.0
1785211877.1817174,15,262.328125,3798.0
1785211877.1817174,15,263.96875,3787.0
1785211877.1817174,15,265.609375,3779.0
1785211877.1817174,15,267.25,3772.75
1785211877.1817174,15,268.90625,3754.25
1785211877.1817174,15,270.546875,3756.25
1785211877.1817174,15,272.1875,3763.25
1785211877.1817174,15,273.828125,3761.25
1785211877.1817174,15,275.4375,3773.0
1785211877.1817174,15,277.0625,3778.0
1785211877.1817174,15,278.71875,3779.5
1785211877.1817174,15,280.359375,3789.75
1785211877.1817174,15,281.96875,3800.0
1785211877.1817174,15,285.296875,3547.25
1785211877.1817174,15,290.234375,3208.75
1785211877.1817174,15,291.859375,3241.5
1785211877.1817174,15,293.484375,3269.25
1785211877.1817174,15,295.15625,3311.0
1785211877.1817174,15,296.78125,3355.75
1785211877.1817174,15,298.515625,3394.5
1785211877.1817174,15,300.140625,3456.0
1785211877.1817174,15,301.75,3519.5
1785211877.1817174,12,304.984375,4102.25
1785211877.1817174,15,316.5625,3765.75
1785211877.1817174,15,318.21875,3710.5
1785211877.1817174,15,319.859375,3654.75
1785211877.1817174,8,321.515625,3602.0
1785211877.1817174,12,323.1875,3559.25
1785211877.1817174,15,324.859375,3527.25
1785211877.1817174,15,326.5,3502.75
1785211877.1817174,15,328.15625,3492.0
1785211877.1817174,14,329.78125,3484.75
1785211877.1817174,15,331.4375,3480.0
1785211877.1817174,15,333.078125,3486.25
1785211877.1817174,15,334.734375,3482.0
1785211877.1817174,9,336.40625,3440.5
1785211877.1817174,12,338.03125,3394.75
1785211877.1817174,15,339.703125,3365.75
1785211877.1817174,15,341.359375,3344.0
1785211877.1817174,15,343.0,3326.25
1785211877.1817174,15,344.640625,3297.75
1785211877.1817174,15,347.921875,3476.5
1785211877.1817174,15,349.578125,3500.25
1785211877.294597,15,351.1875,3518.0
1785211877.294597,15,352.84375,3531.75
1785211877.294597,12,354.5,3545.25
1785211877.294597,15,356.140625,3559.0
1785211877.294597,15,357.796875,3562.0
1785211877.294597,14,359.4375,3561.0
1785211877.294597,13,1.078125,3562.75
1785211877.294597,15,2.734375,3568.5
1785211877.294597,10,4.359375,3586.5
1785211877.294597,15,6.0,3622.5
1785211877.294597,15,7.640625,3675.0
1785211877.294597,15,9.296875,3733.75
1785211877.294597,10,10.84375,3781.25
1785211877.294597,12,12.484375,3818.75
1785211877.294597,15,225.421875,4963.25
1785211877.294597,15,228.828125,3686.75
1785211877.294597,15,233.71875,4177.25
1785211877.294597,15,237.015625,3962.75
1785211877.294597,15,238.65625,3908.75
1785211877.294597,15,240.3125,3846.75
1785211877.294597,15,241.96875,3784.0
1785211877.294597,15,243.59375,3725.5
1785211877.294597,15,245.234375,3664.75
1785211877.294597,15,246.890625,3602.5
1785211877.294597,15,250.171875,3679.5
1785211877.294597,15,251.78125,3710.0
1785211877.294597,15,255.046875,3888.0
1785211877.294597,15,256.6875,3854.25
1785211877.294597,15,258.34375,3823.75
1785211877.294597,15,259.984375,3811.25
1785211877.294597,15,261.609375,3802.5
1785211877.294597,15,263.25,3795.5
1785211877.294597,15,264.890625,3787.0
1785211877.294597,15,266.546875,3770.5
1785211877.294597,15,268.171875,3754.0
1785211877.294597,15,269.828125,3746.5
1785211877.294597,15,271.46875,3746.75
1785211877.294597,15,273.078125,3754.25
1785211877.294597,15,274.671875,3763.25
1785211877.294597,15,276.296875,3774.0
1785211877.294597,15,277.953125,3784.5
1785211877.294597,15,279.5625,3790.25
1785211877.294597,15,281.203125,3800.0
1785211877.294597,15,286.15625,3496.25
1785211877.294597,15,289.46875,3189.5
1785211877.294597,15,291.078125,3213.0
1785211877.294597,15,292.734375,3243.75
1785211877.294597,15,294.34375,3290.5
1785211877.294597,15,295.953125,3338.5
1785211877.294597,15,297.609375,3374.5
1785211877.294597,15,299.34375,3419.0
1785211877.294597,15,300.96875,3479.0
1785211877.294597,15,304.203125,4068.0
1785211877.294597,14,315.75,3780.75
1785211877.294597,14,317.40625,3726.25
1785211877.294597,15,319.03125,3681.5
1785211877.294597,15,320.703125,3640.25
1785211877.294597,8,322.328125,3584.5
1785211877.294597,15,324.0625,3538.75
1785211877.294597,15,325.71875,3521.0
1785211877.294597,15,327.359375,3508.75
1785211877.294597,15,329.0,3505.75
1785211877.294597,15,330.65625,3493.75
1785211877.294597,15,332.296875,3466.75
1785211877.294597,15,333.9375,3464.75
1785211877.294597,10,335.609375,3448.25
1785211877.294597,8,337.25,3406.75
1785211877.294597,15,338.890625,3382.75
1785211877.294597,15,340.53125,3358.75
1785211877.294597,15,342.1875,3328.25
1785211877.294597,15,343.859375,3298.25
1785211877.294597,15,345.515625,3269.75
1785211877.294597,15,348.734375,3436.0
1785211877.294597,15,350.359375,3488.75
1785211877.4083714,15,352.0,3520.25
1785211877.4083714,15,353.640625,3536.75
1785211877.4083714,10,355.3125,3554.75
1785211877.4083714,15,356.9375,3561.0
1785211877.4083714,11,358.59375,3560.0
1785211877.4083714,15,0.234375,3560.75
1785211877.4083714,15,1.890625,3565.0
1785211877.4083714,12,3.5,3580.0
1785211877.4083714,12,5.15625,3605.75
1785211877.4083714,15,6.796875,3646.75
1785211877.4083714,15,8.4375,3705.0
1785211877.4083714,14,10.0625,3760.75
1785211877.4083714,11,11.640625,3801.25
1785211877.4083714,15,221.21875,5379.75
1785211877.4083714,15,224.515625,5042.75
1785211877.4083714,15,227.9375,3727.25
1785211877.4083714,15,229.5625,3677.75
1785211877.4083714,15,232.796875,4173.0
1785211877.4083714,15,234.4375,4115.0
1785211877.4083714,15,236.109375,4010.75
1785211877.4083714,15,237.734375,3935.0
1785211877.4083714,15,239.390625,3871.5
1785211877.4083714,15,241.046875,3801.0
1785211877.4083714,15,242.671875,3750.75
1785211877.4083714,15,244.328125,3691.25
1785211877.4083714,15,245.96875,3624.25
1785211877.4083714,15,247.609375,3631.25
1785211877.4083714,15,249.265625,3671.0
1785211877.4083714,15,250.875,3646.75
1785211877.4083714,15,254.09375,3853.5
1785211877.4083714,15,255.78125,3882.5
1785211877.4083714,15,257.390625,3845.25
1785211877.4083714,15,259.03125,3820.25
1785211877.4083714,15,260.6875,3804.75
1785211877.4083714,15,262.328125,3797.75
1785211877.4083714,15,263.953125,3788.5
1785211877.4083714,15,265.609375,3778.0
1785211877.4083714,15,267.234375,3766.75
1785211877.4083714,15,268.859375,3751.75
1785211877.4083714,15,270.53125,3756.25
1785211877.4083714,15,272.140625,3761.75
1785211877.4083714,15,273.796875,3759.0
1785211877.4083714,15,275.359375,3772.25
1785211877.4083714,15,277.015625,3777.75
1785211877.4083714,15,278.65625,3776.5
1785211877.4083714,15,280.296875,3788.75
1785211877.4083714,15,281.921875,3800.0
1785211877.4083714,15,285.21875,3560.0
1785211877.4083714,15,290.15625,3207.0
1785211877.4083714,15,291.796875,3238.5
1785211877.4083714,15,293.421875,3267.75
1785211877.4083714,15,295.0625,3309.5
1785211877.4083714,15,296.671875,3355.0
1785211877.4083714,15,298.421875,3393.5
1785211877.4083714,15,300.0625,3455.25
1785211877.4083714,15,301.703125,3519.25
1785211877.4083714,13,304.90625,4104.5
1785211877.4083714,13,316.453125,3761.75
1785211877.4083714,15,318.109375,3712.5
1785211877.4083714,15,319.75,3663.75
1785211877.4083714,9,321.40625,3608.0
1785211877.4083714,11,323.078125,3561.75
1785211877.4083714,15,324.71875,3528.75
1785211877.4083714,15,326.375,3504.25
1785211877.4083714,15,328.015625,3501.5
1785211877.4083714,15,329.671875,3491.0
1785211877.4083714,15,331.296875,3476.5
1785211877.4083714,9,332.953125,3457.5
1785211877.4083714,15,334.59375,3454.75
1785211877.4083714,7,336.234375,3435.75
1785211877.4083714,15,337.90625,3394.5
1785211877.4083714,15,339.53125,3372.0
1785211877.4083714,15,341.1875,3344.25
1785211877.4083714,15,342.84375,3320.5
1785211877.4083714,15,344.484375,3295.5
1785211877.4083714,15,347.71875,3470.75
1785211877.4083714,15,349.375,3510.0
1785211877.5189748,15,351.015625,3522.25
1785211877.5189748,15,352.671875,3531.75
1785211877.5189748,15,354.296875,3547.5
1785211877.5189748,15,355.921875,3568.25
1785211877.5189748,15,357.5625,3566.75
1785211877.5189748,15,359.234375,3558.75
1785211877.5189748,15,0.859375,3559.5
1785211877.5189748,15,2.5,3570.25
1785211877.5189748,13,4.15625,3589.5
1785211877.5189748,15,5.765625,3621.25
1785211877.5189748,15,7.4375,3670.25
1785211877.5189748,15,9.046875,3728.75
1785211877.5189748,14,10.65625,3780.75
1785211877.5189748,15,12.296875,3827.75
1785211877.5189748,15,223.421875,5131.75
1785211877.5189748,15,225.078125,4988.5
1785211877.5189748,15,228.453125,3698.0
1785211877.5189748,15,230.09375,3691.0
1785211877.5189748,15,234.984375,4082.5
1785211877.5189748,15,236.59375,3984.25
1785211877.5189748,15,238.25,3917.0
1785211877.5189748,15,239.90625,3850.25
1785211877.5189748,15,241.53125,3778.75
1785211877.5189748,15,243.1875,3725.75
1785211877.5189748,15,244.8125,3670.25
1785211877.5189748,15,246.46875,3605.75
1785211877.5189748,15,249.734375,3699.5
1785211877.5189748,15,251.34375,3671.25
1785211877.5189748,15,254.609375,3862.25
1785211877.5189748,15,256.25,3870.25
1785211877.5189748,15,257.875,3837.75
1785211877.5189748,15,259.515625,3815.0
1785211877.5189748,15,261.15625,3799.25
1785211877.5189748,15,262.796875,3791.0
1785211877.5189748,15,264.4375,3782.0
1785211877.5189748,15,266.09375,3776.25
1785211877.5189748,15,267.703125,3766.75
1785211877.5189748,15,269.359375,3759.0
1785211877.5189748,15,270.96875,3755.0
1785211877.5189748,15,272.640625,3757.0
1785211877.5189748,15,274.265625,3755.5
1785211877.5189748,15,275.890625,3761.5
1785211877.5189748,15,277.515625,3773.75
1785211877.5189748,15,279.15625,3780.75
1785211877.5189748,15,280.78125,3790.5
1785211877.5189748,15,282.421875,3815.25
1785211877.5189748,15,285.71875,3510.25
1785211877.5189748,15,289.03125,3207.75
1785211877.5189748,15,290.640625,3212.25
1785211877.5189748,15,292.28125,3240.5
1785211877.5189748,15,293.921875,3277.5
1785211877.5189748,15,295.53125,3328.75
1785211877.5189748,15,297.171875,3370.25
1785211877.5189748,15,298.921875,3408.0
1785211877.5189748,15,300.5625,3460.25
1785211877.5189748,15,303.78125,4047.5
1785211877.5189748,8,305.421875,4104.75
1785211877.5189748,12,315.328125,3805.25
1785211877.5189748,15,316.953125,3740.25
1785211877.5189748,15,318.625,3697.5
1785211877.5189748,15,320.28125,3646.5
1785211877.5189748,11,321.921875,3595.75
1785211877.5189748,14,323.5625,3550.25
1785211877.5189748,15,325.21875,3509.5
1785211877.5189748,15,326.859375,3494.0
1785211877.5189748,15,328.5,3490.5
1785211877.5189748,15,330.140625,3480.5
1785211877.5189748,15,331.796875,3477.0
1785211877.5189748,12,333.4375,3477.0
1785211877.5189748,15,335.0625,3467.0
1785211877.5189748,7,336.75,3437.75
1785211877.5189748,15,338.375,3400.75
1785211877.5189748,15,340.03125,3365.25
1785211877.5189748,15,341.65625,3334.5
1785211877.5189748,15,343.328125,3308.0
1785211877.5189748,15,344.96875,3284.25
1785211877.5189748,15,348.15625,3478.75
1785211877.5189748,15,349.796875,3508.25
1785211877.6316376,15,351.4375,3522.75
1785211877.6316376,15,353.078125,3530.25
1785211877.6316376,15,354.71875,3546.75
1785211877.6316376,15,356.359375,3562.25
1785211877.6316376,14,358.0,3563.75
1785211877.6316376,15,359.640625,3562.25
1785211877.6316376,15,1.28125,3564.0
1785211877.6316376,14,2.921875,3568.25
1785211877.6316376,12,4.5625,3589.5
1785211877.6316376,15,6.203125,3631.0
1785211877.6316376,15,7.796875,3687.0
1785211877.6316376,11,9.453125,3747.5
1785211877.6316376,10,11.109375,3793.5
1785211877.6316376,15,12.734375,3837.25
1785211877.6316376,15,220.65625,5443.75
1785211877.6316376,15,225.609375,4955.0
1785211877.6316376,15,228.9375,3684.0
1785211877.6316376,15,235.4375,4049.0
1785211877.6316376,15,237.078125,3964.25
1785211877.6316376,15,238.71875,3909.25
1785211877.6316376,15,240.375,3847.5
1785211877.6316376,15,242.015625,3782.5
1785211877.6316376,15,243.640625,3722.75
1785211877.6316376,15,245.296875,3659.25
1785211877.6316376,15,246.9375,3596.0
1785211877.6316376,15,250.1875,3678.5
1785211877.6316376,15,255.109375,3890.0
1785211877.6316376,15,256.75,3854.75
1785211877.6316376,15,258.375,3823.25
1785211877.6316376,15,260.0,3810.25
1785211877.6316376,15,261.640625,3802.0
1785211877.6316376,15,263.28125,3791.5
1785211877.6316376,15,264.9375,3783.25
1785211877.6316376,15,266.5625,3771.5
1785211877.6316376,15,268.203125,3754.25
1785211877.6316376,15,269.828125,3743.0
1785211877.6316376,15,271.5,3743.25
1785211877.6316376,15,273.125,3755.75
1785211877.6316376,15,274.75,3766.75
1785211877.6316376,15,276.40625,3774.5
1785211877.6316376,15,278.015625,3783.5
1785211877.6316376,15,279.671875,3786.75
1785211877.6316376,15,281.3125,3795.0
1785211877.6316376,15,284.609375,3567.0
1785211877.6316376,15,286.25,3473.25
1785211877.6316376,15,289.5625,3193.75
1785211877.6316376,15,291.203125,3213.25
1785211877.6316376,15,292.8125,3246.25
1785211877.6316376,15,294.46875,3294.0
1785211877.6316376,15,296.09375,3340.75
1785211877.6316376,15,297.71875,3379.0
1785211877.6316376,15,299.453125,3421.5
1785211877.6316376,15,301.109375,3477.5
1785211877.6316376,15,304.296875,4078.75
1785211877.6316376,14,315.859375,3774.75
1785211877.6316376,15,317.515625,3720.0
1785211877.6316376,15,319.15625,3678.75
1785211877.6316376,14,320.8125,3637.25
1785211877.6316376,9,322.453125,3584.75
1785211877.6316376,15,324.09375,3540.25
1785211877.6316376,15,325.734375,3520.5
1785211877.6316376,15,327.390625,3508.5
1785211877.6316376,15,329.015625,3495.25
1785211877.6316376,15,330.671875,3483.0
1785211877.6316376,15,332.328125,3467.75
1785211877.6316376,15,333.953125,3464.0
1785211877.6316376,7,335.609375,3448.0
1785211877.6316376,10,337.265625,3408.5
1785211877.6316376,15,338.890625,3383.25
1785211877.6316376,15,340.5625,3360.25
1785211877.6316376,15,342.203125,3331.0
1785211877.6316376,15,343.84375,3299.5
1785211877.6316376,15,345.484375,3288.75
1785211877.6316376,15,348.765625,3464.25
1785211877.6316376,15,350.390625,3492.0
1785211877.744902,15,352.015625,3519.75
1785211877.744902,15,353.6875,3541.5
1785211877.744902,15,355.296875,3560.0
1785211877.744902,12,356.9375,3561.5
1785211877.744902,12,358.59375,3561.0
1785211877.744902,15,0.25,3561.5
1785211877.744902,14,1.875,3565.75
1785211877.744902,12,3.515625,3579.25
1785211877.744902,15,5.171875,3606.25
1785211877.744902,15,6.8125,3648.75
1785211877.744902,15,8.4375,3705.0
1785211877.744902,14,10.078125,3759.5
1785211877.744902,9,11.671875,3801.5
1785211877.744902,15,224.703125,5021.5
1785211877.744902,15,228.0625,3663.5
1785211877.744902,15,232.921875,4191.5
1785211877.744902,15,234.578125,4104.75
1785211877.744902,15,236.21875,4006.25
1785211877.744902,15,237.859375,3935.75
1785211877.744902,15,239.5,3874.0
1785211877.744902,15,241.15625,3798.25
1785211877.744902,15,242.78125,3743.75
1785211877.744902,15,244.4375,3686.0
1785211877.744902,15,246.078125,3613.25
1785211877.744902,15,247.6875,3630.0
1785211877.744902,15,249.34375,3678.75
1785211877.744902,15,251.015625,3646.0
1785211877.744902,15,254.28125,3851.0
1785211877.744902,15,255.90625,3880.0
1785211877.744902,15,257.546875,3846.75
1785211877.744902,15,259.1875,3824.5
1785211877.744902,15,260.828125,3812.5
1785211877.744902,15,262.46875,3800.5
1785211877.744902,15,264.109375,3786.75
1785211877.744902,15,265.75,3779.75
1785211877.744902,15,267.40625,3771.75
1785211877.744902,15,269.03125,3756.75
1785211877.744902,15,270.671875,3758.0
1785211877.744902,15,272.3125,3766.5
1785211877.744902,15,273.9375,3770.75
1785211877.744902,15,275.578125,3777.75
1785211877.744902,15,277.21875,3772.5
1785211877.744902,15,278.859375,3778.25
1785211877.744902,15,280.484375,3793.75
1785211877.744902,15,282.125,3807.0
1785211877.744902,15,288.765625,3230.75
1785211877.744902,15,290.390625,3208.0
1785211877.744902,15,292.015625,3237.0
1785211877.744902,15,293.640625,3271.25
1785211877.744902,15,295.28125,3317.25
1785211877.744902,15,296.9375,3357.25
1785211877.744902,15,298.640625,3392.25
1785211877.744902,15,300.28125,3447.5
1785211877.744902,8,305.125,4111.75
1785211877.744902,15,316.6875,3758.75
1785211877.744902,15,318.328125,3713.25
1785211877.744902,15,319.984375,3656.0
1785211877.744902,7,321.609375,3603.75
1785211877.744902,14,323.28125,3559.5
1785211877.744902,14,324.9375,3522.25
1785211877.744902,15,326.59375,3498.5
1785211877.744902,15,328.234375,3492.75
1785211877.744902,15,329.875,3486.75
1785211877.744902,15,331.515625,3482.75
1785211877.744902,15,333.171875,3474.25
1785211877.744902,15,334.828125,3465.75
1785211877.744902,6,336.484375,3439.5
1785211877.744902,14,338.109375,3395.75
1785211877.744902,15,339.765625,3366.0
1785211877.744902,15,341.4375,3345.0
1785211877.744902,15,343.0625,3316.5
1785211877.744902,15,344.734375,3294.5
1785211877.744902,15,348.0,3473.75
1785211877.744902,15,349.625,3501.75
1785211877.8566911,15,351.296875,3518.75
1785211877.8566911,15,352.9375,3533.0
1785211877.8566911,11,354.578125,3547.25
1785211877.8566911,15,356.21875,3559.75
1785211877.8566911,11,357.859375,3562.5
1785211877.8566911,12,359.515625,3561.5
1785211877.8566911,13,1.15625,3561.75
1785211877.8566911,13,2.796875,3568.75
1785211877.8566911,8,4.453125,3588.5
1785211877.8566911,15,6.078125,3628.5
1785211877.8566911,15,7.71875,3684.5
1785211877.8566911,15,9.359375,3747.0
1785211877.8566911,12,10.953125,3792.5
1785211877.8566911,15,12.578125,3834.5
1785211877.8566911,15,220.90625,5402.75
1785211877.8566911,15,224.203125,5083.75
1785211877.8566911,15,227.546875,3739.0
1785211877.8566911,15,229.1875,3688.25
1785211877.8566911,15,235.703125,4037.75
1785211877.8566911,15,237.375,3954.25
1785211877.8566911,15,239.015625,3896.0
1785211877.8566911,15,240.65625,3811.75
1785211877.8566911,15,242.296875,3749.5
1785211877.8566911,15,243.953125,3707.5
1785211877.8566911,15,245.59375,3633.75
1785211877.8566911,15,247.234375,3604.75
1785211877.8566911,15,248.859375,3652.0
1785211877.8566911,15,250.546875,3657.0
1785211877.8566911,15,252.1875,3677.0
1785211877.8566911,15,255.4375,3891.25
1785211877.8566911,15,257.09375,3853.25
1785211877.8566911,15,258.734375,3815.0
1785211877.8566911,15,260.390625,3800.75
1785211877.8566911,15,262.03125,3797.25
1785211877.8566911,15,263.65625,3786.75
1785211877.8566911,15,265.296875,3779.5
1785211877.8566911,15,266.96875,3755.0
1785211877.8566911,15,268.59375,3738.5
1785211877.8566911,15,270.21875,3753.5
1785211877.8566911,15,271.890625,3756.5
1785211877.8566911,15,273.53125,3754.75
1785211877.8566911,15,275.109375,3765.25
1785211877.8566911,15,276.734375,3779.25
1785211877.8566911,15,278.375,3781.25
1785211877.8566911,15,280.015625,3784.75
1785211877.8566911,15,281.65625,3791.0
1785211877.8566911,15,284.96875,3561.5
1785211877.8566911,15,289.921875,3202.0
1785211877.8566911,15,291.546875,3227.75
1785211877.8566911,15,293.15625,3261.5
1785211877.8566911,15,294.8125,3308.25
1785211877.8566911,15,296.453125,3349.75
1785211877.8566911,15,298.078125,3385.25
1785211877.8566911,15,299.796875,3438.0
1785211877.8566911,15,301.4375,3499.75
1785211877.8566911,15,304.65625,4090.0
1785211877.8566911,12,316.203125,3769.25
1785211877.8566911,15,317.84375,3721.0
1785211877.8566911,15,319.5,3674.5
1785211877.8566911,7,321.125,3625.25
1785211877.8566911,9,322.8125,3573.25
1785211877.8566911,15,324.453125,3531.75
1785211877.8566911,15,326.09375,3508.25
1785211877.8566911,15,327.75,3496.5
1785211877.8566911,15,329.390625,3484.25
1785211877.8566911,15,331.046875,3478.5
1785211877.8566911,15,332.703125,3461.25
1785211877.8566911,15,334.359375,3458.5
1785211877.8566911,15,335.984375,3449.0
1785211877.8566911,10,337.640625,3406.5
1785211877.8566911,15,339.296875,3374.5
1785211877.8566911,15,340.953125,3350.25
1785211877.8566911,15,342.59375,3325.5
1785211877.8566911,15,344.234375,3296.0
1785211877.8566911,10,345.875,3313.25
1785211877.8566911,15,349.171875,3479.75
1785211877.96813,15,350.796875,3512.0
1785211877.96813,15,352.453125,3527.5
1785211877.96813,11,354.109375,3546.75
1785211877.96813,15,355.765625,3564.0
1785211877.96813,11,357.390625,3563.75
1785211877.96813,11,359.0625,3560.5
1785211877.96813,13,0.6875,3559.75
1785211877.96813,15,2.34375,3562.25
1785211877.96813,10,3.984375,3578.75
1785211877.96813,15,5.640625,3615.75
1785211877.96813,15,7.265625,3673.0
1785211877.96813,15,8.921875,3734.25
1785211877.96813,15,10.46875,3779.75
1785211877.96813,15,12.109375,3819.25
1785211877.96813,15,220.375,5460.0
1785211877.96813,15,223.6875,5120.0
1785211877.96813,15,225.3125,4983.5
1785211877.96813,15,228.703125,3674.5
1785211877.96813,15,230.3125,3682.0
1785211877.96813,15,233.5625,4155.5
1785211877.96813,15,236.859375,3966.5
1785211877.96813,15,238.5,3910.5
1785211877.96813,15,240.171875,3844.0
1785211877.96813,15,241.796875,3776.25
1785211877.96813,15,243.453125,3720.25
1785211877.96813,15,245.125,3663.5
1785211877.96813,15,246.765625,3601.25
1785211877.96813,15,250.03125,3677.0
1785211877.96813,15,251.671875,3672.25
1785211877.96813,15,254.9375,3884.25
1785211877.96813,15,256.578125,3864.75
1785211877.96813,15,258.203125,3837.75
1785211877.96813,15,259.875,3815.25
1785211877.96813,15,261.515625,3801.75
1785211877.96813,15,263.140625,3796.5
1785211877.96813,15,264.78125,3789.0
1785211877.96813,15,266.4375,3759.0
1785211877.96813,15,268.0625,3742.5
1785211877.96813,15,269.71875,3749.5
1785211877.96813,15,271.359375,3746.5
1785211877.96813,15,273.0,3757.25
1785211877.96813,15,274.5625,3768.0
1785211877.96813,15,276.234375,3765.0
1785211877.96813,15,277.859375,3774.0
1785211877.96813,15,279.484375,3788.75
1785211877.96813,15,281.125,3801.0
1785211877.96813,15,286.0625,3499.0
1785211877.96813,15,289.390625,3186.75
1785211877.96813,15,291.015625,3211.5
1785211877.96813,15,292.640625,3241.5
1785211877.96813,15,294.28125,3283.5
1785211877.96813,15,295.90625,3334.5
1785211877.96813,15,297.53125,3374.75
1785211877.96813,15,299.25,3423.0
1785211877.96813,15,300.875,3487.25
1785211877.96813,15,304.109375,4060.5
1785211877.96813,12,315.625,3784.0
1785211877.96813,11,317.3125,3725.25
1785211877.96813,15,318.9375,3682.5
1785211877.96813,8,320.578125,3638.25
1785211877.96813,7,322.234375,3588.25
1785211877.96813,13,323.9375,3545.0
1785211877.96813,15,325.578125,3517.5
1785211877.96813,15,327.21875,3506.25
1785211877.96813,15,328.875,3506.5
1785211877.96813,15,330.546875,3497.75
1785211877.96813,13,332.171875,3477.25
1785211877.96813,15,333.8125,3474.25
1785211877.96813,15,335.46875,3478.75
1785211877.96813,9,337.109375,3434.5
1785211877.96813,15,338.75,3382.75
1785211877.96813,15,340.4375,3359.0
1785211877.96813,15,342.0625,3333.0
1785211877.96813,15,343.703125,3303.75
1785211877.96813,15,345.359375,3279.5
1785211877.96813,15,348.609375,3470.75
1785211877.96813,15,350.234375,3503.75
1785211878.193538,15,351.125,3518.25
1785211878.193538,15,352.75,3528.25
1785211878.193538,10,354.375,3544.75
1785211878.193538,15,356.015625,3561.75
1785211878.193538,12,357.65625,3561.75
1785211878.193538,11,359.3125,3560.5
1785211878.193538,13,0.96875,3561.5
1785211878.193538,11,2.609375,3571.25
1785211878.193538,10,4.234375,3588.5
1785211878.193538,15,5.859375,3621.75
1785211878.193538,15,7.515625,3676.5
1785211878.193538,15,9.140625,3734.5
1785211878.193538,12,10.734375,3781.25
1785211878.193538,9,12.359375,3818.25
1785211878.193538,15,220.4375,5463.75
1785211878.193538,15,223.71875,5121.0
1785211878.193538,15,225.375,4979.0
1785211878.193538,15,228.8125,3686.75
1785211878.193538,15,233.703125,4185.0
1785211878.193538,15,237.015625,3968.5
1785211878.193538,15,238.65625,3908.25
1785211878.193538,15,240.3125,3846.5
1785211878.193538,15,241.953125,3783.25
1785211878.193538,15,243.609375,3725.0
1785211878.193538,15,245.25,3663.5
1785211878.193538,15,246.890625,3599.0
1785211878.193538,15,250.171875,3679.5
1785211878.193538,15,251.796875,3707.0
1785211878.193538,15,255.078125,3890.25
1785211878.193538,15,256.703125,3854.0
1785211878.193538,15,258.359375,3824.75
1785211878.193538,15,259.984375,3811.25
1785211878.193538,15,261.625,3801.75
1785211878.193538,15,263.265625,3796.0
1785211878.193538,15,264.90625,3790.0
1785211878.193538,15,266.578125,3770.25
1785211878.193538,15,268.1875,3750.0
1785211878.193538,15,269.84375,3743.0
1785211878.193538,15,271.484375,3746.5
1785211878.193538,15,273.125,3756.0
1785211878.193538,15,274.734375,3763.75
1785211878.193538,15,276.375,3772.5
1785211878.193538,15,278.0,3783.5
1785211878.193538,15,279.625,3790.0
1785211878.193538,15,281.28125,3796.0
1785211878.193538,15,282.9375,3742.25
1785211878.193538,15,286.234375,3504.75
1785211878.193538,15,289.546875,3193.25
1785211878.193538,15,291.1875,3215.0
1785211878.193538,15,292.796875,3248.25
1785211878.193538,15,294.46875,3293.5
1785211878.193538,15,296.078125,3340.0
1785211878.193538,15,297.703125,3379.75
1785211878.193538,15,299.40625,3423.25
1785211878.193538,15,301.0625,3478.75
1785211878.193538,12,312.546875,3632.5
1785211878.193538,7,314.1875,3574.0
1785211878.193538,12,315.8125,3524.75
1785211878.193538,15,317.453125,3497.5
1785211878.193538,15,319.125,3468.0
1785211878.193538,7,320.765625,3424.5
1785211878.193538,5,322.453125,3400.75
1785211878.193538,11,324.09375,3381.0
1785211878.193538,15,325.71875,3351.25
1785211878.193538,9,327.375,3348.75
1785211878.193538,9,329.03125,3356.5
1785211878.193538,15,330.671875,3353.5
1785211878.193538,8,332.296875,3359.75
1785211878.193538,7,333.953125,3377.0
1785211878.193538,15,335.609375,3363.75
1785211878.193538,15,337.21875,3364.0
1785211878.193538,15,338.875,3380.75
1785211878.193538,15,340.515625,3359.75
1785211878.193538,15,342.171875,3358.0
1785211878.193538,15,343.828125,3353.25
1785211878.193538,15,347.046875,3529.0
1785211878.193538,11,348.703125,3547.0
1785211878.193538,12,350.34375,3557.75
1785211878.305836,10,351.984375,3561.75
1785211878.305836,10,353.625,3576.5
1785211878.305836,15,355.265625,3610.5
1785211878.305836,15,356.90625,3644.25
1785211878.305836,15,358.515625,3657.75
1785211878.305836,15,0.1875,3671.0
1785211878.305836,15,1.8125,3679.75
1785211878.305836,15,3.46875,3690.5
1785211878.305836,15,5.078125,3718.75
1785211878.305836,15,6.75,3752.0
1785211878.305836,15,8.375,3790.0
1785211878.305836,15,10.0,3836.0
1785211878.305836,15,11.515625,3876.5
1785211878.305836,15,220.859375,5434.75
1785211878.305836,15,224.15625,5088.25
1785211878.305836,15,225.8125,4959.25
1785211878.305836,15,229.1875,3690.0
1785211878.305836,15,232.546875,3201.75
1785211878.305836,15,235.71875,4044.75
1785211878.305836,15,237.359375,3957.75
1785211878.305836,15,239.0,3922.25
1785211878.305836,15,240.640625,3864.25
1785211878.305836,15,242.3125,3777.0
1785211878.305836,15,243.921875,3729.25
1785211878.305836,15,245.5625,3688.25
1785211878.305836,15,247.203125,3640.0
1785211878.305836,15,248.828125,3673.0
1785211878.305836,15,250.46875,3699.75
1785211878.305836,15,252.0625,3729.75
1785211878.305836,15,255.34375,3893.25
1785211878.305836,15,256.96875,3883.5
1785211878.305836,15,258.609375,3848.0
1785211878.305836,15,260.25,3803.75
1785211878.305836,15,261.890625,3798.5
1785211878.305836,15,263.515625,3791.5
1785211878.305836,15,265.15625,3782.5
1785211878.305836,15,266.796875,3772.0
1785211878.305836,15,268.421875,3767.5
1785211878.305836,15,270.0625,3773.0
1785211878.305836,15,271.71875,3771.25
1785211878.305836,15,273.34375,3762.5
1785211878.305836,15,274.96875,3767.5
1785211878.305836,15,276.625,3782.75
1785211878.305836,15,278.265625,3785.25
1785211878.305836,15,279.890625,3786.75
1785211878.305836,15,281.515625,3803.75
1785211878.305836,15,284.84375,3599.75
1785211878.305836,15,289.78125,3213.0
1785211878.305836,15,291.40625,3256.0
1785211878.305836,15,293.03125,3297.25
1785211878.305836,15,294.671875,3332.0
1785211878.305836,15,296.296875,3355.5
1785211878.305836,15,297.90625,3411.0
1785211878.305836,15,299.671875,3478.75
1785211878.305836,15,301.296875,3534.25
1785211878.305836,15,312.796875,3618.75
1785211878.305836,12,314.4375,3668.75
1785211878.305836,15,316.109375,3656.0
1785211878.305836,14,317.71875,3625.0
1785211878.305836,7,319.375,3580.5
1785211878.305836,15,321.03125,3537.75
1785211878.305836,15,322.671875,3496.0
1785211878.305836,15,324.328125,3460.5
1785211878.305836,15,325.984375,3438.5
1785211878.305836,7,327.625,3413.75
1785211878.305836,9,329.265625,3403.75
1785211878.305836,9,330.921875,3390.0
1785211878.305836,4,332.5625,3373.0
1785211878.305836,15,334.21875,3365.0
1785211878.305836,6,335.859375,3354.25
1785211878.305836,8,337.484375,3355.0
1785211878.305836,15,339.15625,3337.0
1785211878.305836,15,340.796875,3312.75
1785211878.305836,15,342.453125,3296.0
1785211878.305836,15,344.078125,3273.25
1785211878.305836,15,345.71875,3246.75
1785211878.305836,15,347.3125,3218.25
1785211878.305836,15,348.921875,3188.25
1785211878.4175334,12,350.578125,3178.75
1785211878.4175334,11,352.203125,3212.25
1785211878.4175334,15,353.84375,3282.5
1785211878.4175334,9,355.46875,3341.25
1785211878.4175334,6,357.109375,3362.5
1785211878.4175334,13,358.734375,3369.25
1785211878.4175334,15,10.15625,3664.25
1785211878.4175334,15,11.78125,3699.0
1785211878.4175334,15,224.421875,5110.75
1785211878.4175334,15,226.0625,4980.0
1785211878.4175334,15,229.421875,3724.25
1785211878.4175334,15,232.75,3206.25
1785211878.4175334,15,235.90625,4093.0
1785211878.4175334,15,237.5625,4008.0
1785211878.4175334,15,239.203125,3936.5
1785211878.4175334,15,240.84375,3878.25
1785211878.4175334,15,242.46875,3812.25
1785211878.4175334,15,244.109375,3764.25
1785211878.4175334,15,245.78125,3712.5
1785211878.4175334,15,247.390625,3668.25
1785211878.4175334,15,249.03125,3704.75
1785211878.4175334,15,250.6875,3731.0
1785211878.4175334,15,252.296875,3763.0
1785211878.4175334,15,255.578125,3943.75
1785211878.4175334,15,257.21875,3918.25
1785211878.4175334,15,258.84375,3893.5
1785211878.4175334,15,260.484375,3862.75
1785211878.4175334,15,262.125,3839.0
1785211878.4175334,15,263.765625,3834.0
1785211878.4175334,15,265.421875,3807.0
1785211878.4175334,15,267.046875,3800.0
1785211878.4175334,15,268.6875,3812.75
1785211878.4175334,15,270.328125,3815.0
1785211878.4175334,15,271.9375,3820.0
1785211878.4175334,15,273.59375,3818.75
1785211878.4175334,15,275.234375,3801.5
1785211878.4175334,15,276.890625,3788.5
1785211878.4175334,15,278.515625,3819.5
1785211878.4175334,15,280.15625,3844.5
1785211878.4175334,15,281.796875,3860.75
1785211878.4175334,15,285.109375,3594.25
1785211878.4175334,15,288.40625,3276.5
1785211878.4175334,15,290.03125,3268.5
1785211878.4175334,15,291.671875,3308.75
1785211878.4175334,15,293.296875,3353.0
1785211878.4175334,15,294.9375,3383.25
1785211878.4175334,15,296.5625,3428.75
1785211878.4175334,15,298.21875,3483.75
1785211878.4175334,15,299.90625,3542.0
1785211878.4175334,14,303.15625,4110.0
1785211878.4175334,10,313.03125,3743.5
1785211878.4175334,15,314.703125,3695.75
1785211878.4175334,15,316.328125,3676.5
1785211878.4175334,7,317.984375,3629.25
1785211878.4175334,10,319.625,3576.75
1785211878.4175334,15,321.28125,3541.25
1785211878.4175334,15,322.953125,3507.0
1785211878.4175334,15,324.578125,3473.25
1785211878.4175334,15,326.234375,3459.5
1785211878.4175334,15,327.875,3455.0
1785211878.4175334,15,329.53125,3461.5
1785211878.4175334,3,331.203125,3437.75
1785211878.4175334,15,332.84375,3416.25
1785211878.4175334,6,334.453125,3405.0
1785211878.4175334,9,336.109375,3394.75
1785211878.4175334,15,337.765625,3396.0
1785211878.4175334,15,339.421875,3371.5
1785211878.4175334,15,341.046875,3347.5
1785211878.4175334,15,342.703125,3320.0
1785211878.4175334,15,344.359375,3294.5
1785211878.4175334,8,345.984375,3299.5
1785211878.4175334,15,349.234375,3462.25
1785211878.5318053,15,350.859375,3495.0
1785211878.5318053,15,352.484375,3526.25
1785211878.5318053,15,354.15625,3543.5
1785211878.5318053,15,355.78125,3541.25
1785211878.5318053,15,357.40625,3526.25
1785211878.5318053,15,359.0625,3527.0
1785211878.5318053,15,0.71875,3541.0
1785211878.5318053,15,2.34375,3545.75
1785211878.5318053,9,3.984375,3561.75
1785211878.5318053,15,10.78125,662.25
1785211878.5318053,15,221.71875,5429.25
1785211878.5318053,15,225.015625,5097.25
1785211878.5318053,15,228.34375,3786.75
1785211878.5318053,15,229.984375,3731.5
1785211878.5318053,15,233.203125,4270.75
1785211878.5318053,15,234.875,4196.5
1785211878.5318053,15,236.5,4102.25
1785211878.5318053,15,238.15625,4011.75
1785211878.5318053,15,239.78125,3942.5
1785211878.5318053,15,241.421875,3895.0
1785211878.5318053,15,243.046875,3836.5
1785211878.5318053,15,244.703125,3773.25
1785211878.5318053,15,246.34375,3723.5
1785211878.5318053,15,247.984375,3745.0
1785211878.5318053,15,249.609375,3787.75
1785211878.5318053,15,251.296875,3763.75
1785211878.5318053,15,254.546875,3964.5
1785211878.5318053,15,256.1875,3960.75
1785211878.5318053,15,257.8125,3934.25
1785211878.5318053,15,259.484375,3905.5
1785211878.5318053,15,261.125,3881.0
1785211878.5318053,15,262.75,3861.25
1785211878.5318053,15,264.390625,3849.75
1785211878.5318053,15,266.046875,3837.5
1785211878.5318053,15,267.671875,3836.25
1785211878.5318053,15,269.328125,3831.5
1785211878.5318053,15,270.953125,3816.25
1785211878.5318053,15,272.5625,3817.75
1785211878.5318053,15,274.203125,3832.25
1785211878.5318053,15,275.828125,3845.0
1785211878.5318053,15,277.453125,3853.75
1785211878.5318053,15,279.09375,3867.75
1785211878.5318053,15,280.703125,3894.5
1785211878.5318053,15,285.671875,3557.25
1785211878.5318053,15,288.9375,3291.0
1785211878.5318053,15,290.609375,3338.5
1785211878.5318053,15,292.234375,3365.75
1785211878.5318053,15,293.859375,3399.5
1785211878.5318053,15,295.5,3451.0
1785211878.5318053,15,297.125,3502.0
1785211878.5318053,15,298.8125,3554.25
1785211878.5318053,15,300.453125,3620.0
1785211878.5318053,6,313.546875,3814.5
1785211878.5318053,13,315.1875,3767.0
1785211878.5318053,15,316.84375,3711.25
1785211878.5318053,15,318.484375,3658.25
1785211878.5318053,10,320.15625,3608.25
1785211878.5318053,10,321.796875,3552.25
1785211878.5318053,15,323.453125,3527.0
1785211878.5318053,15,325.09375,3522.75
1785211878.5318053,15,326.734375,3505.75
1785211878.5318053,15,328.375,3490.25
1785211878.5318053,15,330.015625,3487.0
1785211878.5318053,15,331.671875,3483.75
1785211878.5318053,15,333.328125,3442.5
1785211878.5318053,10,334.953125,3403.0
1785211878.5318053,14,336.59375,3409.25
1785211878.5318053,15,338.265625,3397.25
1785211878.5318053,15,339.890625,3365.5
1785211878.5318053,13,341.5625,3336.75
1785211878.5318053,15,343.1875,3289.5
1785211878.5318053,15,344.828125,3251.0
1785211878.5318053,15,346.515625,3233.0
1785211878.5318053,15,348.15625,3208.5
1785211878.642819,6,351.421875,3374.5
1785211878.642819,7,353.0625,3391.25
1785211878.642819,7,354.6875,3416.25
1785211878.642819,4,356.359375,3410.0
1785211878.642819,7,357.984375,3409.25
1785211878.642819,15,6.375,670.25
1785211878.642819,14,205.84375,8534.5
1785211878.642819,15,223.953125,5223.25
1785211878.642819,15,225.59375,5085.0
1785211878.642819,15,228.96875,3811.25
1785211878.642819,15,230.578125,3799.25
1785211878.642819,15,233.84375,4274.75
1785211878.642819,15,235.46875,4176.75
1785211878.642819,15,237.125,4103.75
1785211878.642819,15,238.765625,4017.75
1785211878.642819,15,240.40625,3950.0
1785211878.642819,15,242.0625,3898.5
1785211878.642819,15,243.6875,3834.5
1785211878.642819,15,245.328125,3784.25
1785211878.642819,15,246.96875,3734.75
1785211878.642819,15,248.59375,3761.75
1785211878.642819,15,250.25,3805.0
1785211878.642819,15,251.9375,3825.0
1785211878.642819,15,255.1875,3997.25
1785211878.642819,15,256.828125,3969.75
1785211878.642819,15,258.5,3956.0
1785211878.642819,15,260.140625,3943.75
1785211878.642819,15,261.75,3924.25
1785211878.642819,15,263.421875,3901.75
1785211878.642819,15,265.0625,3875.5
1785211878.642819,15,266.703125,3869.25
1785211878.642819,15,268.34375,3874.0
1785211878.642819,15,269.984375,3867.5
1785211878.642819,15,271.625,3870.25
1785211878.642819,15,273.265625,3877.25
1785211878.642819,15,274.859375,3879.5
1785211878.642819,15,276.46875,3881.25
1785211878.642819,15,278.109375,3894.5
1785211878.642819,15,279.75,3919.75
1785211878.642819,15,281.390625,3927.5
1785211878.642819,12,284.6875,3641.0
1785211878.642819,15,288.015625,3338.75
1785211878.642819,15,289.65625,3361.0
1785211878.642819,15,291.265625,3384.5
1785211878.642819,15,292.890625,3425.0
1785211878.642819,15,294.546875,3476.0
1785211878.642819,15,296.171875,3524.25
1785211878.642819,15,297.8125,3572.0
1785211878.642819,15,299.5,3637.5
1785211878.642819,11,312.625,3751.25
1785211878.642819,15,314.265625,3703.0
1785211878.642819,15,315.90625,3669.75
1785211878.642819,7,317.5625,3612.5
1785211878.642819,15,319.203125,3549.5
1785211878.642819,14,320.84375,3504.75
1785211878.642819,15,322.53125,3477.0
1785211878.642819,15,324.15625,3460.0
1785211878.642819,15,325.8125,3439.25
1785211878.642819,6,327.453125,3418.5
1785211878.642819,6,329.09375,3397.25
1785211878.642819,5,330.75,3371.75
1785211878.642819,15,332.40625,3358.5
1785211878.642819,15,334.0625,3346.75
1785211878.642819,15,335.6875,3321.5
1785211878.642819,15,337.34375,3283.5
1785211878.642819,10,338.96875,3250.25
1785211878.642819,9,340.640625,3227.75
1785211878.642819,15,342.28125,3219.75
1785211878.642819,15,343.90625,3232.75
1785211878.642819,15,345.578125,3220.75
1785211878.642819,15,347.25,3189.5
1785211878.642819,15,348.890625,3173.0
1785211878.7541454,13,350.546875,3175.75
1785211878.7541454,15,352.203125,3175.0
1785211878.7541454,15,2.140625,672.25
1785211878.7541454,15,3.703125,681.5
1785211878.7541454,11,14.859375,845.0
1785211878.7541454,15,218.109375,5936.5
1785211878.7541454,15,223.046875,5349.0
1785211878.7541454,15,229.734375,3812.5
1785211878.7541454,15,236.265625,4154.25
1785211878.7541454,15,237.90625,4089.5
1785211878.7541454,15,239.546875,4016.75
1785211878.7541454,15,241.1875,3957.0
1785211878.7541454,15,242.84375,3902.75
1785211878.7541454,15,244.484375,3843.25
1785211878.7541454,15,246.109375,3777.75
1785211878.7541454,15,247.765625,3794.25
1785211878.7541454,15,249.390625,3836.75
1785211878.7541454,15,251.09375,3836.75
1785211878.7541454,15,254.359375,4033.25
1785211878.7541454,15,256.0,4036.5
1785211878.7541454,15,257.65625,3997.25
1785211878.7541454,15,259.296875,3969.0
1785211878.7541454,15,260.9375,3956.0
1785211878.7541454,15,262.578125,3935.5
1785211878.7541454,15,264.203125,3932.25
1785211878.7541454,15,265.859375,3950.75
1785211878.7541454,15,267.484375,3930.0
1785211878.7541454,15,269.15625,3898.5
1785211878.7541454,15,270.796875,3894.75
1785211878.7541454,15,272.421875,3902.75
1785211878.7541454,15,274.078125,3913.75
1785211878.7541454,15,275.65625,3918.75
1785211878.7541454,15,277.28125,3928.0
1785211878.7541454,15,278.921875,3947.0
1785211878.7541454,15,280.5625,3957.25
1785211878.7541454,15,283.84375,3763.75
1785211878.7541454,15,287.171875,3383.5
1785211878.7541454,15,288.8125,3374.75
1785211878.7541454,15,290.4375,3407.75
1785211878.7541454,15,292.0625,3457.25
1785211878.7541454,15,293.703125,3512.5
1785211878.7541454,15,295.328125,3549.75
1785211878.7541454,15,296.984375,3599.5
1785211878.7541454,15,298.671875,3663.0
1785211878.7541454,9,311.796875,3762.25
1785211878.7541454,9,313.46875,3694.5
1785211878.7541454,13,315.109375,3646.25
1785211878.7541454,14,316.75,3577.25
1785211878.7541454,15,318.40625,3513.0
1785211878.7541454,15,320.046875,3477.0
1785211878.7541454,7,321.703125,3432.25
1785211878.7541454,5,323.4375,3380.5
1785211878.7541454,15,325.109375,3357.5
1785211878.7541454,15,326.75,3345.75
1785211878.7541454,15,328.40625,3328.75
1785211878.7541454,15,330.078125,3300.75
1785211878.7541454,11,331.71875,3258.5
1785211878.7541454,10,333.390625,3217.5
1785211878.7541454,12,335.03125,3204.0
1785211878.7541454,14,336.65625,3195.0
1785211878.7541454,10,338.3125,3188.75
1785211878.7541454,15,339.984375,3181.5
1785211878.7541454,14,341.625,3171.5
1785211878.7541454,15,343.28125,3147.75
1785211878.7541454,15,344.921875,3155.75
1785211878.7541454,10,346.53125,3185.25
1785211878.7541454,12,348.15625,3169.5
1785211878.7541454,15,349.8125,3159.0
1785211878.867994,15,351.453125,3154.0
1785211878.867994,15,353.109375,3146.75
1785211878.867994,15,358.046875,684.5
1785211878.867994,15,217.640625,6025.0
1785211878.867994,15,222.59375,5403.25
1785211878.867994,15,225.890625,5093.5
1785211878.867994,15,229.28125,3828.0
1785211878.867994,15,230.921875,3855.75
1785211878.867994,15,235.828125,4224.25
1785211878.867994,15,237.453125,4155.75
1785211878.867994,15,240.75,3980.75
1785211878.867994,15,242.390625,3935.5
1785211878.867994,15,244.0625,3888.5
1785211878.867994,15,245.671875,3838.25
1785211878.867994,15,247.328125,3815.5
1785211878.867994,15,248.96875,3851.5
1785211878.867994,15,250.609375,3858.5
1785211878.867994,15,253.84375,4029.0
1785211878.867994,15,255.5,4073.25
1785211878.867994,15,257.15625,4039.0
1785211878.867994,15,258.78125,4011.25
1785211878.867994,15,260.4375,3995.25
1785211878.867994,15,262.0625,3981.5
1785211878.867994,15,263.71875,3968.25
1785211878.867994,15,265.359375,3946.5
1785211878.867994,15,267.0,3941.0
1785211878.867994,15,268.640625,3962.0
1785211878.867994,15,270.265625,3972.5
1785211878.867994,15,271.90625,3962.0
1785211878.867994,15,273.546875,3966.25
1785211878.867994,15,275.140625,3969.5
1785211878.867994,15,276.765625,3977.25
1785211878.867994,15,278.390625,3990.5
1785211878.867994,15,280.015625,4010.5
1785211878.867994,15,286.640625,3417.75
1785211878.867994,15,288.265625,3396.5
1785211878.867994,15,289.890625,3446.0
1785211878.867994,15,291.53125,3501.75
1785211878.867994,15,293.171875,3538.25
1785211878.867994,15,294.796875,3590.75
1785211878.867994,15,296.421875,3650.25
1785211878.867994,15,298.046875,3698.0
1785211878.867994,11,306.421875,3704.0
1785211878.867994,12,308.0625,3672.25
1785211878.867994,12,309.734375,3633.75
1785211878.867994,12,311.390625,3562.25
1785211878.867994,15,313.046875,3504.0
1785211878.867994,15,314.6875,3475.0
1785211878.867994,6,316.34375,3421.25
1785211878.867994,15,317.984375,3364.5
1785211878.867994,15,319.640625,3336.5
1785211878.867994,15,321.28125,3305.5
1785211878.867994,15,322.984375,3273.5
1785211878.867994,8,324.609375,3242.75
1785211878.867994,14,326.28125,3218.25
1785211878.867994,13,327.90625,3202.25
1785211878.867994,12,329.578125,3189.0
1785211878.867994,15,331.234375,3181.75
1785211878.867994,15,332.890625,3172.25
1785211878.867994,15,334.515625,3162.0
1785211878.867994,15,336.15625,3153.25
1785211878.867994,15,337.828125,3147.5
1785211878.867994,15,339.453125,3143.75
1785211878.867994,15,341.109375,3143.0
1785211878.867994,15,342.765625,3147.0
1785211878.867994,13,344.40625,3138.75
1785211878.867994,15,350.359375,975.0
1785211878.9799323,15,354.21875,697.25
1785211878.9799323,15,355.90625,696.5
1785211878.9799323,15,215.28125,6445.25
1785211878.9799323,15,218.5625,5942.0
1785211878.9799323,15,225.15625,5183.0
1785211878.9799323,15,228.53125,3924.5
1785211878.9799323,15,230.1875,3873.75
1785211878.9799323,15,236.703125,4213.5
1785211878.9799323,15,238.34375,4147.5
1785211878.9799323,15,239.96875,4071.75
1785211878.9799323,15,241.625,3994.25
1785211878.9799323,15,243.28125,3944.25
1785211878.9799323,15,244.921875,3897.25
1785211878.9799323,15,246.546875,3843.75
1785211878.9799323,15,248.1875,3870.25
1785211878.9799323,15,249.828125,3904.0
1785211878.9799323,15,251.421875,3944.25
1785211878.9799323,15,254.6875,4119.0
1785211878.9799323,15,256.3125,4084.25
1785211878.9799323,15,257.953125,4061.25
1785211878.9799323,15,259.609375,4039.5
1785211878.9799323,15,261.25,4020.75
1785211878.9799323,15,262.890625,3998.75
1785211878.9799323,15,264.515625,3992.5
1785211878.9799323,15,266.15625,3990.0
1785211878.9799323,15,267.78125,3979.0
1785211878.9799323,15,269.40625,4002.25
1785211878.9799323,15,271.0625,4007.0
1785211878.9799323,15,272.6875,3993.0
1785211878.9799323,15,274.3125,4003.0
1785211878.9799323,15,275.921875,4014.5
1785211878.9799323,15,277.546875,4022.25
1785211878.9799323,15,279.15625,4036.0
1785211878.9799323,15,280.828125,3990.75
1785211878.9799323,15,287.390625,3445.0
1785211878.9799323,15,289.03125,3480.25
1785211878.9799323,15,290.671875,3521.5
1785211878.9799323,15,292.28125,3558.25
1785211878.9799323,15,293.921875,3603.5
1785211878.9799323,15,295.546875,3665.75
1785211878.9799323,15,297.171875,3722.5
1785211878.9799323,13,313.71875,3646.75
1785211878.9799323,7,315.375,3589.0
1785211878.9799323,12,317.015625,3529.5
1785211878.9799323,15,318.65625,3489.25
1785211878.9799323,6,320.328125,3439.0
1785211878.9799323,4,321.953125,3389.5
1785211878.9799323,9,323.625,3368.75
1785211878.9799323,15,325.296875,3342.75
1785211878.9799323,15,326.9375,3312.25
1785211878.9799323,15,328.5625,3268.25
1785211878.9799323,8,330.21875,3227.75
1785211878.9799323,12,331.875,3204.25
1785211878.9799323,12,333.515625,3197.5
1785211878.9799323,15,335.171875,3193.5
1785211878.9799323,15,336.8125,3173.5
1785211878.9799323,15,338.453125,3155.75
1785211878.9799323,15,340.078125,3161.0
1785211878.9799323,9,341.75,3148.5
1785211878.9799323,15,347.59375,1007.5
1785211878.9799323,15,351.578125,708.0
1785211879.0910268,11,356.484375,3239.75
1785211879.0910268,12,358.140625,3259.75
1785211879.0910268,10,359.78125,3268.75
1785211879.0910268,8,11.203125,3471.0
1785211879.0910268,14,204.3125,8598.75
1785211879.0910268,15,205.953125,8530.0
1785211879.0910268,15,224.125,5324.0
1785211879.0910268,15,225.78125,5181.0
1785211879.0910268,15,229.078125,3940.75
1785211879.0910268,15,233.9375,4387.5
1785211879.0910268,15,235.578125,4304.75
1785211879.0910268,15,237.21875,4217.75
1785211879.0910268,15,238.875,4150.0
1785211879.0910268,15,240.515625,4092.5
1785211879.0910268,15,242.15625,4023.25
1785211879.0910268,15,243.796875,3958.0
1785211879.0910268,15,245.4375,3913.75
1785211879.0910268,15,247.078125,3885.75
1785211879.0910268,15,248.703125,3905.75
1785211879.0910268,15,250.34375,3934.5
1785211879.0910268,15,253.609375,4134.5
1785211879.0910268,15,255.25,4145.25
1785211879.0910268,15,256.875,4119.0
1785211879.0910268,15,258.515625,4090.75
1785211879.0910268,15,260.15625,4066.75
1785211879.0910268,15,261.78125,4053.75
1785211879.0910268,15,263.4375,4049.25
1785211879.0910268,15,265.078125,4042.0
1785211879.0910268,15,266.703125,4025.75
1785211879.0910268,15,268.34375,4019.5
1785211879.0910268,15,269.984375,4015.0
1785211879.0910268,15,271.640625,4022.75
1785211879.0910268,15,273.265625,4035.5
1785211879.0910268,15,274.859375,4029.25
1785211879.0910268,15,276.5,4036.5
1785211879.0910268,15,278.109375,4059.75
1785211879.0910268,15,279.75,4070.75
1785211879.0910268,15,283.0625,3803.5
1785211879.0910268,15,286.359375,3468.0
1785211879.0910268,15,288.0,3500.5
1785211879.0910268,15,289.609375,3547.25
1785211879.0910268,15,291.25,3582.75
1785211879.0910268,15,292.890625,3625.0
1785211879.0910268,15,294.515625,3685.5
1785211879.0910268,15,296.140625,3732.25
1785211879.0910268,13,309.375,3910.5
1785211879.0910268,9,311.03125,3863.0
1785211879.0910268,15,314.34375,3698.75
1785211879.0910268,10,315.96875,3636.0
1785211879.0910268,14,317.625,3564.5
1785211879.0910268,15,319.28125,3530.25
1785211879.0910268,15,320.921875,3500.25
1785211879.0910268,15,322.59375,3461.25
1785211879.0910268,6,324.234375,3424.25
1785211879.0910268,5,325.90625,3394.25
1785211879.0910268,15,327.546875,3369.5
1785211879.0910268,15,329.203125,3343.0
1785211879.0910268,15,330.84375,3319.25
1785211879.0910268,15,332.515625,3296.0
1785211879.0910268,15,334.15625,3275.5
1785211879.0910268,10,335.796875,3253.5
1785211879.0910268,11,337.453125,3228.25
1785211879.0910268,10,339.078125,3228.5
1785211879.0910268,12,340.734375,3229.25
1785211879.0910268,15,347.21875,737.25
1785211879.0910268,15,348.828125,737.0
1785211879.206052,13,5.28125,3428.5
1785211879.206052,15,219.8125,5832.75
1785211879.206052,15,223.109375,5432.25
1785211879.206052,15,224.765625,5293.5
1785211879.206052,15,226.390625,5146.25
1785211879.206052,15,229.75,3938.75
1785211879.206052,15,236.28125,4306.75
1785211879.206052,15,237.9375,4218.75
1785211879.206052,15,239.578125,4155.25
1785211879.206052,15,241.21875,4085.0
1785211879.206052,15,242.859375,4003.0
1785211879.206052,15,244.5,3949.5
1785211879.206052,15,246.140625,3916.0
1785211879.206052,15,247.765625,3956.0
1785211879.206052,15,249.421875,3980.75
1785211879.206052,15,251.046875,3983.25
1785211879.206052,15,254.296875,4213.5
1785211879.206052,15,255.953125,4169.75
1785211879.206052,15,257.59375,4137.5
1785211879.206052,15,259.234375,4115.0
1785211879.206052,15,260.859375,4099.25
1785211879.206052,15,262.5,4079.25
1785211879.206052,15,264.15625,4058.75
1785211879.206052,15,265.796875,4049.25
1785211879.206052,15,267.421875,4047.75
1785211879.206052,15,269.09375,4043.75
1785211879.206052,15,270.703125,4043.75
1785211879.206052,15,272.359375,4044.75
1785211879.206052,15,274.0,4050.25
1785211879.206052,15,275.59375,4059.25
1785211879.206052,15,277.25,4084.75
1785211879.206052,15,278.859375,4117.0
1785211879.206052,15,282.203125,3900.75
1785211879.206052,15,285.484375,3536.0
1785211879.206052,15,287.125,3530.75
1785211879.206052,15,288.78125,3578.75
1785211879.206052,15,290.390625,3615.5
1785211879.206052,15,292.015625,3666.5
1785211879.206052,15,293.65625,3713.5
1785211879.206052,15,295.28125,3748.25
1785211879.206052,15,296.921875,3798.0
1785211879.206052,10,310.15625,3905.75
1785211879.206052,11,311.78125,3867.25
1785211879.206052,13,313.453125,3790.75
1785211879.206052,15,315.109375,3714.75
1785211879.206052,14,316.75,3668.5
1785211879.206052,8,318.390625,3607.5
1785211879.206052,8,320.03125,3565.5
1785211879.206052,15,321.6875,3552.25
1785211879.206052,15,323.328125,3538.0
1785211879.206052,15,324.96875,3519.0
1785211879.206052,15,326.625,3497.25
1785211879.206052,3,328.265625,3458.25
1785211879.206052,15,329.90625,3427.75
1785211879.206052,4,331.546875,3413.5
1785211879.206052,9,333.203125,3395.25
1785211879.206052,7,334.828125,3382.0
1785211879.206052,15,336.5,3364.75
1785211879.206052,15,340.921875,913.0
1785211879.206052,15,349.59375,3501.5
1785211879.3178372,15,351.234375,3499.0
1785211879.3178372,15,352.890625,3487.75
1785211879.3178372,15,354.53125,3474.75
1785211879.3178372,9,357.8125,3467.75
1785211879.3178372,8,1.078125,3492.75
1785211879.3178372,8,4.34375,3560.0
1785211879.3178372,8,5.984375,3622.5
1785211879.3178372,15,205.546875,8606.25
1785211879.3178372,15,215.4375,6468.25
1785211879.3178372,15,218.71875,5967.0
1785211879.3178372,15,223.65625,5395.75
1785211879.3178372,15,225.3125,5248.25
1785211879.3178372,15,230.3125,3953.0
1785211879.3178372,15,235.1875,4425.0
1785211879.3178372,15,236.8125,4303.5
1785211879.3178372,15,238.453125,4220.25
1785211879.3178372,15,240.109375,4160.5
1785211879.3178372,15,241.734375,4102.0
1785211879.3178372,15,243.390625,4040.75
1785211879.3178372,15,245.03125,3981.25
1785211879.3178372,15,246.671875,3931.0
1785211879.3178372,15,249.953125,4003.75
1785211879.3178372,15,251.59375,4015.0
1785211879.3178372,15,254.859375,4212.25
1785211879.3178372,15,256.5,4180.25
1785211879.3178372,15,258.140625,4173.25
1785211879.3178372,15,259.796875,4163.75
1785211879.3178372,15,261.421875,4140.0
1785211879.3178372,15,263.03125,4114.0
1785211879.3178372,15,264.6875,4116.0
1785211879.3178372,15,266.328125,4097.5
1785211879.3178372,15,267.984375,4088.25
1785211879.3178372,15,269.609375,4097.25
1785211879.3178372,15,271.234375,4078.75
1785211879.3178372,15,272.875,4079.25
1785211879.3178372,15,274.5,4104.25
1785211879.3178372,15,276.140625,4144.25
1785211879.3178372,15,277.765625,4167.0
1785211879.3178372,15,282.734375,3814.5
1785211879.3178372,15,286.015625,3555.25
1785211879.3178372,15,287.640625,3577.0
1785211879.3178372,15,289.28125,3627.25
1785211879.3178372,15,290.90625,3685.0
1785211879.3178372,15,292.53125,3726.5
1785211879.3178372,15,294.15625,3769.5
1785211879.3178372,15,295.8125,3830.0
1785211879.3178372,15,299.125,4392.5
1785211879.3178372,11,310.65625,4066.25
1785211879.3178372,12,313.953125,3908.25
1785211879.3178372,7,315.59375,3846.5
1785211879.3178372,11,317.265625,3751.75
1785211879.3178372,15,318.921875,3686.5
1785211879.3178372,15,320.546875,3670.5
1785211879.3178372,15,322.1875,3660.0
1785211879.3178372,12,323.796875,3634.75
1785211879.3178372,10,325.453125,3605.0
1785211879.3178372,13,327.09375,3565.5
1785211879.3178372,15,328.71875,3545.5
1785211879.3178372,15,330.359375,3544.0
1785211879.3178372,15,334.578125,1077.25
1785211879.3178372,15,336.15625,1083.0
1785211879.3178372,15,337.859375,1095.0
1785211879.3178372,15,339.546875,1076.25
1785211879.3178372,15,341.15625,1062.5
1785211879.3178372,15,346.78125,3495.5
1785211879.3178372,15,348.4375,3512.0
1785211879.3178372,15,350.0625,3514.25
1785211879.543487,15,350.578125,3502.25
1785211879.543487,15,352.21875,3482.0
1785211879.543487,15,353.859375,3465.5
1785211879.543487,9,355.5,3461.5
1785211879.543487,8,357.171875,3467.75
1785211879.543487,8,358.796875,3477.25
1785211879.543487,15,216.390625,6372.75
1785211879.543487,15,219.6875,5917.75
1785211879.543487,15,224.609375,5382.25
1785211879.543487,15,229.609375,4045.25
1785211879.543487,15,231.234375,4027.25
1785211879.543487,15,234.46875,4471.0
1785211879.543487,15,236.125,4400.5
1785211879.543487,15,237.765625,4332.75
1785211879.543487,15,239.390625,4252.5
1785211879.543487,15,241.046875,4185.0
1785211879.543487,15,242.671875,4135.5
1785211879.543487,15,244.328125,4079.75
1785211879.543487,15,245.953125,4006.75
1785211879.543487,15,249.234375,4090.5
1785211879.543487,15,250.90625,4116.25
1785211879.543487,15,254.171875,4292.25
1785211879.543487,15,255.8125,4254.0
1785211879.543487,15,257.453125,4243.25
1785211879.543487,15,259.09375,4226.5
1785211879.543487,15,260.71875,4211.5
1785211879.543487,15,262.359375,4199.75
1785211879.543487,15,264.015625,4177.0
1785211879.543487,15,265.65625,4163.75
1785211879.543487,15,267.296875,4177.0
1785211879.543487,15,268.921875,4186.0
1785211879.543487,15,270.578125,4174.5
1785211879.543487,15,272.1875,4181.25
1785211879.543487,15,273.859375,4208.75
1785211879.543487,15,275.453125,4222.75
1785211879.543487,15,277.0625,4229.25
1785211879.543487,15,278.734375,4169.5
1785211879.543487,15,285.3125,3643.75
1785211879.543487,15,286.96875,3688.5
1785211879.543487,15,288.5625,3722.5
1785211879.543487,15,290.21875,3751.25
1785211879.543487,15,291.828125,3798.5
1785211879.543487,15,293.46875,3850.75
1785211879.543487,15,295.109375,3898.25
1785211879.543487,15,298.421875,4436.5
1785211879.543487,15,300.03125,4512.25
1785211879.543487,13,316.5,3919.25
1785211879.543487,14,318.15625,3891.0
1785211879.543487,8,319.796875,3839.25
1785211879.543487,9,321.4375,3792.75
1785211879.543487,15,324.8125,3765.5
1785211879.543487,15,326.46875,3735.25
1785211879.543487,15,330.625,1152.0
1785211879.543487,15,339.0,1092.75
1785211879.543487,13,344.5625,3770.75
1785211879.543487,13,346.203125,3780.25
1785211879.543487,12,347.84375,3775.25
1785211879.543487,14,349.453125,3769.75
1785211879.655479,15,351.109375,3759.25
1785211879.655479,15,352.765625,3743.25
1785211879.655479,15,354.421875,3737.0
1785211879.655479,15,356.0625,3747.0
1785211879.655479,15,357.6875,3750.25
1785211879.655479,14,359.328125,3764.0
1785211879.655479,12,0.96875,3789.25
1785211879.655479,9,2.609375,3809.75
1785211879.655479,9,4.25,3819.75
1785211879.655479,15,5.90625,3832.25
1785211879.655479,15,7.546875,3866.75
1785211879.655479,15,9.171875,3900.5
1785211879.655479,15,10.765625,3930.75
1785211879.655479,15,12.390625,3960.25
1785211879.655479,15,203.671875,8648.0
1785211879.655479,15,220.125,5886.25
1785211879.655479,15,225.0625,5376.5
1785211879.655479,15,230.125,4042.75
1785211879.655479,15,236.640625,4412.5
1785211879.655479,15,238.28125,4342.0
1785211879.655479,15,239.953125,4262.25
1785211879.655479,15,241.578125,4185.75
1785211879.655479,15,243.234375,4124.25
1785211879.655479,15,244.875,4082.25
1785211879.655479,15,246.53125,4031.0
1785211879.655479,15,249.796875,4114.5
1785211879.655479,15,253.03125,4305.25
1785211879.655479,15,254.65625,4355.25
1785211879.655479,15,256.3125,4313.5
1785211879.655479,15,257.953125,4271.75
1785211879.655479,15,259.59375,4252.0
1785211879.655479,15,261.234375,4235.0
1785211879.655479,15,262.875,4228.5
1785211879.655479,15,264.5,4226.0
1785211879.655479,15,266.140625,4223.25
1785211879.655479,15,267.796875,4226.0
1785211879.655479,15,269.421875,4226.5
1785211879.655479,15,271.078125,4226.5
1785211879.655479,15,272.6875,4246.5
1785211879.655479,15,274.34375,4258.0
1785211879.655479,15,275.890625,4253.5
1785211879.655479,15,277.53125,4272.25
1785211879.655479,15,284.125,3657.25
1785211879.655479,15,285.734375,3708.25
1785211879.655479,15,287.390625,3745.5
1785211879.655479,15,289.015625,3779.75
1785211879.655479,15,290.625,3810.0
1785211879.655479,15,292.265625,3863.5
1785211879.655479,15,293.875,3917.0
1785211879.655479,15,297.109375,4453.75
1785211879.655479,15,298.890625,4531.75
1785211879.655479,15,300.515625,4624.0
1785211879.655479,9,317.0,4117.0
1785211879.655479,10,318.625,4091.75
1785211879.655479,15,320.296875,4049.0
1785211879.655479,11,321.921875,4005.5
1785211879.655479,7,323.625,3979.75
1785211879.655479,12,325.28125,3962.5
1785211879.655479,15,329.421875,1169.25
1785211879.655479,8,335.171875,3810.0
1785211879.655479,15,339.328125,1196.0
1785211879.655479,15,340.96875,1172.75
1785211879.655479,10,346.625,3798.25
1785211879.655479,11,348.28125,3804.0
1785211879.655479,10,349.921875,3799.5
1785211879.7662387,15,351.5625,3780.75
1785211879.7662387,15,353.1875,3760.0
1785211879.7662387,13,354.875,3765.75
1785211879.7662387,12,356.484375,3778.25
1785211879.7662387,12,358.125,3793.25
1785211879.7662387,11,359.78125,3812.25
1785211879.7662387,10,1.40625,3822.75
1785211879.7662387,15,3.046875,3842.75
1785211879.7662387,15,4.6875,3876.0
1785211879.7662387,13,6.328125,3936.75
1785211879.7662387,10,7.953125,4007.5
1785211879.7662387,15,9.59375,4058.5
1785211879.7662387,15,11.21875,4106.5
1785211879.7662387,9,12.859375,4131.25
1785211879.7662387,15,215.9375,6493.75
1785211879.7662387,15,222.546875,5622.75
1785211879.7662387,15,224.1875,5464.25
1785211879.7662387,15,225.84375,5329.0
1785211879.7662387,15,229.1875,4096.25
1785211879.7662387,15,230.84375,4068.75
1785211879.7662387,15,237.390625,4411.75
1785211879.7662387,15,239.03125,4341.25
1785211879.7662387,15,240.671875,4265.0
1785211879.7662387,15,242.328125,4191.0
1785211879.7662387,15,243.984375,4143.75
1785211879.7662387,15,245.625,4092.0
1785211879.7662387,15,247.25,4092.0
1785211879.7662387,15,248.890625,4131.75
1785211879.7662387,15,250.484375,4151.5
1785211879.7662387,15,253.71875,4386.0
1785211879.7662387,15,255.375,4357.75
1785211879.7662387,15,257.015625,4322.5
1785211879.7662387,15,258.640625,4299.5
1785211879.7662387,15,260.296875,4292.25
1785211879.7662387,15,261.9375,4269.0
1785211879.7662387,15,263.578125,4265.5
1785211879.7662387,15,265.234375,4276.0
1785211879.7662387,15,266.84375,4261.75
1785211879.7662387,15,268.484375,4251.5
1785211879.7662387,15,270.125,4258.5
1785211879.7662387,15,271.765625,4260.0
1785211879.7662387,15,273.40625,4261.75
1785211879.7662387,15,275.03125,4275.5
1785211879.7662387,15,276.640625,4291.5
1785211879.7662387,15,278.28125,4252.0
1785211879.7662387,15,283.234375,3755.75
1785211879.7662387,15,284.875,3723.5
1785211879.7662387,15,286.515625,3758.25
1785211879.7662387,15,288.15625,3800.5
1785211879.7662387,15,289.765625,3844.75
1785211879.7662387,15,291.421875,3891.75
1785211879.7662387,15,293.046875,3929.25
1785211879.7662387,15,297.890625,4558.75
1785211879.7662387,15,299.625,4635.0
1785211879.7662387,11,314.46875,4101.0
1785211879.7662387,8,316.140625,4025.25
1785211879.7662387,12,317.78125,3964.0
1785211879.7662387,15,319.421875,3927.0
1785211879.7662387,10,321.0625,3909.5
1785211879.7662387,15,322.734375,3885.25
1785211879.7662387,15,324.390625,3832.25
1785211879.7662387,14,332.625,3698.75
1785211879.7662387,15,334.234375,3698.0
1785211879.7662387,15,335.890625,3718.25
1785211879.7662387,15,337.546875,3715.0
1785211879.7662387,15,339.15625,3706.0
1785211879.7662387,15,343.25,1295.75
1785211879.7662387,15,349.046875,3696.5
1785211879.8814478,15,350.6875,3694.25
1785211879.8814478,15,352.328125,3704.75
1785211879.8814478,15,353.96875,3711.25
1785211879.8814478,15,355.59375,3733.75
1785211879.8814478,13,357.234375,3771.75
1785211879.8814478,11,358.859375,3797.0
1785211879.8814478,11,0.53125,3817.25
1785211879.8814478,12,2.140625,3830.75
1785211879.8814478,15,3.796875,3860.5
1785211879.8814478,15,5.4375,3897.75
1785211879.8814478,15,7.078125,3928.0
1785211879.8814478,14,8.71875,3964.0
1785211879.8814478,12,10.359375,4005.5
1785211879.8814478,11,11.9375,4034.5
1785211879.8814478,15,205.15625,8699.75
1785211879.8814478,15,216.703125,6426.0
1785211879.8814478,15,219.984375,5969.25
1785211879.8814478,15,224.921875,5433.25
1785211879.8814478,15,226.5625,5306.25
1785211879.8814478,15,229.90625,4117.75
1785211879.8814478,15,231.546875,4104.25
1785211879.8814478,15,234.796875,4545.0
1785211879.8814478,15,236.4375,4463.25
1785211879.8814478,15,238.078125,4422.75
1785211879.8814478,15,239.734375,4358.5
1785211879.8814478,15,241.359375,4266.75
1785211879.8814478,15,243.015625,4195.0
1785211879.8814478,15,244.640625,4147.0
1785211879.8814478,15,246.28125,4102.0
1785211879.8814478,15,247.90625,4143.75
1785211879.8814478,15,249.5625,4185.0
1785211879.8814478,15,252.8125,4378.0
1785211879.8814478,15,254.4375,4417.5
1785211879.8814478,15,256.078125,4386.5
1785211879.8814478,15,257.734375,4363.25
1785211879.8814478,15,259.375,4336.0
1785211879.8814478,15,261.015625,4317.75
1785211879.8814478,15,262.65625,4312.75
1785211879.8814478,15,264.296875,4313.75
1785211879.8814478,15,265.921875,4306.5
1785211879.8814478,15,267.5625,4289.25
1785211879.8814478,15,269.203125,4281.0
1785211879.8814478,15,270.828125,4301.25
1785211879.8814478,15,272.46875,4309.0
1785211879.8814478,15,274.109375,4301.0
1785211879.8814478,15,275.75,4328.75
1785211879.8814478,15,277.390625,4358.25
1785211879.8814478,15,280.6875,4035.5
1785211879.8814478,15,284.0,3760.0
1785211879.8814478,15,285.625,3787.75
1785211879.8814478,15,287.25,3819.75
1785211879.8814478,15,288.890625,3860.5
1785211879.8814478,15,290.53125,3907.0
1785211879.8814478,15,292.171875,3943.75
1785211879.8814478,15,293.8125,3990.75
1785211879.8814478,15,297.015625,4574.75
1785211879.8814478,15,298.765625,4649.75
1785211879.8814478,10,313.59375,4136.25
1785211879.8814478,9,315.25,4068.5
1785211879.8814478,10,316.90625,3992.75
1785211879.8814478,11,318.5625,3945.5
1785211879.8814478,12,320.203125,3927.0
1785211879.8814478,15,321.828125,3924.75
1785211879.8814478,15,325.9375,1215.25
1785211879.8814478,9,331.734375,3778.5
1785211879.8814478,8,333.390625,3749.0
1785211879.8814478,14,335.046875,3747.0
1785211879.8814478,8,336.6875,3760.0
1785211879.8814478,15,340.671875,1339.75
1785211879.8814478,15,346.515625,3701.75
1785211879.8814478,15,348.15625,3682.0
1785211879.8814478,15,349.78125,3662.0
1785211879.9934635,15,351.4375,3650.25
1785211879.9934635,15,353.078125,3660.0
1785211879.9934635,15,354.703125,3686.25
1785211879.9934635,15,356.34375,3718.0
1785211879.9934635,15,357.984375,3747.75
1785211879.9934635,15,359.65625,3764.5
1785211879.9934635,10,1.265625,3780.5
1785211879.9934635,11,2.90625,3797.75
1785211879.9934635,15,4.5625,3824.75
1785211879.9934635,15,6.1875,3875.0
1785211879.9934635,15,7.8125,3929.0
1785211879.9934635,14,9.453125,3964.0
1785211879.9934635,13,11.109375,3979.5
1785211879.9934635,10,12.75,4011.25
1785211879.9934635,15,220.828125,5903.5
1785211879.9934635,15,225.765625,5388.5
1785211879.9934635,15,230.6875,4105.0
1785211879.9934635,15,235.59375,4544.0
1785211879.9934635,15,237.21875,4477.25
1785211879.9934635,15,238.84375,4428.75
1785211879.9934635,15,240.515625,4356.5
1785211879.9934635,15,242.15625,4274.5
1785211879.9934635,15,243.796875,4217.5
1785211879.9934635,15,245.421875,4168.25
1785211879.9934635,15,247.0625,4185.25
1785211879.9934635,15,248.6875,4218.0
1785211879.9934635,15,250.34375,4226.0
1785211879.9934635,15,253.609375,4457.25
1785211879.9934635,15,255.25,4430.0
1785211879.9934635,15,256.90625,4406.75
1785211879.9934635,15,258.515625,4390.5
1785211879.9934635,15,260.1875,4360.0
1785211879.9934635,15,261.796875,4345.5
1785211879.9934635,15,263.453125,4331.5
1785211879.9934635,15,265.078125,4316.75
1785211879.9934635,15,266.71875,4321.75
1785211879.9934635,15,268.359375,4326.75
1785211879.9934635,15,270.0,4327.25
1785211879.9934635,15,271.625,4333.0
1785211879.9934635,15,273.25,4349.0
1785211879.9934635,15,274.9375,4360.5
1785211879.9934635,15,276.578125,4377.25
1785211879.9934635,15,283.171875,3771.75
1785211879.9934635,15,284.8125,3813.25
1785211879.9934635,15,286.453125,3849.25
1785211879.9934635,15,288.09375,3894.5
1785211879.9934635,15,289.734375,3932.0
1785211879.9934635,15,291.375,3959.25
1785211879.9934635,15,292.984375,4016.0
1785211879.9934635,15,296.234375,4596.5
1785211879.9934635,11,307.859375,4155.75
1785211879.9934635,11,309.5,4090.5
1785211879.9934635,8,311.140625,3993.75
1785211879.9934635,10,312.796875,3909.75
1785211879.9934635,9,314.453125,3855.25
1785211879.9934635,9,316.109375,3813.75
1785211879.9934635,10,317.75,3764.25
1785211879.9934635,13,319.40625,3710.75
1785211879.9934635,12,321.046875,3682.75
1785211879.9934635,15,322.703125,3670.5
1785211879.9934635,15,326.78125,1224.75
1785211879.9934635,14,329.28125,3588.25
1785211879.9934635,15,330.921875,3548.75
1785211879.9934635,15,332.578125,3487.75
1785211879.9934635,15,334.234375,3419.75
1785211879.9934635,15,339.8125,1357.25
1785211879.9934635,15,345.71875,3646.0
1785211879.9934635,15,347.328125,3637.25
1785211879.9934635,15,349.0,3632.75
1785211880.1030774,15,350.640625,3639.75
1785211880.1030774,15,352.265625,3678.0
1785211880.1030774,15,353.921875,3709.75
1785211880.1030774,14,355.546875,3735.25
1785211880.1030774,11,357.171875,3771.5
1785211880.1030774,13,358.828125,3788.25
1785211880.1030774,10,0.46875,3797.25
1785211880.1030774,12,2.109375,3816.75
1785211880.1030774,15,3.734375,3856.75
1785211880.1030774,15,5.375,3895.5
1785211880.1030774,15,7.015625,3926.25
1785211880.1030774,12,8.65625,3961.75
1785211880.1030774,15,10.3125,3982.25
1785211880.1030774,13,11.890625,3988.75
1785211880.1030774,15,216.578125,6461.25
1785211880.1030774,15,219.859375,6025.75
1785211880.1030774,15,224.796875,5469.0
1785211880.1030774,15,226.421875,5357.0
1785211880.1030774,15,237.90625,4486.25
1785211880.1030774,15,239.53125,4420.5
1785211880.1030774,15,241.1875,4359.25
1785211880.1030774,15,242.8125,4277.5
1785211880.1030774,15,244.453125,4222.25
1785211880.1030774,15,246.09375,4174.0
1785211880.1030774,15,247.734375,4205.25
1785211880.1030774,15,249.359375,4243.75
1785211880.1030774,15,252.625,4446.5
1785211880.1030774,15,254.265625,4465.25
1785211880.1030774,15,255.90625,4438.75
1785211880.1030774,15,257.53125,4431.75
1785211880.1030774,15,259.1875,4412.75
1785211880.1030774,15,260.828125,4394.5
1785211880.1030774,15,262.46875,4379.5
1785211880.1030774,15,264.09375,4359.75
1785211880.1030774,15,265.71875,4358.0
1785211880.1030774,15,267.375,4369.5
1785211880.1030774,15,268.984375,4365.0
1785211880.1030774,15,270.625,4362.75
1785211880.1030774,15,272.265625,4374.75
1785211880.1030774,15,273.90625,4414.75
1785211880.1030774,15,275.5,4446.0
1785211880.1030774,15,283.71875,3821.5
1785211880.1030774,15,285.34375,3861.25
1785211880.1030774,15,286.984375,3911.5
1785211880.1030774,15,288.625,3945.25
1785211880.1030774,15,290.234375,3971.0
1785211880.1030774,15,291.875,4020.25
1785211880.1030774,15,295.078125,4597.0
1785211880.1030774,15,296.71875,4684.25
1785211880.1030774,11,313.25,4092.25
1785211880.1030774,11,318.171875,3912.25
1785211880.1030774,9,319.828125,3917.25
1785211880.1030774,15,321.46875,3906.25
1785211880.1030774,10,323.125,3851.0
1785211880.1030774,15,324.765625,3780.75
1785211880.1030774,15,328.859375,1226.0
1785211880.1030774,15,336.9375,1379.0
1785211880.1030774,15,338.5625,1375.25
1785211880.1030774,15,341.171875,3630.5
1785211880.1030774,15,342.8125,3624.0
1785211880.1030774,11,344.453125,3596.25
1785211880.1030774,12,346.078125,3569.75
1785211880.1030774,13,347.8125,3555.0
1785211880.1030774,10,349.46875,3556.25
1785211880.329955,15,351.421875,3773.0
1785211880.329955,10,353.078125,3799.5
1785211880.329955,15,354.71875,3834.0
1785211880.329955,9,356.34375,3858.5
1785211880.329955,15,357.984375,3869.25
1785211880.329955,15,359.609375,3909.75
1785211880.329955,15,1.234375,3956.0
1785211880.329955,11,2.890625,3992.25
1785211880.329955,15,4.515625,4041.75
1785211880.329955,11,6.15625,4057.75
1785211880.329955,15,7.796875,4068.25
1785211880.329955,15,9.4375,4086.75
1785211880.329955,15,11.0,4103.0
1785211880.329955,15,12.625,4139.25
1785211880.329955,15,217.171875,6484.25
1785211880.329955,15,220.453125,6005.25
1785211880.329955,15,222.109375,5840.25
1785211880.329955,15,225.40625,5516.5
1785211880.329955,15,227.03125,5395.75
1785211880.329955,15,230.390625,4173.25
1785211880.329955,15,232.015625,4218.75
1785211880.329955,15,235.265625,4671.25
1785211880.329955,15,236.90625,4597.0
1785211880.329955,15,238.546875,4524.75
1785211880.329955,15,240.1875,4457.5
1785211880.329955,15,241.828125,4414.0
1785211880.329955,15,243.46875,4361.25
1785211880.329955,15,245.125,4287.5
1785211880.329955,15,246.765625,4251.25
1785211880.329955,15,248.390625,4297.5
1785211880.329955,15,250.03125,4318.0
1785211880.329955,15,253.3125,4538.0
1785211880.329955,15,254.953125,4510.75
1785211880.329955,15,256.578125,4501.0
1785211880.329955,15,258.234375,4484.0
1785211880.329955,15,259.859375,4477.25
1785211880.329955,15,261.5,4470.0
1785211880.329955,15,263.140625,4435.25
1785211880.329955,15,264.78125,4430.5
1785211880.329955,15,266.390625,4459.25
1785211880.329955,15,268.0625,4464.5
1785211880.329955,15,269.6875,4456.0
1785211880.329955,15,271.3125,4452.0
1785211880.329955,15,272.953125,4459.25
1785211880.329955,15,274.484375,4481.0
1785211880.329955,15,276.125,4499.25
1785211880.329955,15,279.390625,4182.5
1785211880.329955,15,282.6875,3880.0
1785211880.329955,15,284.3125,3926.75
1785211880.329955,15,285.9375,3961.25
1785211880.329955,15,287.578125,3988.75
1785211880.329955,15,289.1875,4044.75
1785211880.329955,15,290.828125,4112.75
1785211880.329955,15,292.453125,4162.0
1785211880.329955,15,295.671875,4755.25
1785211880.329955,8,310.578125,4203.75
1785211880.329955,11,312.234375,4158.75
1785211880.329955,7,313.875,4121.5
1785211880.329955,9,315.5,4088.25
1785211880.329955,15,320.453125,4034.5
1785211880.329955,11,322.09375,3957.75
1785211880.329955,9,323.75,3921.0
1785211880.329955,15,325.390625,3912.75
1785211880.329955,15,327.03125,3885.75
1785211880.329955,10,328.6875,3853.0
1785211880.329955,11,330.3125,3833.0
1785211880.329955,15,334.28125,1413.0
1785211880.329955,15,335.90625,1412.0
1785211880.329955,10,338.546875,3843.25
1785211880.329955,15,342.59375,1261.0
1785211880.329955,10,345.09375,3843.75
1785211880.329955,10,346.671875,3814.5
1785211880.329955,10,348.34375,3803.75
1785211880.329955,13,349.953125,3798.0
1785211880.4409869,15,351.609375,3800.0
1785211880.4409869,13,353.234375,3813.25
1785211880.4409869,15,354.875,3856.5
1785211880.4409869,15,356.484375,3897.75
1785211880.4409869,15,358.125,3910.5
1785211880.4409869,15,359.765625,3938.75
1785211880.4409869,13,1.390625,4011.0
1785211880.4409869,15,3.015625,4097.5
1785211880.4409869,15,4.671875,4143.25
1785211880.4409869,15,6.3125,4167.5
1785211880.4409869,11,7.921875,4198.25
1785211880.4409869,9,9.5625,4229.75
1785211880.4409869,9,11.15625,4289.75
1785211880.4409869,15,217.015625,6504.75
1785211880.4409869,15,221.921875,5890.0
1785211880.4409869,15,225.21875,5569.75
1785211880.4409869,15,226.90625,5429.5
1785211880.4409869,15,230.28125,4261.75
1785211880.4409869,15,238.4375,4531.5
1785211880.4409869,15,240.078125,4474.0
1785211880.4409869,15,241.71875,4433.5
1785211880.4409869,15,243.359375,4388.25
1785211880.4409869,15,245.015625,4330.0
1785211880.4409869,15,246.65625,4259.75
1785211880.4409869,15,249.90625,4343.0
1785211880.4409869,15,253.171875,4557.0
1785211880.4409869,15,254.8125,4546.25
1785211880.4409869,15,256.4375,4522.0
1785211880.4409869,15,258.09375,4501.5
1785211880.4409869,15,259.71875,4491.75
1785211880.4409869,15,261.375,4491.75
1785211880.4409869,15,263.0,4484.5
1785211880.4409869,15,264.625,4482.0
1785211880.4409869,15,266.265625,4483.25
1785211880.4409869,15,267.890625,4466.5
1785211880.4409869,15,269.546875,4459.5
1785211880.4409869,15,271.171875,4481.75
1785211880.4409869,15,272.8125,4500.5
1785211880.4409869,15,274.40625,4499.25
1785211880.4409869,15,276.046875,4503.75
1785211880.4409869,15,279.34375,4215.0
1785211880.4409869,15,282.640625,3930.75
1785211880.4409869,15,284.265625,3954.5
1785211880.4409869,15,285.875,4000.75
1785211880.4409869,15,287.515625,4048.5
1785211880.4409869,15,289.140625,4089.25
1785211880.4409869,15,290.765625,4145.0
1785211880.4409869,15,294.015625,4675.5
1785211880.4409869,15,295.625,4744.75
1785211880.4409869,15,297.25,4827.75
1785211880.4409869,15,317.046875,4135.25
1785211880.4409869,9,318.703125,4120.0
1785211880.4409869,8,320.328125,4102.75
1785211880.4409869,9,321.96875,4080.75
1785211880.4409869,11,325.3125,4011.5
1785211880.4409869,15,326.953125,3938.5
1785211880.4409869,13,328.59375,3912.75
1785211880.4409869,13,330.25,3903.25
1785211880.4409869,15,334.1875,1424.5
1785211880.4409869,13,336.8125,3846.25
1785211880.4409869,12,338.453125,3831.75
1785211880.4409869,15,342.484375,1272.25
1785211880.4409869,15,348.3125,3732.75
1785211880.4409869,15,349.96875,3747.25
1785211880.5553179,14,351.609375,3778.75
1785211880.5553179,11,353.234375,3809.25
1785211880.5553179,11,354.890625,3827.75
1785211880.5553179,15,356.53125,3846.0
1785211880.5553179,15,358.15625,3882.75
1785211880.5553179,15,359.8125,3912.5
1785211880.5553179,10,1.421875,3947.25
1785211880.5553179,11,3.0625,4005.75
1785211880.5553179,11,4.703125,4048.0
1785211880.5553179,15,6.359375,4085.75
1785211880.5553179,15,7.96875,4120.0
1785211880.5553179,15,9.625,4145.75
1785211880.5553179,15,13.5,1417.25
1785211880.5553179,15,217.28125,6511.75
1785211880.5553179,15,220.5625,6067.0
1785211880.5553179,15,222.203125,5913.0
1785211880.5553179,15,227.140625,5405.75
1785211880.5553179,15,230.484375,4291.75
1785211880.5553179,15,238.65625,4595.0
1785211880.5553179,15,240.3125,4518.0
1785211880.5553179,15,241.953125,4439.0
1785211880.5553179,15,243.59375,4395.75
1785211880.5553179,15,245.25,4366.75
1785211880.5553179,15,246.875,4318.0
1785211880.5553179,15,248.5,4352.75
1785211880.5553179,15,250.15625,4404.5
1785211880.5553179,15,253.390625,4632.25
1785211880.5553179,15,255.046875,4593.75
1785211880.5553179,15,256.6875,4573.25
1785211880.5553179,15,258.328125,4546.25
1785211880.5553179,15,259.96875,4522.5
1785211880.5553179,15,261.59375,4522.5
1785211880.5553179,15,263.234375,4514.5
1785211880.5553179,15,264.875,4501.0
1785211880.5553179,15,266.515625,4500.25
1785211880.5553179,15,268.140625,4501.5
1785211880.5553179,15,269.78125,4502.25
1785211880.5553179,15,271.421875,4519.5
1785211880.5553179,15,273.046875,4533.75
1785211880.5553179,15,274.671875,4530.5
1785211880.5553179,15,276.296875,4480.75
1785211880.5553179,15,281.234375,4008.75
1785211880.5553179,15,282.875,3963.5
1785211880.5553179,15,284.5,4002.25
1785211880.5553179,15,286.125,4054.5
1785211880.5553179,15,287.78125,4092.75
1785211880.5553179,15,289.40625,4133.0
1785211880.5553179,15,291.03125,4186.25
1785211880.5553179,15,294.265625,4733.25
1785211880.5553179,15,295.890625,4809.75
1785211880.5553179,12,312.5,4169.25
1785211880.5553179,9,314.140625,4142.0
1785211880.5553179,15,315.78125,4124.5
1785211880.5553179,13,317.421875,4108.75
1785211880.5553179,15,319.078125,4063.0
1785211880.5553179,10,320.734375,3994.5
1785211880.5553179,12,322.390625,3952.25
1785211880.5553179,13,324.015625,3938.75
1785211880.5553179,15,325.6875,3919.25
1785211880.5553179,15,327.328125,3895.5
1785211880.5553179,11,328.984375,3885.5
1785211880.5553179,15,332.90625,1433.25
1785211880.5553179,15,341.28125,1282.5
1785211880.5553179,11,347.0,3809.75
1785211880.5553179,15,348.65625,3799.5
1785211880.5553179,15,350.296875,3813.25
1785211880.6664736,15,351.921875,3834.0
1785211880.6664736,15,353.546875,3879.75
1785211880.6664736,15,355.1875,3923.0
1785211880.6664736,15,356.828125,3947.0
1785211880.6664736,10,358.46875,3990.75
1785211880.6664736,15,0.09375,4066.75
1785211880.6664736,15,1.71875,4127.25
1785211880.6664736,15,3.375,4159.75
1785211880.6664736,12,5.015625,4201.5
1785211880.6664736,11,6.65625,4237.75
1785211880.6664736,10,8.28125,4265.0
1785211880.6664736,15,12.203125,1407.25
1785211880.6664736,15,217.65625,6527.75
1785211880.6664736,15,222.59375,5907.75
1785211880.6664736,15,224.21875,5749.0
1785211880.6664736,15,225.875,5580.75
1785211880.6664736,15,227.515625,5428.0
1785211880.6664736,15,230.84375,4301.25
1785211880.6664736,15,232.484375,4310.25
1785211880.6664736,15,235.71875,4761.5
1785211880.6664736,15,237.359375,4689.5
1785211880.6664736,15,239.0,4621.0
1785211880.6664736,15,240.640625,4545.25
1785211880.6664736,15,242.296875,4477.5
1785211880.6664736,15,243.921875,4432.75
1785211880.6664736,15,245.5625,4398.75
1785211880.6664736,15,247.203125,4372.0
1785211880.6664736,15,248.828125,4397.75
1785211880.6664736,15,250.453125,4434.75
1785211880.6664736,15,253.71875,4649.25
1785211880.6664736,15,255.375,4616.75
1785211880.6664736,15,257.0,4601.25
1785211880.6664736,15,258.625,4588.0
1785211880.6664736,15,260.265625,4551.25
1785211880.6664736,15,261.90625,4530.0
1785211880.6664736,15,263.5625,4525.0
1785211880.6664736,15,265.1875,4527.5
1785211880.6664736,15,266.8125,4531.75
1785211880.6664736,15,268.453125,4529.25
1785211880.6664736,15,270.09375,4537.5
1785211880.6664736,15,271.71875,4550.5
1785211880.6664736,15,273.359375,4561.25
1785211880.6664736,15,275.015625,4600.75
1785211880.6664736,15,278.3125,4396.25
1785211880.6664736,15,281.609375,3979.0
1785211880.6664736,15,283.25,4011.75
1785211880.6664736,15,284.875,4068.75
1785211880.6664736,15,286.515625,4123.25
1785211880.6664736,15,288.15625,4160.75
1785211880.6664736,15,289.765625,4189.75
1785211880.6664736,15,291.421875,4233.75
1785211880.6664736,11,304.640625,4102.0
1785211880.6664736,14,309.609375,3902.25
1785211880.6664736,9,311.234375,3858.0
1785211880.6664736,8,312.90625,3790.0
1785211880.6664736,12,314.5625,3728.25
1785211880.6664736,13,316.21875,3692.25
1785211880.6664736,15,317.84375,3674.75
1785211880.6664736,15,319.5,3657.0
1785211880.6664736,15,321.125,3632.75
1785211880.6664736,13,322.78125,3608.75
1785211880.6664736,11,324.4375,3578.0
1785211880.6664736,8,326.078125,3560.5
1785211880.6664736,10,327.71875,3560.5
1785211880.6664736,15,331.640625,1447.75
1785211880.6664736,15,339.953125,1296.75
1785211880.6664736,15,345.8125,3736.0
1785211880.6664736,15,347.375,3744.0
1785211880.6664736,15,349.015625,3769.0
1785211880.7780426,9,350.65625,3802.25
1785211880.7780426,15,352.28125,3852.0
1785211880.7780426,15,353.90625,3886.0
1785211880.7780426,15,355.5625,3900.5
1785211880.7780426,15,357.203125,3932.25
1785211880.7780426,11,358.84375,3985.0
1785211880.7780426,10,0.46875,4033.5
1785211880.7780426,15,2.09375,4088.5
1785211880.7780426,15,3.734375,4117.5
1785211880.7780426,15,5.390625,4119.0
1785211880.7780426,15,7.0,4130.25
1785211880.7780426,15,11.0,1397.75
1785211880.7780426,15,217.859375,6518.5
1785211880.7780426,15,222.78125,5915.25
1785211880.7780426,15,226.078125,5575.75
1785211880.7780426,15,227.71875,5446.75
1785211880.7780426,15,231.046875,4296.0
1785211880.7780426,15,232.6875,4337.75
1785211880.7780426,15,235.9375,4737.25
1785211880.7780426,15,237.5625,4699.5
1785211880.7780426,15,239.21875,4639.75
1785211880.7780426,15,240.84375,4570.25
1785211880.7780426,15,242.5,4497.75
1785211880.7780426,15,244.125,4444.0
1785211880.7780426,15,245.765625,4415.75
1785211880.7780426,15,247.40625,4432.5
1785211880.7780426,15,249.03125,4457.25
1785211880.7780426,15,250.640625,4478.0
1785211880.7780426,15,253.90625,4698.0
1785211880.7780426,15,255.53125,4670.25
1785211880.7780426,15,257.171875,4650.5
1785211880.7780426,15,258.8125,4616.75
1785211880.7780426,15,260.421875,4589.75
1785211880.7780426,15,262.0625,4593.0
1785211880.7780426,15,263.703125,4575.75
1785211880.7780426,15,265.3125,4567.0
1785211880.7780426,15,266.96875,4572.5
1785211880.7780426,15,268.59375,4553.25
1785211880.7780426,15,270.234375,4566.75
1785211880.7780426,15,271.859375,4601.25
1785211880.7780426,15,273.5,4607.0
1785211880.7780426,15,275.125,4627.75
1785211880.7780426,13,278.421875,4357.5
1785211880.7780426,15,281.703125,4042.25
1785211880.7780426,15,283.3125,4082.75
1785211880.7780426,15,284.953125,4129.5
1785211880.7780426,15,286.609375,4149.25
1785211880.7780426,15,288.21875,4183.0
1785211880.7780426,15,289.859375,4241.25
1785211880.7780426,15,293.078125,4788.25
1785211880.7780426,10,312.90625,4144.0
1785211880.7780426,9,314.53125,4103.25
1785211880.7780426,12,317.828125,4073.75
1785211880.7780426,9,319.453125,4042.75
1785211880.7780426,11,322.75,4026.75
1785211880.7780426,13,324.375,4002.0
1785211880.7780426,9,326.015625,3961.75
1785211880.7780426,11,327.65625,3952.75
1785211880.7780426,15,331.59375,1465.0
1785211880.7780426,15,333.203125,1460.0
1785211880.7780426,15,338.28125,1306.75
1785211880.7780426,9,344.0625,3854.0
1785211880.7780426,9,345.71875,3818.25
1785211880.7780426,14,347.40625,3800.5
1785211880.7780426,10,349.0625,3789.75
1785211880.8933887,11,350.703125,3803.5
1785211880.8933887,15,352.3125,3833.5
1785211880.8933887,15,353.984375,3847.25
1785211880.8933887,12,355.59375,3841.25
1785211880.8933887,15,357.234375,3861.25
1785211880.8933887,15,358.890625,3903.25
1785211880.8933887,13,0.515625,3946.25
1785211880.8933887,12,2.171875,3996.0
1785211880.8933887,14,3.796875,4029.75
1785211880.8933887,11,5.4375,4043.5
1785211880.8933887,15,9.4375,1392.75
1785211880.8933887,15,12.578125,1459.25
1785211880.8933887,15,218.015625,6527.5
1785211880.8933887,15,222.9375,5933.75
1785211880.8933887,15,224.59375,5796.75
1785211880.8933887,15,227.84375,5455.75
1785211880.8933887,15,231.1875,4326.5
1785211880.8933887,15,236.0625,4772.5
1785211880.8933887,15,237.6875,4722.5
1785211880.8933887,15,239.328125,4673.25
1785211880.8933887,15,241.0,4604.0
1785211880.8933887,15,242.625,4540.75
1785211880.8933887,15,244.25,4481.75
1785211880.8933887,15,245.890625,4426.0
1785211880.8933887,15,247.515625,4457.0
1785211880.8933887,15,249.15625,4503.5
1785211880.8933887,15,250.828125,4537.25
1785211880.8933887,15,252.46875,4650.25
1785211880.8933887,15,254.109375,4710.25
1785211880.8933887,15,255.734375,4689.5
1785211880.8933887,15,257.375,4675.5
1785211880.8933887,15,259.03125,4656.5
1785211880.8933887,15,260.65625,4648.5
1785211880.8933887,15,262.296875,4635.0
1785211880.8933887,15,263.9375,4604.5
1785211880.8933887,15,265.578125,4599.25
1785211880.8933887,15,267.203125,4596.25
1785211880.8933887,15,268.859375,4609.0
1785211880.8933887,15,270.484375,4625.75
1785211880.8933887,15,272.125,4639.5
1785211880.8933887,15,273.765625,4679.0
1785211880.8933887,15,275.375,4710.25
1785211880.8933887,15,280.328125,4124.0
1785211880.8933887,15,281.96875,4080.75
1785211880.8933887,15,283.609375,4121.75
1785211880.8933887,15,285.234375,4158.75
1785211880.8933887,15,286.859375,4194.5
1785211880.8933887,15,288.5,4240.75
1785211880.8933887,15,290.125,4325.0
1785211880.8933887,15,293.359375,4825.5
1785211880.8933887,9,295.0,4932.5
1785211880.8933887,14,316.46875,4145.75
1785211880.8933887,14,318.109375,4108.25
1785211880.8933887,8,319.75,4111.75
1785211880.8933887,10,323.046875,4051.0
1785211880.8933887,13,324.71875,3962.75
1785211880.8933887,13,326.328125,3921.0
1785211880.8933887,15,328.0,3904.0
1785211880.8933887,12,329.640625,3899.0
1785211880.8933887,15,333.5,1468.75
1785211880.8933887,15,336.921875,1326.5
1785211880.8933887,15,342.78125,3681.25
1785211880.8933887,15,344.421875,3665.0
1785211880.8933887,15,346.078125,3667.5
1785211880.8933887,15,347.8125,3673.0
1785211880.8933887,15,349.46875,3695.25
1785211881.0036056,15,351.109375,3727.25
1785211881.0036056,15,352.734375,3737.5
1785211881.0036056,15,354.390625,3747.25
1785211881.0036056,13,356.03125,3757.25
1785211881.0036056,11,357.671875,3779.5
1785211881.0036056,15,359.34375,3828.0
1785211881.0036056,15,0.96875,3882.75
1785211881.0036056,15,2.59375,3941.75
1785211881.0036056,15,6.578125,1395.0
1785211881.0036056,15,8.25,1392.5
1785211881.0036056,15,11.359375,1474.0
1785211881.0036056,15,13.015625,1478.0
1785211881.0036056,15,217.171875,6653.0
1785211881.0036056,15,218.8125,6484.0
1785211881.0036056,15,222.125,6042.5
1785211881.0036056,15,223.75,5892.5
1785211881.0036056,15,225.390625,5736.5
1785211881.0036056,15,227.046875,5586.25
1785211881.0036056,15,232.046875,4353.0
1785211881.0036056,15,235.28125,4889.0
1785211881.0036056,15,236.90625,4813.5
1785211881.0036056,15,238.5625,4729.25
1785211881.0036056,15,240.21875,4673.75
1785211881.0036056,15,241.84375,4600.25
1785211881.0036056,15,243.5,4534.5
1785211881.0036056,15,245.140625,4494.75
1785211881.0036056,15,246.75,4462.75
1785211881.0036056,15,248.421875,4473.25
1785211881.0036056,15,250.03125,4500.25
1785211881.0036056,15,253.375,4741.5
1785211881.0036056,15,255.03125,4722.25
1785211881.0036056,15,256.65625,4715.5
1785211881.0036056,15,258.3125,4698.25
1785211881.0036056,15,259.9375,4665.75
1785211881.0036056,15,261.609375,4649.25
1785211881.0036056,15,263.234375,4647.25
1785211881.0036056,15,264.890625,4642.0
1785211881.0036056,15,266.515625,4642.0
1785211881.0036056,15,268.171875,4636.25
1785211881.0036056,15,269.8125,4656.5
1785211881.0036056,15,271.453125,4667.0
1785211881.0036056,15,273.078125,4667.75
1785211881.0036056,15,274.671875,4707.0
1785211881.0036056,15,277.953125,4404.5
1785211881.0036056,15,281.25,4108.25
1785211881.0036056,15,282.890625,4138.25
1785211881.0036056,15,284.515625,4185.0
1785211881.0036056,15,286.15625,4218.0
1785211881.0036056,15,287.78125,4273.75
1785211881.0036056,15,289.40625,4355.75
1785211881.0036056,11,305.9375,4131.0
1785211881.0036056,9,310.875,3951.75
1785211881.0036056,8,312.546875,3931.25
1785211881.0036056,13,314.1875,3921.0
1785211881.0036056,15,315.828125,3905.25
1785211881.0036056,13,317.46875,3886.25
1785211881.0036056,14,319.125,3867.75
1785211881.0036056,8,320.78125,3825.25
1785211881.0036056,8,322.4375,3783.25
1785211881.0036056,15,324.078125,3755.5
1785211881.0036056,12,325.734375,3687.75
1785211881.0036056,15,327.390625,3624.0
1785211881.0036056,15,329.03125,3581.5
1785211881.0036056,9,330.65625,3593.25
1785211881.0036056,14,332.28125,3681.75
1785211881.0036056,15,339.515625,1416.25
1785211881.0036056,15,345.4375,3711.0
1785211881.0036056,15,347.078125,3737.0
1785211881.0036056,13,348.703125,3764.0
1785211881.0036056,11,350.34375,3795.25
1785211881.1162105,12,352.015625,3809.75
1785211881.1162105,12,353.640625,3806.25
1785211881.1162105,10,355.265625,3818.25
1785211881.1162105,15,356.90625,3865.0
1785211881.1162105,9,358.546875,3918.0
1785211881.1162105,14,0.203125,3979.5
1785211881.1162105,12,1.828125,4027.75
1785211881.1162105,15,5.8125,1382.5
1785211881.1162105,15,9.0625,1450.75
1785211881.1162105,15,10.71875,1466.5
1785211881.1162105,15,12.234375,1470.5
1785211881.1162105,15,219.59375,6441.0
1785211881.1162105,15,222.859375,6006.5
1785211881.1162105,15,224.515625,5858.0
1785211881.1162105,15,226.140625,5702.0
1785211881.1162105,15,231.15625,4373.5
1785211881.1162105,15,239.3125,4731.25
1785211881.1162105,15,240.953125,4681.5
1785211881.1162105,15,242.59375,4623.25
1785211881.1162105,15,244.234375,4549.0
1785211881.1162105,15,245.859375,4488.25
1785211881.1162105,15,247.5,4534.0
1785211881.1162105,15,249.140625,4570.25
1785211881.1162105,15,250.796875,4610.5
1785211881.1162105,15,252.4375,4722.0
1785211881.1162105,15,254.0625,4762.0
1785211881.1162105,15,255.703125,4756.5
1785211881.1162105,15,257.359375,4738.0
1785211881.1162105,15,258.984375,4714.75
1785211881.1162105,15,260.640625,4686.25
1785211881.1162105,15,262.265625,4642.5
1785211881.1162105,15,263.921875,4638.0
1785211881.1162105,15,265.546875,4653.75
1785211881.1162105,15,267.1875,4658.25
1785211881.1162105,15,268.828125,4674.75
1785211881.1162105,15,270.453125,4690.0
1785211881.1162105,15,272.09375,4714.25
1785211881.1162105,15,273.734375,4721.75
1785211881.1162105,15,275.328125,4657.75
1785211881.1162105,15,276.953125,4551.75
1785211881.1162105,15,280.265625,4141.5
1785211881.1162105,15,281.90625,4171.75
1785211881.1162105,15,283.53125,4212.0
1785211881.1162105,15,285.15625,4251.5
1785211881.1162105,15,286.796875,4296.75
1785211881.1162105,15,288.40625,4359.5
1785211881.1162105,15,290.03125,4409.25
1785211881.1162105,10,309.8125,4120.0
1785211881.1162105,7,311.46875,4102.25
1785211881.1162105,15,318.046875,3917.0
1785211881.1162105,15,319.703125,3900.0
1785211881.1162105,9,321.34375,3856.5
1785211881.1162105,15,323.03125,3789.75
1785211881.1162105,15,324.6875,3730.75
1785211881.1162105,15,326.328125,3657.5
1785211881.1162105,15,328.015625,3599.75
1785211881.1162105,15,329.65625,3558.25
1785211881.1162105,15,340.125,1403.0
1785211881.1162105,15,346.078125,3665.25
1785211881.1162105,15,347.75,3674.5
1785211881.1162105,15,349.390625,3698.25
1785211881.2311294,15,351.015625,3729.75
1785211881.2311294,15,352.6875,3748.5
1785211881.2311294,11,354.328125,3753.75
1785211881.2311294,13,355.96875,3776.5
1785211881.2311294,15,357.609375,3830.75
1785211881.2311294,15,359.234375,3889.25
1785211881.2311294,15,3.1875,1387.25
1785211881.2311294,15,4.828125,1384.75
1785211881.2311294,15,8.0625,1455.75
1785211881.2311294,15,9.703125,1461.5
1785211881.2311294,15,11.25,1471.0
1785211881.2311294,15,218.53125,6536.75
1785211881.2311294,15,223.46875,5980.0
1785211881.2311294,15,225.09375,5859.0
1785211881.2311294,15,231.71875,4435.0
1785211881.2311294,15,236.609375,4883.75
1785211881.2311294,15,238.234375,4797.0
1785211881.2311294,15,239.890625,4735.25
1785211881.2311294,15,241.53125,4687.5
1785211881.2311294,15,243.15625,4630.5
1785211881.2311294,15,244.8125,4571.0
1785211881.2311294,15,246.453125,4513.5
1785211881.2311294,15,248.078125,4547.5
1785211881.2311294,15,249.71875,4584.0
1785211881.2311294,15,253.015625,4810.0
1785211881.2311294,15,254.625,4771.5
1785211881.2311294,15,256.28125,4759.25
1785211881.2311294,15,257.921875,4741.25
1785211881.2311294,15,259.546875,4738.0
1785211881.2311294,15,261.1875,4721.0
1785211881.2311294,15,262.8125,4717.75
1785211881.2311294,15,264.46875,4738.0
1785211881.2311294,15,266.109375,4729.0
1785211881.2311294,15,267.734375,4715.5
1785211881.2311294,15,269.359375,4729.25
1785211881.2311294,15,271.0,4743.5
1785211881.2311294,15,272.640625,4744.75
1785211881.2311294,15,274.28125,4762.0
1785211881.2311294,15,277.546875,4453.25
1785211881.2311294,15,280.8125,4186.75
1785211881.2311294,15,282.46875,4211.5
1785211881.2311294,15,284.09375,4269.25
1785211881.2311294,15,285.71875,4329.75
1785211881.2311294,15,287.34375,4375.0
1785211881.2311294,15,288.96875,4411.0
1785211881.2311294,9,302.203125,4134.0
1785211881.2311294,12,308.78125,3897.5
1785211881.2311294,9,310.421875,3883.25
1785211881.2311294,8,312.078125,3850.25
1785211881.2311294,7,313.734375,3782.75
1785211881.2311294,15,315.375,3726.5
1785211881.2311294,13,317.015625,3695.75
1785211881.2311294,13,318.640625,3671.75
1785211881.2311294,15,320.28125,3658.25
1785211881.2311294,15,321.9375,3641.5
1785211881.2311294,13,323.65625,3620.25
1785211881.2311294,15,325.3125,3623.5
1785211881.2311294,15,326.953125,3615.0
1785211881.2311294,15,328.578125,3574.75
1785211881.2311294,9,330.25,3513.75
1785211881.2311294,15,335.953125,1276.75
1785211881.2311294,15,339.078125,1415.5
1785211881.2311294,7,341.75,3640.25
1785211881.2311294,15,343.390625,3635.25
1785211881.2311294,15,345.046875,3668.75
1785211881.2311294,15,346.59375,3702.75
1785211881.2311294,15,348.21875,3725.75
1785211881.2311294,15,349.890625,3741.75
1785211881.3424275,11,351.5,3774.75
1785211881.3424275,10,353.171875,3788.25
1785211881.3424275,10,354.78125,3793.75
1785211881.3424275,15,356.4375,3826.75
1785211881.3424275,15,358.046875,3879.25
1785211881.3424275,15,1.984375,1378.0
1785211881.3424275,15,3.640625,1392.75
1785211881.3424275,15,6.859375,1462.5
1785211881.3424275,15,8.546875,1456.5
1785211881.3424275,15,10.140625,1470.25
1785211881.3424275,15,192.796875,8459.0
1785211881.3424275,15,214.078125,7288.25
1785211881.3424275,15,219.015625,6514.75
1785211881.3424275,15,223.953125,5967.75
1785211881.3424275,15,227.234375,5664.25
1785211881.3424275,15,232.21875,4455.25
1785211881.3424275,15,235.453125,4966.75
1785211881.3424275,15,237.09375,4883.25
1785211881.3424275,15,238.734375,4795.25
1785211881.3424275,15,240.375,4738.0
1785211881.3424275,15,242.03125,4690.75
1785211881.3424275,15,243.65625,4646.5
1785211881.3424275,15,245.296875,4595.5
1785211881.3424275,15,246.9375,4577.5
1785211881.3424275,15,248.5625,4600.0
1785211881.3424275,15,250.1875,4663.0
1785211881.3424275,15,251.828125,4771.0
1785211881.3424275,15,253.46875,4827.5
1785211881.3424275,15,255.09375,4811.25
1785211881.3424275,15,256.75,4782.75
1785211881.3424275,15,258.359375,4760.5
1785211881.3424275,15,260.015625,4759.25
1785211881.3424275,15,261.65625,4748.25
1785211881.3424275,15,263.28125,4740.75
1785211881.3424275,15,264.921875,4753.75
1785211881.3424275,15,266.5625,4744.75
1785211881.3424275,15,268.1875,4742.75
1785211881.3424275,15,269.828125,4747.5
1785211881.3424275,15,271.453125,4758.5
1785211881.3424275,15,273.09375,4768.25
1785211881.3424275,15,274.734375,4723.5
1785211881.3424275,15,279.671875,4215.25
1785211881.3424275,15,281.296875,4239.5
1785211881.3424275,15,282.953125,4277.75
1785211881.3424275,15,284.5625,4339.0
1785211881.3424275,15,286.1875,4394.0
1785211881.3424275,15,287.8125,4423.5
1785211881.3424275,10,309.296875,3938.25
1785211881.3424275,13,310.953125,3925.75
1785211881.3424275,12,312.59375,3912.0
1785211881.3424275,9,314.234375,3886.75
1785211881.3424275,5,315.890625,3831.5
1785211881.3424275,9,317.546875,3747.0
1785211881.3424275,12,319.171875,3704.25
1785211881.3424275,15,320.828125,3688.0
1785211881.3424275,14,322.484375,3677.25
1785211881.3424275,15,324.109375,3675.25
1785211881.3424275,15,325.75,3645.0
1785211881.3424275,15,327.40625,3613.75
1785211881.3424275,15,332.328125,3670.5
1785211881.3424275,15,333.953125,3689.0
1785211881.3424275,15,342.1875,3660.75
1785211881.3424275,15,343.828125,3682.75
1785211881.3424275,15,345.453125,3707.0
1785211881.3424275,14,347.109375,3731.5
1785211881.3424275,15,348.75,3762.0
1785211881.3424275,13,350.40625,3783.0
1785211881.5646904,11,351.203125,3791.5
1785211881.5646904,13,352.859375,3802.25
1785211881.5646904,15,354.484375,3839.0
1785211881.5646904,15,358.46875,1378.5
1785211881.5646904,15,0.046875,1386.75
1785211881.5646904,15,3.359375,1457.25
1785211881.5646904,15,4.96875,1450.0
1785211881.5646904,15,6.59375,1459.75
1785211881.5646904,11,10.84375,4391.75
1785211881.5646904,11,12.5,4410.0
1785211881.5646904,15,207.484375,8511.5
1785211881.5646904,15,219.015625,6548.75
1785211881.5646904,15,220.671875,6420.25
1785211881.5646904,15,223.984375,6003.5
1785211881.5646904,15,225.625,5882.75
1785211881.5646904,15,232.25,4513.25
1785211881.5646904,15,235.484375,5018.75
1785211881.5646904,15,237.140625,4963.25
1785211881.5646904,15,238.78125,4844.0
1785211881.5646904,15,240.4375,4769.25
1785211881.5646904,15,242.0625,4745.5
1785211881.5646904,15,243.71875,4709.0
1785211881.5646904,15,245.359375,4658.0
1785211881.5646904,15,247.0,4651.25
1785211881.5646904,15,248.640625,4689.5
1785211881.5646904,15,250.28125,4723.0
1785211881.5646904,15,253.5625,4936.0
1785211881.5646904,15,255.1875,4900.75
1785211881.5646904,15,256.828125,4859.75
1785211881.5646904,15,258.46875,4835.25
1785211881.5646904,15,260.125,4834.5
1785211881.5646904,15,261.75,4839.5
1785211881.5646904,15,263.390625,4836.0
1785211881.5646904,15,265.03125,4833.25
1785211881.5646904,15,266.6875,4814.75
1785211881.5646904,15,268.3125,4809.25
1785211881.5646904,15,269.96875,4826.0
1785211881.5646904,15,271.59375,4834.5
1785211881.5646904,15,273.25,4855.25
1785211881.5646904,15,274.859375,4811.25
1785211881.5646904,14,276.515625,4699.5
1785211881.5646904,15,279.828125,4312.25
1785211881.5646904,15,281.453125,4363.5
1785211881.5646904,15,283.09375,4403.25
1785211881.5646904,15,284.734375,4427.0
1785211881.5646904,15,286.359375,4461.5
1785211881.5646904,15,288.0,4510.5
1785211881.5646904,8,299.5625,4120.25
1785211881.5646904,7,304.515625,3943.25
1785211881.5646904,9,307.796875,3925.75
1785211881.5646904,11,309.453125,3905.0
1785211881.5646904,8,311.109375,3884.0
1785211881.5646904,9,312.75,3854.0
1785211881.5646904,9,316.046875,3784.75
1785211881.5646904,12,319.3125,3736.5
1785211881.5646904,10,320.984375,3726.0
1785211881.5646904,15,322.609375,3739.25
1785211881.5646904,15,324.25,3722.5
1785211881.5646904,15,325.90625,3648.0
1785211881.5646904,15,334.65625,1463.5
1785211881.5646904,14,337.375,3772.5
1785211881.5646904,10,339.015625,3773.0
1785211881.5646904,10,340.671875,3780.0
1785211881.5646904,11,342.3125,3790.5
1785211881.5646904,10,343.9375,3815.25
1785211881.5646904,15,345.5625,3856.0
1785211881.5646904,15,347.234375,3885.0
1785211881.5646904,15,348.859375,3901.25
1785211881.6781833,15,350.515625,3920.5
1785211881.6781833,15,352.140625,3938.25
1785211881.6781833,11,353.765625,3983.25
1785211881.6781833,15,357.734375,1378.0
1785211881.6781833,15,1.0,1437.75
1785211881.6781833,15,2.671875,1444.25
1785211881.6781833,15,4.265625,1447.5
1785211881.6781833,15,5.875,1466.5
1785211881.6781833,12,11.78125,4403.5
1785211881.6781833,15,206.5625,8692.5
1785211881.6781833,15,214.796875,7268.0
1785211881.6781833,15,219.734375,6524.5
1785211881.6781833,15,221.359375,6391.25
1785211881.6781833,15,224.65625,5986.75
1785211881.6781833,15,226.28125,5866.75
1785211881.6781833,15,227.921875,5720.0
1785211881.6781833,12,232.90625,4559.25
1785211881.6781833,15,236.15625,5016.0
1785211881.6781833,15,237.78125,4940.0
1785211881.6781833,15,239.421875,4856.5
1785211881.6781833,15,241.078125,4776.5
1785211881.6781833,15,242.71875,4739.75
1785211881.6781833,15,244.34375,4716.25
1785211881.6781833,15,246.0,4676.25
1785211881.6781833,15,247.625,4690.25
1785211881.6781833,15,249.25,4720.25
1785211881.6781833,15,252.578125,4934.5
1785211881.6781833,15,254.203125,4922.0
1785211881.6781833,15,255.859375,4898.5
1785211881.6781833,15,257.5,4906.5
1785211881.6781833,15,259.140625,4879.25
1785211881.6781833,15,260.78125,4845.25
1785211881.6781833,15,262.421875,4846.5
1785211881.6781833,15,264.0625,4846.0
1785211881.6781833,15,265.703125,4847.5
1785211881.6781833,15,267.359375,4825.5
1785211881.6781833,15,268.984375,4832.0
1785211881.6781833,15,270.609375,4871.75
1785211881.6781833,15,272.265625,4892.0
1785211881.6781833,9,273.90625,4885.5
1785211881.6781833,15,278.84375,4314.0
1785211881.6781833,15,280.453125,4362.25
1785211881.6781833,15,282.09375,4409.25
1785211881.6781833,15,283.71875,4437.0
1785211881.6781833,15,285.375,4487.25
1785211881.6781833,15,287.0,4548.0
1785211881.6781833,8,305.15625,4134.0
1785211881.6781833,8,306.765625,4116.5
1785211881.6781833,12,313.375,3931.25
1785211881.6781833,13,315.015625,3905.75
1785211881.6781833,9,316.65625,3893.5
1785211881.6781833,15,318.296875,3841.25
1785211881.6781833,8,319.953125,3803.75
1785211881.6781833,9,321.625,3792.25
1785211881.6781833,15,323.265625,3747.25
1785211881.6781833,15,324.90625,3679.25
1785211881.6781833,8,328.203125,3682.25
1785211881.6781833,11,329.828125,3734.75
1785211881.6781833,15,338.0625,3754.25
1785211881.6781833,9,339.703125,3766.25
1785211881.6781833,8,341.34375,3782.0
1785211881.6781833,10,342.96875,3798.25
1785211881.6781833,11,344.640625,3823.25
1785211881.6781833,15,346.265625,3847.75
1785211881.6781833,15,347.90625,3874.75
1785211881.6781833,15,349.546875,3888.5
1785211881.7907162,15,351.1875,3897.25
1785211881.7907162,15,355.21875,1393.0
1785211881.7907162,15,356.8125,1379.5
1785211881.7907162,15,0.015625,1445.0
1785211881.7907162,15,1.71875,1441.0
1785211881.7907162,15,3.34375,1449.25
1785211881.7907162,15,4.921875,1474.25
1785211881.7907162,14,10.8125,4413.0
1785211881.7907162,12,12.46875,4464.75
1785211881.7907162,15,217.109375,6960.75
1785211881.7907162,15,220.390625,6498.25
1785211881.7907162,15,225.3125,5948.0
1785211881.7907162,15,226.96875,5818.75
1785211881.7907162,15,231.953125,4570.75
1785211881.7907162,15,236.8125,5024.25
1785211881.7907162,15,238.46875,4963.25
1785211881.7907162,15,240.109375,4872.25
1785211881.7907162,15,241.75,4793.25
1785211881.7907162,15,243.40625,4751.5
1785211881.7907162,15,245.03125,4727.0
1785211881.7907162,15,246.671875,4702.75
1785211881.7907162,15,248.296875,4722.5
1785211881.7907162,15,249.921875,4786.5
1785211881.7907162,15,253.296875,5016.0
1785211881.7907162,15,254.953125,4977.75
1785211881.7907162,15,256.609375,4960.5
1785211881.7907162,15,258.234375,4928.75
1785211881.7907162,15,259.875,4894.25
1785211881.7907162,15,261.53125,4881.75
1785211881.7907162,15,263.171875,4880.25
1785211881.7907162,15,264.8125,4885.5
1785211881.7907162,15,266.453125,4889.0
1785211881.7907162,15,268.09375,4903.0
1785211881.7907162,15,269.734375,4930.25
1785211881.7907162,15,271.390625,4944.25
1785211881.7907162,15,273.03125,4955.25
1785211881.7907162,10,276.265625,4662.25
1785211881.7907162,15,279.546875,4386.25
1785211881.7907162,15,281.1875,4424.0
1785211881.7907162,15,282.828125,4450.0
1785211881.7907162,15,284.4375,4492.0
1785211881.7907162,15,286.078125,4540.0
1785211881.7907162,15,287.734375,4594.0
1785211881.7907162,7,299.34375,4138.5
1785211881.7907162,9,304.296875,3931.25
1785211881.7907162,7,305.921875,3921.5
1785211881.7907162,14,307.578125,3907.25
1785211881.7907162,10,312.53125,3724.75
1785211881.7907162,13,314.1875,3691.0
1785211881.7907162,10,315.84375,3687.5
1785211881.7907162,15,317.484375,3675.0
1785211881.7907162,13,319.140625,3663.25
1785211881.7907162,14,320.78125,3644.25
1785211881.7907162,15,331.234375,1499.75
1785211881.7907162,15,343.8125,3698.25
1785211881.7907162,15,345.4375,3739.75
1785211881.7907162,12,347.09375,3765.0
1785211881.7907162,15,348.765625,3778.0
1785211881.7907162,12,350.40625,3792.0
1785211881.901106,15,354.390625,1388.25
1785211881.901106,15,356.03125,1383.5
1785211881.901106,15,359.296875,1447.75
1785211881.901106,15,0.875,1436.75
1785211881.901106,15,2.484375,1451.0
1785211881.901106,11,6.8125,4207.0
1785211881.901106,8,8.4375,4247.5
1785211881.901106,9,10.09375,4295.25
1785211881.901106,10,11.625,4371.0
1785211881.901106,15,206.421875,8730.75
1785211881.901106,15,221.234375,6434.75
1785211881.901106,15,224.515625,6048.5
1785211881.901106,15,226.171875,5925.75
1785211881.901106,15,232.828125,4603.25
1785211881.901106,15,236.0625,5093.0
1785211881.901106,15,237.703125,5027.0
1785211881.901106,15,239.34375,4945.25
1785211881.901106,15,241.0,4863.5
1785211881.901106,15,242.65625,4800.75
1785211881.901106,15,244.296875,4759.75
1785211881.901106,15,245.9375,4727.75
1785211881.901106,15,247.546875,4752.5
1785211881.901106,15,249.1875,4775.75
1785211881.901106,15,252.484375,5028.0
1785211881.901106,15,254.140625,5034.75
1785211881.901106,15,255.75,5007.5
1785211881.901106,15,257.421875,4979.25
1785211881.901106,15,259.0625,4969.5
1785211881.901106,15,260.671875,4956.75
1785211881.901106,15,262.34375,4928.0
1785211881.901106,15,263.96875,4901.5
1785211881.901106,15,265.609375,4900.75
1785211881.901106,15,267.25,4913.25
1785211881.901106,15,268.890625,4930.75
1785211881.901106,15,270.515625,4974.25
1785211881.901106,15,272.171875,5009.0
1785211881.901106,15,273.828125,4941.25
1785211881.901106,15,278.671875,4421.75
1785211881.901106,15,280.296875,4432.25
1785211881.901106,15,281.953125,4464.0
1785211881.901106,15,283.578125,4527.75
1785211881.901106,11,285.203125,4580.25
1785211881.901106,9,296.6875,4143.0
1785211881.901106,9,298.4375,4087.75
1785211881.901106,10,305.015625,3915.5
1785211881.901106,11,306.65625,3895.75
1785211881.901106,8,308.296875,3844.25
1785211881.901106,11,309.9375,3790.5
1785211881.901106,11,311.609375,3748.75
1785211881.901106,10,313.25,3699.25
1785211881.901106,15,314.890625,3688.75
1785211881.901106,11,316.53125,3695.25
1785211881.901106,10,318.171875,3685.0
1785211881.901106,15,319.828125,3697.0
1785211881.901106,12,321.453125,3710.0
1785211881.901106,15,323.171875,3730.75
1785211881.901106,9,324.828125,3709.25
1785211881.901106,15,330.296875,1518.0
1785211881.901106,11,333.046875,3813.75
1785211881.901106,12,334.703125,3789.75
1785211881.901106,7,336.34375,3768.75
1785211881.901106,12,338.0,3763.75
1785211881.901106,6,339.625,3766.5
1785211881.901106,6,341.265625,3784.0
1785211881.901106,9,342.921875,3797.25
1785211881.901106,10,344.5625,3797.25
1785211881.901106,12,346.203125,3785.5
1785211881.901106,13,347.84375,3778.75
1785211881.901106,15,349.484375,3769.0
1785211882.0155694,15,353.46875,1385.0
1785211882.0155694,15,355.078125,1390.25
1785211882.0155694,15,356.734375,1421.5
1785211882.0155694,15,358.359375,1438.5
1785211882.0155694,15,359.984375,1442.0
1785211882.0155694,15,1.625,1462.25
1785211882.0155694,14,7.5625,4020.5
1785211882.0155694,15,9.203125,4088.25
1785211882.0155694,11,10.734375,4123.75
1785211882.0155694,9,12.390625,4154.25
1785211882.0155694,15,215.328125,7250.0
1785211882.0155694,15,220.28125,6515.5
1785211882.0155694,15,221.90625,6367.25
1785211882.0155694,15,225.203125,6016.25
1785211882.0155694,15,226.890625,5894.25
1785211882.0155694,15,228.53125,5795.75
1785211882.0155694,15,231.875,4610.25
1785211882.0155694,13,233.484375,4660.25
1785211882.0155694,15,238.390625,5003.75
1785211882.0155694,15,240.046875,4966.75
1785211882.0155694,15,241.6875,4878.25
1785211882.0155694,15,243.328125,4799.5
1785211882.0155694,15,244.984375,4760.5
1785211882.0155694,15,246.609375,4746.0
1785211882.0155694,15,248.25,4785.0
1785211882.0155694,15,249.90625,4846.0
1785211882.0155694,15,253.140625,5087.25
1785211882.0155694,15,254.765625,5067.5
1785211882.0155694,15,256.4375,5043.5
1785211882.0155694,15,258.078125,5004.25
1785211882.0155694,15,259.703125,4983.0
1785211882.0155694,15,261.328125,4988.5
1785211882.0155694,15,262.984375,4974.0
1785211882.0155694,15,264.625,4967.25
1785211882.0155694,15,266.25,4980.75
1785211882.0155694,15,267.90625,4991.5
1785211882.0155694,15,269.53125,5019.75
1785211882.0155694,15,271.1875,5030.25
1785211882.0155694,15,272.8125,5035.0
1785211882.0155694,15,277.671875,4500.25
1785211882.0155694,15,279.328125,4443.0
1785211882.0155694,15,280.953125,4481.5
1785211882.0155694,15,282.578125,4529.5
1785211882.0155694,15,284.21875,4588.75
1785211882.0155694,15,285.84375,4656.5
1785211882.0155694,9,302.359375,4118.0
1785211882.0155694,8,310.5625,3881.25
1785211882.0155694,10,315.515625,3731.25
1785211882.0155694,13,317.15625,3708.5
1785211882.0155694,14,318.8125,3690.0
1785211882.0155694,7,346.8125,3633.0
1785211882.0155694,9,348.453125,3643.0
1785211882.1269662,15,352.375,1385.5
1785211882.1269662,15,353.984375,1400.0
1785211882.1269662,15,355.59375,1431.5
1785211882.1269662,15,357.28125,1442.25
1785211882.1269662,15,358.875,1444.75
1785211882.1269662,15,6.46875,4107.0
1785211882.1269662,15,8.109375,4152.75
1785211882.1269662,10,9.75,4206.0
1785211882.1269662,12,11.28125,4288.25
1785211882.1269662,15,215.9375,7186.5
1785211882.1269662,15,220.875,6520.5
1785211882.1269662,15,225.78125,5983.5
1785211882.1269662,15,227.453125,5867.25
1785211882.1269662,15,232.421875,4657.25
1785211882.1269662,15,237.3125,5093.25
1785211882.1269662,15,238.953125,5033.5
1785211882.1269662,15,240.609375,4966.75
1785211882.1269662,15,242.234375,4912.5
1785211882.1269662,15,243.875,4842.25
1785211882.1269662,15,245.515625,4775.0
1785211882.1269662,15,247.15625,4809.75
1785211882.1269662,15,248.796875,4832.5
1785211882.1269662,15,252.03125,5062.25
1785211882.1269662,15,253.65625,5094.25
1785211882.1269662,15,255.3125,5092.75
1785211882.1269662,15,256.953125,5077.0
1785211882.1269662,15,258.578125,5051.25
1785211882.1269662,15,260.234375,5041.0
1785211882.1269662,15,261.84375,5037.25
1785211882.1269662,15,263.484375,5039.5
1785211882.1269662,15,265.125,5051.25
1785211882.1269662,15,266.75,5051.25
1785211882.1269662,15,268.40625,5057.5
1785211882.1269662,15,270.03125,5073.75
1785211882.1269662,15,271.671875,5075.25
1785211882.1269662,15,273.3125,5006.75
1785211882.1269662,15,278.234375,4461.25
1785211882.1269662,15,279.84375,4510.5
1785211882.1269662,15,281.5,4566.25
1785211882.1269662,15,283.109375,4613.5
1785211882.1269662,15,284.734375,4666.5
1785211882.1269662,15,286.359375,4720.5
1785211882.1269662,8,302.90625,4124.75
1785211882.1269662,15,309.5,3882.0
1785211882.1269662,9,311.125,3884.5
1785211882.1269662,8,312.765625,3856.5
1785211882.1269662,8,314.421875,3829.25
1785211882.1269662,9,316.0625,3777.25
1785211882.1269662,12,317.703125,3731.0
1785211882.1269662,15,319.359375,3708.5
1785211882.1269662,11,322.59375,3683.25
1785211882.2393887,15,351.15625,1387.5
1785211882.2393887,15,354.484375,1436.5
1785211882.2393887,15,356.0625,1438.75
1785211882.2393887,15,357.6875,1443.5
1785211882.2393887,12,2.015625,3949.0
1785211882.2393887,12,3.65625,4013.5
1785211882.2393887,15,5.296875,4074.75
1785211882.2393887,13,6.90625,4119.25
1785211882.2393887,15,8.5625,4145.75
1785211882.2393887,15,211.359375,7895.75
1785211882.2393887,15,216.296875,7119.75
1785211882.2393887,15,221.234375,6498.0
1785211882.2393887,15,222.875,6358.5
1785211882.2393887,15,226.15625,5991.25
1785211882.2393887,15,227.765625,5895.25
1785211882.2393887,15,232.734375,4682.5
1785211882.2393887,15,235.96875,5150.0
1785211882.2393887,15,237.625,5112.5
1785211882.2393887,15,239.234375,5046.0
1785211882.2393887,15,240.875,4999.75
1785211882.2393887,15,242.515625,4943.25
1785211882.2393887,15,244.171875,4867.5
1785211882.2393887,15,245.8125,4806.5
1785211882.2393887,15,247.421875,4826.0
1785211882.2393887,15,249.078125,4876.0
1785211882.2393887,15,252.328125,5108.0
1785211882.2393887,15,253.953125,5118.75
1785211882.2393887,15,255.578125,5106.5
1785211882.2393887,15,257.21875,5094.25
1785211882.2393887,15,258.859375,5088.0
1785211882.2393887,15,260.5,5078.5
1785211882.2393887,15,262.125,5075.25
1785211882.2393887,15,263.765625,5065.25
1785211882.2393887,15,265.40625,5068.25
1785211882.2393887,15,267.03125,5077.75
1785211882.2393887,15,268.671875,5078.5
1785211882.2393887,15,270.3125,5092.0
1785211882.2393887,15,271.921875,5104.75
1785211882.2393887,13,275.21875,4790.5
1785211882.2393887,15,278.515625,4520.25
1785211882.2393887,15,280.171875,4571.25
1785211882.2393887,15,281.796875,4613.5
1785211882.2393887,15,283.4375,4668.25
1785211882.2393887,15,285.0625,4734.75
1785211882.2393887,12,298.1875,4088.75
1785211882.2393887,10,303.25,3924.75
1785211882.2393887,9,304.890625,3911.25
1785211882.2393887,9,309.828125,3695.25
1785211882.2393887,15,349.875,1397.5
1785211882.3549302,15,354.8125,1443.25
1785211882.3549302,15,356.390625,1449.25
1785211882.3549302,15,0.703125,3929.0
1785211882.3549302,12,2.328125,3962.5
1785211882.3549302,15,3.96875,4015.75
1785211882.3549302,11,5.609375,4082.75
1785211882.3549302,15,7.25,4117.0
1785211882.3549302,14,8.890625,4148.25
1785211882.3549302,8,10.46875,4201.5
1785211882.3549302,9,12.09375,4304.25
1785211882.3549302,15,206.8125,8718.25
1785211882.3549302,15,210.09375,8128.5
1785211882.3549302,15,213.390625,7599.25
1785211882.3549302,11,215.015625,7403.75
1785211882.3549302,15,219.953125,6669.25
1785211882.3549302,15,221.59375,6509.0
1785211882.3549302,15,223.234375,6342.0
1785211882.3549302,15,226.46875,5980.0
1785211882.3549302,15,228.125,5894.25
1785211882.3549302,15,233.078125,4726.5
1785211882.3549302,15,236.328125,5167.0
1785211882.3549302,15,237.96875,5113.75
1785211882.3549302,15,239.609375,5063.75
1785211882.3549302,15,241.234375,4999.0
1785211882.3549302,15,242.890625,4949.25
1785211882.3549302,15,244.515625,4892.25
1785211882.3549302,15,246.140625,4822.75
1785211882.3549302,15,247.765625,4866.5
1785211882.3549302,15,249.40625,4933.75
1785211882.3549302,15,252.703125,5140.75
1785211882.3549302,15,254.328125,5131.75
1785211882.3549302,15,255.984375,5122.75
1785211882.3549302,15,257.609375,5110.5
1785211882.3549302,15,259.25,5104.0
1785211882.3549302,15,260.875,5102.5
1785211882.3549302,15,262.515625,5093.5
1785211882.3549302,15,264.15625,5093.5
1785211882.3549302,15,265.78125,5100.75
1785211882.3549302,15,267.40625,5092.0
1785211882.3549302,15,269.078125,5099.25
1785211882.3549302,15,270.703125,5113.75
1785211882.3549302,12,272.328125,5117.0
1785211882.3549302,15,277.28125,4552.0
1785211882.3549302,15,278.921875,4599.5
1785211882.3549302,15,280.53125,4636.25
1785211882.3549302,15,282.1875,4668.25
1785211882.3549302,15,283.828125,4704.75
1785211882.3549302,12,285.46875,4753.0
1785211882.3549302,15,296.953125,4167.5
1785211882.3549302,12,305.25,3902.75
1785211882.3549302,14,306.90625,3867.75
1785211882.3549302,14,310.203125,3719.25
1785211882.3549302,15,347.0625,1411.75
1785211882.3549302,15,348.640625,1409.5
1785211882.4650712,15,351.96875,1467.0
1785211882.4650712,15,353.5625,1448.75
1785211882.4650712,15,355.15625,1465.75
1785211882.4650712,14,1.15625,4010.75
1785211882.4650712,15,2.796875,4053.0
1785211882.4650712,15,4.4375,4076.25
1785211882.4650712,14,6.078125,4101.0
1785211882.4650712,15,7.71875,4130.25
1785211882.4650712,13,9.375,4160.0
1785211882.4650712,10,10.9375,4233.0
1785211882.4650712,11,12.5625,4332.75
1785211882.4650712,15,207.484375,8650.0
1785211882.4650712,15,219.0,6820.0
1785211882.4650712,15,220.640625,6618.5
1785211882.4650712,15,222.265625,6465.5
1785211882.4650712,15,225.5625,6098.25
1785211882.4650712,15,227.171875,5965.5
1785211882.4650712,15,232.140625,4757.0
1785211882.4650712,15,238.65625,5124.5
1785211882.4650712,15,240.3125,5068.0
1785211882.4650712,15,241.9375,5015.75
1785211882.4650712,15,243.5625,4972.75
1785211882.4650712,15,245.21875,4897.5
1785211882.4650712,15,246.828125,4921.5
1785211882.4650712,15,248.484375,4969.0
1785211882.4650712,15,251.78125,5139.25
1785211882.4650712,15,253.421875,5156.75
1785211882.4650712,15,255.0625,5147.5
1785211882.4650712,15,256.71875,5135.0
1785211882.4650712,15,258.34375,5126.0
1785211882.4650712,15,259.984375,5118.75
1785211882.4650712,15,261.609375,5124.5
1785211882.4650712,15,263.25,5129.5
1785211882.4650712,15,264.90625,5119.5
1785211882.4650712,15,266.53125,5122.0
1785211882.4650712,15,268.15625,5136.0
1785211882.4650712,15,269.796875,5135.25
1785211882.4650712,15,271.4375,5151.0
1785211882.4650712,11,274.71875,4861.5
1785211882.4650712,15,277.96875,4604.25
1785211882.4650712,15,279.640625,4669.75
1785211882.4650712,15,281.265625,4695.5
1785211882.4650712,15,282.890625,4719.75
1785211882.4650712,15,284.53125,4783.75
1785211882.4650712,8,299.375,4180.5
1785211882.4650712,8,305.96875,3922.5
1785211882.4650712,8,307.59375,3902.75
1785211882.4650712,15,346.109375,1418.25
1785211882.4650712,15,350.96875,1461.5
1785211882.5757635,15,352.609375,1465.75
1785211882.5757635,9,5.125,3951.75
1785211882.5757635,15,6.75,4052.25
1785211882.5757635,11,8.390625,4138.75
1785211882.5757635,15,11.625,4365.75
1785211882.5757635,15,221.359375,6545.5
1785211882.5757635,15,223.0,6412.5
1785211882.5757635,15,226.265625,6069.5
1785211882.5757635,15,227.921875,5933.5
1785211882.5757635,15,232.890625,4795.75
1785211882.5757635,15,236.125,5201.25
1785211882.5757635,15,237.78125,5151.75
1785211882.5757635,15,239.421875,5106.75
1785211882.5757635,15,241.0625,5067.5
1785211882.5757635,15,242.703125,5022.0
1785211882.5757635,15,244.34375,4963.0
1785211882.5757635,15,245.984375,4894.5
1785211882.5757635,15,249.265625,5032.5
1785211882.5757635,15,252.546875,5180.75
1785211882.5757635,15,254.203125,5157.0
1785211882.5757635,15,255.828125,5148.0
1785211882.5757635,15,257.484375,5132.25
1785211882.5757635,15,259.125,5144.25
1785211882.5757635,15,260.75,5146.75
1785211882.5757635,15,262.40625,5140.0
1785211882.5757635,15,264.03125,5136.0
1785211882.5757635,15,265.671875,5137.75
1785211882.5757635,15,267.3125,5137.75
1785211882.5757635,15,268.9375,5146.75
1785211882.5757635,15,270.59375,5159.25
1785211882.5757635,15,272.234375,5106.75
1785211882.5757635,15,273.890625,5012.25
1785211882.5757635,15,277.140625,4633.75
1785211882.5757635,15,278.78125,4676.25
1785211882.5757635,15,280.40625,4707.0
1785211882.5757635,9,291.90625,4125.75
1785211882.5757635,15,322.078125,1639.5
1785211882.5757635,15,343.578125,1430.5
1785211882.5757635,15,345.203125,1442.25
1785211882.5757635,15,346.859375,1469.25
1785211882.5757635,15,348.53125,1474.0
1785211882.5757635,15,350.171875,1473.25
1785211882.8022063,7,0.25,3675.5
1785211882.8022063,11,203.015625,9867.25
1785211882.8022063,15,212.875,7775.75
1785211882.8022063,15,221.078125,6628.25
1785211882.8022063,15,222.734375,6473.25
1785211882.8022063,15,224.375,6322.25
1785211882.8022063,15,226.015625,6151.75
1785211882.8022063,15,227.71875,6016.25
1785211882.8022063,15,232.703125,4844.25
1785211882.8022063,15,237.59375,5296.0
1785211882.8022063,15,239.25,5176.25
1785211882.8022063,15,240.875,5127.0
1785211882.8022063,15,242.53125,5087.0
1785211882.8022063,15,244.15625,5030.5
1785211882.8022063,15,245.828125,4983.25
1785211882.8022063,15,247.453125,5018.0
1785211882.8022063,15,249.078125,5086.5
1785211882.8022063,15,252.34375,5261.0
1785211882.8022063,15,253.984375,5250.5
1785211882.8022063,15,255.625,5232.5
1785211882.8022063,15,257.25,5194.5
1785211882.8022063,15,258.890625,5181.75
1785211882.8022063,15,260.53125,5187.75
1785211882.8022063,15,262.171875,5191.0
1785211882.8022063,15,263.796875,5214.0
1785211882.8022063,15,265.453125,5203.0
1785211882.8022063,15,267.078125,5175.75
1785211882.8022063,15,268.703125,5211.5
1785211882.8022063,15,270.359375,5263.75
1785211882.8022063,13,273.65625,5060.25
1785211882.8022063,15,276.890625,4731.0
1785211882.8022063,15,278.546875,4742.75
1785211882.8022063,15,280.171875,4762.5
1785211882.8022063,15,281.796875,4825.0
1785211882.8022063,8,285.078125,4818.0
1785211882.8022063,8,301.625,3906.5
1785211882.8022063,10,303.28125,3860.0
1785211882.8022063,15,313.75,1441.0
1785211882.8022063,15,340.109375,1463.25
1785211882.8022063,15,341.6875,1479.0
1785211882.8022063,15,343.328125,1511.0
1785211882.8022063,15,344.96875,1504.0
1785211882.8022063,15,346.640625,1483.0
1785211882.8022063,15,348.265625,1494.75
1785211882.9145844,13,2.4375,3941.0
1785211882.9145844,15,4.0625,4036.5
1785211882.9145844,15,5.703125,4123.25
1785211882.9145844,10,7.34375,4178.75
1785211882.9145844,9,10.515625,4403.0
1785211882.9145844,7,12.140625,4493.25
1785211882.9145844,15,210.21875,8161.5
1785211882.9145844,15,213.5,7667.75
1785211882.9145844,15,221.75,6546.5
1785211882.9145844,15,223.375,6444.5
1785211882.9145844,15,225.03125,6301.0
1785211882.9145844,15,228.3125,5982.25
1785211882.9145844,15,239.828125,5186.0
1785211882.9145844,15,241.484375,5141.0
1785211882.9145844,15,243.109375,5086.75
1785211882.9145844,15,244.765625,5049.5
1785211882.9145844,15,246.390625,5057.5
1785211882.9145844,15,248.015625,5083.25
1785211882.9145844,15,249.671875,5163.5
1785211882.9145844,15,251.265625,5285.0
1785211882.9145844,15,252.921875,5320.5
1785211882.9145844,15,254.5625,5285.5
1785211882.9145844,15,256.203125,5267.0
1785211882.9145844,15,257.84375,5272.25
1785211882.9145844,15,259.46875,5267.0
1785211882.9145844,15,261.109375,5252.5
1785211882.9145844,15,262.75,5247.25
1785211882.9145844,15,264.40625,5261.75
1785211882.9145844,15,266.03125,5248.25
1785211882.9145844,15,267.671875,5248.25
1785211882.9145844,15,269.296875,5281.75
1785211882.9145844,7,270.9375,5284.5
1785211882.9145844,15,275.859375,4734.0
1785211882.9145844,15,277.5,4759.25
1785211882.9145844,15,279.109375,4824.0
1785211882.9145844,15,339.046875,1483.0
1785211882.9145844,15,340.65625,1509.5
1785211882.9145844,15,342.296875,1517.0
1785211882.9145844,15,344.0,1501.75
1785211882.9145844,15,345.59375,1496.75
1785211882.9145844,15,347.171875,1511.25
1785211883.028671,13,358.09375,3930.25
1785211883.028671,15,1.34375,4110.25
1785211883.028671,15,2.984375,4152.5
1785211883.028671,15,6.25,4364.25
1785211883.028671,15,7.890625,4430.0
1785211883.028671,12,11.09375,4660.0
1785211883.028671,15,207.4375,8651.0
1785211883.028671,15,214.015625,7617.75
1785211883.028671,15,222.234375,6516.0
1785211883.028671,15,223.875,6435.75
1785211883.028671,15,227.109375,6105.25
1785211883.028671,15,238.609375,5242.5
1785211883.028671,15,240.234375,5175.25
1785211883.028671,15,241.875,5138.5
1785211883.028671,15,243.515625,5093.25
1785211883.028671,15,245.15625,5048.25
1785211883.028671,15,246.796875,5087.5
1785211883.028671,15,248.421875,5123.75
1785211883.028671,15,251.671875,5339.25
1785211883.028671,15,253.296875,5332.0
1785211883.028671,15,254.9375,5330.25
1785211883.028671,15,256.578125,5310.0
1785211883.028671,15,258.21875,5302.0
1785211883.028671,15,259.84375,5312.5
1785211883.028671,15,261.484375,5292.5
1785211883.028671,15,263.109375,5285.25
1785211883.028671,15,264.75,5295.0
1785211883.028671,15,266.390625,5298.5
1785211883.028671,15,268.015625,5316.0
1785211883.028671,10,272.9375,5118.5
1785211883.028671,15,276.234375,4777.25
1785211883.028671,11,277.859375,4821.0
1785211883.028671,15,337.703125,1487.75
1785211883.028671,15,340.96875,1526.25
1785211883.028671,15,342.640625,1508.0
1785211883.028671,15,344.3125,1501.75
1785211883.1399455,15,3.359375,4071.5
1785211883.1399455,11,5.0,4146.0
1785211883.1399455,15,8.265625,4375.25
1785211883.1399455,9,9.890625,4476.25
1785211883.1399455,15,193.015625,8632.0
1785211883.1399455,10,202.796875,9924.5
1785211883.1399455,15,207.75,8621.75
1785211883.1399455,15,211.03125,8041.25
1785211883.1399455,15,212.671875,7821.5
1785211883.1399455,15,214.328125,7597.25
1785211883.1399455,15,222.53125,6540.5
1785211883.1399455,15,224.171875,6438.25
1785211883.1399455,15,227.421875,6099.25
1785211883.1399455,15,237.265625,5320.75
1785211883.1399455,15,238.90625,5251.75
1785211883.1399455,15,240.546875,5182.75
1785211883.1399455,15,242.171875,5139.25
1785211883.1399455,15,243.8125,5115.5
1785211883.1399455,15,245.453125,5089.75
1785211883.1399455,15,247.078125,5105.25
1785211883.1399455,15,248.703125,5151.0
1785211883.1399455,15,251.984375,5407.75
1785211883.1399455,15,253.609375,5377.0
1785211883.1399455,15,255.234375,5346.5
1785211883.1399455,15,256.875,5324.25
1785211883.1399455,15,258.515625,5315.25
1785211883.1399455,15,260.140625,5316.25
1785211883.1399455,15,261.78125,5310.75
1785211883.1399455,15,263.421875,5303.75
1785211883.1399455,15,265.046875,5318.0
1785211883.1399455,15,266.6875,5326.0
1785211883.1399455,15,268.328125,5346.5
1785211883.1399455,15,269.96875,5374.0
1785211883.1399455,15,276.5,4808.5
1785211883.1399455,15,278.125,4865.5
1785211883.1399455,15,309.953125,1513.75
1785211883.1399455,15,336.203125,1500.25
1785211883.1399455,15,337.828125,1511.5
1785211883.1399455,15,339.46875,1537.0
1785211883.1399455,15,341.171875,1526.25
1785211883.1399455,15,342.796875,1504.0
1785211883.1399455,15,344.40625,1522.25
1785211883.2519627,11,5.171875,4101.75
1785211883.2519627,11,6.796875,4198.25
1785211883.2519627,10,8.4375,4316.5
1785211883.2519627,11,10.0625,4447.5
1785211883.2519627,12,202.84375,9919.5
1785211883.2519627,15,207.75,8622.5
1785211883.2519627,15,211.0625,8052.5
1785211883.2519627,15,222.53125,6550.5
1785211883.2519627,15,224.171875,6448.25
1785211883.2519627,15,227.453125,6108.5
1785211883.2519627,15,238.921875,5312.75
1785211883.2519627,15,240.5625,5221.25
1785211883.2519627,15,242.1875,5146.25
1785211883.2519627,15,243.84375,5120.0
1785211883.2519627,15,245.46875,5092.25
1785211883.2519627,15,247.109375,5108.5
1785211883.2519627,15,248.71875,5194.75
1785211883.2519627,15,252.046875,5461.25
1785211883.2519627,15,253.671875,5417.0
1785211883.2519627,15,255.3125,5384.0
1785211883.2519627,15,256.953125,5350.75
1785211883.2519627,15,258.59375,5319.75
1785211883.2519627,15,260.21875,5350.25
1785211883.2519627,15,261.859375,5368.75
1785211883.2519627,15,263.5,5370.5
1785211883.2519627,15,265.140625,5361.75
1785211883.2519627,15,266.78125,5365.5
1785211883.2519627,15,268.390625,5401.5
1785211883.2519627,11,270.046875,5431.75
1785211883.2519627,15,274.984375,4795.75
1785211883.2519627,15,276.59375,4842.75
1785211883.2519627,8,279.890625,4824.0
1785211883.2519627,15,314.875,1723.25
1785211883.2519627,15,334.765625,1524.0
1785211883.2519627,15,336.375,1514.75
1785211883.2519627,15,341.3125,1521.75
1785211883.2519627,15,342.9375,1514.5
1785211883.2519627,15,344.5625,1535.75
1785211883.3649921,11,203.25,9786.5
1785211883.3649921,15,209.8125,8280.5
1785211883.3649921,15,213.09375,7777.5
1785211883.3649921,15,221.296875,6704.25
1785211883.3649921,15,222.953125,6555.25
1785211883.3649921,15,224.578125,6451.0
1785211883.3649921,15,227.875,6111.0
1785211883.3649921,15,239.359375,5305.75
1785211883.3649921,15,241.0,5236.25
1785211883.3649921,15,242.640625,5183.5
1785211883.3649921,15,244.28125,5150.0
1785211883.3649921,15,245.90625,5162.75
1785211883.3649921,15,247.546875,5186.0
1785211883.3649921,15,250.84375,5420.0
1785211883.3649921,15,252.484375,5455.75
1785211883.3649921,15,254.140625,5448.25
1785211883.3649921,15,255.765625,5451.0
1785211883.3649921,15,257.421875,5446.5
1785211883.3649921,15,259.046875,5418.75
1785211883.3649921,15,260.6875,5407.75
1785211883.3649921,15,262.328125,5394.25
1785211883.3649921,15,263.953125,5409.0
1785211883.3649921,15,265.609375,5442.75
1785211883.3649921,15,267.234375,5433.5
1785211883.3649921,9,268.875,5442.75
1785211883.3649921,12,270.53125,5383.5
1785211883.3649921,7,275.421875,4893.75
1785211883.3649921,15,313.71875,1640.0
1785211883.3649921,15,333.546875,1543.5
1785211883.3649921,15,335.171875,1528.75
1785211883.3649921,15,340.09375,1541.75
1785211883.3649921,15,341.765625,1520.5
1785211883.3649921,15,343.421875,1516.75
1785211883.3649921,15,345.046875,1536.5
1785211883.4770308,10,351.0625,3660.5
1785211883.4770308,13,352.734375,3672.25
1785211883.4770308,14,5.828125,4129.0
1785211883.4770308,10,12.265625,4663.5
1785211883.4770308,15,207.03125,8768.25
1785211883.4770308,15,211.96875,7947.25
1785211883.4770308,15,213.59375,7741.75
1785211883.4770308,15,216.890625,7308.75
1785211883.4770308,15,221.8125,6672.0
1785211883.4770308,15,223.453125,6532.75
1785211883.4770308,15,225.09375,6430.25
1785211883.4770308,15,226.703125,6290.0
1785211883.4770308,15,228.359375,6114.25
1785211883.4770308,15,239.84375,5342.75
1785211883.4770308,15,241.46875,5282.75
1785211883.4770308,15,243.09375,5230.25
1785211883.4770308,15,244.734375,5170.25
1785211883.4770308,15,246.375,5208.0
1785211883.4770308,15,248.0,5236.5
1785211883.4770308,15,251.3125,5518.75
1785211883.4770308,15,252.9375,5507.5
1785211883.4770308,15,254.578125,5508.5
1785211883.4770308,15,256.234375,5484.75
1785211883.4770308,15,257.84375,5478.25
1785211883.4770308,15,259.515625,5464.25
1785211883.4770308,15,261.140625,5454.75
1785211883.4770308,15,262.765625,5465.0
1785211883.4770308,15,264.421875,5436.25
1785211883.4770308,11,267.6875,5455.0
1785211883.4770308,15,332.3125,1560.75
1785211883.4770308,15,334.0,1539.25
1785211883.4770308,15,340.53125,1537.25
1785211883.4770308,15,342.203125,1525.5
1785211883.4770308,15,343.828125,1518.0
1785211883.4770308,15,345.4375,1528.75
1785211883.5883994,9,6.25,4169.5
1785211883.5883994,11,9.515625,4402.75
1785211883.5883994,15,207.546875,8657.5
1785211883.5883994,15,210.828125,8150.75
1785211883.5883994,15,215.75,7425.25
1785211883.5883994,15,220.6875,6811.0
1785211883.5883994,15,222.3125,6641.25
1785211883.5883994,15,223.96875,6510.0
1785211883.5883994,15,225.609375,6397.0
1785211883.5883994,15,227.265625,6252.75
1785211883.5883994,15,238.765625,5408.0
1785211883.5883994,15,240.421875,5347.5
1785211883.5883994,15,242.046875,5276.75
1785211883.5883994,15,243.703125,5221.5
1785211883.5883994,15,245.328125,5178.5
1785211883.5883994,15,246.96875,5212.75
1785211883.5883994,15,248.59375,5315.5
1785211883.5883994,15,250.21875,5445.0
1785211883.5883994,15,251.859375,5531.25
1785211883.5883994,15,253.5,5537.75
1785211883.5883994,15,255.109375,5529.25
1785211883.5883994,15,256.75,5501.75
1785211883.5883994,15,258.40625,5513.25
1785211883.5883994,15,260.03125,5518.75
1785211883.5883994,15,261.671875,5496.0
1785211883.5883994,15,263.3125,5503.75
1785211883.5883994,15,264.9375,5505.5
1785211883.5883994,15,266.578125,5500.75
1785211883.5883994,6,269.875,5435.75
1785211883.5883994,11,274.765625,4965.5
1785211883.5883994,15,314.984375,1380.0
1785211883.5883994,15,332.984375,1546.0
1785211883.5883994,15,336.265625,1533.5
1785211883.5883994,15,337.921875,1525.25
1785211883.5883994,15,339.5625,1524.5
1785211883.5883994,15,341.203125,1521.0
1785211883.5883994,15,342.84375,1515.75
1785211883.7036731,7,358.671875,3927.25
1785211883.7036731,10,1.9375,4118.25
1785211883.7036731,12,3.578125,4175.25
1785211883.7036731,9,5.21875,4268.75
1785211883.7036731,11,6.859375,4377.5
1785211883.7036731,11,8.484375,4455.75
1785211883.7036731,15,208.3125,8584.75
1785211883.7036731,15,213.234375,7807.75
1785211883.7036731,15,221.46875,6773.5
1785211883.7036731,15,223.125,6608.75
1785211883.7036731,15,224.78125,6488.75
1785211883.7036731,15,226.390625,6389.5
1785211883.7036731,15,228.03125,6234.75
1785211883.7036731,15,239.546875,5408.0
1785211883.7036731,15,241.1875,5336.75
1785211883.7036731,15,242.828125,5289.75
1785211883.7036731,15,244.46875,5255.0
1785211883.7036731,15,246.109375,5268.25
1785211883.7036731,15,247.75,5305.5
1785211883.7036731,15,251.015625,5560.0
1785211883.7036731,15,252.640625,5572.5
1785211883.7036731,15,254.265625,5568.75
1785211883.7036731,15,255.921875,5552.25
1785211883.7036731,15,257.546875,5547.5
1785211883.7036731,15,259.1875,5544.5
1785211883.7036731,15,260.828125,5548.5
1785211883.7036731,15,262.46875,5551.25
1785211883.7036731,15,264.109375,5551.25
1785211883.7036731,15,265.734375,5547.5
1785211883.7036731,15,267.375,5565.0
1785211883.7036731,15,273.984375,4979.25
1785211883.7036731,7,275.546875,5016.75
1785211883.7036731,15,314.1875,1373.0
1785211883.7036731,15,332.15625,1559.0
1785211883.7036731,15,333.765625,1566.75
1785211883.7036731,15,337.09375,1526.0
1785211883.7036731,15,338.796875,1523.0
1785211883.7036731,15,340.390625,1514.25
1785211883.7036731,15,342.0625,1515.5
1785211883.8142776,12,4.359375,4172.75
1785211883.8142776,12,7.609375,4415.5
1785211883.8142776,11,10.859375,4741.0
1785211883.8142776,10,202.515625,10005.5
1785211883.8142776,15,207.46875,8667.25
1785211883.8142776,15,210.765625,8154.75
1785211883.8142776,15,214.0625,7719.0
1785211883.8142776,15,223.9375,6537.25
1785211883.8142776,15,225.578125,6478.25
1785211883.8142776,15,227.203125,6373.25
1785211883.8142776,15,232.1875,5053.75
1785211883.8142776,15,238.734375,5466.25
1785211883.8142776,15,240.359375,5401.5
1785211883.8142776,15,242.015625,5355.25
1785211883.8142776,15,243.65625,5310.0
1785211883.8142776,15,245.296875,5283.5
1785211883.8142776,15,246.9375,5314.5
1785211883.8142776,15,248.578125,5403.0
1785211883.8142776,15,250.1875,5534.0
1785211883.8142776,15,251.8125,5599.0
1785211883.8142776,15,253.4375,5572.5
1785211883.8142776,15,255.078125,5561.0
1785211883.8142776,15,256.734375,5572.5
1785211883.8142776,15,258.375,5556.5
1785211883.8142776,15,260.0,5545.0
1785211883.8142776,15,261.640625,5564.0
1785211883.8142776,15,263.296875,5547.5
1785211883.8142776,14,264.921875,5532.0
1785211883.8142776,12,279.734375,4418.75
1785211883.8142776,15,303.3125,1618.0
1785211883.8142776,15,313.28125,1394.75
1785211883.8142776,15,332.921875,1562.5
1785211883.8142776,15,334.53125,1550.0
1785211883.8142776,15,336.171875,1541.25
1785211883.8142776,15,337.84375,1528.5
1785211883.8142776,15,339.46875,1513.75
1785211883.8142776,15,341.109375,1522.0
1785211884.0407214,15,359.140625,4126.75
1785211884.0407214,7,0.765625,4190.5
1785211884.0407214,14,4.03125,4410.75
1785211884.0407214,11,5.671875,4517.25
1785211884.0407214,11,7.296875,4648.25
1785211884.0407214,11,8.9375,4756.75
1785211884.0407214,9,10.515625,4853.75
1785211884.0407214,15,206.765625,8838.5
1785211884.0407214,15,208.40625,8589.75
1785211884.0407214,15,211.671875,8043.25
1785211884.0407214,15,213.328125,7816.5
1785211884.0407214,15,214.96875,7630.0
1785211884.0407214,15,223.171875,6670.5
1785211884.0407214,15,224.8125,6556.5
1785211884.0407214,15,226.453125,6465.25
1785211884.0407214,15,228.078125,6361.5
1785211884.0407214,15,237.921875,5514.25
1785211884.0407214,15,239.578125,5478.25
1785211884.0407214,15,241.203125,5444.5
1785211884.0407214,15,242.84375,5404.25
1785211884.0407214,15,244.484375,5349.25
1785211884.0407214,15,246.109375,5367.5
1785211884.0407214,15,247.75,5417.75
1785211884.0407214,15,251.09375,5632.5
1785211884.0407214,15,252.734375,5617.5
1785211884.0407214,15,254.390625,5615.5
1785211884.0407214,15,256.0,5606.75
1785211884.0407214,15,257.65625,5599.0
1785211884.0407214,15,259.296875,5597.0
1785211884.0407214,15,260.9375,5573.25
1785211884.0407214,15,262.578125,5594.0
1785211884.0407214,15,264.203125,5633.5
1785211884.0407214,15,265.84375,5660.5
1785211884.0407214,8,267.484375,5673.5
1785211884.0407214,15,269.140625,5596.0
1785211884.0407214,15,274.078125,5085.75
1785211884.0407214,15,311.171875,1201.0
1785211884.0407214,15,328.828125,1676.25
1785211884.0407214,15,330.5,1645.25
1785211884.0407214,15,332.1875,1633.5
1785211884.0407214,15,337.171875,1542.25
1785211884.0407214,15,338.8125,1520.5
1785211884.0407214,15,340.46875,1509.5
1785211884.0407214,10,348.09375,3997.0
1785211884.0407214,14,349.71875,4062.5
1785211884.1516929,15,351.359375,4113.0
1785211884.1516929,14,353.0,4140.5
1785211884.1516929,15,354.640625,4160.75
1785211884.1516929,12,356.28125,4194.0
1785211884.1516929,15,357.921875,4261.0
1785211884.1516929,15,359.546875,4340.75
1785211884.1516929,11,1.203125,4394.0
1785211884.1516929,14,2.828125,4462.25
1785211884.1516929,10,4.484375,4551.5
1785211884.1516929,13,6.109375,4655.25
1785211884.1516929,11,7.75,4758.0
1785211884.1516929,10,9.390625,4834.75
1785211884.1516929,11,12.59375,5081.0
1785211884.1516929,15,208.875,8528.0
1785211884.1516929,15,212.15625,7993.0
1785211884.1516929,15,213.796875,7772.0
1785211884.1516929,15,215.453125,7573.5
1785211884.1516929,15,223.640625,6649.75
1785211884.1516929,15,225.28125,6527.25
1785211884.1516929,15,226.921875,6441.75
1785211884.1516929,15,233.5,5230.75
1785211884.1516929,15,240.03125,5507.75
1785211884.1516929,15,241.671875,5445.5
1785211884.1516929,15,243.3125,5416.0
1785211884.1516929,15,244.9375,5364.5
1785211884.1516929,15,246.578125,5395.0
1785211884.1516929,15,248.1875,5504.0
1785211884.1516929,15,249.828125,5614.5
1785211884.1516929,15,251.5,5677.5
1785211884.1516929,15,253.15625,5648.5
1785211884.1516929,15,254.78125,5634.5
1785211884.1516929,15,256.4375,5620.75
1785211884.1516929,15,258.0625,5601.0
1785211884.1516929,15,259.703125,5615.75
1785211884.1516929,15,261.359375,5617.5
1785211884.1516929,15,262.984375,5613.5
1785211884.1516929,15,264.609375,5634.5
1785211884.1516929,15,266.25,5654.5
1785211884.1516929,15,267.890625,5684.5
1785211884.1516929,15,272.828125,5095.5
1785211884.1516929,15,274.453125,5151.75
1785211884.1516929,15,276.078125,5186.75
1785211884.1516929,15,277.71875,5232.0
1785211884.1516929,8,279.359375,5215.25
1785211884.1516929,15,309.640625,1475.25
1785211884.1516929,15,318.328125,984.25
1785211884.1516929,15,329.25,1617.25
1785211884.1516929,15,330.890625,1615.0
1785211884.1516929,15,332.5,1630.75
1785211884.1516929,15,334.140625,1672.5
1785211884.1516929,15,337.515625,1559.25
1785211884.1516929,15,340.78125,1521.5
1785211884.1516929,10,348.421875,4015.25
1785211884.1516929,15,350.046875,4077.0
1785211884.262721,14,351.703125,4124.25
1785211884.262721,11,353.34375,4149.25
1785211884.262721,15,354.984375,4167.0
1785211884.262721,10,356.609375,4241.0
1785211884.262721,15,358.234375,4340.25
1785211884.262721,15,359.890625,4391.25
1785211884.262721,15,1.515625,4433.0
1785211884.262721,12,3.171875,4527.25
1785211884.262721,12,4.78125,4655.75
1785211884.262721,13,6.4375,4749.25
1785211884.262721,9,8.0625,4859.25
1785211884.262721,11,9.6875,4984.25
1785211884.262721,10,11.265625,5063.75
1785211884.262721,15,207.484375,8725.5
1785211884.262721,15,212.40625,7994.75
1785211884.262721,15,215.6875,7580.0
1785211884.262721,15,217.328125,7402.5
1785211884.262721,15,223.890625,6697.5
1785211884.262721,15,225.53125,6555.25
1785211884.262721,15,227.1875,6452.5
1785211884.262721,15,232.140625,5174.25
1785211884.262721,15,238.671875,5568.75
1785211884.262721,15,240.3125,5547.5
1785211884.262721,15,241.9375,5502.75
1785211884.262721,15,243.578125,5465.25
1785211884.262721,15,245.21875,5444.75
1785211884.262721,15,246.84375,5470.0
1785211884.262721,9,248.484375,5564.75
1785211884.262721,15,250.125,5677.75
1785211884.262721,15,251.78125,5684.75
1785211884.262721,15,253.40625,5661.5
1785211884.262721,15,255.046875,5669.5
1785211884.262721,15,256.6875,5665.5
1785211884.262721,15,258.328125,5668.5
1785211884.262721,15,259.96875,5653.5
1785211884.262721,15,261.59375,5656.5
1785211884.262721,15,263.234375,5671.5
1785211884.262721,15,264.875,5691.75
1785211884.262721,15,266.515625,5705.75
1785211884.262721,15,273.078125,5140.25
1785211884.262721,15,274.65625,5179.25
1785211884.262721,15,276.296875,5226.0
1785211884.262721,13,277.921875,5281.0
1785211884.262721,15,309.796875,1481.5
1785211884.262721,15,318.484375,973.5
1785211884.262721,15,327.90625,1535.25
1785211884.262721,15,329.53125,1545.25
1785211884.262721,15,331.09375,1573.5
1785211884.262721,15,337.734375,1595.5
1785211884.262721,13,345.359375,4162.0
1785211884.262721,12,346.96875,4191.0
1785211884.262721,10,348.609375,4263.5
1785211884.262721,15,350.25,4328.0
1785211884.3771746,14,351.875,4353.5
1785211884.3771746,12,353.515625,4368.5
1785211884.3771746,13,355.140625,4390.0
1785211884.3771746,15,356.8125,4427.5
1785211884.3771746,13,358.4375,4481.75
1785211884.3771746,8,0.078125,4572.75
1785211884.3771746,13,1.703125,4674.0
1785211884.3771746,15,3.34375,4751.25
1785211884.3771746,8,4.984375,4834.25
1785211884.3771746,14,6.625,4951.0
1785211884.3771746,13,8.265625,5053.75
1785211884.3771746,15,9.90625,5122.25
1785211884.3771746,10,201.125,10079.0
1785211884.3771746,12,202.75,9921.25
1785211884.3771746,15,207.6875,8710.75
1785211884.3771746,15,210.96875,8209.25
1785211884.3771746,15,212.59375,8022.25
1785211884.3771746,15,214.25,7823.5
1785211884.3771746,15,215.890625,7604.25
1785211884.3771746,15,217.53125,7392.25
1785211884.3771746,15,225.71875,6555.25
1785211884.3771746,15,227.421875,6462.75
1785211884.3771746,15,232.40625,5212.25
1785211884.3771746,15,238.9375,5592.0
1785211884.3771746,15,240.5625,5553.25
1785211884.3771746,15,242.203125,5517.0
1785211884.3771746,15,243.84375,5476.5
1785211884.3771746,15,245.46875,5511.0
1785211884.3771746,15,247.125,5561.0
1785211884.3771746,15,250.375,5774.75
1785211884.3771746,15,252.015625,5751.0
1785211884.3771746,15,253.640625,5732.25
1785211884.3771746,15,255.28125,5696.0
1785211884.3771746,15,256.90625,5695.0
1785211884.3771746,15,258.546875,5694.0
1785211884.3771746,15,260.1875,5683.75
1785211884.3771746,15,261.828125,5708.75
1785211884.3771746,15,263.46875,5700.75
1785211884.3771746,15,265.09375,5732.5
1785211884.3771746,15,266.734375,5774.75
1785211884.3771746,11,270.015625,5558.25
1785211884.3771746,15,273.3125,5173.5
1785211884.3771746,15,274.921875,5234.5
1785211884.3771746,15,276.5625,5293.5
1785211884.3771746,15,278.1875,5353.5
1785211884.3771746,12,279.8125,5399.75
1785211884.3771746,7,299.59375,4399.5
1785211884.3771746,15,317.21875,987.5
1785211884.3771746,15,334.71875,1639.25
1785211884.3771746,15,336.390625,1622.5
1785211884.3771746,15,344.046875,4146.25
1785211884.3771746,15,345.6875,4173.5
1785211884.3771746,10,347.28125,4211.0
1785211884.3771746,10,348.921875,4267.75
1785211884.4890287,12,350.546875,4328.75
1785211884.4890287,14,352.203125,4348.5
1785211884.4890287,13,353.84375,4365.0
1785211884.4890287,15,355.46875,4402.75
1785211884.4890287,10,357.109375,4460.0
1785211884.4890287,8,358.75,4523.25
1785211884.4890287,15,0.375,4611.75
1785211884.4890287,14,2.0,4701.0
1785211884.4890287,11,3.640625,4774.25
1785211884.4890287,11,6.921875,5025.25
1785211884.4890287,15,8.578125,5095.75
1785211884.4890287,8,10.203125,5167.75
1785211884.4890287,15,186.953125,8774.0
1785211884.4890287,15,208.296875,8597.5
1785211884.4890287,15,209.9375,8370.5
1785211884.4890287,15,211.59375,8126.75
1785211884.4890287,15,213.21875,7917.25
1785211884.4890287,15,214.875,7741.5
1785211884.4890287,15,218.15625,7315.5
1785211884.4890287,15,219.796875,7170.25
1785211884.4890287,15,224.734375,6664.75
1785211884.4890287,15,226.390625,6540.5
1785211884.4890287,15,228.015625,6449.5
1785211884.4890287,15,232.984375,5273.25
1785211884.4890287,15,239.53125,5600.0
1785211884.4890287,15,241.15625,5580.5
1785211884.4890287,15,242.8125,5523.0
1785211884.4890287,15,244.453125,5466.0
1785211884.4890287,15,246.09375,5508.75
1785211884.4890287,15,247.734375,5592.25
1785211884.4890287,15,249.359375,5710.0
1785211884.4890287,15,250.984375,5779.0
1785211884.4890287,15,252.625,5755.0
1785211884.4890287,15,254.265625,5747.75
1785211884.4890287,15,255.890625,5755.0
1785211884.4890287,15,257.53125,5749.75
1785211884.4890287,15,259.1875,5734.25
1785211884.4890287,15,260.828125,5731.25
1785211884.4890287,15,262.453125,5745.75
1785211884.4890287,15,264.078125,5763.25
1785211884.4890287,15,265.71875,5789.5
1785211884.4890287,15,267.375,5828.25
1785211884.4890287,15,272.296875,5194.5
1785211884.4890287,15,273.9375,5227.5
1785211884.4890287,15,275.5625,5284.0
1785211884.4890287,9,277.203125,5374.5
1785211884.4890287,15,316.171875,1010.75
1785211884.4890287,15,322.734375,1055.25
1785211884.4890287,15,330.65625,1363.25
1785211884.4890287,15,337.046875,1593.25
1785211884.4890287,15,339.765625,4169.75
1785211884.4890287,14,341.40625,4161.5
1785211884.4890287,15,343.0625,4159.75
1785211884.4890287,15,344.71875,4192.0
1785211884.4890287,12,346.34375,4235.75
1785211884.4890287,12,347.96875,4280.0
1785211884.4890287,14,349.609375,4323.5
1785211884.6014485,11,351.25,4350.75
1785211884.6014485,15,352.875,4376.0
1785211884.6014485,15,354.53125,4402.75
1785211884.6014485,12,356.15625,4431.75
1785211884.6014485,10,357.796875,4478.75
1785211884.6014485,11,359.4375,4581.25
1785211884.6014485,15,1.078125,4692.5
1785211884.6014485,15,2.71875,4760.0
1785211884.6014485,9,4.34375,4833.5
1785211884.6014485,14,6.0,4941.25
1785211884.6014485,12,7.625,5031.25
1785211884.6014485,11,9.25,5093.25
1785211884.6014485,8,10.875,5146.75
1785211884.6014485,15,207.484375,8784.5
1785211884.6014485,15,210.78125,8273.25
1785211884.6014485,15,212.421875,8090.75
1785211884.6014485,15,215.71875,7625.5
1785211884.6014485,15,217.34375,7411.75
1785211884.6014485,15,219.0,7237.5
1785211884.6014485,15,220.65625,7090.75
1785211884.6014485,15,222.28125,6907.75
1785211884.6014485,15,223.921875,6702.0
1785211884.6014485,15,225.5625,6564.75
1785211884.6014485,15,227.1875,6492.25
1785211884.6014485,15,232.15625,5288.75
1785211884.6014485,15,238.671875,5637.75
1785211884.6014485,15,240.3125,5590.25
1785211884.6014485,15,241.953125,5537.75
1785211884.6014485,15,243.59375,5506.0
1785211884.6014485,15,245.21875,5551.5
1785211884.6014485,15,246.859375,5588.25
1785211884.6014485,15,250.125,5850.75
1785211884.6014485,15,251.765625,5810.5
1785211884.6014485,15,253.390625,5780.0
1785211884.6014485,15,255.03125,5794.75
1785211884.6014485,15,256.671875,5789.5
1785211884.6014485,15,258.3125,5767.5
1785211884.6014485,15,259.9375,5759.25
1785211884.6014485,15,261.578125,5770.75
1785211884.6014485,15,263.21875,5803.0
1785211884.6014485,15,264.859375,5817.75
1785211884.6014485,15,266.484375,5846.5
1785211884.6014485,8,269.765625,5488.25
1785211884.6014485,15,273.0625,5258.75
1785211884.6014485,15,274.71875,5335.75
1785211884.6014485,15,276.34375,5387.75
1785211884.6014485,15,277.984375,5423.5
1785211884.6014485,15,315.3125,1033.0
1785211884.6014485,15,333.109375,1287.0
1785211884.6014485,15,340.359375,837.25
1785211884.6014485,15,342.03125,833.75
1785211884.6014485,12,348.78125,4365.0
1785211884.712257,14,350.40625,4374.25
1785211884.712257,15,352.0625,4381.25
1785211884.712257,15,353.6875,4402.25
1785211884.712257,13,355.328125,4432.75
1785211884.712257,12,356.96875,4467.75
1785211884.712257,10,358.609375,4522.75
1785211884.712257,13,0.234375,4616.25
1785211884.712257,15,1.890625,4703.5
1785211884.712257,12,3.53125,4760.5
1785211884.712257,10,5.15625,4842.25
1785211884.712257,8,6.796875,4960.0
1785211884.712257,14,8.4375,5052.0
1785211884.712257,13,10.078125,5098.5
1785211884.712257,11,201.796875,10044.25
1785211884.712257,13,203.390625,9775.25
1785211884.712257,15,208.328125,8609.25
1785211884.712257,15,211.609375,8158.75
1785211884.712257,15,213.25,7958.25
1785211884.712257,15,214.90625,7748.5
1785211884.712257,15,216.546875,7558.0
1785211884.712257,15,218.203125,7355.5
1785211884.712257,15,226.390625,6569.75
1785211884.712257,15,228.015625,6503.25
1785211884.712257,15,232.984375,5276.5
1785211884.712257,15,236.25,5782.75
1785211884.712257,15,237.859375,5693.75
1785211884.712257,15,239.5,5651.5
1785211884.712257,15,241.15625,5602.5
1785211884.712257,15,242.796875,5546.25
1785211884.712257,15,244.421875,5536.0
1785211884.712257,15,246.0625,5580.5
1785211884.712257,15,247.6875,5678.25
1785211884.712257,15,249.3125,5818.75
1785211884.712257,15,250.96875,5877.75
1785211884.712257,15,252.609375,5844.5
1785211884.712257,15,254.265625,5817.75
1785211884.712257,15,255.890625,5787.0
1785211884.712257,15,257.546875,5793.25
1785211884.712257,15,259.1875,5823.0
1785211884.712257,15,260.8125,5819.75
1785211884.712257,15,262.4375,5825.25
1785211884.712257,15,264.078125,5864.75
1785211884.712257,15,265.71875,5891.5
1785211884.712257,15,267.359375,5832.0
1785211884.712257,15,272.296875,5311.75
1785211884.712257,15,273.9375,5356.5
1785211884.712257,15,275.546875,5416.25
1785211884.712257,15,277.1875,5470.0
1785211884.712257,15,278.828125,5498.0
1785211884.712257,15,312.875,1035.25
1785211884.712257,15,314.4375,1027.5
1785211884.712257,15,335.515625,1348.5
1785211884.712257,15,338.078125,4146.25
1785211884.712257,15,339.734375,4148.75
1785211884.712257,15,344.484375,791.75
1785211884.712257,15,346.15625,781.75
1785211884.712257,15,347.828125,786.5
1785211884.8274143,9,352.890625,4287.25
1785211884.8274143,12,354.53125,4344.0
1785211884.8274143,14,356.171875,4380.75
1785211884.8274143,15,357.8125,4413.5
1785211884.8274143,15,359.46875,4472.75
1785211884.8274143,10,1.09375,4567.0
1785211884.8274143,12,2.734375,4665.25
1785211884.8274143,14,4.375,4739.5
1785211884.8274143,8,6.03125,4803.75
1785211884.8274143,7,7.640625,4910.0
1785211884.8274143,15,9.3125,5000.5
1785211884.8274143,15,12.96875,1963.5
1785211884.8274143,14,202.671875,9920.5
1785211884.8274143,15,207.625,8785.0
1785211884.8274143,15,209.25,8556.25
1785211884.8274143,15,212.546875,8032.75
1785211884.8274143,15,214.203125,7860.5
1785211884.8274143,15,215.84375,7691.25
1785211884.8274143,15,219.125,7263.25
1785211884.8274143,15,220.796875,7098.25
1785211884.8274143,15,225.71875,6636.75
1785211884.8274143,15,227.28125,6548.5
1785211884.8274143,15,232.25,5328.75
1785211884.8274143,15,238.78125,5718.25
1785211884.8274143,15,240.40625,5665.5
1785211884.8274143,15,242.0625,5622.75
1785211884.8274143,15,243.703125,5583.25
1785211884.8274143,15,245.3125,5610.0
1785211884.8274143,15,246.96875,5638.5
1785211884.8274143,15,250.296875,5912.25
1785211884.8274143,15,251.921875,5874.5
1785211884.8274143,15,253.578125,5845.25
1785211884.8274143,15,255.203125,5822.0
1785211884.8274143,15,256.859375,5811.5
1785211884.8274143,15,258.484375,5797.75
1785211884.8274143,15,260.125,5806.25
1785211884.8274143,15,261.765625,5847.5
1785211884.8274143,15,263.390625,5859.25
1785211884.8274143,15,265.046875,5896.25
1785211884.8274143,15,266.6875,5934.25
1785211884.8274143,15,271.625,5346.5
1785211884.8274143,15,273.25,5399.75
1785211884.8274143,15,274.84375,5430.75
1785211884.8274143,15,276.484375,5465.25
1785211884.8274143,15,278.140625,5507.5
1785211884.8274143,11,304.4375,4658.75
1785211884.8274143,15,306.109375,4529.5
1785211884.8274143,15,307.75,4403.75
1785211884.8274143,15,317.3125,884.0
1785211884.8274143,15,318.875,875.25
1785211884.8274143,15,331.578125,1262.25
1785211884.8274143,14,339.0,4139.0
1785211884.8274143,15,343.71875,795.5
1785211884.8274143,15,345.359375,789.0
1785211884.8274143,15,346.953125,797.75
1785211884.9382744,15,350.5625,4127.75
1785211884.9382744,13,352.203125,4144.75
1785211884.9382744,13,353.84375,4164.5
1785211884.9382744,12,355.5,4196.25
1785211884.9382744,11,357.125,4257.75
1785211884.9382744,15,358.765625,4326.5
1785211884.9382744,14,0.421875,4390.0
1785211884.9382744,10,2.0625,4447.25
1785211884.9382744,12,6.96875,4724.5
1785211884.9382744,15,12.28125,1953.25
1785211884.9382744,15,208.5,8635.75
1785211884.9382744,15,211.78125,8173.0
1785211884.9382744,15,213.4375,7996.75
1785211884.9382744,15,215.09375,7803.5
1785211884.9382744,15,216.71875,7624.0
1785211884.9382744,15,224.953125,6748.0
1785211884.9382744,15,226.578125,6602.75
1785211884.9382744,15,228.234375,6452.0
1785211884.9382744,10,233.1875,5411.75
1785211884.9382744,15,238.09375,5828.25
1785211884.9382744,15,239.734375,5703.25
1785211884.9382744,15,241.390625,5632.5
1785211884.9382744,15,243.015625,5604.75
1785211884.9382744,15,244.65625,5618.75
1785211884.9382744,15,246.3125,5636.5
1785211884.9382744,15,249.578125,5933.0
1785211884.9382744,15,251.234375,5923.25
1785211884.9382744,15,252.859375,5920.0
1785211884.9382744,15,254.515625,5898.25
1785211884.9382744,15,256.15625,5861.5
1785211884.9382744,15,257.796875,5870.0
1785211884.9382744,15,259.4375,5906.75
1785211884.9382744,15,261.0625,5921.0
1785211884.9382744,15,262.71875,5921.0
1785211884.9382744,15,264.359375,5936.5
1785211884.9382744,15,265.984375,5975.25
1785211884.9382744,15,270.9375,5423.5
1785211884.9382744,15,272.578125,5410.5
1785211884.9382744,15,274.234375,5453.0
1785211884.9382744,15,275.78125,5499.75
1785211884.9382744,15,277.40625,5558.5
1785211884.9382744,15,307.046875,4433.5
1785211884.9382744,10,311.96875,4391.75
1785211884.9382744,7,313.59375,4402.75
1785211884.9382744,15,329.265625,1270.25
1785211884.9382744,15,332.515625,1340.5
1785211884.9382744,15,340.140625,661.5
1785211884.9382744,15,341.859375,654.0
1785211884.9382744,15,348.140625,4224.75
1785211884.9382744,13,349.765625,4222.75
1785211885.1648202,15,350.375,4384.0
1785211885.1648202,15,352.046875,4404.5
1785211885.1648202,14,353.65625,4423.5
1785211885.1648202,10,355.3125,4438.25
1785211885.1648202,14,358.578125,4625.25
1785211885.1648202,14,0.21875,4701.5
1785211885.1648202,15,7.40625,596.0
1785211885.1648202,15,8.84375,593.25
1785211885.1648202,15,10.5,595.75
1785211885.1648202,15,12.125,601.25
1785211885.1648202,15,203.1875,9794.25
1785211885.1648202,15,208.109375,8693.25
1785211885.1648202,15,211.40625,8251.75
1785211885.1648202,15,213.046875,8052.5
1785211885.1648202,15,214.6875,7852.0
1785211885.1648202,15,216.3125,7680.0
1785211885.1648202,15,219.609375,7278.75
1785211885.1648202,12,221.25,7115.25
1785211885.1648202,15,226.234375,6657.75
1785211885.1648202,15,227.875,6531.5
1785211885.1648202,15,232.84375,5373.25
1785211885.1648202,15,236.09375,5903.75
1785211885.1648202,15,237.734375,5856.0
1785211885.1648202,15,239.359375,5799.25
1785211885.1648202,15,241.015625,5727.25
1785211885.1648202,15,242.65625,5690.5
1785211885.1648202,15,244.3125,5681.5
1785211885.1648202,15,245.921875,5704.75
1785211885.1648202,15,249.203125,6055.5
1785211885.1648202,15,250.828125,6013.5
1785211885.1648202,15,252.484375,5988.75
1785211885.1648202,15,254.125,6015.75
1785211885.1648202,15,255.78125,6002.5
1785211885.1648202,15,257.40625,5982.0
1785211885.1648202,15,259.046875,6013.5
1785211885.1648202,15,260.6875,6030.5
1785211885.1648202,15,262.3125,6029.25
1785211885.1648202,15,263.96875,6038.5
1785211885.1648202,15,265.609375,6077.25
1785211885.1648202,15,270.5625,5458.5
1785211885.1648202,15,272.203125,5476.25
1785211885.1648202,15,273.828125,5518.0
1785211885.1648202,15,275.421875,5575.75
1785211885.1648202,15,277.046875,5627.5
1785211885.1648202,15,280.3125,6216.0
1785211885.1648202,9,281.9375,6211.25
1785211885.1648202,7,300.140625,5070.75
1785211885.1648202,10,301.78125,5060.5
1785211885.1648202,10,318.28125,4427.0
1785211885.1648202,8,319.921875,4392.75
1785211885.1648202,14,321.546875,4383.5
1785211885.1648202,15,327.28125,1310.5
1785211885.1648202,15,328.9375,1344.25
1785211885.1648202,15,332.109375,1521.0
1785211885.1648202,15,333.734375,1519.5
1785211885.1648202,15,337.828125,817.0
1785211885.1648202,15,339.5,803.25
1785211885.1648202,15,341.21875,804.0
1785211885.1648202,9,347.90625,4261.5
1785211885.1648202,9,349.53125,4258.25
1785211885.2759626,11,351.171875,4309.0
1785211885.2759626,15,352.8125,4334.25
1785211885.2759626,12,354.453125,4368.0
1785211885.2759626,15,356.09375,4418.75
1785211885.2759626,13,357.734375,4460.5
1785211885.2759626,11,359.390625,4495.25
1785211885.2759626,10,1.0,4570.0
1785211885.2759626,12,2.640625,4675.5
1785211885.2759626,14,4.296875,4750.25
1785211885.2759626,13,5.921875,4802.25
1785211885.2759626,8,7.578125,4862.5
1785211885.2759626,15,14.515625,611.5
1785211885.2759626,15,202.515625,9971.75
1785211885.2759626,15,207.453125,8798.75
1785211885.2759626,15,209.09375,8584.25
1785211885.2759626,15,212.390625,8104.75
1785211885.2759626,15,214.03125,7935.0
1785211885.2759626,15,215.671875,7773.0
1785211885.2759626,15,218.96875,7352.25
1785211885.2759626,15,220.625,7222.25
1785211885.2759626,15,222.25,7119.0
1785211885.2759626,15,223.90625,6958.75
1785211885.2759626,15,225.546875,6768.25
1785211885.2759626,15,227.15625,6625.5
1785211885.2759626,15,232.109375,5428.0
1785211885.2759626,15,238.640625,5842.75
1785211885.2759626,15,240.28125,5796.5
1785211885.2759626,15,241.921875,5728.5
1785211885.2759626,15,243.5625,5652.0
1785211885.2759626,15,245.203125,5698.25
1785211885.2759626,15,246.84375,5786.25
1785211885.2759626,15,250.109375,6039.5
1785211885.2759626,15,251.75,6011.25
1785211885.2759626,15,253.390625,6042.25
1785211885.2759626,15,255.03125,6064.75
1785211885.2759626,15,256.65625,6025.75
1785211885.2759626,15,258.296875,6020.25
1785211885.2759626,15,259.9375,6036.0
1785211885.2759626,15,261.59375,6050.75
1785211885.2759626,15,263.21875,6078.5
1785211885.2759626,15,264.859375,6133.25
1785211885.2759626,15,269.796875,5558.75
1785211885.2759626,15,271.4375,5505.5
1785211885.2759626,15,273.0625,5547.75
1785211885.2759626,15,274.6875,5586.25
1785211885.2759626,15,276.328125,5624.75
1785211885.2759626,15,279.578125,6241.0
1785211885.2759626,15,281.21875,6345.0
1785211885.2759626,15,282.859375,6436.5
1785211885.2759626,15,284.484375,6515.25
1785211885.2759626,8,307.65625,5074.5
1785211885.2759626,7,312.625,4819.75
1785211885.2759626,10,320.84375,4447.75
1785211885.2759626,15,328.15625,1381.0
1785211885.2759626,15,331.484375,1445.0
1785211885.2759626,15,333.078125,1448.25
1785211885.2759626,15,334.71875,1456.25
1785211885.2759626,15,336.359375,1467.25
1785211885.2759626,15,340.484375,792.5
1785211885.2759626,15,342.265625,784.5
1785211885.2759626,15,343.765625,784.5
1785211885.2759626,15,345.359375,798.0
1785211885.2759626,11,348.84375,4380.0
1785211885.3869922,14,350.484375,4408.0
1785211885.3869922,14,352.125,4426.25
1785211885.3869922,14,353.75,4450.25
1785211885.3869922,9,355.390625,4507.5
1785211885.3869922,13,357.03125,4565.75
1785211885.3869922,11,358.6875,4638.5
1785211885.3869922,12,0.296875,4716.0
1785211885.3869922,14,1.96875,4741.75
1785211885.3869922,13,3.609375,4774.75
1785211885.3869922,10,5.234375,4836.75
1785211885.3869922,8,6.875,4920.5
1785211885.3869922,10,8.53125,5007.5
1785211885.3869922,15,13.921875,611.75
1785211885.3869922,10,203.265625,9801.0
1785211885.3869922,15,208.203125,8706.0
1785211885.3869922,15,209.84375,8505.0
1785211885.3869922,15,213.125,8045.5
1785211885.3869922,15,214.78125,7859.5
1785211885.3869922,15,216.421875,7689.0
1785211885.3869922,15,219.703125,7288.75
1785211885.3869922,15,227.921875,6605.5
1785211885.3869922,15,232.890625,5468.75
1785211885.3869922,15,236.125,5978.75
1785211885.3869922,15,237.78125,5913.75
1785211885.3869922,15,239.421875,5856.0
1785211885.3869922,15,241.0625,5804.25
1785211885.3869922,15,242.71875,5724.25
1785211885.3869922,15,244.328125,5765.25
1785211885.3869922,15,245.96875,5810.75
1785211885.3869922,15,249.25,6153.25
1785211885.3869922,15,250.859375,6136.75
1785211885.3869922,15,252.515625,6118.0
1785211885.3869922,15,254.140625,6101.5
1785211885.3869922,15,255.796875,6072.75
1785211885.3869922,15,257.421875,6078.5
1785211885.3869922,15,259.0625,6115.75
1785211885.3869922,15,260.703125,6123.75
1785211885.3869922,15,262.34375,6098.25
1785211885.3869922,15,263.96875,6117.0
1785211885.3869922,15,265.609375,6177.0
1785211885.3869922,15,270.5625,5531.25
1785211885.3869922,15,272.1875,5560.0
1785211885.3869922,15,273.828125,5605.75
1785211885.3869922,15,275.4375,5650.5
1785211885.3869922,15,277.078125,5727.75
1785211885.3869922,15,280.3125,6382.75
1785211885.3869922,8,281.96875,6401.75
1785211885.3869922,10,308.375,5073.75
1785211885.3869922,7,310.03125,5070.75
1785211885.3869922,15,316.609375,4827.0
1785211885.3869922,12,318.265625,4766.25
1785211885.3869922,15,323.984375,1353.0
1785211885.3869922,15,325.625,1360.25
1785211885.3869922,12,329.796875,4725.0
1785211885.3869922,15,333.859375,1365.25
1785211885.3869922,15,335.484375,1390.5
1785211885.3869922,15,337.109375,1430.25
1785211885.3869922,15,338.734375,1448.75
1785211885.3869922,14,344.59375,4691.5
1785211885.3869922,8,346.25,4661.0
1785211885.3869922,8,347.875,4644.5
1785211885.3869922,12,349.515625,4648.5
1785211885.5006483,13,351.171875,4666.25
1785211885.5006483,12,352.8125,4684.75
1785211885.5006483,15,357.71875,756.25
1785211885.5006483,15,359.3125,751.5
1785211885.5006483,15,1.09375,744.75
1785211885.5006483,15,2.734375,739.25
1785211885.5006483,15,4.234375,742.75
1785211885.5006483,15,11.484375,606.0
1785211885.5006483,15,13.078125,597.0
1785211885.5006483,15,14.640625,597.75
1785211885.5006483,15,208.9375,8620.25
1785211885.5006483,15,212.21875,8160.5
1785211885.5006483,15,213.875,8000.5
1785211885.5006483,15,215.515625,7820.75
1785211885.5006483,15,217.15625,7665.25
1785211885.5006483,15,220.453125,7253.0
1785211885.5006483,15,222.09375,7133.5
1785211885.5006483,15,226.96875,6713.75
1785211885.5006483,13,230.25,6302.75
1785211885.5006483,15,235.203125,5413.25
1785211885.5006483,15,238.4375,5913.5
1785211885.5006483,15,240.09375,5862.5
1785211885.5006483,15,241.71875,5795.75
1785211885.5006483,15,243.34375,5754.0
1785211885.5006483,15,244.984375,5810.0
1785211885.5006483,15,246.625,5918.25
1785211885.5006483,15,249.875,6164.0
1785211885.5006483,15,251.5625,6158.0
1785211885.5006483,15,253.203125,6138.0
1785211885.5006483,15,254.84375,6130.75
1785211885.5006483,15,256.46875,6148.5
1785211885.5006483,15,258.109375,6122.75
1785211885.5006483,15,259.765625,6116.75
1785211885.5006483,15,261.375,6153.25
1785211885.5006483,15,263.046875,6147.25
1785211885.5006483,15,264.65625,6172.5
1785211885.5006483,15,269.609375,5606.75
1785211885.5006483,15,271.234375,5600.0
1785211885.5006483,15,272.875,5638.5
1785211885.5006483,15,274.5,5684.5
1785211885.5006483,15,276.125,5720.0
1785211885.5006483,15,279.390625,6397.75
1785211885.5006483,15,281.03125,6437.75
1785211885.5006483,15,282.65625,6502.0
1785211885.5006483,15,284.296875,6591.75
1785211885.5006483,11,310.671875,5111.0
1785211885.5006483,13,312.3125,5060.5
1785211885.5006483,10,313.953125,5045.0
1785211885.5006483,8,315.578125,5055.0
1785211885.5006483,15,324.609375,1379.25
1785211885.5006483,15,326.171875,1392.0
1785211885.5006483,15,334.4375,1369.25
1785211885.5006483,15,337.6875,1465.75
1785211885.5006483,9,343.578125,4493.75
1785211885.5006483,13,345.21875,4463.25
1785211885.5006483,15,346.921875,4453.75
1785211885.5006483,15,348.578125,4459.75
1785211885.5006483,15,350.21875,4482.75
1785211885.6126103,10,351.859375,4496.75
1785211885.6126103,8,353.5,4524.0
1785211885.6126103,15,355.15625,4569.5
1785211885.6126103,12,356.796875,4638.5
1785211885.6126103,15,358.4375,4702.25
1785211885.6126103,14,0.078125,4736.0
1785211885.6126103,15,1.75,4775.0
1785211885.6126103,14,3.375,4821.25
1785211885.6126103,15,10.53125,596.0
1785211885.6126103,15,12.015625,593.0
1785211885.6126103,15,13.734375,597.25
1785211885.6126103,12,203.265625,9789.0
1785211885.6126103,15,208.21875,8782.25
1785211885.6126103,15,209.84375,8543.0
1785211885.6126103,15,213.140625,8083.25
1785211885.6126103,15,216.4375,7697.25
1785211885.6126103,15,218.0625,7533.75
1785211885.6126103,15,219.71875,7352.75
1785211885.6126103,15,221.34375,7226.25
1785211885.6126103,15,224.625,6944.25
1785211885.6126103,15,227.921875,6652.75
1785211885.6126103,15,232.890625,5490.25
1785211885.6126103,15,237.78125,5997.0
1785211885.6126103,15,239.421875,5918.75
1785211885.6126103,15,241.046875,5873.25
1785211885.6126103,15,242.703125,5812.75
1785211885.6126103,15,244.328125,5845.0
1785211885.6126103,15,245.96875,5909.0
1785211885.6126103,15,249.234375,6155.75
1785211885.6126103,15,250.9375,6161.5
1785211885.6126103,15,252.578125,6173.5
1785211885.6126103,15,254.234375,6169.75
1785211885.6126103,15,255.875,6149.75
1785211885.6126103,15,257.515625,6127.25
1785211885.6126103,15,259.15625,6123.75
1785211885.6126103,15,260.796875,6139.0
1785211885.6126103,15,262.4375,6186.75
1785211885.6126103,15,264.09375,6232.25
1785211885.6126103,15,270.671875,5601.0
1785211885.6126103,15,272.3125,5649.5
1785211885.6126103,15,273.953125,5725.5
1785211885.6126103,15,275.53125,5769.5
1785211885.6126103,15,278.78125,6410.75
1785211885.6126103,15,280.421875,6460.0
1785211885.6126103,10,282.046875,6521.75
1785211885.6126103,15,322.28125,1496.0
1785211885.6126103,15,323.9375,1460.25
1785211885.6126103,15,325.578125,1433.75
1785211885.6126103,15,327.265625,1424.75
1785211885.6126103,15,332.1875,1412.25
1785211885.6126103,15,333.8125,1398.0
1785211885.6126103,15,337.046875,1483.75
1785211885.6126103,12,339.6875,4451.25
1785211885.6126103,14,341.34375,4474.75
1785211885.6126103,11,342.984375,4478.5
1785211885.6126103,13,344.609375,4455.0
1785211885.6126103,12,346.265625,4458.0
1785211885.6126103,15,347.90625,4488.25
1785211885.6126103,11,349.546875,4513.25
1785211885.7241147,14,351.1875,4529.25
1785211885.7241147,9,352.828125,4565.75
1785211885.7241147,11,354.46875,4615.5
1785211885.7241147,15,356.109375,4685.25
1785211885.7241147,13,357.75,4748.25
1785211885.7241147,13,359.390625,4778.5
1785211885.7241147,13,1.03125,4814.0
1785211885.7241147,11,2.671875,4858.75
1785211885.7241147,15,8.203125,594.75
1785211885.7241147,15,9.828125,588.25
1785211885.7241147,15,11.453125,588.5
1785211885.7241147,15,12.84375,599.5
1785211885.7241147,13,202.453125,9961.75
1785211885.7241147,15,209.015625,8664.75
1785211885.7241147,15,212.296875,8189.5
1785211885.7241147,15,213.953125,8007.0
1785211885.7241147,15,215.578125,7822.25
1785211885.7241147,15,217.234375,7655.0
1785211885.7241147,15,218.859375,7489.0
1785211885.7241147,15,220.5,7317.25
1785211885.7241147,15,238.53125,5966.5
1785211885.7241147,15,240.1875,5928.75
1785211885.7241147,15,241.8125,5882.0
1785211885.7241147,15,243.453125,5807.25
1785211885.7241147,15,246.734375,6008.25
1785211885.7241147,15,248.34375,6117.5
1785211885.7241147,15,250.0,6174.75
1785211885.7241147,15,251.6875,6187.75
1785211885.7241147,15,253.34375,6190.0
1785211885.7241147,15,254.984375,6187.5
1785211885.7241147,15,256.625,6174.75
1785211885.7241147,15,258.265625,6185.75
1785211885.7241147,15,259.90625,6197.25
1785211885.7241147,15,261.546875,6210.5
1785211885.7241147,15,263.1875,6238.25
1785211885.7241147,15,264.828125,6245.5
1785211885.7241147,15,269.765625,5625.5
1785211885.7241147,15,271.421875,5660.5
1785211885.7241147,15,273.046875,5704.75
1785211885.7241147,15,274.625,5776.25
1785211885.7241147,15,276.265625,5892.25
1785211885.7241147,15,279.515625,6490.0
1785211885.7241147,15,281.140625,6547.0
1785211885.7241147,15,282.78125,6638.25
1785211885.7241147,10,309.125,5127.75
1785211885.7241147,10,310.765625,5100.0
1785211885.7241147,13,312.4375,5032.5
1785211885.7241147,12,314.0625,4959.0
1785211885.7241147,10,317.359375,4888.25
1785211885.7241147,15,321.296875,1536.25
1785211885.7241147,15,323.0,1504.0
1785211885.7241147,15,324.671875,1481.0
1785211885.7241147,15,326.375,1467.75
1785211885.7241147,15,332.921875,1444.0
1785211885.7241147,15,336.171875,1509.75
1785211885.7241147,15,342.09375,4738.75
1785211885.7241147,12,343.765625,4733.25
1785211885.7241147,11,345.390625,4718.25
1785211885.7241147,11,346.984375,4707.0
1785211885.7241147,11,348.65625,4702.75
1785211885.7241147,15,350.28125,4689.5
1785211885.8359675,15,351.921875,4673.0
1785211885.8359675,15,353.59375,4687.5
1785211885.8359675,13,355.21875,4725.0
1785211885.8359675,14,356.859375,4748.25
1785211885.8359675,14,358.5,4764.75
1785211885.8359675,15,0.140625,4786.25
1785211885.8359675,15,5.625,609.75
1785211885.8359675,15,7.09375,602.0
1785211885.8359675,15,8.828125,601.0
1785211885.8359675,14,203.265625,9797.25
1785211885.8359675,15,208.1875,8793.75
1785211885.8359675,15,209.828125,8553.0
1785211885.8359675,15,213.109375,8092.75
1785211885.8359675,15,214.75,7956.75
1785211885.8359675,15,216.390625,7790.25
1785211885.8359675,15,218.015625,7611.25
1785211885.8359675,15,219.6875,7407.75
1785211885.8359675,15,221.328125,7247.5
1785211885.8359675,13,224.59375,6902.5
1785211885.8359675,15,226.28125,6839.0
1785211885.8359675,14,227.90625,6714.5
1785211885.8359675,15,232.859375,5606.75
1785211885.8359675,15,236.125,6102.75
1785211885.8359675,15,237.765625,6045.5
1785211885.8359675,15,239.40625,5998.75
1785211885.8359675,15,241.046875,5956.5
1785211885.8359675,15,242.703125,5880.0
1785211885.8359675,15,244.328125,5909.75
1785211885.8359675,15,245.953125,5946.75
1785211885.8359675,15,249.234375,6251.75
1785211885.8359675,15,250.890625,6251.75
1785211885.8359675,15,252.53125,6237.0
1785211885.8359675,15,254.15625,6227.5
1785211885.8359675,15,255.8125,6180.5
1785211885.8359675,15,257.4375,6182.75
1785211885.8359675,15,259.078125,6223.75
1785211885.8359675,15,260.71875,6225.0
1785211885.8359675,15,262.34375,6264.25
1785211885.8359675,15,264.0,6318.25
1785211885.8359675,15,268.921875,5704.75
1785211885.8359675,15,270.578125,5667.5
1785211885.8359675,15,272.203125,5744.0
1785211885.8359675,15,273.859375,5820.0
1785211885.8359675,15,275.4375,5876.5
1785211885.8359675,15,278.6875,6488.75
1785211885.8359675,15,280.3125,6538.75
1785211885.8359675,15,281.953125,6591.5
1785211885.8359675,8,305.03125,5120.5
1785211885.8359675,7,306.671875,5074.75
1785211885.8359675,7,308.3125,5057.5
1785211885.8359675,9,313.265625,4782.0
1785211885.8359675,11,314.921875,4753.75
1785211885.8359675,9,316.546875,4715.75
1785211885.8359675,9,318.1875,4696.25
1785211885.8359675,15,322.125,1513.0
1785211885.8359675,15,323.90625,1472.75
1785211885.8359675,15,325.578125,1454.5
1785211885.8359675,15,332.140625,1480.0
1785211885.8359675,15,333.75,1518.75
1785211885.8359675,15,335.390625,1529.25
1785211885.8359675,14,341.328125,4842.25
1785211885.8359675,12,342.984375,4848.75
1785211885.8359675,9,344.625,4851.5
1785211885.8359675,15,346.28125,4855.75
1785211885.8359675,15,347.8125,4860.25
1785211885.8359675,15,349.46875,4877.5
1785211885.9506497,15,351.09375,4889.0
1785211885.9506497,13,352.71875,4912.5
1785211885.9506497,11,354.375,4951.0
1785211885.9506497,14,356.0,4996.75
1785211885.9506497,12,357.640625,5039.0
1785211885.9506497,9,359.265625,5059.75
1785211885.9506497,15,4.578125,644.75
1785211885.9506497,15,6.265625,641.5
1785211885.9506497,15,208.9375,8674.75
1785211885.9506497,15,210.578125,8512.0
1785211885.9506497,15,213.859375,8073.0
1785211885.9506497,15,215.5,7947.0
1785211885.9506497,15,217.125,7771.25
1785211885.9506497,15,220.4375,7372.75
1785211885.9506497,15,222.078125,7252.5
1785211885.9506497,15,223.703125,7130.25
1785211885.9506497,15,225.34375,7019.0
1785211885.9506497,15,226.984375,6882.75
1785211885.9506497,15,230.265625,6458.5
1785211885.9506497,15,240.09375,5986.75
1785211885.9506497,15,241.734375,5939.75
1785211885.9506497,15,243.375,5922.25
1785211885.9506497,15,245.0,5950.0
1785211885.9506497,15,246.640625,6034.0
1785211885.9506497,15,249.890625,6302.25
1785211885.9506497,15,251.53125,6272.5
1785211885.9506497,15,253.15625,6230.0
1785211885.9506497,15,254.8125,6222.75
1785211885.9506497,15,256.4375,6245.5
1785211885.9506497,15,258.078125,6216.5
1785211885.9506497,15,259.71875,6238.5
1785211885.9506497,15,261.34375,6305.75
1785211885.9506497,15,262.96875,6317.0
1785211885.9506497,15,264.609375,6350.0
1785211885.9506497,15,269.546875,5668.0
1785211885.9506497,15,271.171875,5730.5
1785211885.9506497,15,272.8125,5801.25
1785211885.9506497,15,274.375,5875.5
1785211885.9506497,15,277.625,6453.75
1785211885.9506497,15,279.234375,6522.75
1785211885.9506497,15,280.875,6604.5
1785211885.9506497,15,282.5,6718.75
1785211885.9506497,9,310.46875,5149.5
1785211885.9506497,12,312.109375,5111.25
1785211885.9506497,15,313.75,5100.75
1785211885.9506497,15,315.390625,5073.0
1785211885.9506497,14,317.015625,5048.0
1785211885.9506497,10,318.671875,5048.75
1785211885.9506497,15,325.984375,1411.75
1785211885.9506497,15,334.140625,1557.0
1785211885.9506497,15,340.03125,4814.0
1785211885.9506497,15,341.6875,4804.25
1785211885.9506497,15,343.328125,4782.0
1785211885.9506497,14,344.96875,4762.5
1785211885.9506497,15,346.5625,4766.0
1785211885.9506497,15,348.203125,4768.75
1785211885.9506497,15,349.828125,4763.25
1785211886.061637,13,351.484375,4780.0
1785211886.061637,14,353.125,4830.5
1785211886.061637,10,354.765625,4870.25
1785211886.061637,14,356.390625,4943.25
1785211886.061637,15,1.4375,730.0
1785211886.061637,15,2.953125,720.25
1785211886.061637,15,6.734375,1867.75
1785211886.061637,15,8.375,1858.25
1785211886.061637,12,204.15625,9668.5
1785211886.061637,15,209.078125,8691.5
1785211886.061637,15,210.734375,8509.5
1785211886.061637,15,214.015625,8090.5
1785211886.061637,15,215.65625,7942.75
1785211886.061637,15,217.296875,7773.25
1785211886.061637,15,218.9375,7579.5
1785211886.061637,15,220.578125,7363.0
1785211886.061637,15,222.234375,7229.25
1785211886.061637,15,223.859375,7121.25
1785211886.061637,15,225.5,6982.5
1785211886.061637,15,227.15625,6852.75
1785211886.061637,15,230.453125,6476.75
1785211886.061637,15,237.015625,6139.0
1785211886.061637,15,238.65625,6053.25
1785211886.061637,15,240.296875,6018.0
1785211886.061637,15,241.921875,5973.0
1785211886.061637,15,243.578125,5941.0
1785211886.061637,15,245.203125,5973.5
1785211886.061637,15,248.484375,6307.25
1785211886.061637,15,250.109375,6304.75
1785211886.061637,15,251.71875,6298.5
1785211886.061637,15,253.34375,6294.75
1785211886.061637,15,254.984375,6338.5
1785211886.061637,15,256.625,6315.25
1785211886.061637,15,258.265625,6272.5
1785211886.061637,15,259.890625,6299.75
1785211886.061637,15,261.53125,6334.75
1785211886.061637,15,263.15625,6383.75
1785211886.061637,15,264.8125,6328.75
1785211886.061637,15,266.453125,6170.5
1785211886.061637,15,269.734375,5738.75
1785211886.061637,15,271.375,5806.25
1785211886.061637,15,272.984375,5876.75
1785211886.061637,15,274.59375,5936.5
1785211886.061637,15,277.84375,6501.75
1785211886.061637,15,279.453125,6578.0
1785211886.061637,9,305.8125,5150.75
1785211886.061637,10,309.078125,5130.25
1785211886.061637,15,310.71875,5100.0
1785211886.061637,13,312.375,5094.25
1785211886.061637,15,314.0,5094.25
1785211886.061637,15,315.65625,5077.25
1785211886.061637,14,317.296875,5070.0
1785211886.061637,15,318.9375,5071.5
1785211886.061637,7,320.59375,5029.0
1785211886.061637,15,326.234375,1368.75
1785211886.061637,15,327.90625,1386.75
1785211886.061637,15,332.65625,1566.75
1785211886.061637,15,334.328125,1588.5
1785211886.061637,12,336.96875,4996.0
1785211886.061637,12,338.609375,4984.5
1785211886.061637,9,340.234375,4999.25
1785211886.061637,8,341.875,5014.25
1785211886.061637,11,343.53125,4996.75
1785211886.061637,11,345.140625,5010.5
1785211886.061637,15,346.78125,4958.5
1785211886.061637,15,348.4375,4901.5
1785211886.061637,15,350.0625,4915.25
1785211886.175473,15,351.703125,4931.5
1785211886.175473,12,353.34375,4976.5
1785211886.175473,13,354.953125,5044.5
1785211886.175473,15,356.59375,5081.75
1785211886.175473,15,358.21875,5110.0
1785211886.175473,15,2.953125,850.5
1785211886.175473,15,4.53125,852.75
1785211886.175473,15,13.359375,2114.0
1785211886.175473,15,170.640625,1366.5
1785211886.175473,15,209.09375,8701.0
1785211886.175473,15,210.75,8515.5
1785211886.175473,15,214.015625,8096.5
1785211886.175473,15,215.671875,7945.75
1785211886.175473,15,217.3125,7780.25
1785211886.175473,15,218.953125,7628.5
1785211886.175473,15,220.59375,7460.75
1785211886.175473,15,222.234375,7297.25
1785211886.175473,15,230.4375,6479.25
1785211886.175473,15,237.0,6185.0
1785211886.175473,15,238.625,6125.0
1785211886.175473,15,240.28125,6048.0
1785211886.175473,15,241.90625,5982.75
1785211886.175473,15,243.546875,5949.5
1785211886.175473,15,246.8125,6227.75
1785211886.175473,15,248.453125,6306.75
1785211886.175473,15,250.078125,6303.0
1785211886.175473,15,251.6875,6301.0
1785211886.175473,15,253.34375,6299.25
1785211886.175473,15,254.984375,6342.5
1785211886.175473,15,256.59375,6346.0
1785211886.175473,15,258.25,6303.5
1785211886.175473,15,259.890625,6341.0
1785211886.175473,15,261.5,6380.5
1785211886.175473,15,263.15625,6418.0
1785211886.175473,15,264.796875,6388.25
1785211886.175473,14,266.421875,6245.25
1785211886.175473,15,269.703125,5774.25
1785211886.175473,15,271.359375,5841.0
1785211886.175473,15,272.984375,5912.0
1785211886.175473,15,274.59375,5943.25
1785211886.175473,15,277.859375,6532.75
1785211886.175473,15,279.46875,6586.5
1785211886.175473,15,281.109375,6694.75
1785211886.175473,15,282.734375,6833.75
1785211886.175473,11,320.609375,5168.5
1785211886.175473,15,328.0,1350.75
1785211886.175473,15,332.734375,1601.0
1785211886.175473,13,338.65625,5077.75
1785211886.175473,12,340.296875,5060.25
1785211886.175473,11,341.953125,5022.75
1785211886.175473,11,343.578125,5001.25
1785211886.175473,9,345.234375,4988.75
1785211886.175473,15,346.859375,4937.5
1785211886.175473,15,348.5,4904.75
1785211886.175473,15,350.140625,4917.5
1785211886.2880535,15,351.78125,4927.75
1785211886.2880535,14,353.421875,4989.75
1785211886.2880535,13,355.0625,5051.0
1785211886.2880535,15,356.6875,5071.25
1785211886.2880535,15,358.328125,5109.75
1785211886.2880535,15,359.96875,5157.0
1785211886.2880535,15,1.609375,5202.75
1785211886.2880535,15,7.0,1867.75
1785211886.2880535,15,8.625,1889.5
1785211886.2880535,15,12.671875,986.75
1785211886.2880535,15,14.21875,990.75
1785211886.2880535,15,169.171875,1360.25
1785211886.2880535,15,170.84375,1347.75
1785211886.2880535,15,172.453125,1367.5
1785211886.2880535,15,202.703125,9924.75
1785211886.2880535,13,204.328125,9654.75
1785211886.2880535,15,209.265625,8722.75
1785211886.2880535,15,210.90625,8514.75
1785211886.2880535,15,212.53125,8283.5
1785211886.2880535,15,214.1875,8103.0
1785211886.2880535,15,215.828125,7938.75
1785211886.2880535,15,217.46875,7771.25
1785211886.2880535,15,219.109375,7627.0
1785211886.2880535,15,220.75,7445.75
1785211886.2880535,15,222.375,7279.5
1785211886.2880535,12,224.015625,7167.5
1785211886.2880535,15,230.578125,6516.25
1785211886.2880535,15,237.140625,6220.75
1785211886.2880535,15,238.765625,6160.25
1785211886.2880535,15,240.421875,6085.75
1785211886.2880535,15,242.046875,6014.0
1785211886.2880535,15,243.671875,5979.5
1785211886.2880535,15,248.578125,6409.5
1785211886.2880535,15,250.265625,6383.75
1785211886.2880535,15,251.90625,6414.5
1785211886.2880535,15,253.53125,6398.0
1785211886.2880535,15,255.171875,6358.5
1785211886.2880535,15,256.8125,6380.0
1785211886.2880535,15,258.4375,6394.0
1785211886.2880535,15,260.09375,6418.5
1785211886.2880535,15,261.734375,6457.25
1785211886.2880535,15,263.375,6468.75
1785211886.2880535,15,265.015625,6406.0
1785211886.2880535,15,269.953125,5862.5
1785211886.2880535,15,271.578125,5900.5
1785211886.2880535,15,273.21875,5943.25
1785211886.2880535,15,274.8125,5985.5
1785211886.2880535,15,278.0625,6588.75
1785211886.2880535,15,279.6875,6689.75
1785211886.2880535,15,281.3125,6816.25
1785211886.2880535,15,309.359375,5145.0
1785211886.2880535,15,311.0,5129.25
1785211886.2880535,11,312.625,5101.75
1785211886.2880535,9,314.296875,5087.25
1785211886.2880535,9,315.921875,5055.25
1785211886.2880535,12,317.5625,4963.5
1785211886.2880535,9,320.859375,4873.5
1785211886.2880535,15,328.125,1356.75
1785211886.2880535,14,333.9375,4772.25
1785211886.2880535,14,335.578125,4764.75
1785211886.2880535,15,337.234375,4768.75
1785211886.2880535,14,338.859375,4774.25
1785211886.2880535,13,340.5,4754.0
1785211886.2880535,12,342.140625,4738.75
1785211886.2880535,11,343.78125,4733.0
1785211886.2880535,15,345.421875,4746.75
1785211886.2880535,12,347.078125,4755.0
1785211886.2880535,15,348.71875,4779.5
1785211886.399296,15,350.375,4795.25
1785211886.399296,12,352.0,4800.0
1785211886.399296,10,353.640625,4847.5
1785211886.399296,10,355.28125,4917.75
1785211886.399296,11,356.921875,4980.0
1785211886.399296,14,358.5625,5033.5
1785211886.399296,15,0.203125,5082.5
1785211886.399296,13,1.8125,5114.75
1785211886.399296,15,5.609375,1855.25
1785211886.399296,15,7.265625,1851.0
1785211886.399296,15,172.75,1348.75
1785211886.399296,15,207.875,8946.75
1785211886.399296,15,209.515625,8717.75
1785211886.399296,15,211.15625,8525.25
1785211886.399296,15,214.4375,8078.0
1785211886.399296,15,216.078125,7937.0
1785211886.399296,15,217.71875,7767.5
1785211886.399296,15,219.34375,7630.5
1785211886.399296,15,222.625,7287.0
1785211886.399296,9,230.796875,6555.0
1785211886.399296,15,238.96875,6189.25
1785211886.399296,15,240.609375,6118.0
1785211886.399296,15,242.234375,6087.75
1785211886.399296,15,243.875,6078.5
1785211886.399296,15,245.5,6087.75
1785211886.399296,15,248.765625,6479.25
1785211886.399296,15,250.46875,6394.75
1785211886.399296,15,252.109375,6368.75
1785211886.399296,15,253.734375,6430.0
1785211886.399296,15,255.390625,6439.0
1785211886.399296,15,257.03125,6437.5
1785211886.399296,15,258.65625,6445.5
1785211886.399296,15,260.28125,6456.0
1785211886.399296,15,261.921875,6479.5
1785211886.399296,15,263.5625,6513.75
1785211886.399296,15,268.5,5891.5
1785211886.399296,15,270.140625,5912.25
1785211886.399296,15,271.765625,5944.25
1785211886.399296,15,273.40625,5979.75
1785211886.399296,15,275.015625,6026.0
1785211886.399296,15,278.28125,6671.0
1785211886.399296,15,279.90625,6777.5
1785211886.399296,13,281.546875,6862.5
1785211886.399296,15,316.046875,5223.5
1785211886.399296,15,317.6875,5118.75
1785211886.399296,15,319.3125,5081.75
1785211886.399296,15,320.96875,5056.0
1785211886.399296,15,325.015625,1423.0
1785211886.399296,15,326.6875,1393.25
1785211886.399296,15,328.328125,1373.25
1785211886.399296,15,330.03125,1363.5
1785211886.399296,13,335.8125,4707.0
1785211886.399296,15,337.453125,4684.25
1785211886.399296,9,339.09375,4647.25
1785211886.399296,8,340.734375,4636.25
1785211886.399296,8,342.390625,4626.5
1785211886.399296,9,344.03125,4603.75
1785211886.399296,15,345.671875,4627.25
1785211886.399296,15,347.328125,4653.75
1785211886.399296,15,348.96875,4685.0
1785211886.5136383,15,350.609375,4717.5
1785211886.5136383,12,352.234375,4746.25
1785211886.5136383,10,353.890625,4792.5
1785211886.5136383,15,355.53125,4824.0
1785211886.5136383,13,357.171875,4854.5
1785211886.5136383,8,358.8125,4907.5
1785211886.5136383,13,0.453125,4960.5
1785211886.5136383,12,2.09375,5016.0
1785211886.5136383,10,3.71875,5062.75
1785211886.5136383,15,7.546875,1810.75
1785211886.5136383,15,9.15625,1805.25
1785211886.5136383,15,169.71875,1333.0
1785211886.5136383,15,171.40625,1324.0
1785211886.5136383,15,173.03125,1330.25
1785211886.5136383,15,174.59375,1346.75
1785211886.5136383,14,201.46875,10181.5
1785211886.5136383,15,209.71875,8681.5
1785211886.5136383,15,211.34375,8521.0
1785211886.5136383,15,214.625,8090.25
1785211886.5136383,15,216.28125,7970.25
1785211886.5136383,15,217.921875,7809.25
1785211886.5136383,15,219.546875,7654.5
1785211886.5136383,15,222.84375,7278.75
1785211886.5136383,15,232.6875,5820.0
1785211886.5136383,15,235.921875,6302.75
1785211886.5136383,15,237.546875,6236.0
1785211886.5136383,15,239.203125,6222.5
1785211886.5136383,15,240.828125,6164.25
1785211886.5136383,15,242.46875,6102.75
1785211886.5136383,15,244.09375,6164.75
1785211886.5136383,15,245.734375,6202.25
1785211886.5136383,15,248.984375,6556.25
1785211886.5136383,15,250.671875,6502.0
1785211886.5136383,15,252.3125,6467.5
1785211886.5136383,15,253.953125,6478.0
1785211886.5136383,15,255.578125,6461.0
1785211886.5136383,15,257.21875,6449.5
1785211886.5136383,15,258.859375,6491.5
1785211886.5136383,15,260.484375,6542.75
1785211886.5136383,15,262.125,6567.0
1785211886.5136383,15,263.78125,6592.75
1785211886.5136383,15,268.703125,5924.25
1785211886.5136383,15,270.34375,5949.75
1785211886.5136383,15,271.96875,6001.25
1785211886.5136383,15,273.609375,6066.0
1785211886.5136383,15,276.8125,6616.0
1785211886.5136383,15,278.453125,6715.0
1785211886.5136383,15,280.078125,6861.75
1785211886.5136383,15,281.703125,7000.75
1785211886.5136383,12,317.9375,5213.5
1785211886.5136383,10,319.578125,5139.5
1785211886.5136383,15,323.640625,1423.5
1785211886.5136383,15,325.375,1404.75
1785211886.5136383,15,326.953125,1381.25
1785211886.5136383,15,328.671875,1360.5
1785211886.5136383,11,332.8125,4939.5
1785211886.5136383,15,334.453125,4884.75
1785211886.5136383,15,336.109375,4871.0
1785211886.5136383,15,337.765625,4834.0
1785211886.5136383,13,339.390625,4782.0
1785211886.5136383,10,341.046875,4745.5
1785211886.5136383,13,342.703125,4729.75
1785211886.5136383,12,344.34375,4715.5
1785211886.5136383,15,345.984375,4706.25
1785211886.5136383,15,347.640625,4700.25
1785211886.5136383,15,349.28125,4709.5
1785211886.6240547,14,350.9375,4736.5
1785211886.6240547,15,352.546875,4755.0
1785211886.6240547,13,354.21875,4789.0
1785211886.6240547,15,355.859375,4823.25
1785211886.6240547,10,357.484375,4852.5
1785211886.6240547,12,359.140625,4912.0
1785211886.6240547,13,0.765625,4985.75
1785211886.6240547,11,2.4375,5050.5
1785211886.6240547,13,4.0625,5074.5
1785211886.6240547,9,5.703125,5085.75
1785211886.6240547,15,11.0625,1800.25
1785211886.6240547,15,12.6875,1837.0
1785211886.6240547,15,170.140625,1308.5
1785211886.6240547,15,171.8125,1312.75
1785211886.6240547,15,173.421875,1321.5
1785211886.6240547,15,175.046875,1334.25
1785211886.6240547,12,205.203125,9548.0
1785211886.6240547,15,210.125,8656.25
1785211886.6240547,15,211.765625,8447.75
1785211886.6240547,15,213.40625,8222.0
1785211886.6240547,15,215.046875,8064.0
1785211886.6240547,15,216.6875,7911.5
1785211886.6240547,15,218.3125,7754.25
1785211886.6240547,15,219.96875,7600.25
1785211886.6240547,15,221.59375,7426.0
1785211886.6240547,15,223.234375,7277.25
1785211886.6240547,7,224.875,7141.25
1785211886.6240547,15,226.53125,7052.75
1785211886.6240547,15,228.1875,6957.0
1785211886.6240547,15,233.125,5805.0
1785211886.6240547,15,236.375,6340.0
1785211886.6240547,15,238.015625,6252.0
1785211886.6240547,15,239.65625,6213.0
1785211886.6240547,15,241.296875,6159.5
1785211886.6240547,15,242.9375,6108.5
1785211886.6240547,15,244.578125,6152.25
1785211886.6240547,15,246.203125,6268.25
1785211886.6240547,15,249.46875,6592.75
1785211886.6240547,15,251.109375,6504.75
1785211886.6240547,15,252.75,6467.75
1785211886.6240547,15,254.390625,6493.75
1785211886.6240547,15,256.03125,6521.5
1785211886.6240547,15,257.671875,6515.0
1785211886.6240547,15,259.3125,6529.75
1785211886.6240547,15,260.9375,6549.5
1785211886.6240547,15,262.578125,6578.25
1785211886.6240547,15,264.234375,6531.0
1785211886.6240547,15,269.140625,5965.25
1785211886.6240547,15,270.796875,6020.25
1785211886.6240547,15,272.421875,6060.0
1785211886.6240547,15,274.0625,6087.75
1785211886.6240547,15,277.25,6703.5
1785211886.6240547,15,278.859375,6797.25
1785211886.6240547,15,280.5,6921.0
1785211886.6240547,15,282.125,7073.5
1785211886.6240547,15,283.765625,7184.0
1785211886.6240547,9,310.125,5096.25
1785211886.6240547,9,315.078125,4790.25
1785211886.6240547,7,316.734375,4766.0
1785211886.6240547,8,318.359375,4729.25
1785211886.6240547,15,324.15625,1384.25
1785211886.6240547,15,325.734375,1357.25
1785211886.6240547,15,327.40625,1342.0
1785211886.6240547,15,334.890625,4376.0
1785211886.6240547,10,336.5625,4376.5
1785211886.6240547,8,338.203125,4368.5
1785211886.6240547,14,339.84375,4365.5
1785211886.6240547,11,341.46875,4372.0
1785211886.6240547,10,343.140625,4394.0
1785211886.6240547,15,344.765625,4416.25
1785211886.6240547,13,346.421875,4433.5
1785211886.6240547,12,348.046875,4493.5
1785211886.6240547,8,349.6875,4574.75
1785211886.7376766,15,351.328125,4650.25
1785211886.7376766,13,352.953125,4709.5
1785211886.7376766,11,354.609375,4740.0
1785211886.7376766,12,356.234375,4786.25
1785211886.7376766,10,357.890625,4849.75
1785211886.7376766,8,359.53125,4929.0
1785211886.7376766,7,1.171875,5006.0
1785211886.7376766,14,2.8125,5055.0
1785211886.7376766,14,4.453125,5081.5
1785211886.7376766,15,11.421875,1820.75
1785211886.7376766,15,13.03125,1856.0
1785211886.7376766,15,170.625,1300.5
1785211886.7376766,15,172.296875,1305.75
1785211886.7376766,15,173.9375,1313.5
1785211886.7376766,15,175.515625,1326.25
1785211886.7376766,15,177.15625,1351.5
1785211886.7376766,15,204.015625,9765.25
1785211886.7376766,15,208.953125,8841.0
1785211886.7376766,15,210.609375,8619.0
1785211886.7376766,15,212.234375,8416.25
1785211886.7376766,15,213.890625,8209.25
1785211886.7376766,15,215.53125,8062.0
1785211886.7376766,15,217.15625,7909.75
1785211886.7376766,15,218.78125,7754.0
1785211886.7376766,15,220.453125,7611.25
1785211886.7376766,15,223.71875,7260.25
1785211886.7376766,15,227.078125,7132.5
1785211886.7376766,15,230.375,6632.5
1785211886.7376766,15,240.234375,6246.75
1785211886.7376766,15,241.875,6208.25
1785211886.7376766,15,243.53125,6126.5
1785211886.7376766,15,245.140625,6170.0
1785211886.7376766,15,248.421875,6551.0
1785211886.7376766,15,250.078125,6584.5
1785211886.7376766,15,251.6875,6575.0
1785211886.7376766,15,253.328125,6540.25
1785211886.7376766,15,254.96875,6551.0
1785211886.7376766,15,256.609375,6556.25
1785211886.7376766,15,258.234375,6543.0
1785211886.7376766,15,259.875,6584.75
1785211886.7376766,15,261.515625,6590.0
1785211886.7376766,15,263.15625,6595.5
1785211886.7376766,15,268.09375,5954.25
1785211886.7376766,15,269.734375,5988.75
1785211886.7376766,15,271.375,6004.5
1785211886.7376766,15,273.015625,6079.0
1785211886.7376766,15,277.828125,6787.25
1785211886.7376766,15,279.453125,6902.75
1785211886.7376766,12,309.140625,5127.0
1785211886.7376766,14,310.78125,5098.0
1785211886.7376766,13,315.734375,4901.5
1785211886.7376766,11,317.375,4844.0
1785211886.7376766,7,319.015625,4810.5
1785211886.7376766,15,324.8125,1331.5
1785211886.7376766,15,326.390625,1314.0
1785211886.7376766,15,328.046875,1315.5
1785211886.7376766,11,332.203125,4615.5
1785211886.7376766,8,333.859375,4565.75
1785211886.7376766,10,335.515625,4533.0
1785211886.7376766,10,337.171875,4486.5
1785211886.7376766,11,338.8125,4431.75
1785211886.7376766,14,340.453125,4410.25
1785211886.7376766,13,342.078125,4405.0
1785211886.7376766,13,343.734375,4402.25
1785211886.7376766,13,345.390625,4405.0
1785211886.7376766,15,346.96875,4410.25
1785211886.7376766,14,348.609375,4430.5
1785211886.7376766,13,350.265625,4452.5
1785211886.8501213,15,351.890625,4468.0
1785211886.8501213,13,356.796875,4700.0
1785211886.8501213,11,358.421875,4721.75
1785211886.8501213,15,0.078125,4740.75
1785211886.8501213,10,1.703125,4781.5
1785211886.8501213,13,3.34375,4824.0
1785211886.8501213,15,7.03125,2088.75
1785211886.8501213,15,10.40625,1827.5
1785211886.8501213,15,11.96875,1863.25
1785211886.8501213,15,171.15625,1289.75
1785211886.8501213,15,172.8125,1297.75
1785211886.8501213,15,174.4375,1306.0
1785211886.8501213,15,176.0625,1315.5
1785211886.8501213,15,177.71875,1337.0
1785211886.8501213,15,209.515625,8729.5
1785211886.8501213,15,211.171875,8567.0
1785211886.8501213,15,214.453125,8126.25
1785211886.8501213,15,216.09375,8001.75
1785211886.8501213,15,217.734375,7880.25
1785211886.8501213,15,219.375,7733.5
1785211886.8501213,15,221.0,7568.5
1785211886.8501213,15,222.65625,7357.25
1785211886.8501213,15,224.296875,7229.5
1785211886.8501213,15,225.9375,7188.75
1785211886.8501213,15,227.546875,7087.75
1785211886.8501213,15,230.828125,6605.5
1785211886.8501213,15,235.734375,6414.75
1785211886.8501213,15,239.015625,6268.5
1785211886.8501213,15,240.65625,6267.75
1785211886.8501213,15,242.296875,6185.75
1785211886.8501213,10,243.921875,6185.75
1785211886.8501213,15,245.5625,6256.5
1785211886.8501213,15,248.8125,6588.75
1785211886.8501213,15,250.453125,6583.25
1785211886.8501213,15,252.09375,6591.25
1785211886.8501213,15,253.734375,6594.0
1785211886.8501213,15,255.359375,6600.75
1785211886.8501213,15,257.0,6607.75
1785211886.8501213,15,258.640625,6609.0
1785211886.8501213,15,260.265625,6614.5
1785211886.8501213,15,261.90625,6640.5
1785211886.8501213,15,263.546875,6669.5
1785211886.8501213,15,268.46875,6004.5
1785211886.8501213,15,270.109375,6035.0
1785211886.8501213,15,271.734375,6101.0
1785211886.8501213,15,273.359375,6194.0
1785211886.8501213,15,276.625,6745.5
1785211886.8501213,15,278.265625,6845.25
1785211886.8501213,15,279.890625,6987.5
1785211886.8501213,7,281.515625,7079.25
1785211886.8501213,8,307.9375,5117.0
1785211886.8501213,11,314.515625,4804.25
1785211886.8501213,11,316.15625,4790.25
1785211886.8501213,13,317.796875,4765.5
1785211886.8501213,15,326.828125,1287.75
1785211886.8501213,14,334.265625,4691.25
1785211886.8501213,11,335.90625,4703.75
1785211886.8501213,9,337.546875,4671.75
1785211886.8501213,11,339.21875,4616.75
1785211886.8501213,11,340.84375,4610.25
1785211886.8501213,11,342.484375,4650.0
1785211886.8501213,12,344.140625,4678.25
1785211886.8501213,15,345.78125,4676.0
1785211886.8501213,15,347.359375,4690.75
1785211886.8501213,13,349.0,4720.0
1785211886.9621837,11,350.625,4750.0
1785211886.9621837,15,352.265625,4779.75
1785211886.9621837,11,353.90625,4797.75
1785211886.9621837,10,355.546875,4850.25
1785211886.9621837,10,357.1875,4910.25
1785211886.9621837,12,358.828125,4975.0
1785211886.9621837,14,0.46875,5017.25
1785211886.9621837,11,2.09375,5038.0
1785211886.9621837,9,3.71875,5065.5
1785211886.9621837,15,9.171875,1818.0
1785211886.9621837,15,10.75,1850.25
1785211886.9621837,15,170.078125,1298.25
1785211886.9621837,15,171.65625,1285.75
1785211886.9621837,15,173.28125,1293.5
1785211886.9621837,15,174.90625,1304.0
1785211886.9621837,15,176.546875,1313.5
1785211886.9621837,15,178.15625,1327.75
1785211886.9621837,15,203.515625,9912.25
1785211886.9621837,15,210.09375,8668.5
1785211886.9621837,15,211.734375,8510.75
1785211886.9621837,15,215.015625,8123.25
1785211886.9621837,15,216.65625,7951.5
1785211886.9621837,15,218.3125,7768.75
1785211886.9621837,15,219.953125,7668.0
1785211886.9621837,15,221.59375,7517.25
1785211886.9621837,15,223.25,7340.5
1785211886.9621837,15,233.046875,5895.0
1785211886.9621837,15,236.296875,6458.5
1785211886.9621837,15,237.953125,6371.5
1785211886.9621837,15,239.578125,6263.0
1785211886.9621837,15,241.203125,6228.5
1785211886.9621837,15,242.84375,6214.25
1785211886.9621837,15,244.46875,6238.75
1785211886.9621837,15,246.09375,6368.25
1785211886.9621837,15,247.734375,6545.75
1785211886.9621837,15,249.359375,6639.25
1785211886.9621837,15,251.015625,6640.5
1785211886.9621837,15,252.640625,6640.5
1785211886.9621837,15,254.296875,6617.25
1785211886.9621837,15,255.921875,6614.5
1785211886.9621837,15,257.546875,6636.5
1785211886.9621837,15,259.1875,6642.0
1785211886.9621837,15,260.828125,6644.75
1785211886.9621837,15,262.453125,6659.75
1785211886.9621837,15,264.109375,6589.5
1785211886.9621837,15,267.390625,6115.5
1785211886.9621837,15,269.03125,6049.75
1785211886.9621837,15,270.640625,6116.0
1785211886.9621837,15,272.296875,6190.25
1785211886.9621837,15,273.921875,6278.0
1785211886.9621837,15,277.1875,6868.75
1785211886.9621837,12,310.140625,5099.0
1785211886.9621837,11,311.78125,5038.0
1785211886.9621837,7,313.421875,5008.0
1785211886.9621837,10,315.078125,4959.75
1785211886.9621837,11,316.71875,4879.75
1785211886.9621837,8,318.375,4836.0
1785211886.9621837,8,320.0,4804.25
1785211886.9621837,15,327.390625,1285.0
1785211886.9621837,11,331.46875,4700.25
1785211886.9621837,14,333.09375,4698.75
1785211886.9621837,12,334.734375,4696.25
1785211886.9621837,10,336.375,4658.5
1785211886.9621837,9,341.3125,4613.0
1785211886.9621837,8,342.953125,4572.75
1785211886.9621837,10,344.5625,4606.5
1785211886.9621837,12,346.21875,4673.5
1785211886.9621837,15,347.890625,4690.0
1785211886.9621837,13,349.53125,4716.25
1785211887.0741465,14,351.171875,4751.5
1785211887.0741465,12,352.796875,4792.5
1785211887.0741465,11,354.4375,4854.0
1785211887.0741465,10,356.078125,4919.25
1785211887.0741465,15,357.71875,5002.5
1785211887.0741465,11,359.34375,5070.0
1785211887.0741465,11,1.0,5100.0
1785211887.0741465,12,2.625,5131.0
1785211887.0741465,15,8.078125,1812.5
1785211887.0741465,15,9.71875,1846.75
1785211887.0741465,15,170.515625,1295.0
1785211887.0741465,15,172.140625,1284.75
1785211887.0741465,15,173.6875,1289.75
1785211887.0741465,15,175.390625,1294.0
1785211887.0741465,15,177.0,1304.5
1785211887.0741465,15,178.59375,1319.0
1785211887.0741465,15,180.265625,1344.75
1785211887.0741465,14,203.921875,9872.75
1785211887.0741465,15,208.859375,8929.0
1785211887.0741465,15,210.484375,8731.5
1785211887.0741465,15,212.140625,8539.25
1785211887.0741465,15,215.40625,8068.5
1785211887.0741465,15,217.046875,7953.25
1785211887.0741465,15,218.6875,7794.25
1785211887.0741465,15,220.328125,7652.25
1785211887.0741465,15,223.609375,7317.0
1785211887.0741465,15,236.6875,6446.75
1785211887.0741465,15,238.328125,6391.5
1785211887.0741465,15,239.96875,6314.75
1785211887.0741465,15,241.59375,6257.75
1785211887.0741465,15,243.234375,6204.75
1785211887.0741465,15,244.875,6240.5
1785211887.0741465,15,248.140625,6613.5
1785211887.0741465,15,249.765625,6658.5
1785211887.0741465,15,251.421875,6642.0
1785211887.0741465,15,253.078125,6651.5
1785211887.0741465,15,254.703125,6651.5
1785211887.0741465,15,256.34375,6647.5
1785211887.0741465,15,257.984375,6636.5
1785211887.0741465,15,259.609375,6657.25
1785211887.0741465,15,261.25,6698.75
1785211887.0741465,15,262.890625,6689.0
1785211887.0741465,15,267.8125,6016.0
1785211887.0741465,15,269.453125,6109.0
1785211887.0741465,15,271.09375,6154.25
1785211887.0741465,15,272.71875,6214.75
1785211887.0741465,15,275.953125,6818.75
1785211887.0741465,15,277.5625,6920.75
1785211887.0741465,15,279.203125,7011.0
1785211887.0741465,15,312.078125,5203.75
1785211887.0741465,15,313.71875,5148.75
1785211887.0741465,13,315.390625,5091.0
1785211887.0741465,8,317.015625,5082.25
1785211887.0741465,12,318.65625,5072.25
1785211887.0741465,15,330.765625,1544.0
1785211887.0741465,15,336.703125,4799.75
1785211887.0741465,13,338.34375,4751.0
1785211887.0741465,11,340.0,4725.75
1785211887.0741465,9,341.625,4711.5
1785211887.0741465,13,343.28125,4694.75
1785211887.0741465,15,344.921875,4690.0
1785211887.0741465,13,346.625,4707.5
1785211887.0741465,15,348.265625,4740.25
1785211887.0741465,14,349.921875,4762.75
1785211887.2988846,14,351.953125,4736.75
1785211887.2988846,14,353.609375,4759.25
1785211887.2988846,11,355.25,4793.25
1785211887.2988846,9,356.875,4847.5
1785211887.2988846,7,358.5,4928.5
1785211887.2988846,10,0.171875,4990.0
1785211887.2988846,15,5.640625,1800.25
1785211887.2988846,15,171.3125,1305.0
1785211887.2988846,15,172.96875,1282.75
1785211887.2988846,15,174.609375,1277.0
1785211887.2988846,15,176.203125,1284.5
1785211887.2988846,15,177.859375,1293.25
1785211887.2988846,15,179.515625,1305.0
1785211887.2988846,15,181.171875,1320.25
1785211887.2988846,12,204.78125,9780.25
1785211887.2988846,15,208.0625,9052.25
1785211887.2988846,15,209.703125,8830.75
1785211887.2988846,15,211.359375,8630.75
1785211887.2988846,15,214.625,8145.75
1785211887.2988846,15,216.28125,8041.0
1785211887.2988846,15,219.5625,7730.25
1785211887.2988846,15,221.203125,7647.0
1785211887.2988846,15,222.84375,7461.25
1785211887.2988846,15,224.484375,7311.75
1785211887.2988846,15,227.765625,7208.75
1785211887.2988846,15,231.0625,6712.0
1785211887.2988846,15,239.265625,6390.25
1785211887.2988846,15,240.90625,6338.25
1785211887.2988846,15,242.546875,6294.75
1785211887.2988846,15,244.171875,6346.75
1785211887.2988846,15,245.796875,6412.0
1785211887.2988846,15,249.078125,6711.5
1785211887.2988846,15,250.75,6727.0
1785211887.2988846,15,252.421875,6710.0
1785211887.2988846,15,254.03125,6714.25
1785211887.2988846,15,255.6875,6718.5
1785211887.2988846,15,257.328125,6741.25
1785211887.2988846,15,258.96875,6745.5
1785211887.2988846,15,260.609375,6721.25
1785211887.2988846,15,262.25,6736.75
1785211887.2988846,15,263.890625,6685.25
1785211887.2988846,15,267.203125,6196.75
1785211887.2988846,15,268.828125,6176.25
1785211887.2988846,15,270.484375,6229.75
1785211887.2988846,15,272.125,6274.0
1785211887.2988846,15,273.75,6353.5
1785211887.2988846,15,276.890625,6978.25
1785211887.2988846,15,278.515625,7098.25
1785211887.2988846,15,280.15625,7177.5
1785211887.2988846,15,281.78125,7242.5
1785211887.2988846,15,283.421875,7339.0
1785211887.2988846,15,285.03125,7492.0
1785211887.2988846,7,286.671875,7623.0
1785211887.2988846,11,308.203125,5283.75
1785211887.2988846,9,309.875,5218.5
1785211887.2988846,9,311.5,5146.75
1785211887.2988846,11,313.171875,5106.5
1785211887.2988846,12,314.8125,5030.25
1785211887.2988846,8,316.453125,4996.75
1785211887.2988846,15,322.21875,1343.5
1785211887.2988846,15,323.78125,1352.75
1785211887.2988846,15,330.203125,1479.5
1785211887.2988846,15,331.828125,1490.75
1785211887.2988846,15,333.453125,1511.75
1785211887.2988846,15,335.09375,1531.0
1785211887.2988846,8,337.75,4534.25
1785211887.2988846,13,339.390625,4545.0
1785211887.2988846,9,341.046875,4562.5
1785211887.2988846,11,342.65625,4605.75
1785211887.2988846,15,344.3125,4642.75
1785211887.2988846,15,345.9375,4683.0
1785211887.2988846,13,347.640625,4727.25
1785211887.2988846,12,349.25,4769.5
1785211887.410785,10,350.90625,4809.25
1785211887.410785,10,352.546875,4851.0
1785211887.410785,10,354.1875,4906.0
1785211887.410785,11,355.8125,4953.0
1785211887.410785,12,357.453125,5013.75
1785211887.410785,14,359.09375,5065.25
1785211887.410785,15,4.53125,1811.25
1785211887.410785,15,6.171875,1817.25
1785211887.410785,15,9.78125,1260.75
1785211887.410785,15,171.90625,1301.25
1785211887.410785,15,173.625,1280.25
1785211887.410785,15,175.203125,1272.25
1785211887.410785,15,176.8125,1279.0
1785211887.410785,15,178.515625,1290.75
1785211887.410785,15,180.03125,1302.5
1785211887.410785,15,181.625,1318.75
1785211887.410785,15,203.671875,9913.25
1785211887.410785,10,205.3125,9660.25
1785211887.410785,15,210.21875,8743.25
1785211887.410785,15,211.859375,8564.25
1785211887.410785,15,213.515625,8346.25
1785211887.410785,15,215.15625,8155.5
1785211887.410785,15,216.796875,8008.75
1785211887.410785,15,218.453125,7862.75
1785211887.410785,15,220.0625,7717.0
1785211887.410785,15,221.71875,7566.25
1785211887.410785,15,223.359375,7440.75
1785211887.410785,15,225.0,7319.25
1785211887.410785,15,226.65625,7209.75
1785211887.410785,15,228.3125,7139.25
1785211887.410785,15,233.265625,6013.0
1785211887.410785,15,236.53125,6483.25
1785211887.410785,15,238.1875,6440.25
1785211887.410785,15,239.8125,6399.0
1785211887.410785,15,241.453125,6344.75
1785211887.410785,15,243.109375,6293.5
1785211887.410785,15,244.75,6346.5
1785211887.410785,15,248.015625,6657.0
1785211887.410785,15,249.65625,6690.25
1785211887.410785,15,251.28125,6696.0
1785211887.410785,15,252.90625,6684.75
1785211887.410785,15,254.5625,6691.75
1785211887.410785,15,256.203125,6718.5
1785211887.410785,15,257.828125,6721.25
1785211887.410785,15,259.46875,6714.25
1785211887.410785,15,261.125,6744.0
1785211887.410785,15,262.75,6781.0
1785211887.410785,15,267.6875,6106.5
1785211887.410785,15,269.328125,6182.0
1785211887.410785,15,270.96875,6260.25
1785211887.410785,15,272.59375,6341.25
1785211887.410785,15,275.828125,6890.75
1785211887.410785,15,277.46875,7014.75
1785211887.410785,15,279.109375,7128.25
1785211887.410785,15,280.734375,7201.75
1785211887.410785,14,310.421875,5096.5
1785211887.410785,12,312.0625,5036.5
1785211887.410785,11,313.703125,5000.5
1785211887.410785,7,315.359375,4932.25
1785211887.410785,15,322.703125,1354.75
1785211887.410785,15,324.359375,1368.0
1785211887.410785,15,332.546875,1454.5
1785211887.410785,15,334.1875,1464.75
1785211887.410785,15,335.8125,1490.5
1785211887.410785,9,338.421875,4520.0
1785211887.410785,10,340.078125,4531.75
1785211887.410785,10,341.71875,4534.25
1785211887.410785,9,343.359375,4564.0
1785211887.410785,13,344.984375,4626.0
1785211887.410785,15,346.609375,4667.75
1785211887.410785,14,348.25,4715.5
1785211887.410785,15,349.890625,4755.5
1785211887.6359317,11,350.734375,4751.0
1785211887.6359317,15,352.390625,4777.0
1785211887.6359317,15,354.015625,4817.75
1785211887.6359317,10,355.65625,4861.0
1785211887.6359317,8,357.296875,4885.5
1785211887.6359317,8,358.953125,4912.5
1785211887.6359317,15,171.859375,1300.75
1785211887.6359317,15,173.546875,1279.25
1785211887.6359317,15,175.171875,1277.0
1785211887.6359317,15,180.015625,1296.25
1785211887.6359317,15,181.65625,1319.5
1785211887.6359317,15,203.734375,9962.0
1785211887.6359317,13,205.375,9713.75
1785211887.6359317,15,210.3125,8740.5
1785211887.6359317,15,211.96875,8554.5
1785211887.6359317,15,213.609375,8331.5
1785211887.6359317,15,215.25,8139.75
1785211887.6359317,15,216.90625,8017.5
1785211887.6359317,15,218.546875,7870.75
1785211887.6359317,15,220.1875,7717.25
1785211887.6359317,15,221.84375,7567.5
1785211887.6359317,15,223.484375,7436.0
1785211887.6359317,15,225.140625,7320.25
1785211887.6359317,15,226.734375,7209.75
1785211887.6359317,15,228.375,7151.75
1785211887.6359317,15,233.328125,5967.25
1785211887.6359317,15,236.59375,6485.5
1785211887.6359317,15,238.234375,6440.25
1785211887.6359317,15,239.875,6396.5
1785211887.6359317,15,241.515625,6344.75
1785211887.6359317,15,243.171875,6282.25
1785211887.6359317,15,244.78125,6325.5
1785211887.6359317,15,246.421875,6483.0
1785211887.6359317,15,248.0625,6622.0
1785211887.6359317,15,249.703125,6688.5
1785211887.6359317,15,251.328125,6696.25
1785211887.6359317,15,252.96875,6691.0
1785211887.6359317,15,254.609375,6695.25
1785211887.6359317,15,256.234375,6714.25
1785211887.6359317,15,257.875,6718.0
1785211887.6359317,15,259.515625,6704.25
1785211887.6359317,15,261.15625,6699.75
1785211887.6359317,15,262.78125,6716.0
1785211887.6359317,15,267.71875,6109.25
1785211887.6359317,15,269.359375,6180.75
1785211887.6359317,15,271.0,6256.25
1785211887.6359317,15,272.640625,6314.25
1785211887.6359317,15,275.890625,6858.75
1785211887.6359317,15,277.515625,6957.25
1785211887.6359317,15,279.140625,7112.75
1785211887.6359317,12,308.921875,5148.25
1785211887.6359317,13,310.5625,5110.0
1785211887.6359317,9,312.203125,5058.75
1785211887.6359317,12,313.859375,5029.25
1785211887.6359317,15,322.859375,1435.75
1785211887.6359317,15,326.203125,1370.0
1785211887.6359317,15,327.78125,1368.25
1785211887.6359317,15,334.359375,1454.75
1785211887.6359317,15,335.96875,1477.5
1785211887.6359317,8,343.546875,4588.25
1785211887.6359317,12,345.1875,4646.0
1785211887.6359317,13,346.796875,4661.0
1785211887.6359317,8,348.46875,4673.0
1785211887.6359317,11,350.109375,4709.5
1785211887.7483974,15,351.734375,4749.0
1785211887.7483974,14,353.390625,4782.75
1785211887.7483974,12,355.03125,4818.25
1785211887.7483974,10,356.65625,4860.25
1785211887.7483974,8,358.3125,4929.0
1785211887.7483974,8,359.953125,4996.75
1785211887.7483974,15,172.9375,1282.75
1785211887.7483974,15,174.53125,1275.25
1785211887.7483974,15,182.6875,1339.5
1785211887.7483974,14,204.78125,9778.75
1785211887.7483974,15,209.734375,8788.75
1785211887.7483974,15,211.375,8628.75
1785211887.7483974,15,214.671875,8198.25
1785211887.7483974,15,216.3125,8073.0
1785211887.7483974,15,217.953125,7947.5
1785211887.7483974,15,219.59375,7793.0
1785211887.7483974,15,221.25,7642.0
1785211887.7483974,15,222.90625,7458.25
1785211887.7483974,15,224.546875,7311.0
1785211887.7483974,15,227.78125,7171.0
1785211887.7483974,15,229.421875,7004.0
1785211887.7483974,15,239.265625,6427.75
1785211887.7483974,15,240.921875,6343.25
1785211887.7483974,15,242.546875,6294.25
1785211887.7483974,15,244.1875,6346.25
1785211887.7483974,15,245.828125,6413.5
1785211887.7483974,15,249.078125,6718.75
1785211887.7483974,15,250.703125,6692.25
1785211887.7483974,15,252.34375,6675.0
1785211887.7483974,15,253.984375,6712.25
1785211887.7483974,15,255.625,6716.5
1785211887.7483974,15,257.25,6705.75
1785211887.7483974,15,258.875,6711.5
1785211887.7483974,15,260.515625,6728.5
1785211887.7483974,15,262.140625,6745.5
1785211887.7483974,15,263.796875,6677.5
1785211887.7483974,15,268.71875,6180.25
1785211887.7483974,15,270.359375,6231.25
1785211887.7483974,15,271.984375,6303.75
1785211887.7483974,15,273.625,6387.75
1785211887.7483974,15,276.921875,6977.0
1785211887.7483974,15,278.546875,7092.25
1785211887.7483974,15,323.703125,1450.0
1785211887.7483974,15,325.40625,1429.25
1785211887.7483974,15,327.015625,1413.75
1785211887.7483974,15,328.703125,1409.5
1785211887.7483974,15,333.5625,1474.0
1785211887.7483974,15,335.265625,1475.25
1785211887.7483974,15,344.4375,4414.5
1785211887.7483974,12,346.078125,4481.25
1785211887.860247,12,350.984375,4707.75
1785211887.860247,15,352.625,4755.75
1785211887.860247,9,354.265625,4808.5
1785211887.860247,10,355.890625,4883.0
1785211887.860247,12,357.546875,4990.75
1785211887.860247,11,359.171875,5064.5
1785211887.860247,15,13.015625,1434.25
1785211887.860247,15,172.0,1300.5
1785211887.860247,15,173.640625,1279.0
1785211887.860247,11,176.921875,1281.0
1785211887.860247,15,181.828125,1309.25
1785211887.860247,15,183.453125,1343.25
1785211887.860247,15,203.796875,9957.25
1785211887.860247,14,205.4375,9716.75
1785211887.860247,15,208.734375,9016.5
1785211887.860247,15,210.375,8782.25
1785211887.860247,15,212.03125,8558.5
1785211887.860247,15,213.65625,8337.25
1785211887.860247,15,215.296875,8146.5
1785211887.860247,15,216.953125,8023.5
1785211887.860247,15,218.578125,7879.25
1785211887.860247,15,220.21875,7726.75
1785211887.860247,15,221.875,7606.25
1785211887.860247,15,223.5,7450.5
1785211887.860247,15,225.15625,7300.25
1785211887.860247,15,226.796875,7213.0
1785211887.860247,15,228.4375,7151.0
1785211887.860247,15,233.390625,5996.5
1785211887.860247,15,236.640625,6491.25
1785211887.860247,15,238.28125,6443.75
1785211887.860247,15,239.9375,6390.5
1785211887.860247,15,241.5625,6333.5
1785211887.860247,15,243.203125,6319.5
1785211887.860247,15,244.84375,6371.5
1785211887.860247,15,246.453125,6486.25
1785211887.860247,15,248.09375,6654.5
1785211887.860247,15,249.734375,6721.5
1785211887.860247,15,251.390625,6696.5
1785211887.860247,15,253.03125,6683.25
1785211887.860247,15,254.6875,6651.25
1785211887.860247,15,256.3125,6678.25
1785211887.860247,15,257.953125,6746.75
1785211887.860247,15,259.578125,6737.0
1785211887.860247,15,261.234375,6708.5
1785211887.860247,15,262.875,6722.5
1785211887.860247,15,267.796875,6143.75
1785211887.860247,15,269.4375,6215.5
1785211887.860247,15,271.078125,6267.75
1785211887.860247,15,272.703125,6338.5
1785211887.860247,15,275.953125,6892.0
1785211887.860247,8,277.578125,6986.5
1785211887.860247,7,313.828125,4989.25
1785211887.860247,15,324.375,1459.0
1785211887.860247,15,326.015625,1445.75
1785211887.860247,15,327.671875,1442.0
1785211887.860247,15,329.328125,1444.25
1785211887.860247,15,334.171875,1494.75
1785211887.860247,15,335.890625,1493.5
1785211887.860247,15,340.109375,4707.0
1785211887.860247,12,341.75,4707.5
1785211887.860247,12,343.40625,4697.5
1785211887.860247,12,345.03125,4704.25
1785211887.860247,15,346.71875,4700.5
1785211887.860247,13,348.359375,4710.5
1785211887.860247,11,349.984375,4759.25
1785211887.9738564,14,351.625,4776.0
1785211887.9738564,12,353.28125,4811.25
1785211887.9738564,9,354.921875,4846.0
1785211887.9738564,9,356.5625,4864.5
1785211887.9738564,9,358.203125,4908.75
1785211887.9738564,12,359.828125,4972.75
1785211887.9738564,15,8.734375,1501.25
1785211887.9738564,15,176.125,1268.25
1785211887.9738564,15,179.34375,1283.75
1785211887.9738564,15,182.640625,1304.5
1785211887.9738564,15,184.25,1327.0
1785211887.9738564,15,204.5625,9919.5
1785211887.9738564,15,207.859375,9283.0
1785211887.9738564,15,211.15625,8731.0
1785211887.9738564,15,212.796875,8579.75
1785211887.9738564,15,214.4375,8374.75
1785211887.9738564,15,216.078125,8177.5
1785211887.9738564,15,217.71875,8041.75
1785211887.9738564,15,219.34375,7890.25
1785211887.9738564,15,221.0,7739.0
1785211887.9738564,15,222.640625,7602.0
1785211887.9738564,15,224.28125,7433.0
1785211887.9738564,15,225.90625,7298.75
1785211887.9738564,15,227.53125,7216.5
1785211887.9738564,15,229.171875,7147.25
1785211887.9738564,15,234.109375,6028.25
1785211887.9738564,15,237.375,6502.5
1785211887.9738564,15,239.015625,6458.5
1785211887.9738564,15,240.65625,6413.25
1785211887.9738564,15,242.296875,6354.75
1785211887.9738564,15,243.921875,6313.25
1785211887.9738564,15,245.5625,6387.5
1785211887.9738564,15,247.1875,6512.5
1785211887.9738564,15,248.8125,6648.75
1785211887.9738564,15,250.5,6751.0
1785211887.9738564,15,252.140625,6746.75
1785211887.9738564,15,253.796875,6754.0
1785211887.9738564,15,255.421875,6786.75
1785211887.9738564,15,257.046875,6794.0
1785211887.9738564,15,258.703125,6769.75
1785211887.9738564,15,260.359375,6729.75
1785211887.9738564,15,261.984375,6743.25
1785211887.9738564,15,263.625,6815.0
1785211887.9738564,15,268.546875,6121.75
1785211887.9738564,15,270.203125,6210.75
1785211887.9738564,15,271.84375,6296.0
1785211887.9738564,15,273.46875,6367.5
1785211887.9738564,15,276.703125,6949.0
1785211887.9738564,8,316.25,4831.0
1785211887.9738564,12,317.890625,4788.25
1785211887.9738564,15,323.5,1510.0
1785211887.9738564,15,325.1875,1476.5
1785211887.9738564,15,326.828125,1459.0
1785211887.9738564,15,328.46875,1458.0
1785211887.9738564,15,330.125,1467.25
1785211887.9738564,15,334.953125,1516.75
1785211887.9738564,15,336.65625,1514.0
1785211887.9738564,14,342.59375,4442.25
1785211887.9738564,12,344.21875,4466.0
1785211887.9738564,11,345.875,4514.75
1785211887.9738564,7,347.515625,4560.75
1785211887.9738564,11,349.171875,4618.75
1785211888.0857408,9,350.8125,4674.75
1785211888.0857408,12,352.453125,4715.0
1785211888.0857408,14,354.09375,4748.25
1785211888.0857408,14,355.71875,4776.5
1785211888.0857408,9,357.375,4809.25
1785211888.0857408,10,359.03125,4851.75
1785211888.0857408,15,176.96875,1265.5
1785211888.0857408,14,180.203125,1274.5
1785211888.0857408,14,203.765625,10112.0
1785211888.0857408,13,205.40625,9946.0
1785211888.0857408,15,211.984375,8702.75
1785211888.0857408,15,213.625,8545.75
1785211888.0857408,15,216.90625,8133.5
1785211888.0857408,15,218.546875,8029.75
1785211888.0857408,15,220.1875,7874.75
1785211888.0857408,15,221.828125,7735.25
1785211888.0857408,15,223.46875,7583.0
1785211888.0857408,15,225.109375,7423.5
1785211888.0857408,15,226.765625,7317.0
1785211888.0857408,15,228.390625,7229.25
1785211888.0857408,15,230.046875,7147.25
1785211888.0857408,15,234.984375,5971.25
1785211888.0857408,15,238.25,6540.25
1785211888.0857408,15,239.890625,6495.25
1785211888.0857408,15,241.53125,6430.0
1785211888.0857408,15,243.171875,6391.5
1785211888.0857408,15,244.8125,6341.25
1785211888.0857408,15,246.453125,6383.75
1785211888.0857408,15,249.71875,6774.5
1785211888.0857408,15,251.375,6781.25
1785211888.0857408,15,253.015625,6720.5
1785211888.0857408,15,254.640625,6698.5
1785211888.0857408,15,256.296875,6717.75
1785211888.0857408,15,257.9375,6744.5
1785211888.0857408,15,259.546875,6738.75
1785211888.0857408,15,261.203125,6742.25
1785211888.0857408,15,262.84375,6807.0
1785211888.0857408,15,264.484375,6863.75
1785211888.0857408,15,269.421875,6171.25
1785211888.0857408,15,271.0625,6259.25
1785211888.0857408,15,272.6875,6338.25
1785211888.0857408,15,274.28125,6420.5
1785211888.0857408,15,277.546875,7035.0
1785211888.0857408,9,279.1875,7125.0
1785211888.0857408,9,317.09375,4799.25
1785211888.0857408,9,318.71875,4780.5
1785211888.0857408,8,320.375,4759.25
1785211888.0857408,15,324.359375,1526.25
1785211888.0857408,15,326.078125,1487.0
1785211888.0857408,15,327.734375,1460.75
1785211888.0857408,15,329.390625,1453.5
1785211888.0857408,15,331.0,1464.5
1785211888.0857408,15,335.90625,1542.5
1785211888.0857408,15,337.546875,1534.5
1785211888.0857408,10,343.515625,4609.75
1785211888.0857408,13,345.15625,4625.25
1785211888.0857408,15,346.765625,4642.75
1785211888.0857408,9,348.40625,4699.0
1785211888.0857408,11,350.046875,4725.5
1785211888.1977468,13,351.6875,4742.5
1785211888.1977468,15,353.328125,4771.25
1785211888.1977468,14,354.984375,4805.25
1785211888.1977468,11,356.625,4855.75
1785211888.1977468,11,358.265625,4883.0
1785211888.1977468,7,359.90625,4952.0
1785211888.1977468,8,11.359375,5130.0
1785211888.1977468,15,176.390625,1286.25
1785211888.1977468,15,178.0625,1264.75
1785211888.1977468,8,179.671875,1258.5
1785211888.1977468,15,181.265625,1266.0
1785211888.1977468,15,182.875,1276.0
1785211888.1977468,15,206.5,9785.75
1785211888.1977468,15,211.421875,8877.25
1785211888.1977468,15,213.0625,8681.75
1785211888.1977468,15,214.703125,8490.0
1785211888.1977468,15,216.359375,8249.75
1785211888.1977468,15,218.0,8082.0
1785211888.1977468,15,219.640625,7987.5
1785211888.1977468,15,221.28125,7864.5
1785211888.1977468,15,222.921875,7733.5
1785211888.1977468,15,224.5625,7603.75
1785211888.1977468,15,226.234375,7424.75
1785211888.1977468,15,232.8125,6805.5
1785211888.1977468,15,242.671875,6431.25
1785211888.1977468,15,244.3125,6390.0
1785211888.1977468,15,247.59375,6430.25
1785211888.1977468,15,250.859375,6778.25
1785211888.1977468,15,252.5,6762.25
1785211888.1977468,15,254.125,6778.25
1785211888.1977468,15,255.78125,6784.0
1785211888.1977468,15,257.421875,6773.75
1785211888.1977468,15,259.0625,6768.0
1785211888.1977468,15,260.703125,6786.75
1785211888.1977468,15,262.34375,6823.0
1785211888.1977468,15,263.984375,6850.5
1785211888.1977468,15,270.5625,6297.25
1785211888.1977468,15,272.1875,6342.0
1785211888.1977468,15,273.828125,6376.25
1785211888.1977468,15,275.421875,6436.5
1785211888.1977468,11,278.6875,7034.25
1785211888.1977468,8,313.296875,5045.75
1785211888.1977468,8,319.875,4817.0
1785211888.1977468,9,321.53125,4801.5
1785211888.1977468,15,327.28125,1458.5
1785211888.1977468,15,328.875,1440.0
1785211888.1977468,15,330.578125,1435.5
1785211888.1977468,15,332.15625,1444.75
1785211888.1977468,15,335.421875,1560.25
1785211888.1977468,14,343.046875,4450.75
1785211888.1977468,8,344.671875,4473.75
1785211888.1977468,11,346.328125,4526.5
1785211888.1977468,11,347.9375,4608.0
1785211888.1977468,10,349.578125,4669.0
1785211888.3078253,15,351.234375,4691.25
1785211888.3078253,13,352.859375,4712.5
1785211888.3078253,14,354.5,4743.0
1785211888.3078253,12,356.15625,4781.25
1785211888.3078253,11,357.796875,4836.25
1785211888.3078253,12,359.453125,4900.0
1785211888.3078253,15,179.171875,1261.0
1785211888.3078253,11,206.0625,9941.25
1785211888.3078253,15,207.734375,9702.75
1785211888.3078253,15,211.015625,9070.75
1785211888.3078253,15,212.65625,8837.75
1785211888.3078253,15,214.296875,8651.5
1785211888.3078253,15,215.953125,8436.5
1785211888.3078253,15,217.609375,8225.75
1785211888.3078253,15,219.234375,8096.5
1785211888.3078253,15,220.890625,7978.0
1785211888.3078253,15,222.53125,7809.75
1785211888.3078253,15,224.1875,7663.25
1785211888.3078253,15,225.828125,7544.5
1785211888.3078253,15,227.4375,7396.75
1785211888.3078253,15,242.234375,6493.75
1785211888.3078253,15,243.84375,6450.75
1785211888.3078253,15,245.484375,6400.5
1785211888.3078253,15,247.140625,6459.0
1785211888.3078253,15,248.765625,6595.0
1785211888.3078253,15,250.40625,6736.75
1785211888.3078253,15,252.03125,6812.75
1785211888.3078253,15,253.6875,6805.5
1785211888.3078253,15,255.328125,6814.25
1785211888.3078253,15,256.96875,6824.25
1785211888.3078253,15,258.609375,6834.5
1785211888.3078253,15,260.25,6824.25
1785211888.3078253,15,261.875,6836.0
1785211888.3078253,15,263.515625,6892.0
1785211888.3078253,15,265.15625,6923.25
1785211888.3078253,15,270.09375,6270.5
1785211888.3078253,15,271.75,6292.25
1785211888.3078253,15,273.359375,6364.5
1785211888.3078253,15,274.984375,6443.0
1785211888.3078253,15,278.234375,7067.5
1785211888.3078253,15,279.859375,7132.75
1785211888.3078253,8,317.828125,4775.75
1785211888.3078253,15,328.421875,1420.0
1785211888.3078253,15,330.09375,1398.0
1785211888.3078253,15,331.78125,1396.0
1785211888.3078253,15,333.34375,1415.0
1785211888.3078253,15,336.625,1551.75
1785211888.3078253,12,342.546875,4384.25
1785211888.3078253,13,344.21875,4409.25
1785211888.3078253,15,345.84375,4451.5
1785211888.3078253,9,347.453125,4529.5
1785211888.3078253,10,349.09375,4619.5
1785211888.5339887,11,351.84375,4725.75
1785211888.5339887,12,353.484375,4765.5
1785211888.5339887,15,357.4375,1554.25
1785211888.5339887,15,7.09375,1876.25
1785211888.5339887,11,182.875,1254.25
1785211888.5339887,15,187.796875,1271.0
1785211888.5339887,15,189.40625,1301.25
1785211888.5339887,15,191.015625,1327.5
1785211888.5339887,15,206.53125,10128.5
1785211888.5339887,15,208.171875,9861.75
1785211888.5339887,15,213.109375,8938.25
1785211888.5339887,15,214.75,8746.0
1785211888.5339887,15,216.390625,8550.5
1785211888.5339887,15,218.0625,8337.5
1785211888.5339887,15,219.703125,8160.5
1785211888.5339887,15,221.328125,8073.75
1785211888.5339887,15,222.984375,7960.5
1785211888.5339887,15,224.640625,7783.0
1785211888.5339887,15,226.25,7632.5
1785211888.5339887,15,227.90625,7512.5
1785211888.5339887,15,229.546875,7371.5
1785211888.5339887,15,231.171875,7247.5
1785211888.5339887,15,234.46875,6871.25
1785211888.5339887,15,241.046875,6602.75
1785211888.5339887,15,242.703125,6532.25
1785211888.5339887,15,244.328125,6499.0
1785211888.5339887,15,245.96875,6462.5
1785211888.5339887,14,247.609375,6410.75
1785211888.5339887,15,249.25,6459.5
1785211888.5339887,15,252.515625,6852.25
1785211888.5339887,15,254.15625,6855.0
1785211888.5339887,15,255.78125,6844.75
1785211888.5339887,15,257.421875,6842.0
1785211888.5339887,15,259.0625,6852.25
1785211888.5339887,15,260.71875,6859.5
1785211888.5339887,15,262.359375,6854.5
1785211888.5339887,15,264.0,6858.5
1785211888.5339887,15,265.625,6914.0
1785211888.5339887,15,272.203125,6345.75
1785211888.5339887,15,273.84375,6386.75
1785211888.5339887,15,275.46875,6443.25
1785211888.5339887,15,328.953125,1378.25
1785211888.5339887,15,330.546875,1357.0
1785211888.5339887,15,332.234375,1356.0
1785211888.5339887,15,333.90625,1369.0
1785211888.5339887,12,342.984375,4535.0
1785211888.5339887,10,344.625,4589.5
1785211888.5339887,12,346.265625,4655.25
1785211888.5339887,14,347.890625,4694.75
1785211888.5339887,11,349.515625,4716.25
1785211888.646111,13,351.171875,4742.75
1785211888.646111,15,355.078125,1617.75
1785211888.646111,9,357.71875,4912.75
1785211888.646111,9,359.359375,4981.75
1785211888.646111,15,8.078125,1917.5
1785211888.646111,15,182.203125,1268.25
1785211888.646111,15,183.84375,1256.75
1785211888.646111,15,185.484375,1255.5
1785211888.646111,15,187.1875,1260.5
1785211888.646111,15,188.71875,1285.75
1785211888.646111,9,190.34375,1303.25
1785211888.646111,15,192.046875,1317.0
1785211888.646111,15,209.109375,9828.0
1785211888.646111,15,215.671875,8691.0
1785211888.646111,15,217.3125,8530.0
1785211888.646111,15,218.953125,8322.5
1785211888.646111,15,220.59375,8152.25
1785211888.646111,15,222.25,8029.75
1785211888.646111,15,223.890625,7895.5
1785211888.646111,15,225.53125,7767.25
1785211888.646111,15,227.15625,7615.0
1785211888.646111,15,228.796875,7482.5
1785211888.646111,15,230.4375,7367.75
1785211888.646111,15,232.078125,7268.5
1785211888.646111,15,235.359375,6903.75
1785211888.646111,15,245.203125,6519.0
1785211888.646111,15,246.828125,6478.0
1785211888.646111,15,248.46875,6532.75
1785211888.646111,15,250.109375,6587.25
1785211888.646111,15,253.4375,6852.0
1785211888.646111,15,255.078125,6837.5
1785211888.646111,15,256.71875,6838.75
1785211888.646111,15,258.359375,6825.75
1785211888.646111,15,260.0,6845.0
1785211888.646111,15,261.625,6897.75
1785211888.646111,15,263.28125,6912.75
1785211888.646111,15,264.90625,6920.25
1785211888.646111,15,266.546875,6967.0
1785211888.646111,15,271.5,6329.75
1785211888.646111,15,273.125,6407.0
1785211888.646111,15,274.734375,6456.0
1785211888.646111,15,276.375,6495.25
1785211888.646111,15,329.90625,1367.5
1785211888.646111,15,331.53125,1360.25
1785211888.646111,15,333.140625,1367.0
1785211888.646111,15,339.03125,4405.75
1785211888.646111,12,340.671875,4415.75
1785211888.646111,11,342.3125,4427.5
1785211888.646111,12,343.984375,4443.5
1785211888.646111,12,345.625,4478.5
1785211888.646111,9,347.234375,4548.5
1785211888.646111,10,348.875,4628.0
1785211888.7603445,8,350.515625,4673.5
1785211888.7603445,11,352.15625,4707.5
1785211888.7603445,15,9.015625,1964.0
1785211888.7603445,14,186.484375,1249.75
1785211888.7603445,15,194.59375,1338.75
1785211888.7603445,15,208.390625,10047.0
1785211888.7603445,15,210.046875,9754.0
1785211888.7603445,15,213.3125,9103.75
1785211888.7603445,15,214.96875,8872.0
1785211888.7603445,15,216.609375,8686.5
1785211888.7603445,15,218.25,8520.75
1785211888.7603445,15,219.90625,8307.5
1785211888.7603445,15,221.53125,8133.5
1785211888.7603445,15,223.171875,8027.75
1785211888.7603445,15,224.828125,7854.25
1785211888.7603445,15,226.40625,7723.75
1785211888.7603445,15,228.046875,7665.0
1785211888.7603445,15,229.703125,7510.0
1785211888.7603445,15,231.328125,7337.25
1785211888.7603445,15,232.96875,7239.25
1785211888.7603445,15,234.609375,7138.0
1785211888.7603445,15,241.15625,6565.75
1785211888.7603445,15,242.796875,6526.0
1785211888.7603445,15,244.421875,6560.25
1785211888.7603445,15,246.0625,6499.25
1785211888.7603445,15,247.703125,6442.75
1785211888.7603445,15,249.34375,6525.5
1785211888.7603445,15,251.0625,6668.5
1785211888.7603445,15,252.6875,6797.75
1785211888.7603445,15,254.328125,6872.5
1785211888.7603445,15,255.96875,6858.0
1785211888.7603445,15,257.609375,6863.75
1785211888.7603445,15,259.25,6862.25
1785211888.7603445,15,260.875,6878.75
1785211888.7603445,15,262.515625,6880.25
1785211888.7603445,15,264.15625,6883.25
1785211888.7603445,15,265.796875,6933.75
1785211888.7603445,15,267.421875,6971.5
1785211888.7603445,15,272.390625,6368.5
1785211888.7603445,15,274.015625,6417.25
1785211888.7603445,15,275.625,6480.75
1785211888.7603445,15,277.265625,6520.25
1785211888.7603445,15,329.0625,1388.5
1785211888.7603445,15,330.765625,1368.75
1785211888.7603445,15,332.4375,1371.0
1785211888.7603445,10,343.15625,4554.0
1785211888.7603445,9,344.8125,4607.0
1785211888.7603445,14,346.46875,4656.5
1785211888.7603445,14,348.109375,4701.5
1785211888.7603445,14,349.75,4725.75
1785211888.871734,13,351.40625,4749.5
1785211888.871734,15,8.296875,1961.0
1785211888.871734,15,187.3125,1249.0
1785211888.871734,10,192.21875,1268.5
1785211888.871734,15,193.765625,1304.0
1785211888.871734,15,209.203125,10018.75
1785211888.871734,14,210.84375,9753.5
1785211888.871734,15,215.765625,8808.0
1785211888.871734,15,217.40625,8681.5
1785211888.871734,15,219.046875,8497.0
1785211888.871734,15,220.703125,8285.25
1785211888.871734,15,222.34375,8123.5
1785211888.871734,15,223.984375,7999.5
1785211888.871734,15,225.625,7835.0
1785211888.871734,15,227.28125,7692.25
1785211888.871734,15,228.921875,7626.75
1785211888.871734,15,230.5625,7478.5
1785211888.871734,15,232.21875,7355.25
1785211888.871734,15,233.84375,7274.0
1785211888.871734,15,243.71875,6609.0
1785211888.871734,15,245.34375,6577.75
1785211888.871734,15,247.0,6546.75
1785211888.871734,15,248.640625,6529.5
1785211888.871734,15,250.296875,6579.75
1785211888.871734,15,251.921875,6703.5
1785211888.871734,15,253.5625,6806.5
1785211888.871734,15,255.203125,6860.25
1785211888.871734,15,256.84375,6855.25
1785211888.871734,15,258.5,6871.5
1785211888.871734,15,260.140625,6945.75
1785211888.871734,15,261.765625,6969.75
1785211888.871734,15,263.40625,6941.25
1785211888.871734,15,265.0625,6933.25
1785211888.871734,15,266.6875,6964.75
1785211888.871734,15,268.3125,7004.5
1785211888.871734,15,273.265625,6370.5
1785211888.871734,15,274.84375,6444.0
1785211888.871734,15,276.484375,6506.0
1785211888.871734,15,278.125,6547.0
1785211888.871734,15,328.359375,1373.75
1785211888.871734,15,329.96875,1363.0
1785211888.871734,15,331.640625,1364.25
1785211888.871734,15,333.25,1374.25
1785211888.871734,8,340.796875,4469.25
1785211888.871734,9,344.09375,4549.0
1785211888.871734,10,345.71875,4641.25
1785211888.871734,15,347.328125,4692.25
1785211888.871734,15,349.0,4720.75
1785211889.0946906,10,357.953125,4836.25
1785211889.0946906,15,8.25,1961.25
1785211889.0946906,15,190.53125,1245.0
1785211889.0946906,15,192.1875,1250.0
1785211889.0946906,15,193.765625,1267.25
1785211889.0946906,15,198.65625,1344.75
1785211889.0946906,15,210.796875,9974.25
1785211889.0946906,14,212.4375,9730.0
1785211889.0946906,15,217.375,8843.5
1785211889.0946906,15,219.015625,8639.5
1785211889.0946906,15,220.65625,8447.5
1785211889.0946906,15,222.296875,8232.25
1785211889.0946906,15,223.953125,8098.25
1785211889.0946906,15,225.578125,7999.5
1785211889.0946906,15,227.25,7862.75
1785211889.0946906,15,228.890625,7733.25
1785211889.0946906,15,230.515625,7623.25
1785211889.0946906,15,232.171875,7455.5
1785211889.0946906,15,246.9375,6580.25
1785211889.0946906,15,248.578125,6560.75
1785211889.0946906,15,250.234375,6512.5
1785211889.0946906,15,255.09375,6933.75
1785211889.0946906,15,256.734375,6944.25
1785211889.0946906,15,258.375,6924.75
1785211889.0946906,15,260.0,6927.75
1785211889.0946906,15,261.640625,6938.25
1785211889.0946906,15,263.28125,6918.75
1785211889.0946906,15,264.9375,6932.25
1785211889.0946906,15,266.546875,6974.75
1785211889.0946906,15,268.203125,7020.25
1785211889.0946906,15,269.84375,6973.5
1785211889.0946906,15,274.71875,6459.5
1785211889.0946906,15,276.34375,6499.0
1785211889.0946906,15,278.0,6558.0
1785211889.0946906,15,328.296875,1323.5
1785211889.0946906,15,329.859375,1308.5
1785211889.0946906,13,347.1875,4434.75
1785211889.0946906,15,348.8125,4481.5
1785211889.2093334,8,350.453125,4530.75
1785211889.2093334,15,357.5625,1674.0
1785211889.2093334,15,7.296875,1974.5
1785211889.2093334,15,8.921875,1979.25
1785211889.2093334,15,182.84375,1565.5
1785211889.2093334,15,187.984375,1288.25
1785211889.2093334,15,189.671875,1262.5
1785211889.2093334,15,192.9375,1259.0
1785211889.2093334,15,211.59375,9894.5
1785211889.2093334,14,213.234375,9679.5
1785211889.2093334,15,216.53125,9029.0
1785211889.2093334,15,218.171875,8813.75
1785211889.2093334,15,219.8125,8632.5
1785211889.2093334,15,221.4375,8475.75
1785211889.2093334,15,223.09375,8291.75
1785211889.2093334,15,224.734375,8127.5
1785211889.2093334,15,226.359375,7993.75
1785211889.2093334,15,227.984375,7875.75
1785211889.2093334,15,229.640625,7743.25
1785211889.2093334,15,231.265625,7644.75
1785211889.2093334,15,232.90625,7512.0
1785211889.2093334,15,247.671875,6625.5
1785211889.2093334,15,249.296875,6577.75
1785211889.2093334,15,250.9375,6539.0
1785211889.2093334,15,252.578125,6600.75
1785211889.2093334,15,255.84375,6927.75
1785211889.2093334,15,257.484375,6882.0
1785211889.2093334,15,259.109375,6860.25
1785211889.2093334,15,260.75,6910.5
1785211889.2093334,15,262.390625,6960.75
1785211889.2093334,15,264.03125,6979.0
1785211889.2093334,15,265.671875,7009.5
1785211889.2093334,15,267.296875,7037.25
1785211889.2093334,15,268.921875,7082.5
1785211889.2093334,15,273.859375,6398.75
1785211889.2093334,15,275.484375,6453.25
1785211889.2093334,15,277.140625,6516.0
1785211889.2093334,15,278.765625,6571.0
1785211889.2093334,15,329.015625,1291.75
1785211889.2093334,11,349.609375,4418.0
1785211889.3203542,10,3.109375,2090.25
1785211889.3203542,15,8.109375,1958.0
1785211889.3203542,15,192.15625,1253.25
1785211889.3203542,15,197.03125,1270.25
1785211889.3203542,15,198.640625,1308.25
1785211889.3203542,15,200.203125,1339.25
1785211889.3203542,14,212.453125,9900.5
1785211889.3203542,15,217.40625,9023.75
1785211889.3203542,15,219.046875,8818.5
1785211889.3203542,15,220.6875,8642.0
1785211889.3203542,15,224.0,8196.0
1785211889.3203542,15,225.625,8086.25
1785211889.3203542,15,227.21875,7964.25
1785211889.3203542,15,228.84375,7850.75
1785211889.3203542,15,230.5,7754.25
1785211889.3203542,15,232.140625,7611.0
1785211889.3203542,15,233.78125,7448.25
1785211889.3203542,15,248.53125,6629.0
1785211889.3203542,15,250.171875,6582.5
1785211889.3203542,15,251.828125,6644.75
1785211889.3203542,15,253.46875,6677.5
1785211889.3203542,15,256.734375,6950.5
1785211889.3203542,15,258.375,6930.75
1785211889.3203542,15,260.015625,6962.25
1785211889.3203542,15,261.640625,7018.75
1785211889.3203542,15,263.28125,6983.75
1785211889.3203542,15,264.921875,6994.5
1785211889.3203542,15,266.5625,7062.0
1785211889.3203542,15,268.1875,7094.75
1785211889.3203542,15,269.84375,7129.5
1785211889.3203542,15,274.765625,6461.0
1785211889.3203542,15,276.390625,6504.75
1785211889.3203542,15,278.03125,6559.0
1785211889.3203542,15,279.671875,6621.0
1785211889.3203542,15,328.34375,1302.5
1785211889.3203542,15,334.6875,1544.0
1785211889.3203542,14,347.21875,4434.0
1785211889.3203542,15,348.859375,4485.0
1785211889.4311173,15,352.6875,1669.75
1785211889.4311173,15,357.609375,1741.25
1785211889.4311173,15,2.375,2088.75
1785211889.4311173,15,7.390625,1955.25
1785211889.4311173,15,8.984375,1973.75
1785211889.4311173,15,194.796875,1249.25
1785211889.4311173,15,196.40625,1259.0
1785211889.4311173,15,198.015625,1281.5
1785211889.4311173,13,213.390625,9828.5
1785211889.4311173,15,215.03125,9562.25
1785211889.4311173,15,218.328125,8983.5
1785211889.4311173,15,219.96875,8777.25
1785211889.4311173,15,221.625,8582.25
1785211889.4311173,15,223.265625,8366.25
1785211889.4311173,15,224.90625,8154.75
1785211889.4311173,15,226.515625,8021.5
1785211889.4311173,15,228.15625,7932.25
1785211889.4311173,15,229.796875,7829.75
1785211889.4311173,15,231.4375,7731.5
1785211889.4311173,15,233.078125,7639.5
1785211889.4311173,15,234.71875,7482.0
1785211889.4311173,15,249.46875,6631.0
1785211889.4311173,15,251.125,6627.5
1785211889.4311173,15,252.765625,6673.25
1785211889.4311173,15,254.40625,6754.0
1785211889.4311173,15,256.03125,6883.0
1785211889.4311173,15,257.6875,6972.75
1785211889.4311173,15,259.328125,6968.25
1785211889.4311173,15,260.953125,6973.5
1785211889.4311173,15,262.578125,6998.0
1785211889.4311173,15,264.21875,7023.25
1785211889.4311173,15,265.859375,7031.0
1785211889.4311173,15,267.515625,7059.0
1785211889.4311173,15,269.125,7102.75
1785211889.4311173,15,275.703125,6488.25
1785211889.4311173,15,277.34375,6543.5
1785211889.4311173,15,278.96875,6591.0
1785211889.4311173,15,327.515625,1324.0
1785211889.4311173,15,329.15625,1315.5
1785211889.4311173,15,333.921875,1509.25
1785211889.4311173,15,335.59375,1527.5
1785211889.656807,15,4.203125,2150.5
1785211889.656807,15,7.578125,1954.75
1785211889.656807,15,187.96875,1561.25
1785211889.656807,15,213.390625,10015.25
1785211889.656807,13,215.015625,9788.5
1785211889.656807,15,219.96875,8879.25
1785211889.656807,15,221.609375,8712.0
1785211889.656807,15,223.25,8606.75
1785211889.656807,15,224.890625,8440.75
1785211889.656807,15,226.546875,8230.0
1785211889.656807,15,228.1875,8084.25
1785211889.656807,15,229.8125,7966.0
1785211889.656807,15,231.46875,7804.5
1785211889.656807,15,233.109375,7652.25
1785211889.656807,15,234.75,7590.0
1785211889.656807,15,236.390625,7480.25
1785211889.656807,15,238.046875,7348.5
1785211889.656807,15,247.890625,6716.5
1785211889.656807,15,249.53125,6664.0
1785211889.656807,15,251.203125,6662.0
1785211889.656807,15,252.859375,6620.75
1785211889.656807,15,254.484375,6658.25
1785211889.656807,15,257.75,7049.5
1785211889.656807,15,259.40625,7023.25
1785211889.656807,15,261.046875,6998.75
1785211889.656807,15,262.671875,7006.5
1785211889.656807,15,264.328125,7054.25
1785211889.656807,15,265.96875,7060.5
1785211889.656807,15,267.609375,7060.5
1785211889.656807,15,269.25,7110.5
1785211889.656807,15,270.875,7137.5
1785211889.656807,15,275.78125,6489.0
1785211889.656807,15,277.40625,6545.5
1785211889.656807,15,279.046875,6591.25
1785211889.656807,15,327.5625,1352.25
1785211889.656807,15,329.234375,1352.25
1785211889.656807,15,332.4375,1470.75
1785211889.656807,15,334.078125,1492.75
1785211889.656807,15,335.71875,1493.75
1785211889.656807,15,337.34375,1501.25
1785211889.7693357,15,356.953125,1757.25
1785211889.7693357,9,359.703125,4689.0
1785211889.7693357,15,1.328125,4736.75
1785211889.7693357,15,4.984375,2230.75
1785211889.7693357,15,8.359375,1957.5
1785211889.7693357,15,174.953125,8264.0
1785211889.7693357,7,176.578125,8393.0
1785211889.7693357,8,181.4375,10204.5
1785211889.7693357,8,200.484375,1266.75
1785211889.7693357,15,202.046875,1289.25
1785211889.7693357,12,212.546875,10311.0
1785211889.7693357,14,215.8125,9764.75
1785211889.7693357,15,219.109375,9102.5
1785211889.7693357,15,220.75,8926.5
1785211889.7693357,15,222.390625,8722.0
1785211889.7693357,15,224.03125,8534.5
1785211889.7693357,15,225.671875,8343.5
1785211889.7693357,15,227.390625,8150.5
1785211889.7693357,15,229.03125,8030.75
1785211889.7693357,15,230.671875,7962.0
1785211889.7693357,15,232.296875,7849.0
1785211889.7693357,15,233.953125,7698.0
1785211889.7693357,15,235.609375,7569.75
1785211889.7693357,15,237.25,7468.75
1785211889.7693357,15,238.890625,7358.75
1785211889.7693357,15,240.53125,7225.5
1785211889.7693357,15,250.390625,6688.0
1785211889.7693357,15,252.03125,6690.5
1785211889.7693357,15,253.671875,6637.75
1785211889.7693357,15,255.3125,6688.5
1785211889.7693357,15,258.59375,7014.0
1785211889.7693357,15,260.203125,7049.5
1785211889.7693357,15,261.859375,7053.75
1785211889.7693357,15,263.5,7050.75
1785211889.7693357,15,265.140625,7067.5
1785211889.7693357,15,266.78125,7103.5
1785211889.7693357,15,268.40625,7136.25
1785211889.7693357,15,270.046875,7159.25
1785211889.7693357,15,271.703125,7189.5
1785211889.7693357,15,276.609375,6537.75
1785211889.7693357,13,278.21875,6587.75
1785211889.7693357,15,328.40625,1358.5
1785211889.7693357,15,330.03125,1379.5
1785211889.7693357,15,334.90625,1475.75
1785211889.7693357,15,336.546875,1487.5
1785211889.7693357,15,338.1875,1497.75
1785211889.883717,15,356.125,1762.5
1785211889.883717,12,3.78125,4739.25
1785211889.883717,15,7.5,1959.5
1785211889.883717,15,9.125,1986.0
1785211889.883717,15,174.09375,8495.0
1785211889.883717,15,198.03125,1286.75
1785211889.883717,15,201.34375,1272.5
1785211889.883717,13,202.875,1295.75
1785211889.883717,9,204.5,1319.25
1785211889.883717,15,215.015625,9983.25
1785211889.883717,15,216.640625,9745.0
1785211889.883717,15,219.921875,9110.25
1785211889.883717,15,221.578125,8936.75
1785211889.883717,15,223.21875,8689.25
1785211889.883717,15,224.859375,8517.25
1785211889.883717,15,226.5,8374.0
1785211889.883717,15,228.15625,8212.75
1785211889.883717,15,229.796875,8082.25
1785211889.883717,15,231.4375,7940.75
1785211889.883717,15,233.078125,7825.75
1785211889.883717,15,234.71875,7742.75
1785211889.883717,15,236.359375,7604.0
1785211889.883717,15,238.0,7421.0
1785211889.883717,15,239.640625,7333.25
1785211889.883717,15,241.28125,7230.75
1785211889.883717,15,251.140625,6689.5
1785211889.883717,15,252.78125,6696.0
1785211889.883717,15,254.421875,6737.75
1785211889.883717,15,256.0625,6768.75
1785211889.883717,15,259.3125,7102.75
1785211889.883717,15,260.96875,7080.75
1785211889.883717,15,262.609375,7082.25
1785211889.883717,15,264.234375,7087.25
1785211889.883717,15,265.875,7101.5
1785211889.883717,15,267.515625,7106.25
1785211889.883717,15,269.15625,7112.0
1785211889.883717,15,270.78125,7156.25
1785211889.883717,15,272.421875,7196.75
1785211889.883717,15,277.328125,6532.5
1785211889.883717,15,278.96875,6574.5
1785211889.883717,8,280.578125,6690.5
1785211889.883717,15,327.515625,1381.5
1785211889.883717,15,329.140625,1377.5
1785211889.883717,15,332.390625,1461.25
1785211889.883717,15,334.0625,1461.5
1785211889.883717,15,335.671875,1466.75
1785211889.883717,15,337.34375,1491.75
1785211889.883717,15,338.96875,1527.0
1785211889.994143,15,1.3125,4734.5
1785211889.994143,13,2.96875,4768.5
1785211889.994143,15,6.703125,1968.0
1785211889.994143,15,8.3125,1971.5
1785211889.994143,15,13.078125,2234.0
1785211889.994143,9,202.046875,1282.0
1785211889.994143,15,205.296875,1308.75
1785211889.994143,15,215.859375,9984.0
1785211889.994143,11,217.5,9724.25
1785211889.994143,15,220.796875,9067.5
1785211889.994143,15,222.4375,8866.75
1785211889.994143,15,224.078125,8695.75
1785211889.994143,15,225.71875,8561.0
1785211889.994143,15,227.359375,8383.5
1785211889.994143,15,229.0,8185.75
1785211889.994143,15,230.65625,8057.75
1785211889.994143,15,232.296875,7944.25
1785211889.994143,15,233.9375,7805.25
1785211889.994143,15,235.578125,7701.5
1785211889.994143,15,237.234375,7603.5
1785211889.994143,15,238.859375,7496.5
1785211889.994143,15,242.15625,7113.75
1785211889.994143,15,252.0,6697.0
1785211889.994143,15,253.640625,6693.5
1785211889.994143,15,255.265625,6746.0
1785211889.994143,15,256.90625,6848.75
1785211889.994143,15,258.546875,7009.0
1785211889.994143,15,260.171875,7089.25
1785211889.994143,15,261.8125,7070.5
1785211889.994143,15,263.453125,7098.0
1785211889.994143,15,265.078125,7101.75
1785211889.994143,15,266.734375,7100.25
1785211889.994143,15,268.375,7163.0
1785211889.994143,15,270.0,7188.0
1785211889.994143,15,271.640625,7194.0
1785211889.994143,9,273.28125,7128.25
1785211889.994143,9,274.890625,6987.0
1785211889.994143,14,278.171875,6624.0
1785211889.994143,15,328.453125,1387.75
1785211889.994143,15,330.109375,1395.75
1785211889.994143,15,334.90625,1478.75
1785211889.994143,15,336.59375,1493.25
1785211889.994143,15,338.21875,1516.25
1785211890.1063025,15,356.140625,1767.5
1785211890.1063025,13,3.875,4738.0
1785211890.1063025,15,7.578125,1975.75
1785211890.1063025,15,175.78125,8513.25
1785211890.1063025,10,177.421875,8513.25
1785211890.1063025,15,192.984375,1561.25
1785211890.1063025,15,199.765625,1307.25
1785211890.1063025,15,201.40625,1281.75
1785211890.1063025,15,204.6875,1286.0
1785211890.1063025,15,216.84375,9897.5
1785211890.1063025,14,220.140625,9326.25
1785211890.1063025,15,221.78125,9065.5
1785211890.1063025,15,223.4375,8847.25
1785211890.1063025,15,225.078125,8695.75
1785211890.1063025,15,228.3125,8257.25
1785211890.1063025,15,229.96875,8122.25
1785211890.1063025,15,231.609375,8043.5
1785211890.1063025,15,233.234375,7944.0
1785211890.1063025,15,234.890625,7807.25
1785211890.1063025,15,236.515625,7690.5
1785211890.1063025,15,238.15625,7599.75
1785211890.1063025,15,251.296875,6776.75
1785211890.1063025,15,252.953125,6724.75
1785211890.1063025,15,254.578125,6701.0
1785211890.1063025,15,256.203125,6792.0
1785211890.1063025,15,257.84375,6953.75
1785211890.1063025,15,259.484375,7064.75
1785211890.1063025,15,261.125,7115.25
1785211890.1063025,15,262.75,7099.75
1785211890.1063025,15,264.40625,7095.0
1785211890.1063025,15,266.046875,7137.5
1785211890.1063025,15,267.671875,7161.25
1785211890.1063025,15,269.328125,7161.75
1785211890.1063025,15,270.953125,7182.75
1785211890.1063025,15,272.59375,7224.25
1785211890.1063025,15,274.234375,7185.75
1785211890.1063025,15,279.15625,6614.75
1785211890.1063025,15,327.71875,1416.75
1785211890.1063025,15,329.359375,1396.0
1785211890.1063025,15,332.578125,1476.75
1785211890.1063025,15,334.15625,1505.5
1785211890.1063025,15,335.859375,1515.0
1785211890.1063025,15,337.46875,1521.5
1785211890.2173207,15,355.46875,1778.75
1785211890.2173207,15,1.5625,4706.75
1785211890.2173207,15,3.1875,4752.5
1785211890.2173207,15,6.921875,1993.0
1785211890.2173207,15,8.546875,1985.5
1785211890.2173207,15,13.390625,2239.5
1785211890.2173207,15,171.953125,10222.0
1785211890.2173207,15,194.0,1574.75
1785211890.2173207,15,204.0,1285.5
1785211890.2173207,8,207.265625,1300.75
1785211890.2173207,15,217.796875,9831.25
1785211890.2173207,15,222.71875,8983.75
1785211890.2173207,15,224.359375,8781.75
1785211890.2173207,15,226.0,8630.25
1785211890.2173207,15,227.625,8500.0
1785211890.2173207,15,230.921875,8125.0
1785211890.2173207,15,232.5625,8047.5
1785211890.2173207,15,234.1875,7927.0
1785211890.2173207,15,235.84375,7786.0
1785211890.2173207,15,237.46875,7672.5
1785211890.2173207,15,239.09375,7588.75
1785211890.2173207,15,252.28125,6785.5
1785211890.2173207,15,253.9375,6776.5
1785211890.2173207,15,255.5625,6732.0
1785211890.2173207,15,257.203125,6780.0
1785211890.2173207,15,260.46875,7155.0
1785211890.2173207,15,262.109375,7166.25
1785211890.2173207,15,263.75,7153.5
1785211890.2173207,15,265.390625,7115.25
1785211890.2173207,15,267.03125,7129.75
1785211890.2173207,15,268.65625,7171.0
1785211890.2173207,15,270.3125,7190.25
1785211890.2173207,15,271.953125,7213.0
1785211890.2173207,15,273.59375,7232.5
1785211890.2173207,15,275.203125,7145.0
1785211890.2173207,15,278.5,6609.0
1785211890.2173207,15,280.15625,6661.5
1785211890.2173207,15,328.59375,1420.75
1785211890.2173207,15,330.265625,1425.75
1785211890.2173207,15,333.484375,1512.75
1785211890.2173207,15,335.140625,1517.75
1785211890.2173207,15,336.78125,1533.25
1785211890.2173207,15,338.390625,1566.25
1785211890.3319356,13,4.15625,4744.25
1785211890.3319356,15,7.875,1990.5
1785211890.3319356,15,203.4375,1302.75
1785211890.3319356,15,206.625,1295.25
1785211890.3319356,15,208.265625,1317.5
1785211890.3319356,15,209.890625,1337.75
1785211890.3319356,15,218.765625,9794.0
1785211890.3319356,15,222.046875,9245.0
1785211890.3319356,15,223.6875,9009.5
1785211890.3319356,15,225.328125,8796.25
1785211890.3319356,15,226.96875,8603.25
1785211890.3319356,15,228.609375,8415.5
1785211890.3319356,15,230.25,8245.0
1785211890.3319356,15,231.890625,8102.75
1785211890.3319356,15,233.546875,8007.5
1785211890.3319356,15,235.171875,7891.75
1785211890.3319356,15,236.8125,7797.0
1785211890.3319356,15,238.453125,7711.25
1785211890.3319356,15,240.09375,7617.5
1785211890.3319356,15,241.734375,7475.25
1785211890.3319356,15,243.375,7277.75
1785211890.3319356,15,254.90625,6788.0
1785211890.3319356,15,256.546875,6793.75
1785211890.3319356,15,258.171875,6845.0
1785211890.3319356,15,261.453125,7174.25
1785211890.3319356,15,263.09375,7161.25
1785211890.3319356,15,264.71875,7187.0
1785211890.3319356,15,266.359375,7214.5
1785211890.3319356,15,268.0,7201.75
1785211890.3319356,15,269.65625,7198.5
1785211890.3319356,15,271.28125,7224.25
1785211890.3319356,15,272.921875,7245.5
1785211890.3319356,15,274.546875,7302.0
1785211890.3319356,15,279.46875,6671.0
1785211890.3319356,15,327.984375,1448.25
1785211890.3319356,15,329.65625,1434.75
1785211890.3319356,15,334.53125,1519.5
1785211890.3319356,15,336.125,1535.25
1785211890.3319356,15,337.78125,1553.75
1785211890.3319356,15,350.828125,1728.5
1785211890.5548549,15,354.890625,1792.75
1785211890.5548549,10,0.9375,4784.25
1785211890.5548549,14,2.578125,4829.0
1785211890.5548549,9,4.203125,4919.25
1785211890.5548549,15,7.9375,1998.75
1785211890.5548549,15,12.734375,2252.75
1785211890.5548549,7,187.609375,10140.0
1785211890.5548549,15,198.25,1571.75
1785211890.5548549,15,206.609375,1311.25
1785211890.5548549,15,208.15625,1306.5
1785211890.5548549,15,211.390625,1335.0
1785211890.5548549,15,213.078125,1363.5
1785211890.5548549,15,220.3125,9772.0
1785211890.5548549,15,223.59375,9169.0
1785211890.5548549,15,225.234375,8921.5
1785211890.5548549,15,226.9375,8729.0
1785211890.5548549,15,228.5625,8579.5
1785211890.5548549,15,230.21875,8394.25
1785211890.5548549,15,231.84375,8223.25
1785211890.5548549,15,233.484375,8121.0
1785211890.5548549,15,235.125,8023.75
1785211890.5548549,15,236.765625,7926.25
1785211890.5548549,15,238.40625,7807.25
1785211890.5548549,15,240.046875,7663.5
1785211890.5548549,15,241.6875,7572.5
1785211890.5548549,15,256.4375,6771.0
1785211890.5548549,15,259.703125,6971.25
1785211890.5548549,15,262.953125,7203.25
1785211890.5548549,15,264.59375,7175.75
1785211890.5548549,15,266.234375,7232.75
1785211890.5548549,15,267.875,7262.0
1785211890.5548549,15,269.515625,7242.25
1785211890.5548549,15,271.140625,7258.75
1785211890.5548549,15,272.78125,7273.5
1785211890.5548549,15,274.375,7281.75
1785211890.5548549,15,276.015625,7228.0
1785211890.5548549,11,280.921875,6725.25
1785211890.5548549,15,327.796875,1471.0
1785211890.5548549,15,329.421875,1456.25
1785211890.5548549,15,334.3125,1543.25
1785211890.5548549,15,335.921875,1560.5
1785211890.5548549,15,337.578125,1582.0
1785211890.5548549,15,350.625,1735.5
1785211890.6697953,15,353.890625,1760.25
1785211890.6697953,15,355.5,1796.25
1785211890.6697953,14,3.203125,4745.75
1785211890.6697953,15,6.953125,2001.0
1785211890.6697953,15,8.546875,1993.75
1785211890.6697953,15,13.34375,2254.75
1785211890.6697953,15,208.78125,1326.5
1785211890.6697953,15,212.078125,1331.25
1785211890.6697953,15,224.28125,9203.25
1785211890.6697953,15,225.921875,8951.25
1785211890.6697953,15,227.5625,8752.75
1785211890.6697953,15,229.203125,8616.25
1785211890.6697953,15,230.84375,8438.5
1785211890.6697953,15,232.5,8230.0
1785211890.6697953,15,234.140625,8114.75
1785211890.6697953,15,235.78125,8047.5
1785211890.6697953,15,237.40625,7934.75
1785211890.6697953,15,239.0625,7818.25
1785211890.6697953,15,240.703125,7729.5
1785211890.6697953,15,242.34375,7609.0
1785211890.6697953,15,249.0625,4001.25
1785211890.6697953,15,250.703125,3928.0
1785211890.6697953,15,258.71875,6929.75
1785211890.6697953,15,260.359375,7046.75
1785211890.6697953,15,262.0,7171.75
1785211890.6697953,15,263.625,7255.25
1785211890.6697953,15,265.265625,7237.5
1785211890.6697953,15,266.90625,7240.75
1785211890.6697953,15,268.53125,7266.75
1785211890.6697953,15,270.1875,7286.75
1785211890.6697953,15,271.796875,7280.25
1785211890.6697953,15,273.4375,7290.25
1785211890.6697953,15,328.46875,1467.0
1785211890.6697953,15,331.6875,1527.5
1785211890.6697953,15,333.25,1560.25
1785211890.6697953,15,334.9375,1567.25
1785211890.6697953,15,336.578125,1578.5
1785211890.781004,15,354.53125,1798.75
1785211890.781004,13,0.5625,4747.5
1785211890.781004,11,2.1875,4801.75
1785211890.781004,11,3.84375,4866.25
1785211890.781004,15,7.53125,2000.5
1785211890.781004,15,180.625,9402.0
1785211890.781004,15,204.59375,1348.5
1785211890.781004,15,207.859375,1324.25
1785211890.781004,15,209.546875,1311.25
1785211890.781004,15,212.765625,1325.0
1785211890.781004,15,223.34375,9478.0
1785211890.781004,15,225.0,9216.0
1785211890.781004,15,226.578125,8966.75
1785211890.781004,15,228.21875,8750.5
1785211890.781004,15,229.859375,8627.5
1785211890.781004,15,231.515625,8465.25
1785211890.781004,15,233.140625,8255.5
1785211890.781004,15,234.78125,8123.25
1785211890.781004,15,236.4375,8045.5
1785211890.781004,15,238.0625,7936.75
1785211890.781004,15,239.71875,7816.25
1785211890.781004,15,241.34375,7718.5
1785211890.781004,15,243.0,7601.5
1785211890.781004,15,257.765625,6841.25
1785211890.781004,15,259.390625,6909.5
1785211890.781004,15,261.03125,7107.25
1785211890.781004,15,262.671875,7227.5
1785211890.781004,15,264.3125,7253.75
1785211890.781004,15,265.953125,7258.75
1785211890.781004,15,267.59375,7258.75
1785211890.781004,15,269.21875,7268.5
1785211890.781004,15,270.859375,7275.25
1785211890.781004,15,272.5,7295.0
1785211890.781004,15,274.140625,7311.5
1785211890.781004,15,275.75,7391.75
1785211890.781004,15,280.671875,6667.5
1785211890.781004,15,327.46875,1494.5
1785211890.781004,15,329.078125,1486.5
1785211890.781004,15,333.953125,1576.25
1785211890.781004,15,335.578125,1592.75
1785211890.781004,15,337.171875,1611.25
1785211890.781004,15,350.25,1754.75
1785211891.0063121,15,354.125,1815.25
1785211891.0063121,11,0.1875,4925.0
1785211891.0063121,13,1.828125,5005.25
1785211891.0063121,15,3.46875,5050.5
1785211891.0063121,15,7.1875,1999.25
1785211891.0063121,8,180.21875,9421.0
1785211891.0063121,15,181.859375,9462.0
1785211891.0063121,15,207.3125,1360.25
1785211891.0063121,15,210.671875,1345.5
1785211891.0063121,15,212.296875,1331.75
1785211891.0063121,15,217.109375,1384.0
1785211891.0063121,14,226.09375,9203.5
1785211891.0063121,15,227.6875,8978.25
1785211891.0063121,15,229.328125,8798.75
1785211891.0063121,15,230.96875,8639.5
1785211891.0063121,15,232.609375,8469.25
1785211891.0063121,15,234.25,8272.5
1785211891.0063121,15,235.875,8137.5
1785211891.0063121,15,237.515625,8053.75
1785211891.0063121,15,239.15625,7973.5
1785211891.0063121,15,240.796875,7872.0
1785211891.0063121,15,242.421875,7757.75
1785211891.0063121,15,244.0625,7654.0
1785211891.0063121,11,250.84375,4055.75
1785211891.0063121,11,258.90625,6885.25
1785211891.0063121,15,262.171875,7158.0
1785211891.0063121,15,263.8125,7295.25
1785211891.0063121,15,265.453125,7318.25
1785211891.0063121,15,267.09375,7305.0
1785211891.0063121,15,268.734375,7310.0
1785211891.0063121,15,270.375,7336.75
1785211891.0063121,15,272.015625,7340.0
1785211891.0063121,15,273.65625,7331.75
1785211891.0063121,15,275.28125,7370.5
1785211891.0063121,15,276.90625,7435.5
1785211891.0063121,15,327.09375,1519.0
1785211891.0063121,15,328.6875,1515.0
1785211891.0063121,15,333.5625,1598.5
1785211891.0063121,15,335.21875,1616.25
1785211891.0063121,15,336.8125,1636.0
1785211891.0063121,15,349.953125,1766.25
1785211891.1188638,15,353.1875,1791.5
1785211891.1188638,11,359.28125,4785.0
1785211891.1188638,8,0.9375,4837.5
1785211891.1188638,9,2.5625,4932.75
1785211891.1188638,15,6.3125,2013.5
1785211891.1188638,15,7.9375,2010.0
1785211891.1188638,15,12.734375,2252.0
1785211891.1188638,15,179.390625,9370.5
1785211891.1188638,15,182.6875,9362.25
1785211891.1188638,15,213.109375,1347.5
1785211891.1188638,15,214.734375,1344.5
1785211891.1188638,15,226.875,9221.75
1785211891.1188638,15,228.515625,8978.75
1785211891.1188638,15,230.15625,8784.0
1785211891.1188638,15,231.796875,8628.0
1785211891.1188638,15,233.4375,8458.0
1785211891.1188638,15,235.078125,8276.75
1785211891.1188638,15,236.71875,8133.5
1785211891.1188638,15,238.359375,8031.5
1785211891.1188638,15,239.984375,7973.5
1785211891.1188638,15,241.625,7876.5
1785211891.1188638,15,243.265625,7767.0
1785211891.1188638,15,259.734375,6956.25
1785211891.1188638,15,261.375,6957.75
1785211891.1188638,15,264.640625,7320.0
1785211891.1188638,15,266.28125,7320.0
1785211891.1188638,15,267.921875,7367.0
1785211891.1188638,15,269.5625,7322.5
1785211891.1188638,15,271.203125,7295.5
1785211891.1188638,15,272.84375,7326.75
1785211891.1188638,15,274.453125,7330.75
1785211891.1188638,15,276.078125,7440.75
1785211891.1188638,15,277.71875,7533.25
1785211891.1188638,15,327.828125,1520.5
1785211891.1188638,15,331.046875,1606.5
1785211891.1188638,15,332.734375,1613.25
1785211891.1188638,15,334.34375,1624.0
1785211891.1188638,15,335.96875,1630.5
1785211891.3440528,15,353.21875,1786.25
1785211891.3440528,10,359.28125,4779.75
1785211891.3440528,13,0.921875,4830.25
1785211891.3440528,8,2.5625,4875.5
1785211891.3440528,15,6.25,2013.75
1785211891.3440528,15,7.890625,2010.75
1785211891.3440528,15,12.71875,2239.0
1785211891.3440528,15,181.0625,9321.5
1785211891.3440528,15,182.6875,9331.0
1785211891.3440528,9,189.25,10108.25
1785211891.3440528,15,206.40625,1603.5
1785211891.3440528,15,208.015625,1599.5
1785211891.3440528,15,216.359375,1370.75
1785211891.3440528,15,218.03125,1372.5
1785211891.3440528,15,219.625,1400.0
1785211891.3440528,15,221.234375,1430.25
1785211891.3440528,15,228.65625,9127.5
1785211891.3440528,15,230.296875,8891.25
1785211891.3440528,15,231.9375,8731.0
1785211891.3440528,15,233.578125,8602.5
1785211891.3440528,15,235.21875,8442.5
1785211891.3440528,15,236.859375,8257.75
1785211891.3440528,15,238.515625,8129.25
1785211891.3440528,15,240.15625,8033.75
1785211891.3440528,15,241.796875,7940.0
1785211891.3440528,15,243.4375,7830.0
1785211891.3440528,15,245.09375,7746.25
1785211891.3440528,15,250.171875,4120.0
1785211891.3440528,15,256.59375,7038.0
1785211891.3440528,15,261.5,7050.5
1785211891.3440528,15,263.140625,7118.5
1785211891.3440528,15,264.765625,7203.5
1785211891.3440528,15,266.421875,7345.75
1785211891.3440528,15,268.0625,7363.25
1785211891.3440528,15,269.703125,7370.0
1785211891.3440528,15,271.34375,7367.25
1785211891.3440528,15,272.984375,7330.75
1785211891.3440528,15,276.203125,7339.25
1785211891.3440528,15,326.265625,1570.75
1785211891.3440528,15,327.90625,1554.5
1785211891.3440528,15,332.828125,1633.75
1785211891.3440528,15,334.4375,1648.5
1785211891.3440528,15,336.078125,1662.25
1785211891.45599,15,354.140625,1832.5
1785211891.45599,9,356.90625,4754.0
1785211891.45599,10,358.546875,4810.0
1785211891.45599,9,0.171875,4904.75
1785211891.45599,14,1.828125,4982.75
1785211891.45599,14,3.453125,5045.75
1785211891.45599,15,7.171875,2002.25
1785211891.45599,7,13.609375,2244.5
1785211891.45599,15,181.96875,9321.75
1785211891.45599,15,183.609375,9351.5
1785211891.45599,7,186.859375,10069.25
1785211891.45599,8,191.78125,10038.5
1785211891.45599,15,210.546875,1617.0
1785211891.45599,15,217.265625,1373.25
1785211891.45599,15,223.6875,1488.5
1785211891.45599,15,229.484375,9121.0
1785211891.45599,15,231.125,8902.0
1785211891.45599,15,232.765625,8721.5
1785211891.45599,15,234.40625,8591.25
1785211891.45599,15,236.046875,8431.0
1785211891.45599,15,237.6875,8227.25
1785211891.45599,15,239.328125,8092.5
1785211891.45599,15,240.96875,8049.5
1785211891.45599,15,242.59375,7993.25
1785211891.45599,15,249.3125,4123.5
1785211891.45599,15,255.734375,7090.5
1785211891.45599,15,262.265625,7113.75
1785211891.45599,15,263.890625,7165.0
1785211891.45599,15,265.53125,7311.25
1785211891.45599,15,267.171875,7367.75
1785211891.45599,15,268.8125,7367.75
1785211891.45599,15,270.453125,7390.75
1785211891.45599,15,272.078125,7377.25
1785211891.45599,15,273.71875,7399.5
1785211891.45599,15,275.34375,7394.25
1785211891.45599,15,276.984375,7453.5
1785211891.45599,15,278.609375,7572.5
1785211891.45599,15,327.15625,1563.5
1785211891.45599,15,330.328125,1630.0
1785211891.45599,15,332.015625,1654.75
1785211891.45599,15,333.6875,1657.0
1785211891.45599,15,335.28125,1661.75
1785211891.5673318,15,353.25,1794.5
1785211891.5673318,11,359.34375,4798.5
1785211891.5673318,10,0.96875,4899.25
1785211891.5673318,10,2.609375,4991.75
1785211891.5673318,15,6.328125,2012.75
1785211891.5673318,15,7.953125,2010.75
1785211891.5673318,15,12.8125,2226.25
1785211891.5673318,15,182.921875,9343.25
1785211891.5673318,15,184.5625,9340.5
1785211891.5673318,15,211.5625,1627.5
1785211891.5673318,15,218.265625,1384.5
1785211891.5673318,15,219.875,1383.25
1785211891.5673318,15,221.5,1406.25
1785211891.5673318,15,223.15625,1443.25
1785211891.5673318,15,224.75,1482.75
1785211891.5673318,15,230.453125,9036.25
1785211891.5673318,15,232.09375,8835.75
1785211891.5673318,15,233.75,8660.5
1785211891.5673318,15,235.390625,8574.5
1785211891.5673318,15,238.65625,8215.0
1785211891.5673318,15,240.296875,8104.75
1785211891.5673318,15,241.9375,8041.5
1785211891.5673318,15,243.59375,7991.25
1785211891.5673318,15,250.28125,4207.0
1785211891.5673318,15,266.515625,7426.75
1785211891.5673318,15,268.15625,7406.25
1785211891.5673318,15,269.78125,7366.75
1785211891.5673318,15,271.421875,7382.0
1785211891.5673318,15,273.0625,7401.25
1785211891.5673318,15,274.71875,7437.5
1785211891.5673318,15,326.453125,1592.25
1785211891.5673318,15,328.0625,1583.0
1785211891.5673318,15,333.0,1663.75
1785211891.5673318,15,334.640625,1676.25
1785211891.5673318,15,336.28125,1699.75
1785211891.9055357,15,353.140625,1858.5
1785211891.9055357,8,355.953125,4886.0
1785211891.9055357,12,357.59375,4972.5
1785211891.9055357,11,359.234375,5042.0
1785211891.9055357,15,0.875,5060.5
1785211891.9055357,13,2.53125,5081.75
1785211891.9055357,15,6.21875,2002.0
1785211891.9055357,15,12.6875,2216.5
1785211891.9055357,15,184.359375,9355.0
1785211891.9055357,15,186.0,9359.5
1785211891.9055357,15,218.109375,1416.25
1785211891.9055357,15,219.703125,1413.5
1785211891.9055357,15,221.359375,1411.75
1785211891.9055357,15,223.0,1412.5
1785211891.9055357,15,224.609375,1433.75
1785211891.9055357,15,226.21875,1466.75
1785211891.9055357,15,233.5625,8935.25
1785211891.9055357,15,235.203125,8789.0
1785211891.9055357,15,236.84375,8637.25
1785211891.9055357,15,238.484375,8511.0
1785211891.9055357,15,240.125,8356.75
1785211891.9055357,15,241.75,8187.75
1785211891.9055357,15,243.40625,8064.0
1785211891.9055357,15,258.234375,7150.25
1785211891.9055357,15,268.0625,7473.5
1785211891.9055357,15,269.71875,7480.5
1785211891.9055357,15,271.359375,7473.5
1785211891.9055357,15,273.0,7480.5
1785211891.9055357,15,276.203125,7438.0
1785211891.9055357,15,326.1875,1640.5
1785211891.9055357,15,327.828125,1627.5
1785211891.9055357,15,332.71875,1696.5
1785211891.9055357,15,334.390625,1710.75
1785211891.9055357,15,336.0,1736.5
1785211892.0158236,15,352.390625,1827.0
1785211892.0158236,12,358.46875,5097.75
1785211892.0158236,15,0.109375,5129.5
1785211892.0158236,11,1.75,5164.25
1785211892.0158236,15,5.46875,2019.25
1785211892.0158236,15,7.125,2018.5
1785211892.0158236,15,13.546875,2242.75
1785211892.0158236,15,185.046875,9363.0
1785211892.0158236,15,186.703125,9412.0
1785211892.0158236,7,198.15625,10211.25
1785211892.0158236,15,213.625,1666.5
1785211892.0158236,15,216.921875,1673.25
1785211892.0158236,15,220.390625,1416.75
1785211892.0158236,15,221.921875,1419.75
1785211892.0158236,15,223.59375,1428.0
1785211892.0158236,15,225.21875,1436.5
1785211892.0158236,15,226.875,1470.0
1785211892.0158236,9,228.453125,1512.75
1785211892.0158236,15,235.90625,8764.5
1785211892.0158236,15,237.546875,8628.0
1785211892.0158236,15,239.1875,8460.25
1785211892.0158236,15,240.828125,8321.0
1785211892.0158236,15,242.484375,8208.5
1785211892.0158236,15,244.109375,8102.5
1785211892.0158236,15,252.515625,4288.75
1785211892.0158236,15,265.5,7126.5
1785211892.0158236,15,268.765625,7451.5
1785211892.0158236,15,270.390625,7432.0
1785211892.0158236,15,272.0625,7467.5
1785211892.0158236,15,273.6875,7515.75
1785211892.0158236,12,275.296875,7561.75
1785211892.0158236,15,276.9375,7603.0
1785211892.0158236,15,326.921875,1636.5
1785211892.0158236,15,328.578125,1659.0
1785211892.0158236,15,330.171875,1695.25
1785211892.0158236,15,331.796875,1717.25
1785211892.0158236,15,333.5,1724.0
1785211892.0158236,15,335.09375,1721.75
1785211892.0158236,9,344.484375,4801.5
1785211892.0158236,12,346.109375,4819.75
1785211892.1305475,15,353.09375,1868.75
1785211892.1305475,15,355.921875,5066.0
1785211892.1305475,12,357.5625,5092.0
1785211892.1305475,10,359.1875,5136.25
1785211892.1305475,15,0.828125,5176.75
1785211892.1305475,15,6.203125,2023.5
1785211892.1305475,15,7.78125,2057.75
1785211892.1305475,15,12.671875,2214.25
1785211892.1305475,15,184.15625,9324.25
1785211892.1305475,12,185.796875,9396.0
1785211892.1305475,15,187.4375,9417.75
1785211892.1305475,8,195.609375,10217.5
1785211892.1305475,15,217.609375,1669.75
1785211892.1305475,10,221.03125,1438.25
1785211892.1305475,15,224.296875,1437.75
1785211892.1305475,10,225.96875,1454.0
1785211892.1305475,15,227.5625,1485.75
1785211892.1305475,15,229.203125,1523.0
1785211892.1305475,15,236.65625,8767.0
1785211892.1305475,15,238.296875,8637.25
1785211892.1305475,15,239.9375,8480.25
1785211892.1305475,15,241.578125,8313.0
1785211892.1305475,15,243.21875,8177.25
1785211892.1305475,15,244.875,8082.0
1785211892.1305475,15,253.25,4283.25
1785211892.1305475,15,258.015625,7183.0
1785211892.1305475,15,266.21875,7155.5
1785211892.1305475,15,269.5,7471.75
1785211892.1305475,15,271.140625,7501.5
1785211892.1305475,15,272.78125,7551.0
1785211892.1305475,15,274.390625,7564.75
1785211892.1305475,15,326.109375,1667.75
1785211892.1305475,15,327.75,1659.5
1785211892.1305475,15,332.65625,1724.5
1785211892.1305475,15,334.328125,1737.75
1785211892.1305475,10,340.359375,5076.0
1785211892.1305475,10,342.0,5081.5
1785211892.1305475,10,343.640625,5077.75
1785211892.1305475,8,345.296875,5073.75
1785211892.352425,15,351.484375,1859.5
1785211892.352425,15,357.59375,5089.75
1785211892.352425,13,359.234375,5130.5
1785211892.352425,13,0.875,5168.25
1785211892.352425,15,2.53125,5219.5
1785211892.352425,15,6.28125,2029.0
1785211892.352425,15,7.890625,2062.25
1785211892.352425,15,12.671875,2195.0
1785211892.352425,15,185.96875,9415.5
1785211892.352425,15,187.609375,9360.75
1785211892.352425,15,189.25,9349.5
1785211892.352425,15,222.90625,1466.0
1785211892.352425,9,224.546875,1459.25
1785211892.352425,15,226.203125,1462.25
1785211892.352425,15,238.453125,8765.0
1785211892.352425,15,240.09375,8582.25
1785211892.352425,15,241.734375,8408.75
1785211892.352425,15,243.375,8259.25
1785211892.352425,15,245.015625,8152.0
1785211892.352425,15,263.046875,7244.25
1785211892.352425,15,264.671875,7192.0
1785211892.352425,15,266.328125,7241.0
1785211892.352425,15,267.953125,7285.0
1785211892.352425,15,271.234375,7565.25
1785211892.352425,15,272.859375,7563.5
1785211892.352425,15,274.484375,7574.25
1785211892.352425,15,276.109375,7594.0
1785211892.352425,15,279.375,7603.0
1785211892.352425,15,326.171875,1691.5
1785211892.352425,15,327.75,1688.25
1785211892.352425,15,331.046875,1761.5
1785211892.352425,15,332.65625,1759.75
1785211892.352425,15,334.328125,1761.0
1785211892.352425,8,340.375,5073.25
1785211892.352425,9,342.015625,5078.75
1785211892.352425,11,343.65625,5078.5
1785211892.352425,10,345.296875,5074.75
1785211892.4641998,15,352.328125,1890.0
1785211892.4641998,15,355.15625,5090.25
1785211892.4641998,15,356.796875,5118.0
1785211892.4641998,12,358.4375,5149.25
1785211892.4641998,11,0.078125,5177.5
1785211892.4641998,15,5.421875,2036.0
1785211892.4641998,15,7.078125,2049.5
1785211892.4641998,15,11.921875,2224.25
1785211892.4641998,15,13.546875,2239.75
1785211892.4641998,15,186.765625,9361.0
1785211892.4641998,15,190.046875,9384.25
1785211892.4641998,15,221.9375,1731.5
1785211892.4641998,15,225.328125,1473.5
1785211892.4641998,15,228.59375,1479.75
1785211892.4641998,15,230.1875,1502.0
1785211892.4641998,15,239.25,8704.0
1785211892.4641998,15,240.875,8570.5
1785211892.4641998,15,242.53125,8486.25
1785211892.4641998,15,244.171875,8326.5
1785211892.4641998,15,245.796875,8168.75
1785211892.4641998,15,254.015625,7707.5
1785211892.4641998,8,260.5625,7447.5
1785211892.4641998,15,263.859375,7331.25
1785211892.4641998,15,267.125,7270.25
1785211892.4641998,15,268.765625,7362.25
1785211892.4641998,15,270.390625,7482.5
1785211892.4641998,15,272.015625,7517.25
1785211892.4641998,15,273.65625,7574.75
1785211892.4641998,15,276.953125,7601.5
1785211892.4641998,15,326.953125,1690.75
1785211892.4641998,15,330.203125,1774.75
1785211892.4641998,15,331.796875,1763.5
1785211892.4641998,15,333.484375,1771.0
1785211892.4641998,15,335.078125,1780.5
1785211892.4641998,8,341.140625,5115.5
1785211892.4641998,13,342.78125,5131.0
1785211892.4641998,11,344.4375,5129.5
1785211892.6906157,15,352.40625,1890.75
1785211892.6906157,15,355.234375,5242.75
1785211892.6906157,10,356.875,5263.75
1785211892.6906157,10,0.140625,5490.5
1785211892.6906157,15,5.546875,2029.25
1785211892.6906157,15,7.171875,2065.25
1785211892.6906157,15,11.96875,2200.75
1785211892.6906157,15,13.625,2236.75
1785211892.6906157,15,188.65625,9387.0
1785211892.6906157,15,190.296875,9367.75
1785211892.6906157,15,220.40625,1716.75
1785211892.6906157,15,227.125,1497.0
1785211892.6906157,15,230.390625,1504.5
1785211892.6906157,15,232.015625,1531.75
1785211892.6906157,15,233.59375,1569.25
1785211892.6906157,15,241.046875,8740.75
1785211892.6906157,15,242.6875,8639.25
1785211892.6906157,15,244.34375,8485.5
1785211892.6906157,15,245.96875,8299.75
1785211892.6906157,15,247.625,8168.75
1785211892.6906157,15,264.078125,7325.25
1785211892.6906157,15,265.734375,7268.5
1785211892.6906157,15,267.375,7234.0
1785211892.6906157,15,269.015625,7249.0
1785211892.6906157,15,272.28125,7622.75
1785211892.6906157,15,273.9375,7590.5
1785211892.6906157,15,275.53125,7617.75
1785211892.6906157,11,277.15625,7661.0
1785211892.6906157,15,278.796875,7657.5
1785211892.6906157,15,327.1875,1722.0
1785211892.6906157,15,330.46875,1757.75
1785211892.6906157,15,332.09375,1785.25
1785211892.6906157,15,333.703125,1796.75
1785211892.6906157,8,344.75,5037.5
1785211892.6906157,15,349.6875,5065.25
1785211892.8017564,15,354.625,5097.5
1785211892.8017564,15,356.25,5114.75
1785211892.8017564,15,357.90625,5151.75
1785211892.8017564,11,359.546875,5212.5
1785211892.8017564,15,4.9375,2035.0
1785211892.8017564,15,6.578125,2045.0
1785211892.8017564,15,13.015625,2208.25
1785211892.8017564,15,188.046875,9297.25
1785211892.8017564,15,189.703125,9335.25
1785211892.8017564,15,191.34375,9370.5
1785211892.8017564,15,221.4375,1731.0
1785211892.8017564,15,228.125,1512.25
1785211892.8017564,15,231.359375,1518.5
1785211892.8017564,15,232.984375,1549.75
1785211892.8017564,15,234.59375,1586.5
1785211892.8017564,15,242.078125,8733.75
1785211892.8017564,15,243.71875,8584.0
1785211892.8017564,15,245.359375,8444.0
1785211892.8017564,15,247.0,8272.75
1785211892.8017564,15,248.640625,8131.25
1785211892.8017564,9,253.59375,7821.75
1785211892.8017564,9,257.03125,4457.25
1785211892.8017564,15,268.375,7302.0
1785211892.8017564,15,270.03125,7413.5
1785211892.8017564,15,271.65625,7530.0
1785211892.8017564,15,273.296875,7628.5
1785211892.8017564,15,274.875,7681.25
1785211892.8017564,15,278.140625,7694.25
1785211892.8017564,14,279.78125,7681.25
1785211892.8017564,15,326.453125,1741.0
1785211892.8017564,15,329.703125,1795.25
1785211892.8017564,15,331.359375,1802.0
1785211892.8017564,15,333.0,1806.25
1785211892.8017564,15,334.625,1810.0
1785211892.8017564,9,344.015625,5078.5
1785211892.9167948,15,351.046875,1878.5
1785211892.9167948,15,357.140625,5251.5
1785211892.9167948,15,5.8125,2025.0
1785211892.9167948,15,7.421875,2065.0
1785211892.9167948,15,12.203125,2185.0
1785211892.9167948,15,190.4375,9297.25
1785211892.9167948,15,192.078125,9310.75
1785211892.9167948,15,228.890625,1524.75
1785211892.9167948,15,232.15625,1527.25
1785211892.9167948,15,233.78125,1547.25
1785211892.9167948,15,242.859375,8677.0
1785211892.9167948,15,244.5,8536.25
1785211892.9167948,15,246.140625,8406.25
1785211892.9167948,15,247.78125,8284.75
1785211892.9167948,11,249.421875,8241.75
1785211892.9167948,9,262.59375,7428.75
1785211892.9167948,15,265.875,7359.5
1785211892.9167948,15,267.515625,7264.0
1785211892.9167948,15,269.15625,7341.5
1785211892.9167948,15,270.78125,7519.5
1785211892.9167948,15,272.421875,7616.75
1785211892.9167948,15,274.0625,7626.75
1785211892.9167948,15,275.640625,7702.0
1785211892.9167948,10,277.28125,7712.0
1785211892.9167948,15,278.90625,7667.0
1785211892.9167948,7,280.5625,7653.25
1785211892.9167948,15,327.21875,1756.0
1785211892.9167948,15,330.5,1793.0
1785211892.9167948,15,332.140625,1812.25
1785211892.9167948,15,333.765625,1818.75
1785211892.9167948,9,344.8125,5071.0
1785211892.9167948,15,350.140625,1904.25
1785211893.0281472,15,351.796875,1910.75
1785211893.0281472,11,354.609375,5153.5
1785211893.0281472,15,356.234375,5185.25
1785211893.0281472,15,357.890625,5244.0
1785211893.0281472,7,359.53125,5263.0
1785211893.0281472,15,4.859375,2033.75
1785211893.0281472,15,6.53125,2049.5
1785211893.0281472,15,12.984375,2212.5
1785211893.0281472,15,192.78125,9362.75
1785211893.0281472,15,229.625,1542.0
1785211893.0281472,15,232.890625,1541.25
1785211893.0281472,15,234.53125,1574.75
1785211893.0281472,15,236.140625,1606.0
1785211893.0281472,15,243.640625,8686.0
1785211893.0281472,15,245.265625,8579.25
1785211893.0281472,15,246.921875,8416.0
1785211893.0281472,15,248.5625,8267.5
1785211893.0281472,15,251.8125,8144.25
1785211893.0281472,15,253.453125,8031.5
1785211893.0281472,15,255.09375,7934.5
1785211893.0281472,15,263.296875,7448.25
1785211893.0281472,15,264.9375,7322.25
1785211893.0281472,13,266.578125,7234.25
1785211893.0281472,15,269.859375,7280.0
1785211893.0281472,15,273.109375,7679.5
1785211893.0281472,15,274.6875,7679.5
1785211893.0281472,15,276.328125,7735.0
1785211893.0281472,15,277.96875,7714.75
1785211893.0281472,15,281.21875,7673.75
1785211893.0281472,15,326.265625,1767.75
1785211893.0281472,15,327.921875,1784.25
1785211893.0281472,15,329.53125,1815.5
1785211893.0281472,15,331.15625,1828.5
1785211893.0281472,15,332.8125,1836.75
1785211893.0281472,15,334.4375,1839.75
1785211893.0281472,7,343.828125,5067.5
1785211893.2538166,14,356.03125,5119.0
1785211893.2538166,12,357.6875,5141.0
1785211893.2538166,11,359.328125,5153.25
1785211893.2538166,9,0.9375,5199.75
1785211893.2538166,15,4.6875,2033.5
1785211893.2538166,15,6.296875,2052.25
1785211893.2538166,15,12.8125,2203.75
1785211893.2538166,15,194.078125,9381.5
1785211893.2538166,12,199.0,8622.75
1785211893.2538166,15,232.5,1567.75
1785211893.2538166,15,234.140625,1570.5
1785211893.2538166,15,235.796875,1579.25
1785211893.2538166,15,237.390625,1603.75
1785211893.2538166,15,243.21875,8846.75
1785211893.2538166,15,244.859375,8731.0
1785211893.2538166,15,246.515625,8607.25
1785211893.2538166,15,248.140625,8475.0
1785211893.2538166,15,249.78125,8311.5
1785211893.2538166,15,253.078125,8131.75
1785211893.2538166,15,254.734375,8039.5
1785211893.2538166,15,256.375,7954.0
1785211893.2538166,15,258.015625,7779.75
1785211893.2538166,15,264.59375,7484.75
1785211893.2538166,15,266.21875,7394.25
1785211893.2538166,15,267.859375,7348.75
1785211893.2538166,15,269.5,7310.0
1785211893.2538166,15,271.140625,7357.25
1785211893.2538166,15,274.390625,7735.0
1785211893.2538166,15,276.015625,7733.0
1785211893.2538166,15,277.65625,7712.75
1785211893.2538166,15,325.984375,1810.0
1785211893.2538166,15,327.609375,1810.0
1785211893.2538166,15,329.25,1842.25
1785211893.2538166,15,330.875,1862.75
1785211893.2538166,15,332.546875,1861.0
1785211893.2538166,15,334.15625,1857.0
1785211893.2538166,15,345.640625,1878.75
1785211893.2538166,15,350.53125,1904.75
1785211893.365042,13,356.625,5039.75
1785211893.365042,15,358.28125,5067.5
1785211893.365042,14,359.921875,5088.0
1785211893.365042,12,1.546875,5123.0
1785211893.365042,15,5.25,2033.5
1785211893.365042,15,11.796875,2181.25
1785211893.365042,15,13.40625,2220.5
1785211893.365042,15,194.734375,9367.75
1785211893.365042,11,199.671875,8618.25
1785211893.365042,15,226.53125,1773.25
1785211893.365042,15,233.171875,1582.75
1785211893.365042,15,234.75,1584.25
1785211893.365042,15,236.390625,1595.5
1785211893.365042,15,238.015625,1620.75
1785211893.365042,15,243.828125,8805.5
1785211893.365042,15,245.453125,8697.75
1785211893.365042,15,247.109375,8577.5
1785211893.365042,15,248.734375,8419.75
1785211893.365042,15,250.4375,8280.75
1785211893.365042,15,253.71875,8144.0
1785211893.365042,15,255.359375,8051.5
1785211893.365042,15,257.0,8013.25
1785211893.365042,15,263.5625,7603.5
1785211893.365042,15,265.203125,7498.25
1785211893.365042,15,270.109375,7368.25
1785211893.365042,15,271.765625,7345.75
1785211893.365042,15,275.015625,7774.5
1785211893.365042,15,276.65625,7725.75
1785211893.365042,15,326.578125,1809.0
1785211893.365042,15,329.84375,1889.5
1785211893.365042,15,331.5,1865.75
1785211893.365042,15,333.15625,1872.75
1785211893.365042,15,334.796875,1884.75
1785211893.365042,15,346.28125,1892.25
1785211893.5873384,15,356.296875,5080.25
1785211893.5873384,15,357.9375,5079.25
1785211893.5873384,13,359.578125,5103.5
1785211893.5873384,12,1.234375,5135.25
1785211893.5873384,15,4.9375,2032.75
1785211893.5873384,15,6.578125,2065.5
1785211893.5873384,15,11.421875,2185.75
1785211893.5873384,15,13.0625,2209.5
1785211893.5873384,15,170.5,1538.5
1785211893.5873384,15,195.921875,9310.75
1785211893.5873384,15,229.296875,1822.5
1785211893.5873384,15,236.0,1612.5
1785211893.5873384,15,237.625,1621.25
1785211893.5873384,15,239.234375,1635.25
1785211893.5873384,15,248.359375,8625.5
1785211893.5873384,15,250.0,8491.0
1785211893.5873384,15,251.640625,8364.5
1785211893.5873384,15,254.90625,8195.0
1785211893.5873384,15,256.546875,8069.75
1785211893.5873384,15,258.1875,8029.5
1785211893.5873384,15,266.375,7581.5
1785211893.5873384,15,268.015625,7608.5
1785211893.5873384,15,269.671875,7525.75
1785211893.5873384,15,271.296875,7377.5
1785211893.5873384,15,326.046875,1846.5
1785211893.5873384,15,327.640625,1851.75
1785211893.5873384,15,329.28125,1881.75
1785211893.5873384,15,330.9375,1888.25
1785211893.5873384,15,332.609375,1889.5
1785211893.5873384,15,334.21875,1895.0
1785211893.5873384,15,345.703125,1910.75
1785211893.5873384,15,350.625,1924.75
1785211893.7031126,14,356.765625,4978.0
1785211893.7031126,13,358.390625,5066.0
1785211893.7031126,14,0.03125,5101.5
1785211893.7031126,15,3.765625,2041.5
1785211893.7031126,15,5.40625,2028.25
1785211893.7031126,15,7.015625,2069.0
1785211893.7031126,15,10.3125,2131.5
1785211893.7031126,15,11.859375,2180.5
1785211893.7031126,15,13.46875,2219.5
1785211893.7031126,15,193.046875,9300.0
1785211893.7031126,15,194.671875,9368.5
1785211893.7031126,15,196.3125,9401.25
1785211893.7031126,15,228.015625,1859.0
1785211893.7031126,15,229.640625,1827.75
1785211893.7031126,15,236.296875,1632.75
1785211893.7031126,15,237.90625,1634.25
1785211893.7031126,15,241.21875,1664.5
1785211893.7031126,15,248.6875,8646.25
1785211893.7031126,15,250.34375,8522.75
1785211893.7031126,15,251.984375,8386.5
1785211893.7031126,15,253.625,8267.75
1785211893.7031126,14,255.25,8201.75
1785211893.7031126,15,256.90625,8131.5
1785211893.7031126,10,258.53125,7996.0
1785211893.7031126,15,260.1875,7836.0
1785211893.7031126,9,265.09375,7639.0
1785211893.7031126,15,266.734375,7554.75
1785211893.7031126,15,268.375,7577.75
1785211893.7031126,15,270.015625,7552.75
1785211893.7031126,15,271.65625,7433.25
1785211893.7031126,15,326.4375,1859.75
1785211893.7031126,15,329.6875,1908.75
1785211893.7031126,15,331.3125,1896.75
1785211893.7031126,15,332.984375,1903.75
1785211893.7031126,15,334.5625,1921.25
1785211893.7031126,15,346.078125,1931.5
1785211893.7031126,15,349.328125,1957.25
1785211893.8134563,12,355.484375,5107.0
1785211893.8134563,15,357.125,5131.25
1785211893.8134563,14,358.75,5188.5
1785211893.8134563,15,4.140625,2047.25
1785211893.8134563,15,5.75,2058.0
1785211893.8134563,15,12.15625,2187.0
1785211893.8134563,15,193.609375,9298.0
1785211893.8134563,15,195.25,9349.5
1785211893.8134563,15,196.90625,9434.0
1785211893.8134563,15,225.296875,2021.0
1785211893.8134563,15,228.625,1882.25
1785211893.8134563,15,236.921875,1643.25
1785211893.8134563,15,238.53125,1645.0
1785211893.8134563,15,240.171875,1658.25
1785211893.8134563,15,241.765625,1692.5
1785211893.8134563,15,243.40625,1739.0
1785211893.8134563,15,247.625,8793.25
1785211893.8134563,15,249.28125,8663.0
1785211893.8134563,15,250.9375,8527.0
1785211893.8134563,15,252.578125,8378.25
1785211893.8134563,15,254.203125,8254.5
1785211893.8134563,10,255.84375,8235.5
1785211893.8134563,15,257.484375,8159.0
1785211893.8134563,8,259.125,8057.5
1785211893.8134563,15,265.671875,7713.25
1785211893.8134563,15,268.96875,7562.5
1785211893.8134563,15,270.59375,7470.0
1785211893.8134563,15,272.234375,7428.5
1785211893.8134563,15,327.109375,1868.5
1785211893.8134563,15,330.34375,1904.75
1785211893.8134563,15,332.03125,1919.0
1785211893.8134563,15,333.609375,1907.5
1785211893.8134563,15,345.125,1926.25
1785211893.8134563,15,350.125,1943.0
1785211894.1511302,11,355.03125,5085.75
1785211894.1511302,12,356.671875,5116.25
1785211894.1511302,10,358.3125,5149.25
1785211894.1511302,15,359.953125,5221.25
1785211894.1511302,15,3.65625,2049.0
1785211894.1511302,15,5.328125,2057.5
1785211894.1511302,15,11.828125,2179.5
1785211894.1511302,15,13.4375,2218.25
1785211894.1511302,14,169.78125,1223.25
1785211894.1511302,15,196.734375,9392.75
1785211894.1511302,15,198.390625,9370.75
1785211894.1511302,15,218.078125,8582.75
1785211894.1511302,15,228.46875,2048.25
1785211894.1511302,15,233.453125,1890.0
1785211894.1511302,15,240.0625,1690.5
1785211894.1511302,15,241.734375,1694.5
1785211894.1511302,15,243.3125,1714.0
1785211894.1511302,15,244.9375,1750.5
1785211894.1511302,15,252.515625,8607.25
1785211894.1511302,15,254.15625,8453.25
1785211894.1511302,15,255.796875,8309.5
1785211894.1511302,15,257.4375,8226.0
1785211894.1511302,15,259.09375,8166.25
1785211894.1511302,14,260.71875,8151.75
1785211894.1511302,15,326.96875,1907.25
1785211894.1511302,15,330.21875,1938.0
1785211894.1511302,15,331.90625,1956.0
1785211894.1511302,15,333.53125,1949.75
1785211894.1511302,15,345.015625,1954.0
1785211894.1511302,15,349.984375,1958.75
1785211894.2638633,12,356.078125,5086.5
1785211894.2638633,15,357.75,5108.0
1785211894.2638633,12,359.375,5150.0
1785211894.2638633,15,3.09375,2058.25
1785211894.2638633,15,4.71875,2035.0
1785211894.2638633,15,6.375,2056.0
1785211894.2638633,15,11.21875,2174.25
1785211894.2638633,15,12.8125,2203.75
1785211894.2638633,15,169.09375,1215.25
1785211894.2638633,15,196.0,9306.75
1785211894.2638633,15,197.65625,9364.0
1785211894.2638633,15,199.296875,9362.5
1785211894.2638633,7,209.109375,10217.5
1785211894.2638633,15,229.3125,2066.0
1785211894.2638633,15,234.28125,1906.5
1785211894.2638633,15,240.984375,1708.5
1785211894.2638633,15,242.578125,1711.25
1785211894.2638633,15,244.25,1730.25
1785211894.2638633,15,245.84375,1767.0
1785211894.2638633,15,253.453125,8544.5
1785211894.2638633,15,255.09375,8477.5
1785211894.2638633,15,258.375,8321.75
1785211894.2638633,14,260.03125,8195.75
1785211894.2638633,15,264.96875,7723.5
1785211894.2638633,15,266.609375,7671.25
1785211894.2638633,15,269.890625,7694.25
1785211894.2638633,15,271.546875,7645.0
1785211894.2638633,15,273.1875,7580.0
1785211894.2638633,15,326.296875,1932.75
1785211894.2638633,15,329.5625,1975.75
1785211894.2638633,15,331.203125,1968.75
1785211894.2638633,15,332.828125,1974.0
1785211894.2638633,15,334.484375,1985.75
1785211894.2638633,15,345.984375,1986.0
1785211894.2638633,15,349.265625,1981.0
1785211894.3737564,10,355.4375,5083.0
1785211894.3737564,11,357.078125,5105.25
1785211894.3737564,14,358.71875,5151.0
1785211894.3737564,13,0.375,5201.75
1785211894.3737564,15,4.046875,2039.0
1785211894.3737564,15,5.703125,2062.0
1785211894.3737564,15,12.15625,2185.5
1785211894.3737564,15,170.140625,1195.0
1785211894.3737564,15,171.734375,1198.75
1785211894.3737564,15,173.328125,1222.0
1785211894.3737564,15,198.625,9401.75
1785211894.3737564,15,200.265625,9481.25
1785211894.3737564,15,230.34375,2074.5
1785211894.3737564,15,235.296875,1932.0
1785211894.3737564,15,242.03125,1725.5
1785211894.3737564,15,243.640625,1730.25
1785211894.3737564,15,251.171875,8774.0
1785211894.3737564,15,252.828125,8674.5
1785211894.3737564,15,254.484375,8570.0
1785211894.3737564,15,256.109375,8472.75
1785211894.3737564,15,257.765625,8330.5
1785211894.3737564,15,259.40625,8212.25
1785211894.3737564,15,261.0625,8137.5
1785211894.3737564,15,269.265625,7672.5
1785211894.3737564,15,274.203125,7623.0
1785211894.3737564,15,327.34375,1941.5
1785211894.3737564,15,329.03125,1968.5
1785211894.3737564,15,330.625,1992.75
1785211894.3737564,15,332.3125,1989.75
1785211894.3737564,15,333.96875,1983.5
1785211894.3737564,15,345.453125,1980.75
1785211894.6005092,11,355.953125,5122.25
1785211894.6005092,13,357.59375,5165.25
1785211894.6005092,11,359.25,5196.25
1785211894.6005092,15,2.96875,2057.25
1785211894.6005092,15,4.609375,2050.5
1785211894.6005092,15,6.25,2080.25
1785211894.6005092,15,9.484375,2119.75
1785211894.6005092,15,11.015625,2162.75
1785211894.6005092,15,12.65625,2188.5
1785211894.6005092,15,170.703125,1192.25
1785211894.6005092,13,172.328125,1189.25
1785211894.6005092,15,173.96875,1182.75
1785211894.6005092,15,175.625,1190.75
1785211894.6005092,15,199.09375,9343.25
1785211894.6005092,15,200.734375,9446.0
1785211894.6005092,15,232.46875,2093.25
1785211894.6005092,15,234.140625,2036.0
1785211894.6005092,15,237.421875,1968.5
1785211894.6005092,15,244.078125,1759.0
1785211894.6005092,15,245.75,1771.0
1785211894.6005092,15,247.359375,1798.5
1785211894.6005092,15,253.265625,8745.25
1785211894.6005092,15,254.890625,8690.5
1785211894.6005092,15,256.546875,8587.0
1785211894.6005092,15,258.1875,8406.75
1785211894.6005092,15,259.828125,8329.5
1785211894.6005092,15,261.46875,8247.0
1785211894.6005092,15,327.796875,1980.25
1785211894.6005092,15,329.4375,2005.5
1785211894.6005092,15,331.109375,2013.5
1785211894.6005092,15,332.75,2017.5
1785211894.6005092,15,334.390625,2022.75
1785211894.6005092,15,345.921875,2023.0
1785211894.6005092,15,349.171875,2006.25
1785211894.8260734,15,359.40625,5332.25
1785211894.8260734,15,3.140625,2060.5
1785211894.8260734,15,4.734375,2067.75
1785211894.8260734,15,11.265625,2173.25
1785211894.8260734,15,12.9375,2188.5
1785211894.8260734,13,170.765625,1203.25
1785211894.8260734,15,177.359375,1173.0
1785211894.8260734,15,199.265625,9368.0
1785211894.8260734,15,200.90625,9378.75
1785211894.8260734,15,202.546875,9426.25
1785211894.8260734,15,234.15625,2125.75
1785211894.8260734,15,235.796875,2072.0
1785211894.8260734,15,239.078125,2012.0
1785211894.8260734,15,245.71875,1794.75
1785211894.8260734,15,247.359375,1803.5
1785211894.8260734,15,248.953125,1833.25
1785211894.8260734,15,256.59375,8670.0
1785211894.8260734,15,258.234375,8597.75
1785211894.8260734,15,261.515625,8429.5
1785211894.8260734,15,263.15625,8236.25
1785211894.8260734,15,327.703125,2012.5
1785211894.8260734,15,329.34375,2039.0
1785211894.8260734,15,331.0,2044.25
1785211894.8260734,15,332.609375,2040.5
1785211894.8260734,15,334.234375,2046.75
1785211894.8260734,15,345.703125,2048.25
1785211894.8260734,15,349.046875,2021.75
1785211895.048554,7,355.9375,5128.25
1785211895.048554,8,357.578125,5173.25
1785211895.048554,13,359.21875,5240.75
1785211895.048554,15,2.9375,2062.0
1785211895.048554,15,4.5625,2064.5
1785211895.048554,15,11.0625,2160.25
1785211895.048554,15,12.71875,2170.75
1785211895.048554,14,170.625,1227.0
1785211895.048554,10,172.1875,1212.0
1785211895.048554,15,173.890625,1202.5
1785211895.048554,15,175.53125,1187.5
1785211895.048554,8,177.21875,1177.75
1785211895.048554,15,178.90625,1163.5
1785211895.048554,15,180.4375,1164.25
1785211895.048554,15,183.765625,1177.75
1785211895.048554,15,200.6875,9340.5
1785211895.048554,15,202.3125,9420.75
1785211895.048554,15,203.921875,9520.5
1785211895.048554,15,208.859375,8678.75
1785211895.048554,15,235.5625,2175.0
1785211895.048554,15,237.21875,2113.75
1785211895.048554,15,238.90625,2058.25
1785211895.048554,15,240.546875,2027.0
1785211895.048554,15,247.140625,1826.0
1785211895.048554,15,248.8125,1839.0
1785211895.048554,15,258.03125,8674.25
1785211895.048554,15,259.671875,8559.0
1785211895.048554,15,261.3125,8479.25
1785211895.048554,15,262.953125,8389.0
1785211895.048554,14,264.59375,8312.25
1785211895.048554,15,268.0,4801.0
1785211895.048554,15,327.515625,2033.0
1785211895.048554,15,329.15625,2056.5
1785211895.048554,15,330.796875,2073.25
1785211895.048554,15,332.453125,2069.0
1785211895.048554,15,334.109375,2066.0
1785211895.048554,15,345.640625,2057.75
1785211895.048554,15,348.890625,2035.0
1785211895.2736282,13,357.578125,5093.0
1785211895.2736282,11,359.21875,5122.0
1785211895.2736282,15,2.90625,2061.0
1785211895.2736282,15,4.5625,2065.25
1785211895.2736282,15,11.0625,2159.0
1785211895.2736282,15,12.703125,2170.75
1785211895.2736282,15,177.203125,1177.75
1785211895.2736282,15,178.875,1165.75
1785211895.2736282,15,180.515625,1163.75
1785211895.2736282,15,182.171875,1159.0
1785211895.2736282,15,183.796875,1166.0
1785211895.2736282,15,205.640625,9429.5
1785211895.2736282,15,237.3125,2209.0
1785211895.2736282,15,240.625,2084.5
1785211895.2736282,15,242.25,2051.5
1785211895.2736282,15,248.875,1864.25
1785211895.2736282,15,250.484375,1875.0
1785211895.2736282,15,259.734375,8629.75
1785211895.2736282,15,261.390625,8549.25
1785211895.2736282,15,263.03125,8485.25
1785211895.2736282,12,264.65625,8448.25
1785211895.2736282,15,327.578125,2062.75
1785211895.2736282,15,330.828125,2085.0
1785211895.2736282,15,332.5,2090.25
1785211895.2736282,15,334.140625,2077.75
1785211895.2736282,11,344.0,2058.75
1785211895.2736282,15,345.640625,2054.0
1785211895.2736282,15,348.90625,2045.0
1785211895.4977736,10,357.421875,5065.25
1785211895.4977736,15,359.078125,5079.25
1785211895.4977736,15,2.796875,2061.25
1785211895.4977736,15,4.421875,2069.0
1785211895.4977736,15,9.328125,2112.0
1785211895.4977736,15,10.9375,2150.0
1785211895.4977736,15,12.5625,2161.25
1785211895.4977736,8,176.890625,1199.5
1785211895.4977736,15,178.53125,1177.0
1785211895.4977736,15,181.84375,1168.75
1785211895.4977736,15,183.5,1166.25
1785211895.4977736,15,185.15625,1160.5
1785211895.4977736,15,186.71875,1162.25
1785211895.4977736,15,191.59375,1253.75
1785211895.4977736,15,205.34375,9505.25
1785211895.4977736,15,207.0,9664.0
1785211895.4977736,15,240.3125,2205.75
1785211895.4977736,15,243.609375,2079.0
1785211895.4977736,15,251.859375,1920.25
1785211895.4977736,15,261.125,8677.0
1785211895.4977736,15,262.765625,8586.0
1785211895.4977736,15,264.40625,8526.75
1785211895.4977736,12,312.203125,4478.75
1785211895.4977736,12,317.125,4449.0
1785211895.4977736,15,327.359375,2087.0
1785211895.4977736,15,330.65625,2102.5
1785211895.4977736,15,332.3125,2112.0
1785211895.4977736,15,333.9375,2105.75
1785211895.4977736,15,345.46875,2091.5
1785211895.4977736,15,348.703125,2064.0
1785211895.611975,7,354.859375,5124.25
1785211895.611975,9,356.484375,5132.75
1785211895.611975,8,358.109375,5201.75
1785211895.611975,8,359.765625,5272.5
1785211895.611975,15,3.453125,2062.5
1785211895.611975,15,5.078125,2082.5
1785211895.611975,15,10.015625,2119.25
1785211895.611975,15,11.65625,2156.25
1785211895.611975,15,181.015625,1171.75
1785211895.611975,15,182.59375,1167.25
1785211895.611975,15,184.234375,1166.5
1785211895.611975,15,185.90625,1162.75
1785211895.611975,15,187.5625,1161.0
1785211895.611975,15,189.203125,1170.25
1785211895.611975,15,204.46875,9398.0
1785211895.611975,15,206.125,9464.75
1785211895.611975,8,212.6875,8780.0
1785211895.611975,15,241.015625,2230.0
1785211895.611975,15,244.3125,2098.0
1785211895.611975,15,328.09375,2104.5
1785211895.611975,15,329.703125,2128.0
1785211895.611975,15,331.34375,2129.5
1785211895.611975,15,333.015625,2122.0
1785211895.611975,15,334.65625,2126.75
1785211895.611975,15,349.4375,2063.0
1785211895.8344464,9,359.546875,5039.75
1785211895.8344464,15,3.25,2058.75
1785211895.8344464,15,11.375,2164.0
1785211895.8344464,15,13.015625,2193.75
1785211895.8344464,9,182.265625,1193.0
1785211895.8344464,15,183.984375,1170.0
1785211895.8344464,15,185.640625,1158.25
1785211895.8344464,15,187.1875,1156.5
1785211895.8344464,15,188.90625,1160.25
1785211895.8344464,15,190.515625,1160.75
1785211895.8344464,15,192.109375,1174.0
1785211895.8344464,15,205.828125,9470.25
1785211895.8344464,15,207.46875,9557.5
1785211895.8344464,15,242.359375,2266.0
1785211895.8344464,15,244.046875,2201.25
1785211895.8344464,15,253.9375,1971.5
1785211895.8344464,15,263.25,8676.5
1785211895.8344464,15,327.8125,2120.0
1785211895.8344464,15,331.078125,2132.75
1785211895.8344464,15,332.75,2137.0
1785211895.8344464,15,334.40625,2133.5
1785211895.8344464,15,344.296875,2113.0
1785211895.8344464,15,349.25,2072.5
1785211896.0607476,15,3.0625,2060.0
1785211896.0607476,15,11.15625,2164.75
1785211896.0607476,15,12.8125,2170.5
1785211896.0607476,15,183.890625,1167.0
1785211896.0607476,15,185.53125,1164.75
1785211896.0607476,15,187.140625,1163.5
1785211896.0607476,15,188.828125,1159.75
1785211896.0607476,15,190.453125,1159.25
1785211896.0607476,15,192.03125,1169.5
1785211896.0607476,15,205.71875,9438.0
1785211896.0607476,15,207.34375,9464.5
1785211896.0607476,15,242.28125,2265.25
1785211896.0607476,15,255.453125,1976.75
1785211896.0607476,15,263.109375,8674.75
1785211896.0607476,12,271.34375,7487.5
1785211896.0607476,12,272.96875,7517.75
1785211896.0607476,15,327.75,2119.5
1785211896.0607476,15,331.03125,2130.25
1785211896.0607476,15,332.625,2135.5
1785211896.0607476,15,334.296875,2135.0
1785211896.0607476,15,344.15625,2117.75
1785211896.0607476,15,349.09375,2076.0
1785211896.1712897,15,0.609375,2083.75
1785211896.1712897,15,2.25,2083.5
1785211896.1712897,15,3.875,2056.5
1785211896.1712897,15,10.453125,2160.5
1785211896.1712897,15,12.0,2161.5
1785211896.1712897,15,179.921875,1225.25
1785211896.1712897,15,186.546875,1158.75
1785211896.1712897,15,188.109375,1156.25
1785211896.1712897,15,189.78125,1156.25
1785211896.1712897,15,205.125,9414.5
1785211896.1712897,15,206.765625,9470.0
1785211896.1712897,15,208.40625,9546.25
1785211896.1712897,15,213.328125,8779.75
1785211896.1712897,15,241.671875,2284.5
1785211896.1712897,15,245.015625,2154.0
1785211896.1712897,15,246.65625,2155.0
1785211896.1712897,15,253.21875,1958.25
1785211896.1712897,15,254.859375,1983.0
1785211896.1712897,15,256.515625,2020.0
1785211896.1712897,15,262.515625,8696.5
1785211896.1712897,15,264.15625,8618.75
1785211896.1712897,15,265.78125,8542.75
1785211896.1712897,15,272.375,7474.25
1785211896.1712897,15,330.515625,2162.5
1785211896.1712897,15,332.140625,2136.75
1785211896.1712897,15,333.8125,2134.75
1785211896.1712897,15,348.578125,2065.75
1785211896.398642,15,3.0,2058.0
1785211896.398642,15,4.65625,2075.0
1785211896.398642,15,9.578125,2117.0
1785211896.398642,15,11.1875,2156.75
1785211896.398642,15,12.828125,2178.0
1785211896.398642,10,182.421875,1195.5
1785211896.398642,14,184.078125,1176.25
1785211896.398642,15,185.75,1162.0
1785211896.398642,15,187.390625,1154.75
1785211896.398642,15,189.09375,1158.0
1785211896.398642,15,190.734375,1165.75
1785211896.398642,15,193.984375,1182.25
1785211896.398642,15,242.609375,2253.75
1785211896.398642,15,247.578125,2059.0
1785211896.398642,15,254.1875,1960.75
1785211896.398642,15,263.421875,8658.0
1785211896.398642,15,265.09375,8572.25
1785211896.398642,13,266.71875,8526.5
1785211896.398642,15,271.765625,4915.25
1785211896.398642,15,273.390625,4913.25
1785211896.398642,7,306.28125,4839.0
1785211896.398642,8,309.5625,4751.75
1785211896.398642,15,328.046875,2118.75
1785211896.398642,15,331.296875,2136.0
1785211896.398642,15,332.984375,2133.25
1785211896.398642,15,334.59375,2129.5
1785211896.398642,15,349.46875,2067.5
1785211896.6212835,15,3.75,2060.0
1785211896.6212835,15,11.90625,2173.0
1785211896.6212835,15,173.71875,10731.75
1785211896.6212835,15,183.046875,1190.25
1785211896.6212835,15,184.625,1167.5
1785211896.6212835,15,186.34375,1162.75
1785211896.6212835,15,187.953125,1163.5
1785211896.6212835,15,189.5625,1153.25
1785211896.6212835,15,191.1875,1164.0
1785211896.6212835,15,204.90625,9431.25
1785211896.6212835,15,206.546875,9459.25
1785211896.6212835,15,208.1875,9549.5
1785211896.6212835,15,241.46875,2290.5
1785211896.6212835,15,243.15625,2237.5
1785211896.6212835,15,246.4375,2160.75
1785211896.6212835,15,251.4375,1972.25
1785211896.6212835,15,253.09375,1949.25
1785211896.6212835,15,254.71875,1973.0
1785211896.6212835,15,256.328125,2020.5
1785211896.6212835,15,262.359375,8703.5
1785211896.6212835,15,264.015625,8616.75
1785211896.6212835,15,265.65625,8543.25
1785211896.6212835,15,272.25,7463.5
1785211896.6212835,15,330.21875,2160.5
1785211896.6212835,15,331.890625,2132.25
1785211896.6212835,15,333.484375,2132.5
1785211896.6212835,15,348.296875,2077.25
1785211896.846443,15,0.828125,2069.0
1785211896.846443,15,2.46875,2066.75
1785211896.846443,15,4.125,2064.5
1785211896.846443,15,9.0625,2108.5
1785211896.846443,15,10.671875,2154.0
1785211896.846443,15,12.25,2164.25
1785211896.846443,15,180.09375,1214.0
1785211896.846443,15,181.671875,1199.25
1785211896.846443,15,184.984375,1180.5
1785211896.846443,15,186.703125,1160.5
1785211896.846443,15,188.328125,1154.75
1785211896.846443,15,189.9375,1151.5
1785211896.846443,15,206.890625,9451.0
1785211896.846443,15,208.53125,9572.0
1785211896.846443,15,213.46875,8746.25
1785211896.846443,15,241.828125,2277.25
1785211896.846443,15,262.703125,8745.5
1785211896.846443,15,264.34375,8623.0
1785211896.846443,15,265.984375,8549.25
1785211896.846443,15,332.3125,2126.25
1785211896.846443,15,333.984375,2134.25
1785211896.846443,15,345.53125,2112.5
1785211896.846443,15,348.8125,2074.25
1785211897.0687895,15,3.28125,2058.75
1785211897.0687895,15,4.875,2078.25
1785211897.0687895,15,9.8125,2120.5
1785211897.0687895,15,11.4375,2162.25
1785211897.0687895,15,13.03125,2191.5
1785211897.0687895,12,180.90625,1203.25
1785211897.0687895,15,184.234375,1187.25
1785211897.0687895,15,185.9375,1163.5
1785211897.0687895,15,187.5625,1158.5
1785211897.0687895,14,189.15625,1157.25
1785211897.0687895,15,190.859375,1160.5
1785211897.0687895,15,195.625,1243.5
1785211897.0687895,15,206.171875,9485.25
1785211897.0687895,15,207.8125,9546.25
1785211897.0687895,15,241.140625,2295.5
1785211897.0687895,15,242.796875,2243.25
1785211897.0687895,15,246.0625,2134.75
1785211897.0687895,15,252.734375,1953.5
1785211897.0687895,15,254.3125,1975.0
1785211897.0687895,15,255.96875,2007.75
1785211897.0687895,15,260.328125,8859.25
1785211897.0687895,15,261.96875,8714.5
1785211897.0687895,15,263.59375,8634.5
1785211897.0687895,15,265.25,8574.5
1785211897.0687895,7,266.890625,8540.25
1785211897.0687895,11,271.921875,4984.25
1785211897.0687895,15,276.859375,4922.75
1785211897.0687895,15,328.296875,2117.5
1785211897.0687895,15,331.578125,2131.75
1785211897.0687895,15,333.234375,2138.0
1785211897.0687895,15,334.875,2146.75
1785211897.0687895,15,349.703125,2069.75
1785211897.2951257,15,2.40625,2073.75
1785211897.2951257,15,4.0625,2065.75
1785211897.2951257,15,8.9375,2108.0
1785211897.2951257,15,10.59375,2148.25
1785211897.2951257,15,12.21875,2159.25
1785211897.2951257,11,181.828125,1208.75
1785211897.2951257,15,185.109375,1178.5
1785211897.2951257,13,186.828125,1159.75
1785211897.2951257,15,188.375,1156.0
1785211897.2951257,15,190.125,1156.5
1785211897.2951257,15,206.96875,9491.75
1785211897.2951257,15,208.609375,9628.5
1785211897.2951257,15,213.546875,8743.5
1785211897.2951257,15,241.859375,2276.25
1785211897.2951257,15,245.1875,2150.75
1785211897.2951257,15,262.765625,8724.0
1785211897.2951257,15,264.390625,8623.5
1785211897.2951257,15,266.046875,8555.5
1785211897.2951257,15,332.359375,2127.5
1785211897.2951257,15,333.96875,2133.75
1785211897.2951257,15,345.53125,2113.25
1785211897.2951257,15,348.828125,2074.0
1785211897.5187013,15,2.96875,2059.0
1785211897.5187013,15,4.609375,2072.75
1785211897.5187013,15,9.484375,2115.75
1785211897.5187013,15,11.0625,2156.25
1785211897.5187013,15,12.71875,2170.0
1785211897.5187013,15,182.140625,1195.0
1785211897.5187013,15,183.78125,1169.5
1785211897.5187013,15,185.390625,1162.5
1785211897.5187013,15,187.0625,1161.25
1785211897.5187013,15,188.734375,1158.0
1785211897.5187013,15,190.359375,1157.25
1785211897.5187013,15,191.984375,1168.5
1785211897.5187013,15,205.5625,9504.75
1785211897.5187013,15,207.21875,9569.25
1785211897.5187013,15,242.09375,2266.75
1785211897.5187013,15,245.40625,2135.75
1785211897.5187013,15,255.28125,1977.0
1785211897.5187013,15,262.921875,8676.0
1785211897.5187013,11,272.78125,7433.25
1785211897.5187013,15,330.6875,2171.0
1785211897.5187013,15,332.3125,2137.5
1785211897.5187013,15,334.0,2134.75
1785211897.5187013,15,345.53125,2114.5
1785211897.5187013,15,348.796875,2075.0
1785211897.633139,7,359.859375,4882.25
1785211897.633139,15,3.53125,2052.5
1785211897.633139,15,11.6875,2158.0
1785211897.633139,15,184.28125,1185.75
1785211897.633139,15,185.96875,1167.75
1785211897.633139,15,187.65625,1162.25
1785211897.633139,15,189.28125,1155.75
1785211897.633139,15,190.84375,1162.0
1785211897.633139,15,206.203125,9499.75
1785211897.633139,15,207.84375,9593.5
1785211897.633139,15,241.109375,2296.0
1785211897.633139,15,242.78125,2242.25
1785211897.633139,15,246.09375,2134.5
1785211897.633139,15,252.671875,1954.0
1785211897.633139,15,254.28125,1975.5
1785211897.633139,15,261.9375,8715.0
1785211897.633139,15,263.5625,8642.0
1785211897.633139,15,265.203125,8577.5
1785211897.633139,11,271.890625,4959.5
1785211897.633139,15,276.75,4921.75
1785211897.633139,15,328.078125,2117.75
1785211897.633139,15,331.375,2134.5
1785211897.633139,15,333.03125,2133.5
1785211897.633139,15,334.65625,2131.25
1785211897.633139,15,344.515625,2109.5
1785211897.633139,15,349.421875,2067.5
1785211897.8558602,10,359.75,5016.5
1785211897.8558602,15,3.421875,2060.75
1785211897.8558602,15,11.546875,2158.25
1785211897.8558602,15,181.0625,1198.5
1785211897.8558602,15,182.75,1170.5
1785211897.8558602,15,184.40625,1163.25
1785211897.8558602,15,185.984375,1166.75
1785211897.8558602,15,187.703125,1163.25
1785211897.8558602,15,189.390625,1156.25
1785211897.8558602,15,190.9375,1161.25
1785211897.8558602,15,206.25,9439.5
1785211897.8558602,15,207.890625,9481.5
1785211897.8558602,15,241.140625,2294.75
1785211897.8558602,15,242.765625,2241.0
1785211897.8558602,15,246.0625,2114.0
1785211897.8558602,15,254.328125,1958.25
1785211897.8558602,12,263.625,8593.75
1785211897.8558602,15,271.9375,4964.0
1785211897.8558602,11,273.578125,4943.5
1785211897.8558602,9,308.125,4869.75
1785211897.8558602,15,328.28125,2108.5
1785211897.8558602,15,331.53125,2122.75
1785211897.8558602,15,333.234375,2136.25
1785211897.8558602,15,334.859375,2133.0
1785211897.8558602,15,344.734375,2108.5
1785211897.8558602,12,346.390625,2097.5
1785211897.8558602,15,349.640625,2087.0
1785211897.9695897,14,359.078125,5057.25
1785211897.9695897,15,2.8125,2083.0
1785211897.9695897,15,4.40625,2054.25
1785211897.9695897,15,10.96875,2163.25
1785211897.9695897,15,12.640625,2162.5
1785211897.9695897,15,183.8125,1183.75
1785211897.9695897,15,185.40625,1165.5
1785211897.9695897,15,187.125,1156.5
1785211897.9695897,15,188.78125,1148.0
1785211897.9695897,15,190.375,1153.25
1785211897.9695897,15,195.234375,1245.75
1785211897.9695897,15,208.953125,9537.75
1785211897.9695897,15,213.890625,8738.0
1785211897.9695897,15,242.1875,2257.0
1785211897.9695897,15,243.859375,2192.25
1785211897.9695897,15,245.515625,2133.0
1785211897.9695897,15,255.4375,1946.75
1785211897.9695897,15,257.03125,1996.25
1785211897.9695897,15,271.265625,7430.0
1785211897.9695897,15,329.453125,2105.0
1785211897.9695897,15,332.6875,2110.25
1785211897.9695897,15,334.34375,2121.75
1785211897.9695897,15,336.0,2122.0
1785211897.9695897,15,345.890625,2108.25
1785211898.1922321,15,352.21875,2062.75
1785211898.1922321,12,1.671875,5081.0
1785211898.1922321,15,5.375,2079.5
1785211898.1922321,15,7.046875,2078.0
1785211898.1922321,15,11.890625,2121.75
1785211898.1922321,15,13.515625,2179.75
1785211898.1922321,15,183.0625,1151.75
1785211898.1922321,15,184.65625,1150.25
1785211898.1922321,15,186.28125,1151.75
1785211898.1922321,15,187.984375,1138.5
1785211898.1922321,15,189.53125,1141.5
1785211898.1922321,15,194.421875,1232.5
1785211898.1922321,15,206.46875,9366.5
1785211898.1922321,15,208.09375,9456.75
1785211898.1922321,15,209.734375,9489.75
1785211898.1922321,15,243.015625,2201.75
1785211898.1922321,15,246.375,2077.5
1785211898.1922321,15,253.0,1906.25
1785211898.1922321,15,254.65625,1892.75
1785211898.1922321,15,256.28125,1913.25
1785211898.1922321,15,257.921875,1947.5
1785211898.1922321,15,262.25,8768.25
1785211898.1922321,15,263.90625,8651.5
1785211898.1922321,15,265.546875,8566.0
1785211898.1922321,15,267.1875,8511.75
1785211898.1922321,15,268.84375,8420.0
1785211898.1922321,15,270.484375,8308.0
1785211898.1922321,15,273.875,4898.5
1785211898.1922321,15,278.75,4846.25
1785211898.1922321,13,314.90625,4481.0
1785211898.1922321,15,331.796875,2081.0
1785211898.1922321,15,335.078125,2101.25
1785211898.1922321,15,336.703125,2111.0
1785211898.1922321,15,338.34375,2111.75
1785211898.1922321,15,348.265625,2097.75
1785211898.1922321,12,349.84375,2097.75
1785211898.418497,15,354.03125,2071.25
1785211898.418497,13,1.828125,5114.0
1785211898.418497,8,3.46875,5140.0
1785211898.418497,9,5.109375,5178.0
1785211898.418497,15,8.828125,2081.25
1785211898.418497,15,10.421875,2097.5
1785211898.418497,15,183.109375,1147.25
1785211898.418497,15,184.765625,1137.5
1785211898.418497,15,186.359375,1135.5
1785211898.418497,15,188.0,1136.75
1785211898.418497,15,189.640625,1144.25
1785211898.418497,15,208.171875,9346.25
1785211898.418497,15,243.0625,2179.75
1785211898.418497,15,244.75,2124.75
1785211898.418497,15,246.421875,2074.25
1785211898.418497,15,248.046875,2048.5
1785211898.418497,15,256.265625,1853.25
1785211898.418497,15,265.46875,8648.5
1785211898.418497,15,267.125,8554.25
1785211898.418497,15,268.75,8441.75
1785211898.418497,15,270.390625,8336.25
1785211898.418497,15,333.328125,2073.5
1785211898.418497,15,336.65625,2077.0
1785211898.418497,15,338.296875,2091.75
1785211898.418497,15,339.9375,2089.75
1785211898.529841,15,351.390625,2076.25
1785211898.529841,15,354.65625,2070.5
1785211898.529841,15,356.328125,2077.25
1785211898.529841,11,2.453125,5135.25
1785211898.529841,10,4.09375,5170.25
1785211898.529841,8,5.734375,5249.5
1785211898.529841,15,9.453125,2085.25
1785211898.529841,15,10.96875,2106.75
1785211898.529841,15,183.59375,1144.75
1785211898.529841,15,185.203125,1132.25
1785211898.529841,15,186.875,1121.5
1785211898.529841,15,208.625,9347.5
1785211898.529841,15,243.515625,2151.25
1785211898.529841,15,245.125,2093.5
1785211898.529841,15,246.796875,2040.75
1785211898.529841,15,248.421875,2013.5
1785211898.529841,15,256.65625,1833.0
1785211898.529841,15,265.890625,8558.0
1785211898.529841,15,267.53125,8487.25
1785211898.529841,15,269.171875,8384.75
1785211898.529841,15,270.796875,8286.5
1785211898.529841,15,316.9375,4475.5
1785211898.529841,15,335.359375,2066.0
1785211898.529841,15,337.03125,2085.25
1785211898.529841,15,338.65625,2096.75
1785211898.529841,15,340.3125,2091.0
1785211898.529841,15,341.953125,2094.5
1785211898.8679764,15,353.671875,2075.5
1785211898.8679764,15,358.609375,2060.0
1785211898.8679764,15,11.671875,2117.75
1785211898.8679764,15,13.34375,2111.75
1785211898.8679764,15,180.84375,1145.25
1785211898.8679764,15,182.515625,1140.0
1785211898.8679764,15,184.21875,1127.5
1785211898.8679764,15,185.84375,1119.25
1785211898.8679764,15,210.921875,9388.25
1785211898.8679764,15,212.578125,9453.5
1785211898.8679764,15,244.234375,2101.25
1785211898.8679764,15,245.859375,2050.75
1785211898.8679764,15,259.140625,1776.0
1785211898.8679764,9,319.359375,4646.5
1785211898.8679764,15,337.828125,2058.25
1785211898.8679764,15,341.140625,2072.75
1785211898.8679764,15,342.78125,2077.25
1785211898.8679764,15,344.390625,2075.5
1785211898.9789093,15,355.90625,2071.25
1785211898.9789093,15,359.203125,2073.5
1785211898.9789093,9,6.984375,5496.0
1785211898.9789093,9,8.609375,5561.25
1785211898.9789093,12,10.25,5608.75
1785211898.9789093,15,176.640625,1188.25
1785211898.9789093,11,178.390625,1161.25
1785211898.9789093,15,180.03125,1144.0
1785211898.9789093,15,181.609375,1132.0
1785211898.9789093,15,183.34375,1119.75
1785211898.9789093,15,184.921875,1111.25
1785211898.9789093,15,186.546875,1121.5
1785211898.9789093,15,189.796875,1143.0
1785211898.9789093,15,210.046875,9327.0
1785211898.9789093,15,211.671875,9348.75
1785211898.9789093,15,213.3125,9395.75
1785211898.9789093,15,218.25,8669.75
1785211898.9789093,15,245.0625,2068.25
1785211898.9789093,15,246.6875,2015.75
1785211898.9789093,15,248.34375,1957.5
1785211898.9789093,15,250.046875,1930.0
1785211898.9789093,9,272.46875,7457.5
1785211898.9789093,8,284.03125,4709.0
1785211898.9789093,15,337.078125,2090.75
1785211898.9789093,15,338.703125,2121.25
1785211898.9789093,15,343.671875,2072.75
1785211898.9789093,15,345.3125,2074.0
1785211899.3185353,15,358.921875,2067.25
1785211899.3185353,15,3.84375,2063.5
1785211899.3185353,11,10.0,5495.25
1785211899.3185353,9,11.578125,5572.0
1785211899.3185353,15,179.90625,1127.75
1785211899.3185353,15,181.484375,1123.0
1785211899.3185353,15,183.15625,1107.0
1785211899.3185353,15,184.765625,1102.25
1785211899.3185353,15,208.3125,10167.5
1785211899.3185353,15,211.625,9348.5
1785211899.3185353,15,248.265625,1934.5
1785211899.3185353,15,249.9375,1880.25
1785211899.3185353,15,251.53125,1881.75
1785211899.3185353,15,258.1875,1674.75
1785211899.3185353,15,341.890625,2037.5
1785211899.3185353,15,345.171875,2058.25
1785211899.3185353,15,346.84375,2070.0
1785211899.3185353,15,348.5,2065.25
1785211899.4274132,15,359.984375,2064.5
1785211899.4274132,15,4.9375,2067.5
1785211899.4274132,15,179.28125,1132.25
1785211899.4274132,14,180.9375,1126.75
1785211899.4274132,15,182.65625,1107.75
1785211899.4274132,15,184.21875,1101.25
1785211899.4274132,8,207.71875,10020.25
1785211899.4274132,15,211.015625,9237.0
1785211899.4274132,15,212.671875,9301.5
1785211899.4274132,15,214.296875,9328.25
1785211899.4274132,15,245.96875,2009.75
1785211899.4274132,15,249.265625,1893.0
1785211899.4274132,10,252.5625,1782.25
1785211899.4274132,15,259.21875,1656.5
1785211899.4274132,15,260.796875,1672.75
1785211899.4274132,15,262.453125,1705.25
1785211899.4274132,15,264.046875,1743.75
1785211899.4274132,7,274.890625,7317.0
1785211899.4274132,9,286.453125,4673.25
1785211899.4274132,15,342.71875,2008.75
1785211899.4274132,15,346.03125,2035.5
1785211899.4274132,15,347.65625,2061.75
1785211899.4274132,15,349.3125,2061.75
1785211899.6529372,15,351.640625,2066.5
1785211899.6529372,14,1.5,2078.75
1785211899.6529372,15,6.453125,2080.5
1785211899.6529372,15,174.015625,1190.25
1785211899.6529372,15,182.4375,1098.5
1785211899.6529372,9,204.15625,9988.5
1785211899.6529372,9,205.796875,9982.5
1785211899.6529372,15,209.046875,10096.5
1785211899.6529372,15,215.640625,9314.0
1785211899.6529372,15,247.34375,1947.5
1785211899.6529372,15,249.015625,1889.0
1785211899.6529372,15,250.625,1833.0
1785211899.6529372,15,252.328125,1802.25
1785211899.6529372,15,262.21875,1633.75
1785211899.6529372,15,281.296875,4586.0
1785211899.6529372,14,324.078125,4345.75
1785211899.6529372,15,344.203125,2007.25
1785211899.6529372,15,349.109375,2061.5
1785211899.878953,15,351.5625,2048.25
1785211899.878953,15,353.234375,2052.0
1785211899.878953,15,4.6875,2061.0
1785211899.878953,15,8.0,2090.75
1785211899.878953,12,177.46875,1125.0
1785211899.878953,15,180.734375,1103.0
1785211899.878953,15,182.359375,1094.25
1785211899.878953,15,184.046875,1111.25
1785211899.878953,10,209.09375,9939.25
1785211899.878953,15,212.390625,9243.0
1785211899.878953,15,214.03125,9309.75
1785211899.878953,15,215.65625,9307.75
1785211899.878953,15,247.453125,1921.75
1785211899.878953,15,249.140625,1873.5
1785211899.878953,15,260.796875,1575.0
1785211899.878953,12,265.609375,1650.75
1785211899.878953,15,347.671875,1997.25
1785211900.1019616,15,351.984375,2035.5
1785211900.1019616,15,353.65625,2036.75
1785211900.1019616,15,355.265625,2051.75
1785211900.1019616,15,6.75,2070.25
1785211900.1019616,9,10.0,2106.25
1785211900.1019616,15,11.65625,2117.75
1785211900.1019616,15,176.140625,1147.0
1785211900.1019616,15,181.109375,1088.25
1785211900.1019616,15,182.6875,1105.25
1785211900.1019616,8,207.828125,9955.25
1785211900.1019616,9,209.46875,9933.0
1785211900.1019616,15,211.125,10043.0
1785211900.1019616,15,214.40625,9225.25
1785211900.1019616,15,216.046875,9230.5
1785211900.1019616,15,217.6875,9251.75
1785211900.1019616,15,222.640625,8567.5
1785211900.1019616,7,227.5,10102.5
1785211900.1019616,15,247.796875,1891.25
1785211900.1019616,15,249.5,1840.25
1785211900.1019616,15,251.203125,1786.5
1785211900.1019616,15,264.375,1548.0
1785211900.1019616,15,327.921875,4299.75
1785211900.1019616,15,349.65625,2001.0
1785211900.3289056,15,352.1875,2004.0
1785211900.3289056,15,353.859375,2030.25
1785211900.3289056,15,355.453125,2046.25
1785211900.3289056,15,357.125,2052.25
1785211900.3289056,15,358.78125,2062.25
1785211900.3289056,15,174.734375,1132.25
1785211900.3289056,15,176.375,1115.0
1785211900.3289056,15,179.6875,1097.0
1785211900.3289056,15,181.328125,1092.5
1785211900.3289056,15,190.875,1360.25
1785211900.3289056,9,206.390625,9960.75
1785211900.3289056,15,214.59375,9217.25
1785211900.3289056,15,216.25,9227.75
1785211900.3289056,15,217.875,9235.75
1785211900.3289056,15,222.828125,8517.5
1785211900.3289056,15,249.625,1823.5
1785211900.3289056,15,253.0,1713.25
1785211900.3289056,15,254.5625,1708.5
1785211900.3289056,15,262.90625,1492.75
1785211900.3289056,15,266.171875,1517.0
1785211900.3289056,7,329.703125,4455.25
1785211900.6651158,15,354.734375,1994.0
1785211900.6651158,15,358.03125,2025.5
1785211900.6651158,15,359.640625,2050.25
1785211900.6651158,15,1.296875,2060.0
1785211900.6651158,10,12.703125,2098.25
1785211900.6651158,8,207.3125,9952.25
1785211900.6651158,8,210.59375,9977.0
1785211900.6651158,8,212.21875,9954.5
1785211900.6651158,15,215.515625,9193.25
1785211900.6651158,13,217.140625,9229.25
1785211900.6651158,15,218.78125,9243.75
1785211900.6651158,7,227.015625,9930.0
1785211900.6651158,15,250.65625,1764.5
1785211900.6651158,15,255.625,1645.75
1785211900.6651158,15,262.375,1444.75
1785211900.6651158,15,263.96875,1427.75
1785211900.6651158,15,268.84375,1489.75
1785211900.6651158,10,338.953125,4168.5
1785211900.8880348,15,356.75,1995.5
1785211900.8880348,15,0.046875,2022.75
1785211900.8880348,15,1.671875,2048.75
1785211900.8880348,15,3.3125,2062.25
1785211900.8880348,15,171.078125,1164.0
1785211900.8880348,15,172.8125,1135.75
1785211900.8880348,15,174.421875,1108.0
1785211900.8880348,15,176.15625,1088.0
1785211900.8880348,15,177.703125,1087.5
1785211900.8880348,15,179.421875,1092.75
1785211900.8880348,10,206.109375,10007.25
1785211900.8880348,8,212.671875,9957.75
1785211900.8880348,15,214.3125,9989.0
1785211900.8880348,15,217.609375,9215.75
1785211900.8880348,9,219.265625,9098.25
1785211900.8880348,15,220.890625,9109.0
1785211900.8880348,15,225.84375,8502.0
1785211900.8880348,15,252.75,1677.5
1785211900.8880348,15,254.390625,1629.5
1785211900.8880348,15,265.96875,1394.75
1785211900.8880348,15,267.671875,1414.5
1785211900.8880348,15,269.296875,1436.25
1785211900.8880348,15,270.84375,1470.5
1785211900.8880348,15,288.21875,4397.5
1785211900.8880348,15,293.125,4390.0
1785211900.8880348,15,294.75,4359.5
1785211900.8880348,14,332.734375,4279.5
1785211901.1153507,15,358.84375,1984.75
1785211901.1153507,15,2.09375,2019.75
1785211901.1153507,15,3.765625,2052.5
1785211901.1153507,15,5.40625,2070.25
1785211901.1153507,10,171.546875,1151.5
1785211901.1153507,15,174.859375,1093.0
1785211901.1153507,15,176.5625,1084.25
1785211901.1153507,15,178.203125,1085.0
1785211901.1153507,8,211.484375,9878.0
1785211901.1153507,15,214.78125,9958.75
1785211901.1153507,15,219.71875,9196.25
1785211901.1153507,15,221.34375,9230.5
1785211901.1153507,15,226.265625,8495.0
1785211901.1153507,15,251.515625,1700.0
1785211901.1153507,15,256.53125,1547.5
1785211901.1153507,15,266.484375,1349.75
1785211901.1153507,15,269.796875,1371.0
1785211901.1153507,15,271.359375,1407.5
1785211901.1153507,15,293.578125,4331.75
1785211901.1153507,15,295.21875,4301.0
1785211901.1153507,15,334.703125,4246.75
1785211901.3374126,15,0.546875,1987.75
1785211901.3374126,15,3.796875,2067.0
1785211901.3374126,15,5.4375,2067.5
1785211901.3374126,15,7.078125,2076.75
1785211901.3374126,15,171.53125,1126.5
1785211901.3374126,15,173.1875,1102.5
1785211901.3374126,15,174.828125,1086.5
1785211901.3374126,8,204.71875,9899.5
1785211901.3374126,9,211.265625,9875.0
1785211901.3374126,10,214.53125,9857.0
1785211901.3374126,15,216.171875,9844.75
1785211901.3374126,15,219.46875,9194.75
1785211901.3374126,15,222.734375,9234.5
1785211901.3374126,13,227.6875,8471.5
1785211901.3374126,10,230.953125,9967.25
1785211901.3374126,9,232.578125,10029.0
1785211901.3374126,15,253.03125,1645.0
1785211901.3374126,15,256.375,1542.25
1785211901.3374126,15,268.03125,1308.25
1785211901.3374126,15,272.859375,1381.5
1785211901.3374126,8,336.265625,3916.5
1785211901.3374126,13,339.546875,3924.25
1785211901.5632534,15,1.359375,1989.0
1785211901.5632534,15,6.25,2056.25
1785211901.5632534,15,7.890625,2072.5
1785211901.5632534,15,172.125,1121.0
1785211901.5632534,15,173.765625,1097.0
1785211901.5632534,15,175.453125,1086.0
1785211901.5632534,15,181.90625,1089.5
1785211901.5632534,8,203.703125,9940.5
1785211901.5632534,7,205.328125,9881.0
1785211901.5632534,7,206.96875,9887.25
1785211901.5632534,8,208.609375,9887.25
1785211901.5632534,9,210.25,9905.5
1785211901.5632534,15,218.453125,9154.0
1785211901.5632534,15,220.09375,9188.25
1785211901.5632534,15,221.734375,9230.5
1785211901.5632534,8,228.265625,9930.75
1785211901.5632534,15,251.890625,1680.0
1785211901.5632534,15,253.578125,1634.0
1785211901.5632534,15,265.234375,1326.0
1785211901.5632534,15,266.859375,1308.0
1785211901.5632534,15,271.75,1364.0
1785211901.5632534,15,290.578125,4288.75
1785211901.5632534,15,293.859375,4295.5
1785211901.5632534,15,295.484375,4304.25
1785211901.5632534,14,340.078125,3982.75
1785211901.7892401,15,2.34375,1999.0
1785211901.7892401,15,4.046875,2032.75
1785211901.7892401,15,5.640625,2055.75
1785211901.7892401,15,7.28125,2069.75
1785211901.7892401,15,8.921875,2093.5
1785211901.7892401,15,171.71875,1129.75
1785211901.7892401,15,173.421875,1102.75
1785211901.7892401,15,175.109375,1086.5
1785211901.7892401,7,213.265625,9939.75
1785211901.7892401,8,214.90625,9887.75
1785211901.7892401,15,218.1875,9278.25
1785211901.7892401,15,219.828125,9158.0
1785211901.7892401,15,221.484375,9188.75
1785211901.7892401,10,231.265625,10052.25
1785211901.7892401,8,232.90625,10160.25
1785211901.7892401,10,234.546875,10227.25
1785211901.7892401,10,236.171875,10179.0
1785211901.7892401,15,253.359375,1645.75
1785211901.7892401,15,256.640625,1539.5
1785211901.7892401,15,258.328125,1528.0
1785211901.7892401,15,266.671875,1327.5
1785211901.7892401,15,268.3125,1318.75
1785211901.7892401,15,269.90625,1340.75
1785211901.7892401,15,271.515625,1360.25
1785211901.7892401,13,292.125,4358.0
1785211901.7892401,15,293.78125,4330.5
1785211901.7892401,6,295.390625,4298.25
1785211901.7892401,15,339.921875,3990.25
1785211902.125521,15,2.640625,1992.75
1785211902.125521,15,4.265625,2030.25
1785211902.125521,15,5.921875,2060.75
1785211902.125521,15,7.609375,2071.25
1785211902.125521,15,170.640625,1154.75
1785211902.125521,15,172.296875,1120.0
1785211902.125521,15,173.953125,1094.75
1785211902.125521,15,175.578125,1085.25
1785211902.125521,15,182.109375,1091.75
1785211902.125521,8,210.484375,9927.25
1785211902.125521,15,218.6875,9208.0
1785211902.125521,15,220.328125,9204.25
1785211902.125521,15,221.96875,9178.25
1785211902.125521,15,226.90625,8352.25
1785211902.125521,15,252.234375,1673.25
1785211902.125521,15,253.875,1629.0
1785211902.125521,15,257.265625,1522.0
1785211902.125521,15,258.90625,1520.0
1785211902.125521,15,267.21875,1315.5
1785211902.125521,15,272.078125,1369.5
1785211902.125521,15,292.609375,4318.5
1785211902.125521,12,294.265625,4292.25
1785211902.125521,14,297.546875,4280.5
1785211902.125521,10,312.4375,4222.75
1785211902.348549,15,1.765625,1987.75
1785211902.348549,15,6.640625,2058.5
1785211902.348549,15,8.296875,2073.0
1785211902.348549,15,171.125,1139.75
1785211902.348549,15,174.53125,1088.25
1785211902.348549,15,176.09375,1088.5
1785211902.348549,15,177.8125,1092.25
1785211902.348549,10,206.125,9943.25
1785211902.348549,9,207.765625,9931.75
1785211902.348549,9,211.046875,9897.0
1785211902.348549,9,214.34375,9884.0
1785211902.348549,15,215.984375,9916.25
1785211902.348549,15,219.28125,9202.5
1785211902.348549,9,220.921875,9116.0
1785211902.348549,15,222.5625,9114.5
1785211902.348549,15,227.484375,8436.25
1785211902.348549,8,232.390625,9976.25
1785211902.348549,15,252.84375,1659.0
1785211902.348549,15,267.796875,1317.0
1785211902.348549,15,272.640625,1380.0
1785211902.348549,7,291.53125,4359.75
1785211902.348549,15,293.171875,4325.5
1785211902.348549,11,294.828125,4281.5
1785211902.348549,9,339.359375,3948.25
1785211902.5750866,15,1.921875,1990.75
1785211902.5750866,15,6.8125,2070.0
1785211902.5750866,15,8.4375,2084.0
1785211902.5750866,15,171.21875,1139.0
1785211902.5750866,15,174.578125,1086.75
1785211902.5750866,15,176.21875,1089.75
1785211902.5750866,15,177.84375,1097.25
1785211902.5750866,7,207.90625,9907.25
1785211902.5750866,8,212.828125,9858.0
1785211902.5750866,11,214.46875,9838.75
1785211902.5750866,15,216.109375,9908.75
1785211902.5750866,15,219.40625,9194.25
1785211902.5750866,15,221.046875,9213.5
1785211902.5750866,15,222.6875,9201.0
1785211902.5750866,15,227.578125,8441.25
1785211902.5750866,15,252.875,1658.5
1785211902.5750866,15,267.90625,1312.5
1785211902.5750866,15,272.75,1380.25
1785211902.5750866,12,291.734375,4394.75
1785211902.5750866,15,293.375,4317.5
1785211902.5750866,9,295.015625,4276.0
1785211902.5750866,15,339.546875,4016.75
1785211902.7978308,15,2.359375,1988.5
1785211902.7978308,15,7.265625,2072.0
1785211902.7978308,15,8.90625,2087.25
1785211902.7978308,15,171.796875,1129.5
1785211902.7978308,15,173.453125,1102.5
1785211902.7978308,15,175.109375,1086.5
1785211902.7978308,8,206.71875,9993.25
1785211902.7978308,9,208.359375,9930.5
1785211902.7978308,8,213.28125,9879.25
1785211902.7978308,8,214.921875,9877.0
1785211902.7978308,15,218.203125,9274.5
1785211902.7978308,15,219.84375,9192.0
1785211902.7978308,15,221.484375,9218.25
1785211902.7978308,11,231.296875,10035.0
1785211902.7978308,15,251.75,1690.25
1785211902.7978308,15,253.453125,1641.75
1785211902.7978308,15,256.75,1538.25
1785211902.7978308,15,258.4375,1533.75
1785211902.7978308,15,266.796875,1327.0
1785211902.7978308,15,268.40625,1322.75
1785211902.7978308,15,270.09375,1346.0
1785211902.7978308,15,271.6875,1362.0
1785211902.7978308,15,293.84375,4347.0
1785211902.7978308,11,338.40625,4044.25
1785211902.7978308,12,340.046875,3980.75
1785211903.0233185,15,1.5625,1988.75
1785211903.0233185,15,6.4375,2062.5
1785211903.0233185,15,8.078125,2079.0
1785211903.0233185,15,171.25,1139.0
1785211903.0233185,15,174.5625,1088.0
1785211903.0233185,15,176.140625,1088.0
1785211903.0233185,15,177.859375,1094.25
1785211903.0233185,7,206.125,9938.25
1785211903.0233185,9,211.0625,9913.0
1785211903.0233185,10,212.703125,9906.25
1785211903.0233185,10,214.328125,9861.0
1785211903.0233185,15,215.96875,9872.0
1785211903.0233185,15,219.265625,9202.0
1785211903.0233185,10,220.921875,9121.5
1785211903.0233185,15,222.546875,9121.0
1785211903.0233185,15,227.5,8436.75
1785211903.0233185,10,232.390625,9969.25
1785211903.0233185,7,235.6875,10048.25
1785211903.0233185,15,252.8125,1658.5
1785211903.0233185,15,267.84375,1312.75
1785211903.0233185,15,272.6875,1380.0
1785211903.0233185,9,291.578125,4358.5
1785211903.0233185,15,293.25,4325.0
1785211903.0233185,14,294.90625,4281.25
1785211903.0233185,15,339.53125,3941.25
1785211903.0233185,7,346.109375,4139.5
1785211903.248492,15,2.5625,1994.0
1785211903.248492,15,4.21875,2031.5
1785211903.248492,15,5.84375,2063.0
1785211903.248492,15,7.484375,2072.0
1785211903.248492,10,9.109375,2105.75
1785211903.248492,15,170.625,1154.75
1785211903.248492,15,172.28125,1120.75
1785211903.248492,15,173.90625,1095.0
1785211903.248492,15,175.515625,1085.0
1785211903.248492,15,182.09375,1092.25
1785211903.248492,7,210.46875,9945.0
1785211903.248492,15,218.6875,9208.25
1785211903.248492,15,220.328125,9204.75
1785211903.248492,15,221.984375,9178.75
1785211903.248492,15,226.890625,8351.75
1785211903.248492,15,252.203125,1673.0
1785211903.248492,15,253.8125,1629.25
1785211903.248492,15,258.796875,1512.5
1785211903.248492,15,267.171875,1314.75
1785211903.248492,15,272.046875,1365.5
1785211903.248492,15,292.5625,4294.25
1785211903.248492,15,294.21875,4293.5
1785211903.248492,15,297.484375,4281.5
1785211903.248492,7,312.40625,4219.5
1785211903.248492,11,338.734375,4000.75
1785211903.35748,15,2.109375,1986.5
1785211903.35748,15,7.0,2073.75
1785211903.35748,15,8.671875,2082.0
1785211903.35748,15,171.5625,1133.5
1785211903.35748,15,173.265625,1105.5
1785211903.35748,15,174.984375,1086.5
1785211903.35748,15,178.15625,1091.75
1785211903.35748,9,206.625,9902.25
1785211903.35748,9,208.265625,9913.25
1785211903.35748,10,213.203125,9883.0
1785211903.35748,8,214.828125,9875.75
1785211903.35748,15,216.46875,9851.5
1785211903.35748,15,219.765625,9165.25
1785211903.35748,15,221.421875,9190.5
1785211903.35748,7,224.6875,9877.25
1785211903.35748,15,227.953125,8396.75
1785211903.35748,15,253.21875,1645.75
1785211903.35748,15,256.609375,1541.75
1785211903.35748,15,258.25,1497.75
1785211903.35748,15,268.171875,1315.0
1785211903.35748,15,273.078125,1385.25
1785211903.35748,15,293.65625,4335.75
1785211903.35748,6,295.265625,4300.25
1785211903.5832648,15,2.359375,1989.25
1785211903.5832648,15,4.0,2016.5
1785211903.5832648,15,5.640625,2055.75
1785211903.5832648,15,7.28125,2070.75
1785211903.5832648,15,8.890625,2086.75
1785211903.5832648,15,171.5625,1133.0
1785211903.5832648,15,173.296875,1105.25
1785211903.5832648,15,174.9375,1086.25
1785211903.5832648,15,178.140625,1091.75
1785211903.5832648,7,214.734375,9924.5
1785211903.5832648,15,216.375,9951.75
1785211903.5832648,15,219.65625,9172.5
1785211903.5832648,12,221.3125,9156.75
1785211903.5832648,15,227.875,8453.0
1785211903.5832648,8,234.40625,10114.5
1785211903.5832648,15,253.25,1646.0
1785211903.5832648,15,256.578125,1541.75
1785211903.5832648,15,258.25,1497.5
1785211903.5832648,15,268.21875,1315.25
1785211903.5832648,15,273.046875,1386.0
1785211903.5832648,15,293.65625,4336.25
1785211903.5832648,8,295.265625,4301.0
1785211903.5832648,15,339.765625,4000.75
1785211903.8096113,15,2.5,1986.75
1785211903.8096113,15,4.109375,2023.75
1785211903.8096113,15,5.734375,2064.25
1785211903.8096113,15,7.40625,2072.0
1785211903.8096113,15,9.046875,2089.0
1785211903.8096113,15,171.921875,1125.75
1785211903.8096113,15,173.59375,1099.75
1785211903.8096113,15,175.234375,1086.0
1785211903.8096113,8,181.8125,1084.5
1785211903.8096113,9,208.4375,9910.5
1785211903.8096113,10,211.734375,9957.0
1785211903.8096113,11,215.015625,9976.25
1785211903.8096113,15,218.296875,9200.25
1785211903.8096113,15,219.9375,9218.5
1785211903.8096113,15,221.578125,9217.25
1785211903.8096113,7,234.703125,10003.25
1785211903.8096113,8,236.359375,10228.5
1785211903.8096113,15,251.859375,1688.25
1785211903.8096113,15,256.859375,1535.0
1785211903.8096113,15,258.5,1533.75
1785211903.8096113,15,266.875,1323.25
1785211903.8096113,15,271.734375,1364.0
1785211903.8096113,15,290.609375,4260.75
1785211903.8096113,15,292.25,4288.0
1785211903.8096113,14,293.875,4326.25
1785211903.8096113,15,338.515625,4041.75
1785211904.144632,15,2.171875,1997.0
1785211904.144632,15,5.4375,2042.75
1785211904.144632,15,7.0625,2073.5
1785211904.144632,15,8.703125,2085.5
1785211904.144632,15,171.609375,1133.25
1785211904.144632,15,173.296875,1105.0
1785211904.144632,15,174.9375,1086.5
1785211904.144632,15,178.1875,1092.0
1785211904.144632,10,206.5625,9916.0
1785211904.144632,9,213.109375,9903.75
1785211904.144632,8,214.75,9903.25
1785211904.144632,15,216.390625,9964.0
1785211904.144632,15,219.6875,9164.0
1785211904.144632,13,221.328125,9147.75
1785211904.144632,15,227.859375,8452.5
1785211904.144632,15,253.171875,1647.75
1785211904.144632,15,256.515625,1542.5
1785211904.144632,15,268.09375,1316.75
1785211904.144632,15,273.015625,1386.0
1785211904.144632,15,290.3125,4366.25
1785211904.144632,15,291.96875,4367.0
1785211904.144632,15,293.625,4335.75
1785211904.144632,9,295.25,4302.25
1785211904.144632,15,339.75,4003.25
1785211904.370645,15,2.421875,2002.75
1785211904.370645,15,4.0625,2041.5
1785211904.370645,15,5.703125,2064.25
1785211904.370645,15,7.328125,2073.5
1785211904.370645,15,8.953125,2091.0
1785211904.370645,15,171.890625,1129.25
1785211904.370645,15,173.5625,1102.0
1785211904.370645,15,175.125,1086.0
1785211904.370645,8,206.734375,9934.0
1785211904.370645,9,208.375,9935.75
1785211904.370645,8,213.296875,9884.25
1785211904.370645,8,214.9375,9879.25
1785211904.370645,15,218.21875,9257.5
1785211904.370645,15,219.875,9193.5
1785211904.370645,15,221.5,9214.5
1785211904.370645,15,251.75,1690.0
1785211904.370645,15,253.34375,1644.25
1785211904.370645,15,256.703125,1538.25
1785211904.370645,15,258.3125,1530.25
1785211904.370645,15,266.671875,1327.25
1785211904.370645,15,268.359375,1318.75
1785211904.370645,15,269.90625,1341.75
1785211904.370645,15,271.609375,1361.75
1785211904.370645,15,290.4375,4344.25
1785211904.370645,15,292.0625,4341.0
1785211904.370645,15,293.703125,4331.0
1785211904.370645,11,338.1875,4044.75
1785211904.370645,15,339.859375,3991.0
1785211904.5962398,15,3.984375,2051.5
1785211904.5962398,15,5.609375,2065.75
1785211904.5962398,15,7.21875,2073.5
1785211904.5962398,15,8.875,2094.0
1785211904.5962398,15,171.6875,1129.5
1785211904.5962398,15,173.390625,1102.5
1785211904.5962398,15,175.046875,1086.5
1785211904.5962398,15,178.265625,1092.75
1785211904.5962398,8,214.84375,9899.25
1785211904.5962398,15,216.484375,9755.75
1785211904.5962398,15,219.765625,9172.0
1785211904.5962398,15,221.40625,9185.5
1785211904.5962398,10,228.0,8392.0
1785211904.5962398,15,253.328125,1646.25
1785211904.5962398,15,256.703125,1538.5
1785211904.5962398,15,258.28125,1521.5
1785211904.5962398,15,266.65625,1327.5
1785211904.5962398,15,268.265625,1317.75
1785211904.5962398,15,269.9375,1336.25
1785211904.5962398,15,271.59375,1357.75
1785211904.5962398,15,290.390625,4331.75
1785211904.5962398,14,292.03125,4327.0
1785211904.5962398,15,293.65625,4331.75
1785211904.5962398,6,295.28125,4297.25
1785211904.5962398,15,339.859375,3993.0
1785211904.8186748,15,0.875,1992.75
1785211904.8186748,15,4.09375,2059.5
1785211904.8186748,15,5.71875,2064.5
1785211904.8186748,15,7.375,2074.5
1785211904.8186748,15,171.875,1126.5
1785211904.8186748,15,173.578125,1100.25
1785211904.8186748,15,175.1875,1085.75
1785211904.8186748,11,181.734375,1084.25
1785211904.8186748,8,206.84375,9918.5
1785211904.8186748,8,208.484375,9920.5
1785211904.8186748,10,211.765625,9902.0
1785211904.8186748,9,215.046875,9926.0
1785211904.8186748,15,218.328125,9197.25
1785211904.8186748,15,219.984375,9206.0
1785211904.8186748,15,221.625,9209.25
1785211904.8186748,8,228.15625,9977.0
1785211904.8186748,15,251.875,1687.5
1785211904.8186748,15,256.875,1534.75
1785211904.8186748,15,258.484375,1533.25
1785211904.8186748,15,266.859375,1323.0
1785211904.8186748,15,271.765625,1364.0
1785211904.8186748,15,290.671875,4267.75
1785211904.8186748,15,292.3125,4286.25
1785211904.8186748,14,293.9375,4319.75
1785211904.8186748,12,338.53125,4042.25
1785211905.0442948,15,1.390625,1982.5
1785211905.0442948,15,6.328125,2060.0
1785211905.0442948,15,7.953125,2075.25
1785211905.0442948,15,170.78125,1146.0
1785211905.0442948,15,174.171875,1090.25
1785211905.0442948,15,175.828125,1084.25
1785211905.0442948,15,177.5,1084.25
1785211905.0442948,15,182.4375,1093.25
1785211905.0442948,10,207.5,9914.25
1785211905.0442948,7,212.421875,9887.25
1785211905.0442948,15,215.703125,9977.75
1785211905.0442948,15,220.65625,9199.5
1785211905.0442948,15,222.28125,9206.25
1785211905.0442948,8,232.09375,10007.25
1785211905.0442948,8,233.71875,10078.0
1785211905.0442948,15,252.5,1665.0
1785211905.0442948,15,254.203125,1617.0
1785211905.0442948,15,267.484375,1315.5
1785211905.0442948,15,272.359375,1372.5
1785211905.0442948,15,291.296875,4393.0
1785211905.0442948,15,292.96875,4334.5
1785211905.0442948,14,294.578125,4297.5
1785211905.0442948,12,339.109375,4041.5
1785211905.2681582,15,2.0,1991.75
1785211905.2681582,15,5.28125,2037.0
1785211905.2681582,15,6.96875,2071.75
1785211905.2681582,15,8.59375,2083.0
1785211905.2681582,15,171.515625,1133.0
1785211905.2681582,15,173.203125,1105.0
1785211905.2681582,15,174.875,1086.5
1785211905.2681582,15,178.203125,1090.75
1785211905.2681582,8,204.796875,9959.75
1785211905.2681582,8,208.078125,9941.25
1785211905.2681582,8,211.34375,9903.25
1785211905.2681582,10,214.609375,9863.25
1785211905.2681582,15,216.25,9931.0
1785211905.2681582,15,219.546875,9175.75
1785211905.2681582,15,222.828125,9218.0
1785211905.2681582,15,227.796875,8440.5
1785211905.2681582,8,231.03125,10007.75
1785211905.2681582,7,232.6875,10073.25
1785211905.2681582,15,253.140625,1650.25
1785211905.2681582,15,268.09375,1315.5
1785211905.2681582,15,272.921875,1385.75
1785211905.2681582,14,291.875,4344.5
1785211905.2681582,15,293.484375,4333.5
1785211905.2681582,9,295.140625,4300.25
1785211905.2681582,14,339.703125,4003.75
1785211905.4933226,15,0.859375,1993.0
1785211905.4933226,15,4.140625,2059.0
1785211905.4933226,15,5.78125,2064.0
1785211905.4933226,15,7.453125,2074.25
1785211905.4933226,15,172.15625,1124.0
1785211905.4933226,15,173.859375,1099.25
1785211905.4933226,15,175.46875,1086.0
1785211905.4933226,15,181.96875,1092.0
1785211905.4933226,7,210.328125,9880.25
1785211905.4933226,15,218.53125,9168.75
1785211905.4933226,15,220.171875,9199.5
1785211905.4933226,15,221.8125,9223.0
1785211905.4933226,8,231.625,9980.25
1785211905.4933226,9,233.265625,10124.25
1785211905.4933226,15,252.03125,1679.5
1785211905.4933226,15,253.703125,1633.0
1785211905.4933226,15,267.03125,1313.25
1785211905.4933226,15,271.875,1364.25
1785211905.4933226,15,290.75,4171.25
1785211905.4933226,15,292.390625,4283.75
1785211905.4933226,15,294.015625,4313.75
1785211905.4933226,7,335.3125,4049.0
1785211905.4933226,14,338.625,4013.25
1785211905.8320873,15,0.828125,1991.25
1785211905.8320873,15,4.109375,2058.75
1785211905.8320873,15,5.71875,2063.5
1785211905.8320873,15,7.375,2074.25
1785211905.8320873,15,170.234375,1158.0
1785211905.8320873,15,171.921875,1127.0
1785211905.8320873,15,173.578125,1100.25
1785211905.8320873,15,175.203125,1085.75
1785211905.8320873,15,181.8125,1089.0
1785211905.8320873,15,188.234375,1292.25
1785211905.8320873,9,208.59375,9890.75
1785211905.8320873,7,210.21875,9909.0
1785211905.8320873,9,211.859375,9947.75
1785211905.8320873,15,218.4375,9169.5
1785211905.8320873,15,220.078125,9195.25
1785211905.8320873,15,221.71875,9216.75
1785211905.8320873,15,252.0,1679.5
1785211905.8320873,15,253.65625,1633.0
1785211905.8320873,15,267.0,1313.25
1785211905.8320873,15,271.875,1365.75
1785211905.8320873,15,292.46875,4312.0
1785211905.8320873,15,294.109375,4311.5
1785211905.8320873,7,335.296875,4047.25
1785211905.8320873,10,338.578125,4032.25
1785211906.1659162,15,0.859375,1991.5
1785211906.1659162,15,4.140625,2058.75
1785211906.1659162,15,5.78125,2063.5
1785211906.1659162,15,7.421875,2074.75
1785211906.1659162,10,9.0,2103.0
1785211906.1659162,15,171.875,1127.25
1785211906.1659162,15,173.578125,1100.5
1785211906.1659162,15,175.1875,1085.75
1785211906.1659162,10,206.78125,9929.75
1785211906.1659162,10,208.4375,9918.25
1785211906.1659162,7,210.0625,9905.25
1785211906.1659162,7,214.984375,9920.0
1785211906.1659162,15,218.265625,9189.25
1785211906.1659162,15,219.90625,9206.25
1785211906.1659162,15,221.5625,9209.25
1785211906.1659162,7,231.40625,10022.0
1785211906.1659162,8,236.328125,10249.0
1785211906.1659162,15,251.8125,1688.0
1785211906.1659162,15,256.796875,1537.75
1785211906.1659162,15,258.4375,1534.75
1785211906.1659162,15,266.8125,1327.75
1785211906.1659162,15,268.453125,1325.0
1785211906.1659162,15,270.09375,1348.25
1785211906.1659162,15,271.6875,1362.25
1785211906.1659162,15,293.8125,4333.0
1785211906.1659162,15,338.4375,4047.0
1785211906.1659162,9,340.109375,3981.25
1785211906.3900323,15,1.15625,1984.5
1785211906.3900323,15,6.046875,2060.25
1785211906.3900323,15,7.734375,2076.25
1785211906.3900323,15,170.515625,1155.0
1785211906.3900323,15,172.1875,1121.5
1785211906.3900323,15,173.953125,1095.0
1785211906.3900323,15,175.5,1084.75
1785211906.3900323,15,182.125,1091.5
1785211906.3900323,8,205.5625,10049.0
1785211906.3900323,8,210.5,9923.25
1785211906.3900323,8,215.40625,9849.75
1785211906.3900323,15,218.703125,9209.75
1785211906.3900323,15,220.34375,9207.25
1785211906.3900323,15,221.96875,9179.0
1785211906.3900323,15,226.890625,8356.75
1785211906.3900323,15,252.1875,1673.0
1785211906.3900323,15,253.828125,1629.0
1785211906.3900323,15,258.828125,1513.5
1785211906.3900323,15,267.1875,1314.5
1785211906.3900323,15,272.03125,1365.75
1785211906.3900323,15,292.640625,4313.25
1785211906.3900323,11,294.265625,4294.25
1785211906.3900323,11,297.546875,4284.25
1785211906.3900323,12,312.46875,4217.5
1785211906.3900323,11,338.796875,4006.5
1785211906.7274697,15,0.859375,1991.5
1785211906.7274697,15,4.09375,2057.5
1785211906.7274697,15,5.75,2064.0
1785211906.7274697,15,7.359375,2075.0
1785211906.7274697,9,9.0,2103.75
1785211906.7274697,15,170.28125,1158.25
1785211906.7274697,15,172.0,1127.25
1785211906.7274697,15,173.703125,1100.25
1785211906.7274697,15,175.28125,1086.25
1785211906.7274697,15,181.890625,1089.5
1785211906.7274697,15,188.296875,1288.0
1785211906.7274697,9,206.9375,9892.25
1785211906.7274697,8,208.578125,9881.5
1785211906.7274697,8,210.21875,9897.25
1785211906.7274697,9,211.859375,9932.5
1785211906.7274697,15,218.4375,9175.0
1785211906.7274697,15,220.0625,9156.25
1785211906.7274697,15,221.703125,9177.75
1785211906.7274697,9,231.515625,10015.25
1785211906.7274697,15,251.984375,1680.25
1785211906.7274697,15,253.609375,1633.75
1785211906.7274697,15,267.0,1313.25
1785211906.7274697,15,271.8125,1364.5
1785211906.7274697,15,290.734375,4278.0
1785211906.7274697,15,292.390625,4289.0
1785211906.7274697,15,294.015625,4319.25
1785211906.7274697,8,335.28125,4051.25
1785211906.7274697,10,338.5625,4032.0
1785211906.9502113,15,1.640625,1988.5
1785211906.9502113,15,4.90625,2023.75
1785211906.9502113,15,6.5,2062.5
1785211906.9502113,15,8.15625,2077.75
1785211906.9502113,15,171.140625,1142.0
1785211906.9502113,15,174.5,1088.0
1785211906.9502113,15,176.0625,1087.75
1785211906.9502113,15,177.671875,1091.75
1785211906.9502113,15,187.421875,1274.75
1785211906.9502113,11,202.796875,10067.0
1785211906.9502113,7,207.71875,9983.5
1785211906.9502113,8,211.015625,9893.75
1785211906.9502113,7,212.640625,9895.25
1785211906.9502113,9,214.296875,9863.0
1785211906.9502113,15,215.9375,9883.5
1785211906.9502113,15,219.234375,9195.25
1785211906.9502113,15,222.515625,9203.0
1785211906.9502113,15,227.46875,8437.75
1785211906.9502113,15,252.84375,1658.25
1785211906.9502113,15,267.84375,1316.5
1785211906.9502113,15,272.703125,1379.75
1785211906.9502113,15,293.171875,4323.25
1785211906.9502113,14,294.8125,4284.5
1785211906.9502113,11,339.375,3949.25
1785211907.1768694,15,2.140625,1999.0
1785211907.1768694,15,5.40625,2044.25
1785211907.1768694,15,7.078125,2072.25
1785211907.1768694,15,8.703125,2092.5
1785211907.1768694,15,171.59375,1132.5
1785211907.1768694,15,173.28125,1104.75
1785211907.1768694,15,175.0,1086.75
1785211907.1768694,15,178.21875,1092.5
1785211907.1768694,10,214.8125,9897.5
1785211907.1768694,15,216.46875,9891.75
1785211907.1768694,15,219.75,9177.5
1785211907.1768694,15,221.390625,9196.25
1785211907.1768694,9,224.671875,9828.0
1785211907.1768694,15,227.9375,8403.25
1785211907.1768694,9,232.828125,9981.25
1785211907.1768694,8,236.109375,10215.0
1785211907.1768694,15,253.25,1647.0
1785211907.1768694,15,256.640625,1543.25
1785211907.1768694,15,258.296875,1505.25
1785211907.1768694,15,266.65625,1327.25
1785211907.1768694,15,268.28125,1317.5
1785211907.1768694,15,269.859375,1338.0
1785211907.1768694,15,271.53125,1359.25
1785211907.1768694,15,290.46875,4343.25
1785211907.1768694,13,292.09375,4341.0
1785211907.1768694,15,293.734375,4331.0
1785211907.1768694,6,295.375,4295.0
1785211907.1768694,15,340.0,3984.0
1785211907.403369,15,1.015625,1989.75
1785211907.403369,15,5.90625,2061.5
1785211907.403369,15,7.5625,2074.0
1785211907.403369,15,170.234375,1158.75
1785211907.403369,15,171.875,1127.5
1785211907.403369,15,173.578125,1100.25
1785211907.403369,15,175.171875,1085.75
1785211907.403369,15,181.78125,1088.5
1785211907.403369,15,188.1875,1298.25
1785211907.403369,9,208.5,9976.75
1785211907.403369,7,210.140625,9952.25
1785211907.403369,9,211.78125,9940.25
1785211907.403369,11,215.0625,9934.0
1785211907.403369,15,218.34375,9184.25
1785211907.403369,15,219.984375,9206.25
1785211907.403369,15,221.625,9213.75
1785211907.403369,8,228.140625,9963.0
1785211907.403369,8,231.40625,10060.5
1785211907.403369,8,236.328125,10189.25
1785211907.403369,15,251.828125,1687.5
1785211907.403369,15,256.875,1537.5
1785211907.403369,15,258.453125,1534.5
1785211907.403369,15,266.859375,1327.5
1785211907.403369,15,271.71875,1365.25
1785211907.403369,14,290.59375,4308.75
1785211907.403369,15,292.203125,4324.75
1785211907.403369,14,293.859375,4317.25
1785211907.403369,14,338.34375,4043.25
1785211907.403369,8,340.0,3983.25
1785211907.625507,15,0.828125,1990.75
1785211907.625507,15,4.078125,2057.25
1785211907.625507,15,5.734375,2063.5
1785211907.625507,15,7.34375,2074.5
1785211907.625507,13,9.0,2102.75
1785211907.625507,15,171.828125,1129.5
1785211907.625507,15,173.46875,1102.25
1785211907.625507,15,175.125,1085.75
1785211907.625507,9,208.328125,9963.75
1785211907.625507,7,209.953125,9953.75
1785211907.625507,9,213.234375,9891.25
1785211907.625507,9,214.875,9842.75
1785211907.625507,15,218.140625,9310.5
1785211907.625507,15,219.78125,9180.0
1785211907.625507,15,221.4375,9196.0
1785211907.625507,8,228.015625,8404.75
1785211907.625507,15,253.375,1646.25
1785211907.625507,15,256.6875,1538.25
1785211907.625507,15,258.3125,1527.75
1785211907.625507,15,266.703125,1327.5
1785211907.625507,15,268.28125,1318.0
1785211907.625507,15,269.96875,1339.0
1785211907.625507,15,271.578125,1360.25
1785211907.625507,15,290.4375,4345.5
1785211907.625507,13,292.0625,4340.75
1785211907.625507,15,293.703125,4330.75
1785211907.625507,5,295.328125,4293.75
1785211907.625507,15,339.921875,3994.0
1785211908.0761518,15,1.8125,1988.25
1785211908.0761518,15,5.0625,2026.0
1785211908.0761518,15,6.71875,2062.75
1785211908.0761518,15,8.328125,2080.75
1785211908.0761518,15,171.359375,1135.25
1785211908.0761518,15,173.046875,1107.0
1785211908.0761518,15,174.71875,1086.75
1785211908.0761518,15,176.28125,1092.25
1785211908.0761518,15,177.90625,1099.25
1785211908.0761518,9,208.0625,9947.5
1785211908.0761518,8,211.359375,9906.75
1785211908.0761518,10,214.65625,9892.5
1785211908.0761518,15,216.296875,9963.75
1785211908.0761518,15,219.59375,9178.0
1785211908.0761518,15,222.875,9226.5
1785211908.0761518,15,227.796875,8404.5
1785211908.0761518,9,232.703125,10138.5
1785211908.0761518,15,253.125,1650.25
1785211908.0761518,15,256.5,1543.75
1785211908.0761518,15,268.109375,1318.25
1785211908.0761518,15,273.0,1386.5
1785211908.0761518,15,291.921875,4364.25
1785211908.0761518,15,293.578125,4334.5
1785211908.0761518,10,295.21875,4302.5
1785211908.0761518,13,338.078125,4083.0
1785211908.0761518,15,339.75,4002.0
1785211908.1860173,15,1.5,1989.25
1785211908.1860173,15,4.75,2022.5
1785211908.1860173,15,6.40625,2061.5
1785211908.1860173,15,8.03125,2079.0
1785211908.1860173,15,171.0,1142.0
1785211908.1860173,15,172.640625,1113.25
1785211908.1860173,15,174.328125,1089.5
1785211908.1860173,15,175.984375,1084.5
1785211908.1860173,15,177.5625,1085.75
1785211908.1860173,7,207.640625,9893.5
1785211908.1860173,8,212.5625,9854.5
1785211908.1860173,15,215.859375,9962.0
1785211908.1860173,15,219.140625,9182.0
1785211908.1860173,8,220.78125,9160.5
1785211908.1860173,15,222.421875,9167.25
1785211908.1860173,15,227.359375,8458.75
1785211908.1860173,15,252.703125,1661.25
1785211908.1860173,15,267.75,1317.0
1785211908.1860173,15,272.609375,1378.75
1785211908.1860173,15,293.1875,4320.5
1785211908.1860173,14,294.84375,4284.75
1785211908.1860173,9,339.3125,3949.75
1785211908.4123433,15,2.140625,1991.75
1785211908.4123433,15,7.0625,2071.5
1785211908.4123433,15,8.6875,2091.25
1785211908.4123433,15,171.59375,1132.5
1785211908.4123433,15,173.234375,1104.75
1785211908.4123433,15,174.953125,1086.25
1785211908.4123433,15,178.1875,1091.5
1785211908.4123433,11,208.140625,9902.0
1785211908.4123433,8,213.046875,9875.0
1785211908.4123433,9,214.703125,9842.0
1785211908.4123433,15,216.34375,9912.25
1785211908.4123433,15,219.640625,9180.5
1785211908.4123433,15,227.84375,8399.75
1785211908.4123433,15,253.203125,1647.25
1785211908.4123433,15,256.5,1543.75
1785211908.4123433,15,268.203125,1316.5
1785211908.4123433,15,273.015625,1386.75
1785211908.4123433,15,290.296875,4367.0
1785211908.4123433,15,291.921875,4364.25
1785211908.4123433,15,293.5625,4333.75
1785211908.4123433,6,295.1875,4300.5
1785211908.4123433,10,338.203125,4077.75
1785211908.4123433,15,339.84375,3994.25
1785211908.748043,15,2.1875,1995.5
1785211908.748043,15,7.109375,2073.25
1785211908.748043,15,8.734375,2090.0
1785211908.748043,15,171.796875,1129.75
1785211908.748043,15,173.421875,1102.75
1785211908.748043,15,175.09375,1086.25
1785211908.748043,9,213.34375,9925.0
1785211908.748043,8,214.984375,9849.25
1785211908.748043,15,218.265625,9182.0
1785211908.748043,15,219.921875,9204.25
1785211908.748043,15,221.5625,9213.25
1785211908.748043,15,251.796875,1688.0
1785211908.748043,15,256.765625,1537.5
1785211908.748043,15,258.40625,1533.0
1785211908.748043,15,266.796875,1328.25
1785211908.748043,11,268.328125,1328.0
1785211908.748043,15,270.0,1352.0
1785211908.748043,15,271.640625,1363.25
1785211908.748043,15,290.625,4277.25
1785211908.748043,12,292.25,4297.75
1785211908.748043,15,293.890625,4324.5
1785211908.748043,12,340.09375,3980.5
1785211908.9711282,15,1.5625,1990.75
1785211908.9711282,15,6.5,2063.25
1785211908.9711282,15,8.125,2078.5
1785211908.9711282,15,171.15625,1139.25
1785211908.9711282,15,174.578125,1088.0
1785211908.9711282,15,176.125,1087.25
1785211908.9711282,15,177.765625,1093.75
1785211908.9711282,7,207.828125,9906.5
1785211908.9711282,8,211.109375,9892.75
1785211908.9711282,8,212.75,9902.0
1785211908.9711282,15,216.03125,9942.5
1785211908.9711282,15,219.3125,9194.25
1785211908.9711282,14,220.96875,9204.75
1785211908.9711282,15,222.609375,9202.5
1785211908.9711282,15,227.515625,8454.25
1785211908.9711282,10,232.40625,9984.75
1785211908.9711282,15,252.84375,1657.75
1785211908.9711282,8,259.5625,1454.5
1785211908.9711282,15,267.890625,1311.5
1785211908.9711282,15,272.765625,1379.5
1785211908.9711282,12,291.65625,4360.0
1785211908.9711282,15,293.3125,4321.25
1785211908.9711282,14,294.96875,4276.5
1785211908.9711282,8,337.828125,4106.75
1785211909.3081405,15,2.125,1995.75
1785211909.3081405,15,7.078125,2070.5
1785211909.3081405,15,8.65625,2085.25
1785211909.3081405,15,171.5625,1132.5
1785211909.3081405,15,173.296875,1104.75
1785211909.3081405,15,174.984375,1086.25
1785211909.3081405,15,178.203125,1091.75
1785211909.3081405,9,213.109375,9990.5
1785211909.3081405,8,214.75,9927.75
1785211909.3081405,15,216.40625,9896.75
1785211909.3081405,15,219.6875,9176.0
1785211909.3081405,15,221.328125,9204.0
1785211909.3081405,15,227.921875,8410.25
1785211909.3081405,15,253.265625,1647.0
1785211909.3081405,15,256.640625,1543.25
1785211909.3081405,15,258.3125,1501.25
1785211909.3081405,15,266.609375,1325.0
1785211909.3081405,15,268.265625,1316.75
1785211909.3081405,15,293.625,4334.25
1785211909.3081405,8,295.265625,4300.25
1785211909.3081405,15,339.78125,3998.0
1785211909.534456,15,2.390625,2006.0
1785211909.534456,15,3.984375,2041.5
1785211909.534456,15,5.625,2064.75
1785211909.534456,15,7.28125,2073.25
1785211909.534456,15,8.921875,2100.75
1785211909.534456,15,171.84375,1129.75
1785211909.534456,15,173.515625,1102.75
1785211909.534456,15,175.140625,1086.25
1785211909.534456,9,206.78125,9933.0
1785211909.534456,9,208.421875,9956.75
1785211909.534456,8,211.703125,9982.5
1785211909.534456,13,215.0,9940.75
1785211909.534456,15,218.28125,9182.0
1785211909.534456,15,219.9375,9205.5
1785211909.534456,15,221.5625,9213.5
1785211909.534456,7,234.640625,10096.25
1785211909.534456,9,236.265625,10242.25
1785211909.534456,15,251.71875,1688.75
1785211909.534456,15,253.421875,1641.75
1785211909.534456,15,256.765625,1537.5
1785211909.534456,15,258.375,1532.75
1785211909.534456,15,266.703125,1324.5
1785211909.534456,15,268.34375,1321.5
1785211909.534456,15,269.9375,1345.25
1785211909.534456,15,271.5625,1363.0
1785211909.534456,15,273.15625,1391.5
1785211909.534456,15,293.84375,4328.5
1785211909.534456,12,340.0625,3982.5
1785211909.8686323,15,2.421875,2006.75
1785211909.8686323,15,4.078125,2041.5
1785211909.8686323,15,5.703125,2065.5
1785211909.8686323,15,7.34375,2075.0
1785211909.8686323,15,8.96875,2092.25
1785211909.8686323,15,172.03125,1124.5
1785211909.8686323,15,173.765625,1098.5
1785211909.8686323,15,175.375,1086.0
1785211909.8686323,15,181.890625,1089.5
1785211909.8686323,7,208.609375,9917.5
1785211909.8686323,8,211.890625,9893.25
1785211909.8686323,15,218.453125,9173.75
1785211909.8686323,15,220.09375,9164.5
1785211909.8686323,15,221.734375,9186.75
1785211909.8686323,9,228.296875,9960.75
1785211909.8686323,9,229.953125,9921.0
1785211909.8686323,15,252.046875,1676.75
1785211909.8686323,15,253.71875,1628.5
1785211909.8686323,15,267.078125,1314.0
1785211909.8686323,15,271.953125,1366.0
1785211909.8686323,15,290.875,4296.5
1785211909.8686323,15,292.515625,4310.25
1785211909.8686323,15,294.140625,4309.0
1785211909.8686323,15,297.4375,4273.75
1785211909.8686323,11,338.71875,4017.25
1785211910.2068853,15,1.515625,1988.5
1785211910.2068853,15,8.03125,2062.25
1785211910.2068853,15,9.703125,2056.0
1785211910.2068853,15,11.296875,2081.0
1785211910.2068853,15,171.125,1142.5
1785211910.2068853,15,174.421875,1088.5
1785211910.2068853,15,176.09375,1087.25
1785211910.2068853,15,177.765625,1090.0
1785211910.2068853,8,206.046875,9910.0
1785211910.2068853,8,207.703125,9917.75
1785211910.2068853,10,210.96875,9914.0
1785211910.2068853,7,214.265625,9851.75
1785211910.2068853,15,215.90625,9891.5
1785211910.2068853,15,219.203125,9190.0
1785211910.2068853,15,222.484375,9197.75
1785211910.2068853,15,227.390625,8499.0
1785211910.2068853,7,235.5625,10154.75
1785211910.2068853,7,237.203125,10325.75
1785211910.2068853,15,252.671875,1661.5
1785211910.2068853,15,267.625,1317.5
1785211910.2068853,15,272.546875,1377.25
1785211910.2068853,15,293.0625,4332.75
1785211910.2068853,15,294.71875,4299.5
1785211910.2068853,15,339.25,3954.25
1785211910.317866,15,0.953125,2010.75
1785211910.317866,15,2.59375,2005.75
1785211910.317866,15,7.515625,2028.75
1785211910.317866,15,9.15625,2046.5
1785211910.317866,15,10.796875,2052.5
1785211910.317866,15,12.4375,2052.25
1785211910.317866,15,170.40625,1155.25
1785211910.317866,15,172.125,1125.0
1785211910.317866,15,173.796875,1098.75
1785211910.317866,15,175.46875,1086.0
1785211910.317866,15,182.015625,1090.75
1785211910.317866,9,207.078125,9906.0
1785211910.317866,15,218.5625,9175.25
1785211910.317866,15,220.21875,9185.0
1785211910.317866,15,221.859375,9192.0
1785211910.317866,9,231.671875,10036.5
1785211910.317866,8,236.578125,10191.75
1785211910.317866,15,252.015625,1679.5
1785211910.317866,15,253.703125,1633.25
1785211910.317866,15,266.96875,1313.0
1785211910.317866,15,271.8125,1364.5
1785211910.317866,15,290.78125,4193.5
1785211910.317866,15,292.421875,4286.5
1785211910.317866,15,294.046875,4312.25
1785211910.317866,8,340.15625,3981.5
1785211910.6548624,15,5.046875,2069.75
1785211910.6548624,15,6.6875,2060.5
1785211910.6548624,15,13.21875,1982.25
1785211910.6548624,15,171.03125,1142.0
1785211910.6548624,15,172.765625,1113.0
1785211910.6548624,15,174.421875,1089.0
1785211910.6548624,15,176.0625,1086.5
1785211910.6548624,15,177.671875,1088.25
1785211910.6548624,7,207.59375,9929.25
1785211910.6548624,8,210.875,9913.5
1785211910.6548624,15,215.796875,9987.5
1785211910.6548624,15,219.078125,9165.25
1785211910.6548624,15,220.71875,9214.0
1785211910.6548624,15,222.359375,9228.5
1785211910.6548624,15,227.296875,8449.0
1785211910.6548624,8,232.1875,9996.0
1785211910.6548624,15,252.6875,1661.5
1785211910.6548624,15,267.671875,1317.5
1785211910.6548624,15,272.546875,1377.25
1785211910.6548624,8,291.421875,4342.25
1785211910.6548624,15,293.078125,4338.5
1785211910.6548624,12,294.71875,4296.75
1785211910.6548624,12,339.296875,3953.75
1785211910.8811274,15,8.984375,1964.0
1785211910.8811274,15,172.03125,1125.0
1785211910.8811274,15,173.765625,1098.75
1785211910.8811274,15,175.390625,1086.0
1785211910.8811274,15,181.953125,1089.0
1785211910.8811274,12,207.0625,9890.5
1785211910.8811274,8,210.34375,9922.75
1785211910.8811274,15,218.5625,9177.75
1785211910.8811274,15,220.21875,9189.0
1785211910.8811274,15,221.859375,9196.0
1785211910.8811274,13,226.8125,8428.25
1785211910.8811274,15,252.140625,1672.5
1785211910.8811274,15,253.84375,1628.5
1785211910.8811274,15,258.796875,1513.75
1785211910.8811274,15,267.125,1314.0
1785211910.8811274,15,272.015625,1366.25
1785211910.8811274,15,290.90625,4302.75
1785211910.8811274,15,292.5625,4310.25
1785211910.8811274,14,294.171875,4307.25
1785211910.8811274,15,297.46875,4284.5
1785211910.8811274,9,312.421875,4213.75
1785211910.8811274,8,335.515625,4092.5
1785211910.8811274,12,338.8125,4017.0
1785211911.104345,15,171.609375,1132.75
1785211911.104345,15,173.234375,1105.0
1785211911.104345,15,174.921875,1086.75
1785211911.104345,15,178.125,1091.5
1785211911.104345,7,204.90625,9928.5
1785211911.104345,8,208.1875,9897.75
1785211911.104345,8,214.75,9864.5
1785211911.104345,15,216.40625,9952.0
1785211911.104345,15,219.6875,9181.75
1785211911.104345,12,221.328125,9205.25
1785211911.104345,9,222.984375,9345.5
1785211911.104345,15,227.859375,8415.75
1785211911.104345,15,253.1875,1648.75
1785211911.104345,15,256.53125,1543.75
1785211911.104345,15,268.1875,1317.25
1785211911.104345,15,272.9375,1386.5
1785211911.104345,15,293.640625,4336.25
1785211911.104345,7,295.25,4301.0
1785211911.104345,15,339.8125,4000.25
1785211911.3292806,15,170.484375,1155.5
1785211911.3292806,15,172.15625,1124.75
1785211911.3292806,15,173.75,1098.5
1785211911.3292806,15,175.40625,1086.25
1785211911.3292806,15,181.96875,1091.0
1785211911.3292806,9,207.0625,9920.0
1785211911.3292806,15,218.546875,9177.75
1785211911.3292806,15,220.1875,9206.75
1785211911.3292806,15,221.828125,9223.25
1785211911.3292806,15,252.015625,1679.0
1785211911.3292806,15,253.640625,1633.0
1785211911.3292806,15,267.0,1313.25
1785211911.3292806,15,271.84375,1366.0
1785211911.3292806,15,290.75,4276.25
1785211911.3292806,15,292.390625,4297.0
1785211911.3292806,15,294.0,4323.0
1785211911.3292806,11,338.46875,4046.25
1785211911.6672444,15,171.375,1135.25
1785211911.6672444,15,173.125,1106.75
1785211911.6672444,15,174.71875,1086.75
1785211911.6672444,15,176.328125,1092.0
1785211911.6672444,15,177.984375,1099.75
1785211911.6672444,11,206.328125,9953.25
1785211911.6672444,11,207.953125,9978.0
1785211911.6672444,7,212.890625,9858.0
1785211911.6672444,8,214.546875,9803.5
1785211911.6672444,15,216.171875,9911.75
1785211911.6672444,15,219.46875,9187.0
1785211911.6672444,10,221.09375,9167.5
1785211911.6672444,15,222.75,9186.75
1785211911.6672444,15,227.71875,8432.25
1785211911.6672444,8,230.96875,9986.5
1785211911.6672444,8,234.265625,10117.75
1785211911.6672444,15,253.09375,1650.75
1785211911.6672444,15,256.4375,1549.25
1785211911.6672444,15,261.4375,1403.75
1785211911.6672444,15,268.03125,1314.75
1785211911.6672444,15,272.890625,1384.75
1785211911.6672444,10,291.8125,4343.25
1785211911.6672444,15,293.46875,4334.25
1785211911.6672444,8,295.109375,4298.5
1785211911.6672444,9,338.03125,4082.75
1785211911.6672444,13,339.703125,4000.5
1785211911.890695,15,171.828125,1128.25
1785211911.890695,15,173.53125,1100.75
1785211911.890695,15,175.203125,1085.75
1785211911.890695,9,181.75,1084.25
1785211911.890695,7,203.546875,10026.0
1785211911.890695,11,206.828125,9969.0
1785211911.890695,8,208.46875,9874.0
1785211911.890695,8,211.75,9853.5
1785211911.890695,10,215.03125,9884.75
1785211911.890695,15,218.328125,9181.0
1785211911.890695,15,219.96875,9207.0
1785211911.890695,15,221.609375,9219.0
1785211911.890695,9,231.40625,10015.5
1785211911.890695,8,234.671875,10108.0
1785211911.890695,9,236.328125,10226.0
1785211911.890695,15,251.78125,1688.5
1785211911.890695,15,256.796875,1536.75
1785211911.890695,15,258.390625,1532.25
1785211911.890695,15,266.796875,1328.25
1785211911.890695,14,268.375,1325.25
1785211911.890695,15,270.0,1348.5
1785211911.890695,15,271.59375,1362.25
1785211911.890695,15,290.609375,4274.0
1785211911.890695,11,292.21875,4303.25
1785211911.890695,15,293.890625,4325.25
1785211911.890695,13,338.46875,4044.25
1785211911.890695,10,340.09375,3981.5
1785211912.1150339,15,170.671875,1152.25
1785211912.1150339,15,172.359375,1121.25
1785211912.1150339,15,173.984375,1095.5
1785211912.1150339,15,175.5625,1085.25
1785211912.1150339,15,182.140625,1093.5
1785211912.1150339,8,210.5,9865.0
1785211912.1150339,9,215.40625,9870.5
1785211912.1150339,15,218.703125,9207.25
1785211912.1150339,15,220.328125,9216.0
1785211912.1150339,15,221.96875,9191.25
1785211912.1150339,15,226.90625,8371.5
1785211912.1150339,15,252.21875,1672.5
1785211912.1150339,15,253.90625,1627.75
1785211912.1150339,15,258.90625,1522.5
1785211912.1150339,15,267.234375,1313.75
1785211912.1150339,15,272.140625,1368.25
1785211912.1150339,15,292.671875,4313.75
1785211912.1150339,11,294.296875,4296.5
1785211912.1150339,9,297.5625,4287.5
1785211912.3390012,15,170.75,1147.5
1785211912.3390012,15,172.4375,1117.75
1785211912.3390012,15,174.078125,1092.5
1785211912.3390012,15,175.71875,1084.75
1785211912.3390012,11,177.34375,1083.75
1785211912.3390012,15,182.25,1092.0
1785211912.3390012,15,220.390625,9182.25
1785211912.3390012,15,222.03125,9199.5
1785211912.3390012,15,226.96875,8372.25
1785211912.3390012,15,252.21875,1672.25
1785211912.3390012,15,253.90625,1627.75
1785211912.3390012,15,258.875,1517.5
1785211912.3390012,15,267.171875,1313.75
1785211912.3390012,15,272.03125,1368.0
1785211912.3390012,15,290.921875,4317.75
1785211912.3390012,15,292.5625,4309.0
1785211912.3390012,15,294.1875,4306.75
1785211912.3390012,15,297.46875,4285.5
1785211912.3390012,7,310.734375,4226.0
1785211912.3390012,9,312.359375,4160.25
1785211912.3390012,7,335.453125,4094.0
1785211912.3390012,11,338.75,4019.75
1785211912.6766038,15,171.5625,1133.0
1785211912.6766038,15,173.21875,1105.0
1785211912.6766038,15,174.921875,1086.25
1785211912.6766038,15,178.078125,1091.0
1785211912.6766038,8,206.59375,9911.75
1785211912.6766038,7,214.796875,9885.25
1785211912.6766038,15,216.453125,9843.75
1785211912.6766038,15,219.75,9190.5
1785211912.6766038,15,221.390625,9205.5
1785211912.6766038,15,227.9375,8425.0
1785211912.6766038,15,253.25,1647.0
1785211912.6766038,15,256.625,1543.25
1785211912.6766038,15,258.296875,1503.0
1785211912.6766038,15,266.59375,1325.25
1785211912.6766038,15,268.234375,1316.5
1785211912.6766038,10,269.890625,1332.75
1785211912.6766038,15,271.4375,1355.75
1785211912.6766038,15,273.0625,1389.25
1785211912.6766038,15,290.40625,4343.5
1785211912.6766038,15,292.046875,4339.25
1785211912.6766038,15,293.6875,4332.5
1785211912.6766038,9,295.328125,4311.5
1785211912.6766038,15,339.84375,3999.0
1785211912.9022198,15,170.578125,1152.75
1785211912.9022198,15,172.296875,1121.75
1785211912.9022198,15,173.953125,1095.5
1785211912.9022198,15,175.640625,1085.25
1785211912.9022198,15,182.203125,1093.25
1785211912.9022198,10,203.9375,10061.0
1785211912.9022198,8,207.21875,9949.25
1785211912.9022198,8,210.5,9849.5
1785211912.9022198,10,215.421875,9824.25
1785211912.9022198,15,218.703125,9194.75
1785211912.9022198,15,220.34375,9201.0
1785211912.9022198,15,221.984375,9186.75
1785211912.9022198,15,226.90625,8378.0
1785211912.9022198,8,230.171875,9960.5
1785211912.9022198,15,252.28125,1671.0
1785211912.9022198,15,253.96875,1626.25
1785211912.9022198,15,267.34375,1312.25
1785211912.9022198,15,272.1875,1368.0
1785211912.9022198,15,291.109375,4322.25
1785211912.9022198,15,292.734375,4312.25
1785211912.9022198,11,294.359375,4293.0
1785211912.9022198,7,327.390625,4030.5
1785211912.9022198,7,335.65625,4044.25
1785211912.9022198,15,338.9375,4003.5
1785211913.124612,15,171.28125,1135.5
1785211913.124612,15,173.03125,1107.0
1785211913.124612,15,174.625,1086.75
1785211913.124612,15,176.234375,1091.25
1785211913.124612,15,177.96875,1098.0
1785211913.124612,7,211.15625,9953.75
1785211913.124612,15,216.0625,9932.0
1785211913.124612,15,219.375,9185.5
1785211913.124612,15,221.0,9222.75
1785211913.124612,15,222.640625,9221.25
1785211913.124612,15,227.609375,8453.25
1785211913.124612,15,252.921875,1657.5
1785211913.124612,15,267.84375,1311.75
1785211913.124612,15,272.765625,1379.5
1785211913.124612,7,291.59375,4356.25
1785211913.124612,15,293.234375,4326.0
1785211913.124612,15,294.875,4287.75
1785211913.46174,15,170.6875,1152.25
1785211913.46174,15,172.4375,1121.25
1785211913.46174,15,174.046875,1094.5
1785211913.46174,15,175.71875,1084.75
1785211913.46174,11,177.34375,1083.5
1785211913.46174,15,182.296875,1091.75
1785211913.46174,13,212.25,9882.0
1785211913.46174,11,215.515625,9866.0
1785211913.46174,15,220.453125,9186.75
1785211913.46174,15,222.09375,9201.75
1785211913.46174,15,227.0,8419.75
1785211913.46174,9,233.515625,10100.5
1785211913.46174,15,252.25,1671.5
1785211913.46174,15,253.953125,1626.5
1785211913.46174,15,267.203125,1313.75
1785211913.46174,15,272.078125,1368.0
1785211913.46174,15,291.078125,4323.0
1785211913.46174,15,292.71875,4311.5
1785211913.46174,10,294.375,4300.25
1785211913.46174,10,338.875,3990.0
1785211913.5767465,15,171.8125,1130.25
1785211913.5767465,15,173.453125,1103.0
1785211913.5767465,15,175.109375,1086.5
1785211913.5767465,10,208.34375,9970.25
1785211913.5767465,8,209.984375,9902.25
1785211913.5767465,8,213.265625,9884.25
1785211913.5767465,15,218.203125,9289.5
1785211913.5767465,15,219.828125,9189.5
1785211913.5767465,15,221.484375,9201.5
1785211913.5767465,9,224.75,9911.0
1785211913.5767465,8,228.03125,8456.25
1785211913.5767465,7,232.90625,10008.75
1785211913.5767465,8,236.1875,10210.0
1785211913.5767465,15,256.671875,1537.5
1785211913.5767465,15,258.28125,1527.0
1785211913.5767465,15,266.71875,1328.25
1785211913.5767465,15,268.296875,1319.5
1785211913.5767465,15,269.9375,1342.0
1785211913.5767465,15,271.5625,1362.0
1785211913.5767465,15,290.453125,4351.25
1785211913.5767465,12,292.078125,4349.5
1785211913.5767465,15,293.71875,4331.5
1785211913.5767465,8,295.359375,4310.25
1785211913.5767465,11,338.203125,4045.5
1785211913.5767465,15,339.890625,3997.0
1785211913.7999704,15,170.578125,1154.5
1785211913.7999704,15,172.296875,1121.75
1785211913.7999704,15,173.875,1095.75
1785211913.7999704,15,175.609375,1085.5
1785211913.7999704,15,182.15625,1091.0
1785211913.7999704,10,207.1875,9924.0
1785211913.7999704,11,210.453125,9925.0
1785211913.7999704,8,215.390625,9907.5
1785211913.7999704,15,218.671875,9195.5
1785211913.7999704,15,220.328125,9201.25
1785211913.7999704,15,221.96875,9189.5
1785211913.7999704,15,226.90625,8367.5
1785211913.7999704,15,252.21875,1672.5
1785211913.7999704,15,253.921875,1627.5
1785211913.7999704,15,258.859375,1517.75
1785211913.7999704,15,267.203125,1313.75
1785211913.7999704,15,272.125,1368.0
1785211913.7999704,15,292.640625,4312.25
1785211913.7999704,15,294.265625,4300.0
1785211913.7999704,15,297.515625,4288.75
1785211913.7999704,11,312.421875,4216.0
1785211914.0257914,15,171.046875,1142.25
1785211914.0257914,15,174.40625,1089.0
1785211914.0257914,15,176.046875,1086.5
1785211914.0257914,15,177.71875,1087.25
1785211914.0257914,9,204.34375,10022.5
1785211914.0257914,9,207.625,9969.0
1785211914.0257914,9,210.90625,9957.25
1785211914.0257914,7,212.5625,9888.75
1785211914.0257914,15,215.84375,9955.25
1785211914.0257914,15,219.125,9166.25
1785211914.0257914,15,222.421875,9183.75
1785211914.0257914,15,227.375,8456.0
1785211914.0257914,15,252.734375,1660.75
1785211914.0257914,15,267.6875,1317.75
1785211914.0257914,15,270.953125,1342.25
1785211914.0257914,15,272.5625,1378.75
1785211914.0257914,15,293.109375,4315.0
1785211914.0257914,15,294.765625,4287.25
1785211914.0257914,12,339.359375,3948.5
1785211914.363331,15,170.34375,1158.5
1785211914.363331,15,172.0,1126.5
1785211914.363331,15,173.703125,1098.75
1785211914.363331,15,175.296875,1086.25
1785211914.363331,15,181.921875,1089.75
1785211914.363331,10,207.0,9908.25
1785211914.363331,10,208.640625,9959.25
1785211914.363331,7,210.265625,9976.5
1785211914.363331,15,218.46875,9178.0
1785211914.363331,15,220.125,9202.75
1785211914.363331,15,221.765625,9220.25
1785211914.363331,9,229.90625,9871.5
1785211914.363331,15,251.921875,1680.0
1785211914.363331,15,253.59375,1634.0
1785211914.363331,15,266.921875,1313.0
1785211914.363331,15,271.8125,1365.25
1785211914.363331,15,290.703125,4275.75
1785211914.363331,15,292.359375,4297.5
1785211914.363331,15,294.0,4322.25
1785211914.363331,14,338.421875,4043.0
1785211914.363331,10,340.078125,3982.25
1785211914.6968663,15,171.578125,1132.75
1785211914.6968663,15,173.234375,1105.0
1785211914.6968663,15,174.984375,1086.5
1785211914.6968663,15,178.234375,1091.5
1785211914.6968663,15,219.625,9180.75
1785211914.6968663,12,221.28125,9095.5
1785211914.6968663,15,227.875,8421.75
1785211914.6968663,7,236.046875,10186.25
1785211914.6968663,15,253.1875,1647.25
1785211914.6968663,15,256.546875,1543.25
1785211914.6968663,15,268.1875,1315.75
1785211914.6968663,15,273.015625,1388.75
1785211914.6968663,13,291.921875,4367.0
1785211914.6968663,15,293.546875,4334.5
1785211914.6968663,8,295.171875,4296.75
1785211914.6968663,15,339.8125,3995.25
1785211914.9228683,15,170.703125,1152.5
1785211914.9228683,15,172.328125,1121.5
1785211914.9228683,15,174.0625,1094.75
1785211914.9228683,15,175.640625,1085.0
1785211914.9228683,8,177.359375,1083.5
1785211914.9228683,15,182.21875,1091.75
1785211914.9228683,8,207.359375,9941.0
1785211914.9228683,9,212.296875,9851.75
1785211914.9228683,15,215.578125,9871.75
1785211914.9228683,15,220.515625,9184.5
1785211914.9228683,15,222.15625,9203.5
1785211914.9228683,7,230.328125,9950.75
1785211914.9228683,7,231.96875,10016.75
1785211914.9228683,9,233.609375,10090.0
1785211914.9228683,15,252.375,1669.75
1785211914.9228683,15,254.03125,1626.0
1785211914.9228683,15,267.375,1312.5
1785211914.9228683,15,272.25,1369.75
1785211914.9228683,15,291.125,4336.0
1785211914.9228683,15,292.78125,4325.5
1785211914.9228683,15,294.40625,4305.0
1785211914.9228683,8,335.65625,3989.25
1785211914.9228683,14,338.96875,4005.25
1785211915.1461124,15,171.34375,1135.75
1785211915.1461124,15,173.046875,1107.0
1785211915.1461124,15,174.734375,1086.75
1785211915.1461124,15,176.328125,1091.5
1785211915.1461124,15,177.984375,1098.25
1785211915.1461124,9,208.015625,9979.75
1785211915.1461124,10,212.953125,9924.75
1785211915.1461124,15,216.21875,9946.25
1785211915.1461124,15,219.53125,9180.5
1785211915.1461124,8,221.15625,9175.0
1785211915.1461124,15,222.8125,9180.25
1785211915.1461124,15,227.734375,8464.75
1785211915.1461124,15,253.078125,1651.5
1785211915.1461124,15,256.40625,1548.5
1785211915.1461124,8,261.484375,1404.0
1785211915.1461124,15,268.125,1314.5
1785211915.1461124,15,272.90625,1384.5
1785211915.1461124,15,291.90625,4327.5
1785211915.1461124,15,293.53125,4336.0
1785211915.1461124,7,295.171875,4298.5
1785211915.1461124,15,339.640625,4003.0
1785211915.3710115,15,171.921875,1128.25
1785211915.3710115,15,173.53125,1101.0
1785211915.3710115,15,175.25,1085.75
1785211915.3710115,9,213.3125,9898.75
1785211915.3710115,11,214.953125,9867.5
1785211915.3710115,15,218.25,9197.25
1785211915.3710115,15,219.890625,9210.5
1785211915.3710115,15,221.53125,9222.25
1785211915.3710115,15,251.78125,1689.25
1785211915.3710115,15,253.375,1642.75
1785211915.3710115,15,256.734375,1537.5
1785211915.3710115,15,258.34375,1532.0
1785211915.3710115,15,266.75,1326.5
1785211915.3710115,15,268.40625,1319.5
1785211915.3710115,15,270.015625,1342.25
1785211915.3710115,15,271.65625,1361.0
1785211915.3710115,15,292.125,4383.0
1785211915.3710115,15,293.765625,4331.75
1785211915.3710115,9,295.40625,4310.5
1785211915.3710115,15,340.03125,3982.25
1785211915.708322,15,171.828125,1129.75
1785211915.708322,15,173.46875,1102.25
1785211915.708322,15,175.203125,1085.75
1785211915.708322,8,203.546875,9944.25
1785211915.708322,7,206.84375,9883.0
1785211915.708322,8,208.484375,9897.75
1785211915.708322,8,211.765625,9895.75
1785211915.708322,8,215.0625,9890.0
1785211915.708322,15,218.34375,9181.5
1785211915.708322,15,220.0,9151.0
1785211915.708322,15,221.640625,9165.0
1785211915.708322,7,229.796875,9896.25
1785211915.708322,11,231.4375,9998.25
1785211915.708322,7,233.078125,10088.5
1785211915.708322,15,251.828125,1688.5
1785211915.708322,15,256.828125,1535.25
1785211915.708322,15,258.5,1534.0
1785211915.708322,15,266.8125,1322.75
1785211915.708322,15,271.703125,1365.25
1785211915.708322,15,290.71875,4278.25
1785211915.708322,11,292.328125,4300.0
1785211915.708322,15,293.96875,4324.75
1785211915.708322,12,338.578125,4039.75
1785211915.708322,8,340.21875,3982.25
1785211916.0426073,15,170.75,1148.25
1785211916.0426073,15,174.125,1092.0
1785211916.0426073,15,175.796875,1084.75
1785211916.0426073,15,177.40625,1084.0
1785211916.0426073,15,182.328125,1093.0
1785211916.0426073,7,207.453125,9907.75
1785211916.0426073,9,212.375,9920.25
1785211916.0426073,15,215.671875,9923.0
1785211916.0426073,15,220.609375,9202.25
1785211916.0426073,15,222.234375,9220.75
1785211916.0426073,15,245.28125,5011.0
1785211916.0426073,15,252.484375,1666.0
1785211916.0426073,15,254.125,1621.25
1785211916.0426073,15,267.484375,1313.0
1785211916.0426073,15,272.34375,1371.0
1785211916.0426073,15,291.234375,4358.25
1785211916.0426073,15,292.859375,4327.5
1785211916.0426073,15,294.5,4304.75
1785211916.0426073,14,339.046875,3972.5
1785211916.3810236,15,171.875,1128.25
1785211916.3810236,15,173.59375,1101.0
1785211916.3810236,15,175.21875,1085.5
1785211916.3810236,8,208.390625,9887.5
1785211916.3810236,8,213.3125,9889.75
1785211916.3810236,11,214.953125,9873.0
1785211916.3810236,15,218.234375,9196.25
1785211916.3810236,15,219.875,9215.0
1785211916.3810236,15,221.515625,9227.5
1785211916.3810236,8,224.78125,9906.25
1785211916.3810236,15,241.34375,4790.75
1785211916.3810236,15,242.984375,4882.25
1785211916.3810236,14,244.625,4951.0
1785211916.3810236,15,251.75,1689.0
1785211916.3810236,15,253.40625,1643.25
1785211916.3810236,15,256.765625,1537.5
1785211916.3810236,15,258.375,1532.0
1785211916.3810236,15,266.765625,1323.25
1785211916.3810236,15,268.40625,1323.0
1785211916.3810236,15,269.984375,1345.75
1785211916.3810236,15,271.59375,1360.75
1785211916.3810236,15,293.78125,4333.0
1785211916.3810236,15,340.046875,3981.75
1785211916.49499,15,171.015625,1142.5
1785211916.49499,15,174.375,1089.0
1785211916.49499,15,175.984375,1086.25
1785211916.49499,15,177.65625,1087.75
1785211916.49499,8,204.390625,10073.25
1785211916.49499,8,207.671875,9962.75
1785211916.49499,11,210.953125,9896.0
1785211916.49499,7,212.59375,9922.25
1785211916.49499,9,214.234375,9873.75
1785211916.49499,15,215.875,9911.5
1785211916.49499,15,219.15625,9180.25
1785211916.49499,7,220.8125,9148.0
1785211916.49499,15,222.453125,9151.0
1785211916.49499,15,227.359375,8464.25
1785211916.49499,8,232.234375,9973.0
1785211916.49499,15,240.578125,4749.25
1785211916.49499,15,242.21875,4837.5
1785211916.49499,15,252.625,1661.5
1785211916.49499,15,267.546875,1318.25
1785211916.49499,15,272.453125,1377.0
1785211916.49499,15,293.0625,4323.75
1785211916.49499,15,294.703125,4297.75
1785211916.49499,13,339.296875,3955.0
1785211916.8301609,15,171.5,1133.75
1785211916.8301609,15,173.109375,1104.75
1785211916.8301609,15,174.84375,1086.5
1785211916.8301609,15,178.140625,1091.5
1785211916.8301609,8,208.0625,9974.25
1785211916.8301609,8,211.34375,9955.5
1785211916.8301609,9,212.984375,9925.0
1785211916.8301609,15,216.25,9984.25
1785211916.8301609,15,219.546875,9181.0
1785211916.8301609,15,222.8125,9213.75
1785211916.8301609,15,227.75,8460.0
1785211916.8301609,11,231.015625,9965.25
1785211916.8301609,15,239.359375,4716.25
1785211916.8301609,15,241.0,4735.25
1785211916.8301609,15,253.15625,1651.25
1785211916.8301609,15,256.453125,1544.0
1785211916.8301609,15,268.09375,1316.5
1785211916.8301609,15,272.953125,1386.25
1785211916.8301609,15,291.90625,4356.75
1785211916.8301609,15,293.5625,4337.25
1785211916.8301609,6,295.21875,4300.5
1785211916.8301609,15,339.78125,4005.0
1785211917.055443,15,170.8125,1148.5
1785211917.055443,15,174.15625,1091.75
1785211917.055443,15,175.859375,1084.75
1785211917.055443,14,177.453125,1084.0
1785211917.055443,15,182.3125,1092.75
1785211917.055443,7,207.40625,9907.75
1785211917.055443,8,209.03125,9899.5
1785211917.055443,12,215.578125,9917.25
1785211917.055443,15,220.515625,9181.0
1785211917.055443,15,222.15625,9203.75
1785211917.055443,15,233.828125,4443.0
1785211917.055443,15,238.75,4617.5
1785211917.055443,15,252.375,1669.0
1785211917.055443,15,254.09375,1624.0
1785211917.055443,15,267.4375,1312.75
1785211917.055443,15,272.21875,1370.75
1785211917.055443,15,291.140625,4337.0
1785211917.055443,15,292.78125,4327.25
1785211917.055443,15,294.421875,4306.5
1785211917.055443,15,339.015625,3972.0
1785211917.3923166,15,170.515625,1156.0
1785211917.3923166,15,172.109375,1125.0
1785211917.3923166,15,173.828125,1098.25
1785211917.3923166,15,175.453125,1086.25
1785211917.3923166,15,182.046875,1091.0
1785211917.3923166,8,207.171875,9942.25
1785211917.3923166,9,210.4375,9912.75
1785211917.3923166,7,215.375,9901.0
1785211917.3923166,15,218.671875,9195.25
1785211917.3923166,15,220.3125,9202.75
1785211917.3923166,15,221.953125,9191.75
1785211917.3923166,15,226.890625,8384.5
1785211917.3923166,15,230.34375,4239.0
1785211917.3923166,15,235.25,4423.25
1785211917.3923166,15,236.875,4471.0
1785211917.3923166,15,252.171875,1672.75
1785211917.3923166,15,253.859375,1628.75
1785211917.3923166,15,258.84375,1514.75
1785211917.3923166,15,267.203125,1313.75
1785211917.3923166,15,272.09375,1367.5
1785211917.3923166,15,292.671875,4314.25
1785211917.3923166,15,294.3125,4298.75
1785211917.3923166,11,297.59375,4287.25
1785211917.3923166,9,312.484375,4215.75
1785211917.3923166,7,335.484375,4096.0
1785211917.3923166,9,338.796875,4021.75
1785211917.6144197,15,171.015625,1142.5
1785211917.6144197,15,174.359375,1088.75
1785211917.6144197,15,176.09375,1086.25
1785211917.6144197,15,177.703125,1088.0
1785211917.6144197,8,210.9375,9956.25
1785211917.6144197,8,212.578125,9870.25
1785211917.6144197,8,214.203125,9833.75
1785211917.6144197,15,215.84375,9927.0
1785211917.6144197,15,219.140625,9169.5
1785211917.6144197,11,220.765625,9185.0
1785211917.6144197,15,222.421875,9192.0
1785211917.6144197,15,229.140625,4116.5
1785211917.6144197,15,234.03125,4315.25
1785211917.6144197,15,252.71875,1661.5
1785211917.6144197,15,267.71875,1317.25
1785211917.6144197,15,272.59375,1377.25
1785211917.6144197,15,293.125,4320.75
1785211917.6144197,15,294.75,4290.0
1785211917.6144197,10,339.328125,4041.25
1785211917.8403933,15,171.84375,1130.25
1785211917.8403933,15,173.546875,1102.75
1785211917.8403933,15,175.15625,1086.0
1785211917.8403933,10,206.75,9900.0
1785211917.8403933,9,208.390625,9887.75
1785211917.8403933,8,213.3125,9887.75
1785211917.8403933,10,214.953125,9873.25
1785211917.8403933,15,218.25,9190.0
1785211917.8403933,15,219.875,9179.5
1785211917.8403933,15,221.515625,9189.75
1785211917.8403933,15,226.703125,4029.0
1785211917.8403933,15,231.609375,4177.25
1785211917.8403933,15,233.25,4255.75
1785211917.8403933,15,251.796875,1688.5
1785211917.8403933,15,253.53125,1641.75
1785211917.8403933,15,256.859375,1536.25
1785211917.8403933,15,258.4375,1533.5
1785211917.8403933,15,266.875,1323.5
1785211917.8403933,15,271.734375,1365.0
1785211917.8403933,15,290.59375,4295.5
1785211917.8403933,9,292.25,4327.75
1785211917.8403933,15,293.859375,4328.25
1785211917.8403933,14,340.125,3980.75
1785211918.1781015,15,170.671875,1152.25
1785211918.1781015,15,172.40625,1121.5
1785211918.1781015,15,174.03125,1094.75
1785211918.1781015,15,175.671875,1084.75
1785211918.1781015,9,177.359375,1083.75
1785211918.1781015,15,182.28125,1092.5
1785211918.1781015,7,207.328125,9909.5
1785211918.1781015,7,215.515625,9894.25
1785211918.1781015,15,222.3125,3967.75
1785211918.1781015,15,225.59375,3961.0
1785211918.1781015,15,227.171875,4034.0
1785211918.1781015,15,228.828125,4103.0
1785211918.1781015,15,252.28125,1669.5
1785211918.1781015,15,253.984375,1625.75
1785211918.1781015,15,267.25,1312.75
1785211918.1781015,15,272.09375,1368.0
1785211918.1781015,14,291.0625,4321.75
1785211918.1781015,15,292.6875,4311.75
1785211918.1781015,8,294.328125,4301.0
1785211918.4007204,15,171.125,1142.5
1785211918.4007204,15,174.40625,1088.0
1785211918.4007204,15,176.0625,1086.75
1785211918.4007204,15,177.671875,1091.25
1785211918.4007204,15,187.453125,1277.25
1785211918.4007204,7,207.734375,9955.0
1785211918.4007204,8,211.015625,9950.25
1785211918.4007204,9,212.640625,9907.25
1785211918.4007204,8,214.28125,9855.5
1785211918.4007204,15,215.9375,9857.5
1785211918.4007204,15,219.4375,3953.25
1785211918.4007204,15,224.359375,3956.5
1785211918.4007204,15,225.984375,4001.75
1785211918.4007204,15,227.59375,4086.5
1785211918.4007204,15,252.734375,1661.0
1785211918.4007204,15,267.75,1317.5
1785211918.4007204,15,272.609375,1378.5
1785211918.4007204,15,293.125,4325.5
1785211918.4007204,15,294.765625,4294.5
1785211918.4007204,13,339.28125,3954.75
1785211918.6263883,15,171.5625,1132.75
1785211918.6263883,15,173.203125,1104.75
1785211918.6263883,15,174.875,1086.5
1785211918.6263883,9,176.421875,1092.5
1785211918.6263883,15,178.15625,1100.0
1785211918.6263883,8,211.34375,9972.25
1785211918.6263883,11,216.484375,3967.5
1785211918.6263883,15,221.40625,3934.5
1785211918.6263883,15,223.03125,3955.0
1785211918.6263883,15,224.671875,3986.75
1785211918.6263883,15,253.15625,1648.75
1785211918.6263883,15,256.484375,1544.0
1785211918.6263883,15,268.1875,1316.5
1785211918.6263883,15,272.96875,1385.75
1785211918.6263883,15,290.28125,4366.0
1785211918.6263883,10,291.921875,4363.5
1785211918.6263883,15,293.546875,4337.75
1785211918.6263883,7,295.1875,4301.0
1785211918.6263883,15,339.796875,4000.5
1785211918.8520358,15,170.546875,1155.75
1785211918.8520358,15,172.140625,1124.75
1785211918.8520358,15,173.84375,1098.0
1785211918.8520358,15,175.453125,1086.0
1785211918.8520358,15,182.125,1091.0
1785211918.8520358,10,210.46875,9971.75
1785211918.8520358,15,213.984375,3965.5
1785211918.8520358,15,218.921875,3950.75
1785211918.8520358,15,220.53125,3941.5
1785211918.8520358,15,222.171875,3962.75
1785211918.8520358,15,252.171875,1673.0
1785211918.8520358,15,253.8125,1628.5
1785211918.8520358,15,257.15625,1528.25
1785211918.8520358,15,258.828125,1513.25
1785211918.8520358,15,267.15625,1313.75
1785211918.8520358,15,271.984375,1366.25
1785211918.8520358,15,292.625,4313.5
1785211918.8520358,14,294.265625,4299.0
1785211918.8520358,11,338.90625,3985.5
1785211919.1877232,15,170.796875,1146.5
1785211919.1877232,15,174.140625,1091.75
1785211919.1877232,15,175.859375,1084.5
1785211919.1877232,15,177.421875,1084.0
1785211919.1877232,15,182.390625,1093.25
1785211919.1877232,8,207.375,9913.0
1785211919.1877232,15,214.171875,3929.25
1785211919.1877232,15,215.8125,3927.0
1785211919.1877232,15,217.453125,3933.5
1785211919.1877232,15,219.0625,3975.5
1785211919.1877232,9,231.953125,10013.5
1785211919.1877232,12,233.59375,10041.75
1785211919.1877232,15,252.40625,1669.25
1785211919.1877232,15,254.078125,1625.25
1785211919.1877232,15,267.359375,1312.75
1785211919.1877232,15,272.234375,1370.25
1785211919.1877232,15,291.140625,4320.5
1785211919.1877232,15,292.78125,4321.75
1785211919.1877232,10,294.390625,4303.75
1785211919.4135365,15,171.109375,1142.25
1785211919.4135365,15,174.46875,1088.25
1785211919.4135365,15,176.046875,1086.75
1785211919.4135365,15,177.71875,1090.75
1785211919.4135365,15,209.515625,4021.5
1785211919.4135365,15,211.140625,3968.25
1785211919.4135365,15,212.78125,3951.75
1785211919.4135365,15,214.40625,3934.75
1785211919.4135365,15,216.046875,3957.0
1785211919.4135365,15,227.359375,8472.5
1785211919.4135365,15,252.640625,1661.5
1785211919.4135365,15,267.578125,1318.25
1785211919.4135365,15,270.84375,1342.0
1785211919.4135365,15,272.46875,1376.5
1785211919.4135365,9,291.328125,4331.25
1785211919.4135365,15,293.0,4340.25
1785211919.4135365,15,294.609375,4297.5
1785211919.4135365,14,339.15625,3960.5
1785211919.7477083,15,170.953125,1146.0
1785211919.7477083,15,174.203125,1090.5
1785211919.7477083,15,175.921875,1084.75
1785211919.7477083,15,177.53125,1087.25
1785211919.7477083,15,204.5,4074.25
1785211919.7477083,15,206.171875,4040.0
1785211919.7477083,15,207.8125,4002.0
1785211919.7477083,15,209.453125,3976.75
1785211919.7477083,15,211.09375,3966.0
1785211919.7477083,15,212.734375,3949.5
1785211919.7477083,15,219.09375,9156.75
1785211919.7477083,15,220.734375,9204.25
1785211919.7477083,15,222.375,9216.0
1785211919.7477083,15,227.296875,8470.25
1785211919.7477083,15,252.609375,1661.5
1785211919.7477083,15,267.609375,1317.5
1785211919.7477083,15,270.890625,1342.0
1785211919.7477083,15,272.5,1376.75
1785211919.7477083,15,293.140625,4317.75
1785211919.7477083,15,294.78125,4294.25
1785211919.7477083,13,339.296875,3950.75
1785211919.9728029,15,171.59375,1132.75
1785211919.9728029,15,173.21875,1105.0
1785211919.9728029,15,174.90625,1086.5
1785211919.9728029,15,178.171875,1091.75
1785211919.9728029,15,203.40625,4138.25
1785211919.9728029,15,205.046875,4087.0
1785211919.9728029,15,206.703125,4057.5
1785211919.9728029,15,208.34375,4012.5
1785211919.9728029,15,210.0,3973.75
1785211919.9728029,15,216.328125,9972.0
1785211919.9728029,15,219.625,9186.25
1785211919.9728029,15,222.890625,9236.25
1785211919.9728029,15,227.796875,8424.0
1785211919.9728029,7,231.046875,9981.0
1785211919.9728029,9,234.3125,10109.0
1785211919.9728029,15,253.09375,1650.75
1785211919.9728029,15,268.09375,1314.5
1785211919.9728029,15,272.90625,1385.5
1785211919.9728029,12,291.84375,4347.0
1785211919.9728029,15,293.5,4334.75
1785211919.9728029,7,295.109375,4298.75
1785211919.9728029,11,338.046875,4077.5
1785211919.9728029,15,339.71875,4000.25
1785211920.3111753,15,170.640625,1152.25
1785211920.3111753,15,172.390625,1121.0
1785211920.3111753,15,174.078125,1095.25
1785211920.3111753,15,175.671875,1085.5
1785211920.3111753,15,182.15625,1094.0
1785211920.3111753,15,204.1875,4126.5
1785211920.3111753,15,205.828125,4091.0
1785211920.3111753,15,207.453125,4128.5
1785211920.3111753,7,218.75,9124.5
1785211920.3111753,15,220.390625,9133.5
1785211920.3111753,15,222.03125,9185.5
1785211920.3111753,15,226.96875,8390.25
1785211920.3111753,15,252.265625,1672.25
1785211920.3111753,15,253.921875,1627.25
1785211920.3111753,15,258.84375,1521.0
1785211920.3111753,15,267.1875,1313.75
1785211920.3111753,15,272.09375,1368.0
1785211920.3111753,14,291.0,4334.0
1785211920.3111753,15,292.640625,4313.25
1785211920.3111753,15,294.265625,4298.25
1785211920.5336702,15,171.140625,1140.0
1785211920.5336702,15,174.484375,1088.25
1785211920.5336702,15,176.15625,1087.0
1785211920.5336702,15,177.78125,1091.5
1785211920.5336702,11,198.15625,4400.0
1785211920.5336702,15,203.078125,4168.75
1785211920.5336702,15,204.703125,4201.0
1785211920.5336702,8,211.09375,9890.75
1785211920.5336702,7,212.71875,9893.0
1785211920.5336702,15,216.0,9979.75
1785211920.5336702,15,219.296875,9209.25
1785211920.5336702,8,220.9375,9149.5
1785211920.5336702,15,222.578125,9133.75
1785211920.5336702,15,227.46875,8446.75
1785211920.5336702,11,230.734375,9936.25
1785211920.5336702,10,232.359375,9988.0
1785211920.5336702,15,252.796875,1661.25
1785211920.5336702,15,267.78125,1317.5
1785211920.5336702,15,272.625,1378.75
1785211920.5336702,15,293.203125,4332.0
1785211920.5336702,12,294.859375,4291.75
1785211920.5336702,9,339.34375,4041.25
1785211920.759372,15,170.296875,1159.25
1785211920.759372,15,171.9375,1128.25
1785211920.759372,15,173.6875,1100.75
1785211920.759372,15,175.328125,1085.5
1785211920.759372,15,181.875,1088.75
1785211920.759372,15,188.25,1292.5
1785211920.759372,15,202.234375,4255.75
1785211920.759372,9,208.609375,9945.5
1785211920.759372,9,211.875,9890.0
1785211920.759372,15,218.46875,9164.5
1785211920.759372,15,220.109375,9149.0
1785211920.759372,15,221.75,9174.0
1785211920.759372,15,252.015625,1677.5
1785211920.759372,15,267.0,1313.0
1785211920.759372,15,271.890625,1366.0
1785211920.759372,15,290.796875,4183.25
1785211920.759372,15,292.421875,4301.25
1785211920.759372,15,294.09375,4325.5
1785211920.759372,10,338.59375,4038.25
1785211921.096315,15,171.609375,1132.75
1785211921.096315,15,173.28125,1105.0
1785211921.096315,15,174.90625,1086.75
1785211921.096315,15,178.140625,1091.75
1785211921.096315,15,198.5,4416.25
1785211921.096315,9,206.53125,9999.75
1785211921.096315,10,208.1875,9922.0
1785211921.096315,8,213.09375,9905.25
1785211921.096315,7,214.75,9881.25
1785211921.096315,15,216.375,9969.0
1785211921.096315,15,219.671875,9180.25
1785211921.096315,11,221.3125,9105.75
1785211921.096315,15,227.859375,8425.0
1785211921.096315,15,253.109375,1650.25
1785211921.096315,15,268.125,1314.25
1785211921.096315,15,272.890625,1384.75
1785211921.096315,10,291.890625,4327.75
1785211921.096315,15,293.515625,4336.25
1785211921.096315,7,295.140625,4297.25
1785211921.096315,15,339.75,4005.5
1785211921.4339845,15,170.515625,1155.5
1785211921.4339845,15,172.1875,1124.25
1785211921.4339845,15,173.890625,1097.75
1785211921.4339845,15,175.53125,1086.0
1785211921.4339845,15,182.046875,1091.25
1785211921.4339845,7,205.4375,10023.0
1785211921.4339845,7,207.078125,9906.0
1785211921.4339845,10,210.359375,9875.25
1785211921.4339845,15,218.5625,9173.0
1785211921.4339845,15,220.1875,9203.25
1785211921.4339845,15,221.828125,9222.75
1785211921.4339845,7,230.0,9936.5
1785211921.4339845,15,252.09375,1674.0
1785211921.4339845,15,253.75,1628.75
1785211921.4339845,15,258.734375,1524.25
1785211921.4339845,15,267.140625,1313.75
1785211921.4339845,15,271.953125,1366.0
1785211921.4339845,14,290.875,4309.5
1785211921.4339845,15,292.5,4304.5
1785211921.4339845,15,294.15625,4307.75
1785211921.4339845,15,297.421875,4280.0
1785211921.4339845,10,338.625,4036.0
1785211921.6568677,15,171.0,1142.25
1785211921.6568677,15,174.40625,1089.0
1785211921.6568677,15,175.984375,1086.0
1785211921.6568677,15,177.703125,1087.25
1785211921.6568677,7,210.84375,9917.75
1785211921.6568677,9,212.484375,9893.5
1785211921.6568677,15,215.765625,9930.75
1785211921.6568677,15,219.0625,9154.0
1785211921.6568677,15,220.6875,9198.5
1785211921.6568677,15,222.328125,9217.5
1785211921.6568677,15,227.28125,8469.0
1785211921.6568677,8,230.53125,9951.0
1785211921.6568677,10,232.171875,9991.25
1785211921.6568677,9,233.8125,10029.25
1785211921.6568677,15,252.578125,1664.75
1785211921.6568677,15,267.59375,1317.5
1785211921.6568677,15,272.421875,1376.0
1785211921.6568677,12,291.296875,4358.0
1785211921.6568677,15,292.9375,4338.5
1785211921.6568677,15,294.578125,4297.5
1785211921.6568677,14,339.171875,4042.25
1785211921.8833277,15,171.34375,1136.5
1785211921.8833277,15,174.734375,1086.5
1785211921.8833277,15,176.34375,1091.0
1785211921.8833277,15,177.953125,1098.0
1785211921.8833277,8,207.96875,9957.5
1785211921.8833277,9,212.890625,9883.25
1785211921.8833277,11,214.53125,9853.75
1785211921.8833277,15,216.1875,9908.25
1785211921.8833277,15,219.484375,9180.5
1785211921.8833277,13,221.125,9175.0
1785211921.8833277,15,222.78125,9192.75
1785211921.8833277,15,227.703125,8417.75
1785211921.8833277,7,230.953125,9905.5
1785211921.8833277,15,256.375,1549.0
1785211921.8833277,15,261.3125,1402.0
1785211921.8833277,15,267.953125,1314.5
1785211921.8833277,15,272.8125,1384.0
1785211921.8833277,9,291.734375,4400.5
1785211921.8833277,15,293.390625,4318.75
1785211921.8833277,15,295.0,4280.5
1785211921.8833277,9,346.109375,4137.25
1785211922.105042,15,171.578125,1133.0
1785211922.105042,15,173.21875,1105.25
1785211922.105042,15,174.875,1087.0
1785211922.105042,15,178.171875,1091.75
1785211922.105042,8,214.734375,9907.0
1785211922.105042,15,216.375,9976.25
1785211922.105042,15,219.65625,9183.0
1785211922.105042,13,221.3125,9105.75
1785211922.105042,15,227.875,8395.5
1785211922.105042,10,231.109375,10027.5
1785211922.105042,15,253.21875,1647.0
1785211922.105042,15,256.515625,1543.5
1785211922.105042,15,268.15625,1316.25
1785211922.105042,15,273.03125,1385.75
1785211922.105042,15,293.609375,4337.75
1785211922.105042,7,295.25,4298.5
1785211922.105042,15,339.75,4006.25
1785211922.442253,15,170.890625,1148.0
1785211922.442253,15,174.21875,1091.0
1785211922.442253,15,175.90625,1084.75
1785211922.442253,15,177.546875,1086.75
1785211922.442253,15,182.421875,1095.25
1785211922.442253,9,204.1875,10068.0
1785211922.442253,9,207.453125,9924.5
1785211922.442253,8,212.375,9841.5
1785211922.442253,15,215.65625,9893.0
1785211922.442253,15,220.59375,9208.75
1785211922.442253,15,222.21875,9215.25
1785211922.442253,8,235.375,10152.25
1785211922.442253,15,252.546875,1664.75
1785211922.442253,15,254.203125,1620.25
1785211922.442253,15,267.5,1317.0
1785211922.442253,15,270.75,1339.0
1785211922.442253,15,272.34375,1370.25
1785211922.442253,15,291.25,4340.0
1785211922.442253,15,292.875,4320.5
1785211922.442253,15,294.515625,4301.75
1785211922.442253,8,335.796875,4067.25
1785211922.442253,15,339.125,4019.0
1785211922.6694143,15,171.625,1132.5
1785211922.6694143,15,173.265625,1104.75
1785211922.6694143,15,174.953125,1086.75
1785211922.6694143,15,178.1875,1091.75
1785211922.6694143,10,206.53125,9907.25
1785211922.6694143,8,208.1875,9931.5
1785211922.6694143,7,214.75,9905.25
1785211922.6694143,15,216.390625,9963.75
1785211922.6694143,15,219.6875,9180.25
1785211922.6694143,13,221.328125,9168.5
1785211922.6694143,15,227.875,8444.5
1785211922.6694143,9,234.40625,10104.0
1785211922.6694143,15,253.1875,1647.75
1785211922.6694143,15,256.546875,1543.75
1785211922.6694143,15,268.125,1316.0
1785211922.6694143,15,273.0,1386.0
1785211922.6694143,15,293.625,4337.0
1785211922.6694143,9,295.25,4297.0
1785211922.6694143,15,339.890625,3996.75
1785211923.005663,15,170.453125,1155.75
1785211923.005663,15,172.125,1125.0
1785211923.005663,15,173.765625,1098.25
1785211923.005663,15,175.453125,1085.75
1785211923.005663,15,181.9375,1090.75
1785211923.005663,7,205.40625,9910.5
1785211923.005663,9,207.046875,9915.5
1785211923.005663,9,208.6875,10016.75
1785211923.005663,10,210.328125,9991.5
1785211923.005663,15,218.5625,9175.0
1785211923.005663,15,220.1875,9200.75
1785211923.005663,15,221.84375,9211.0
1785211923.005663,10,229.96875,9924.75
1785211923.005663,15,252.0,1681.0
1785211923.005663,15,253.65625,1634.0
1785211923.005663,15,267.015625,1313.5
1785211923.005663,15,271.859375,1365.75
1785211923.005663,15,290.765625,4276.25
1785211923.005663,15,292.390625,4281.25
1785211923.005663,15,294.03125,4311.25
1785211923.005663,11,338.5,4040.5
1785211923.2286584,15,171.875,1130.5
1785211923.2286584,15,173.453125,1102.75
1785211923.2286584,15,175.109375,1086.0
1785211923.2286584,7,206.671875,9948.0
1785211923.2286584,8,213.234375,9878.0
1785211923.2286584,8,214.875,9862.25
1785211923.2286584,15,218.15625,9315.0
1785211923.2286584,15,219.78125,9198.75
1785211923.2286584,15,221.421875,9213.5
1785211923.2286584,10,231.296875,10027.75
1785211923.2286584,11,236.21875,10110.0
1785211923.2286584,15,251.734375,1692.0
1785211923.2286584,15,253.328125,1642.75
1785211923.2286584,15,256.6875,1538.25
1785211923.2286584,15,258.3125,1528.75
1785211923.2286584,15,266.703125,1327.5
1785211923.2286584,15,268.328125,1319.5
1785211923.2286584,15,269.9375,1341.75
1785211923.2286584,15,271.5625,1362.0
1785211923.2286584,15,290.4375,4349.75
1785211923.2286584,15,292.046875,4341.5
1785211923.2286584,15,293.6875,4330.0
1785211923.2286584,9,295.328125,4310.5
1785211923.2286584,15,339.828125,3998.5
1785211923.4548194,15,171.359375,1136.5
1785211923.4548194,15,174.59375,1086.5
1785211923.4548194,15,176.265625,1090.25
1785211923.4548194,15,177.875,1097.5
1785211923.4548194,8,206.265625,9920.5
1785211923.4548194,10,212.84375,9875.25
1785211923.4548194,8,214.46875,9857.5
1785211923.4548194,15,216.109375,9920.25
1785211923.4548194,15,219.421875,9184.5
1785211923.4548194,15,221.046875,9212.75
1785211923.4548194,15,222.6875,9209.25
1785211923.4548194,15,227.59375,8442.75
1785211923.4548194,15,252.875,1656.75
1785211923.4548194,15,267.828125,1312.0
1785211923.4548194,15,272.703125,1379.5
1785211923.4548194,15,293.21875,4327.75
1785211923.4548194,15,294.859375,4288.0
1785211923.6785674,15,171.125,1141.25
1785211923.6785674,15,174.453125,1088.0
1785211923.6785674,15,176.109375,1086.5
1785211923.6785674,15,177.75,1091.5
1785211923.6785674,7,212.609375,9941.0
1785211923.6785674,8,214.25,9945.25
1785211923.6785674,15,215.890625,9936.0
1785211923.6785674,15,219.1875,9195.25
1785211923.6785674,15,222.453125,9196.0
1785211923.6785674,15,227.375,8492.75
1785211923.6785674,15,252.703125,1661.5
1785211923.6785674,15,267.671875,1317.25
1785211923.6785674,15,270.875,1341.75
1785211923.6785674,15,272.53125,1376.25
1785211923.6785674,15,293.125,4323.0
1785211923.6785674,15,294.765625,4289.25
1785211923.9034128,15,171.359375,1136.5
1785211923.9034128,15,174.71875,1086.5
1785211923.9034128,15,176.296875,1090.75
1785211923.9034128,15,177.9375,1097.75
1785211923.9034128,9,207.921875,9930.0
1785211923.9034128,8,212.84375,9866.75
1785211923.9034128,7,214.46875,9851.75
1785211923.9034128,15,216.109375,9920.5
1785211923.9034128,15,219.40625,9188.0
1785211923.9034128,15,221.03125,9211.75
1785211923.9034128,15,222.671875,9208.5
1785211923.9034128,15,227.609375,8438.0
1785211923.9034128,15,252.90625,1656.5
1785211923.9034128,15,267.921875,1311.75
1785211923.9034128,15,272.75,1383.25
1785211923.9034128,10,291.65625,4362.75
1785211923.9034128,15,293.296875,4320.75
1785211923.9034128,15,294.921875,4282.25
1785211923.9034128,11,337.890625,4100.0
1785211923.9034128,9,346.109375,4137.5
1785211924.1289868,15,171.671875,1132.5
1785211924.1289868,15,173.296875,1104.25
1785211924.1289868,15,174.921875,1086.5
1785211924.1289868,15,178.265625,1092.25
1785211924.1289868,10,208.234375,9937.5
1785211924.1289868,7,213.15625,9902.25
1785211924.1289868,8,214.796875,9892.75
1785211924.1289868,15,216.4375,9872.75
1785211924.1289868,15,219.734375,9193.5
1785211924.1289868,15,221.375,9209.0
1785211924.1289868,15,227.9375,8404.0
1785211924.1289868,15,253.25,1647.75
1785211924.1289868,15,256.5625,1543.25
1785211924.1289868,15,268.171875,1316.0
1785211924.1289868,15,273.046875,1386.25
1785211924.1289868,15,290.28125,4369.25
1785211924.1289868,14,291.921875,4366.5
1785211924.1289868,15,293.5625,4339.25
1785211924.1289868,8,295.21875,4298.0
1785211924.1289868,15,339.765625,4004.5
1785211924.3524942,15,171.40625,1136.0
1785211924.3524942,15,174.8125,1086.5
1785211924.3524942,15,178.0,1091.5
1785211924.3524942,8,204.8125,10043.25
1785211924.3524942,9,206.453125,10014.75
1785211924.3524942,7,208.09375,9960.75
1785211924.3524942,10,211.390625,9925.5
1785211924.3524942,9,213.03125,9900.5
1785211924.3524942,9,214.65625,9890.5
1785211924.3524942,15,216.3125,9970.5
1785211924.3524942,15,219.609375,9183.0
1785211924.3524942,15,222.890625,9221.0
1785211924.3524942,15,227.796875,8400.25
1785211924.3524942,15,253.078125,1652.0
1785211924.3524942,15,268.0625,1314.0
1785211924.3524942,15,272.875,1385.25
1785211924.3524942,15,291.90625,4322.25
1785211924.3524942,15,293.53125,4340.0
1785211924.3524942,7,295.171875,4300.5
1785211924.3524942,15,339.671875,4005.75
1785211924.5776997,15,171.8125,1128.5
1785211924.5776997,15,173.515625,1100.5
1785211924.5776997,15,175.203125,1085.75
1785211924.5776997,11,181.703125,1084.5
1785211924.5776997,7,211.734375,9950.0
1785211924.5776997,7,215.015625,9916.0
1785211924.5776997,15,218.3125,9185.5
1785211924.5776997,15,219.953125,9212.0
1785211924.5776997,15,221.59375,9219.75
1785211924.5776997,9,231.375,9974.25
1785211924.5776997,8,233.015625,10098.5
1785211924.5776997,15,251.796875,1688.0
1785211924.5776997,15,253.515625,1641.75
1785211924.5776997,15,256.796875,1537.5
1785211924.5776997,15,258.4375,1534.75
1785211924.5776997,15,266.8125,1324.5
1785211924.5776997,15,271.703125,1364.75
1785211924.5776997,15,290.640625,4273.5
1785211924.5776997,15,292.265625,4299.75
1785211924.5776997,13,293.90625,4323.5
1785211924.5776997,12,338.4375,4041.25
1785211924.5776997,7,340.109375,3981.5
1785211924.915017,15,171.75,1130.75
1785211924.915017,15,173.453125,1103.0
1785211924.915017,15,175.125,1086.25
1785211924.915017,8,214.890625,9917.25
1785211924.915017,15,218.171875,9298.5
1785211924.915017,15,219.796875,9192.0
1785211924.915017,15,221.4375,9206.25
1785211924.915017,9,232.9375,10092.25
1785211924.915017,10,236.21875,10218.5
1785211924.915017,15,251.65625,1694.0
1785211924.915017,15,256.703125,1538.25
1785211924.915017,15,258.28125,1529.0
1785211924.915017,15,266.71875,1327.25
1785211924.915017,15,268.28125,1319.5
1785211924.915017,15,269.953125,1341.75
1785211924.915017,15,271.53125,1362.0
1785211924.915017,15,290.453125,4350.0
1785211924.915017,13,292.0625,4344.0
1785211924.915017,15,293.734375,4331.5
1785211924.915017,6,295.375,4309.75
1785211924.915017,15,339.984375,3983.5
1785211925.1385767,15,170.34375,1158.75
1785211925.1385767,15,172.03125,1128.25
1785211925.1385767,15,173.640625,1100.5
1785211925.1385767,15,175.375,1086.0
1785211925.1385767,15,181.84375,1089.25
1785211925.1385767,15,188.15625,1292.25
1785211925.1385767,8,210.203125,9923.0
1785211925.1385767,10,211.828125,9953.0
1785211925.1385767,9,215.125,9914.25
1785211925.1385767,15,218.40625,9175.0
1785211925.1385767,14,220.046875,9100.75
1785211925.1385767,15,221.703125,9125.0
1785211925.1385767,8,233.09375,9999.5
1785211925.1385767,8,236.359375,10214.5
1785211925.1385767,15,251.828125,1687.25
1785211925.1385767,15,253.484375,1641.5
1785211925.1385767,15,256.859375,1537.25
1785211925.1385767,15,258.453125,1534.25
1785211925.1385767,15,266.78125,1324.5
1785211925.1385767,15,271.640625,1362.5
1785211925.1385767,15,290.578125,4303.25
1785211925.1385767,15,292.21875,4331.75
1785211925.1385767,13,293.859375,4324.25
1785211925.1385767,12,338.3125,4047.75
1785211925.1385767,10,339.984375,3986.0
1785211925.4757483,15,171.09375,1142.25
1785211925.4757483,15,174.390625,1089.0
1785211925.4757483,15,176.0,1086.5
1785211925.4757483,15,177.671875,1091.0
1785211925.4757483,8,206.046875,9863.0
1785211925.4757483,9,207.6875,9953.0
1785211925.4757483,8,210.984375,9973.75
1785211925.4757483,9,214.265625,9872.5
1785211925.4757483,15,215.890625,9890.5
1785211925.4757483,15,219.1875,9196.75
1785211925.4757483,15,222.46875,9202.75
1785211925.4757483,15,227.421875,8461.75
1785211925.4757483,9,232.328125,9985.75
1785211925.4757483,8,235.609375,10127.5
1785211925.4757483,7,237.25,10377.5
1785211925.4757483,15,267.84375,1314.75
1785211925.4757483,15,272.671875,1379.5
1785211925.4757483,15,293.25,4330.25
1785211925.4757483,13,294.90625,4287.25
1785211925.7012491,15,170.359375,1158.5
1785211925.7012491,15,172.015625,1128.25
1785211925.7012491,15,173.75,1100.25
1785211925.7012491,15,175.375,1085.5
1785211925.7012491,15,181.90625,1089.25
1785211925.7012491,15,188.234375,1289.75
1785211925.7012491,10,206.96875,9876.75
1785211925.7012491,8,210.25,9826.5
1785211925.7012491,15,218.46875,9180.25
1785211925.7012491,15,220.109375,9206.0
1785211925.7012491,15,221.75,9222.5
1785211925.7012491,8,229.9375,9922.5
1785211925.7012491,8,233.234375,10037.75
1785211925.7012491,15,251.984375,1680.5
1785211925.7012491,15,253.65625,1634.0
1785211925.7012491,15,266.96875,1313.75
1785211925.7012491,15,271.828125,1365.75
1785211925.7012491,15,292.421875,4303.75
1785211925.7012491,15,294.0625,4312.25
1785211925.7012491,15,297.359375,4280.25
1785211925.7012491,12,338.71875,4022.5
1785211925.9246092,15,171.15625,1139.75
1785211925.9246092,15,174.546875,1087.75
1785211925.9246092,15,176.1875,1086.75
1785211925.9246092,15,177.765625,1094.0
1785211925.9246092,9,206.21875,9921.5
1785211925.9246092,8,207.859375,9929.25
1785211925.9246092,9,211.140625,9930.75
1785211925.9246092,10,212.796875,9856.5
1785211925.9246092,15,216.0625,9905.75
1785211925.9246092,15,219.359375,9191.25
1785211925.9246092,15,221.0,9213.5
1785211925.9246092,15,222.640625,9209.75
1785211925.9246092,15,227.5625,8439.0
1785211925.9246092,15,252.859375,1656.75
1785211925.9246092,15,267.859375,1311.0
1785211925.9246092,15,272.734375,1379.5
1785211925.9246092,10,291.640625,4366.5
1785211925.9246092,15,293.296875,4320.5
1785211925.9246092,13,294.953125,4279.75
1785211925.9246092,8,337.8125,4098.75
1785211926.2616234,15,171.4375,1136.0
1785211926.2616234,15,173.109375,1107.0
1785211926.2616234,15,174.71875,1086.25
1785211926.2616234,15,176.328125,1090.25
1785211926.2616234,15,178.046875,1098.25
1785211926.2616234,8,206.3125,9973.25
1785211926.2616234,8,212.859375,9884.0
1785211926.2616234,8,214.515625,9862.75
1785211926.2616234,15,216.140625,9925.0
1785211926.2616234,15,219.4375,9189.0
1785211926.2616234,15,221.078125,9215.0
1785211926.2616234,15,222.71875,9212.75
1785211926.2616234,15,227.640625,8456.0
1785211926.2616234,11,261.3125,1401.5
1785211926.2616234,15,268.0,1313.75
1785211926.2616234,15,272.8125,1382.5
1785211926.2616234,9,291.703125,4398.5
1785211926.2616234,15,293.34375,4318.0
1785211926.2616234,15,294.96875,4280.5
1785211926.2616234,11,337.921875,4098.75
1785211926.484513,15,171.890625,1128.25
1785211926.484513,15,173.625,1100.75
1785211926.484513,15,175.203125,1085.75
1785211926.484513,15,181.734375,1085.75
1785211926.484513,15,188.140625,1307.0
1785211926.484513,11,206.859375,9911.0
1785211926.484513,10,215.0625,9892.5
1785211926.484513,15,218.359375,9181.5
1785211926.484513,15,220.0,9123.5
1785211926.484513,15,221.640625,9136.25
1785211926.484513,9,224.921875,9901.25
1785211926.484513,7,228.203125,9937.0
1785211926.484513,8,229.859375,9938.25
1785211926.484513,15,251.90625,1681.25
1785211926.484513,15,253.5625,1634.5
1785211926.484513,15,256.875,1534.75
1785211926.484513,15,258.46875,1533.75
1785211926.484513,15,266.84375,1324.75
1785211926.484513,15,271.703125,1364.75
1785211926.484513,15,290.625,4273.0
1785211926.484513,15,293.875,4263.25
1785211926.484513,14,340.09375,3983.5
1785211926.7103417,15,170.625,1151.75
1785211926.7103417,15,172.328125,1120.25
1785211926.7103417,15,173.984375,1094.5
1785211926.7103417,15,175.625,1084.75
1785211926.7103417,15,182.25,1093.75
1785211926.7103417,9,207.296875,9959.5
1785211926.7103417,11,215.5,9886.75
1785211926.7103417,15,220.4375,9185.0
1785211926.7103417,15,222.09375,9201.5
1785211926.7103417,7,245.0625,8502.75
1785211926.7103417,15,252.34375,1668.75
1785211926.7103417,15,254.0,1624.25
1785211926.7103417,15,267.328125,1312.25
1785211926.7103417,15,272.171875,1368.5
1785211926.7103417,15,291.171875,4341.25
1785211926.7103417,15,292.8125,4319.5
1785211926.7103417,15,294.46875,4301.75
1785211926.7103417,7,335.703125,3989.25
1785211926.7103417,15,339.0,4012.0
1785211926.9332113,15,171.140625,1140.25
1785211926.9332113,15,174.5,1088.25
1785211926.9332113,15,176.125,1087.25
1785211926.9332113,15,177.78125,1093.75
1785211926.9332113,8,206.09375,9998.0
1785211926.9332113,9,207.734375,9927.0
1785211926.9332113,10,211.015625,9892.75
1785211926.9332113,9,214.296875,9899.75
1785211926.9332113,15,215.953125,9915.25
1785211926.9332113,15,219.21875,9196.5
1785211926.9332113,15,222.5,9206.25
1785211926.9332113,15,227.40625,8471.25
1785211926.9332113,11,232.296875,9950.0
1785211926.9332113,7,235.578125,10027.0
1785211926.9332113,7,237.21875,10225.0
1785211926.9332113,15,252.765625,1661.5
1785211926.9332113,15,267.703125,1317.5
1785211926.9332113,15,270.96875,1342.0
1785211926.9332113,15,272.609375,1378.75
1785211926.9332113,15,293.125,4307.0
1785211926.9332113,15,294.765625,4289.0
1785211927.2702327,15,170.5625,1152.5
1785211927.2702327,15,172.328125,1121.0
1785211927.2702327,15,174.0,1095.0
1785211927.2702327,15,175.546875,1084.75
1785211927.2702327,15,182.125,1090.75
1785211927.2702327,10,207.171875,9894.5
1785211927.2702327,9,210.4375,9860.75
1785211927.2702327,7,215.375,9882.25
1785211927.2702327,15,218.65625,9206.25
1785211927.2702327,15,220.296875,9216.75
1785211927.2702327,15,221.9375,9196.5
1785211927.2702327,15,226.859375,8377.5
1785211927.2702327,8,230.109375,10020.0
1785211927.2702327,7,235.03125,10048.5
1785211927.2702327,15,252.125,1672.5
1785211927.2702327,15,253.765625,1628.75
1785211927.2702327,15,258.71875,1516.75
1785211927.2702327,15,267.140625,1314.0
1785211927.2702327,15,272.0,1365.5
1785211927.2702327,15,290.890625,4307.75
1785211927.2702327,15,292.5,4297.0
1785211927.2702327,15,294.15625,4298.5
1785211927.2702327,15,297.421875,4281.0
1785211927.2702327,11,338.703125,4023.0
1785211927.4962568,15,170.9375,1147.25
1785211927.4962568,15,174.21875,1089.0
1785211927.4962568,15,175.921875,1084.5
1785211927.4962568,15,177.546875,1086.25
1785211927.4962568,8,207.5625,9960.5
1785211927.4962568,9,210.84375,9899.0
1785211927.4962568,8,212.484375,9890.75
1785211927.4962568,15,215.765625,9948.75
1785211927.4962568,13,219.0625,9096.25
1785211927.4962568,15,220.703125,9123.25
1785211927.4962568,15,222.34375,9209.25
1785211927.4962568,15,227.25,8441.25
1785211927.4962568,8,232.140625,10000.25
1785211927.4962568,10,233.78125,10078.75
1785211927.4962568,15,252.578125,1664.75
1785211927.4962568,15,267.515625,1316.25
1785211927.4962568,15,272.375,1375.0
1785211927.4962568,8,291.359375,4341.75
1785211927.4962568,15,293.0,4344.5
1785211927.4962568,15,294.65625,4298.75
1785211927.4962568,14,339.171875,3958.5
1785211927.834023,15,171.09375,1142.0
1785211927.834023,15,174.46875,1088.25
1785211927.834023,15,176.125,1086.75
1785211927.834023,15,177.6875,1089.5
1785211927.834023,8,210.921875,9897.25
1785211927.834023,7,212.5625,9888.25
1785211927.834023,15,215.84375,9904.0
1785211927.834023,15,219.125,9172.0
1785211927.834023,15,222.40625,9181.75
1785211927.834023,15,227.390625,8447.75
1785211927.834023,8,233.90625,10035.5
1785211927.834023,8,235.5625,10166.0
1785211927.834023,15,252.75,1661.5
1785211927.834023,15,267.6875,1317.5
1785211927.834023,15,270.90625,1342.25
1785211927.834023,15,272.546875,1376.75
1785211927.834023,15,293.125,4306.25
1785211927.834023,15,294.78125,4289.25
1785211927.834023,13,339.296875,3951.25
1785211928.0563319,15,171.0625,1142.25
1785211928.0563319,15,174.421875,1089.25
1785211928.0563319,15,176.109375,1086.5
1785211928.0563319,15,177.671875,1089.0
1785211928.0563319,8,207.65625,9902.0
1785211928.0563319,8,210.9375,9963.75
1785211928.0563319,8,212.5625,9946.25
1785211928.0563319,8,214.21875,9902.75
1785211928.0563319,15,215.859375,9932.25
1785211928.0563319,15,219.140625,9186.25
1785211928.0563319,15,222.421875,9196.5
1785211928.0563319,15,227.359375,8452.25
1785211928.0563319,9,235.53125,10009.25
1785211928.0563319,15,252.640625,1661.75
1785211928.0563319,15,267.625,1318.25
1785211928.0563319,15,270.8125,1341.75
1785211928.0563319,15,272.453125,1376.25
1785211928.0563319,15,292.984375,4265.75
1785211928.0563319,15,294.609375,4296.75
1785211928.0563319,15,339.25,3954.25
1785211928.2833126,15,171.359375,1137.25
1785211928.2833126,15,173.03125,1106.75
1785211928.2833126,15,174.703125,1086.0
1785211928.2833126,15,176.21875,1090.25
1785211928.2833126,15,177.890625,1097.5
1785211928.2833126,8,206.296875,9971.25
1785211928.2833126,8,207.9375,9971.75
1785211928.2833126,7,212.859375,9883.0
1785211928.2833126,9,214.515625,9852.0
1785211928.2833126,15,216.15625,9908.5
1785211928.2833126,15,219.4375,9188.25
1785211928.2833126,15,221.09375,9215.5
1785211928.2833126,15,222.734375,9213.25
1785211928.2833126,15,227.640625,8445.25
1785211928.2833126,15,252.953125,1656.5
1785211928.2833126,15,267.953125,1311.5
1785211928.2833126,15,272.796875,1382.25
1785211928.2833126,13,291.75,4388.75
1785211928.2833126,15,293.40625,4317.25
1785211928.2833126,13,295.046875,4278.75
1785211928.6199074,15,171.765625,1130.75
1785211928.6199074,15,173.46875,1103.0
1785211928.6199074,15,175.125,1086.25
1785211928.6199074,9,213.203125,9913.0
1785211928.6199074,9,214.859375,9892.5
1785211928.6199074,15,219.78125,9187.75
1785211928.6199074,15,221.421875,9202.5
1785211928.6199074,10,228.0,8438.0
1785211928.6199074,15,253.3125,1647.0
1785211928.6199074,15,256.703125,1537.75
1785211928.6199074,15,258.265625,1522.25
1785211928.6199074,15,266.640625,1327.25
1785211928.6199074,15,268.28125,1316.5
1785211928.6199074,15,269.921875,1335.0
1785211928.6199074,15,271.5,1358.25
1785211928.6199074,15,290.40625,4350.25
1785211928.6199074,14,292.046875,4342.25
1785211928.6199074,15,293.6875,4332.25
1785211928.6199074,6,295.3125,4305.5
1785211928.6199074,15,339.9375,3992.25
1785211928.8419883,15,170.421875,1156.25
1785211928.8419883,15,172.09375,1125.25
1785211928.8419883,15,173.71875,1098.25
1785211928.8419883,15,175.421875,1085.75
1785211928.8419883,15,182.0,1090.25
1785211928.8419883,10,205.390625,9993.5
1785211928.8419883,11,207.03125,9983.5
1785211928.8419883,8,208.671875,9989.75
1785211928.8419883,8,210.3125,9977.75
1785211928.8419883,15,218.53125,9181.5
1785211928.8419883,15,220.1875,9207.25
1785211928.8419883,15,221.8125,9223.75
1785211928.8419883,8,233.28125,10004.0
1785211928.8419883,11,234.921875,10138.5
1785211928.8419883,8,236.5625,10198.5
1785211928.8419883,15,252.0625,1679.25
1785211928.8419883,15,267.078125,1313.5
1785211928.8419883,15,271.953125,1365.0
1785211928.8419883,15,292.390625,4296.5
1785211928.8419883,15,294.03125,4306.5
1785211928.8419883,11,338.5625,4029.25
1785211928.8419883,8,340.21875,3978.5
1785211929.1796656,15,171.1875,1140.0
1785211929.1796656,15,174.53125,1088.0
1785211929.1796656,15,176.078125,1086.75
1785211929.1796656,15,177.71875,1093.25
1785211929.1796656,8,207.75,9959.0
1785211929.1796656,7,211.03125,9910.75
1785211929.1796656,7,214.3125,9893.25
1785211929.1796656,15,215.953125,9917.0
1785211929.1796656,15,219.234375,9187.75
1785211929.1796656,15,222.53125,9203.5
1785211929.1796656,15,227.421875,8423.0
1785211929.1796656,15,252.75,1661.25
1785211929.1796656,15,267.703125,1317.25
1785211929.1796656,15,270.953125,1342.0
1785211929.1796656,15,272.578125,1377.0
1785211929.1796656,9,291.5,4337.5
1785211929.1796656,15,293.15625,4330.25
1785211929.1796656,10,294.8125,4286.75
1785211929.4055424,15,171.5,1135.25
1785211929.4055424,15,173.140625,1106.25
1785211929.4055424,15,174.84375,1086.75
1785211929.4055424,15,176.40625,1092.5
1785211929.4055424,15,178.078125,1099.5
1785211929.4055424,8,204.71875,10026.5
1785211929.4055424,7,212.921875,9884.0
1785211929.4055424,10,214.546875,9852.25
1785211929.4055424,15,216.203125,9911.25
1785211929.4055424,15,219.484375,9186.5
1785211929.4055424,9,221.125,9148.75
1785211929.4055424,15,222.765625,9159.75
1785211929.4055424,15,227.734375,8438.25
1785211929.4055424,15,253.046875,1652.75
1785211929.4055424,15,261.4375,1404.0
1785211929.4055424,15,268.078125,1313.75
1785211929.4055424,15,272.921875,1383.0
1785211929.4055424,13,291.8125,4335.0
1785211929.4055424,15,293.46875,4318.25
1785211929.4055424,7,295.078125,4284.5
1785211929.4055424,15,339.640625,4012.75
1785211929.7393231,15,171.109375,1140.5
1785211929.7393231,15,174.4375,1088.25
1785211929.7393231,15,176.109375,1086.75
1785211929.7393231,15,177.78125,1092.75
1785211929.7393231,7,207.75,9958.75
1785211929.7393231,8,211.046875,9910.25
1785211929.7393231,8,212.6875,9859.0
1785211929.7393231,7,214.328125,9825.75
1785211929.7393231,15,215.953125,9877.75
1785211929.7393231,15,219.25,9187.0
1785211929.7393231,15,222.546875,9206.0
1785211929.7393231,15,227.4375,8439.75
1785211929.7393231,7,230.6875,9952.75
1785211929.7393231,7,232.328125,9961.5
1785211929.7393231,15,252.71875,1661.25
1785211929.7393231,15,267.671875,1317.25
1785211929.7393231,15,270.9375,1342.25
1785211929.7393231,15,272.546875,1377.25
1785211929.7393231,15,293.109375,4316.5
1785211929.7393231,15,294.75,4287.75
1785211929.7393231,15,339.328125,3950.75
1785211930.0776105,15,170.46875,1156.0
1785211930.0776105,15,172.125,1125.0
1785211930.0776105,15,173.84375,1097.75
1785211930.0776105,15,175.4375,1085.75
1785211930.0776105,15,182.078125,1090.5
1785211930.0776105,7,207.09375,9896.5
1785211930.0776105,9,210.359375,9856.0
1785211930.0776105,15,218.578125,9179.75
1785211930.0776105,15,220.21875,9186.75
1785211930.0776105,15,221.859375,9193.75
1785211930.0776105,15,252.0625,1676.0
1785211930.0776105,15,253.734375,1629.5
1785211930.0776105,15,258.71875,1524.75
1785211930.0776105,15,267.09375,1314.25
1785211930.0776105,15,272.0,1365.75
1785211930.0776105,10,290.859375,4227.75
1785211930.0776105,15,292.484375,4301.75
1785211930.0776105,15,294.109375,4306.5
1785211930.0776105,8,335.265625,4053.5
1785211930.0776105,11,338.578125,4028.0
1785211930.3044622,15,170.390625,1156.25
1785211930.3044622,15,172.09375,1125.25
1785211930.3044622,15,173.765625,1098.0
1785211930.3044622,15,175.375,1085.75
1785211930.3044622,15,181.90625,1090.0
1785211930.3044622,15,188.296875,1286.75
1785211930.3044622,15,218.4375,9184.75
1785211930.3044622,15,220.0625,9148.25
1785211930.3044622,15,221.71875,9165.0
1785211930.3044622,7,229.90625,9877.25
1785211930.3044622,15,251.96875,1679.25
1785211930.3044622,15,253.625,1633.75
1785211930.3044622,15,265.296875,1328.0
1785211930.3044622,15,266.96875,1310.75
1785211930.3044622,15,271.796875,1364.75
1785211930.3044622,15,290.71875,4283.0
1785211930.3044622,11,292.328125,4303.0
1785211930.3044622,15,293.984375,4327.75
1785211930.3044622,11,338.578125,4028.0
1785211930.3044622,9,340.21875,3976.75
1785211930.5266833,15,170.671875,1152.75
1785211930.5266833,15,172.359375,1121.5
1785211930.5266833,15,174.03125,1095.25
1785211930.5266833,15,175.65625,1084.75
1785211930.5266833,15,182.203125,1093.25
1785211930.5266833,8,207.3125,9962.0
1785211930.5266833,7,210.609375,9915.75
1785211930.5266833,9,212.25,9896.5
1785211930.5266833,9,215.53125,9859.0
1785211930.5266833,15,220.484375,9188.25
1785211930.5266833,15,222.125,9210.25
1785211930.5266833,15,252.3125,1669.0
1785211930.5266833,15,253.96875,1624.5
1785211930.5266833,15,267.34375,1312.25
1785211930.5266833,15,272.21875,1368.25
1785211930.5266833,15,291.125,4311.75
1785211930.5266833,15,292.765625,4320.0
1785211930.5266833,15,294.390625,4301.5
1785211930.5266833,12,338.953125,3971.75
1785211930.751903,15,171.5,1134.0
1785211930.751903,15,173.140625,1105.0
1785211930.751903,15,174.859375,1086.5
1785211930.751903,15,178.109375,1091.25
1785211930.751903,8,211.375,9972.5
1785211930.751903,9,213.03125,9935.25
1785211930.751903,9,214.671875,9893.5
1785211930.751903,15,216.3125,9934.25
1785211930.751903,15,219.59375,9184.0
1785211930.751903,15,222.875,9224.75
1785211930.751903,15,227.78125,8399.0
1785211930.751903,8,231.03125,9999.5
1785211930.751903,8,232.671875,10073.75
1785211930.751903,15,253.140625,1652.0
1785211930.751903,15,256.484375,1543.25
1785211930.751903,15,268.15625,1317.0
1785211930.751903,15,272.953125,1387.0
1785211930.751903,15,290.3125,4372.25
1785211930.751903,15,291.9375,4367.5
1785211930.751903,15,293.578125,4337.25
1785211930.751903,6,295.21875,4300.75
1785211930.751903,15,339.75,4011.25
1785211931.089498,15,171.109375,1141.5
1785211931.089498,15,174.484375,1088.0
1785211931.089498,15,176.078125,1086.5
1785211931.089498,15,177.734375,1091.25
1785211931.089498,10,206.078125,9930.25
1785211931.089498,9,207.71875,9909.0
1785211931.089498,9,211.0,9906.0
1785211931.089498,9,212.625,9887.5
1785211931.089498,8,214.265625,9961.5
1785211931.089498,15,215.921875,9973.5
1785211931.089498,15,219.21875,9193.25
1785211931.089498,15,222.484375,9212.75
1785211931.089498,15,227.421875,8446.75
1785211931.089498,11,232.3125,9941.0
1785211931.089498,9,235.59375,10124.5
1785211931.089498,15,252.703125,1661.0
1785211931.089498,15,267.71875,1317.25
1785211931.089498,15,272.53125,1377.0
1785211931.089498,15,293.03125,4292.0
1785211931.089498,15,294.65625,4296.25
1785211931.089498,15,339.203125,3957.5
1785211931.3117075,15,171.171875,1140.25
1785211931.3117075,15,174.46875,1088.0
1785211931.3117075,15,176.109375,1086.75
1785211931.3117075,15,177.8125,1091.5
1785211931.3117075,8,206.125,9895.5
1785211931.3117075,7,207.765625,9905.0
1785211931.3117075,9,211.0625,9909.75
1785211931.3117075,15,215.984375,9917.25
1785211931.3117075,15,219.28125,9194.0
1785211931.3117075,15,222.5625,9053.5
1785211931.3117075,15,227.46875,8444.25
1785211931.3117075,15,252.765625,1660.75
1785211931.3117075,15,267.734375,1316.25
1785211931.3117075,15,272.609375,1379.0
1785211931.3117075,15,293.21875,4330.25
1785211931.3117075,15,294.859375,4290.5
1785211931.3117075,13,339.390625,3948.5
1785211931.537764,15,171.25,1137.75
1785211931.537764,15,174.6875,1086.25
1785211931.537764,15,176.28125,1090.75
1785211931.537764,15,177.875,1097.75
1785211931.537764,7,207.921875,9911.75
1785211931.537764,10,212.84375,9870.0
1785211931.537764,15,216.125,9909.75
1785211931.537764,15,219.40625,9189.75
1785211931.537764,15,221.046875,9215.75
1785211931.537764,15,222.703125,9210.5
1785211931.537764,15,227.609375,8443.0
1785211931.537764,7,232.484375,10042.5
1785211931.537764,15,252.875,1656.75
1785211931.537764,15,267.875,1312.0
1785211931.537764,15,272.765625,1379.5
1785211931.537764,14,291.65625,4364.0
1785211931.537764,15,293.3125,4319.75
1785211931.537764,9,294.953125,4278.0
1785211931.537764,9,337.8125,4099.5
1785211931.763146,15,171.3125,1136.0
1785211931.763146,15,174.6875,1086.5
1785211931.763146,15,176.359375,1090.5
1785211931.763146,15,177.90625,1097.5
1785211931.763146,9,211.125,9925.5
1785211931.763146,8,212.765625,9874.75
1785211931.763146,8,214.390625,9843.75
1785211931.763146,15,216.03125,9943.0
1785211931.763146,15,219.3125,9191.5
1785211931.763146,15,220.953125,9214.0
1785211931.763146,15,222.59375,9210.75
1785211931.763146,15,227.5625,8444.0
1785211931.763146,8,230.8125,9935.25
1785211931.763146,15,252.875,1656.5
1785211931.763146,15,267.875,1311.75
1785211931.763146,15,272.75,1379.75
1785211931.763146,15,293.21875,4331.75
1785211931.763146,15,294.859375,4291.25
1785211931.9869633,15,171.203125,1140.0
1785211931.9869633,15,174.46875,1088.25
1785211931.9869633,15,176.15625,1087.0
1785211931.9869633,15,177.8125,1092.0
1785211931.9869633,9,211.015625,9962.0
1785211931.9869633,9,212.65625,9869.75
1785211931.9869633,15,215.9375,9936.75
1785211931.9869633,15,219.21875,9194.5
1785211931.9869633,15,222.515625,9213.0
1785211931.9869633,15,227.421875,8449.25
1785211931.9869633,9,232.3125,9938.0
1785211931.9869633,15,252.71875,1661.0
1785211931.9869633,15,267.59375,1317.5
1785211931.9869633,15,272.46875,1377.25
1785211931.9869633,15,293.03125,4293.75
1785211931.9869633,15,294.6875,4294.25
1785211931.9869633,13,339.21875,3953.25
1785211932.4354763,15,171.078125,1142.0
1785211932.4354763,15,174.390625,1089.0
1785211932.4354763,15,176.015625,1086.75
1785211932.4354763,15,177.734375,1091.5
1785211932.4354763,15,187.34375,1275.5
1785211932.4354763,7,210.984375,9897.0
1785211932.4354763,7,212.625,9808.25
1785211932.4354763,15,215.90625,9870.0
1785211932.4354763,15,219.203125,9191.5
1785211932.4354763,15,222.484375,9210.0
1785211932.4354763,15,227.4375,8465.25
1785211932.4354763,15,267.765625,1315.25
1785211932.4354763,15,272.671875,1379.75
1785211932.4354763,15,293.265625,4329.75
1785211932.4354763,11,294.90625,4288.75
1785211932.4354763,7,345.984375,4139.0
1785211932.6616552,15,171.6875,1131.25
1785211932.6616552,15,173.40625,1103.5
1785211932.6616552,15,175.09375,1086.25
1785211932.6616552,8,178.3125,1092.25
1785211932.6616552,8,208.28125,9930.25
1785211932.6616552,9,214.828125,9907.0
1785211932.6616552,15,216.46875,9790.75
1785211932.6616552,15,219.75,9186.25
1785211932.6616552,15,221.40625,9202.0
1785211932.6616552,15,227.96875,8424.25
1785211932.6616552,15,253.3125,1646.5
1785211932.6616552,15,256.625,1542.25
1785211932.6616552,15,258.28125,1508.25
1785211932.6616552,15,266.640625,1325.75
1785211932.6616552,15,268.25,1316.5
1785211932.6616552,14,269.890625,1333.0
1785211932.6616552,15,271.515625,1355.5
1785211932.6616552,15,290.390625,4347.75
1785211932.6616552,10,292.0,4342.25
1785211932.6616552,15,293.65625,4333.25
1785211932.6616552,6,295.296875,4303.5
1785211932.6616552,15,339.96875,3987.0
1785211932.8878255,15,170.40625,1155.75
1785211932.8878255,15,172.125,1125.0
1785211932.8878255,15,173.828125,1097.75
1785211932.8878255,15,175.390625,1085.75
1785211932.8878255,15,181.96875,1090.75
1785211932.8878255,8,205.421875,9984.0
1785211932.8878255,9,210.34375,9911.75
1785211932.8878255,15,218.5625,9178.25
1785211932.8878255,15,220.203125,9206.5
1785211932.8878255,15,221.859375,9213.25
1785211932.8878255,7,228.359375,9963.0
1785211932.8878255,8,230.0,9993.5
1785211932.8878255,7,231.640625,10033.5
1785211932.8878255,15,252.015625,1679.0
1785211932.8878255,15,253.671875,1633.5
1785211932.8878255,15,266.96875,1313.25
1785211932.8878255,15,271.875,1365.0
1785211932.8878255,15,292.421875,4303.25
1785211932.8878255,15,294.078125,4309.5
1785211932.8878255,13,338.5,4039.25
1785211933.1108356,15,170.40625,1156.0
1785211933.1108356,15,172.03125,1125.25
1785211933.1108356,15,173.8125,1098.0
1785211933.1108356,15,175.421875,1086.0
1785211933.1108356,15,181.96875,1090.5
1785211933.1108356,15,218.46875,9178.0
1785211933.1108356,15,220.109375,9199.75
1785211933.1108356,15,221.75,9219.0
1785211933.1108356,15,251.96875,1679.5
1785211933.1108356,15,253.640625,1634.0
1785211933.1108356,15,266.9375,1313.25
1785211933.1108356,15,271.84375,1365.25
1785211933.1108356,15,290.71875,4279.75
1785211933.1108356,15,292.359375,4298.0
1785211933.1108356,15,294.015625,4323.25
1785211933.1108356,13,338.484375,4040.25
1785211933.3363628,15,170.53125,1155.75
1785211933.3363628,15,172.203125,1124.5
1785211933.3363628,15,173.8125,1097.75
1785211933.3363628,15,175.453125,1085.75
1785211933.3363628,15,181.984375,1090.75
1785211933.3363628,10,207.0625,9916.0
1785211933.3363628,9,210.34375,9867.75
1785211933.3363628,15,218.546875,9181.75
1785211933.3363628,15,220.1875,9200.75
1785211933.3363628,15,221.8125,9213.25
1785211933.3363628,15,252.03125,1678.5
1785211933.3363628,15,253.734375,1632.0
1785211933.3363628,15,267.0,1313.25
1785211933.3363628,15,271.921875,1365.25
1785211933.3363628,15,290.75,4277.0
1785211933.3363628,14,292.390625,4299.25
1785211933.3363628,15,294.015625,4328.0
1785211933.3363628,14,338.546875,4031.25
1785211933.3363628,10,340.1875,3978.5
1785211933.558999,15,170.5,1155.5
1785211933.558999,15,172.21875,1124.25
1785211933.558999,15,173.84375,1097.0
1785211933.558999,15,175.484375,1085.25
1785211933.558999,15,182.109375,1091.0
1785211933.558999,9,207.1875,9894.25
1785211933.558999,10,210.484375,9858.0
1785211933.558999,8,215.40625,9857.0
1785211933.558999,15,218.6875,9211.25
1785211933.558999,15,220.34375,9218.75
1785211933.558999,15,221.96875,9192.0
1785211933.558999,15,226.890625,8432.0
1785211933.558999,8,231.78125,10111.5
1785211933.558999,15,252.21875,1672.75
1785211933.558999,15,258.84375,1516.5
1785211933.558999,15,267.1875,1314.0
1785211933.558999,15,272.0625,1368.25
1785211933.558999,15,292.640625,4313.5
1785211933.558999,15,294.28125,4296.0
1785211933.558999,7,297.5625,4289.75
1785211933.8965328,15,170.515625,1155.5
1785211933.8965328,15,172.21875,1123.5
1785211933.8965328,15,173.859375,1096.0
1785211933.8965328,15,175.5625,1085.5
1785211933.8965328,15,182.15625,1093.25
1785211933.8965328,8,207.1875,9898.0
1785211933.8965328,8,215.390625,9856.25
1785211933.8965328,15,218.6875,9210.75
1785211933.8965328,15,220.328125,9215.0
1785211933.8965328,15,221.953125,9189.5
1785211933.8965328,15,226.875,8440.25
1785211933.8965328,15,252.1875,1672.5
1785211933.8965328,15,253.84375,1629.0
1785211933.8965328,15,258.859375,1513.5
1785211933.8965328,15,267.171875,1313.75
1785211933.8965328,15,272.078125,1368.0
1785211933.8965328,15,292.625,4314.0
1785211933.8965328,13,294.234375,4295.5
1785211933.8965328,14,297.53125,4286.75
1785211934.1217215,15,171.3125,1138.5
1785211934.1217215,15,174.625,1087.25
1785211934.1217215,15,176.28125,1089.25
1785211934.1217215,15,177.890625,1096.75
1785211934.1217215,9,211.09375,9927.0
1785211934.1217215,8,212.734375,9852.5
1785211934.1217215,15,216.015625,9898.5
1785211934.1217215,15,219.296875,9190.75
1785211934.1217215,15,220.953125,9175.5
1785211934.1217215,15,222.59375,9173.25
1785211934.1217215,15,227.546875,8451.5
1785211934.1217215,15,252.921875,1656.5
1785211934.1217215,15,267.875,1311.5
1785211934.1217215,15,272.78125,1380.0
1785211934.1217215,15,293.28125,4324.25
1785211934.1217215,15,294.90625,4286.75
1785211934.344316,15,170.34375,1160.0
1785211934.344316,15,171.96875,1128.5
1785211934.344316,15,173.640625,1100.5
1785211934.344316,15,175.28125,1086.25
1785211934.344316,15,181.875,1089.0
1785211934.344316,15,188.140625,1294.5
1785211934.344316,7,206.921875,9908.0
1785211934.344316,7,210.203125,9929.75
1785211934.344316,15,218.421875,9184.0
1785211934.344316,15,220.0625,9139.25
1785211934.344316,15,221.71875,9151.75
1785211934.344316,8,224.96875,9863.25
1785211934.344316,10,231.5,9983.25
1785211934.344316,9,233.140625,10079.5
1785211934.344316,15,251.9375,1679.5
1785211934.344316,15,253.5625,1634.0
1785211934.344316,15,256.875,1533.25
1785211934.344316,15,258.5,1533.0
1785211934.344316,15,266.859375,1324.25
1785211934.344316,15,271.78125,1365.25
1785211934.344316,15,290.671875,4279.0
1785211934.344316,8,292.296875,4300.75
1785211934.344316,15,293.9375,4324.75
1785211934.344316,12,338.5625,4028.5
1785211934.344316,7,340.21875,3976.0
1785211934.5712397,15,171.171875,1138.25
1785211934.5712397,15,174.578125,1087.25
1785211934.5712397,15,176.1875,1087.25
1785211934.5712397,15,177.796875,1094.5
1785211934.5712397,10,207.90625,9922.25
1785211934.5712397,9,212.84375,9869.75
1785211934.5712397,8,214.5,9853.5
1785211934.5712397,15,216.140625,9905.75
1785211934.5712397,15,219.4375,9188.5
1785211934.5712397,15,221.078125,9217.0
1785211934.5712397,15,222.71875,9215.25
1785211934.5712397,15,227.625,8432.25
1785211934.5712397,7,232.515625,9915.25
1785211934.5712397,15,252.953125,1656.25
1785211934.5712397,15,267.890625,1311.75
1785211934.5712397,15,272.75,1382.0
1785211934.5712397,15,291.734375,4393.75
1785211934.5712397,15,293.390625,4319.75
1785211934.5712397,11,295.03125,4277.5
1785211934.5712397,12,337.859375,4102.25
1785211934.7939725,15,171.71875,1131.5
1785211934.7939725,15,173.453125,1103.75
1785211934.7939725,15,175.109375,1086.25
1785211934.7939725,13,178.25,1092.5
1785211934.7939725,8,208.25,9958.25
1785211934.7939725,7,213.15625,9917.0
1785211934.7939725,7,214.796875,9885.25
1785211934.7939725,15,216.4375,9861.75
1785211934.7939725,15,219.71875,9188.5
1785211934.7939725,15,221.359375,9206.75
1785211934.7939725,7,224.640625,9865.25
1785211934.7939725,15,227.96875,8421.5
1785211934.7939725,15,253.328125,1646.25
1785211934.7939725,15,256.671875,1538.75
1785211934.7939725,15,258.296875,1521.5
1785211934.7939725,15,266.71875,1326.75
1785211934.7939725,15,268.3125,1317.75
1785211934.7939725,15,269.921875,1337.0
1785211934.7939725,15,271.578125,1358.75
1785211934.7939725,15,273.15625,1390.75
1785211934.7939725,15,290.4375,4356.0
1785211934.7939725,11,292.078125,4344.25
1785211934.7939725,15,293.71875,4330.25
1785211934.7939725,6,295.359375,4300.0
1785211934.7939725,15,339.90625,3994.0
1785211935.1304617,15,171.015625,1143.0
1785211935.1304617,15,174.390625,1089.0
1785211935.1304617,15,176.03125,1084.75
1785211935.1304617,15,177.59375,1085.75
1785211935.1304617,8,207.65625,9945.5
1785211935.1304617,9,210.9375,9897.75
1785211935.1304617,8,214.234375,9895.75
1785211935.1304617,15,215.875,9932.5
1785211935.1304617,15,219.171875,9184.25
1785211935.1304617,15,222.453125,9201.75
1785211935.1304617,15,227.359375,8452.5
1785211935.1304617,15,252.65625,1661.5
1785211935.1304617,15,267.59375,1317.75
1785211935.1304617,15,270.875,1342.25
1785211935.1304617,15,272.5,1377.25
1785211935.1304617,15,293.03125,4284.25
1785211935.1304617,15,294.6875,4294.5
1785211935.1304617,13,339.234375,3953.5
1785211935.468058,15,171.4375,1135.5
1785211935.468058,15,174.78125,1086.5
1785211935.468058,15,178.046875,1091.5
1785211935.468058,7,206.46875,9956.5
1785211935.468058,9,208.109375,9899.75
1785211935.468058,8,214.671875,9919.5
1785211935.468058,15,216.3125,9984.5
1785211935.468058,15,219.609375,9185.0
1785211935.468058,15,222.890625,9231.5
1785211935.468058,15,227.8125,8423.0
1785211935.468058,15,253.1875,1651.25
1785211935.468058,15,256.515625,1542.5
1785211935.468058,15,268.1875,1315.25
1785211935.468058,15,272.984375,1386.75
1785211935.468058,15,290.3125,4371.0
1785211935.468058,15,291.9375,4369.0
1785211935.468058,15,293.59375,4337.75
1785211935.468058,7,295.234375,4300.25
1785211935.468058,15,339.828125,3995.0
1785211935.69089,15,170.65625,1152.0
1785211935.69089,15,172.28125,1121.25
1785211935.69089,15,173.9375,1095.5
1785211935.69089,15,175.65625,1085.25
1785211935.69089,15,182.171875,1093.5
1785211935.69089,11,207.25,9946.5
1785211935.69089,15,220.40625,9189.0
1785211935.69089,15,222.046875,9209.25
1785211935.69089,15,226.984375,8421.5
1785211935.69089,15,252.3125,1669.0
1785211935.69089,15,253.984375,1624.5
1785211935.69089,15,267.28125,1312.25
1785211935.69089,15,272.171875,1368.0
1785211935.69089,14,291.015625,4333.0
1785211935.69089,15,292.65625,4312.5
1785211935.69089,9,294.296875,4296.25
1785211935.69089,7,335.59375,4094.5
1785211935.69089,12,338.875,4012.25
1785211935.9177904,15,170.90625,1143.25
1785211935.9177904,15,174.25,1089.25
1785211935.9177904,15,175.921875,1084.75
1785211935.9177904,15,177.625,1085.5
1785211935.9177904,8,207.59375,9901.25
1785211935.9177904,9,210.859375,9881.0
1785211935.9177904,15,215.796875,9961.25
1785211935.9177904,15,219.09375,9161.75
1785211935.9177904,15,220.734375,9192.5
1785211935.9177904,15,222.375,9221.75
1785211935.9177904,15,227.296875,8422.25
1785211935.9177904,10,232.1875,9959.25
1785211935.9177904,8,235.46875,10063.5
1785211935.9177904,15,252.609375,1663.0
1785211935.9177904,15,267.640625,1318.5
1785211935.9177904,15,270.828125,1342.0
1785211935.9177904,15,272.46875,1377.0
1785211935.9177904,15,293.015625,4279.5
1785211935.9177904,15,294.65625,4293.5
1785211935.9177904,15,339.1875,3956.0
1785211936.2540681,15,170.609375,1152.5
1785211936.2540681,15,172.234375,1121.75
1785211936.2540681,15,173.921875,1095.5
1785211936.2540681,15,175.59375,1085.0
1785211936.2540681,15,182.21875,1093.25
1785211936.2540681,9,207.265625,9906.0
1785211936.2540681,9,210.53125,9862.0
1785211936.2540681,7,215.453125,9884.75
1785211936.2540681,11,218.75,9161.5
1785211936.2540681,15,220.390625,9167.0
1785211936.2540681,15,222.03125,9194.75
1785211936.2540681,15,226.9375,8352.0
1785211936.2540681,15,252.28125,1670.5
1785211936.2540681,15,253.953125,1625.0
1785211936.2540681,15,267.28125,1312.5
1785211936.2540681,15,272.171875,1368.25
1785211936.2540681,15,291.0625,4329.5
1785211936.2540681,15,292.703125,4310.75
1785211936.2540681,8,294.34375,4297.0
1785211936.477531,15,171.21875,1138.25
1785211936.477531,15,174.546875,1087.5
1785211936.477531,15,176.234375,1087.5
1785211936.477531,15,177.796875,1094.5
1785211936.477531,8,204.46875,10028.75
1785211936.477531,7,207.75,9979.0
1785211936.477531,8,211.03125,9877.5
1785211936.477531,9,214.3125,9848.75
1785211936.477531,15,215.9375,9908.0
1785211936.477531,15,219.234375,9191.25
1785211936.477531,8,220.875,9067.0
1785211936.477531,15,222.515625,9068.75
1785211936.477531,15,227.484375,8448.25
1785211936.477531,10,232.375,9967.0
1785211936.477531,15,252.8125,1658.0
1785211936.477531,15,267.765625,1316.0
1785211936.477531,15,272.625,1379.5
1785211936.477531,15,293.203125,4326.5
1785211936.477531,15,294.828125,4285.0
1785211936.8140085,15,171.53125,1133.0
1785211936.8140085,15,173.171875,1104.75
1785211936.8140085,15,174.875,1086.25
1785211936.8140085,15,178.109375,1091.25
1785211936.8140085,10,206.515625,9968.75
1785211936.8140085,10,208.171875,9933.0
1785211936.8140085,8,213.09375,9907.0
1785211936.8140085,9,214.734375,9880.75
1785211936.8140085,15,216.390625,9974.0
1785211936.8140085,15,219.6875,9180.75
1785211936.8140085,15,227.84375,8423.25
1785211936.8140085,8,231.09375,9991.5
1785211936.8140085,15,253.09375,1651.25
1785211936.8140085,15,268.078125,1313.5
1785211936.8140085,15,272.921875,1382.5
1785211936.8140085,11,291.875,4338.25
1785211936.8140085,15,293.5,4334.5
1785211936.8140085,9,295.140625,4297.5
1785211936.8140085,15,339.625,4011.75
1785211937.040004,15,171.3125,1138.25
1785211937.040004,15,174.625,1086.25
1785211937.040004,15,176.203125,1089.5
1785211937.040004,15,177.9375,1096.75
1785211937.040004,10,207.90625,9966.5
1785211937.040004,9,212.828125,9887.25
1785211937.040004,8,214.453125,9852.5
1785211937.040004,15,216.09375,9901.75
1785211937.040004,15,219.390625,9191.5
1785211937.040004,15,221.03125,9212.0
1785211937.040004,15,222.65625,9210.5
1785211937.040004,15,227.59375,8455.0
1785211937.040004,9,232.484375,9931.75
1785211937.040004,15,252.9375,1657.25
1785211937.040004,15,267.90625,1313.25
1785211937.040004,15,272.8125,1382.0
1785211937.040004,10,291.703125,4376.0
1785211937.040004,15,293.34375,4318.75
1785211937.040004,14,294.984375,4276.0
1785211937.040004,9,337.796875,4099.5
1785211937.040004,11,339.4375,4033.0
1785211937.2628345,15,171.515625,1133.0
1785211937.2628345,15,173.265625,1104.75
1785211937.2628345,15,174.859375,1086.25
1785211937.2628345,15,178.171875,1091.25
1785211937.2628345,7,208.0625,9970.5
1785211937.2628345,8,211.34375,9954.0
1785211937.2628345,9,212.984375,9929.0
1785211937.2628345,15,216.265625,9959.25
1785211937.2628345,15,219.5625,9185.25
1785211937.2628345,15,222.84375,9233.75
1785211937.2628345,15,227.78125,8435.0
1785211937.2628345,7,240.90625,8597.0
1785211937.2628345,15,253.078125,1651.25
1785211937.2628345,15,256.4375,1548.25
1785211937.2628345,15,268.109375,1313.5
1785211937.2628345,15,272.90625,1385.0
1785211937.2628345,15,291.859375,4341.75
1785211937.2628345,15,293.484375,4334.0
1785211937.2628345,7,295.125,4298.5
1785211937.2628345,15,339.75,4011.0
1785211937.4897456,15,170.28125,1160.0
1785211937.4897456,15,172.015625,1128.75
1785211937.4897456,15,173.625,1100.5
1785211937.4897456,15,175.296875,1085.75
1785211937.4897456,15,181.796875,1089.0
1785211937.4897456,15,188.203125,1291.5
1785211937.4897456,9,210.234375,9910.25
1785211937.4897456,8,211.875,9912.0
1785211937.4897456,15,218.453125,9183.75
1785211937.4897456,15,220.109375,9154.25
1785211937.4897456,15,221.734375,9170.75
1785211937.4897456,10,229.90625,9911.0
1785211937.4897456,8,233.203125,10046.25
1785211937.4897456,15,251.90625,1679.75
1785211937.4897456,15,253.640625,1633.75
1785211937.4897456,15,258.5625,1530.25
1785211937.4897456,15,265.3125,1328.0
1785211937.4897456,15,266.921875,1310.75
1785211937.4897456,15,271.8125,1365.25
1785211937.4897456,15,290.75,4277.0
1785211937.4897456,15,292.359375,4300.5
1785211937.4897456,15,294.015625,4329.25
1785211937.4897456,14,338.546875,4030.0
1785211937.4897456,8,340.203125,3976.5
1785211937.7124348,15,170.9375,1145.25
1785211937.7124348,15,174.25,1089.5
1785211937.7124348,15,175.859375,1084.5
1785211937.7124348,15,177.53125,1085.75
1785211937.7124348,9,204.234375,9982.5
1785211937.7124348,8,207.5,9865.25
1785211937.7124348,8,209.140625,9853.25
1785211937.7124348,7,210.78125,9905.25
1785211937.7124348,15,215.703125,9975.5
1785211937.7124348,15,220.625,9204.75
1785211937.7124348,15,222.25,9214.5
1785211937.7124348,8,233.6875,10082.0
1785211937.7124348,15,252.5,1666.25
1785211937.7124348,15,254.109375,1619.75
1785211937.7124348,15,267.484375,1313.0
1785211937.7124348,15,272.296875,1370.75
1785211937.7124348,15,291.234375,4349.0
1785211937.7124348,15,292.890625,4323.5
1785211937.7124348,10,294.53125,4303.25
1785211937.7124348,11,338.984375,3970.75
1785211937.9372509,15,170.90625,1144.0
1785211937.9372509,15,174.25,1089.5
1785211937.9372509,15,175.9375,1084.5
1785211937.9372509,15,177.5625,1085.75
1785211937.9372509,9,207.484375,9869.25
1785211937.9372509,9,209.125,9868.5
1785211937.9372509,7,210.765625,9977.0
1785211937.9372509,9,212.40625,10001.0
1785211937.9372509,15,215.671875,10002.5
1785211937.9372509,15,220.59375,9199.25
1785211937.9372509,15,222.234375,9215.0
1785211937.9372509,10,232.046875,10006.0
1785211937.9372509,15,252.46875,1666.5
1785211937.9372509,15,254.140625,1620.25
1785211937.9372509,15,267.453125,1314.25
1785211937.9372509,15,272.265625,1370.5
1785211937.9372509,15,291.140625,4334.5
1785211937.9372509,15,292.78125,4319.0
1785211937.9372509,12,294.421875,4300.0
1785211937.9372509,12,338.890625,4013.5
1785211938.2750528,15,171.4375,1135.5
1785211938.2750528,15,173.078125,1106.5
1785211938.2750528,15,174.734375,1086.25
1785211938.2750528,15,176.328125,1090.25
1785211938.2750528,15,178.03125,1097.25
1785211938.2750528,9,206.34375,10007.25
1785211938.2750528,8,207.984375,9982.75
1785211938.2750528,8,212.90625,9841.5
1785211938.2750528,7,214.5625,9820.5
1785211938.2750528,15,216.1875,9855.5
1785211938.2750528,15,219.484375,9187.25
1785211938.2750528,13,221.125,9200.25
1785211938.2750528,15,222.765625,9205.25
1785211938.2750528,15,227.6875,8444.25
1785211938.2750528,9,232.578125,10084.0
1785211938.2750528,15,256.390625,1548.25
1785211938.2750528,15,261.390625,1401.0
1785211938.2750528,15,268.03125,1313.0
1785211938.2750528,15,272.796875,1382.5
1785211938.2750528,10,291.765625,4386.75
1785211938.2750528,15,293.421875,4319.0
1785211938.2750528,8,295.0625,4276.5
1785211938.2750528,15,339.625,4013.5
1785211938.5018885,15,170.171875,1161.5
1785211938.5018885,15,171.90625,1128.75
1785211938.5018885,15,173.484375,1100.5
1785211938.5018885,15,175.15625,1085.5
1785211938.5018885,15,181.828125,1088.5
1785211938.5018885,15,188.1875,1299.0
1785211938.5018885,10,206.875,9923.25
1785211938.5018885,7,208.515625,9917.0
1785211938.5018885,8,211.78125,9898.25
1785211938.5018885,10,215.0625,9916.0
1785211938.5018885,15,218.359375,9184.0
1785211938.5018885,14,220.0,9125.25
1785211938.5018885,15,221.65625,9143.0
1785211938.5018885,11,224.90625,9904.25
1785211938.5018885,8,231.453125,9980.5
1785211938.5018885,8,236.375,10215.25
1785211938.5018885,15,251.859375,1687.25
1785211938.5018885,15,258.484375,1530.75
1785211938.5018885,15,266.859375,1325.0
1785211938.5018885,15,271.6875,1365.25
1785211938.5018885,15,290.6875,4275.75
1785211938.5018885,12,292.296875,4299.75
1785211938.5018885,14,293.953125,4323.5
1785211938.5018885,11,338.5,4034.5
1785211938.7246435,15,170.796875,1148.25
1785211938.7246435,15,174.140625,1092.0
1785211938.7246435,15,175.796875,1084.75
1785211938.7246435,15,177.53125,1085.25
1785211938.7246435,15,182.3125,1094.25
1785211938.7246435,9,207.359375,9964.0
1785211938.7246435,7,212.28125,9830.75
1785211938.7246435,14,215.5625,9801.25
1785211938.7246435,15,220.484375,9194.5
1785211938.7246435,15,222.125,9210.25
1785211938.7246435,10,230.328125,9965.25
1785211938.7246435,8,231.96875,10011.0
1785211938.7246435,15,252.421875,1669.0
1785211938.7246435,15,267.421875,1312.5
1785211938.7246435,15,272.28125,1370.0
1785211938.7246435,15,291.140625,4326.5
1785211938.7246435,15,292.78125,4319.25
1785211938.7246435,14,294.40625,4298.0
1785211938.9498804,15,170.96875,1143.75
1785211938.9498804,15,174.34375,1089.5
1785211938.9498804,15,175.96875,1084.75
1785211938.9498804,15,177.609375,1086.0
1785211938.9498804,8,207.546875,9876.0
1785211938.9498804,8,210.828125,9886.75
1785211938.9498804,15,215.75,9995.0
1785211938.9498804,11,219.03125,9072.25
1785211938.9498804,15,220.671875,9091.0
1785211938.9498804,15,222.3125,9213.5
1785211938.9498804,9,232.109375,9995.25
1785211938.9498804,15,252.46875,1665.5
1785211938.9498804,15,254.171875,1620.0
1785211938.9498804,15,267.4375,1313.0
1785211938.9498804,15,272.265625,1370.5
1785211938.9498804,15,291.171875,4346.5
1785211938.9498804,15,292.828125,4321.0
1785211938.9498804,15,294.4375,4300.5
1785211938.9498804,15,339.03125,3973.5
1785211939.1737115,15,170.9375,1144.0
1785211939.1737115,15,174.25,1089.75
1785211939.1737115,15,175.90625,1084.75
1785211939.1737115,15,177.59375,1086.0
1785211939.1737115,8,210.90625,9920.5
1785211939.1737115,7,212.546875,9934.5
1785211939.1737115,15,215.828125,9902.0
1785211939.1737115,15,219.125,9179.25
1785211939.1737115,15,220.765625,9225.25
1785211939.1737115,15,222.390625,9229.75
1785211939.1737115,15,227.3125,8425.25
1785211939.1737115,15,252.578125,1665.0
1785211939.1737115,15,267.578125,1318.5
1785211939.1737115,15,270.78125,1341.75
1785211939.1737115,15,272.421875,1376.5
1785211939.1737115,7,291.390625,4314.25
1785211939.1737115,15,293.03125,4340.0
1785211939.1737115,15,294.671875,4293.75
1785211939.1737115,12,339.125,3958.75
1785211939.398898,15,171.359375,1136.5
1785211939.398898,15,174.703125,1086.0
1785211939.398898,15,176.34375,1090.5
1785211939.398898,15,177.90625,1097.75
1785211939.398898,8,206.28125,9957.0
1785211939.398898,7,214.46875,9918.5
1785211939.398898,15,216.125,9923.0
1785211939.398898,15,219.421875,9185.25
1785211939.398898,15,221.0625,9212.0
1785211939.398898,15,222.6875,9213.5
1785211939.398898,15,227.625,8439.75
1785211939.398898,15,256.34375,1549.0
1785211939.398898,11,261.328125,1401.0
1785211939.398898,15,267.984375,1312.5
1785211939.398898,15,272.859375,1382.5
1785211939.398898,11,291.765625,4414.5
1785211939.398898,15,293.421875,4317.25
1785211939.398898,14,295.046875,4276.0
1785211939.398898,13,337.875,4098.25
1785211939.398898,15,339.546875,4030.0
1785211939.736056,15,170.859375,1148.0
1785211939.736056,15,174.1875,1091.75
1785211939.736056,15,175.8125,1084.75
1785211939.736056,15,177.484375,1085.25
1785211939.736056,15,182.34375,1094.25
1785211939.736056,12,207.46875,9932.75
1785211939.736056,10,209.109375,9922.75
1785211939.736056,8,212.390625,9845.25
1785211939.736056,15,215.671875,9883.5
1785211939.736056,15,220.609375,9200.5
1785211939.736056,15,222.234375,9213.5
1785211939.736056,9,235.328125,10262.5
1785211939.736056,15,252.46875,1665.75
1785211939.736056,15,254.109375,1620.0
1785211939.736056,15,267.46875,1312.75
1785211939.736056,15,272.34375,1370.25
1785211939.736056,15,291.15625,4344.0
1785211939.736056,15,292.796875,4321.0
1785211939.736056,15,294.421875,4301.75
1785211939.736056,14,339.015625,3973.0
1785211939.95931,15,171.140625,1143.75
1785211939.95931,15,174.390625,1087.75
1785211939.95931,15,176.015625,1087.25
1785211939.95931,15,177.6875,1091.5
1785211939.95931,12,207.703125,9980.5
1785211939.95931,8,210.984375,9916.0
1785211939.95931,8,212.625,9927.0
1785211939.95931,15,215.90625,9948.25
1785211939.95931,15,219.203125,9187.75
1785211939.95931,15,222.46875,9191.5
1785211939.95931,15,227.359375,8472.0
1785211939.95931,15,252.671875,1662.0
1785211939.95931,15,267.640625,1317.75
1785211939.95931,15,270.859375,1342.0
1785211939.95931,15,272.484375,1376.75
1785211939.95931,15,293.109375,4319.0
1785211939.95931,12,294.765625,4290.75
1785211939.95931,12,339.234375,3955.0
1785211940.2954063,15,170.859375,1147.75
1785211940.2954063,15,174.21875,1089.75
1785211940.2954063,15,175.9375,1084.75
1785211940.2954063,15,177.484375,1085.75
1785211940.2954063,15,182.46875,1094.0
1785211940.2954063,9,207.53125,9885.5
1785211940.2954063,15,215.734375,9896.75
1785211940.2954063,10,219.03125,9051.0
1785211940.2954063,15,222.296875,9211.0
1785211940.2954063,9,232.125,10038.5
1785211940.2954063,15,252.578125,1665.25
1785211940.2954063,15,254.21875,1619.25
1785211940.2954063,15,267.609375,1316.25
1785211940.2954063,15,272.453125,1375.75
1785211940.2954063,14,291.296875,4370.25
1785211940.2954063,15,292.953125,4340.0
1785211940.2954063,15,294.578125,4294.25
1785211940.2954063,12,339.140625,4039.0
1785211940.6333952,15,170.734375,1150.5
1785211940.6333952,15,174.15625,1092.0
1785211940.6333952,15,175.6875,1084.75
1785211940.6333952,13,177.421875,1082.5
1785211940.6333952,15,182.265625,1090.75
1785211940.6333952,8,207.375,9911.5
1785211940.6333952,8,209.015625,9881.25
1785211940.6333952,12,210.65625,9939.25
1785211940.6333952,10,212.296875,9856.25
1785211940.6333952,12,215.578125,9822.25
1785211940.6333952,15,220.515625,9192.5
1785211940.6333952,15,222.15625,9209.25
1785211940.6333952,8,233.609375,10038.25
1785211940.6333952,15,252.40625,1668.75
1785211940.6333952,15,254.0625,1624.75
1785211940.6333952,15,267.34375,1312.5
1785211940.6333952,15,272.28125,1370.25
1785211940.6333952,15,291.203125,4345.5
1785211940.6333952,15,292.84375,4322.5
1785211940.6333952,14,294.484375,4301.25
1785211940.6333952,15,339.0625,3972.5
1785211940.7458298,15,171.78125,1131.5
1785211940.7458298,15,173.4375,1103.5
1785211940.7458298,15,175.125,1085.5
1785211940.7458298,8,206.78125,9921.0
1785211940.7458298,8,208.421875,9928.0
1785211940.7458298,8,211.703125,9907.75
1785211940.7458298,8,213.359375,9884.0
1785211940.7458298,15,218.28125,9185.75
1785211940.7458298,15,219.921875,9210.0
1785211940.7458298,15,221.5625,9224.75
1785211940.7458298,8,224.828125,9894.75
1785211940.7458298,8,236.25,10099.25
1785211940.7458298,15,251.75,1690.75
1785211940.7458298,15,253.390625,1642.5
1785211940.7458298,15,256.765625,1538.75
1785211940.7458298,15,258.328125,1531.25
1785211940.7458298,15,266.671875,1325.75
1785211940.7458298,15,268.34375,1322.75
1785211940.7458298,15,269.953125,1345.75
1785211940.7458298,15,271.578125,1361.75
1785211940.7458298,15,293.8125,4332.5
1785211940.7458298,11,338.3125,4052.75
1785211940.7458298,13,339.96875,3987.25
1785211941.082111,15,171.015625,1143.75
1785211941.082111,15,174.359375,1089.5
1785211941.082111,15,176.03125,1086.75
1785211941.082111,15,177.65625,1086.75
1785211941.082111,9,210.84375,9964.5
1785211941.082111,8,212.484375,9871.0
1785211941.082111,15,215.75,9925.75
1785211941.082111,15,219.03125,9157.0
1785211941.082111,15,220.671875,9179.25
1785211941.082111,15,222.3125,9210.5
1785211941.082111,15,227.28125,8432.5
1785211941.082111,8,230.53125,9989.75
1785211941.082111,8,232.171875,10019.5
1785211941.082111,10,233.796875,10090.25
1785211941.082111,15,252.625,1664.5
1785211941.082111,15,267.59375,1318.0
1785211941.082111,15,270.8125,1341.25
1785211941.082111,15,272.484375,1375.5
1785211941.082111,8,291.34375,4336.5
1785211941.082111,15,292.984375,4342.0
1785211941.082111,15,294.625,4298.25
1785211941.082111,8,335.875,3961.25
1785211941.082111,15,339.171875,3990.5
