timestamp,quality,angle_deg,distance_mm
1785146962.8726168,15,350.3125,9227.25
1785146962.8726168,15,353.640625,7469.5
1785146962.8726168,15,356.921875,7093.5
1785146962.8726168,15,358.5625,7098.25
1785146962.8726168,15,0.1875,7071.0
1785146962.8726168,15,1.84375,7074.0
1785146962.8726168,15,5.125,6805.0
1785146962.8726168,15,6.78125,6821.25
1785146962.8726168,7,8.421875,6857.0
1785146962.8726168,15,19.046875,544.5
1785146962.8726168,15,20.640625,543.75
1785146962.8726168,15,22.125,554.25
1785146962.8726168,15,23.6875,570.75
1785146962.8726168,15,25.25,582.5
1785146962.8726168,15,27.046875,591.25
1785146962.8726168,15,46.875,107.75
1785146962.8726168,15,163.71875,10273.75
1785146962.8726168,15,165.359375,10155.25
1785146962.8726168,9,222.9375,3094.25
1785146962.8726168,15,224.59375,3014.75
1785146962.8726168,14,226.234375,2944.5
1785146962.8726168,15,227.9375,2883.25
1785146962.8726168,15,231.21875,2734.5
1785146962.8726168,15,232.859375,2687.5
1785146962.8726168,15,234.515625,2641.0
1785146962.8726168,15,236.140625,2612.5
1785146962.8726168,15,237.828125,2584.75
1785146962.8726168,15,239.453125,2549.0
1785146962.8726168,15,241.0625,2522.25
1785146962.8726168,15,242.734375,2493.25
1785146962.8726168,15,244.359375,2469.0
1785146962.8726168,15,246.03125,2451.75
1785146962.8726168,15,247.65625,2438.0
1785146962.8726168,13,249.296875,2427.25
1785146962.8726168,15,250.921875,2412.75
1785146962.8726168,15,252.515625,2396.75
1785146962.8726168,15,254.1875,2392.0
1785146962.8726168,9,255.8125,2387.25
1785146962.8726168,8,257.46875,2378.25
1785146962.8726168,15,259.109375,2363.25
1785146962.8726168,12,260.75,2346.25
1785146962.8726168,12,262.359375,2338.5
1785146962.8726168,11,264.015625,2336.0
1785146962.8726168,12,265.640625,2337.75
1785146962.8726168,14,267.265625,2342.25
1785146962.8726168,13,268.890625,2346.5
1785146962.8726168,12,270.546875,2345.25
1785146962.8726168,12,272.171875,2355.25
1785146962.8726168,15,273.8125,2380.25
1785146962.8726168,15,275.40625,2402.25
1785146962.8726168,15,277.015625,2420.75
1785146962.8726168,15,278.671875,2435.75
1785146962.8726168,15,280.28125,2447.0
1785146962.8726168,11,281.90625,2466.0
1785146962.8726168,15,283.546875,2491.0
1785146962.8726168,15,285.1875,2518.75
1785146962.8726168,15,286.828125,2544.75
1785146962.8726168,13,288.4375,2567.25
1785146962.8726168,15,290.046875,2596.25
1785146962.8726168,13,291.6875,2629.25
1785146962.8726168,11,293.296875,2660.0
1785146962.8726168,15,294.9375,2699.25
1785146962.8726168,14,296.53125,2742.75
1785146962.8726168,15,298.171875,2795.0
1785146962.8726168,12,299.921875,2857.75
1785146962.8726168,15,301.578125,2905.5
1785146962.8726168,15,303.21875,2963.75
1785146962.8726168,10,304.84375,3022.75
1785146962.8726168,15,306.46875,3066.5
1785146962.8726168,15,309.765625,3225.25
1785146962.8726168,5,311.359375,3305.5
1785146962.8726168,9,314.625,3524.25
1785146962.8726168,15,316.28125,3618.5
1785146962.8726168,8,317.875,3717.5
1785146962.8726168,11,322.796875,4117.0
1785146962.8726168,15,348.890625,9362.75
1785146964.5614724,15,353.84375,7457.0
1785146964.5614724,15,357.125,7083.25
1785146964.5614724,15,358.765625,7078.25
1785146964.5614724,15,0.390625,7037.0
1785146964.5614724,15,2.046875,7050.5
1785146964.5614724,15,5.328125,6833.5
1785146964.5614724,15,6.953125,6819.5
1785146964.5614724,8,8.59375,6846.5
1785146964.5614724,15,17.578125,546.5
1785146964.5614724,15,19.25,542.25
1785146964.5614724,15,20.8125,543.0
1785146964.5614724,15,23.90625,573.0
1785146964.5614724,15,25.703125,585.25
1785146964.5614724,15,27.078125,594.0
1785146964.5614724,15,45.671875,107.25
1785146964.5614724,15,162.328125,10362.25
1785146964.5614724,15,163.96875,10300.75
1785146964.5614724,13,165.609375,10190.75
1785146964.5614724,15,206.71875,4178.0
1785146964.5614724,15,210.015625,3889.25
1785146964.5614724,5,223.21875,3083.5
1785146964.5614724,15,224.828125,3013.25
1785146964.5614724,13,226.46875,2948.0
1785146964.5614724,15,228.109375,2879.0
1785146964.5614724,15,231.40625,2729.0
1785146964.5614724,15,233.0625,2682.0
1785146964.5614724,15,234.734375,2626.25
1785146964.5614724,15,236.359375,2595.25
1785146964.5614724,15,237.984375,2580.0
1785146964.5614724,15,239.609375,2547.0
1785146964.5614724,15,241.265625,2520.75
1785146964.5614724,15,242.90625,2494.0
1785146964.5614724,15,244.515625,2469.0
1785146964.5614724,15,246.171875,2447.0
1785146964.5614724,15,247.828125,2434.0
1785146964.5614724,15,249.4375,2423.75
1785146964.5614724,15,251.109375,2409.5
1785146964.5614724,15,252.765625,2399.0
1785146964.5614724,15,254.375,2393.75
1785146964.5614724,10,256.015625,2387.0
1785146964.5614724,11,257.671875,2377.25
1785146964.5614724,15,259.3125,2363.25
1785146964.5614724,12,260.953125,2347.75
1785146964.5614724,15,262.59375,2337.0
1785146964.5614724,12,264.1875,2334.75
1785146964.5614724,14,265.828125,2338.0
1785146964.5614724,12,267.453125,2340.5
1785146964.5614724,11,269.109375,2344.25
1785146964.5614724,15,270.765625,2350.0
1785146964.5614724,10,272.359375,2361.75
1785146964.5614724,15,274.015625,2380.5
1785146964.5614724,15,275.640625,2401.0
1785146964.5614724,15,277.265625,2420.25
1785146964.5614724,15,278.890625,2434.75
1785146964.5614724,14,280.53125,2446.5
1785146964.5614724,10,282.171875,2465.25
1785146964.5614724,15,283.796875,2494.0
1785146964.5614724,12,285.421875,2523.5
1785146964.5614724,13,287.046875,2547.0
1785146964.5614724,15,288.6875,2574.25
1785146964.5614724,15,290.296875,2607.75
1785146964.5614724,13,291.921875,2635.5
1785146964.5614724,12,293.5625,2662.75
1785146964.5614724,15,295.203125,2709.0
1785146964.5614724,12,296.828125,2753.25
1785146964.5614724,15,298.5625,2803.25
1785146964.5614724,11,300.171875,2864.25
1785146964.5614724,15,301.828125,2905.5
1785146964.5614724,15,303.46875,2965.0
1785146964.5614724,12,305.09375,3027.75
1785146964.5614724,15,306.71875,3086.75
1785146964.5614724,12,308.34375,3161.25
1785146964.5614724,15,309.984375,3236.0
1785146964.5614724,7,311.625,3323.25
1785146964.5614724,7,314.875,3523.0
1785146964.5614724,9,318.140625,3728.25
1785146964.5614724,10,323.03125,4130.5
1785146964.5614724,15,349.109375,9347.25
1785146964.785262,9,354.296875,7513.75
1785146964.785262,15,357.609375,7090.5
1785146964.785262,15,359.25,7075.5
1785146964.785262,15,0.890625,7089.75
1785146964.785262,15,2.546875,7100.25
1785146964.785262,15,5.828125,6763.75
1785146964.785262,15,7.46875,6790.25
1785146964.785262,15,9.109375,6793.5
1785146964.785262,15,18.1875,542.5
1785146964.785262,15,19.78125,539.75
1785146964.785262,15,21.25,543.0
1785146964.785262,15,24.40625,577.25
1785146964.785262,15,25.984375,587.25
1785146964.785262,15,27.765625,597.0
1785146964.785262,15,46.859375,106.75
1785146964.785262,13,162.859375,10286.0
1785146964.785262,15,164.5,10168.0
1785146964.785262,15,174.421875,6534.25
1785146964.785262,15,177.6875,6807.75
1785146964.785262,5,210.65625,3849.0
1785146964.785262,15,222.171875,3128.75
1785146964.785262,15,225.46875,2972.75
1785146964.785262,15,227.109375,2928.5
1785146964.785262,15,230.390625,2780.75
1785146964.785262,15,232.03125,2727.75
1785146964.785262,15,233.703125,2680.0
1785146964.785262,15,235.34375,2630.5
1785146964.785262,12,236.96875,2587.75
1785146964.785262,15,238.625,2562.25
1785146964.785262,15,240.296875,2532.25
1785146964.785262,15,241.890625,2509.25
1785146964.785262,15,243.53125,2477.5
1785146964.785262,15,245.203125,2451.75
1785146964.785262,15,246.828125,2437.75
1785146964.785262,15,248.484375,2425.25
1785146964.785262,15,250.109375,2412.75
1785146964.785262,15,251.765625,2402.25
1785146964.785262,15,253.375,2394.5
1785146964.785262,10,255.015625,2383.5
1785146964.785262,11,256.65625,2380.0
1785146964.785262,10,258.28125,2373.75
1785146964.785262,10,259.953125,2355.75
1785146964.785262,13,261.5625,2341.25
1785146964.785262,14,263.21875,2335.0
1785146964.785262,12,264.84375,2335.0
1785146964.785262,9,266.46875,2339.25
1785146964.785262,13,268.09375,2345.25
1785146964.785262,11,269.75,2345.25
1785146964.785262,12,271.390625,2353.5
1785146964.785262,10,273.03125,2369.5
1785146964.785262,15,274.625,2386.75
1785146964.785262,15,276.25,2408.0
1785146964.785262,15,277.875,2425.75
1785146964.785262,14,279.5,2441.0
1785146964.785262,15,281.15625,2454.75
1785146964.785262,15,282.75,2476.5
1785146964.785262,15,284.390625,2501.75
1785146964.785262,14,286.0,2528.0
1785146964.785262,13,287.640625,2558.0
1785146964.785262,15,289.265625,2590.75
1785146964.785262,13,290.90625,2622.75
1785146964.785262,15,292.546875,2645.0
1785146964.785262,12,294.140625,2672.5
1785146964.785262,15,295.78125,2721.0
1785146964.785262,12,297.40625,2771.0
1785146964.785262,15,299.125,2827.25
1785146964.785262,14,300.734375,2878.0
1785146964.785262,8,302.359375,2923.0
1785146964.785262,15,303.984375,2986.5
1785146964.785262,13,305.640625,3040.25
1785146964.785262,9,308.875,3187.75
1785146964.785262,15,310.484375,3257.0
1785146964.785262,8,315.390625,3556.75
1785146964.785262,13,317.015625,3638.5
1785146964.785262,12,320.265625,3899.75
1785146964.785262,7,323.578125,4179.5
1785146964.785262,8,328.484375,4751.0
1785146964.785262,9,331.71875,5098.0
1785146964.785262,15,348.046875,9509.5
1785146964.785262,15,349.703125,9296.0
1785146965.121593,13,350.359375,9258.25
1785146965.121593,15,353.65625,7463.75
1785146965.121593,15,356.953125,7100.25
1785146965.121593,15,358.578125,7101.0
1785146965.121593,15,0.21875,7072.0
1785146965.121593,15,1.875,7078.75
1785146965.121593,15,5.140625,6811.25
1785146965.121593,15,6.796875,6824.5
1785146965.121593,13,8.421875,6854.5
1785146965.121593,15,19.0,536.25
1785146965.121593,15,20.609375,534.0
1785146965.121593,15,22.40625,539.75
1785146965.121593,15,25.328125,574.5
1785146965.121593,15,26.9375,582.75
1785146965.121593,15,47.0625,107.75
1785146965.121593,15,163.71875,10284.75
1785146965.121593,15,165.34375,10172.75
1785146965.121593,13,198.21875,5219.75
1785146965.121593,5,222.890625,3093.25
1785146965.121593,15,224.5625,3013.25
1785146965.121593,14,226.21875,2943.25
1785146965.121593,15,227.875,2881.25
1785146965.121593,15,231.171875,2731.75
1785146965.121593,15,232.796875,2690.75
1785146965.121593,15,234.4375,2660.5
1785146965.121593,15,236.078125,2626.5
1785146965.121593,15,237.734375,2584.75
1785146965.121593,15,239.359375,2549.0
1785146965.121593,15,241.0,2524.25
1785146965.121593,15,242.671875,2495.5
1785146965.121593,15,244.296875,2469.5
1785146965.121593,15,245.921875,2451.75
1785146965.121593,15,247.59375,2435.0
1785146965.121593,15,249.203125,2423.25
1785146965.121593,15,250.859375,2411.5
1785146965.121593,15,252.46875,2398.5
1785146965.121593,10,254.140625,2391.25
1785146965.121593,10,255.75,2384.25
1785146965.121593,9,257.390625,2378.0
1785146965.121593,15,259.0,2364.5
1785146965.121593,11,260.65625,2347.5
1785146965.121593,13,262.3125,2337.75
1785146965.121593,11,263.921875,2335.75
1785146965.121593,14,265.59375,2338.75
1785146965.121593,14,267.21875,2342.25
1785146965.121593,12,268.84375,2345.5
1785146965.121593,11,270.484375,2341.25
1785146965.121593,11,272.078125,2350.25
1785146965.121593,15,273.75,2376.75
1785146965.121593,15,275.328125,2397.75
1785146965.121593,15,276.984375,2415.0
1785146965.121593,15,278.59375,2433.25
1785146965.121593,14,280.234375,2447.25
1785146965.121593,12,281.84375,2465.0
1785146965.121593,15,283.484375,2490.5
1785146965.121593,14,285.125,2519.5
1785146965.121593,15,286.734375,2545.75
1785146965.121593,13,288.390625,2568.25
1785146965.121593,15,289.984375,2598.0
1785146965.121593,15,291.609375,2630.75
1785146965.121593,12,293.25,2661.25
1785146965.121593,15,294.875,2691.75
1785146965.121593,15,296.5,2733.25
1785146965.121593,15,298.109375,2789.5
1785146965.121593,8,299.875,2852.0
1785146965.121593,15,301.515625,2898.75
1785146965.121593,15,303.125,2957.0
1785146965.121593,12,304.78125,3021.75
1785146965.121593,11,306.40625,3062.5
1785146965.121593,15,309.65625,3227.0
1785146965.121593,13,311.28125,3308.0
1785146965.121593,8,314.578125,3509.0
1785146965.121593,15,316.203125,3599.5
1785146965.121593,8,317.8125,3700.0
1785146965.121593,11,322.734375,4114.75
1785146965.121593,15,348.78125,9365.5
1785146965.3494697,15,353.78125,7468.25
1785146965.3494697,15,357.09375,7094.25
1785146965.3494697,15,358.71875,7080.25
1785146965.3494697,15,0.359375,7043.75
1785146965.3494697,15,1.984375,7057.25
1785146965.3494697,15,5.28125,6835.25
1785146965.3494697,15,6.921875,6813.0
1785146965.3494697,9,8.5625,6846.75
1785146965.3494697,15,19.203125,537.5
1785146965.3494697,15,20.84375,530.75
1785146965.3494697,15,22.484375,530.25
1785146965.3494697,15,24.03125,537.5
1785146965.3494697,15,27.34375,573.0
1785146965.3494697,15,47.28125,107.25
1785146965.3494697,15,162.203125,10390.5
1785146965.3494697,15,163.84375,10267.5
1785146965.3494697,15,165.46875,10165.5
1785146965.3494697,8,223.125,3086.5
1785146965.3494697,15,224.765625,3016.25
1785146965.3494697,12,226.40625,2950.0
1785146965.3494697,15,228.03125,2881.0
1785146965.3494697,15,231.328125,2735.0
1785146965.3494697,15,232.984375,2688.5
1785146965.3494697,15,234.625,2634.75
1785146965.3494697,15,236.25,2605.0
1785146965.3494697,15,237.90625,2583.5
1785146965.3494697,14,239.53125,2547.25
1785146965.3494697,15,241.203125,2521.0
1785146965.3494697,15,242.796875,2494.75
1785146965.3494697,15,244.46875,2470.25
1785146965.3494697,15,246.109375,2448.25
1785146965.3494697,15,247.75,2435.5
1785146965.3494697,15,249.375,2428.25
1785146965.3494697,15,251.015625,2414.75
1785146965.3494697,15,252.640625,2398.75
1785146965.3494697,15,254.3125,2392.5
1785146965.3494697,15,255.953125,2388.5
1785146965.3494697,10,257.59375,2379.25
1785146965.3494697,15,259.21875,2364.5
1785146965.3494697,12,260.84375,2348.5
1785146965.3494697,13,262.46875,2337.5
1785146965.3494697,12,264.109375,2335.0
1785146965.3494697,12,265.75,2338.5
1785146965.3494697,10,267.390625,2340.0
1785146965.3494697,13,269.015625,2345.75
1785146965.3494697,14,270.640625,2348.25
1785146965.3494697,10,272.296875,2356.5
1785146965.3494697,15,273.90625,2380.25
1785146965.3494697,15,275.5625,2402.5
1785146965.3494697,15,277.1875,2420.25
1785146965.3494697,15,278.796875,2434.25
1785146965.3494697,13,280.4375,2446.5
1785146965.3494697,15,282.078125,2466.5
1785146965.3494697,15,283.703125,2495.5
1785146965.3494697,13,285.296875,2524.25
1785146965.3494697,14,286.96875,2545.25
1785146965.3494697,15,288.578125,2571.75
1785146965.3494697,15,290.21875,2605.5
1785146965.3494697,14,291.828125,2632.25
1785146965.3494697,12,293.4375,2661.5
1785146965.3494697,15,295.078125,2702.75
1785146965.3494697,13,296.71875,2744.0
1785146965.3494697,15,298.328125,2797.75
1785146965.3494697,13,300.03125,2861.0
1785146965.3494697,15,301.703125,2907.0
1785146965.3494697,15,303.3125,2964.75
1785146965.3494697,12,304.96875,3025.25
1785146965.3494697,15,306.59375,3085.75
1785146965.3494697,10,308.21875,3158.5
1785146965.3494697,15,309.84375,3230.0
1785146965.3494697,4,311.484375,3317.0
1785146965.3494697,9,314.734375,3524.5
1785146965.3494697,15,316.359375,3618.75
1785146965.3494697,10,317.984375,3715.5
1785146965.3494697,10,322.890625,4122.25
1785146965.3494697,15,348.9375,9363.75
1785146965.4628537,15,353.90625,7442.25
1785146965.4628537,15,357.1875,7084.0
1785146965.4628537,15,358.84375,7078.25
1785146965.4628537,15,0.46875,7048.5
1785146965.4628537,15,2.109375,7067.5
1785146965.4628537,15,5.40625,6836.25
1785146965.4628537,15,7.046875,6803.25
1785146965.4628537,14,8.6875,6823.5
1785146965.4628537,15,21.015625,531.5
1785146965.4628537,15,22.59375,529.5
1785146965.4628537,15,47.453125,107.0
1785146965.4628537,15,50.953125,101.25
1785146965.4628537,15,162.34375,10358.0
1785146965.4628537,15,163.984375,10305.25
1785146965.4628537,8,165.625,10189.5
1785146965.4628537,13,210.078125,3890.0
1785146965.4628537,5,223.296875,3076.75
1785146965.4628537,15,224.9375,3008.75
1785146965.4628537,13,226.578125,2943.5
1785146965.4628537,15,228.203125,2874.5
1785146965.4628537,15,231.53125,2729.25
1785146965.4628537,15,233.140625,2682.25
1785146965.4628537,15,234.78125,2626.25
1785146965.4628537,15,236.453125,2595.75
1785146965.4628537,15,238.078125,2580.0
1785146965.4628537,15,239.71875,2544.5
1785146965.4628537,15,241.34375,2517.25
1785146965.4628537,14,243.0,2488.75
1785146965.4628537,13,244.625,2463.25
1785146965.4628537,15,246.28125,2445.5
1785146965.4628537,15,247.90625,2431.25
1785146965.4628537,15,249.5625,2421.0
1785146965.4628537,15,251.21875,2410.5
1785146965.4628537,15,252.84375,2400.75
1785146965.4628537,10,254.484375,2393.25
1785146965.4628537,12,256.109375,2386.25
1785146965.4628537,12,257.75,2374.5
1785146965.4628537,15,259.390625,2358.75
1785146965.4628537,15,261.015625,2345.25
1785146965.4628537,15,262.671875,2336.5
1785146965.4628537,15,264.296875,2335.5
1785146965.4628537,13,265.9375,2338.0
1785146965.4628537,11,267.546875,2340.75
1785146965.4628537,10,269.203125,2343.75
1785146965.4628537,14,270.828125,2349.5
1785146965.4628537,11,272.46875,2362.75
1785146965.4628537,15,274.125,2381.25
1785146965.4628537,15,275.765625,2402.5
1785146965.4628537,15,277.359375,2423.25
1785146965.4628537,15,279.0,2438.5
1785146965.4628537,13,280.625,2451.25
1785146965.4628537,12,282.28125,2467.75
1785146965.4628537,15,283.875,2493.25
1785146965.4628537,13,285.515625,2523.75
1785146965.4628537,12,287.140625,2548.25
1785146965.4628537,15,288.78125,2575.5
1785146965.4628537,15,290.390625,2609.25
1785146965.4628537,15,292.0625,2636.25
1785146965.4628537,12,293.6875,2663.25
1785146965.4628537,15,295.3125,2711.5
1785146965.4628537,11,296.9375,2757.0
1785146965.4628537,15,298.609375,2805.75
1785146965.4628537,10,300.234375,2864.75
1785146965.4628537,15,301.875,2906.5
1785146965.4628537,15,303.484375,2966.5
1785146965.4628537,10,305.125,3029.0
1785146965.4628537,15,306.78125,3090.5
1785146965.4628537,11,308.40625,3164.25
1785146965.4628537,15,310.03125,3236.0
1785146965.4628537,8,311.640625,3324.0
1785146965.4628537,6,314.921875,3524.25
1785146965.4628537,15,316.546875,3614.5
1785146965.4628537,7,318.15625,3728.25
1785146965.4628537,11,323.078125,4129.5
1785146965.4628537,15,347.5,9483.5
1785146965.4628537,15,349.140625,9320.0
1785146965.6847312,7,354.375,7484.0
1785146965.6847312,15,357.6875,7093.5
1785146965.6847312,15,359.3125,7076.75
1785146965.6847312,15,0.96875,7084.75
1785146965.6847312,15,2.609375,7097.5
1785146965.6847312,15,5.90625,6748.0
1785146965.6847312,15,7.546875,6792.0
1785146965.6847312,15,9.1875,6799.5
1785146965.6847312,15,21.453125,536.5
1785146965.6847312,15,23.125,534.0
1785146965.6847312,15,47.84375,106.75
1785146965.6847312,15,162.875,10277.25
1785146965.6847312,15,164.5,10170.75
1785146965.6847312,15,174.421875,6532.25
1785146965.6847312,15,208.828125,3987.75
1785146965.6847312,15,212.140625,3764.25
1785146965.6847312,11,222.0,3148.75
1785146965.6847312,15,225.296875,2975.5
1785146965.6847312,14,226.953125,2930.25
1785146965.6847312,15,228.609375,2851.75
1785146965.6847312,15,230.234375,2781.0
1785146965.6847312,15,231.890625,2726.75
1785146965.6847312,15,233.5625,2686.75
1785146965.6847312,15,235.1875,2633.75
1785146965.6847312,14,236.8125,2588.0
1785146965.6847312,15,238.46875,2564.0
1785146965.6847312,15,240.140625,2535.75
1785146965.6847312,9,241.734375,2501.25
1785146965.6847312,15,243.40625,2470.5
1785146965.6847312,15,245.0625,2454.0
1785146965.6847312,15,246.703125,2436.5
1785146965.6847312,15,248.328125,2424.0
1785146965.6847312,15,249.953125,2417.0
1785146965.6847312,9,251.625,2404.5
1785146965.6847312,11,253.28125,2390.75
1785146965.6847312,11,254.9375,2380.25
1785146965.6847312,11,256.546875,2373.0
1785146965.6847312,15,258.203125,2366.0
1785146965.6847312,12,259.828125,2344.5
1785146965.6847312,13,261.453125,2332.0
1785146965.6847312,14,263.140625,2333.25
1785146965.6847312,12,264.765625,2331.75
1785146965.6847312,12,266.359375,2335.25
1785146965.6847312,13,268.015625,2340.75
1785146965.6847312,12,269.65625,2341.5
1785146965.6847312,11,271.265625,2341.5
1785146965.6847312,13,272.921875,2357.0
1785146965.6847312,15,274.53125,2375.0
1785146965.6847312,15,276.125,2396.0
1785146965.6847312,15,277.78125,2421.75
1785146965.6847312,15,279.375,2437.0
1785146965.6847312,15,281.015625,2450.0
1785146965.6847312,10,282.640625,2469.0
1785146965.6847312,15,284.265625,2493.75
1785146965.6847312,12,285.890625,2523.75
1785146965.6847312,14,287.5,2547.5
1785146965.6847312,10,289.15625,2574.5
1785146965.6847312,15,290.75,2609.5
1785146965.6847312,15,292.421875,2636.25
1785146965.6847312,11,294.015625,2670.25
1785146965.6847312,15,295.625,2719.75
1785146965.6847312,13,297.265625,2768.5
1785146965.6847312,15,299.015625,2819.5
1785146965.6847312,11,300.640625,2870.75
1785146965.6847312,15,302.265625,2921.0
1785146965.6847312,15,303.875,2983.5
1785146965.6847312,15,305.515625,3038.0
1785146965.6847312,12,308.796875,3181.5
1785146965.6847312,15,310.421875,3249.25
1785146965.6847312,6,312.03125,3340.5
1785146965.6847312,7,315.28125,3545.0
1785146965.6847312,15,316.90625,3639.5
1785146965.6847312,13,320.1875,3900.5
1785146965.6847312,9,323.484375,4169.75
1785146965.6847312,10,328.359375,4758.0
1785146965.6847312,10,331.640625,5119.0
1785146965.6847312,15,347.9375,9415.5
1785146965.6847312,15,349.578125,9285.5
1785146965.9103606,15,353.09375,7534.0
1785146965.9103606,15,358.03125,7081.5
1785146965.9103606,15,359.6875,7068.75
1785146965.9103606,15,1.3125,7050.5
1785146965.9103606,15,4.609375,6794.5
1785146965.9103606,15,6.25,6793.0
1785146965.9103606,15,7.875,6774.75
1785146965.9103606,15,11.109375,6573.5
1785146965.9103606,15,12.734375,6673.0
1785146965.9103606,15,24.71875,630.25
1785146965.9103606,15,26.28125,634.75
1785146965.9103606,15,46.234375,108.75
1785146965.9103606,15,48.109375,106.25
1785146965.9103606,12,163.3125,10252.0
1785146965.9103606,15,164.953125,10166.25
1785146965.9103606,15,176.5,6604.25
1785146965.9103606,13,178.125,6811.5
1785146965.9103606,7,194.546875,5736.25
1785146965.9103606,11,199.515625,5098.25
1785146965.9103606,15,209.390625,3910.5
1785146965.9103606,13,222.59375,3122.0
1785146965.9103606,13,224.234375,3047.25
1785146965.9103606,11,225.90625,2973.5
1785146965.9103606,13,227.515625,2909.25
1785146965.9103606,15,230.84375,2761.5
1785146965.9103606,15,232.46875,2711.5
1785146965.9103606,15,234.140625,2669.75
1785146965.9103606,15,235.765625,2627.75
1785146965.9103606,13,237.40625,2584.5
1785146965.9103606,12,239.078125,2554.25
1785146965.9103606,15,240.703125,2528.75
1785146965.9103606,15,242.34375,2505.25
1785146965.9103606,15,243.984375,2481.75
1785146965.9103606,15,245.640625,2457.0
1785146965.9103606,15,247.265625,2433.5
1785146965.9103606,15,248.9375,2423.0
1785146965.9103606,15,250.53125,2416.75
1785146965.9103606,15,252.140625,2407.5
1785146965.9103606,15,253.796875,2395.75
1785146965.9103606,15,255.4375,2386.25
1785146965.9103606,9,257.046875,2381.75
1785146965.9103606,14,258.703125,2369.25
1785146965.9103606,10,260.328125,2352.75
1785146965.9103606,14,261.96875,2345.0
1785146965.9103606,11,263.59375,2337.75
1785146965.9103606,15,265.21875,2334.5
1785146965.9103606,13,266.890625,2336.75
1785146965.9103606,13,268.515625,2343.75
1785146965.9103606,12,270.140625,2345.5
1785146965.9103606,15,271.765625,2355.5
1785146965.9103606,15,273.390625,2378.75
1785146965.9103606,15,275.0,2394.5
1785146965.9103606,15,276.609375,2415.25
1785146965.9103606,15,278.234375,2434.75
1785146965.9103606,14,279.875,2445.5
1785146965.9103606,12,281.53125,2457.25
1785146965.9103606,15,283.140625,2484.0
1785146965.9103606,15,284.765625,2515.5
1785146965.9103606,13,286.375,2539.0
1785146965.9103606,11,287.984375,2565.0
1785146965.9103606,15,289.640625,2595.75
1785146965.9103606,13,291.234375,2626.5
1785146965.9103606,14,292.859375,2652.25
1785146965.9103606,15,294.53125,2685.25
1785146965.9103606,10,296.109375,2731.5
1785146965.9103606,8,297.765625,2782.5
1785146965.9103606,13,299.5,2839.75
1785146965.9103606,15,301.15625,2887.5
1785146965.9103606,15,302.796875,2945.75
1785146965.9103606,11,304.421875,3013.25
1785146965.9103606,9,306.078125,3053.75
1785146965.9103606,15,309.3125,3205.0
1785146965.9103606,15,310.953125,3275.5
1785146965.9103606,13,314.203125,3491.0
1785146965.9103606,15,315.84375,3579.75
1785146965.9103606,11,317.453125,3678.5
1785146965.9103606,9,320.71875,3954.75
1785146965.9103606,15,322.390625,4079.75
1785146965.9103606,15,325.65625,4383.25
1785146965.9103606,15,348.4375,9359.5
1785146965.9103606,15,350.078125,9260.0
1785146966.1374867,15,350.21875,9241.25
1785146966.1374867,15,353.53125,7464.5
1785146966.1374867,15,356.828125,7114.0
1785146966.1374867,15,358.46875,7067.5
1785146966.1374867,15,0.109375,7056.75
1785146966.1374867,15,1.75,7073.75
1785146966.1374867,15,5.03125,6808.5
1785146966.1374867,15,6.65625,6827.25
1785146966.1374867,15,13.234375,6798.5
1785146966.1374867,15,26.40625,793.25
1785146966.1374867,15,47.109375,108.5
1785146966.1374867,15,165.0625,10151.75
1785146966.1374867,15,176.5625,6614.5
1785146966.1374867,15,181.453125,10228.25
1785146966.1374867,10,199.578125,5107.0
1785146966.1374867,13,222.65625,3123.25
1785146966.1374867,15,224.28125,3049.0
1785146966.1374867,9,225.921875,2972.75
1785146966.1374867,14,227.546875,2907.0
1785146966.1374867,15,230.828125,2759.75
1785146966.1374867,15,232.46875,2712.75
1785146966.1374867,15,234.109375,2672.75
1785146966.1374867,15,235.734375,2627.0
1785146966.1374867,14,237.375,2584.0
1785146966.1374867,15,239.046875,2554.75
1785146966.1374867,15,240.671875,2528.75
1785146966.1374867,14,242.296875,2504.0
1785146966.1374867,15,243.953125,2479.75
1785146966.1374867,15,245.546875,2457.25
1785146966.1374867,15,247.203125,2435.0
1785146966.1374867,15,248.84375,2423.75
1785146966.1374867,15,250.453125,2416.5
1785146966.1374867,15,252.140625,2404.75
1785146966.1374867,8,253.765625,2393.5
1785146966.1374867,10,255.390625,2385.25
1785146966.1374867,12,257.046875,2380.0
1785146966.1374867,15,258.671875,2368.25
1785146966.1374867,11,260.28125,2353.25
1785146966.1374867,11,261.9375,2343.75
1785146966.1374867,14,263.578125,2335.5
1785146966.1374867,14,265.1875,2334.25
1785146966.1374867,13,266.84375,2337.0
1785146966.1374867,11,268.4375,2342.0
1785146966.1374867,8,270.078125,2342.0
1785146966.1374867,15,271.75,2335.5
1785146966.1374867,15,273.359375,2347.0
1785146966.1374867,12,275.015625,2360.75
1785146966.1374867,8,276.609375,2371.25
1785146966.1374867,15,278.265625,2383.5
1785146966.1374867,15,279.90625,2396.5
1785146966.1374867,15,281.515625,2415.25
1785146966.1374867,14,283.140625,2429.5
1785146966.1374867,11,284.796875,2437.75
1785146966.1374867,14,286.40625,2449.5
1785146966.1374867,14,288.046875,2467.0
1785146966.1374867,14,289.671875,2495.25
1785146966.1374867,12,291.28125,2520.75
1785146966.1374867,11,292.90625,2540.0
1785146966.1374867,15,294.546875,2572.0
1785146966.1374867,15,296.15625,2608.5
1785146966.1374867,11,297.78125,2645.25
1785146966.1374867,15,299.53125,2697.25
1785146966.1374867,15,301.125,2746.0
1785146966.1374867,11,302.78125,2781.0
1785146966.1374867,13,304.40625,2831.75
1785146966.1374867,12,306.03125,2890.25
1785146966.1374867,15,307.65625,2948.0
1785146966.1374867,10,309.296875,3019.25
1785146966.1374867,12,312.53125,3185.25
1785146966.1374867,7,315.796875,3352.5
1785146966.1374867,8,319.046875,3552.25
1785146966.1374867,9,323.9375,3940.0
1785146966.1374867,15,349.875,9288.25
1785146966.3625362,15,352.609375,7539.25
1785146966.3625362,15,357.515625,7099.0
1785146966.3625362,15,359.15625,7079.0
1785146966.3625362,15,0.78125,7054.0
1785146966.3625362,15,4.078125,6789.0
1785146966.3625362,15,5.6875,6803.5
1785146966.3625362,15,7.34375,6784.75
1785146966.3625362,15,10.71875,6519.25
1785146966.3625362,10,18.90625,6841.5
1785146966.3625362,15,26.515625,1157.75
1785146966.3625362,15,46.578125,107.25
1785146966.3625362,15,162.625,10345.75
1785146966.3625362,15,164.25,10251.5
1785146966.3625362,15,165.890625,10098.75
1785146966.3625362,15,182.234375,10550.75
1785146966.3625362,15,210.25,4109.75
1785146966.3625362,13,211.859375,3997.5
1785146966.3625362,15,213.515625,3909.0
1785146966.3625362,15,215.171875,3820.75
1785146966.3625362,15,216.8125,3723.5
1785146966.3625362,15,220.09375,3522.5
1785146966.3625362,15,223.390625,3336.75
1785146966.3625362,15,226.71875,3165.5
1785146966.3625362,15,228.359375,3097.25
1785146966.3625362,15,233.296875,2796.75
1785146966.3625362,15,234.9375,2780.5
1785146966.3625362,15,238.21875,2673.0
1785146966.3625362,15,239.875,2646.25
1785146966.3625362,15,241.546875,2612.5
1785146966.3625362,11,243.171875,2579.75
1785146966.3625362,15,244.828125,2546.0
1785146966.3625362,15,246.4375,2526.0
1785146966.3625362,15,248.0625,2513.25
1785146966.3625362,15,249.71875,2499.75
1785146966.3625362,15,251.390625,2488.25
1785146966.3625362,11,253.0,2480.25
1785146966.3625362,11,254.65625,2477.0
1785146966.3625362,11,256.296875,2470.75
1785146966.3625362,13,257.9375,2470.75
1785146966.3625362,14,259.5625,2464.75
1785146966.3625362,13,261.203125,2449.25
1785146966.3625362,14,262.8125,2441.0
1785146966.3625362,13,264.484375,2439.25
1785146966.3625362,13,266.109375,2438.5
1785146966.3625362,14,267.734375,2436.5
1785146966.3625362,15,269.375,2435.5
1785146966.3625362,13,271.015625,2431.0
1785146966.3625362,15,272.65625,2425.0
1785146966.3625362,14,274.28125,2422.5
1785146966.3625362,15,275.875,2427.5
1785146966.3625362,15,277.515625,2434.25
1785146966.3625362,15,279.125,2440.0
1785146966.3625362,15,280.796875,2449.75
1785146966.3625362,15,282.40625,2453.25
1785146966.3625362,11,284.03125,2449.75
1785146966.3625362,15,285.671875,2475.25
1785146966.3625362,15,287.3125,2512.5
1785146966.3625362,13,288.921875,2533.0
1785146966.3625362,15,290.546875,2554.75
1785146966.3625362,15,292.15625,2583.25
1785146966.3625362,15,293.796875,2614.25
1785146966.3625362,15,295.4375,2640.0
1785146966.3625362,13,297.046875,2669.25
1785146966.3625362,12,298.734375,2715.0
1785146966.3625362,15,300.359375,2756.75
1785146966.3625362,15,302.0,2799.25
1785146966.3625362,12,303.625,2855.5
1785146966.3625362,9,305.25,2907.0
1785146966.3625362,15,306.875,2971.0
1785146966.3625362,9,308.53125,3039.0
1785146966.3625362,15,310.140625,3116.0
1785146966.3625362,10,311.78125,3183.25
1785146966.3625362,5,315.015625,3345.0
1785146966.3625362,10,318.28125,3530.25
1785146966.3625362,15,323.1875,3889.75
1785146966.3625362,13,326.4375,4139.0
1785146966.3625362,9,331.3125,4746.0
1785146966.3625362,11,334.578125,5123.0
1785146966.5859015,15,352.265625,7541.5
1785146966.5859015,15,357.1875,7087.75
1785146966.5859015,15,358.828125,7079.25
1785146966.5859015,15,0.484375,7049.5
1785146966.5859015,15,3.75,6761.25
1785146966.5859015,15,5.390625,6805.25
1785146966.5859015,15,7.03125,6805.25
1785146966.5859015,15,10.265625,6598.75
1785146966.5859015,15,11.875,6669.5
1785146966.5859015,15,22.734375,1190.5
1785146966.5859015,15,46.484375,107.25
1785146966.5859015,15,165.5,9988.25
1785146966.5859015,8,196.578125,6111.75
1785146966.5859015,10,203.15625,5090.0
1785146966.5859015,11,211.390625,4062.25
1785146966.5859015,15,213.015625,3961.0
1785146966.5859015,10,214.6875,3850.75
1785146966.5859015,15,226.171875,3128.5
1785146966.5859015,11,227.859375,3063.25
1785146966.5859015,15,229.53125,3014.0
1785146966.5859015,15,232.8125,2861.25
1785146966.5859015,15,234.453125,2814.25
1785146966.5859015,15,236.109375,2769.0
1785146966.5859015,15,237.75,2721.25
1785146966.5859015,15,239.390625,2686.5
1785146966.5859015,15,241.046875,2651.5
1785146966.5859015,15,242.671875,2626.25
1785146966.5859015,12,244.3125,2593.25
1785146966.5859015,12,245.953125,2556.75
1785146966.5859015,15,247.578125,2527.5
1785146966.5859015,15,249.21875,2511.0
1785146966.5859015,15,250.859375,2504.25
1785146966.5859015,15,252.484375,2486.25
1785146966.5859015,10,254.109375,2466.5
1785146966.5859015,14,255.734375,2458.0
1785146966.5859015,14,257.390625,2451.5
1785146966.5859015,13,259.015625,2446.25
1785146966.5859015,13,260.640625,2443.25
1785146966.5859015,11,262.296875,2436.75
1785146966.5859015,15,263.90625,2428.25
1785146966.5859015,15,265.5625,2423.5
1785146966.5859015,15,267.171875,2426.75
1785146966.5859015,15,268.828125,2430.25
1785146966.5859015,15,270.453125,2417.5
1785146966.5859015,15,272.09375,2417.25
1785146966.5859015,12,273.75,2435.0
1785146966.5859015,14,275.3125,2445.75
1785146966.5859015,12,276.953125,2458.0
1785146966.5859015,15,278.609375,2480.0
1785146966.5859015,15,280.203125,2502.0
1785146966.5859015,14,281.859375,2518.0
1785146966.5859015,15,283.484375,2532.0
1785146966.5859015,11,285.109375,2551.5
1785146966.5859015,15,286.71875,2587.75
1785146966.5859015,15,288.34375,2621.75
1785146966.5859015,15,289.96875,2642.5
1785146966.5859015,13,291.59375,2670.0
1785146966.5859015,15,293.203125,2707.25
1785146966.5859015,15,294.859375,2733.0
1785146966.5859015,9,296.484375,2767.25
1785146966.5859015,15,298.09375,2827.5
1785146966.5859015,10,299.796875,2874.75
1785146966.5859015,9,301.4375,2918.75
1785146966.5859015,15,303.078125,2972.5
1785146966.5859015,9,304.703125,3020.5
1785146966.5859015,15,306.34375,3060.5
1785146966.5859015,15,309.578125,3230.25
1785146966.5859015,7,311.21875,3314.0
1785146966.5859015,15,314.46875,3494.5
1785146966.5859015,15,317.734375,3681.0
1785146966.5859015,11,320.984375,3907.75
1785146966.5859015,9,324.28125,4151.75
1785146966.5859015,11,329.140625,4691.25
1785146966.8113606,15,351.765625,7580.0
1785146966.8113606,15,356.71875,7084.25
1785146966.8113606,15,358.34375,7070.75
1785146966.8113606,15,359.984375,7056.5
1785146966.8113606,15,3.265625,6756.25
1785146966.8113606,15,4.90625,6798.25
1785146966.8113606,15,6.5625,6835.0
1785146966.8113606,15,11.46875,6717.25
1785146966.8113606,15,20.578125,1284.5
1785146966.8113606,15,22.1875,1270.75
1785146966.8113606,15,46.453125,108.0
1785146966.8113606,15,165.171875,10134.5
1785146966.8113606,15,166.828125,10053.0
1785146966.8113606,15,176.71875,6495.5
1785146966.8113606,15,179.984375,6793.75
1785146966.8113606,13,203.0,5129.0
1785146966.8113606,10,212.890625,4019.5
1785146966.8113606,15,214.546875,3937.75
1785146966.8113606,4,229.359375,3079.0
1785146966.8113606,15,231.015625,3018.25
1785146966.8113606,13,234.296875,2878.25
1785146966.8113606,14,235.96875,2835.25
1785146966.8113606,12,237.609375,2780.75
1785146966.8113606,15,239.234375,2740.25
1785146966.8113606,11,240.90625,2692.0
1785146966.8113606,12,242.546875,2657.25
1785146966.8113606,15,244.171875,2629.0
1785146966.8113606,11,245.8125,2593.5
1785146966.8113606,15,247.453125,2556.25
1785146966.8113606,14,249.109375,2535.75
1785146966.8113606,15,250.765625,2516.5
1785146966.8113606,15,252.375,2489.75
1785146966.8113606,11,254.0,2475.5
1785146966.8113606,13,255.671875,2466.5
1785146966.8113606,10,257.296875,2455.5
1785146966.8113606,15,258.9375,2447.75
1785146966.8113606,11,260.546875,2440.75
1785146966.8113606,15,262.203125,2431.25
1785146966.8113606,15,263.84375,2425.75
1785146966.8113606,15,265.484375,2424.5
1785146966.8113606,13,267.09375,2427.25
1785146966.8113606,15,268.734375,2431.25
1785146966.8113606,15,270.390625,2419.5
1785146966.8113606,14,272.03125,2420.25
1785146966.8113606,12,273.640625,2436.5
1785146966.8113606,12,275.28125,2446.5
1785146966.8113606,13,276.90625,2459.5
1785146966.8113606,15,278.515625,2481.5
1785146966.8113606,14,280.171875,2513.0
1785146966.8113606,12,281.796875,2531.0
1785146966.8113606,15,283.453125,2534.75
1785146966.8113606,10,285.078125,2554.25
1785146966.8113606,15,286.671875,2590.0
1785146966.8113606,14,288.328125,2623.0
1785146966.8113606,15,289.953125,2645.5
1785146966.8113606,15,291.5625,2674.25
1785146966.8113606,12,293.203125,2722.5
1785146966.8113606,15,294.8125,2748.25
1785146966.8113606,15,296.46875,2772.25
1785146966.8113606,10,298.078125,2832.75
1785146966.8113606,11,299.875,2879.75
1785146966.8113606,15,301.484375,2923.25
1785146966.8113606,15,303.140625,2977.25
1785146966.8113606,15,304.765625,3024.75
1785146966.8113606,13,306.4375,3064.5
1785146966.8113606,15,309.6875,3230.25
1785146966.8113606,5,311.328125,3314.0
1785146966.8113606,15,314.578125,3509.5
1785146966.8113606,15,316.234375,3598.75
1785146966.8113606,8,317.84375,3703.25
1785146966.8113606,15,319.5,3813.5
1785146966.8113606,10,322.703125,4072.75
1785146966.8113606,9,329.21875,4752.25
1785146966.8113606,11,332.484375,5109.0
1785146967.1493704,15,351.3125,7551.0
1785146967.1493704,15,354.609375,7159.75
1785146967.1493704,15,356.25,7135.75
1785146967.1493704,15,357.875,7121.5
1785146967.1493704,15,359.515625,7091.0
1785146967.1493704,15,2.828125,6830.5
1785146967.1493704,15,4.46875,6841.25
1785146967.1493704,15,6.109375,6833.75
1785146967.1493704,15,10.984375,6746.25
1785146967.1493704,11,17.546875,6771.25
1785146967.1493704,15,21.40625,1745.75
1785146967.1493704,15,48.09375,106.5
1785146967.1493704,15,164.75,10143.75
1785146967.1493704,15,166.390625,10044.75
1785146967.1493704,9,174.578125,10070.25
1785146967.1493704,14,181.203125,6776.75
1785146967.1493704,13,200.953125,5375.75
1785146967.1493704,10,205.875,4757.5
1785146967.1493704,9,228.921875,3081.0
1785146967.1493704,15,230.59375,3017.25
1785146967.1493704,15,232.25,2942.75
1785146967.1493704,13,233.84375,2884.25
1785146967.1493704,8,237.140625,2783.0
1785146967.1493704,14,238.796875,2751.75
1785146967.1493704,10,240.421875,2709.5
1785146967.1493704,15,247.0,2586.75
1785146967.1493704,6,248.640625,2564.25
1785146967.1493704,9,251.953125,2529.75
1785146967.1493704,8,253.578125,2496.75
1785146967.1493704,9,256.859375,2479.75
1785146967.1493704,10,258.5,2467.75
1785146967.1493704,10,260.125,2458.0
1785146967.1493704,11,261.78125,2436.5
1785146967.1493704,12,263.421875,2434.0
1785146967.1493704,13,265.0625,2445.0
1785146967.1493704,13,266.671875,2445.0
1785146967.1493704,15,268.3125,2447.5
1785146967.1493704,13,269.953125,2445.25
1785146967.1493704,15,271.59375,2442.25
1785146967.1493704,12,273.21875,2448.5
1785146967.1493704,12,274.8125,2462.5
1785146967.1493704,13,276.4375,2479.0
1785146967.1493704,15,278.078125,2505.75
1785146967.1493704,14,279.6875,2530.75
1785146967.1493704,13,281.328125,2541.0
1785146967.1493704,14,282.96875,2546.25
1785146967.1493704,9,284.578125,2562.5
1785146967.1493704,15,286.21875,2597.75
1785146967.1493704,14,287.828125,2633.0
1785146967.1493704,11,289.453125,2658.5
1785146967.1493704,15,291.109375,2688.25
1785146967.1493704,15,292.71875,2719.5
1785146967.1493704,15,294.359375,2747.75
1785146967.1493704,15,295.984375,2790.25
1785146967.1493704,15,297.609375,2845.75
1785146967.1493704,9,299.28125,2898.25
1785146967.1493704,15,300.890625,2946.75
1785146967.1493704,10,302.515625,3005.0
1785146967.1493704,8,304.15625,3052.0
1785146967.1493704,14,305.765625,3084.0
1785146967.1493704,15,309.015625,3257.25
1785146967.1493704,4,310.640625,3344.25
1785146967.1493704,9,313.90625,3532.25
1785146967.1493704,15,315.53125,3613.5
1785146967.1493704,9,317.15625,3711.0
1785146967.1493704,15,322.03125,4097.25
1785146967.1493704,15,325.375,4393.25
1785146967.1493704,10,328.625,4797.5
1785146967.3757713,15,354.828125,7141.25
1785146967.3757713,15,356.484375,7133.25
1785146967.3757713,15,358.109375,7107.25
1785146967.3757713,15,359.765625,7107.25
1785146967.3757713,15,3.03125,6794.0
1785146967.3757713,15,4.671875,6800.0
1785146967.3757713,15,6.3125,6757.75
1785146967.3757713,15,9.59375,6563.75
1785146967.3757713,15,19.953125,1791.5
1785146967.3757713,15,26.484375,1794.0
1785146967.3757713,15,46.359375,108.0
1785146967.3757713,15,48.40625,106.0
1785146967.3757713,13,165.078125,10152.0
1785146967.3757713,15,166.71875,10048.75
1785146967.3757713,8,174.90625,10109.0
1785146967.3757713,15,178.25,6467.75
1785146967.3757713,11,235.765625,2977.5
1785146967.3757713,15,245.625,2754.5
1785146967.3757713,15,247.265625,2725.75
1785146967.3757713,12,248.90625,2689.5
1785146967.3757713,12,250.609375,2656.5
1785146967.3757713,15,252.234375,2641.0
1785146967.3757713,15,253.859375,2629.75
1785146967.3757713,15,255.5,2614.5
1785146967.3757713,15,257.125,2600.75
1785146967.3757713,11,258.796875,2577.5
1785146967.3757713,8,260.4375,2559.75
1785146967.3757713,15,262.078125,2532.5
1785146967.3757713,15,263.734375,2522.5
1785146967.3757713,10,265.375,2540.5
1785146967.3757713,11,267.0,2541.25
1785146967.3757713,13,268.609375,2540.0
1785146967.3757713,12,270.296875,2535.75
1785146967.3757713,14,271.921875,2537.5
1785146967.3757713,12,273.53125,2545.75
1785146967.3757713,11,275.125,2559.5
1785146967.3757713,15,276.78125,2581.0
1785146967.3757713,15,278.375,2596.5
1785146967.3757713,14,280.03125,2614.0
1785146967.3757713,11,281.65625,2634.5
1785146967.3757713,15,283.28125,2619.25
1785146967.3757713,11,284.90625,2632.0
1785146967.3757713,15,286.515625,2688.25
1785146967.3757713,15,288.15625,2723.75
1785146967.3757713,10,289.796875,2746.75
1785146967.3757713,12,291.421875,2767.0
1785146967.3757713,7,293.0625,2796.0
1785146967.3757713,15,294.65625,2836.25
1785146967.3757713,9,296.296875,2877.0
1785146967.3757713,8,297.953125,2911.75
1785146967.3757713,15,299.6875,2958.0
1785146967.3757713,15,301.328125,2997.25
1785146967.3757713,11,302.984375,3032.0
1785146967.3757713,10,304.59375,3079.0
1785146967.3757713,13,306.21875,3143.25
1785146967.3757713,8,307.859375,3190.25
1785146967.3757713,7,311.125,3337.25
1785146967.3757713,15,312.75,3422.25
1785146967.3757713,13,314.40625,3504.0
1785146967.3757713,11,317.65625,3683.5
1785146967.3757713,15,320.9375,3907.75
1785146967.3757713,10,324.265625,4149.0
1785146967.3757713,13,332.40625,5100.0
1785146967.6015997,15,354.1875,7167.75
1785146967.6015997,15,355.84375,7136.0
1785146967.6015997,15,357.46875,7090.75
1785146967.6015997,15,359.109375,7074.75
1785146967.6015997,15,2.40625,6794.0
1785146967.6015997,15,4.0625,6790.75
1785146967.6015997,15,7.34375,6543.0
1785146967.6015997,15,9.0,6557.75
1785146967.6015997,15,17.703125,1774.5
1785146967.6015997,15,25.859375,1909.75
1785146967.6015997,15,47.953125,107.0
1785146967.6015997,14,50.984375,100.75
1785146967.6015997,15,167.75,10024.75
1785146967.6015997,11,203.9375,5139.25
1785146967.6015997,15,233.609375,3005.75
1785146967.6015997,15,238.546875,2868.5
1785146967.6015997,14,240.21875,2818.0
1785146967.6015997,9,241.8125,2772.25
1785146967.6015997,15,243.5,2735.75
1785146967.6015997,15,245.125,2706.25
1785146967.6015997,15,246.78125,2675.75
1785146967.6015997,7,250.078125,2625.25
1785146967.6015997,8,251.6875,2585.5
1785146967.6015997,8,258.25,2538.5
1785146967.6015997,7,264.78125,2499.25
1785146967.6015997,7,266.453125,2499.0
1785146967.6015997,8,268.0625,2500.0
1785146967.6015997,12,269.6875,2507.5
1785146967.6015997,11,271.328125,2523.25
1785146967.6015997,15,272.953125,2532.0
1785146967.6015997,10,274.625,2541.25
1785146967.6015997,9,276.25,2559.75
1785146967.6015997,15,277.875,2588.75
1785146967.6015997,13,279.5,2619.75
1785146967.6015997,12,281.125,2637.0
1785146967.6015997,15,282.765625,2640.0
1785146967.6015997,11,284.421875,2660.75
1785146967.6015997,15,286.03125,2700.25
1785146967.6015997,15,287.65625,2730.0
1785146967.6015997,9,289.28125,2752.75
1785146967.6015997,9,290.9375,2788.0
1785146967.6015997,15,292.546875,2840.25
1785146967.6015997,9,294.1875,2883.0
1785146967.6015997,7,295.796875,2913.25
1785146967.6015997,15,297.4375,2964.75
1785146967.6015997,12,299.15625,3021.5
1785146967.6015997,9,300.828125,3053.75
1785146967.6015997,15,302.4375,3105.5
1785146967.6015997,14,304.09375,3162.25
1785146967.6015997,15,305.71875,3214.25
1785146967.6015997,15,307.359375,3290.0
1785146967.6015997,5,309.0,3365.75
1785146967.6015997,15,310.609375,3437.0
1785146967.6015997,14,312.25,3519.75
1785146967.6015997,15,313.890625,3613.5
1785146967.6015997,10,315.515625,3706.5
1785146967.6015997,11,318.796875,3935.25
1785146967.6015997,13,322.0625,4149.5
1785146967.6015997,9,325.3125,4417.25
1785146967.6015997,7,328.5625,4802.25
1785146967.6015997,15,349.8125,7603.5
1785146967.8244894,15,353.5625,7164.0
1785146967.8244894,15,355.21875,7129.25
1785146967.8244894,15,356.84375,7092.0
1785146967.8244894,15,0.15625,6802.75
1785146967.8244894,15,1.78125,6825.75
1785146967.8244894,15,3.4375,6805.75
1785146967.8244894,15,6.703125,6520.25
1785146967.8244894,15,8.375,6565.75
1785146967.8244894,15,18.796875,1719.75
1785146967.8244894,15,23.65625,1935.75
1785146967.8244894,15,45.90625,107.5
1785146967.8244894,15,167.109375,10064.25
1785146967.8244894,15,168.734375,9969.0
1785146967.8244894,7,175.296875,10060.0
1785146967.8244894,13,181.984375,6734.5
1785146967.8244894,10,228.046875,3086.75
1785146967.8244894,15,229.703125,3035.25
1785146967.8244894,15,231.34375,2981.75
1785146967.8244894,13,232.984375,2915.75
1785146967.8244894,7,242.84375,2695.0
1785146967.8244894,8,254.390625,2512.0
1785146967.8244894,10,257.65625,2472.25
1785146967.8244894,8,259.3125,2469.0
1785146967.8244894,9,262.609375,2478.0
1785146967.8244894,13,264.234375,2467.75
1785146967.8244894,8,265.859375,2468.5
1785146967.8244894,8,267.484375,2473.75
1785146967.8244894,8,270.796875,2471.75
1785146967.8244894,15,272.4375,2474.5
1785146967.8244894,13,274.046875,2482.0
1785146967.8244894,12,275.65625,2499.5
1785146967.8244894,8,278.875,2538.0
1785146967.8244894,11,280.515625,2571.75
1785146967.8244894,15,295.203125,2829.5
1785146967.8244894,15,296.828125,2858.75
1785146967.8244894,15,298.546875,2905.25
1785146967.8244894,15,300.171875,2943.25
1785146967.8244894,15,301.796875,2985.25
1785146967.8244894,8,303.4375,3035.0
1785146967.8244894,15,305.0625,3085.75
1785146967.8244894,15,306.6875,3145.0
1785146967.8244894,9,308.3125,3196.0
1785146967.8244894,15,309.953125,3265.5
1785146967.8244894,13,311.609375,3360.75
1785146967.8244894,15,313.203125,3458.5
1785146967.8244894,13,314.84375,3557.0
1785146967.8244894,15,316.5,3639.75
1785146967.8244894,7,318.109375,3728.5
1785146967.8244894,8,321.359375,3962.75
1785146967.8244894,12,323.03125,4069.0
1785146967.8244894,8,324.671875,4192.25
1785146967.8244894,10,329.546875,4751.5
1785146967.8244894,8,332.8125,5139.25
1785146967.8244894,15,349.1875,7595.25
1785146968.0503767,15,352.984375,7186.25
1785146968.0503767,15,354.640625,7159.75
1785146968.0503767,15,356.28125,7142.0
1785146968.0503767,15,359.578125,6814.25
1785146968.0503767,15,1.203125,6803.0
1785146968.0503767,15,2.859375,6807.25
1785146968.0503767,15,6.15625,6560.75
1785146968.0503767,15,7.8125,6600.75
1785146968.0503767,15,14.28125,6830.0
1785146968.0503767,15,45.03125,109.0
1785146968.0503767,15,48.09375,106.25
1785146968.0503767,15,166.59375,10008.5
1785146968.0503767,15,168.234375,9936.0
1785146968.0503767,11,227.328125,3142.25
1785146968.0503767,12,229.0,3083.5
1785146968.0503767,15,230.65625,3019.75
1785146968.0503767,15,233.921875,2878.25
1785146968.0503767,8,235.5625,2820.5
1785146968.0503767,15,237.21875,2765.25
1785146968.0503767,9,238.875,2719.25
1785146968.0503767,12,240.5,2669.5
1785146968.0503767,15,242.140625,2632.75
1785146968.0503767,11,243.796875,2591.0
1785146968.0503767,5,245.4375,2556.5
1785146968.0503767,9,247.0625,2515.25
1785146968.0503767,11,250.359375,2464.75
1785146968.0503767,8,252.015625,2433.25
1785146968.0503767,9,255.28125,2404.75
1785146968.0503767,9,256.90625,2388.75
1785146968.0503767,13,276.53125,2378.25
1785146968.0503767,15,278.140625,2396.0
1785146968.0503767,11,279.796875,2406.75
1785146968.0503767,12,281.390625,2415.75
1785146968.0503767,8,283.03125,2436.25
1785146968.0503767,10,284.671875,2464.0
1785146968.0503767,11,286.296875,2479.5
1785146968.0503767,8,287.9375,2486.25
1785146968.0503767,8,310.765625,3168.25
1785146968.0503767,14,312.40625,3240.25
1785146968.0503767,15,317.28125,3572.75
1785146968.0503767,14,318.890625,3675.0
1785146968.0503767,9,322.140625,3906.5
1785146968.0503767,12,332.015625,5073.5
1785146968.0503767,15,348.3125,7670.5
1785146968.2723758,15,351.8125,7195.25
1785146968.2723758,15,353.453125,7167.0
1785146968.2723758,15,355.109375,7137.75
1785146968.2723758,15,356.734375,7096.25
1785146968.2723758,15,358.390625,6961.0
1785146968.2723758,15,0.03125,6839.0
1785146968.2723758,15,1.6875,6828.75
1785146968.2723758,15,3.328125,6830.0
1785146968.2723758,15,6.59375,6523.75
1785146968.2723758,15,13.125,6871.75
1785146968.2723758,14,14.75,6994.75
1785146968.2723758,14,16.421875,6969.5
1785146968.2723758,15,20.265625,1878.25
1785146968.2723758,15,26.859375,1773.5
1785146968.2723758,15,46.859375,108.0
1785146968.2723758,12,167.0,9933.0
1785146968.2723758,15,168.640625,9923.75
1785146968.2723758,7,247.71875,2473.5
1785146968.2723758,13,249.359375,2447.25
1785146968.2723758,8,251.015625,2419.75
1785146968.2723758,9,252.625,2398.0
1785146968.2723758,1,270.65625,2369.25
1785146968.2723758,3,273.96875,2345.25
1785146968.2723758,12,275.5,2366.0
1785146968.2723758,13,277.125,2388.75
1785146968.2723758,12,280.375,2396.75
1785146968.2723758,9,282.015625,2405.5
1785146968.2723758,9,286.890625,2440.0
1785146968.2723758,9,288.546875,2476.5
1785146968.2723758,7,290.140625,2483.25
1785146968.2723758,8,291.796875,2494.0
1785146968.2723758,6,316.375,3340.5
1785146968.2723758,8,319.640625,3548.25
1785146968.2723758,15,321.265625,3637.75
1785146968.2723758,11,324.5,3891.5
1785146968.4987526,15,350.84375,7222.25
1785146968.4987526,15,352.484375,7184.5
1785146968.4987526,15,354.140625,7135.5
1785146968.4987526,15,355.78125,7091.0
1785146968.4987526,15,0.703125,6807.25
1785146968.4987526,15,2.34375,6775.25
1785146968.4987526,15,7.25,6734.75
1785146968.4987526,15,12.140625,6836.0
1785146968.4987526,14,13.78125,6867.25
1785146968.4987526,15,20.90625,1862.5
1785146968.4987526,15,25.875,1731.25
1785146968.4987526,15,46.765625,107.0
1785146968.4987526,13,50.953125,101.0
1785146968.4987526,11,167.484375,10030.75
1785146968.4987526,15,169.125,9869.0
1785146968.4987526,8,177.3125,10065.0
1785146968.4987526,15,229.984375,2970.25
1785146968.4987526,12,231.625,2907.0
1785146968.4987526,9,249.6875,2467.25
1785146968.4987526,9,267.734375,2354.5
1785146968.4987526,14,270.984375,2372.5
1785146968.4987526,13,272.625,2393.75
1785146968.4987526,9,274.265625,2395.5
1785146968.4987526,12,275.921875,2403.75
1785146968.4987526,9,277.5625,2422.75
1785146968.4987526,8,279.1875,2439.25
1785146968.4987526,9,280.828125,2453.25
1785146968.4987526,8,284.09375,2474.75
1785146968.4987526,6,316.734375,3544.25
1785146968.4987526,15,318.359375,3625.0
1785146968.4987526,9,320.0,3712.0
1785146968.4987526,15,347.6875,7692.25
1785146968.6123924,15,350.96875,7201.75
1785146968.6123924,15,352.609375,7171.0
1785146968.6123924,15,354.25,7158.5
1785146968.6123924,15,355.890625,7137.25
1785146968.6123924,15,359.171875,6841.75
1785146968.6123924,15,0.8125,6806.25
1785146968.6123924,15,2.46875,6671.75
1785146968.6123924,15,4.109375,6539.0
1785146968.6123924,15,5.75,6539.0
1785146968.6123924,15,22.65625,1871.5
1785146968.6123924,15,26.015625,1713.5
1785146968.6123924,15,46.4375,106.75
1785146968.6123924,15,167.671875,10026.5
1785146968.6123924,15,169.296875,9907.75
1785146968.6123924,8,175.84375,9987.0
1785146968.6123924,9,177.484375,10054.5
1785146968.6123924,15,228.5625,3001.5
1785146968.6123924,15,231.84375,2824.0
1785146968.6123924,14,233.5,2813.75
1785146968.6123924,14,235.125,2766.25
1785146968.6123924,15,236.765625,2716.5
1785146968.6123924,10,238.4375,2669.25
1785146968.6123924,15,240.0625,2621.5
1785146968.6123924,10,241.734375,2580.5
1785146968.6123924,15,243.359375,2534.5
1785146968.6123924,15,249.921875,2468.75
1785146968.6123924,7,251.59375,2411.25
1785146968.6123924,8,253.21875,2391.0
1785146968.6123924,9,277.75,2393.25
1785146968.6123924,8,279.390625,2403.5
1785146968.6123924,7,282.625,2447.75
1785146968.6123924,12,284.25,2481.5
1785146968.6123924,15,318.5625,3660.75
1785146968.6123924,14,321.828125,3868.5
1785146968.6123924,8,329.984375,4730.5
1785146968.6123924,10,333.21875,5119.0
1785146968.6123924,15,349.625,7234.0
1785146968.8351176,15,351.3125,7216.0
1785146968.8351176,15,352.953125,7183.5
1785146968.8351176,15,354.59375,7157.0
1785146968.8351176,15,357.890625,6838.0
1785146968.8351176,15,359.546875,6814.0
1785146968.8351176,15,1.1875,6817.5
1785146968.8351176,15,4.484375,6531.25
1785146968.8351176,15,10.90625,6832.25
1785146968.8351176,15,12.53125,6887.25
1785146968.8351176,15,16.15625,2577.5
1785146968.8351176,15,19.4375,2559.5
1785146968.8351176,15,23.015625,1700.75
1785146968.8351176,9,24.59375,1709.5
1785146968.8351176,15,47.4375,106.25
1785146968.8351176,15,167.890625,9919.25
1785146968.8351176,15,169.53125,9831.25
1785146968.8351176,8,225.484375,3141.75
1785146968.8351176,15,233.6875,2808.75
1785146968.8351176,6,235.3125,2784.0
1785146968.8351176,13,236.96875,2750.25
1785146968.8351176,15,238.59375,2708.75
1785146968.8351176,11,240.265625,2654.5
1785146968.8351176,11,241.890625,2604.75
1785146968.8351176,15,250.125,2457.25
1785146968.8351176,7,268.21875,2304.75
1785146968.8351176,13,269.84375,2297.75
1785146968.8351176,7,271.5,2274.25
1785146968.8351176,5,276.28125,2343.25
1785146968.8351176,14,277.90625,2358.25
1785146968.8351176,11,279.546875,2385.0
1785146968.8351176,8,281.171875,2393.0
1785146968.8351176,7,295.84375,2582.5
1785146968.8351176,15,320.390625,3639.5
1785146968.8351176,8,323.6875,3814.25
1785146968.8351176,15,346.421875,7685.5
1785146968.8351176,15,349.703125,7247.5
1785146969.0624774,15,351.4375,7209.75
1785146969.0624774,15,353.078125,7178.25
1785146969.0624774,15,356.375,6798.5
1785146969.0624774,15,358.015625,6833.0
1785146969.0624774,15,359.65625,6815.5
1785146969.0624774,15,7.859375,6678.5
1785146969.0624774,15,14.6875,2551.25
1785146969.0624774,15,16.328125,2546.25
1785146969.0624774,15,21.53125,1677.25
1785146969.0624774,15,26.328125,1909.5
1785146969.0624774,15,46.265625,108.25
1785146969.0624774,15,48.390625,106.0
1785146969.0624774,15,169.671875,9826.5
1785146969.0624774,9,177.828125,9936.0
1785146969.0624774,15,182.875,6471.5
1785146969.0624774,9,199.265625,5553.75
1785146969.0624774,8,224.125,3092.5
1785146969.0624774,15,225.78125,3036.5
1785146969.0624774,15,230.6875,2763.75
1785146969.0624774,15,232.3125,2752.25
1785146969.0624774,10,233.984375,2717.75
1785146969.0624774,13,235.59375,2701.0
1785146969.0624774,10,245.484375,2480.75
1785146969.0624774,7,247.125,2467.5
1785146969.0624774,8,248.75,2436.5
1785146969.0624774,8,258.5625,2290.5
1785146969.0624774,8,265.125,2281.25
1785146969.0624774,8,270.03125,2273.25
1785146969.0624774,11,273.296875,2271.5
1785146969.0624774,10,274.9375,2274.25
1785146969.0624774,13,283.0625,2394.75
1785146969.0624774,8,284.703125,2401.0
1785146969.0624774,9,286.328125,2410.25
1785146969.0624774,7,292.84375,2451.5
1785146969.0624774,15,294.46875,2503.5
1785146969.0624774,8,302.6875,2694.0
1785146969.0624774,15,328.796875,4128.25
1785146969.0624774,15,348.296875,7262.0
1785146969.0624774,15,349.921875,7242.75
1785146969.28917,15,351.671875,7195.0
1785146969.28917,15,353.328125,7159.0
1785146969.28917,15,356.609375,6784.0
1785146969.28917,15,358.28125,6804.0
1785146969.28917,15,359.90625,6810.25
1785146969.28917,15,3.203125,6519.0
1785146969.28917,15,4.84375,6694.5
1785146969.28917,15,11.703125,2583.5
1785146969.28917,15,13.359375,2525.5
1785146969.28917,15,14.984375,2478.0
1785146969.28917,15,46.234375,108.5
1785146969.28917,15,47.90625,106.0
1785146969.28917,15,170.0625,9788.5
1785146969.28917,15,183.3125,6491.5
1785146969.28917,10,222.8125,3053.75
1785146969.28917,15,229.375,2693.5
1785146969.28917,11,230.984375,2688.75
1785146969.28917,13,232.640625,2646.75
1785146969.28917,8,234.265625,2594.5
1785146969.28917,14,235.90625,2538.0
1785146969.28917,10,237.59375,2486.75
1785146969.28917,13,239.234375,2440.75
1785146969.28917,10,240.859375,2402.25
1785146969.28917,15,247.40625,2260.75
1785146969.28917,15,283.359375,2257.0
1785146969.28917,15,284.96875,2271.75
1785146969.28917,15,286.578125,2291.25
1785146969.28917,15,288.234375,2313.0
1785146969.28917,9,289.875,2335.25
1785146969.28917,15,291.46875,2364.75
1785146969.28917,7,293.140625,2395.0
1785146969.28917,9,333.796875,5096.75
1785146969.28917,15,345.171875,7769.0
1785146969.28917,15,348.515625,7257.0
1785146969.28917,15,350.15625,7224.5
1785146969.5134492,15,351.765625,7201.25
1785146969.5134492,15,355.0625,6808.75
1785146969.5134492,15,356.6875,6827.75
1785146969.5134492,15,358.34375,6824.5
1785146969.5134492,15,10.171875,2560.25
1785146969.5134492,15,11.75,2505.75
1785146969.5134492,15,13.40625,2463.5
1785146969.5134492,15,16.671875,2424.0
1785146969.5134492,15,23.46875,1650.25
1785146969.5134492,15,45.78125,108.0
1785146969.5134492,15,47.625,106.0
1785146969.5134492,15,169.9375,9866.75
1785146969.5134492,15,171.5625,9820.5
1785146969.5134492,7,227.515625,2636.75
1785146969.5134492,6,230.796875,2543.25
1785146969.5134492,15,232.484375,2520.5
1785146969.5134492,13,234.09375,2475.25
1785146969.5134492,11,235.75,2439.0
1785146969.5134492,12,237.421875,2400.75
1785146969.5134492,11,239.03125,2347.5
1785146969.5134492,15,240.71875,2309.75
1785146969.5134492,9,284.8125,2290.75
1785146969.5134492,15,291.296875,2402.75
1785146969.5134492,12,292.96875,2435.75
1785146969.5134492,7,294.546875,2461.25
1785146969.5134492,15,348.34375,7265.0
1785146969.5134492,15,350.0,7239.0
1785146969.6261046,15,351.640625,7197.0
1785146969.6261046,15,354.9375,6808.5
1785146969.6261046,15,356.5625,6794.25
1785146969.6261046,15,358.203125,6804.25
1785146969.6261046,15,3.109375,6769.25
1785146969.6261046,15,10.046875,2523.0
1785146969.6261046,15,11.65625,2470.5
1785146969.6261046,15,13.3125,2434.75
1785146969.6261046,0,14.921875,2426.75
1785146969.6261046,15,25.03125,1676.25
1785146969.6261046,15,46.265625,108.25
1785146969.6261046,15,48.1875,106.0
1785146969.6261046,15,168.28125,9967.5
1785146969.6261046,15,169.921875,9874.0
1785146969.6261046,15,171.5625,9818.25
1785146969.6261046,9,225.859375,2759.5
1785146969.6261046,9,227.5625,2682.0
1785146969.6261046,11,229.203125,2611.75
1785146969.6261046,6,230.875,2569.5
1785146969.6261046,14,232.515625,2542.5
1785146969.6261046,15,234.171875,2503.25
1785146969.6261046,6,235.796875,2459.5
1785146969.6261046,15,237.4375,2434.0
1785146969.6261046,7,239.109375,2397.5
1785146969.6261046,11,240.75,2345.0
1785146969.6261046,8,242.390625,2306.5
1785146969.6261046,15,247.328125,2253.75
1785146969.6261046,8,294.609375,2473.75
1785146969.6261046,7,296.21875,2484.5
1785146969.6261046,7,324.0,3890.5
1785146969.6261046,15,346.796875,7307.0
1785146969.6261046,15,348.421875,7262.25
1785146969.6261046,15,350.0625,7229.0
1785146969.8510003,15,351.546875,7198.75
1785146969.8510003,15,356.46875,6822.0
1785146969.8510003,15,358.125,6798.25
1785146969.8510003,15,1.40625,6551.25
1785146969.8510003,15,3.046875,6730.75
1785146969.8510003,15,8.34375,2518.25
1785146969.8510003,15,9.96875,2459.0
1785146969.8510003,15,11.625,2418.0
1785146969.8510003,6,13.21875,2392.75
1785146969.8510003,15,21.578125,1849.75
1785146969.8510003,15,26.5625,1739.25
1785146969.8510003,15,46.4375,108.5
1785146969.8510003,15,47.84375,106.0
1785146969.8510003,15,50.390625,103.0
1785146969.8510003,15,168.109375,9973.5
1785146969.8510003,15,169.75,9888.75
1785146969.8510003,15,171.390625,9780.75
1785146969.8510003,15,181.234375,10089.25
1785146969.8510003,7,220.84375,2958.5
1785146969.8510003,15,224.140625,2785.25
1785146969.8510003,13,225.796875,2727.75
1785146969.8510003,14,229.03125,2587.25
1785146969.8510003,14,230.71875,2551.75
1785146969.8510003,11,232.328125,2508.5
1785146969.8510003,11,234.0,2485.25
1785146969.8510003,11,235.65625,2438.5
1785146969.8510003,10,237.25,2396.25
1785146969.8510003,10,242.1875,2281.25
1785146969.8510003,10,247.125,2242.5
1785146969.8510003,10,297.65625,2475.0
1785146969.8510003,13,307.59375,2720.5
1785146969.8510003,15,309.21875,2753.25
1785146969.8510003,15,346.5625,7308.5
1785146969.8510003,15,348.203125,7273.75
1785146969.8510003,15,349.84375,7242.75
1785146969.9626791,15,351.484375,7204.75
1785146969.9626791,15,354.765625,6815.25
1785146969.9626791,15,356.40625,6824.5
1785146969.9626791,15,358.046875,6832.0
1785146969.9626791,15,1.328125,6521.5
1785146969.9626791,15,2.96875,6659.25
1785146969.9626791,15,6.59375,2564.25
1785146969.9626791,15,8.234375,2496.0
1785146969.9626791,15,9.90625,2434.5
1785146969.9626791,15,11.515625,2403.0
1785146969.9626791,15,13.203125,2371.25
1785146969.9626791,15,21.53125,1835.75
1785146969.9626791,15,26.46875,1719.5
1785146969.9626791,15,45.421875,108.25
1785146969.9626791,15,47.203125,106.0
1785146969.9626791,15,169.59375,9930.75
1785146969.9626791,15,171.234375,9768.75
1785146969.9626791,8,174.5,10273.0
1785146969.9626791,7,177.765625,10263.25
1785146969.9626791,15,181.046875,10353.25
1785146969.9626791,13,228.90625,2627.0
1785146969.9626791,14,230.59375,2606.75
1785146969.9626791,6,232.21875,2563.75
1785146969.9626791,9,233.859375,2513.5
1785146969.9626791,11,235.484375,2478.25
1785146969.9626791,9,237.140625,2445.25
1785146969.9626791,10,238.765625,2405.5
1785146969.9626791,9,279.6875,2282.25
1785146969.9626791,8,281.359375,2285.0
1785146969.9626791,8,333.53125,5075.5
1785146969.9626791,15,346.59375,7308.75
1785146969.9626791,15,348.25,7272.25
1785146969.9626791,15,349.875,7237.0
1785146970.074858,15,351.515625,7202.75
1785146970.074858,15,354.796875,6816.25
1785146970.074858,15,356.453125,6797.25
1785146970.074858,15,8.328125,2455.0
1785146970.074858,15,9.953125,2421.0
1785146970.074858,11,14.875,2370.25
1785146970.074858,15,21.59375,1838.75
1785146970.074858,15,24.96875,1704.75
1785146970.074858,10,26.578125,1713.25
1785146970.074858,15,46.375,108.75
1785146970.074858,15,48.546875,106.25
1785146970.074858,15,169.828125,9850.75
1785146970.074858,15,171.46875,9803.5
1785146970.074858,15,181.296875,10399.5
1785146970.074858,15,224.265625,2802.25
1785146970.074858,15,225.9375,2747.75
1785146970.074858,15,229.203125,2602.25
1785146970.074858,15,230.859375,2572.5
1785146970.074858,15,232.46875,2545.0
1785146970.074858,15,234.109375,2502.0
1785146970.074858,7,235.78125,2456.5
1785146970.074858,12,237.421875,2424.75
1785146970.074858,13,239.0625,2402.75
1785146970.074858,2,240.6875,2362.75
1785146970.074858,7,294.6875,2434.75
1785146970.074858,9,296.359375,2472.0
1785146970.074858,10,297.953125,2484.0
1785146970.074858,15,328.953125,4152.5
1785146970.074858,15,346.84375,7301.75
1785146970.074858,15,348.46875,7262.75
1785146970.074858,15,350.125,7229.0
1785146970.3003287,15,350.28125,7224.25
1785146970.3003287,15,355.21875,6801.0
1785146970.3003287,15,356.859375,6813.5
1785146970.3003287,15,0.15625,6545.0
1785146970.3003287,15,7.140625,2423.5
1785146970.3003287,15,11.96875,2294.5
1785146970.3003287,15,13.625,2261.5
1785146970.3003287,15,16.84375,2363.5
1785146970.3003287,15,23.625,1672.25
1785146970.3003287,15,47.0625,108.0
1785146970.3003287,15,170.234375,9840.25
1785146970.3003287,15,171.875,9728.75
1785146970.3003287,15,181.65625,10355.75
1785146970.3003287,15,219.625,3076.0
1785146970.3003287,11,224.5625,2821.0
1785146970.3003287,14,227.84375,2665.0
1785146970.3003287,15,229.484375,2616.75
1785146970.3003287,13,231.125,2594.0
1785146970.3003287,15,232.765625,2568.0
1785146970.3003287,15,234.40625,2530.75
1785146970.3003287,14,236.046875,2487.0
1785146970.3003287,13,237.703125,2451.0
1785146970.3003287,15,239.3125,2421.25
1785146970.3003287,11,240.953125,2383.25
1785146970.3003287,8,244.265625,2328.5
1785146970.3003287,8,245.90625,2287.0
1785146970.3003287,15,247.546875,2274.5
1785146970.3003287,7,283.484375,2264.75
1785146970.3003287,8,285.125,2271.25
1785146970.3003287,8,294.890625,2425.5
1785146970.3003287,11,296.515625,2464.75
1785146970.3003287,9,298.140625,2478.0
1785146970.3003287,10,332.421875,4751.25
1785146970.3003287,15,345.484375,7350.5
1785146970.3003287,15,347.0625,7285.0
1785146970.3003287,15,348.71875,7250.0
1785146970.4118462,15,350.359375,7221.75
1785146970.4118462,15,353.65625,6877.0
1785146970.4118462,15,355.296875,6820.25
1785146970.4118462,15,356.9375,6692.75
1785146970.4118462,15,358.578125,6691.25
1785146970.4118462,15,3.859375,2522.75
1785146970.4118462,15,12.03125,2264.25
1785146970.4118462,10,13.671875,2236.25
1785146970.4118462,15,22.0625,1663.0
1785146970.4118462,15,45.65625,107.5
1785146970.4118462,15,50.34375,101.75
1785146970.4118462,15,171.8125,9730.75
1785146970.4118462,15,181.625,10329.25
1785146970.4118462,9,221.15625,2964.0
1785146970.4118462,8,227.765625,2642.75
1785146970.4118462,10,229.40625,2625.5
1785146970.4118462,10,231.046875,2594.5
1785146970.4118462,11,232.6875,2549.0
1785146970.4118462,13,234.328125,2496.0
1785146970.4118462,6,235.96875,2458.75
1785146970.4118462,15,237.640625,2424.25
1785146970.4118462,8,239.28125,2386.25
1785146970.4118462,8,240.9375,2344.0
1785146970.4118462,9,242.546875,2304.75
1785146970.4118462,7,244.1875,2276.25
1785146970.4118462,15,247.515625,2257.5
1785146970.4118462,9,288.234375,2377.5
1785146970.4118462,15,289.8125,2403.75
1785146970.4118462,10,291.453125,2433.75
1785146970.4118462,14,294.703125,2469.75
1785146970.4118462,8,296.359375,2487.75
1785146970.4118462,8,297.953125,2524.25
1785146970.4118462,15,327.4375,4177.5
1785146970.4118462,15,345.375,7352.0
1785146970.4118462,15,346.96875,7290.75
1785146970.4118462,15,348.609375,7255.5
1785146970.6381254,15,351.875,6870.75
1785146970.6381254,15,353.515625,6864.5
1785146970.6381254,15,355.15625,6834.5
1785146970.6381254,15,3.734375,2444.5
1785146970.6381254,15,8.71875,2281.5
1785146970.6381254,15,10.328125,2234.25
1785146970.6381254,15,11.96875,2197.5
1785146970.6381254,15,20.328125,1649.5
1785146970.6381254,15,45.859375,108.0
1785146970.6381254,15,170.28125,9849.75
1785146970.6381254,15,171.921875,9787.0
1785146970.6381254,15,173.546875,9734.5
1785146970.6381254,15,181.703125,10437.75
1785146970.6381254,15,224.65625,2698.25
1785146970.6381254,15,226.328125,2668.25
1785146970.6381254,15,227.921875,2605.0
1785146970.6381254,11,229.578125,2562.25
1785146970.6381254,12,231.203125,2530.75
1785146970.6381254,13,232.859375,2492.5
1785146970.6381254,11,234.515625,2439.25
1785146970.6381254,10,236.140625,2399.5
1785146970.6381254,10,288.40625,2392.0
1785146970.6381254,11,294.953125,2486.25
1785146970.6381254,9,299.890625,2604.5
1785146970.6381254,7,303.140625,2656.5
1785146970.6381254,9,304.8125,2698.25
1785146970.6381254,15,327.5625,4184.5
1785146970.6381254,15,345.453125,7351.25
1785146970.6381254,15,347.125,7288.5
1785146970.6381254,15,348.765625,7255.25
1785146970.7515647,15,353.6875,6853.5
1785146970.7515647,15,355.328125,6818.0
1785146970.7515647,15,0.640625,2522.5
1785146970.7515647,15,2.296875,2454.0
1785146970.7515647,15,3.921875,2398.0
1785146970.7515647,15,5.578125,2352.75
1785146970.7515647,15,7.265625,2301.0
1785146970.7515647,15,8.890625,2246.5
1785146970.7515647,15,10.53125,2200.0
1785146970.7515647,15,18.953125,1650.25
1785146970.7515647,15,23.71875,1872.25
1785146970.7515647,15,47.3125,108.25
1785146970.7515647,15,170.34375,9845.5
1785146970.7515647,15,172.0,9783.25
1785146970.7515647,15,173.625,9711.0
1785146970.7515647,15,181.71875,10425.5
1785146970.7515647,15,227.953125,2596.75
1785146970.7515647,15,229.625,2560.25
1785146970.7515647,13,231.25,2512.75
1785146970.7515647,15,232.875,2461.25
1785146970.7515647,7,234.546875,2412.5
1785146970.7515647,14,236.1875,2357.0
1785146970.7515647,15,237.84375,2307.5
1785146970.7515647,15,239.484375,2277.75
1785146970.7515647,10,304.8125,2583.25
1785146970.7515647,7,306.46875,2642.75
1785146970.7515647,11,308.078125,2695.5
1785146970.7515647,10,309.734375,2720.25
1785146970.7515647,9,334.0625,5152.0
1785146970.7515647,15,343.828125,7447.75
1785146970.7515647,15,345.453125,7350.5
1785146970.7515647,15,347.0625,7289.5
1785146970.7515647,15,348.6875,7255.5
1785146970.974407,15,352.125,6882.25
1785146970.974407,15,353.765625,6852.5
1785146970.974407,15,2.390625,2384.25
1785146970.974407,15,7.359375,2213.75
1785146970.974407,15,8.984375,2161.5
1785146970.974407,15,17.359375,1654.25
1785146970.974407,15,45.78125,107.5
1785146970.974407,15,50.890625,101.75
1785146970.974407,15,170.4375,9861.25
1785146970.974407,15,172.078125,9793.5
1785146970.974407,15,173.703125,9754.75
1785146970.974407,15,181.9375,10359.25
1785146970.974407,8,228.140625,2576.75
1785146970.974407,15,229.796875,2516.75
1785146970.974407,6,231.4375,2463.5
1785146970.974407,15,233.0625,2408.25
1785146970.974407,14,270.765625,2013.5
1785146970.974407,10,309.921875,2710.0
1785146970.974407,15,345.75,7338.5
1785146970.974407,15,347.40625,7306.75
1785146971.0884664,15,350.6875,6887.5
1785146971.0884664,15,352.34375,6856.5
1785146971.0884664,15,353.984375,6794.0
1785146971.0884664,15,0.96875,2407.0
1785146971.0884664,15,2.609375,2347.25
1785146971.0884664,15,4.28125,2288.0
1785146971.0884664,15,5.9375,2230.0
1785146971.0884664,15,9.234375,2122.25
1785146971.0884664,15,17.5,1638.0
1785146971.0884664,15,20.671875,1864.75
1785146971.0884664,15,47.359375,107.25
1785146971.0884664,15,51.59375,101.25
1785146971.0884664,15,170.546875,9761.5
1785146971.0884664,15,172.1875,9770.25
1785146971.0884664,15,173.828125,9684.5
1785146971.0884664,15,182.0,10295.0
1785146971.0884664,15,218.34375,2869.0
1785146971.0884664,15,228.1875,2608.0
1785146971.0884664,15,229.84375,2558.0
1785146971.0884664,15,231.484375,2509.5
1785146971.0884664,6,233.09375,2462.0
1785146971.0884664,12,234.765625,2415.75
1785146971.0884664,9,241.3125,2275.25
1785146971.0884664,15,287.109375,2263.5
1785146971.0884664,11,296.828125,2399.0
1785146971.0884664,8,298.484375,2440.25
1785146971.0884664,15,345.84375,7341.75
1785146971.0884664,15,347.421875,7306.5
1785146971.3114004,15,350.625,6887.5
1785146971.3114004,15,352.265625,6859.0
1785146971.3114004,15,359.21875,2404.0
1785146971.3114004,15,0.875,2345.25
1785146971.3114004,15,5.859375,2134.0
1785146971.3114004,15,7.5,2105.0
1785146971.3114004,15,19.140625,1650.5
1785146971.3114004,15,46.8125,107.25
1785146971.3114004,15,170.59375,9818.25
1785146971.3114004,15,172.25,9719.5
1785146971.3114004,15,173.875,9673.75
1785146971.3114004,9,178.78125,10095.75
1785146971.3114004,9,220.109375,2885.75
1785146971.3114004,15,221.75,2881.0
1785146971.3114004,14,223.390625,2808.25
1785146971.3114004,15,225.046875,2741.0
1785146971.3114004,15,228.3125,2589.5
1785146971.3114004,15,229.953125,2561.0
1785146971.3114004,13,231.609375,2509.25
1785146971.3114004,14,233.234375,2462.0
1785146971.3114004,15,234.90625,2409.75
1785146971.3114004,13,236.53125,2350.75
1785146971.3114004,15,238.203125,2306.5
1785146971.3114004,15,239.828125,2277.25
1785146971.3114004,15,241.453125,2250.0
1785146971.3114004,12,267.75,2000.5
1785146971.3114004,12,269.375,2003.5
1785146971.3114004,15,271.015625,2005.5
1785146971.3114004,9,274.296875,2005.5
1785146971.3114004,15,346.046875,7336.75
1785146971.3114004,15,349.28125,6887.75
1785146971.426462,15,350.90625,6933.75
1785146971.426462,15,352.546875,6876.0
1785146971.426462,15,357.859375,2420.25
1785146971.426462,15,1.1875,2290.5
1785146971.426462,15,4.484375,2141.0
1785146971.426462,15,7.796875,2103.5
1785146971.426462,15,17.703125,1844.5
1785146971.426462,15,21.046875,1677.75
1785146971.426462,15,46.375,106.5
1785146971.426462,15,170.875,9764.25
1785146971.426462,15,172.5,9752.25
1785146971.426462,15,174.140625,9708.5
1785146971.426462,15,182.390625,10265.75
1785146971.426462,15,184.046875,10495.5
1785146971.426462,11,215.4375,3240.0
1785146971.426462,11,220.390625,2905.0
1785146971.426462,15,222.046875,2876.75
1785146971.426462,14,223.6875,2813.0
1785146971.426462,15,225.34375,2749.0
1785146971.426462,15,226.953125,2692.75
1785146971.426462,15,228.640625,2636.25
1785146971.426462,15,230.28125,2587.25
1785146971.426462,15,231.90625,2534.0
1785146971.426462,15,233.578125,2478.0
1785146971.426462,15,235.234375,2427.75
1785146971.426462,13,236.875,2379.75
1785146971.426462,12,238.515625,2332.5
1785146971.426462,15,240.171875,2293.5
1785146971.426462,15,241.78125,2262.75
1785146971.426462,8,243.453125,2233.75
1785146971.426462,11,310.5,2690.0
1785146971.426462,8,318.65625,3105.25
1785146971.426462,8,336.484375,5097.5
1785146971.426462,15,346.265625,7306.75
1785146971.537244,15,351.171875,6961.0
1785146971.537244,15,358.15625,2379.5
1785146971.537244,10,8.03125,2105.0
1785146971.537244,15,16.3125,1835.5
1785146971.537244,15,22.921875,1705.75
1785146971.537244,15,46.828125,106.5
1785146971.537244,15,171.140625,9690.25
1785146971.537244,15,172.78125,9675.5
1785146971.537244,15,174.421875,9675.5
1785146971.537244,15,182.5625,10368.0
1785146971.537244,12,215.578125,3218.0
1785146971.537244,15,218.890625,3011.25
1785146971.537244,11,220.515625,2940.25
1785146971.537244,15,222.15625,2873.5
1785146971.537244,15,223.796875,2809.0
1785146971.537244,15,225.453125,2745.75
1785146971.537244,15,227.109375,2687.25
1785146971.537244,15,228.734375,2631.0
1785146971.537244,12,230.421875,2579.5
1785146971.537244,15,232.0625,2520.25
1785146971.537244,12,233.703125,2467.5
1785146971.537244,15,235.34375,2426.5
1785146971.537244,8,237.0,2382.5
1785146971.537244,11,238.65625,2334.5
1785146971.537244,15,240.28125,2295.75
1785146971.537244,15,241.921875,2265.25
1785146971.537244,13,243.578125,2250.0
1785146971.537244,9,245.203125,2232.0
1785146971.537244,9,309.078125,2711.75
1785146971.537244,11,336.703125,5107.75
1785146971.537244,11,346.53125,7227.75
1785146971.537244,15,348.171875,7064.0
1785146971.537244,15,349.828125,6976.0
1785146971.652451,15,356.828125,2395.25
1785146971.652451,15,358.46875,2327.0
1785146971.652451,15,6.71875,2096.0
1785146971.652451,15,8.359375,2135.25
1785146971.652451,15,23.234375,1720.75
1785146971.652451,15,45.90625,108.75
1785146971.652451,15,47.703125,106.25
1785146971.652451,15,173.265625,9706.0
1785146971.652451,15,174.890625,9583.5
1785146971.652451,12,214.421875,3229.75
1785146971.652451,15,217.734375,3017.0
1785146971.652451,10,221.046875,2841.0
1785146971.652451,13,222.703125,2775.25
1785146971.652451,11,224.34375,2713.5
1785146971.652451,15,225.96875,2644.25
1785146971.652451,13,227.59375,2584.75
1785146971.652451,15,229.21875,2533.75
1785146971.652451,13,230.890625,2477.5
1785146971.652451,15,232.515625,2419.75
1785146971.652451,9,234.1875,2362.25
1785146971.652451,15,235.8125,2310.5
1785146971.652451,15,237.4375,2274.5
1785146971.652451,7,239.0625,2248.25
1785146971.652451,8,253.890625,2084.25
1785146971.652451,9,257.15625,2076.5
1785146971.652451,14,258.765625,2077.0
1785146971.652451,15,260.421875,2074.75
1785146971.652451,13,262.0625,2069.75
1785146971.652451,15,263.71875,2052.75
1785146971.652451,9,265.34375,2052.5
1785146971.652451,9,267.0,2068.5
1785146971.652451,15,268.609375,2057.75
1785146971.652451,12,270.234375,2055.25
1785146971.652451,11,296.296875,2404.25
1785146971.652451,9,335.453125,5108.75
1785146971.652451,15,348.5,6908.5
1785146971.7637398,15,355.4375,2409.75
1785146971.7637398,15,357.09375,2339.75
1785146971.7637398,15,0.40625,2249.25
1785146971.7637398,15,5.40625,2084.25
1785146971.7637398,12,7.015625,2094.75
1785146971.7637398,15,11.75,2851.75
1785146971.7637398,15,15.359375,1819.0
1785146971.7637398,15,21.953125,1699.0
1785146971.7637398,15,45.46875,107.75
1785146971.7637398,15,48.96875,105.75
1785146971.7637398,13,171.796875,9761.75
1785146971.7637398,15,173.4375,9614.25
1785146971.7637398,15,175.0625,9594.75
1785146971.7637398,15,183.34375,10374.5
1785146971.7637398,15,218.0,3059.25
1785146971.7637398,15,221.28125,2894.0
1785146971.7637398,11,222.921875,2822.75
1785146971.7637398,15,224.5625,2760.25
1785146971.7637398,15,227.890625,2621.0
1785146971.7637398,15,229.515625,2572.5
1785146971.7637398,14,231.171875,2505.0
1785146971.7637398,15,232.828125,2451.25
1785146971.7637398,15,236.140625,2324.75
1785146971.7637398,15,237.78125,2278.5
1785146971.7637398,7,239.421875,2244.75
1785146971.7637398,9,252.578125,2074.5
1785146971.7637398,12,254.21875,2056.5
1785146971.7637398,15,255.890625,2057.75
1785146971.7637398,10,257.546875,2060.0
1785146971.7637398,13,259.125,2056.5
1785146971.7637398,13,260.8125,2053.5
1785146971.7637398,15,262.4375,2043.0
1785146971.7637398,15,264.078125,2039.25
1785146971.7637398,13,265.71875,2039.75
1785146971.7637398,13,267.375,2040.0
1785146971.7637398,15,268.984375,2034.5
1785146971.7637398,15,270.640625,2028.5
1785146971.7637398,15,272.265625,2034.0
1785146971.7637398,12,273.90625,2042.0
1785146971.7637398,13,275.421875,2047.5
1785146971.7637398,9,277.0625,2065.5
1785146971.7637398,9,278.65625,2088.25
1785146971.7637398,15,291.6875,2232.5
1785146971.7637398,15,293.3125,2252.25
1785146971.7637398,12,294.90625,2282.0
1785146971.7637398,9,296.5625,2335.25
1785146971.7637398,15,298.203125,2354.25
1785146971.7637398,9,303.171875,2479.75
1785146971.7637398,15,309.65625,2700.5
1785146971.7637398,15,348.78125,6992.5
1785146971.8753574,15,355.78125,2359.25
1785146971.8753574,15,359.03125,2272.5
1785146971.8753574,15,15.578125,1815.0
1785146971.8753574,15,22.125,1692.75
1785146971.8753574,15,45.453125,107.5
1785146971.8753574,15,50.1875,101.75
1785146971.8753574,15,172.046875,9790.25
1785146971.8753574,15,173.703125,9665.0
1785146971.8753574,15,175.328125,9566.0
1785146971.8753574,15,216.484375,3194.0
1785146971.8753574,15,219.796875,3003.0
1785146971.8753574,11,221.4375,2930.0
1785146971.8753574,15,223.09375,2857.0
1785146971.8753574,13,224.75,2790.75
1785146971.8753574,15,228.03125,2654.0
1785146971.8753574,11,229.6875,2606.25
1785146971.8753574,12,231.3125,2554.25
1785146971.8753574,12,234.609375,2441.0
1785146971.8753574,7,236.25,2411.25
1785146971.8753574,11,237.890625,2357.0
1785146971.8753574,15,239.546875,2309.0
1785146971.8753574,15,241.21875,2280.25
1785146971.8753574,14,242.84375,2263.5
1785146971.8753574,8,244.484375,2247.5
1785146971.8753574,8,286.9375,2238.75
1785146971.8753574,15,288.5625,2244.0
1785146971.8753574,15,290.203125,2257.0
1785146971.8753574,15,291.84375,2274.25
1785146971.8753574,15,293.46875,2302.75
1785146971.8753574,15,295.09375,2325.75
1785146971.8753574,9,296.6875,2371.0
1785146971.8753574,9,300.0625,2439.75
1785146971.8753574,7,309.859375,2716.5
1785146971.8753574,15,332.625,4787.75
1785146971.8753574,15,347.265625,6931.0
1785146971.9897788,15,355.875,2307.25
1785146971.9897788,15,357.53125,2269.0
1785146971.9897788,15,359.171875,2274.0
1785146971.9897788,15,2.53125,2079.25
1785146971.9897788,15,4.125,2082.75
1785146971.9897788,9,5.78125,2107.0
1785146971.9897788,15,10.515625,2837.0
1785146971.9897788,15,15.65625,1826.5
1785146971.9897788,15,20.59375,1676.25
1785146971.9897788,15,45.578125,107.25
1785146971.9897788,15,173.78125,9666.25
1785146971.9897788,15,175.421875,9625.5
1785146971.9897788,15,218.28125,3039.25
1785146971.9897788,15,219.890625,2965.25
1785146971.9897788,11,223.21875,2800.0
1785146971.9897788,15,224.875,2733.5
1785146971.9897788,15,226.515625,2671.0
1785146971.9897788,12,228.140625,2611.75
1785146971.9897788,11,229.765625,2558.25
1785146971.9897788,15,233.0625,2444.75
1785146971.9897788,15,236.375,2328.25
1785146971.9897788,15,238.046875,2276.5
1785146971.9897788,13,239.65625,2250.0
1785146971.9897788,9,265.9375,2060.75
1785146971.9897788,12,267.578125,2051.25
1785146971.9897788,15,269.1875,2047.75
1785146971.9897788,13,270.84375,2053.0
1785146971.9897788,14,272.5,2059.75
1785146971.9897788,15,290.328125,2256.75
1785146971.9897788,15,291.90625,2274.5
1785146971.9897788,13,293.53125,2304.5
1785146971.9897788,7,295.171875,2338.75
1785146971.9897788,15,296.8125,2381.25
1785146971.9897788,5,298.40625,2425.75
1785146971.9897788,9,308.34375,2746.75
1785146971.9897788,10,334.390625,5089.25
1785146971.9897788,15,347.40625,6935.75
1785146972.212307,15,356.15625,2272.0
1785146972.212307,15,2.765625,2076.5
1785146972.212307,15,19.265625,1667.0
1785146972.212307,15,46.125,106.75
1785146972.212307,15,172.265625,9701.0
1785146972.212307,15,173.90625,9651.75
1785146972.212307,15,175.53125,9609.25
1785146972.212307,13,216.78125,3222.0
1785146972.212307,15,220.109375,3049.0
1785146972.212307,9,221.75,2975.25
1785146972.212307,15,223.390625,2899.5
1785146972.212307,8,225.046875,2832.25
1785146972.212307,15,226.65625,2769.25
1785146972.212307,9,228.28125,2715.75
1785146972.212307,13,229.921875,2667.25
1785146972.212307,9,231.578125,2613.75
1785146972.212307,10,233.21875,2556.75
1785146972.212307,8,234.875,2493.25
1785146972.212307,15,236.484375,2443.5
1785146972.212307,15,238.171875,2408.25
1785146972.212307,7,239.828125,2364.0
1785146972.212307,15,241.4375,2322.75
1785146972.212307,15,243.09375,2290.25
1785146972.212307,15,244.75,2267.5
1785146972.212307,9,246.390625,2250.75
1785146972.212307,14,287.21875,2243.5
1785146972.212307,15,288.84375,2249.0
1785146972.212307,15,290.46875,2267.75
1785146972.212307,14,292.078125,2304.25
1785146972.212307,8,293.71875,2342.5
1785146972.212307,15,295.34375,2373.5
1785146972.212307,15,296.9375,2409.75
1785146972.212307,11,298.671875,2436.0
1785146972.212307,15,300.28125,2465.25
1785146972.212307,9,301.9375,2507.25
1785146972.212307,5,308.421875,2735.5
1785146972.212307,10,334.453125,5074.0
1785146972.212307,15,344.234375,7399.5
1785146972.3269947,15,354.4375,2318.5
1785146972.3269947,15,356.125,2315.0
1785146972.3269947,15,1.078125,2077.0
1785146972.3269947,11,2.71875,2096.75
1785146972.3269947,15,17.609375,1656.5
1785146972.3269947,15,47.140625,106.75
1785146972.3269947,14,51.40625,100.75
1785146972.3269947,15,172.125,9662.0
1785146972.3269947,15,173.765625,9589.75
1785146972.3269947,15,175.390625,9580.0
1785146972.3269947,10,210.09375,3648.5
1785146972.3269947,15,216.671875,3162.5
1785146972.3269947,8,218.328125,3088.0
1785146972.3269947,15,219.96875,3022.5
1785146972.3269947,9,221.640625,2961.0
1785146972.3269947,15,223.28125,2895.75
1785146972.3269947,15,226.578125,2734.75
1785146972.3269947,13,228.203125,2691.5
1785146972.3269947,15,229.875,2663.5
1785146972.3269947,8,231.53125,2610.25
1785146972.3269947,15,233.15625,2548.75
1785146972.3269947,10,234.78125,2484.25
1785146972.3269947,15,236.4375,2439.0
1785146972.3269947,15,238.078125,2408.75
1785146972.3269947,6,239.75,2369.5
1785146972.3269947,15,241.375,2328.25
1785146972.3269947,15,243.03125,2302.0
1785146972.3269947,15,244.671875,2286.25
1785146972.3269947,15,246.3125,2261.5
1785146972.3269947,13,247.921875,2252.75
1785146972.3269947,12,249.5625,2254.25
1785146972.3269947,10,251.203125,2249.75
1785146972.3269947,7,252.84375,2242.0
1785146972.3269947,9,254.484375,2237.75
1785146972.3269947,10,272.4375,2242.0
1785146972.3269947,8,274.078125,2243.75
1785146972.3269947,12,275.71875,2247.25
1785146972.3269947,13,277.375,2251.0
1785146972.3269947,13,279.015625,2258.5
1785146972.3269947,15,280.640625,2271.25
1785146972.3269947,15,282.25,2291.5
1785146972.3269947,15,283.890625,2308.75
1785146972.3269947,8,285.5,2321.5
1785146972.3269947,8,287.140625,2340.25
1785146972.3269947,15,288.796875,2370.0
1785146972.3269947,15,290.390625,2409.25
1785146972.3269947,11,292.0625,2434.25
1785146972.3269947,15,293.65625,2447.5
1785146972.3269947,15,295.3125,2480.25
1785146972.4378247,15,354.515625,2264.0
1785146972.4378247,15,359.5,2075.75
1785146972.4378247,15,1.140625,2077.5
1785146972.4378247,15,7.53125,2684.25
1785146972.4378247,15,9.203125,2700.25
1785146972.4378247,9,10.734375,2738.25
1785146972.4378247,15,16.0,1660.0
1785146972.4378247,15,20.796875,1920.5
1785146972.4378247,15,45.90625,107.0
1785146972.4378247,15,50.34375,100.75
1785146972.4378247,15,172.28125,9793.5
1785146972.4378247,15,173.90625,9691.75
1785146972.4378247,15,175.546875,9613.5
1785146972.4378247,5,178.8125,9502.75
1785146972.4378247,13,210.140625,3687.25
1785146972.4378247,15,216.734375,3187.75
1785146972.4378247,15,220.015625,3032.5
1785146972.4378247,6,221.703125,2969.75
1785146972.4378247,15,223.34375,2894.0
1785146972.4378247,15,226.625,2735.5
1785146972.4378247,15,228.25,2677.25
1785146972.4378247,15,229.890625,2637.5
1785146972.4378247,11,231.515625,2582.75
1785146972.4378247,15,233.1875,2518.0
1785146972.4378247,10,234.828125,2469.0
1785146972.4378247,15,236.4375,2426.5
1785146972.4378247,8,238.09375,2377.25
1785146972.4378247,15,239.75,2323.75
1785146972.4378247,15,241.375,2286.5
1785146972.4378247,15,243.03125,2266.75
1785146972.4378247,12,283.875,2253.75
1785146972.4378247,15,285.546875,2262.75
1785146972.4378247,15,287.15625,2278.75
1785146972.4378247,11,288.796875,2300.5
1785146972.4378247,7,290.421875,2333.5
1785146972.4378247,8,292.03125,2369.5
1785146972.4378247,15,293.671875,2404.75
1785146972.4378247,13,295.296875,2436.5
1785146972.4378247,12,296.921875,2460.0
1785146972.4378247,10,298.59375,2504.25
1785146972.4378247,14,300.21875,2545.5
1785146972.4378247,12,301.84375,2575.75
1785146972.663694,15,351.203125,2329.5
1785146972.663694,15,352.875,2316.5
1785146972.663694,15,357.84375,2071.75
1785146972.663694,15,359.5,2076.75
1785146972.663694,15,5.921875,2675.5
1785146972.663694,15,7.546875,2681.75
1785146972.663694,15,9.203125,2699.75
1785146972.663694,15,10.75,2726.25
1785146972.663694,15,15.96875,1662.0
1785146972.663694,15,19.15625,1919.0
1785146972.663694,15,46.171875,107.5
1785146972.663694,15,173.984375,9703.75
1785146972.663694,15,175.625,9612.0
1785146972.663694,15,210.171875,3691.5
1785146972.663694,12,216.765625,3201.25
1785146972.663694,15,218.40625,3124.5
1785146972.663694,15,220.046875,3047.25
1785146972.663694,15,221.703125,2971.75
1785146972.663694,15,223.34375,2896.75
1785146972.663694,15,226.671875,2737.5
1785146972.663694,15,228.3125,2677.25
1785146972.663694,7,231.609375,2556.25
1785146972.663694,15,233.265625,2518.5
1785146972.663694,8,234.921875,2472.5
1785146972.663694,15,236.53125,2439.75
1785146972.663694,7,238.171875,2394.75
1785146972.663694,10,239.828125,2332.5
1785146972.663694,15,241.484375,2298.5
1785146972.663694,15,243.125,2278.0
1785146972.663694,11,244.796875,2259.75
1785146972.663694,9,246.421875,2252.25
1785146972.663694,12,275.78125,2250.75
1785146972.663694,14,277.40625,2256.5
1785146972.663694,15,279.015625,2268.25
1785146972.663694,15,280.65625,2279.5
1785146972.663694,4,282.28125,2311.5
1785146972.663694,2,283.921875,2352.0
1785146972.663694,15,285.515625,2375.75
1785146972.663694,15,287.171875,2404.0
1785146972.663694,11,288.796875,2434.0
1785146972.663694,7,290.390625,2460.75
1785146972.663694,15,292.015625,2492.25
1785146972.663694,8,293.671875,2523.0
1785146972.663694,10,295.265625,2547.0
1785146972.663694,15,296.875,2589.0
1785146972.663694,9,298.625,2645.75
1785146972.776885,15,351.234375,2301.75
1785146972.776885,15,357.859375,2079.25
1785146972.776885,15,359.515625,2101.25
1785146972.776885,15,4.28125,2674.25
1785146972.776885,15,5.921875,2673.5
1785146972.776885,15,7.5625,2681.75
1785146972.776885,15,9.171875,2701.75
1785146972.776885,15,16.046875,1661.25
1785146972.776885,15,47.21875,107.25
1785146972.776885,15,51.375,101.25
1785146972.776885,15,174.046875,9711.75
1785146972.776885,15,175.703125,9607.5
1785146972.776885,7,211.828125,3625.75
1785146972.776885,8,220.09375,3101.75
1785146972.776885,14,221.734375,3040.5
1785146972.776885,8,223.375,2973.75
1785146972.776885,15,225.015625,2904.0
1785146972.776885,11,226.671875,2839.25
1785146972.776885,15,228.3125,2774.0
1785146972.776885,15,229.953125,2722.0
1785146972.776885,12,231.578125,2668.5
1785146972.776885,6,233.25,2597.75
1785146972.776885,15,234.890625,2542.75
1785146972.776885,8,236.53125,2492.0
1785146972.776885,15,238.15625,2442.75
1785146972.776885,15,239.78125,2414.5
1785146972.776885,5,241.453125,2382.0
1785146972.776885,13,243.109375,2347.5
1785146972.776885,15,244.71875,2318.25
1785146972.776885,14,246.359375,2285.5
1785146972.776885,15,248.0,2264.0
1785146972.776885,14,249.65625,2255.75
1785146972.776885,13,251.25,2253.5
1785146972.776885,12,252.84375,2258.75
1785146972.776885,14,254.484375,2260.5
1785146972.776885,12,256.15625,2252.0
1785146972.776885,11,257.765625,2254.5
1785146972.776885,7,259.40625,2250.5
1785146972.776885,7,277.328125,2241.25
1785146972.776885,11,278.984375,2251.0
1785146972.776885,15,280.59375,2262.25
1785146972.776885,15,282.203125,2282.25
1785146972.776885,15,283.859375,2305.75
1785146972.776885,4,285.484375,2328.75
1785146972.776885,15,287.109375,2361.5
1785146972.776885,15,288.71875,2399.5
1785146972.776885,10,290.34375,2429.5
1785146972.776885,15,291.953125,2453.75
1785146972.776885,15,293.59375,2485.5
1785146972.776885,15,295.1875,2512.0
1785146972.776885,15,296.828125,2553.75
1785146972.776885,15,298.59375,2604.5
1785146972.776885,10,300.203125,2643.5
1785146972.776885,15,349.4375,2348.75
1785146973.0017262,15,354.3125,2087.75
1785146973.0017262,15,355.953125,2080.25
1785146973.0017262,15,357.5625,2106.25
1785146973.0017262,15,2.328125,2664.25
1785146973.0017262,15,3.96875,2662.5
1785146973.0017262,15,5.625,2674.75
1785146973.0017262,15,7.21875,2695.25
1785146973.0017262,15,8.890625,2718.0
1785146973.0017262,15,17.375,1714.5
1785146973.0017262,15,18.984375,1716.75
1785146973.0017262,15,45.90625,107.25
1785146973.0017262,15,51.359375,101.75
1785146973.0017262,15,175.28125,9574.5
1785146973.0017262,15,176.921875,9568.75
1785146973.0017262,15,209.921875,3692.0
1785146973.0017262,2,213.203125,3446.75
1785146973.0017262,9,216.53125,3234.5
1785146973.0017262,15,218.171875,3155.75
1785146973.0017262,7,219.8125,3081.75
1785146973.0017262,15,221.4375,3026.5
1785146973.0017262,15,223.078125,2967.25
1785146973.0017262,15,224.734375,2904.0
1785146973.0017262,15,226.40625,2836.0
1785146973.0017262,11,228.046875,2776.5
1785146973.0017262,10,229.65625,2723.25
1785146973.0017262,15,231.328125,2668.5
1785146973.0017262,15,232.953125,2622.5
1785146973.0017262,9,234.609375,2580.25
1785146973.0017262,15,236.265625,2539.25
1785146973.0017262,6,237.890625,2497.25
1785146973.0017262,9,239.53125,2459.25
1785146973.0017262,15,241.203125,2442.75
1785146973.0017262,15,242.828125,2428.0
1785146973.0017262,15,244.4375,2405.0
1785146973.0017262,8,246.09375,2375.5
1785146973.0017262,7,247.734375,2345.0
1785146973.0017262,15,249.375,2328.0
1785146973.0017262,15,251.03125,2317.5
1785146973.0017262,15,252.671875,2313.75
1785146973.0017262,15,254.296875,2310.0
1785146973.0017262,15,255.921875,2292.0
1785146973.0017262,15,257.546875,2294.75
1785146973.0017262,15,259.171875,2307.5
1785146973.0017262,15,260.84375,2304.25
1785146973.0017262,8,262.46875,2314.0
1785146973.0017262,15,264.125,2311.5
1785146973.0017262,12,265.734375,2304.0
1785146973.0017262,15,267.359375,2309.75
1785146973.0017262,15,269.0,2329.25
1785146973.0017262,15,270.625,2319.75
1785146973.0017262,8,272.265625,2322.0
1785146973.0017262,15,273.90625,2359.5
1785146973.0017262,15,275.484375,2383.25
1785146973.0017262,15,277.109375,2412.5
1785146973.0017262,15,278.75,2433.75
1785146973.0017262,8,280.375,2442.25
1785146973.0017262,15,282.015625,2459.0
1785146973.0017262,15,283.640625,2487.5
1785146973.0017262,15,285.25,2507.25
1785146973.0017262,13,286.90625,2516.75
1785146973.0017262,7,288.515625,2548.25
1785146973.0017262,15,290.15625,2592.75
1785146973.0017262,15,291.78125,2621.75
1785146973.0017262,10,293.390625,2649.5
1785146973.0017262,15,295.015625,2687.25
1785146973.0017262,15,347.640625,2359.25
1785146973.0017262,15,349.296875,2352.5
1785146973.113176,15,354.296875,2085.0
1785146973.113176,15,355.875,2098.25
1785146973.113176,15,2.3125,2664.0
1785146973.113176,15,3.96875,2663.25
1785146973.113176,15,5.625,2677.0
1785146973.113176,15,7.265625,2697.5
1785146973.113176,14,15.609375,1916.25
1785146973.113176,15,20.625,1762.5
1785146973.113176,15,46.546875,107.25
1785146973.113176,15,51.0625,101.75
1785146973.113176,15,173.734375,9619.75
1785146973.113176,15,175.375,9582.75
1785146973.113176,15,177.0,9583.75
1785146973.113176,9,208.234375,3926.75
1785146973.113176,13,211.546875,3649.75
1785146973.113176,14,216.484375,3297.5
1785146973.113176,15,219.765625,3122.75
1785146973.113176,15,221.4375,3052.0
1785146973.113176,15,223.046875,2992.75
1785146973.113176,15,226.34375,2856.75
1785146973.113176,14,227.96875,2794.0
1785146973.113176,15,229.609375,2735.75
1785146973.113176,8,231.265625,2682.5
1785146973.113176,14,232.890625,2624.25
1785146973.113176,13,234.546875,2581.5
1785146973.113176,15,236.1875,2540.0
1785146973.113176,15,237.796875,2497.75
1785146973.113176,9,239.46875,2460.5
1785146973.113176,14,241.09375,2435.25
1785146973.113176,15,242.734375,2424.0
1785146973.113176,15,244.375,2412.75
1785146973.113176,5,246.015625,2386.25
1785146973.113176,9,247.671875,2357.5
1785146973.113176,7,249.296875,2344.0
1785146973.113176,8,250.953125,2339.25
1785146973.113176,15,252.59375,2325.25
1785146973.113176,6,254.21875,2327.75
1785146973.113176,12,255.875,2332.25
1785146973.113176,8,257.453125,2328.25
1785146973.113176,6,259.109375,2339.0
1785146973.113176,7,260.734375,2341.25
1785146973.113176,5,262.390625,2343.75
1785146973.113176,15,264.0,2326.5
1785146973.113176,6,265.65625,2326.0
1785146973.113176,5,267.28125,2347.75
1785146973.113176,6,268.9375,2346.75
1785146973.113176,15,270.53125,2332.25
1785146973.113176,8,272.171875,2336.0
1785146973.113176,15,273.796875,2379.5
1785146973.113176,15,275.453125,2414.5
1785146973.113176,15,277.09375,2425.25
1785146973.113176,8,278.71875,2434.25
1785146973.113176,7,280.34375,2444.0
1785146973.113176,15,281.9375,2461.75
1785146973.113176,15,283.609375,2505.5
1785146973.113176,8,285.21875,2537.5
1785146973.113176,7,286.859375,2552.25
1785146973.113176,15,288.46875,2587.25
1785146973.113176,12,290.109375,2628.5
1785146973.113176,15,291.71875,2641.5
1785146973.113176,15,293.34375,2678.75
1785146973.113176,7,294.984375,2743.25
1785146973.2279363,15,352.53125,2095.5
1785146973.2279363,15,354.15625,2095.75
1785146973.2279363,15,355.78125,2122.5
1785146973.2279363,15,0.5625,2671.5
1785146973.2279363,15,2.1875,2660.25
1785146973.2279363,15,3.8125,2669.0
1785146973.2279363,15,5.46875,2688.5
1785146973.2279363,15,7.09375,2705.75
1785146973.2279363,15,8.734375,2724.5
1785146973.2279363,15,13.828125,1895.75
1785146973.2279363,15,20.40625,1807.0
1785146973.2279363,15,45.84375,108.0
1785146973.2279363,15,173.453125,9610.0
1785146973.2279363,15,175.09375,9582.5
1785146973.2279363,15,176.734375,9587.5
1785146973.2279363,10,208.015625,3884.5
1785146973.2279363,12,212.953125,3513.25
1785146973.2279363,15,216.25,3266.75
1785146973.2279363,15,217.890625,3192.0
1785146973.2279363,15,219.53125,3117.5
1785146973.2279363,15,221.1875,3044.25
1785146973.2279363,15,222.8125,2978.0
1785146973.2279363,6,224.46875,2925.0
1785146973.2279363,15,226.125,2865.5
1785146973.2279363,15,227.734375,2795.25
1785146973.2279363,15,229.390625,2738.5
1785146973.2279363,12,231.03125,2683.0
1785146973.2279363,13,232.65625,2630.5
1785146973.2279363,15,234.3125,2590.75
1785146973.2279363,15,235.984375,2547.75
1785146973.2279363,15,237.59375,2502.0
1785146973.2279363,10,239.21875,2464.5
1785146973.2279363,15,240.875,2441.75
1785146973.2279363,15,242.5,2429.5
1785146973.2279363,15,244.125,2416.5
1785146973.2279363,15,245.765625,2397.75
1785146973.2279363,9,247.421875,2373.0
1785146973.2279363,6,249.046875,2352.0
1785146973.2279363,8,250.734375,2343.0
1785146973.2279363,6,252.40625,2338.25
1785146973.2279363,15,254.03125,2334.5
1785146973.2279363,12,255.65625,2327.5
1785146973.2279363,13,257.296875,2327.5
1785146973.2279363,15,258.953125,2332.0
1785146973.2279363,5,260.5625,2337.75
1785146973.2279363,7,262.234375,2340.0
1785146973.2279363,15,263.890625,2310.25
1785146973.2279363,8,265.46875,2314.0
1785146973.2279363,15,267.15625,2329.5
1785146973.2279363,8,268.78125,2326.75
1785146973.2279363,15,270.421875,2329.75
1785146973.2279363,5,272.015625,2341.0
1785146973.2279363,15,273.640625,2380.75
1785146973.2279363,15,275.21875,2405.75
1785146973.2279363,15,276.859375,2417.25
1785146973.2279363,15,278.46875,2428.25
1785146973.2279363,7,280.09375,2440.5
1785146973.2279363,15,281.71875,2468.0
1785146973.2279363,14,283.359375,2497.25
1785146973.2279363,9,284.984375,2522.0
1785146973.2279363,15,286.609375,2534.5
1785146973.2279363,15,288.234375,2557.75
1785146973.2279363,15,289.859375,2603.75
1785146973.2279363,8,291.453125,2639.25
1785146973.2279363,15,293.078125,2669.75
1785146973.2279363,15,294.703125,2710.75
1785146973.2279363,8,296.328125,2754.75
1785146973.2279363,15,297.984375,2801.5
1785146973.2279363,9,304.5625,3047.75
1785146973.2279363,15,345.71875,2381.75
1785146973.3399181,15,352.359375,2106.0
1785146973.3399181,15,2.078125,2654.5
1785146973.3399181,15,3.734375,2670.5
1785146973.3399181,15,5.34375,2688.75
1785146973.3399181,15,7.0,2705.5
1785146973.3399181,15,8.609375,2730.25
1785146973.3399181,15,13.6875,1889.25
1785146973.3399181,15,20.265625,1820.25
1785146973.3399181,15,45.5625,107.5
1785146973.3399181,15,176.703125,9575.0
1785146973.3399181,9,183.203125,7916.25
1785146973.3399181,11,207.890625,3929.25
1785146973.3399181,14,211.171875,3689.5
1785146973.3399181,14,214.46875,3493.5
1785146973.3399181,15,217.75,3276.0
1785146973.3399181,15,219.4375,3196.5
1785146973.3399181,13,221.078125,3124.75
1785146973.3399181,12,222.703125,3055.75
1785146973.3399181,15,224.359375,2992.75
1785146973.3399181,9,226.015625,2931.75
1785146973.3399181,15,227.65625,2871.75
1785146973.3399181,14,229.296875,2807.75
1785146973.3399181,14,230.953125,2742.25
1785146973.3399181,8,232.59375,2691.25
1785146973.3399181,15,234.203125,2644.5
1785146973.3399181,15,235.875,2603.0
1785146973.3399181,15,237.515625,2555.75
1785146973.3399181,15,239.140625,2522.25
1785146973.3399181,9,240.796875,2490.75
1785146973.3399181,10,242.421875,2462.5
1785146973.3399181,14,244.09375,2447.0
1785146973.3399181,11,245.71875,2438.75
1785146973.3399181,15,247.34375,2431.25
1785146973.3399181,15,248.96875,2418.25
1785146973.3399181,15,250.625,2409.0
1785146973.3399181,15,252.265625,2401.75
1785146973.3399181,15,253.921875,2404.0
1785146973.3399181,15,255.546875,2404.0
1785146973.3399181,15,257.171875,2408.25
1785146973.3399181,15,258.828125,2419.25
1785146973.3399181,15,260.4375,2423.0
1785146973.3399181,15,262.078125,2423.0
1785146973.3399181,6,267.0,2400.25
1785146973.3399181,15,268.609375,2399.0
1785146973.3399181,15,270.234375,2413.5
1785146973.3399181,15,271.90625,2412.75
1785146973.3399181,15,273.53125,2415.25
1785146973.3399181,15,275.09375,2421.75
1785146973.3399181,7,276.734375,2434.0
1785146973.3399181,8,278.359375,2442.5
1785146973.3399181,7,279.984375,2453.0
1785146973.3399181,15,281.59375,2474.25
1785146973.3399181,15,283.25,2499.0
1785146973.3399181,9,284.859375,2527.5
1785146973.3399181,8,286.484375,2539.75
1785146973.3399181,15,288.09375,2561.75
1785146973.3399181,15,289.75,2607.25
1785146973.3399181,15,291.359375,2652.25
1785146973.3399181,15,292.96875,2694.5
1785146973.3399181,15,294.609375,2725.5
1785146973.3399181,15,296.25,2768.0
1785146973.3399181,15,297.859375,2827.5
1785146973.3399181,8,327.296875,5094.25
1785146973.3399181,15,350.703125,2109.5
1785146973.453995,7,353.953125,2131.5
1785146973.453995,15,358.78125,2685.75
1785146973.453995,15,0.4375,2655.5
1785146973.453995,15,2.078125,2662.5
1785146973.453995,15,3.703125,2679.5
1785146973.453995,15,5.359375,2690.0
1785146973.453995,15,7.0,2706.5
1785146973.453995,15,8.625,2731.25
1785146973.453995,15,13.625,1883.5
1785146973.453995,15,20.1875,1805.75
1785146973.453995,15,46.09375,107.75
1785146973.453995,15,48.875,105.75
1785146973.453995,15,174.953125,9581.75
1785146973.453995,15,176.59375,9524.25
1785146973.453995,15,178.1875,9498.0
1785146973.453995,12,207.8125,3918.25
1785146973.453995,12,211.109375,3663.0
1785146973.453995,9,217.71875,3216.0
1785146973.453995,15,219.359375,3149.25
1785146973.453995,13,221.015625,3065.5
1785146973.453995,15,222.640625,2996.0
1785146973.453995,8,224.28125,2937.5
1785146973.453995,15,225.953125,2869.25
1785146973.453995,15,227.609375,2793.5
1785146973.453995,15,229.21875,2735.75
1785146973.453995,15,230.875,2688.5
1785146973.453995,15,232.53125,2642.0
1785146973.453995,15,234.171875,2599.25
1785146973.453995,9,235.796875,2561.25
1785146973.453995,15,237.453125,2526.0
1785146973.453995,15,239.078125,2488.0
1785146973.453995,8,240.71875,2460.75
1785146973.453995,11,242.390625,2445.75
1785146973.453995,9,244.015625,2440.5
1785146973.453995,15,245.65625,2430.5
1785146973.453995,15,247.28125,2414.0
1785146973.453995,15,248.921875,2409.5
1785146973.453995,15,250.546875,2407.0
1785146973.453995,15,252.203125,2401.5
1785146973.453995,15,253.828125,2404.25
1785146973.453995,15,255.5,2405.5
1785146973.453995,15,257.125,2411.0
1785146973.453995,15,258.765625,2424.5
1785146973.453995,15,260.375,2429.75
1785146973.453995,8,262.046875,2434.25
1785146973.453995,15,266.953125,2431.5
1785146973.453995,15,268.578125,2420.75
1785146973.453995,8,270.21875,2429.75
1785146973.453995,7,271.859375,2442.0
1785146973.453995,6,273.484375,2449.25
1785146973.453995,15,275.03125,2460.25
1785146973.453995,15,276.6875,2474.25
1785146973.453995,15,278.296875,2489.0
1785146973.453995,15,279.921875,2497.75
1785146973.453995,7,281.546875,2522.0
1785146973.453995,7,283.171875,2555.0
1785146973.453995,15,284.8125,2574.75
1785146973.453995,13,286.4375,2608.75
1785146973.453995,9,288.046875,2646.5
1785146973.453995,15,289.671875,2678.5
1785146973.453995,15,291.328125,2717.0
1785146973.453995,7,292.921875,2757.5
1785146973.453995,15,294.515625,2811.75
1785146973.453995,15,296.171875,2863.75
1785146973.453995,7,302.765625,3094.5
1785146973.453995,10,327.1875,5117.0
1785146973.453995,15,343.953125,2404.25
1785146973.5645285,15,0.25,2659.0
1785146973.5645285,15,1.890625,2670.0
1785146973.5645285,15,3.53125,2684.0
1785146973.5645285,15,5.203125,2697.0
1785146973.5645285,15,6.8125,2717.25
1785146973.5645285,15,8.4375,2738.5
1785146973.5645285,15,13.5,1884.25
1785146973.5645285,15,20.0625,1804.0
1785146973.5645285,15,46.765625,108.25
1785146973.5645285,15,48.609375,106.0
1785146973.5645285,15,174.75,9569.25
1785146973.5645285,15,176.390625,9538.5
1785146973.5645285,14,214.25,3364.75
1785146973.5645285,15,215.890625,3278.25
1785146973.5645285,14,217.546875,3204.75
1785146973.5645285,15,219.171875,3140.5
1785146973.5645285,14,220.84375,3063.5
1785146973.5645285,15,222.46875,2995.75
1785146973.5645285,6,224.09375,2939.75
1785146973.5645285,14,225.78125,2885.0
1785146973.5645285,15,227.46875,2824.25
1785146973.5645285,9,229.125,2772.5
1785146973.5645285,15,230.75,2720.0
1785146973.5645285,15,232.40625,2661.0
1785146973.5645285,15,234.046875,2616.75
1785146973.5645285,7,235.6875,2576.25
1785146973.5645285,13,237.359375,2536.25
1785146973.5645285,15,238.984375,2507.0
1785146973.5645285,8,240.609375,2474.0
1785146973.5645285,9,242.28125,2447.25
1785146973.5645285,10,243.921875,2441.5
1785146973.5645285,10,245.515625,2432.75
1785146973.5645285,15,247.203125,2416.75
1785146973.5645285,15,248.84375,2409.75
1785146973.5645285,6,250.46875,2392.25
1785146973.5645285,15,252.03125,2379.0
1785146973.5645285,15,253.703125,2384.75
1785146973.5645285,7,255.328125,2384.0
1785146973.5645285,15,256.9375,2387.75
1785146973.5645285,15,258.5625,2400.75
1785146973.5645285,15,260.21875,2404.75
1785146973.5645285,15,261.84375,2399.75
1785146973.5645285,15,265.078125,2402.5
1785146973.5645285,15,266.75,2397.5
1785146973.5645285,8,268.375,2373.5
1785146973.5645285,15,270.0,2380.5
1785146973.5645285,15,271.640625,2411.5
1785146973.5645285,15,273.25,2426.0
1785146973.5645285,11,274.890625,2438.5
1785146973.5645285,7,276.515625,2445.5
1785146973.5645285,15,278.125,2464.0
1785146973.5645285,15,279.765625,2486.75
1785146973.5645285,7,281.390625,2514.75
1785146973.5645285,14,282.984375,2556.5
1785146973.5645285,15,284.609375,2590.75
1785146973.5645285,11,286.265625,2609.5
1785146973.5645285,10,287.859375,2639.0
1785146973.5645285,13,289.5,2684.0
1785146973.5645285,15,291.09375,2724.5
1785146973.5645285,10,292.734375,2764.25
1785146973.5645285,15,294.359375,2810.75
1785146973.5645285,13,296.0,2860.0
1785146973.5645285,15,297.625,2907.5
1785146973.5645285,15,348.734375,2120.25
1785146973.6765723,15,358.4375,2650.25
1785146973.6765723,15,0.078125,2662.75
1785146973.6765723,15,1.734375,2680.0
1785146973.6765723,15,3.359375,2695.25
1785146973.6765723,15,4.984375,2701.0
1785146973.6765723,15,6.640625,2716.25
1785146973.6765723,15,8.265625,2743.0
1785146973.6765723,12,14.9375,1923.75
1785146973.6765723,15,18.328125,1788.75
1785146973.6765723,15,45.421875,108.5
1785146973.6765723,15,48.5,106.0
1785146973.6765723,15,174.71875,9595.0
1785146973.6765723,15,176.359375,9499.75
1785146973.6765723,15,178.0,9531.0
1785146973.6765723,7,207.625,3876.75
1785146973.6765723,7,215.890625,3249.75
1785146973.6765723,15,217.546875,3189.5
1785146973.6765723,13,219.171875,3124.75
1785146973.6765723,5,222.484375,2961.0
1785146973.6765723,12,224.109375,2900.5
1785146973.6765723,15,225.765625,2851.0
1785146973.6765723,11,227.375,2795.25
1785146973.6765723,15,229.03125,2753.5
1785146973.6765723,15,230.65625,2716.75
1785146973.6765723,15,232.296875,2664.0
1785146973.6765723,15,233.9375,2616.25
1785146973.6765723,8,235.609375,2576.75
1785146973.6765723,15,237.25,2539.0
1785146973.6765723,15,238.875,2509.0
1785146973.6765723,9,240.484375,2485.0
1785146973.6765723,9,242.125,2463.5
1785146973.6765723,10,243.796875,2448.0
1785146973.6765723,10,245.390625,2440.0
1785146973.6765723,15,247.0625,2432.5
1785146973.6765723,15,248.6875,2417.5
1785146973.6765723,15,250.34375,2394.75
1785146973.6765723,4,251.984375,2378.0
1785146973.6765723,15,253.625,2380.5
1785146973.6765723,15,255.234375,2384.75
1785146973.6765723,15,256.875,2387.0
1785146973.6765723,15,258.5,2387.75
1785146973.6765723,15,260.125,2391.5
1785146973.6765723,14,261.78125,2398.0
1785146973.6765723,15,265.078125,2392.0
1785146973.6765723,6,266.703125,2380.0
1785146973.6765723,8,268.3125,2362.25
1785146973.6765723,5,269.9375,2356.25
1785146973.6765723,15,271.59375,2382.0
1785146973.6765723,14,273.21875,2406.0
1785146973.6765723,15,274.859375,2417.25
1785146973.6765723,8,276.5,2435.75
1785146973.6765723,15,278.125,2462.75
1785146973.6765723,15,279.75,2483.25
1785146973.6765723,7,281.375,2512.75
1785146973.6765723,14,283.0,2556.25
1785146973.6765723,15,284.625,2589.5
1785146973.6765723,15,286.265625,2609.75
1785146973.6765723,8,287.90625,2640.5
1785146973.6765723,15,289.515625,2684.5
1785146973.6765723,13,291.15625,2720.5
1785146973.6765723,11,292.78125,2742.5
1785146973.6765723,11,296.015625,2858.75
1785146973.6765723,13,297.640625,2906.75
1785146973.6765723,14,299.34375,2946.75
1785146973.6765723,2,342.15625,2447.25
1785146973.6765723,15,347.15625,2131.0
1785146973.7911394,15,356.828125,2654.75
1785146973.7911394,15,358.453125,2651.25
1785146973.7911394,15,0.09375,2661.5
1785146973.7911394,15,1.734375,2678.5
1785146973.7911394,15,3.390625,2695.0
1785146973.7911394,15,5.03125,2702.75
1785146973.7911394,15,6.640625,2718.25
1785146973.7911394,15,15.015625,1933.5
1785146973.7911394,15,18.375,1789.5
1785146973.7911394,15,46.421875,108.5
1785146973.7911394,15,48.328125,106.0
1785146973.7911394,14,214.296875,3228.0
1785146973.7911394,15,217.609375,3050.75
1785146973.7911394,15,219.265625,2989.25
1785146973.7911394,7,220.890625,2923.75
1785146973.7911394,15,222.5625,2855.0
1785146973.7911394,9,224.203125,2791.75
1785146973.7911394,15,225.828125,2745.0
1785146973.7911394,10,227.453125,2698.25
1785146973.7911394,9,229.0625,2657.25
1785146973.7911394,15,230.71875,2623.5
1785146973.7911394,8,232.390625,2574.0
1785146973.7911394,15,234.03125,2529.75
1785146973.7911394,15,235.640625,2499.75
1785146973.7911394,10,237.3125,2467.5
1785146973.7911394,9,238.96875,2445.75
1785146973.7911394,15,240.5625,2428.5
1785146973.7911394,15,242.234375,2411.5
1785146973.7911394,15,243.84375,2396.25
1785146973.7911394,8,245.484375,2367.25
1785146973.7911394,8,247.15625,2349.25
1785146973.7911394,8,248.765625,2336.5
1785146973.7911394,15,250.421875,2321.25
1785146973.7911394,15,252.015625,2313.75
1785146973.7911394,15,253.671875,2302.75
1785146973.7911394,12,255.296875,2295.0
1785146973.7911394,15,256.921875,2298.0
1785146973.7911394,15,258.546875,2307.0
1785146973.7911394,14,260.21875,2315.0
1785146973.7911394,10,261.859375,2291.5
1785146973.7911394,15,265.125,2282.0
1785146973.7911394,15,266.734375,2304.5
1785146973.7911394,15,268.375,2305.5
1785146973.7911394,15,269.984375,2307.25
1785146973.7911394,8,271.609375,2322.0
1785146973.7911394,8,273.234375,2338.0
1785146973.7911394,8,274.921875,2355.5
1785146973.7911394,15,276.5,2383.0
1785146973.7911394,15,278.15625,2413.75
1785146973.7911394,8,279.78125,2432.0
1785146973.7911394,9,281.421875,2444.0
1785146973.7911394,15,283.046875,2469.0
1785146973.7911394,15,284.6875,2500.25
1785146973.7911394,8,286.296875,2530.0
1785146973.7911394,15,287.921875,2573.25
1785146973.7911394,9,289.546875,2614.75
1785146973.7911394,15,291.15625,2651.0
1785146973.7911394,15,292.8125,2698.0
1785146973.7911394,9,294.421875,2745.75
1785146973.7911394,13,296.0625,2786.0
1785146973.7911394,14,297.671875,2835.0
1785146973.7911394,15,299.40625,2901.5
1785146973.7911394,14,301.046875,2969.25
1785146973.7911394,9,325.453125,5103.5
1785146973.7911394,14,347.140625,2144.75
1785146973.9025679,15,356.8125,2645.25
1785146973.9025679,15,358.453125,2663.5
1785146973.9025679,15,0.09375,2686.25
1785146973.9025679,15,1.75,2692.75
1785146973.9025679,15,3.359375,2695.25
1785146973.9025679,15,5.03125,2704.5
1785146973.9025679,15,6.640625,2721.25
1785146973.9025679,9,8.265625,2755.75
1785146973.9025679,15,9.890625,2815.75
1785146973.9025679,15,16.78125,1777.0
1785146973.9025679,15,46.609375,108.0
1785146973.9025679,15,47.59375,105.75
1785146973.9025679,15,50.703125,102.75
1785146973.9025679,15,176.484375,9531.75
1785146973.9025679,12,206.15625,3944.25
1785146973.9025679,14,209.453125,3693.75
1785146973.9025679,13,212.765625,3469.5
1785146973.9025679,11,216.046875,3239.25
1785146973.9025679,15,217.6875,3161.0
1785146973.9025679,9,219.359375,3089.0
1785146973.9025679,15,221.0,3034.0
1785146973.9025679,15,224.265625,2892.25
1785146973.9025679,15,225.921875,2845.75
1785146973.9025679,12,227.5,2790.75
1785146973.9025679,15,229.125,2745.25
1785146973.9025679,10,230.765625,2713.0
1785146973.9025679,15,232.40625,2665.5
1785146973.9025679,15,234.046875,2616.25
1785146973.9025679,7,235.6875,2576.0
1785146973.9025679,10,237.34375,2552.5
1785146973.9025679,15,238.953125,2537.5
1785146973.9025679,15,240.625,2510.5
1785146973.9025679,6,242.25,2480.5
1785146973.9025679,8,243.859375,2455.0
1785146973.9025679,9,245.515625,2444.25
1785146973.9025679,11,247.109375,2443.0
1785146973.9025679,15,248.765625,2434.5
1785146973.9025679,15,250.390625,2413.25
1785146973.9025679,15,252.0625,2406.5
1785146973.9025679,15,253.734375,2416.75
1785146973.9025679,15,255.34375,2414.0
1785146973.9025679,15,257.0,2414.5
1785146973.9025679,14,258.609375,2415.25
1785146973.9025679,15,260.25,2419.0
1785146973.9025679,15,261.90625,2417.5
1785146973.9025679,6,266.796875,2396.75
1785146973.9025679,8,268.421875,2374.25
1785146973.9025679,6,270.078125,2369.75
1785146973.9025679,15,271.6875,2392.25
1785146973.9025679,15,273.3125,2413.0
1785146973.9025679,15,274.984375,2425.25
1785146973.9025679,7,276.625,2438.0
1785146973.9025679,8,278.265625,2454.5
1785146973.9025679,15,279.875,2465.5
1785146973.9025679,13,281.5,2493.25
1785146973.9025679,6,283.125,2530.5
1785146973.9025679,15,284.78125,2563.25
1785146973.9025679,15,286.40625,2590.25
1785146973.9025679,9,288.03125,2625.75
1785146973.9025679,10,289.671875,2660.25
1785146973.9025679,15,291.28125,2691.75
1785146973.9025679,13,292.90625,2735.25
1785146973.9025679,15,294.53125,2777.75
1785146973.9025679,15,296.171875,2825.25
1785146973.9025679,6,297.765625,2872.0
1785146973.9025679,13,299.46875,2930.75
1785146973.9025679,8,301.09375,3003.0
1785146973.9025679,15,345.59375,2152.0
1785146973.9025679,15,348.875,2161.5
1785146973.9025679,15,350.515625,2221.0
1785146974.0146146,15,355.34375,2697.0
1785146974.0146146,15,356.984375,2664.5
1785146974.0146146,15,358.59375,2670.75
1785146974.0146146,15,0.25,2686.25
1785146974.0146146,15,1.875,2696.75
1785146974.0146146,15,3.53125,2696.75
1785146974.0146146,15,5.15625,2699.75
1785146974.0146146,15,6.78125,2718.75
1785146974.0146146,15,8.4375,2764.75
1785146974.0146146,15,15.234375,1778.75
1785146974.0146146,15,18.375,2028.5
1785146974.0146146,15,45.78125,108.0
1785146974.0146146,15,48.953125,105.75
1785146974.0146146,15,178.21875,9590.5
1785146974.0146146,9,207.828125,3847.25
1785146974.0146146,8,216.0625,3243.5
1785146974.0146146,15,217.6875,3177.5
1785146974.0146146,15,221.015625,3032.75
1785146974.0146146,15,224.28125,2891.75
1785146974.0146146,15,225.9375,2828.5
1785146974.0146146,15,227.625,2767.0
1785146974.0146146,15,229.265625,2727.75
1785146974.0146146,10,230.890625,2685.25
1785146974.0146146,15,232.53125,2638.5
1785146974.0146146,10,234.1875,2595.0
1785146974.0146146,15,235.84375,2556.75
1785146974.0146146,15,237.484375,2522.25
1785146974.0146146,10,239.109375,2485.75
1785146974.0146146,11,240.75,2460.0
1785146974.0146146,15,242.40625,2444.25
1785146974.0146146,15,244.015625,2438.75
1785146974.0146146,15,245.6875,2422.75
1785146974.0146146,15,247.328125,2400.0
1785146974.0146146,6,248.9375,2385.5
1785146974.0146146,7,250.59375,2373.5
1785146974.0146146,8,252.234375,2362.5
1785146974.0146146,15,253.875,2366.0
1785146974.0146146,5,255.5,2367.0
1785146974.0146146,15,257.125,2369.0
1785146974.0146146,6,258.75,2375.5
1785146974.0146146,15,260.390625,2381.5
1785146974.0146146,11,265.3125,2332.0
1785146974.0146146,4,266.9375,2359.0
1785146974.0146146,6,268.5625,2371.25
1785146974.0146146,15,270.203125,2378.25
1785146974.0146146,7,271.84375,2384.25
1785146974.0146146,15,273.453125,2399.25
1785146974.0146146,15,275.046875,2411.5
1785146974.0146146,9,276.671875,2426.75
1785146974.0146146,9,278.296875,2449.25
1785146974.0146146,9,279.9375,2464.25
1785146974.0146146,15,281.546875,2492.25
1785146974.0146146,8,283.203125,2529.5
1785146974.0146146,15,284.796875,2561.25
1785146974.0146146,15,286.421875,2590.5
1785146974.0146146,8,288.0625,2626.5
1785146974.0146146,15,289.671875,2662.0
1785146974.0146146,15,291.28125,2695.5
1785146974.0146146,12,292.9375,2734.5
1785146974.0146146,15,294.53125,2789.0
1785146974.0146146,10,296.15625,2850.25
1785146974.0146146,15,297.765625,2903.5
1785146974.0146146,15,299.46875,2964.25
1785146974.0146146,14,301.109375,3030.75
1785146974.0146146,15,347.296875,2185.5
1785146974.0146146,15,348.9375,2217.5
1785146974.0146146,9,350.515625,2266.0
1785146974.128987,15,353.75,2696.5
1785146974.128987,15,355.390625,2665.25
1785146974.128987,15,357.046875,2669.75
1785146974.128987,15,358.65625,2671.25
1785146974.128987,15,0.328125,2680.25
1785146974.128987,15,1.9375,2697.0
1785146974.128987,15,3.578125,2698.5
1785146974.128987,15,5.265625,2702.5
1785146974.128987,15,6.890625,2722.0
1785146974.128987,15,15.21875,1778.0
1785146974.128987,15,18.390625,2056.25
1785146974.128987,15,45.25,108.0
1785146974.128987,15,48.03125,105.75
1785146974.128987,15,176.59375,9408.0
1785146974.128987,15,178.21875,9588.0
1785146974.128987,12,211.03125,3675.0
1785146974.128987,15,217.640625,3203.5
1785146974.128987,14,220.90625,3034.0
1785146974.128987,15,222.578125,2985.0
1785146974.128987,7,224.203125,2925.25
1785146974.128987,15,225.875,2862.75
1785146974.128987,11,227.5,2796.0
1785146974.128987,15,229.171875,2746.5
1785146974.128987,15,230.78125,2700.75
1785146974.128987,14,232.4375,2653.5
1785146974.128987,15,234.09375,2614.75
1785146974.128987,9,235.75,2573.25
1785146974.128987,12,237.375,2544.5
1785146974.128987,15,239.0,2503.75
1785146974.128987,8,240.671875,2461.75
1785146974.128987,10,242.296875,2443.75
1785146974.128987,15,243.921875,2436.5
1785146974.128987,15,245.5625,2416.0
1785146974.128987,6,247.234375,2385.0
1785146974.128987,7,248.875,2366.75
1785146974.128987,7,250.5,2354.0
1785146974.128987,15,252.125,2336.25
1785146974.128987,15,253.75,2322.25
1785146974.128987,15,255.40625,2321.75
1785146974.128987,6,257.046875,2321.5
1785146974.128987,15,258.65625,2316.25
1785146974.128987,15,260.3125,2312.25
1785146974.128987,11,261.96875,2283.25
1785146974.128987,15,265.203125,2267.0
1785146974.128987,15,266.84375,2294.5
1785146974.128987,15,268.453125,2304.0
1785146974.128987,15,270.109375,2304.0
1785146974.128987,15,271.765625,2317.0
1785146974.128987,7,273.375,2329.75
1785146974.128987,7,274.96875,2343.75
1785146974.128987,15,276.59375,2369.5
1785146974.128987,15,278.203125,2406.0
1785146974.128987,15,279.859375,2428.75
1785146974.128987,7,281.484375,2441.5
1785146974.128987,7,283.109375,2453.5
1785146974.128987,15,284.703125,2481.0
1785146974.128987,15,286.359375,2515.0
1785146974.128987,7,287.984375,2545.0
1785146974.128987,15,289.609375,2586.25
1785146974.128987,13,291.21875,2618.5
1785146974.128987,10,292.84375,2646.25
1785146974.128987,15,294.46875,2679.25
1785146974.128987,12,296.0625,2724.0
1785146974.128987,12,297.71875,2785.25
1785146974.128987,6,299.375,2857.0
1785146974.128987,15,300.984375,2939.25
1785146974.128987,7,302.609375,3011.5
1785146974.128987,9,304.234375,3065.75
1785146974.128987,15,343.828125,2181.5
1785146974.128987,15,345.4375,2175.25
1785146974.128987,15,347.03125,2201.5
1785146974.128987,15,348.6875,2244.0
1785146974.2401655,15,355.125,2670.25
1785146974.2401655,15,356.78125,2676.25
1785146974.2401655,15,358.421875,2684.0
1785146974.2401655,15,0.046875,2687.25
1785146974.2401655,15,1.6875,2695.75
1785146974.2401655,15,3.3125,2702.5
1785146974.2401655,15,4.96875,2709.75
1785146974.2401655,15,6.578125,2724.5
1785146974.2401655,15,14.9375,1793.25
1785146974.2401655,15,44.71875,108.75
1785146974.2401655,15,48.0625,106.0
1785146974.2401655,15,176.1875,9478.5
1785146974.2401655,15,177.8125,9478.5
1785146974.2401655,9,209.03125,3921.5
1785146974.2401655,13,212.34375,3644.0
1785146974.2401655,12,218.921875,3212.0
1785146974.2401655,15,220.578125,3136.75
1785146974.2401655,7,222.203125,3066.75
1785146974.2401655,15,223.84375,3016.25
1785146974.2401655,6,225.46875,2958.5
1785146974.2401655,11,227.1875,2903.0
1785146974.2401655,10,228.859375,2848.75
1785146974.2401655,7,230.46875,2800.25
1785146974.2401655,15,232.125,2762.5
1785146974.2401655,15,233.765625,2712.75
1785146974.2401655,9,235.4375,2670.5
1785146974.2401655,15,237.046875,2636.5
1785146974.2401655,9,238.703125,2598.0
1785146974.2401655,10,240.359375,2567.5
1785146974.2401655,12,241.984375,2545.75
1785146974.2401655,15,243.640625,2523.25
1785146974.2401655,15,245.28125,2505.75
1785146974.2401655,9,246.9375,2484.0
1785146974.2401655,8,248.546875,2470.0
1785146974.2401655,10,250.1875,2461.25
1785146974.2401655,8,251.875,2448.25
1785146974.2401655,10,253.5,2441.75
1785146974.2401655,9,255.171875,2438.75
1785146974.2401655,15,256.78125,2431.5
1785146974.2401655,9,258.453125,2432.5
1785146974.2401655,8,260.078125,2441.25
1785146974.2401655,15,261.6875,2437.5
1785146974.2401655,14,263.328125,2438.5
1785146974.2401655,8,264.96875,2439.5
1785146974.2401655,15,266.625,2435.25
1785146974.2401655,15,268.28125,2419.5
1785146974.2401655,13,269.890625,2419.75
1785146974.2401655,11,271.546875,2438.5
1785146974.2401655,8,273.1875,2445.5
1785146974.2401655,15,274.71875,2449.25
1785146974.2401655,15,276.34375,2470.5
1785146974.2401655,15,277.96875,2504.75
1785146974.2401655,13,279.5625,2526.25
1785146974.2401655,8,281.21875,2546.25
1785146974.2401655,15,282.828125,2579.5
1785146974.2401655,15,284.453125,2610.0
1785146974.2401655,7,286.0625,2635.5
1785146974.2401655,13,287.6875,2667.75
1785146974.2401655,15,289.3125,2696.75
1785146974.2401655,15,290.953125,2725.5
1785146974.2401655,8,292.59375,2760.5
1785146974.2401655,12,294.21875,2797.25
1785146974.2401655,12,295.8125,2841.0
1785146974.2401655,10,297.453125,2890.75
1785146974.2401655,15,299.21875,2941.0
1785146974.2401655,15,300.8125,2994.75
1785146974.2401655,8,302.453125,3045.5
1785146974.2401655,11,304.109375,3082.5
1785146974.2401655,15,342.09375,2187.25
1785146974.2401655,15,345.328125,2194.5
1785146974.2401655,15,346.90625,2227.5
1785146974.2401655,15,348.53125,2272.25
1785146974.3537934,15,356.625,2677.5
1785146974.3537934,15,358.28125,2685.0
1785146974.3537934,15,359.890625,2691.25
1785146974.3537934,15,1.546875,2698.25
1785146974.3537934,15,3.15625,2704.75
1785146974.3537934,15,4.796875,2716.0
1785146974.3537934,15,6.453125,2743.0
1785146974.3537934,15,13.234375,1784.25
1785146974.3537934,15,16.421875,2057.25
1785146974.3537934,15,48.21875,106.25
1785146974.3537934,15,176.296875,9529.5
1785146974.3537934,15,177.9375,9526.0
1785146974.3537934,13,207.5,3931.5
1785146974.3537934,12,210.796875,3671.25
1785146974.3537934,15,217.390625,3210.75
1785146974.3537934,15,219.03125,3135.25
1785146974.3537934,12,220.6875,3062.25
1785146974.3537934,15,222.3125,2995.5
1785146974.3537934,7,224.0,2924.0
1785146974.3537934,14,225.609375,2865.0
1785146974.3537934,9,227.25,2807.25
1785146974.3537934,15,228.90625,2755.5
1785146974.3537934,10,230.546875,2718.0
1785146974.3537934,10,232.1875,2676.0
1785146974.3537934,15,233.828125,2638.75
1785146974.3537934,8,235.484375,2595.25
1785146974.3537934,9,237.109375,2562.25
1785146974.3537934,10,238.765625,2545.75
1785146974.3537934,15,240.390625,2526.25
1785146974.3537934,15,242.03125,2500.25
1785146974.3537934,10,243.671875,2475.25
1785146974.3537934,9,245.328125,2454.0
1785146974.3537934,11,246.953125,2442.25
1785146974.3537934,15,248.59375,2435.75
1785146974.3537934,15,250.203125,2425.75
1785146974.3537934,15,251.84375,2422.25
1785146974.3537934,15,253.5,2429.75
1785146974.3537934,15,255.109375,2435.5
1785146974.3537934,15,256.765625,2428.25
1785146974.3537934,15,258.40625,2428.75
1785146974.3537934,11,260.03125,2438.75
1785146974.3537934,15,261.671875,2434.5
1785146974.3537934,15,263.296875,2426.75
1785146974.3537934,10,264.90625,2430.5
1785146974.3537934,8,266.5625,2435.75
1785146974.3537934,15,268.203125,2421.5
1785146974.3537934,15,269.828125,2421.25
1785146974.3537934,7,271.46875,2438.75
1785146974.3537934,8,273.078125,2447.0
1785146974.3537934,15,274.75,2451.5
1785146974.3537934,15,276.359375,2474.0
1785146974.3537934,12,278.0,2508.5
1785146974.3537934,6,279.65625,2541.5
1785146974.3537934,15,281.265625,2582.25
1785146974.3537934,9,282.875,2618.75
1785146974.3537934,15,284.53125,2657.75
1785146974.3537934,15,286.125,2698.75
1785146974.3537934,7,287.734375,2738.75
1785146974.3537934,11,289.390625,2771.75
1785146974.3537934,13,291.0,2814.0
1785146974.3537934,11,292.640625,2869.0
1785146974.3537934,12,294.265625,2927.25
1785146974.3537934,14,295.890625,2981.25
1785146974.3537934,6,297.53125,3026.0
1785146974.3537934,15,299.296875,3091.25
1785146974.3537934,7,325.390625,5113.25
1785146974.3537934,15,340.546875,2203.0
1785146974.3537934,15,342.203125,2188.75
1785146974.3537934,15,343.828125,2193.25
1785146974.3537934,15,345.4375,2218.75
1785146974.3537934,15,347.09375,2268.75
1785146974.4651823,15,355.21875,2675.25
1785146974.4651823,15,356.875,2677.75
1785146974.4651823,15,358.46875,2694.5
1785146974.4651823,15,0.140625,2697.5
1785146974.4651823,15,1.796875,2695.25
1785146974.4651823,15,3.40625,2698.5
1785146974.4651823,15,5.078125,2709.5
1785146974.4651823,15,13.46875,1787.75
1785146974.4651823,15,45.15625,108.25
1785146974.4651823,15,47.953125,106.0
1785146974.4651823,15,173.375,10321.5
1785146974.4651823,15,176.6875,9467.25
1785146974.4651823,15,178.234375,9504.0
1785146974.4651823,14,209.625,3916.75
1785146974.4651823,7,212.921875,3653.75
1785146974.4651823,5,216.25,3429.25
1785146974.4651823,8,219.53125,3228.75
1785146974.4651823,6,222.828125,3069.25
1785146974.4651823,15,224.46875,3007.5
1785146974.4651823,7,226.171875,2949.5
1785146974.4651823,14,227.703125,2898.0
1785146974.4651823,15,229.375,2851.5
1785146974.4651823,8,231.015625,2803.75
1785146974.4651823,15,232.671875,2749.25
1785146974.4651823,15,234.3125,2702.5
1785146974.4651823,15,235.953125,2658.0
1785146974.4651823,15,237.578125,2621.0
1785146974.4651823,8,239.25,2586.5
1785146974.4651823,8,240.859375,2554.0
1785146974.4651823,15,242.515625,2531.5
1785146974.4651823,15,244.140625,2505.25
1785146974.4651823,15,245.796875,2478.5
1785146974.4651823,10,247.453125,2457.0
1785146974.4651823,9,249.0625,2442.5
1785146974.4651823,15,250.671875,2434.25
1785146974.4651823,15,252.328125,2424.25
1785146974.4651823,15,253.984375,2410.0
1785146974.4651823,15,255.625,2402.0
1785146974.4651823,15,257.25,2399.0
1785146974.4651823,15,258.875,2390.5
1785146974.4651823,15,260.5,2385.0
1785146974.4651823,8,263.84375,2262.75
1785146974.4651823,5,267.0625,2359.0
1785146974.4651823,7,268.65625,2360.5
1785146974.4651823,6,270.3125,2366.5
1785146974.4651823,6,271.96875,2381.25
1785146974.4651823,15,273.5625,2391.5
1785146974.4651823,15,275.25,2404.5
1785146974.4651823,15,276.890625,2416.75
1785146974.4651823,14,278.5,2427.25
1785146974.4651823,8,280.109375,2440.25
1785146974.4651823,15,281.765625,2466.25
1785146974.4651823,15,283.359375,2494.5
1785146974.4651823,12,284.984375,2520.5
1785146974.4651823,11,286.640625,2552.25
1785146974.4651823,15,288.28125,2580.5
1785146974.4651823,12,289.890625,2610.0
1785146974.4651823,9,291.53125,2642.5
1785146974.4651823,15,293.171875,2674.25
1785146974.4651823,13,294.78125,2700.5
1785146974.4651823,7,296.40625,2739.25
1785146974.4651823,15,298.03125,2798.0
1785146974.4651823,7,299.75,2859.25
1785146974.4651823,13,301.375,2926.5
1785146974.4651823,13,303.03125,2990.5
1785146974.4651823,12,304.640625,3036.75
1785146974.4651823,10,306.28125,3101.25
1785146974.4651823,15,339.328125,2218.5
1785146974.4651823,15,342.625,2214.25
1785146974.4651823,15,344.265625,2233.25
1785146974.4651823,10,345.84375,2270.5
1785146974.5772038,15,355.546875,2683.25
1785146974.5772038,15,357.203125,2682.75
1785146974.5772038,15,358.828125,2681.25
1785146974.5772038,15,0.46875,2695.5
1785146974.5772038,15,2.109375,2711.75
1785146974.5772038,15,3.75,2717.75
1785146974.5772038,15,5.375,2749.25
1785146974.5772038,15,13.875,1784.75
1785146974.5772038,15,46.8125,107.5
1785146974.5772038,15,50.90625,102.0
1785146974.5772038,15,176.703125,9566.0
1785146974.5772038,15,178.4375,9589.0
1785146974.5772038,12,211.40625,3647.75
1785146974.5772038,3,214.6875,3433.0
1785146974.5772038,15,218.0,3203.0
1785146974.5772038,15,219.65625,3126.25
1785146974.5772038,10,221.296875,3066.75
1785146974.5772038,14,222.9375,3003.75
1785146974.5772038,7,224.5625,2933.75
1785146974.5772038,15,226.21875,2878.0
1785146974.5772038,10,227.890625,2819.5
1785146974.5772038,15,229.5625,2758.75
1785146974.5772038,15,231.1875,2722.25
1785146974.5772038,9,232.84375,2690.75
1785146974.5772038,15,234.484375,2646.0
1785146974.5772038,15,236.15625,2607.0
1785146974.5772038,8,237.78125,2580.75
1785146974.5772038,8,239.40625,2560.5
1785146974.5772038,15,241.046875,2540.0
1785146974.5772038,15,242.71875,2519.0
1785146974.5772038,15,244.3125,2496.25
1785146974.5772038,12,245.96875,2471.75
1785146974.5772038,7,247.625,2458.75
1785146974.5772038,10,249.28125,2450.75
1785146974.5772038,11,250.890625,2443.0
1785146974.5772038,7,252.53125,2439.75
1785146974.5772038,15,254.15625,2437.5
1785146974.5772038,11,255.8125,2439.0
1785146974.5772038,8,257.453125,2442.75
1785146974.5772038,5,259.0625,2447.25
1785146974.5772038,8,260.734375,2448.75
1785146974.5772038,15,262.375,2420.5
1785146974.5772038,7,267.265625,2439.0
1785146974.5772038,8,268.890625,2446.75
1785146974.5772038,8,270.546875,2457.25
1785146974.5772038,8,272.1875,2462.25
1785146974.5772038,15,273.78125,2480.5
1785146974.5772038,15,275.421875,2504.25
1785146974.5772038,15,277.0625,2517.25
1785146974.5772038,8,278.703125,2533.5
1785146974.5772038,15,280.34375,2559.0
1785146974.5772038,12,281.96875,2589.75
1785146974.5772038,12,283.609375,2618.5
1785146974.5772038,7,285.203125,2648.25
1785146974.5772038,15,286.859375,2681.0
1785146974.5772038,14,288.5,2711.75
1785146974.5772038,9,290.09375,2742.25
1785146974.5772038,10,291.71875,2771.5
1785146974.5772038,11,293.390625,2800.5
1785146974.5772038,13,294.984375,2838.0
1785146974.5772038,8,296.625,2885.5
1785146974.5772038,15,298.265625,2940.5
1785146974.5772038,15,299.953125,2996.25
1785146974.5772038,10,301.59375,3041.25
1785146974.5772038,15,303.203125,3099.0
1785146974.5772038,8,304.84375,3182.75
1785146974.5772038,15,339.546875,2218.5
1785146974.5772038,15,341.171875,2226.5
1785146974.5772038,15,342.828125,2240.5
1785146974.5772038,15,344.453125,2269.0
1785146974.6913233,15,352.578125,2688.0
1785146974.6913233,15,354.21875,2687.5
1785146974.6913233,15,355.890625,2692.75
1785146974.6913233,15,357.515625,2695.25
1785146974.6913233,15,359.1875,2698.5
1785146974.6913233,15,0.8125,2706.5
1785146974.6913233,15,2.453125,2710.25
1785146974.6913233,15,4.109375,2728.75
1785146974.6913233,15,14.203125,1800.25
1785146974.6913233,15,45.765625,107.5
1785146974.6913233,15,50.5,101.75
1785146974.6913233,11,175.515625,9631.0
1785146974.6913233,15,177.15625,9592.25
1785146974.6913233,15,178.828125,9506.5
1785146974.6913233,8,208.546875,3860.25
1785146974.6913233,6,211.84375,3631.5
1785146974.6913233,15,218.453125,3197.75
1785146974.6913233,15,220.109375,3116.5
1785146974.6913233,15,221.734375,3043.0
1785146974.6913233,13,223.390625,2976.5
1785146974.6913233,13,225.015625,2907.5
1785146974.6913233,15,226.65625,2852.5
1785146974.6913233,11,228.296875,2797.25
1785146974.6913233,15,229.921875,2746.75
1785146974.6913233,9,231.578125,2696.25
1785146974.6913233,15,233.234375,2650.25
1785146974.6913233,15,234.859375,2620.25
1785146974.6913233,9,236.515625,2585.25
1785146974.6913233,7,238.15625,2560.0
1785146974.6913233,9,239.796875,2545.5
1785146974.6913233,15,241.421875,2526.25
1785146974.6913233,8,243.078125,2499.75
1785146974.6913233,10,244.71875,2474.5
1785146974.6913233,9,246.34375,2458.75
1785146974.6913233,9,247.984375,2448.0
1785146974.6913233,9,249.65625,2445.75
1785146974.6913233,15,251.296875,2438.5
1785146974.6913233,15,252.921875,2426.25
1785146974.6913233,15,254.578125,2422.75
1785146974.6913233,15,256.21875,2418.5
1785146974.6913233,15,257.875,2419.0
1785146974.6913233,15,259.5,2422.25
1785146974.6913233,15,261.109375,2420.75
1785146974.6913233,5,262.78125,2392.5
1785146974.6913233,15,264.4375,2340.25
1785146974.6913233,6,267.6875,2383.25
1785146974.6913233,15,269.296875,2386.75
1785146974.6913233,15,270.953125,2427.5
1785146974.6913233,9,272.609375,2435.75
1785146974.6913233,7,274.21875,2443.5
1785146974.6913233,6,275.828125,2452.75
1785146974.6913233,15,277.5,2469.75
1785146974.6913233,14,279.125,2496.75
1785146974.6913233,11,280.734375,2529.0
1785146974.6913233,15,282.375,2560.75
1785146974.6913233,13,283.984375,2598.75
1785146974.6913233,10,285.609375,2642.5
1785146974.6913233,15,287.25,2680.25
1785146974.6913233,14,288.875,2709.5
1785146974.6913233,11,290.515625,2733.25
1785146974.6913233,15,292.15625,2770.25
1785146974.6913233,11,293.796875,2818.25
1785146974.6913233,8,295.40625,2878.0
1785146974.6913233,13,297.015625,2942.0
1785146974.6913233,13,298.703125,2990.75
1785146974.6913233,10,300.359375,3037.75
1785146974.6913233,15,301.984375,3098.5
1785146974.6913233,9,303.640625,3171.0
1785146974.6913233,15,338.296875,2242.5
1785146974.6913233,8,341.578125,2242.25
1785146974.6913233,15,343.234375,2275.75
1785146974.6913233,15,344.859375,2321.75
1785146974.8034291,15,353.0,2700.25
1785146974.8034291,15,354.65625,2693.25
1785146974.8034291,15,356.3125,2694.25
1785146974.8034291,15,357.96875,2707.0
1785146974.8034291,15,359.609375,2713.5
1785146974.8034291,15,1.234375,2708.5
1785146974.8034291,15,2.890625,2721.5
1785146974.8034291,15,12.828125,2060.0
1785146974.8034291,15,16.203125,1833.25
1785146974.8034291,15,47.953125,106.75
1785146974.8034291,15,179.359375,9522.0
1785146974.8034291,12,212.328125,3661.75
1785146974.8034291,12,218.890625,3216.5
1785146974.8034291,15,220.578125,3142.5
1785146974.8034291,15,222.1875,3067.75
1785146974.8034291,14,223.859375,2994.25
1785146974.8034291,6,225.5,2941.0
1785146974.8034291,15,227.15625,2883.5
1785146974.8034291,10,228.84375,2809.75
1785146974.8034291,15,230.453125,2755.25
1785146974.8034291,8,232.09375,2706.0
1785146974.8034291,15,233.765625,2647.5
1785146974.8034291,15,235.390625,2609.5
1785146974.8034291,7,237.03125,2575.5
1785146974.8034291,8,238.671875,2547.5
1785146974.8034291,15,240.34375,2527.75
1785146974.8034291,15,241.984375,2501.25
1785146974.8034291,10,243.59375,2475.25
1785146974.8034291,8,245.234375,2454.5
1785146974.8034291,8,246.890625,2446.0
1785146974.8034291,11,248.515625,2442.75
1785146974.8034291,15,250.1875,2426.75
1785146974.8034291,15,251.875,2418.25
1785146974.8034291,15,253.515625,2413.75
1785146974.8034291,15,255.125,2405.0
1785146974.8034291,5,256.796875,2389.75
1785146974.8034291,15,258.40625,2392.25
1785146974.8034291,7,260.0625,2393.5
1785146974.8034291,15,261.6875,2392.75
1785146974.8034291,5,263.359375,2389.0
1785146974.8034291,5,265.0,2364.75
1785146974.8034291,4,266.640625,2364.25
1785146974.8034291,14,268.265625,2347.5
1785146974.8034291,15,269.921875,2356.5
1785146974.8034291,15,271.5625,2401.5
1785146974.8034291,15,273.1875,2418.75
1785146974.8034291,15,274.75,2424.5
1785146974.8034291,9,276.40625,2433.75
1785146974.8034291,7,278.03125,2445.0
1785146974.8034291,8,279.640625,2462.0
1785146974.8034291,15,281.265625,2493.25
1785146974.8034291,8,282.921875,2528.75
1785146974.8034291,13,284.5625,2561.25
1785146974.8034291,12,286.15625,2604.25
1785146974.8034291,8,287.78125,2648.75
1785146974.8034291,15,289.4375,2681.5
1785146974.8034291,15,291.046875,2710.0
1785146974.8034291,13,292.703125,2732.75
1785146974.8034291,7,294.328125,2758.25
1785146974.8034291,9,295.9375,2798.0
1785146974.8034291,10,297.5625,2851.5
1785146974.8034291,15,299.25,2914.75
1785146974.8034291,12,300.875,2982.5
1785146974.8034291,10,302.5,3041.5
1785146974.8034291,15,304.125,3080.5
1785146974.8034291,11,305.78125,3142.75
1785146974.8034291,15,337.234375,2253.0
1785146974.8034291,15,338.859375,2253.25
1785146974.8034291,15,340.515625,2261.5
1785146974.8034291,15,342.140625,2282.0
1785146974.8034291,15,343.796875,2321.5
1785146974.914647,15,353.515625,2701.5
1785146974.914647,15,355.15625,2704.0
1785146974.914647,15,356.828125,2709.5
1785146974.914647,15,358.4375,2709.0
1785146974.914647,15,0.078125,2703.75
1785146974.914647,15,1.734375,2709.75
1785146974.914647,15,16.65625,1862.75
1785146974.914647,15,46.34375,108.25
1785146974.914647,15,47.75,106.0
1785146974.914647,15,157.609375,1533.75
1785146974.914647,15,178.1875,9558.0
1785146974.914647,13,209.5,3674.0
1785146974.914647,15,212.78125,3469.25
1785146974.914647,8,216.09375,3244.5
1785146974.914647,15,217.75,3176.75
1785146974.914647,14,221.015625,3033.25
1785146974.914647,6,222.671875,2964.75
1785146974.914647,15,224.296875,2893.0
1785146974.914647,15,225.953125,2849.25
1785146974.914647,12,227.640625,2796.75
1785146974.914647,15,229.28125,2746.25
1785146974.914647,14,230.953125,2716.25
1785146974.914647,12,232.5625,2677.0
1785146974.914647,15,234.234375,2638.25
1785146974.914647,15,235.875,2607.0
1785146974.914647,8,237.53125,2564.75
1785146974.914647,9,239.171875,2537.0
1785146974.914647,15,240.78125,2528.75
1785146974.914647,15,242.4375,2506.75
1785146974.914647,9,244.078125,2477.25
1785146974.914647,8,245.734375,2462.5
1785146974.914647,10,247.359375,2455.0
1785146974.914647,9,249.015625,2443.5
1785146974.914647,14,250.640625,2436.25
1785146974.914647,15,252.3125,2426.75
1785146974.914647,15,253.9375,2425.0
1785146974.914647,15,255.5625,2428.5
1785146974.914647,11,257.1875,2433.5
1785146974.914647,9,258.828125,2442.25
1785146974.914647,15,260.453125,2442.0
1785146974.914647,13,262.109375,2426.5
1785146974.914647,15,263.75,2410.25
1785146974.914647,6,265.375,2421.75
1785146974.914647,9,267.046875,2438.0
1785146974.914647,9,268.640625,2443.75
1785146974.914647,9,270.28125,2453.0
1785146974.914647,8,271.9375,2463.0
1785146974.914647,15,273.5625,2480.75
1785146974.914647,15,275.125,2501.0
1785146974.914647,14,276.78125,2516.75
1785146974.914647,9,278.421875,2540.0
1785146974.914647,15,280.015625,2565.25
1785146974.914647,11,281.671875,2596.25
1785146974.914647,10,283.28125,2639.0
1785146974.914647,15,284.890625,2679.75
1785146974.914647,15,286.515625,2711.25
1785146974.914647,7,288.15625,2744.25
1785146974.914647,11,289.796875,2786.0
1785146974.914647,12,291.390625,2814.0
1785146974.914647,11,293.015625,2843.0
1785146974.914647,12,294.65625,2891.75
1785146974.914647,15,296.265625,2947.0
1785146974.914647,15,297.921875,2994.75
1785146974.914647,13,299.640625,3048.75
1785146974.914647,13,301.265625,3114.0
1785146974.914647,14,302.921875,3160.25
1785146974.914647,11,304.5625,3218.25
1785146974.914647,15,336.015625,2278.25
1785146974.914647,15,337.65625,2267.25
1785146974.914647,15,339.296875,2273.0
1785146974.914647,15,340.953125,2291.5
1785146974.914647,15,342.578125,2328.5
1785146975.0260339,15,352.296875,2711.75
1785146975.0260339,15,353.921875,2707.5
1785146975.0260339,15,355.546875,2712.5
1785146975.0260339,15,357.203125,2712.75
1785146975.0260339,15,358.859375,2706.0
1785146975.0260339,15,0.46875,2707.5
1785146975.0260339,15,12.09375,2044.25
1785146975.0260339,15,45.421875,107.75
1785146975.0260339,15,49.125,105.75
1785146975.0260339,15,158.140625,1468.5
1785146975.0260339,15,178.65625,9577.75
1785146975.0260339,11,208.328125,3877.75
1785146975.0260339,11,211.625,3650.5
1785146975.0260339,15,213.28125,3565.75
1785146975.0260339,8,218.21875,3222.0
1785146975.0260339,15,219.875,3159.0
1785146975.0260339,9,221.5,3084.0
1785146975.0260339,15,223.171875,3008.75
1785146975.0260339,8,224.828125,2938.25
1785146975.0260339,15,226.4375,2872.25
1785146975.0260339,11,228.15625,2802.75
1785146975.0260339,15,229.765625,2759.0
1785146975.0260339,15,231.421875,2726.5
1785146975.0260339,15,233.078125,2675.75
1785146975.0260339,14,234.703125,2642.75
1785146975.0260339,15,236.375,2613.0
1785146975.0260339,8,238.0,2573.5
1785146975.0260339,15,239.65625,2540.5
1785146975.0260339,15,241.296875,2516.5
1785146975.0260339,9,242.96875,2488.5
1785146975.0260339,10,244.578125,2465.25
1785146975.0260339,9,246.234375,2456.75
1785146975.0260339,11,247.890625,2447.0
1785146975.0260339,15,249.5,2434.25
1785146975.0260339,15,251.125,2425.75
1785146975.0260339,15,252.765625,2422.25
1785146975.0260339,15,254.421875,2420.75
1785146975.0260339,15,256.0625,2419.25
1785146975.0260339,15,257.6875,2424.25
1785146975.0260339,15,259.34375,2426.75
1785146975.0260339,15,260.953125,2423.25
1785146975.0260339,12,264.25,2329.0
1785146975.0260339,15,267.5,2422.5
1785146975.0260339,15,269.171875,2429.0
1785146975.0260339,9,270.765625,2436.0
1785146975.0260339,8,272.390625,2445.0
1785146975.0260339,7,274.03125,2455.0
1785146975.0260339,15,275.671875,2468.0
1785146975.0260339,15,277.28125,2494.0
1785146975.0260339,15,278.921875,2516.25
1785146975.0260339,8,280.515625,2535.75
1785146975.0260339,15,282.171875,2567.75
1785146975.0260339,15,283.796875,2603.75
1785146975.0260339,15,285.421875,2631.25
1785146975.0260339,7,287.046875,2658.5
1785146975.0260339,15,288.671875,2692.0
1785146975.0260339,15,290.3125,2722.5
1785146975.0260339,6,291.953125,2749.5
1785146975.0260339,7,293.5625,2771.25
1785146975.0260339,15,295.1875,2809.5
1785146975.0260339,6,296.8125,2868.0
1785146975.0260339,15,298.578125,2915.25
1785146975.0260339,15,300.1875,2961.25
1785146975.0260339,7,301.828125,3014.0
1785146975.0260339,8,303.453125,3059.25
1785146975.0260339,10,305.09375,3126.5
1785146975.0260339,15,306.734375,3208.5
1785146975.0260339,15,336.53125,2293.25
1785146975.0260339,15,338.1875,2277.25
1785146975.0260339,15,339.8125,2298.25
1785146975.0260339,15,349.546875,2709.5
1785146975.1413252,15,351.21875,2713.25
1785146975.1413252,15,352.859375,2712.25
1785146975.1413252,15,354.46875,2716.0
1785146975.1413252,15,356.125,2710.75
1785146975.1413252,15,357.78125,2707.75
1785146975.1413252,15,359.40625,2713.75
1785146975.1413252,15,1.0625,2727.75
1785146975.1413252,15,11.046875,2028.75
1785146975.1413252,15,16.015625,1855.25
1785146975.1413252,15,46.21875,107.0
1785146975.1413252,15,158.75,1427.75
1785146975.1413252,15,177.515625,9186.75
1785146975.1413252,10,207.25,3921.0
1785146975.1413252,11,210.5625,3657.0
1785146975.1413252,15,217.1875,3207.5
1785146975.1413252,15,220.484375,3050.0
1785146975.1413252,15,222.140625,2983.5
1785146975.1413252,15,223.78125,2903.25
1785146975.1413252,15,225.453125,2835.5
1785146975.1413252,9,227.046875,2782.0
1785146975.1413252,15,228.703125,2742.25
1785146975.1413252,8,230.359375,2693.75
1785146975.1413252,15,232.0,2651.75
1785146975.1413252,15,233.640625,2622.25
1785146975.1413252,9,235.296875,2585.5
1785146975.1413252,10,236.953125,2553.5
1785146975.1413252,15,238.5625,2534.25
1785146975.1413252,15,240.21875,2509.75
1785146975.1413252,8,241.84375,2481.25
1785146975.1413252,15,243.5,2455.5
1785146975.1413252,10,245.125,2443.25
1785146975.1413252,12,246.765625,2445.25
1785146975.1413252,12,248.40625,2441.75
1785146975.1413252,15,250.046875,2426.0
1785146975.1413252,15,251.625,2408.25
1785146975.1413252,15,253.296875,2399.75
1785146975.1413252,15,254.9375,2400.0
1785146975.1413252,7,256.578125,2383.25
1785146975.1413252,15,258.171875,2389.5
1785146975.1413252,8,259.796875,2394.25
1785146975.1413252,15,261.4375,2384.75
1785146975.1413252,5,263.109375,2373.0
1785146975.1413252,13,264.71875,2336.25
1785146975.1413252,15,266.359375,2357.25
1785146975.1413252,9,267.984375,2368.75
1785146975.1413252,15,269.59375,2369.75
1785146975.1413252,15,271.234375,2402.75
1785146975.1413252,15,272.890625,2418.0
1785146975.1413252,15,274.5,2427.5
1785146975.1413252,8,276.15625,2436.5
1785146975.1413252,7,277.78125,2448.0
1785146975.1413252,15,279.40625,2467.25
1785146975.1413252,15,281.03125,2493.25
1785146975.1413252,8,282.640625,2525.75
1785146975.1413252,8,284.265625,2564.0
1785146975.1413252,14,285.875,2606.25
1785146975.1413252,15,287.5,2647.75
1785146975.1413252,15,289.140625,2681.75
1785146975.1413252,13,290.796875,2716.75
1785146975.1413252,7,292.390625,2751.75
1785146975.1413252,13,294.03125,2784.0
1785146975.1413252,12,295.640625,2827.0
1785146975.1413252,9,297.28125,2879.0
1785146975.1413252,14,299.03125,2936.75
1785146975.1413252,11,300.640625,3003.25
1785146975.1413252,15,302.28125,3050.0
1785146975.1413252,12,303.9375,3106.0
1785146975.1413252,15,333.671875,2363.75
1785146975.1413252,15,335.34375,2308.5
1785146975.1413252,15,336.96875,2293.0
1785146975.1413252,15,338.609375,2308.25
1785146975.1413252,15,340.25,2329.5
1785146975.1413252,15,350.0,2738.0
1785146975.2520049,15,351.625,2722.25
1785146975.2520049,15,353.265625,2717.0
1785146975.2520049,15,354.921875,2716.25
1785146975.2520049,15,356.53125,2715.25
1785146975.2520049,15,358.1875,2714.75
1785146975.2520049,15,359.84375,2721.0
1785146975.2520049,15,11.40625,2025.75
1785146975.2520049,15,14.765625,1846.0
1785146975.2520049,15,47.921875,106.25
1785146975.2520049,15,177.9375,9526.0
1785146975.2520049,15,212.640625,3518.5
1785146975.2520049,15,217.609375,3207.0
1785146975.2520049,15,219.265625,3128.75
1785146975.2520049,15,220.90625,3049.0
1785146975.2520049,6,222.5625,2966.25
1785146975.2520049,15,224.203125,2892.75
1785146975.2520049,10,225.875,2830.25
1785146975.2520049,15,227.46875,2775.75
1785146975.2520049,15,229.078125,2723.5
1785146975.2520049,9,230.71875,2678.25
1785146975.2520049,15,232.375,2640.75
1785146975.2520049,7,234.015625,2603.0
1785146975.2520049,8,235.65625,2571.25
1785146975.2520049,15,237.28125,2540.0
1785146975.2520049,15,238.9375,2510.75
1785146975.2520049,9,240.5625,2476.0
1785146975.2520049,10,242.21875,2451.5
1785146975.2520049,15,243.859375,2443.75
1785146975.2520049,14,245.484375,2437.25
1785146975.2520049,15,247.140625,2422.25
1785146975.2520049,5,248.765625,2399.75
1785146975.2520049,7,250.40625,2368.75
1785146975.2520049,5,252.09375,2354.5
1785146975.2520049,6,253.734375,2353.5
1785146975.2520049,6,255.375,2351.0
1785146975.2520049,7,257.015625,2353.75
1785146975.2520049,13,258.640625,2360.75
1785146975.2520049,6,260.28125,2360.0
1785146975.2520049,11,261.921875,2340.5
1785146975.2520049,14,263.546875,2328.25
1785146975.2520049,15,265.203125,2322.0
1785146975.2520049,14,266.796875,2316.75
1785146975.2520049,15,268.453125,2306.0
1785146975.2520049,8,270.109375,2318.5
1785146975.2520049,8,271.71875,2350.25
1785146975.2520049,15,273.34375,2368.0
1785146975.2520049,15,274.953125,2387.0
1785146975.2520049,15,276.5625,2407.0
1785146975.2520049,10,278.21875,2421.25
1785146975.2520049,7,279.84375,2431.0
1785146975.2520049,15,281.453125,2453.0
1785146975.2520049,15,283.125,2489.5
1785146975.2520049,15,284.71875,2519.25
1785146975.2520049,15,286.359375,2565.75
1785146975.2520049,8,287.984375,2622.5
1785146975.2520049,7,289.625,2654.5
1785146975.2520049,15,291.25,2682.75
1785146975.2520049,14,292.859375,2716.5
1785146975.2520049,6,294.453125,2751.25
1785146975.2520049,15,296.125,2794.0
1785146975.2520049,13,297.734375,2843.5
1785146975.2520049,13,299.40625,2911.25
1785146975.2520049,13,301.0625,2978.75
1785146975.2520049,10,302.6875,3023.0
1785146975.2520049,12,304.34375,3080.25
1785146975.2520049,6,305.9375,3161.0
1785146975.2520049,15,307.578125,3233.0
1785146975.2520049,15,334.0625,2319.0
1785146975.2520049,15,335.6875,2320.0
1785146975.2520049,15,338.96875,2334.75
1785146975.2520049,15,340.59375,2372.25
1785146975.2520049,11,345.421875,2763.75
1785146975.2520049,12,347.046875,2748.5
1785146975.2520049,15,348.703125,2724.75
1785146975.2520049,15,350.328125,2726.0
1785146975.3630672,15,352.0,2727.0
1785146975.3630672,15,353.609375,2722.75
1785146975.3630672,15,355.265625,2716.25
1785146975.3630672,15,356.890625,2716.0
1785146975.3630672,15,358.546875,2712.0
1785146975.3630672,15,4.78125,6899.25
1785146975.3630672,15,13.59375,1839.25
1785146975.3630672,15,46.28125,108.0
1785146975.3630672,15,50.859375,102.5
1785146975.3630672,15,157.984375,1371.0
1785146975.3630672,4,213.015625,3449.75
1785146975.3630672,9,216.328125,3242.25
1785146975.3630672,15,217.953125,3159.25
1785146975.3630672,8,219.59375,3081.75
1785146975.3630672,15,221.265625,3012.75
1785146975.3630672,10,222.890625,2942.0
1785146975.3630672,15,224.546875,2868.0
1785146975.3630672,12,226.21875,2804.75
1785146975.3630672,15,227.828125,2754.25
1785146975.3630672,15,229.453125,2702.25
1785146975.3630672,15,231.109375,2649.25
1785146975.3630672,15,232.78125,2610.75
1785146975.3630672,10,234.390625,2573.25
1785146975.3630672,10,236.0625,2548.25
1785146975.3630672,15,237.6875,2525.0
1785146975.3630672,8,239.328125,2490.75
1785146975.3630672,10,240.953125,2459.0
1785146975.3630672,13,242.578125,2444.75
1785146975.3630672,15,244.234375,2438.25
1785146975.3630672,15,245.890625,2427.5
1785146975.3630672,15,247.515625,2416.0
1785146975.3630672,9,249.15625,2388.5
1785146975.3630672,8,250.84375,2353.5
1785146975.3630672,15,252.484375,2339.0
1785146975.3630672,15,254.140625,2332.75
1785146975.3630672,15,255.75,2326.5
1785146975.3630672,14,257.421875,2332.5
1785146975.3630672,5,259.0625,2339.25
1785146975.3630672,14,260.671875,2333.25
1785146975.3630672,9,262.34375,2296.0
1785146975.3630672,15,263.96875,2284.75
1785146975.3630672,15,265.625,2308.0
1785146975.3630672,15,267.265625,2313.0
1785146975.3630672,12,268.890625,2325.5
1785146975.3630672,9,270.53125,2338.25
1785146975.3630672,8,272.171875,2347.75
1785146975.3630672,5,273.78125,2359.75
1785146975.3630672,15,275.359375,2378.25
1785146975.3630672,15,277.03125,2405.0
1785146975.3630672,15,278.640625,2422.0
1785146975.3630672,9,280.265625,2432.5
1785146975.3630672,7,281.90625,2448.5
1785146975.3630672,15,283.53125,2475.0
1785146975.3630672,13,285.15625,2516.25
1785146975.3630672,11,286.78125,2564.5
1785146975.3630672,13,288.4375,2602.5
1785146975.3630672,8,290.03125,2635.25
1785146975.3630672,15,291.6875,2667.5
1785146975.3630672,15,293.296875,2691.75
1785146975.3630672,13,294.953125,2712.5
1785146975.3630672,11,296.5625,2764.25
1785146975.3630672,13,298.1875,2821.75
1785146975.3630672,13,299.90625,2862.25
1785146975.3630672,15,301.546875,2925.25
1785146975.3630672,11,303.171875,2989.5
1785146975.3630672,15,304.828125,3021.25
1785146975.3630672,13,308.0625,3187.0
1785146975.3630672,11,332.8125,2357.5
1785146975.3630672,10,334.46875,2339.25
1785146975.3630672,15,336.125,2327.5
1785146975.3630672,15,337.78125,2349.75
1785146975.3630672,8,339.390625,2390.25
1785146975.3630672,15,349.171875,2740.0
1785146975.4782758,15,350.8125,2734.0
1785146975.4782758,15,352.453125,2728.5
1785146975.4782758,15,354.078125,2727.0
1785146975.4782758,15,355.734375,2718.5
1785146975.4782758,15,357.359375,2714.75
1785146975.4782758,15,3.609375,6853.5
1785146975.4782758,15,12.4375,1830.5
1785146975.4782758,15,47.15625,107.5
1785146975.4782758,15,51.09375,101.75
1785146975.4782758,15,158.40625,1352.5
1785146975.4782758,15,160.03125,1353.75
1785146975.4782758,15,177.15625,9543.75
1785146975.4782758,15,178.8125,9600.25
1785146975.4782758,11,206.875,3917.75
1785146975.4782758,13,210.1875,3651.75
1785146975.4782758,15,216.796875,3201.0
1785146975.4782758,8,218.4375,3119.0
1785146975.4782758,15,220.078125,3047.25
1785146975.4782758,15,221.734375,2981.75
1785146975.4782758,15,223.390625,2906.0
1785146975.4782758,10,225.046875,2835.0
1785146975.4782758,15,226.640625,2772.25
1785146975.4782758,15,228.296875,2719.0
1785146975.4782758,10,229.9375,2674.0
1785146975.4782758,15,231.59375,2632.0
1785146975.4782758,8,233.203125,2589.0
1785146975.4782758,13,234.84375,2556.5
1785146975.4782758,11,236.46875,2540.0
1785146975.4782758,15,238.15625,2519.75
1785146975.4782758,12,239.765625,2482.25
1785146975.4782758,9,241.421875,2451.5
1785146975.4782758,11,243.0625,2440.25
1785146975.4782758,15,244.671875,2430.5
1785146975.4782758,15,246.34375,2414.75
1785146975.4782758,8,247.984375,2387.5
1785146975.4782758,8,249.609375,2355.5
1785146975.4782758,7,251.34375,2335.5
1785146975.4782758,15,252.953125,2321.75
1785146975.4782758,15,254.640625,2306.75
1785146975.4782758,15,256.234375,2298.0
1785146975.4782758,15,257.90625,2301.5
1785146975.4782758,15,259.5625,2289.5
1785146975.4782758,15,261.203125,2280.75
1785146975.4782758,10,262.84375,2263.5
1785146975.4782758,15,264.453125,2256.0
1785146975.4782758,15,266.09375,2280.25
1785146975.4782758,15,267.71875,2279.0
1785146975.4782758,15,269.390625,2281.75
1785146975.4782758,15,271.03125,2295.25
1785146975.4782758,15,272.65625,2305.5
1785146975.4782758,14,274.28125,2319.75
1785146975.4782758,4,275.890625,2339.25
1785146975.4782758,15,277.53125,2365.75
1785146975.4782758,15,279.15625,2393.25
1785146975.4782758,15,280.8125,2416.75
1785146975.4782758,9,282.421875,2433.0
1785146975.4782758,8,284.0625,2446.0
1785146975.4782758,15,285.671875,2475.75
1785146975.4782758,14,287.3125,2535.25
1785146975.4782758,13,288.953125,2590.25
1785146975.4782758,11,290.578125,2626.0
1785146975.4782758,15,292.21875,2665.25
1785146975.4782758,13,293.828125,2707.25
1785146975.4782758,10,295.46875,2739.75
1785146975.4782758,15,297.09375,2789.75
1785146975.4782758,9,298.78125,2853.0
1785146975.4782758,15,300.40625,2916.75
1785146975.4782758,15,302.03125,2983.0
1785146975.4782758,14,303.671875,3029.5
1785146975.4782758,13,306.9375,3192.5
1785146975.4782758,15,308.578125,3270.5
1785146975.4782758,8,331.765625,2374.75
1785146975.4782758,15,333.390625,2368.5
1785146975.4782758,10,335.03125,2361.0
1785146975.4782758,15,338.3125,2389.75
1785146975.4782758,15,349.75,2736.75
1785146975.589814,15,351.375,2726.0
1785146975.589814,15,353.03125,2726.75
1785146975.589814,15,354.703125,2725.0
1785146975.589814,15,356.3125,2753.5
1785146975.589814,15,357.953125,2756.0
1785146975.589814,15,4.203125,6872.75
1785146975.589814,15,16.125,2016.5
1785146975.589814,15,47.140625,106.75
1785146975.589814,15,158.875,1331.25
1785146975.589814,15,160.515625,1320.5
1785146975.589814,12,207.25,3924.75
1785146975.589814,12,210.5625,3673.75
1785146975.589814,15,217.140625,3208.5
1785146975.589814,15,218.796875,3136.0
1785146975.589814,15,220.4375,3063.75
1785146975.589814,15,222.078125,2994.75
1785146975.589814,15,225.390625,2844.75
1785146975.589814,13,228.671875,2709.0
1785146975.589814,10,230.34375,2674.0
1785146975.589814,15,231.96875,2638.0
1785146975.589814,7,233.625,2588.5
1785146975.589814,10,235.25,2549.75
1785146975.589814,15,236.921875,2527.0
1785146975.589814,10,238.546875,2498.0
1785146975.589814,10,240.171875,2462.25
1785146975.589814,11,241.84375,2443.0
1785146975.589814,15,243.453125,2424.5
1785146975.589814,6,245.09375,2397.0
1785146975.589814,12,246.765625,2368.75
1785146975.589814,10,248.40625,2343.0
1785146975.589814,15,250.015625,2318.0
1785146975.589814,15,251.6875,2297.25
1785146975.589814,15,253.375,2281.25
1785146975.589814,15,255.015625,2271.25
1785146975.589814,15,256.65625,2267.75
1785146975.589814,15,258.28125,2265.5
1785146975.589814,15,259.890625,2265.25
1785146975.589814,15,261.53125,2264.25
1785146975.589814,9,264.84375,2258.25
1785146975.589814,13,266.453125,2254.75
1785146975.589814,15,268.109375,2255.25
1785146975.589814,15,269.765625,2260.25
1785146975.589814,15,271.359375,2274.5
1785146975.589814,15,272.984375,2288.75
1785146975.589814,15,274.609375,2299.75
1785146975.589814,8,276.1875,2318.75
1785146975.589814,7,277.8125,2343.5
1785146975.589814,15,279.453125,2367.75
1785146975.589814,15,281.09375,2398.75
1785146975.589814,15,282.6875,2418.5
1785146975.589814,8,284.34375,2434.0
1785146975.589814,7,285.96875,2455.0
1785146975.589814,14,287.5625,2495.0
1785146975.589814,14,289.203125,2546.5
1785146975.589814,15,290.84375,2579.75
1785146975.589814,14,292.46875,2612.75
1785146975.589814,12,294.09375,2653.75
1785146975.589814,15,295.703125,2687.0
1785146975.589814,15,297.359375,2724.25
1785146975.589814,13,299.078125,2775.75
1785146975.589814,14,300.6875,2824.5
1785146975.589814,13,302.3125,2890.25
1785146975.589814,15,303.96875,2968.75
1785146975.589814,9,305.59375,3006.0
1785146975.589814,14,308.859375,3182.0
1785146975.589814,8,310.46875,3254.75
1785146975.589814,11,333.6875,2365.75
1785146975.589814,15,335.328125,2370.0
1785146975.589814,15,341.796875,2862.5
1785146975.589814,15,343.46875,2795.0
1785146975.589814,15,346.703125,2758.25
1785146975.589814,15,348.375,2748.75
1785146975.589814,15,350.015625,2741.5
1785146975.7045999,15,351.65625,2737.25
1785146975.7045999,15,353.3125,2727.5
1785146975.7045999,15,354.953125,2753.25
1785146975.7045999,15,356.578125,2753.0
1785146975.7045999,15,2.828125,6839.25
1785146975.7045999,15,4.484375,6878.5
1785146975.7045999,15,11.5625,1829.5
1785146975.7045999,15,18.03125,2022.5
1785146975.7045999,12,26.046875,2656.75
1785146975.7045999,15,46.265625,108.75
1785146975.7045999,15,47.796875,106.0
1785146975.7045999,15,159.140625,1325.0
1785146975.7045999,15,160.84375,1313.0
1785146975.7045999,15,162.40625,1315.25
1785146975.7045999,10,209.203125,3731.25
1785146975.7045999,13,212.484375,3498.5
1785146975.7045999,9,215.8125,3249.0
1785146975.7045999,15,217.4375,3173.5
1785146975.7045999,8,219.09375,3095.25
1785146975.7045999,15,220.734375,3030.5
1785146975.7045999,15,222.390625,2968.5
1785146975.7045999,15,224.046875,2902.5
1785146975.7045999,15,225.6875,2844.0
1785146975.7045999,15,227.34375,2772.25
1785146975.7045999,9,228.984375,2707.0
1785146975.7045999,12,230.625,2665.0
1785146975.7045999,15,232.296875,2639.75
1785146975.7045999,8,233.921875,2607.25
1785146975.7045999,10,235.578125,2570.75
1785146975.7045999,11,237.1875,2542.5
1785146975.7045999,15,238.875,2525.5
1785146975.7045999,15,240.5,2507.75
1785146975.7045999,9,242.15625,2481.25
1785146975.7045999,11,243.796875,2455.75
1785146975.7045999,9,245.421875,2444.25
1785146975.7045999,10,247.046875,2441.75
1785146975.7045999,15,248.71875,2435.25
1785146975.7045999,15,250.375,2426.25
1785146975.7045999,15,252.03125,2410.0
1785146975.7045999,6,253.6875,2389.75
1785146975.7045999,15,255.328125,2382.0
1785146975.7045999,6,256.9375,2384.0
1785146975.7045999,15,258.59375,2390.25
1785146975.7045999,15,260.234375,2393.25
1785146975.7045999,15,261.859375,2397.5
1785146975.7045999,15,263.484375,2397.25
1785146975.7045999,6,265.140625,2373.5
1785146975.7045999,15,266.765625,2369.75
1785146975.7045999,15,268.4375,2380.0
1785146975.7045999,15,270.0625,2394.25
1785146975.7045999,15,271.6875,2417.75
1785146975.7045999,15,273.34375,2422.5
1785146975.7045999,9,274.875,2429.75
1785146975.7045999,7,276.546875,2444.5
1785146975.7045999,15,278.1875,2459.25
1785146975.7045999,15,279.78125,2477.5
1785146975.7045999,15,281.421875,2499.0
1785146975.7045999,7,283.046875,2528.25
1785146975.7045999,15,284.671875,2563.0
1785146975.7045999,12,286.296875,2605.75
1785146975.7045999,14,287.921875,2653.75
1785146975.7045999,14,289.578125,2689.75
1785146975.7045999,12,291.1875,2717.75
1785146975.7045999,13,292.8125,2735.25
1785146975.7045999,15,294.4375,2769.75
1785146975.7045999,12,296.0625,2827.75
1785146975.7045999,10,297.6875,2891.5
1785146975.7045999,15,299.421875,2942.75
1785146975.7045999,9,301.0625,2981.25
1785146975.7045999,15,302.703125,3049.0
1785146975.7045999,9,304.3125,3107.25
1785146975.7045999,12,305.96875,3166.0
1785146975.7045999,12,307.59375,3237.0
1785146975.7045999,15,332.5,2388.25
1785146975.7045999,15,334.140625,2396.25
1785146975.7045999,14,342.3125,2782.75
1785146975.7045999,14,343.953125,2763.5
1785146975.7045999,15,345.59375,2761.25
1785146975.7045999,15,347.21875,2756.75
1785146975.7045999,15,348.859375,2752.25
1785146975.7045999,15,350.5,2744.0
1785146975.8162036,15,352.171875,2732.5
1785146975.8162036,15,353.8125,2756.25
1785146975.8162036,15,355.453125,2809.25
1785146975.8162036,15,1.703125,6862.25
1785146975.8162036,15,3.359375,6878.5
1785146975.8162036,15,5.0,6880.0
1785146975.8162036,15,10.5,1827.75
1785146975.8162036,15,16.90625,2005.25
1785146975.8162036,15,24.953125,2642.25
1785146975.8162036,15,47.078125,107.75
1785146975.8162036,15,48.796875,105.75
1785146975.8162036,15,158.21875,1326.5
1785146975.8162036,15,159.859375,1302.75
1785146975.8162036,15,161.53125,1290.75
1785146975.8162036,15,163.15625,1290.5
1785146975.8162036,15,180.1875,9269.0
1785146975.8162036,10,209.875,3732.5
1785146975.8162036,15,213.1875,3509.25
1785146975.8162036,15,218.140625,3179.0
1785146975.8162036,8,219.796875,3111.75
1785146975.8162036,15,221.421875,3039.5
1785146975.8162036,8,223.078125,2971.25
1785146975.8162036,15,224.71875,2900.75
1785146975.8162036,9,226.390625,2836.75
1785146975.8162036,14,228.046875,2776.25
1785146975.8162036,15,229.703125,2714.25
1785146975.8162036,15,231.375,2661.0
1785146975.8162036,15,233.0,2619.25
1785146975.8162036,8,234.671875,2575.25
1785146975.8162036,10,236.28125,2547.25
1785146975.8162036,15,237.953125,2527.25
1785146975.8162036,10,239.5625,2497.25
1785146975.8162036,10,241.25,2463.75
1785146975.8162036,12,242.875,2445.75
1785146975.8162036,15,244.5,2434.75
1785146975.8162036,15,246.15625,2416.25
1785146975.8162036,8,247.796875,2390.25
1785146975.8162036,6,249.453125,2363.0
1785146975.8162036,15,251.09375,2340.0
1785146975.8162036,15,252.703125,2317.25
1785146975.8162036,15,254.359375,2296.75
1785146975.8162036,15,255.96875,2292.0
1785146975.8162036,15,257.640625,2296.0
1785146975.8162036,15,259.28125,2279.5
1785146975.8162036,15,260.90625,2278.5
1785146975.8162036,15,262.5625,2275.0
1785146975.8162036,15,264.171875,2277.0
1785146975.8162036,15,265.8125,2300.5
1785146975.8162036,15,267.484375,2298.0
1785146975.8162036,11,269.09375,2302.75
1785146975.8162036,12,270.703125,2317.75
1785146975.8162036,8,272.34375,2330.75
1785146975.8162036,6,273.96875,2346.75
1785146975.8162036,7,275.5625,2365.0
1785146975.8162036,15,277.203125,2395.75
1785146975.8162036,10,278.796875,2426.75
1785146975.8162036,8,280.46875,2439.25
1785146975.8162036,7,282.0625,2448.75
1785146975.8162036,12,283.703125,2477.0
1785146975.8162036,15,285.3125,2516.5
1785146975.8162036,15,286.921875,2564.75
1785146975.8162036,13,288.5625,2613.75
1785146975.8162036,10,290.1875,2648.75
1785146975.8162036,15,291.828125,2684.25
1785146975.8162036,13,293.46875,2722.0
1785146975.8162036,7,295.078125,2760.25
1785146975.8162036,15,296.703125,2808.0
1785146975.8162036,5,298.328125,2864.0
1785146975.8162036,15,300.09375,2915.25
1785146975.8162036,13,301.71875,2974.25
1785146975.8162036,10,303.34375,3028.0
1785146975.8162036,12,304.984375,3094.25
1785146975.8162036,13,306.625,3187.25
1785146975.8162036,11,308.265625,3253.0
1785146975.8162036,15,331.4375,2406.25
1785146975.8162036,15,333.078125,2400.5
1785146975.8162036,3,334.734375,2420.5
1785146975.8162036,15,336.34375,2455.0
1785146975.8162036,11,342.859375,2805.75
1785146975.8162036,15,344.515625,2776.5
1785146975.8162036,15,346.171875,2773.25
1785146975.8162036,15,347.734375,2766.0
1785146975.8162036,15,349.390625,2755.75
1785146975.927527,15,351.03125,2744.5
1785146975.927527,15,352.671875,2768.0
1785146975.927527,15,354.3125,2804.0
1785146975.927527,15,355.953125,2777.25
1785146975.927527,15,2.203125,6884.5
1785146975.927527,15,3.84375,6883.0
1785146975.927527,15,5.484375,6924.75
1785146975.927527,15,10.921875,1814.25
1785146975.927527,15,15.78125,2004.25
1785146975.927527,15,46.15625,107.0
1785146975.927527,15,51.90625,101.25
1785146975.927527,15,158.703125,1316.5
1785146975.927527,15,160.328125,1294.5
1785146975.927527,15,161.984375,1279.75
1785146975.927527,15,163.59375,1279.0
1785146975.927527,7,212.03125,3620.25
1785146975.927527,15,213.671875,3520.5
1785146975.927527,15,218.640625,3181.25
1785146975.927527,8,220.265625,3105.5
1785146975.927527,15,221.921875,3037.5
1785146975.927527,15,223.5625,2984.25
1785146975.927527,15,225.203125,2913.25
1785146975.927527,15,226.84375,2840.0
1785146975.927527,15,228.484375,2772.75
1785146975.927527,15,230.140625,2713.25
1785146975.927527,11,231.75,2671.5
1785146975.927527,15,233.4375,2639.5
1785146975.927527,15,235.0625,2606.25
1785146975.927527,7,236.71875,2570.75
1785146975.927527,10,238.34375,2546.0
1785146975.927527,15,239.96875,2525.25
1785146975.927527,9,241.625,2492.5
1785146975.927527,11,243.265625,2458.25
1785146975.927527,11,244.90625,2441.5
1785146975.927527,15,246.5625,2434.25
1785146975.927527,15,248.171875,2424.75
1785146975.927527,15,249.8125,2401.25
1785146975.927527,7,251.484375,2367.5
1785146975.927527,6,253.109375,2347.5
1785146975.927527,8,254.75,2339.0
1785146975.927527,9,256.390625,2334.75
1785146975.927527,14,258.03125,2331.5
1785146975.927527,15,259.6875,2316.25
1785146975.927527,15,261.328125,2311.0
1785146975.927527,15,262.96875,2294.5
1785146975.927527,14,264.609375,2296.5
1785146975.927527,14,266.21875,2326.0
1785146975.927527,15,267.84375,2324.75
1785146975.927527,9,269.46875,2329.25
1785146975.927527,8,271.140625,2346.0
1785146975.927527,6,272.734375,2363.75
1785146975.927527,15,274.40625,2387.5
1785146975.927527,12,275.984375,2392.75
1785146975.927527,15,277.609375,2407.75
1785146975.927527,8,279.25,2434.75
1785146975.927527,7,280.84375,2449.5
1785146975.927527,15,282.484375,2468.75
1785146975.927527,14,284.109375,2495.75
1785146975.927527,7,285.71875,2531.5
1785146975.927527,15,287.359375,2573.75
1785146975.927527,14,288.984375,2614.5
1785146975.927527,9,290.609375,2646.5
1785146975.927527,15,292.234375,2677.25
1785146975.927527,15,293.875,2711.75
1785146975.927527,8,295.5,2752.75
1785146975.927527,15,297.09375,2799.75
1785146975.927527,15,298.875,2852.0
1785146975.927527,15,300.5,2903.75
1785146975.927527,14,302.140625,2967.75
1785146975.927527,12,303.78125,3017.25
1785146975.927527,15,305.40625,3067.25
1785146975.927527,7,307.046875,3150.75
1785146975.927527,11,308.65625,3229.75
1785146975.927527,14,328.53125,2465.0
1785146975.927527,15,330.15625,2429.0
1785146975.927527,15,331.8125,2407.5
1785146975.927527,15,333.453125,2410.75
1785146975.927527,15,335.0625,2438.75
1785146975.927527,15,344.84375,2781.25
1785146975.927527,15,346.5,2769.25
1785146975.927527,15,348.140625,2757.0
1785146975.927527,15,349.765625,2741.0
1785146976.1532238,15,351.71875,2771.5
1785146976.1532238,15,353.34375,2822.0
1785146976.1532238,15,1.234375,6894.75
1785146976.1532238,15,2.875,6883.75
1785146976.1532238,15,4.515625,6877.0
1785146976.1532238,15,11.65625,1793.25
1785146976.1532238,15,14.84375,2006.0
1785146976.1532238,15,26.09375,2907.5
1785146976.1532238,15,47.421875,106.25
1785146976.1532238,15,162.546875,1261.0
1785146976.1532238,15,164.203125,1257.75
1785146976.1532238,15,165.78125,1254.25
1785146976.1532238,8,209.171875,3860.25
1785146976.1532238,7,217.421875,3237.75
1785146976.1532238,15,219.046875,3172.5
1785146976.1532238,7,220.703125,3097.25
1785146976.1532238,15,222.359375,3035.0
1785146976.1532238,15,223.984375,2976.5
1785146976.1532238,15,225.65625,2908.25
1785146976.1532238,15,228.90625,2754.5
1785146976.1532238,10,230.5625,2691.75
1785146976.1532238,10,232.15625,2643.75
1785146976.1532238,15,233.828125,2615.25
1785146976.1532238,12,235.484375,2581.0
1785146976.1532238,10,237.125,2557.0
1785146976.1532238,15,238.75,2536.5
1785146976.1532238,15,240.40625,2506.5
1785146976.1532238,10,242.015625,2473.75
1785146976.1532238,12,243.65625,2449.5
1785146976.1532238,15,245.296875,2443.75
1785146976.1532238,15,246.921875,2432.5
1785146976.1532238,15,248.546875,2407.25
1785146976.1532238,5,250.21875,2374.0
1785146976.1532238,7,251.859375,2346.25
1785146976.1532238,15,253.5,2334.5
1785146976.1532238,15,255.15625,2327.0
1785146976.1532238,6,256.765625,2328.75
1785146976.1532238,8,258.375,2330.5
1785146976.1532238,15,260.015625,2320.0
1785146976.1532238,15,261.671875,2309.25
1785146976.1532238,15,263.3125,2289.25
1785146976.1532238,15,264.953125,2289.0
1785146976.1532238,15,266.578125,2305.75
1785146976.1532238,15,268.203125,2303.0
1785146976.1532238,15,269.84375,2309.25
1785146976.1532238,15,271.46875,2324.0
1785146976.1532238,7,273.078125,2336.25
1785146976.1532238,8,274.71875,2347.75
1785146976.1532238,5,276.34375,2359.0
1785146976.1532238,15,278.0,2394.75
1785146976.1532238,15,279.640625,2425.5
1785146976.1532238,15,281.234375,2435.0
1785146976.1532238,9,282.859375,2445.5
1785146976.1532238,14,284.515625,2459.25
1785146976.1532238,15,286.140625,2489.25
1785146976.1532238,6,287.765625,2530.25
1785146976.1532238,15,289.390625,2569.5
1785146976.1532238,15,291.015625,2605.25
1785146976.1532238,8,292.609375,2637.25
1785146976.1532238,15,294.265625,2679.75
1785146976.1532238,13,295.890625,2728.0
1785146976.1532238,15,297.5,2768.0
1785146976.1532238,15,299.203125,2820.25
1785146976.1532238,9,300.828125,2883.25
1785146976.1532238,15,302.46875,2942.25
1785146976.1532238,15,304.09375,2997.75
1785146976.1532238,15,305.71875,3071.25
1785146976.1532238,7,307.3125,3157.0
1785146976.1532238,15,308.953125,3238.75
1785146976.1532238,15,330.4375,2434.25
1785146976.1532238,15,332.046875,2431.0
1785146976.1532238,15,333.6875,2472.5
1785146976.1532238,15,343.46875,2797.75
1785146976.1532238,15,345.09375,2790.75
1785146976.1532238,15,346.75,2781.25
1785146976.1532238,15,348.375,2765.0
1785146976.1532238,15,350.015625,2747.75
1785146976.2650764,15,351.671875,2773.25
1785146976.2650764,15,353.3125,2771.75
1785146976.2650764,15,359.5625,6869.75
1785146976.2650764,15,1.1875,6846.5
1785146976.2650764,15,2.8125,6844.0
1785146976.2650764,15,4.46875,6882.5
1785146976.2650764,15,13.1875,1794.0
1785146976.2650764,15,22.796875,2581.5
1785146976.2650764,15,25.96875,2894.75
1785146976.2650764,15,45.71875,109.0
1785146976.2650764,15,47.640625,106.0
1785146976.2650764,15,159.0625,1321.75
1785146976.2650764,15,160.6875,1288.75
1785146976.2650764,15,162.328125,1266.0
1785146976.2650764,15,164.03125,1253.25
1785146976.2650764,15,165.703125,1245.0
1785146976.2650764,15,167.28125,1248.75
1785146976.2650764,6,210.703125,3827.5
1785146976.2650764,14,212.359375,3720.75
1785146976.2650764,15,215.640625,3498.5
1785146976.2650764,9,218.953125,3261.75
1785146976.2650764,15,220.578125,3190.0
1785146976.2650764,15,222.21875,3126.0
1785146976.2650764,9,223.875,3060.0
1785146976.2650764,15,225.546875,3002.5
1785146976.2650764,12,227.125,2934.75
1785146976.2650764,15,230.421875,2780.0
1785146976.2650764,15,232.078125,2737.75
1785146976.2650764,15,233.703125,2700.25
1785146976.2650764,10,235.328125,2667.0
1785146976.2650764,15,236.953125,2641.5
1785146976.2650764,15,238.609375,2613.5
1785146976.2650764,10,240.25,2577.75
1785146976.2650764,11,241.90625,2549.25
1785146976.2650764,15,243.546875,2522.25
1785146976.2650764,15,245.1875,2493.75
1785146976.2650764,9,246.796875,2472.5
1785146976.2650764,11,248.421875,2450.5
1785146976.2650764,15,250.09375,2431.75
1785146976.2650764,15,251.734375,2424.75
1785146976.2650764,15,253.34375,2414.25
1785146976.2650764,8,255.0,2395.0
1785146976.2650764,7,256.640625,2384.75
1785146976.2650764,7,258.25,2383.75
1785146976.2650764,7,259.90625,2367.75
1785146976.2650764,6,261.53125,2358.75
1785146976.2650764,15,263.1875,2341.75
1785146976.2650764,5,264.828125,2338.75
1785146976.2650764,9,266.453125,2359.5
1785146976.2650764,11,268.09375,2348.5
1785146976.2650764,15,269.71875,2364.0
1785146976.2650764,15,271.3125,2390.5
1785146976.2650764,15,272.96875,2398.0
1785146976.2650764,15,274.578125,2410.5
1785146976.2650764,15,276.21875,2415.75
1785146976.2650764,9,277.859375,2428.5
1785146976.2650764,7,279.453125,2440.75
1785146976.2650764,10,281.0625,2447.5
1785146976.2650764,15,282.734375,2465.5
1785146976.2650764,15,284.359375,2494.75
1785146976.2650764,8,285.984375,2530.0
1785146976.2650764,12,287.59375,2568.0
1785146976.2650764,12,289.21875,2602.0
1785146976.2650764,7,290.8125,2632.5
1785146976.2650764,15,292.484375,2663.75
1785146976.2650764,15,294.09375,2694.75
1785146976.2650764,13,295.703125,2731.0
1785146976.2650764,13,297.34375,2775.5
1785146976.2650764,13,299.046875,2826.5
1785146976.2650764,7,300.640625,2878.0
1785146976.2650764,15,302.3125,2941.0
1785146976.2650764,15,303.921875,2993.25
1785146976.2650764,15,305.546875,3048.25
1785146976.2650764,15,307.1875,3130.25
1785146976.2650764,13,308.796875,3212.0
1785146976.2650764,13,310.421875,3301.25
1785146976.2650764,12,327.0,2488.25
1785146976.2650764,9,328.640625,2483.5
1785146976.2650764,15,330.3125,2465.0
1785146976.2650764,15,331.921875,2455.5
1785146976.2650764,15,335.171875,2577.0
1785146976.2650764,15,343.34375,2813.0
1785146976.2650764,15,344.984375,2792.25
1785146976.2650764,15,346.625,2782.25
1785146976.2650764,15,348.28125,2771.5
1785146976.2650764,15,349.890625,2801.0
1785146976.3781576,15,351.546875,2832.5
1785146976.3781576,15,353.1875,2790.25
1785146976.3781576,15,359.453125,6870.0
1785146976.3781576,15,1.09375,6851.75
1785146976.3781576,15,2.734375,6843.75
1785146976.3781576,15,4.375,6877.75
1785146976.3781576,15,6.015625,6925.5
1785146976.3781576,15,13.0625,1795.75
1785146976.3781576,15,24.21875,2877.25
1785146976.3781576,15,25.859375,2895.25
1785146976.3781576,15,46.703125,106.25
1785146976.3781576,15,160.5625,1291.0
1785146976.3781576,15,162.265625,1265.75
1785146976.3781576,15,163.890625,1247.5
1785146976.3781576,15,165.53125,1236.75
1785146976.3781576,15,167.203125,1233.75
1785146976.3781576,8,168.78125,1252.25
1785146976.3781576,15,172.015625,1285.75
1785146976.3781576,12,208.921875,3925.75
1785146976.3781576,12,213.890625,3529.0
1785146976.3781576,11,218.8125,3212.5
1785146976.3781576,15,220.46875,3142.5
1785146976.3781576,9,222.09375,3079.25
1785146976.3781576,15,223.765625,3034.75
1785146976.3781576,15,225.375,2977.25
1785146976.3781576,15,227.046875,2901.5
1785146976.3781576,9,228.6875,2819.5
1785146976.3781576,15,230.34375,2754.0
1785146976.3781576,15,231.96875,2710.25
1785146976.3781576,10,233.625,2671.75
1785146976.3781576,15,235.265625,2639.0
1785146976.3781576,15,236.90625,2609.5
1785146976.3781576,10,238.515625,2580.25
1785146976.3781576,11,240.1875,2554.0
1785146976.3781576,11,241.828125,2538.5
1785146976.3781576,15,243.453125,2515.25
1785146976.3781576,8,245.109375,2484.5
1785146976.3781576,9,246.71875,2467.5
1785146976.3781576,11,248.390625,2451.25
1785146976.3781576,11,250.015625,2434.25
1785146976.3781576,15,251.671875,2426.5
1785146976.3781576,15,253.328125,2415.5
1785146976.3781576,15,254.953125,2413.0
1785146976.3781576,15,256.609375,2413.25
1785146976.3781576,15,258.234375,2410.5
1785146976.3781576,5,259.890625,2392.0
1785146976.3781576,15,261.515625,2389.25
1785146976.3781576,15,264.765625,2358.0
1785146976.3781576,15,266.4375,2398.0
1785146976.3781576,9,268.078125,2380.0
1785146976.3781576,15,269.6875,2376.75
1785146976.3781576,15,271.34375,2404.75
1785146976.3781576,15,272.96875,2421.25
1785146976.3781576,13,274.59375,2423.5
1785146976.3781576,8,276.140625,2429.0
1785146976.3781576,7,277.75,2449.75
1785146976.3781576,15,279.421875,2471.75
1785146976.3781576,15,281.015625,2492.0
1785146976.3781576,10,282.640625,2510.25
1785146976.3781576,7,284.28125,2535.75
1785146976.3781576,13,285.890625,2574.75
1785146976.3781576,9,287.515625,2630.0
1785146976.3781576,15,289.140625,2677.75
1785146976.3781576,15,290.78125,2699.75
1785146976.3781576,15,292.390625,2720.75
1785146976.3781576,11,294.015625,2762.5
1785146976.3781576,13,295.609375,2813.25
1785146976.3781576,7,297.25,2865.0
1785146976.3781576,15,298.984375,2910.5
1785146976.3781576,15,300.578125,2959.5
1785146976.3781576,10,302.21875,3015.5
1785146976.3781576,11,303.84375,3036.75
1785146976.3781576,10,307.125,3219.0
1785146976.3781576,15,321.859375,3225.25
1785146976.3781576,15,328.640625,2501.75
1785146976.3781576,15,330.265625,2480.25
1785146976.3781576,15,331.90625,2473.75
1785146976.3781576,15,338.4375,2858.75
1785146976.3781576,8,340.0625,2835.0
1785146976.3781576,15,341.71875,2815.25
1785146976.3781576,15,343.375,2801.5
1785146976.3781576,15,345.015625,2794.75
1785146976.3781576,15,346.640625,2784.5
1785146976.3781576,15,348.28125,2773.25
1785146976.3781576,15,349.875,2801.75
1785146976.490479,15,351.53125,2848.75
1785146976.490479,15,353.1875,2818.25
1785146976.490479,15,359.4375,6873.25
1785146976.490479,15,1.078125,6858.75
1785146976.490479,15,2.71875,6851.25
1785146976.490479,15,4.359375,6882.75
1785146976.490479,15,11.453125,1791.0
1785146976.490479,15,24.25,2874.25
1785146976.490479,15,25.859375,2908.5
1785146976.490479,15,47.84375,106.5
1785146976.490479,15,160.6875,1294.0
1785146976.490479,15,162.359375,1265.5
1785146976.490479,15,163.953125,1246.5
1785146976.490479,15,165.671875,1232.0
1785146976.490479,15,167.296875,1223.5
1785146976.490479,15,168.921875,1225.75
1785146976.490479,15,180.953125,9525.0
1785146976.490479,11,209.0,3973.75
1785146976.490479,12,213.9375,3568.25
1785146976.490479,15,215.59375,3476.75
1785146976.490479,7,218.90625,3251.5
1785146976.490479,15,220.53125,3189.0
1785146976.490479,15,222.171875,3124.75
1785146976.490479,9,223.828125,3060.5
1785146976.490479,15,225.453125,3004.75
1785146976.490479,8,227.1875,2939.5
1785146976.490479,10,230.484375,2788.75
1785146976.490479,15,232.109375,2739.75
1785146976.490479,9,233.765625,2697.25
1785146976.490479,9,235.421875,2667.25
1785146976.490479,15,237.0625,2647.5
1785146976.490479,15,238.734375,2617.5
1785146976.490479,9,240.375,2579.5
1785146976.490479,13,242.015625,2551.75
1785146976.490479,15,243.65625,2533.5
1785146976.490479,15,245.28125,2514.0
1785146976.490479,8,246.9375,2489.25
1785146976.490479,12,248.578125,2466.5
1785146976.490479,10,250.234375,2450.75
1785146976.490479,15,251.8125,2440.0
1785146976.490479,15,253.4375,2430.0
1785146976.490479,15,255.09375,2422.75
1785146976.490479,15,256.75,2419.0
1785146976.490479,15,258.34375,2418.5
1785146976.490479,15,260.03125,2406.5
1785146976.490479,15,261.640625,2402.5
1785146976.490479,8,263.3125,2378.0
1785146976.490479,15,264.9375,2369.0
1785146976.490479,15,266.5625,2394.5
1785146976.490479,7,268.1875,2384.5
1785146976.490479,15,269.859375,2391.5
1785146976.490479,15,271.484375,2413.0
1785146976.490479,15,273.09375,2418.5
1785146976.490479,15,274.671875,2424.25
1785146976.490479,15,276.328125,2427.5
1785146976.490479,9,277.96875,2438.0
1785146976.490479,8,279.59375,2451.75
1785146976.490479,15,281.1875,2464.25
1785146976.490479,15,282.84375,2479.25
1785146976.490479,15,284.46875,2503.0
1785146976.490479,7,286.09375,2535.5
1785146976.490479,15,287.703125,2569.25
1785146976.490479,12,289.34375,2604.0
1785146976.490479,8,290.96875,2634.0
1785146976.490479,9,292.609375,2652.0
1785146976.490479,15,294.234375,2683.5
1785146976.490479,15,295.859375,2731.0
1785146976.490479,9,297.46875,2766.25
1785146976.490479,15,299.171875,2816.0
1785146976.490479,14,300.796875,2857.25
1785146976.490479,15,304.0625,2995.0
1785146976.490479,7,305.6875,3047.0
1785146976.490479,15,307.34375,3110.0
1785146976.490479,11,308.953125,3200.0
1785146976.490479,13,310.59375,3281.5
1785146976.490479,15,330.453125,2475.5
1785146976.490479,15,341.890625,2825.0
1785146976.490479,15,343.515625,2809.5
1785146976.490479,15,345.15625,2796.5
1785146976.490479,15,346.75,2776.25
1785146976.490479,15,348.40625,2803.25
1785146976.490479,15,350.03125,2840.75
1785146976.716421,15,352.0625,2827.75
1785146976.716421,15,358.3125,6859.25
1785146976.716421,15,359.9375,6866.0
1785146976.716421,15,1.59375,6868.25
1785146976.716421,15,3.234375,6881.0
1785146976.716421,15,10.40625,1786.0
1785146976.716421,15,23.109375,2846.5
1785146976.716421,15,24.75,2867.25
1785146976.716421,15,26.40625,2869.0
1785146976.716421,15,45.8125,108.0
1785146976.716421,15,48.53125,105.75
1785146976.716421,15,159.59375,1347.5
1785146976.716421,15,162.921875,1252.25
1785146976.716421,15,164.65625,1228.75
1785146976.716421,15,166.28125,1213.0
1785146976.716421,15,167.875,1202.75
1785146976.716421,15,169.546875,1198.25
1785146976.716421,15,171.203125,1201.75
1785146976.716421,15,172.796875,1218.25
1785146976.716421,15,174.375,1225.0
1785146976.716421,12,208.03125,3952.5
1785146976.716421,14,211.328125,3695.75
1785146976.716421,9,217.9375,3227.5
1785146976.716421,15,219.578125,3157.75
1785146976.716421,7,221.234375,3093.25
1785146976.716421,15,222.875,3039.5
1785146976.716421,15,224.515625,2981.75
1785146976.716421,15,226.171875,2915.0
1785146976.716421,15,229.484375,2753.0
1785146976.716421,15,231.09375,2711.5
1785146976.716421,11,232.75,2666.75
1785146976.716421,15,234.421875,2626.75
1785146976.716421,9,236.03125,2591.25
1785146976.716421,10,237.6875,2559.5
1785146976.716421,12,239.328125,2538.75
1785146976.716421,15,240.96875,2522.0
1785146976.716421,10,242.59375,2494.0
1785146976.716421,11,244.234375,2457.25
1785146976.716421,13,245.890625,2439.0
1785146976.716421,15,247.546875,2435.5
1785146976.716421,15,249.1875,2415.25
1785146976.716421,15,250.84375,2392.5
1785146976.716421,7,252.453125,2363.0
1785146976.716421,8,254.125,2336.5
1785146976.716421,7,255.75,2338.0
1785146976.716421,7,257.40625,2342.5
1785146976.716421,13,259.046875,2339.75
1785146976.716421,12,260.671875,2335.25
1785146976.716421,11,262.296875,2334.0
1785146976.716421,9,263.921875,2337.75
1785146976.716421,8,265.546875,2341.75
1785146976.716421,11,267.203125,2330.5
1785146976.716421,13,268.859375,2337.5
1785146976.716421,9,270.484375,2364.75
1785146976.716421,8,272.109375,2377.75
1785146976.716421,15,273.765625,2392.75
1785146976.716421,15,275.328125,2407.0
1785146976.716421,15,276.984375,2418.25
1785146976.716421,8,278.59375,2434.5
1785146976.716421,15,280.234375,2456.25
1785146976.716421,15,281.859375,2464.0
1785146976.716421,15,283.484375,2478.0
1785146976.716421,13,285.109375,2516.0
1785146976.716421,7,286.734375,2549.25
1785146976.716421,15,288.390625,2586.75
1785146976.716421,15,289.96875,2631.5
1785146976.716421,12,291.625,2664.25
1785146976.716421,14,293.25,2700.0
1785146976.716421,8,294.859375,2745.75
1785146976.716421,15,296.515625,2792.75
1785146976.716421,15,298.109375,2844.0
1785146976.716421,11,299.90625,2881.25
1785146976.716421,15,301.53125,2928.5
1785146976.716421,9,303.15625,3009.25
1785146976.716421,15,304.796875,3086.75
1785146976.716421,9,306.453125,3156.75
1785146976.716421,11,308.046875,3229.0
1785146976.716421,12,324.625,2559.75
1785146976.716421,8,326.265625,2555.25
1785146976.716421,15,327.90625,2529.0
1785146976.716421,15,329.5625,2514.0
1785146976.716421,15,341.0,2859.75
1785146976.716421,15,342.625,2827.0
1785146976.716421,15,344.265625,2824.0
1785146976.716421,15,345.9375,2809.25
1785146976.716421,15,347.53125,2825.75
1785146976.716421,15,349.15625,2854.0
1785146976.8271935,15,350.8125,2816.5
1785146976.8271935,15,357.09375,6874.0
1785146976.8271935,15,358.703125,6869.75
1785146976.8271935,15,0.359375,6859.5
1785146976.8271935,15,2.0,6850.5
1785146976.8271935,15,3.640625,6858.5
1785146976.8271935,15,9.140625,1785.25
1785146976.8271935,15,21.9375,2838.75
1785146976.8271935,15,23.578125,2852.0
1785146976.8271935,15,47.453125,107.25
1785146976.8271935,15,163.34375,1247.0
1785146976.8271935,15,164.984375,1220.75
1785146976.8271935,15,166.703125,1204.5
1785146976.8271935,15,168.359375,1193.0
1785146976.8271935,15,170.015625,1187.75
1785146976.8271935,15,171.59375,1189.5
1785146976.8271935,15,173.203125,1205.25
1785146976.8271935,15,208.421875,3976.25
1785146976.8271935,8,210.078125,3867.0
1785146976.8271935,6,213.375,3611.0
1785146976.8271935,15,215.03125,3511.5
1785146976.8271935,15,219.96875,3190.25
1785146976.8271935,15,221.640625,3142.75
1785146976.8271935,7,223.28125,3079.0
1785146976.8271935,15,224.90625,3027.5
1785146976.8271935,15,226.546875,2974.25
1785146976.8271935,14,228.171875,2906.75
1785146976.8271935,15,229.84375,2842.25
1785146976.8271935,9,231.46875,2786.25
1785146976.8271935,15,233.109375,2734.0
1785146976.8271935,15,234.75,2698.5
1785146976.8271935,10,236.390625,2672.75
1785146976.8271935,10,238.015625,2651.75
1785146976.8271935,15,239.640625,2631.75
1785146976.8271935,15,241.296875,2610.0
1785146976.8271935,9,242.953125,2581.5
1785146976.8271935,13,244.578125,2555.5
1785146976.8271935,10,246.203125,2543.25
1785146976.8271935,15,247.875,2532.5
1785146976.8271935,15,249.515625,2512.75
1785146976.8271935,9,251.171875,2486.75
1785146976.8271935,15,252.828125,2469.25
1785146976.8271935,13,254.46875,2458.25
1785146976.8271935,14,256.078125,2450.25
1785146976.8271935,12,257.734375,2447.5
1785146976.8271935,10,259.390625,2444.25
1785146976.8271935,10,261.03125,2443.5
1785146976.8271935,15,262.65625,2436.5
1785146976.8271935,8,264.265625,2433.25
1785146976.8271935,8,265.921875,2439.5
1785146976.8271935,15,267.5625,2431.75
1785146976.8271935,10,269.1875,2430.5
1785146976.8271935,9,270.828125,2441.75
1785146976.8271935,7,272.46875,2448.25
1785146976.8271935,15,274.078125,2460.5
1785146976.8271935,15,275.671875,2479.75
1785146976.8271935,15,277.328125,2504.25
1785146976.8271935,15,278.953125,2517.25
1785146976.8271935,9,280.609375,2529.25
1785146976.8271935,7,282.21875,2552.75
1785146976.8271935,15,283.859375,2577.0
1785146976.8271935,11,285.46875,2616.0
1785146976.8271935,15,287.125,2659.0
1785146976.8271935,15,288.734375,2694.75
1785146976.8271935,10,290.375,2726.25
1785146976.8271935,8,292.0,2752.25
1785146976.8271935,14,293.609375,2799.25
1785146976.8271935,9,295.21875,2855.75
1785146976.8271935,13,296.890625,2897.25
1785146976.8271935,14,298.609375,2946.5
1785146976.8271935,10,300.234375,2996.0
1785146976.8271935,15,301.859375,3059.0
1785146976.8271935,10,303.5,3077.25
1785146976.8271935,15,306.78125,3220.75
1785146976.8271935,15,308.40625,3294.0
1785146976.8271935,15,326.625,2532.25
1785146976.8271935,15,328.265625,2516.0
1785146976.8271935,15,329.921875,2559.5
1785146976.8271935,15,339.71875,2881.75
1785146976.8271935,15,341.375,2835.0
1785146976.8271935,15,342.984375,2829.0
1785146976.8271935,15,344.671875,2821.25
1785146976.8271935,15,346.265625,2825.75
1785146976.9401798,15,357.46875,6869.75
1785146976.9401798,15,359.109375,6868.25
1785146976.9401798,15,0.75,6859.25
1785146976.9401798,15,2.390625,6860.75
1785146976.9401798,15,7.921875,1778.75
1785146976.9401798,15,19.140625,2525.25
1785146976.9401798,15,22.375,2824.5
1785146976.9401798,15,24.0,2834.75
1785146976.9401798,15,25.65625,2801.0
1785146976.9401798,15,47.65625,107.0
1785146976.9401798,15,50.75,101.0
1785146976.9401798,15,165.234375,1222.25
1785146976.9401798,15,166.90625,1204.25
1785146976.9401798,15,168.5625,1190.5
1785146976.9401798,15,170.1875,1182.75
1785146976.9401798,15,171.796875,1181.5
1785146976.9401798,15,173.453125,1187.75
1785146976.9401798,15,175.09375,1206.0
1785146976.9401798,8,216.9375,3247.25
1785146976.9401798,15,218.609375,3182.5
1785146976.9401798,9,220.234375,3107.5
1785146976.9401798,15,221.875,3037.75
1785146976.9401798,9,223.546875,2968.0
1785146976.9401798,15,225.171875,2897.5
1785146976.9401798,15,226.8125,2840.75
1785146976.9401798,15,228.484375,2772.0
1785146976.9401798,10,230.109375,2711.75
1785146976.9401798,13,231.734375,2673.5
1785146976.9401798,15,233.375,2628.0
1785146976.9401798,10,235.046875,2580.5
1785146976.9401798,10,236.65625,2558.75
1785146976.9401798,15,238.296875,2544.0
1785146976.9401798,15,239.96875,2523.25
1785146976.9401798,15,241.59375,2494.25
1785146976.9401798,12,243.21875,2471.0
1785146976.9401798,11,244.859375,2452.75
1785146976.9401798,11,246.515625,2436.0
1785146976.9401798,15,248.125,2427.25
1785146976.9401798,15,249.765625,2411.0
1785146976.9401798,7,251.453125,2384.5
1785146976.9401798,6,253.078125,2356.75
1785146976.9401798,8,254.734375,2340.25
1785146976.9401798,7,256.359375,2336.25
1785146976.9401798,7,258.0,2342.75
1785146976.9401798,8,259.640625,2344.0
1785146976.9401798,5,261.25,2344.0
1785146976.9401798,15,262.90625,2332.75
1785146976.9401798,7,264.515625,2331.0
1785146976.9401798,6,266.15625,2347.0
1785146976.9401798,5,267.796875,2343.75
1785146976.9401798,7,269.4375,2354.25
1785146976.9401798,15,271.0625,2379.0
1785146976.9401798,15,272.703125,2392.75
1785146976.9401798,15,274.3125,2399.25
1785146976.9401798,15,275.9375,2415.5
1785146976.9401798,12,277.578125,2431.25
1785146976.9401798,9,279.1875,2438.25
1785146976.9401798,15,280.84375,2462.0
1785146976.9401798,15,282.484375,2493.75
1785146976.9401798,13,284.078125,2520.25
1785146976.9401798,13,285.71875,2552.5
1785146976.9401798,11,287.359375,2587.0
1785146976.9401798,7,288.96875,2619.25
1785146976.9401798,15,290.609375,2660.0
1785146976.9401798,11,292.21875,2711.0
1785146976.9401798,7,293.828125,2762.5
1785146976.9401798,15,295.484375,2813.5
1785146976.9401798,15,297.078125,2855.25
1785146976.9401798,15,298.78125,2907.75
1785146976.9401798,15,300.40625,2949.25
1785146976.9401798,11,303.65625,3054.75
1785146976.9401798,13,306.90625,3232.75
1785146976.9401798,15,325.09375,2589.5
1785146976.9401798,15,326.765625,2552.25
1785146976.9401798,15,328.390625,2549.25
1785146976.9401798,15,341.46875,2848.0
1785146976.9401798,15,343.09375,2830.0
1785146976.9401798,15,344.75,2820.5
1785146976.9401798,15,346.375,2846.5
1785146976.9401798,15,348.015625,2870.5
1785146976.9401798,15,349.65625,2823.75
1785146977.1655185,15,354.46875,6927.75
1785146977.1655185,15,356.109375,6884.5
1785146977.1655185,15,357.75,6869.75
1785146977.1655185,15,359.375,6865.0
1785146977.1655185,15,1.015625,6873.25
1785146977.1655185,15,2.671875,6882.5
1785146977.1655185,15,4.3125,6890.5
1785146977.1655185,15,8.234375,1744.0
1785146977.1655185,15,17.71875,2503.5
1785146977.1655185,15,20.921875,2815.25
1785146977.1655185,15,22.546875,2838.25
1785146977.1655185,15,46.78125,106.5
1785146977.1655185,15,167.25,1203.5
1785146977.1655185,15,168.890625,1185.5
1785146977.1655185,15,170.546875,1173.75
1785146977.1655185,15,172.1875,1173.75
1785146977.1655185,15,173.75,1183.75
1785146977.1655185,15,175.40625,1186.75
1785146977.1655185,15,177.046875,1191.0
1785146977.1655185,10,217.078125,3228.75
1785146977.1655185,15,218.75,3167.0
1785146977.1655185,8,220.390625,3099.75
1785146977.1655185,15,222.015625,3035.0
1785146977.1655185,15,223.6875,2981.25
1785146977.1655185,8,225.28125,2922.75
1785146977.1655185,9,226.984375,2853.75
1785146977.1655185,15,228.59375,2783.0
1785146977.1655185,15,230.28125,2718.75
1785146977.1655185,15,231.90625,2663.0
1785146977.1655185,15,233.53125,2627.25
1785146977.1655185,15,235.203125,2598.0
1785146977.1655185,10,236.8125,2570.5
1785146977.1655185,11,238.46875,2549.25
1785146977.1655185,9,240.09375,2541.5
1785146977.1655185,15,241.734375,2528.5
1785146977.1655185,15,243.34375,2507.75
1785146977.1655185,9,245.0,2484.0
1785146977.1655185,13,246.625,2462.5
1785146977.1655185,9,248.296875,2449.75
1785146977.1655185,15,249.921875,2442.75
1785146977.1655185,15,251.578125,2437.5
1785146977.1655185,15,253.203125,2420.25
1785146977.1655185,15,254.859375,2403.5
1785146977.1655185,15,256.484375,2403.25
1785146977.1655185,15,258.140625,2410.75
1785146977.1655185,15,259.765625,2416.25
1785146977.1655185,15,261.40625,2416.0
1785146977.1655185,15,263.046875,2397.25
1785146977.1655185,15,264.640625,2398.75
1785146977.1655185,9,266.265625,2426.0
1785146977.1655185,12,267.921875,2437.5
1785146977.1655185,15,269.546875,2438.75
1785146977.1655185,12,271.1875,2448.25
1785146977.1655185,15,272.8125,2467.25
1785146977.1655185,15,274.453125,2485.75
1785146977.1655185,15,276.015625,2507.75
1785146977.1655185,6,277.65625,2531.25
1785146977.1655185,6,279.28125,2553.25
1785146977.1655185,15,280.9375,2581.0
1785146977.1655185,11,282.546875,2605.5
1785146977.1655185,7,284.140625,2636.0
1785146977.1655185,15,285.796875,2679.25
1785146977.1655185,10,287.40625,2722.0
1785146977.1655185,6,289.03125,2761.75
1785146977.1655185,14,290.65625,2807.25
1785146977.1655185,15,292.28125,2859.5
1785146977.1655185,14,293.890625,2911.25
1785146977.1655185,14,295.515625,2952.5
1785146977.1655185,11,297.140625,2992.5
1785146977.1655185,10,298.875,3039.75
1785146977.1655185,12,300.484375,3103.25
1785146977.1655185,15,302.125,3160.0
1785146977.1655185,13,303.734375,3221.75
1785146977.1655185,0,305.375,3316.75
1785146977.1655185,14,307.015625,3416.25
1785146977.1655185,15,325.25,2589.75
1785146977.1655185,15,326.875,2577.5
1785146977.1655185,15,338.328125,2893.5
1785146977.1655185,15,339.9375,2869.5
1785146977.1655185,15,341.609375,2853.0
1785146977.1655185,15,343.234375,2837.5
1785146977.1655185,15,344.859375,2857.5
1785146977.2796295,15,354.453125,6897.75
1785146977.2796295,15,356.078125,6880.75
1785146977.2796295,15,357.734375,6866.75
1785146977.2796295,15,359.359375,6864.25
1785146977.2796295,15,1.015625,6861.25
1785146977.2796295,15,2.640625,6873.5
1785146977.2796295,15,4.296875,6899.5
1785146977.2796295,15,9.8125,1758.75
1785146977.2796295,15,19.25,2782.75
1785146977.2796295,15,20.875,2810.0
1785146977.2796295,8,24.21875,2426.5
1785146977.2796295,15,47.1875,107.0
1785146977.2796295,15,167.09375,1217.0
1785146977.2796295,15,168.734375,1189.5
1785146977.2796295,15,170.453125,1180.5
1785146977.2796295,15,172.046875,1179.0
1785146977.2796295,15,173.6875,1176.25
1785146977.2796295,15,175.328125,1180.75
1785146977.2796295,10,176.96875,1190.25
1785146977.2796295,15,178.5625,1202.0
1785146977.2796295,12,210.421875,3735.5
1785146977.2796295,8,212.078125,3631.75
1785146977.2796295,15,213.734375,3533.25
1785146977.2796295,12,218.671875,3218.0
1785146977.2796295,15,220.3125,3156.75
1785146977.2796295,9,221.921875,3076.75
1785146977.2796295,15,223.578125,3018.0
1785146977.2796295,7,225.234375,2956.25
1785146977.2796295,15,226.9375,2890.75
1785146977.2796295,15,230.21875,2738.25
1785146977.2796295,15,231.890625,2698.75
1785146977.2796295,12,233.53125,2658.0
1785146977.2796295,15,235.15625,2614.0
1785146977.2796295,9,236.796875,2574.5
1785146977.2796295,8,238.4375,2552.0
1785146977.2796295,12,240.078125,2542.0
1785146977.2796295,11,241.71875,2529.25
1785146977.2796295,15,243.390625,2509.5
1785146977.2796295,9,245.03125,2485.5
1785146977.2796295,11,246.65625,2462.0
1785146977.2796295,12,248.296875,2448.0
1785146977.2796295,15,249.921875,2440.75
1785146977.2796295,15,251.578125,2433.75
1785146977.2796295,8,253.203125,2404.25
1785146977.2796295,5,254.828125,2373.75
1785146977.2796295,7,256.484375,2368.5
1785146977.2796295,8,258.140625,2368.0
1785146977.2796295,8,259.75,2365.75
1785146977.2796295,8,261.375,2363.75
1785146977.2796295,6,263.03125,2354.75
1785146977.2796295,7,264.671875,2360.5
1785146977.2796295,15,266.28125,2383.25
1785146977.2796295,6,267.921875,2388.25
1785146977.2796295,15,269.578125,2394.75
1785146977.2796295,15,271.171875,2408.75
1785146977.2796295,15,272.84375,2416.75
1785146977.2796295,15,274.453125,2425.25
1785146977.2796295,12,276.015625,2428.25
1785146977.2796295,10,277.640625,2437.0
1785146977.2796295,8,279.296875,2454.75
1785146977.2796295,15,280.890625,2473.25
1785146977.2796295,14,282.546875,2495.25
1785146977.2796295,9,284.171875,2525.0
1785146977.2796295,7,285.796875,2555.75
1785146977.2796295,15,287.421875,2589.75
1785146977.2796295,9,289.015625,2632.75
1785146977.2796295,15,290.640625,2682.0
1785146977.2796295,12,292.265625,2725.75
1785146977.2796295,14,293.90625,2777.0
1785146977.2796295,15,295.515625,2834.0
1785146977.2796295,15,297.125,2869.25
1785146977.2796295,15,298.890625,2923.5
1785146977.2796295,15,300.515625,2951.5
1785146977.2796295,11,303.765625,3099.25
1785146977.2796295,15,307.03125,3252.0
1785146977.2796295,9,318.515625,3316.5
1785146977.2796295,15,323.625,2631.75
1785146977.2796295,15,325.296875,2592.75
1785146977.2796295,15,326.90625,2595.75
1785146977.2796295,15,338.375,2905.75
1785146977.2796295,15,340.015625,2883.0
1785146977.2796295,15,341.6875,2865.5
1785146977.2796295,15,343.3125,2838.0
1785146977.2796295,15,346.5,2861.75
1785146977.2796295,15,348.15625,2857.5
1785146977.5026674,15,352.765625,6874.5
1785146977.5026674,15,354.390625,6863.25
1785146977.5026674,15,356.03125,6886.75
1785146977.5026674,15,357.671875,6876.5
1785146977.5026674,15,359.3125,6874.0
1785146977.5026674,15,0.953125,6868.0
1785146977.5026674,15,8.125,1758.75
1785146977.5026674,15,16.015625,2462.5
1785146977.5026674,15,19.203125,2781.25
1785146977.5026674,15,47.0625,106.5
1785146977.5026674,15,170.484375,1183.5
1785146977.5026674,15,173.765625,1174.25
1785146977.5026674,15,175.34375,1172.25
1785146977.5026674,15,177.03125,1173.0
1785146977.5026674,15,178.671875,1176.5
1785146977.5026674,15,180.234375,1177.25
1785146977.5026674,10,207.234375,3928.25
1785146977.5026674,11,210.546875,3687.0
1785146977.5026674,13,213.859375,3449.0
1785146977.5026674,11,217.15625,3240.25
1785146977.5026674,15,218.8125,3173.0
1785146977.5026674,7,220.453125,3107.25
1785146977.5026674,14,222.078125,3042.5
1785146977.5026674,15,223.75,3009.0
1785146977.5026674,7,225.40625,2959.75
1785146977.5026674,15,226.984375,2895.25
1785146977.5026674,11,228.625,2829.5
1785146977.5026674,15,230.296875,2769.25
1785146977.5026674,15,231.9375,2731.75
1785146977.5026674,9,233.5625,2687.75
1785146977.5026674,15,235.21875,2653.5
1785146977.5026674,11,236.859375,2637.5
1785146977.5026674,15,238.484375,2615.0
1785146977.5026674,15,240.109375,2603.5
1785146977.5026674,8,241.75,2591.5
1785146977.5026674,9,243.40625,2559.25
1785146977.5026674,10,245.03125,2536.25
1785146977.5026674,15,246.671875,2527.75
1785146977.5026674,15,248.3125,2509.75
1785146977.5026674,10,249.96875,2481.25
1785146977.5026674,11,251.59375,2450.5
1785146977.5026674,10,253.203125,2435.25
1785146977.5026674,15,254.875,2429.5
1785146977.5026674,15,256.46875,2425.5
1785146977.5026674,15,258.140625,2428.0
1785146977.5026674,10,259.765625,2428.0
1785146977.5026674,15,261.40625,2425.25
1785146977.5026674,15,263.0,2416.0
1785146977.5026674,8,264.65625,2418.5
1785146977.5026674,8,266.296875,2429.0
1785146977.5026674,11,267.90625,2435.25
1785146977.5026674,10,269.5625,2441.5
1785146977.5026674,8,271.203125,2447.0
1785146977.5026674,15,272.828125,2469.5
1785146977.5026674,15,274.4375,2496.75
1785146977.5026674,14,276.078125,2504.25
1785146977.5026674,7,277.71875,2521.0
1785146977.5026674,9,279.34375,2545.25
1785146977.5026674,15,280.9375,2568.0
1785146977.5026674,15,282.578125,2597.5
1785146977.5026674,10,284.1875,2627.75
1785146977.5026674,15,285.84375,2663.25
1785146977.5026674,11,287.46875,2699.5
1785146977.5026674,8,289.0625,2743.5
1785146977.5026674,15,290.6875,2794.75
1785146977.5026674,15,292.3125,2849.0
1785146977.5026674,6,293.96875,2898.5
1785146977.5026674,14,295.5625,2942.75
1785146977.5026674,15,297.203125,2988.75
1785146977.5026674,13,298.96875,3023.5
1785146977.5026674,15,300.578125,3062.75
1785146977.5026674,15,302.21875,3130.5
1785146977.5026674,15,303.859375,3204.75
1785146977.5026674,15,305.46875,3269.75
1785146977.5026674,10,308.734375,3470.5
1785146977.5026674,15,321.96875,2640.25
1785146977.5026674,15,323.65625,2641.75
1785146977.5026674,15,325.265625,2658.75
1785146977.5026674,15,335.0625,2948.0
1785146977.5026674,15,336.703125,2930.75
1785146977.5026674,15,338.359375,2898.75
1785146977.5026674,15,339.984375,2887.0
1785146977.5026674,15,341.625,2868.25
1785146977.5026674,15,343.265625,2884.25
1785146977.5026674,15,346.5625,2874.0
1785146977.6168926,15,352.796875,6912.75
1785146977.6168926,15,354.4375,6917.0
1785146977.6168926,15,356.078125,6888.25
1785146977.6168926,15,357.71875,6877.25
1785146977.6168926,15,359.359375,6878.0
1785146977.6168926,15,1.0,6869.0
1785146977.6168926,15,2.625,6874.0
1785146977.6168926,15,8.171875,1748.25
1785146977.6168926,15,17.65625,2769.75
1785146977.6168926,15,19.28125,2767.25
1785146977.6168926,15,47.015625,106.5
1785146977.6168926,15,170.484375,1195.75
1785146977.6168926,15,172.203125,1178.0
1785146977.6168926,15,173.765625,1170.5
1785146977.6168926,15,175.484375,1164.25
1785146977.6168926,15,177.046875,1163.5
1785146977.6168926,15,178.734375,1169.0
1785146977.6168926,15,180.359375,1180.0
1785146977.6168926,15,181.953125,1184.25
1785146977.6168926,10,207.359375,3950.5
1785146977.6168926,15,213.9375,3495.75
1785146977.6168926,9,218.90625,3202.25
1785146977.6168926,15,220.5625,3156.5
1785146977.6168926,8,222.21875,3106.5
1785146977.6168926,15,223.859375,3056.0
1785146977.6168926,15,225.5,3003.75
1785146977.6168926,15,227.046875,2954.25
1785146977.6168926,15,228.6875,2896.75
1785146977.6168926,15,230.328125,2840.75
1785146977.6168926,9,231.96875,2794.5
1785146977.6168926,13,233.625,2756.75
1785146977.6168926,15,235.234375,2742.5
1785146977.6168926,15,236.890625,2730.0
1785146977.6168926,15,238.53125,2709.5
1785146977.6168926,15,240.1875,2695.0
1785146977.6168926,15,241.8125,2687.5
1785146977.6168926,11,243.4375,2674.5
1785146977.6168926,9,245.09375,2664.75
1785146977.6168926,10,246.703125,2657.0
1785146977.6168926,10,248.34375,2645.25
1785146977.6168926,15,250.0,2634.75
1785146977.6168926,15,251.65625,2622.75
1785146977.6168926,15,253.296875,2610.0
1785146977.6168926,15,254.9375,2596.25
1785146977.6168926,15,256.578125,2591.0
1785146977.6168926,15,258.1875,2598.5
1785146977.6168926,15,259.8125,2612.0
1785146977.6168926,15,261.484375,2617.75
1785146977.6168926,15,263.140625,2604.5
1785146977.6168926,15,264.765625,2607.25
1785146977.6168926,15,266.375,2628.5
1785146977.6168926,15,268.015625,2634.5
1785146977.6168926,9,269.640625,2647.25
1785146977.6168926,13,271.28125,2671.25
1785146977.6168926,13,272.90625,2689.75
1785146977.6168926,14,274.5625,2707.25
1785146977.6168926,9,276.140625,2733.5
1785146977.6168926,15,277.765625,2770.0
1785146977.6168926,15,279.375,2805.25
1785146977.6168926,10,281.03125,2838.5
1785146977.6168926,12,284.265625,2972.25
1785146977.6168926,7,285.890625,3015.0
1785146977.6168926,14,287.5,3073.75
1785146977.6168926,12,289.140625,3117.0
1785146977.6168926,9,290.765625,3172.75
1785146977.6168926,15,292.40625,3230.25
1785146977.6168926,15,298.953125,3497.75
1785146977.6168926,15,323.71875,2664.5
1785146977.6168926,15,325.34375,2657.5
1785146977.6168926,15,338.40625,2903.25
1785146977.6168926,15,340.046875,2888.75
1785146977.6168926,15,341.734375,2867.0
1785146977.6168926,15,344.96875,2883.0
1785146977.6168926,15,346.609375,2874.75
1785146977.7276502,15,352.875,6913.75
1785146977.7276502,15,354.53125,6911.5
1785146977.7276502,15,356.15625,6882.5
1785146977.7276502,15,357.796875,6868.25
1785146977.7276502,15,359.4375,6870.75
1785146977.7276502,15,1.078125,6881.75
1785146977.7276502,15,2.703125,6892.75
1785146977.7276502,15,6.609375,1747.25
1785146977.7276502,15,14.546875,2463.5
1785146977.7276502,15,17.75,2758.0
1785146977.7276502,8,22.71875,2421.75
1785146977.7276502,15,47.484375,106.5
1785146977.7276502,15,173.890625,1176.0
1785146977.7276502,15,175.53125,1166.0
1785146977.7276502,15,177.203125,1160.0
1785146977.7276502,15,178.8125,1163.25
1785146977.7276502,15,180.546875,1166.0
1785146977.7276502,14,182.15625,1173.75
1785146977.7276502,15,183.703125,1197.75
1785146977.7276502,11,209.109375,3927.25
1785146977.7276502,12,214.0625,3545.0
1785146977.7276502,15,219.0,3273.0
1785146977.7276502,15,220.640625,3203.0
1785146977.7276502,15,222.296875,3144.75
1785146977.7276502,7,223.953125,3073.75
1785146977.7276502,15,225.609375,3020.0
1785146977.7276502,15,227.1875,2971.25
1785146977.7276502,15,228.84375,2898.75
1785146977.7276502,8,230.5,2832.75
1785146977.7276502,15,232.15625,2784.75
1785146977.7276502,15,233.796875,2750.0
1785146977.7276502,11,235.421875,2717.75
1785146977.7276502,11,237.0625,2681.75
1785146977.7276502,11,238.6875,2658.0
1785146977.7276502,15,240.34375,2646.75
1785146977.7276502,15,241.96875,2633.0
1785146977.7276502,15,243.609375,2610.25
1785146977.7276502,9,245.234375,2589.0
1785146977.7276502,10,246.890625,2570.0
1785146977.7276502,9,248.515625,2549.5
1785146977.7276502,15,250.1875,2531.25
1785146977.7276502,15,251.84375,2509.25
1785146977.7276502,8,253.484375,2480.25
1785146977.7276502,8,255.109375,2463.5
1785146977.7276502,7,256.75,2458.0
1785146977.7276502,9,258.40625,2457.0
1785146977.7276502,8,260.03125,2457.75
1785146977.7276502,9,261.671875,2455.5
1785146977.7276502,8,263.296875,2442.5
1785146977.7276502,8,264.921875,2438.0
1785146977.7276502,15,266.59375,2456.5
1785146977.7276502,7,268.203125,2461.5
1785146977.7276502,8,269.859375,2464.75
1785146977.7276502,15,271.46875,2481.5
1785146977.7276502,15,273.125,2495.25
1785146977.7276502,15,274.734375,2509.0
1785146977.7276502,13,276.375,2523.75
1785146977.7276502,9,278.015625,2539.5
1785146977.7276502,6,279.640625,2555.5
1785146977.7276502,15,281.25,2574.75
1785146977.7276502,13,282.90625,2599.25
1785146977.7276502,7,284.515625,2630.5
1785146977.7276502,10,286.140625,2658.25
1785146977.7276502,15,287.796875,2692.5
1785146977.7276502,8,289.421875,2740.5
1785146977.7276502,12,291.046875,2786.25
1785146977.7276502,14,292.640625,2834.25
1785146977.7276502,7,294.265625,2885.0
1785146977.7276502,15,295.921875,2935.5
1785146977.7276502,13,297.53125,2980.75
1785146977.7276502,15,299.265625,3015.75
1785146977.7276502,13,300.875,3074.0
1785146977.7276502,14,302.5,3134.5
1785146977.7276502,15,322.25,2677.0
1785146977.7276502,15,323.921875,2677.0
1785146977.7276502,15,325.546875,2682.5
1785146977.7276502,11,333.71875,2991.5
1785146977.7276502,15,337.0,2951.25
1785146977.7276502,15,338.640625,2910.75
1785146977.7276502,15,340.296875,2887.75
1785146977.7276502,15,341.921875,2868.0
1785146977.7276502,15,345.203125,2904.25
1785146977.9533124,15,351.75,6947.25
1785146977.9533124,15,353.390625,6920.25
1785146977.9533124,15,355.03125,6911.25
1785146977.9533124,15,356.671875,6887.0
1785146977.9533124,15,358.328125,6862.5
1785146977.9533124,15,359.96875,6864.25
1785146977.9533124,15,1.609375,6867.75
1785146977.9533124,15,3.25,6884.75
1785146977.9533124,15,7.125,1739.25
1785146977.9533124,15,16.578125,2732.75
1785146977.9533124,15,18.203125,2764.25
1785146977.9533124,15,45.375,108.25
1785146977.9533124,15,48.140625,106.0
1785146977.9533124,15,171.140625,1193.0
1785146977.9533124,15,172.75,1176.25
1785146977.9533124,15,174.46875,1169.75
1785146977.9533124,15,176.140625,1159.5
1785146977.9533124,15,177.75,1158.75
1785146977.9533124,15,179.28125,1167.5
1785146977.9533124,11,180.96875,1177.5
1785146977.9533124,15,182.546875,1182.75
1785146977.9533124,7,207.921875,3891.75
1785146977.9533124,8,211.234375,3631.25
1785146977.9533124,15,217.828125,3210.0
1785146977.9533124,8,219.46875,3143.75
1785146977.9533124,9,221.109375,3078.25
1785146977.9533124,15,222.78125,3022.25
1785146977.9533124,7,224.40625,2952.75
1785146977.9533124,15,226.0625,2890.25
1785146977.9533124,15,229.359375,2747.5
1785146977.9533124,15,231.015625,2716.25
1785146977.9533124,12,232.65625,2675.75
1785146977.9533124,15,234.296875,2632.0
1785146977.9533124,15,235.953125,2595.0
1785146977.9533124,8,237.578125,2574.25
1785146977.9533124,9,239.234375,2553.0
1785146977.9533124,7,240.875,2537.25
1785146977.9533124,15,242.515625,2534.0
1785146977.9533124,15,244.140625,2523.5
1785146977.9533124,15,245.796875,2505.5
1785146977.9533124,9,247.421875,2485.5
1785146977.9533124,9,249.046875,2459.25
1785146977.9533124,11,250.71875,2444.0
1785146977.9533124,11,252.34375,2442.0
1785146977.9533124,15,254.0,2433.0
1785146977.9533124,15,255.640625,2427.75
1785146977.9533124,15,257.28125,2428.0
1785146977.9533124,9,258.90625,2435.75
1785146977.9533124,8,260.546875,2440.75
1785146977.9533124,7,262.203125,2439.25
1785146977.9533124,9,263.8125,2440.5
1785146977.9533124,8,265.4375,2439.25
1785146977.9533124,7,267.09375,2438.75
1785146977.9533124,7,268.703125,2447.0
1785146977.9533124,8,270.359375,2460.0
1785146977.9533124,15,271.984375,2474.25
1785146977.9533124,15,273.625,2493.5
1785146977.9533124,15,275.203125,2512.5
1785146977.9533124,9,276.828125,2529.75
1785146977.9533124,7,278.46875,2549.0
1785146977.9533124,15,280.09375,2567.75
1785146977.9533124,15,281.6875,2595.0
1785146977.9533124,12,283.34375,2620.0
1785146977.9533124,10,284.96875,2645.0
1785146977.9533124,15,286.59375,2683.25
1785146977.9533124,10,288.21875,2722.25
1785146977.9533124,14,289.84375,2773.5
1785146977.9533124,15,291.4375,2833.0
1785146977.9533124,13,293.078125,2890.75
1785146977.9533124,15,294.703125,2946.25
1785146977.9533124,15,296.34375,2983.25
1785146977.9533124,10,297.953125,3021.5
1785146977.9533124,15,299.671875,3087.5
1785146977.9533124,8,301.296875,3161.25
1785146977.9533124,14,302.953125,3229.75
1785146977.9533124,15,322.796875,2676.25
1785146977.9533124,15,324.4375,2662.0
1785146977.9533124,15,326.078125,2686.5
1785146977.9533124,15,335.921875,2973.25
1785146977.9533124,15,337.546875,2928.5
1785146977.9533124,15,339.21875,2906.75
1785146977.9533124,15,340.84375,2887.75
1785146977.9533124,15,342.46875,2904.0
1785146978.0652266,15,353.6875,6920.25
1785146978.0652266,15,355.3125,6889.25
1785146978.0652266,15,356.96875,6890.75
1785146978.0652266,15,358.609375,6893.25
1785146978.0652266,15,0.234375,6899.25
1785146978.0652266,15,1.890625,6897.75
1785146978.0652266,15,7.4375,1743.0
1785146978.0652266,15,16.875,2742.5
1785146978.0652266,15,18.5,2760.25
1785146978.0652266,15,46.765625,107.5
1785146978.0652266,15,51.1875,102.0
1785146978.0652266,15,171.4375,1192.25
1785146978.0652266,15,173.140625,1181.0
1785146978.0652266,15,174.78125,1173.0
1785146978.0652266,15,178.0625,1171.0
1785146978.0652266,15,179.640625,1169.0
1785146978.0652266,15,181.3125,1167.0
1785146978.0652266,15,182.890625,1179.0
1785146978.0652266,11,208.265625,3866.25
1785146978.0652266,15,213.21875,3510.75
1785146978.0652266,15,216.515625,3286.75
1785146978.0652266,10,218.171875,3214.0
1785146978.0652266,15,219.8125,3154.0
1785146978.0652266,7,221.46875,3082.5
1785146978.0652266,15,223.09375,3017.5
1785146978.0652266,15,224.765625,2961.0
1785146978.0652266,9,226.40625,2909.25
1785146978.0652266,15,229.703125,2751.0
1785146978.0652266,15,231.359375,2721.75
1785146978.0652266,11,233.015625,2680.25
1785146978.0652266,12,234.625,2652.0
1785146978.0652266,15,236.296875,2626.5
1785146978.0652266,15,237.9375,2602.75
1785146978.0652266,7,239.578125,2576.5
1785146978.0652266,11,241.21875,2554.75
1785146978.0652266,9,242.84375,2547.0
1785146978.0652266,10,244.484375,2540.0
1785146978.0652266,15,246.140625,2523.5
1785146978.0652266,15,247.78125,2500.5
1785146978.0652266,15,249.40625,2480.5
1785146978.0652266,9,251.078125,2456.75
1785146978.0652266,9,252.71875,2441.0
1785146978.0652266,15,254.34375,2432.0
1785146978.0652266,15,255.984375,2434.0
1785146978.0652266,10,257.59375,2441.25
1785146978.0652266,11,259.234375,2438.5
1785146978.0652266,10,260.90625,2440.0
1785146978.0652266,13,262.53125,2435.5
1785146978.0652266,8,264.1875,2434.25
1785146978.0652266,7,265.8125,2439.25
1785146978.0652266,15,267.421875,2432.0
1785146978.0652266,10,269.078125,2433.0
1785146978.0652266,8,270.71875,2444.75
1785146978.0652266,15,272.34375,2460.5
1785146978.0652266,15,273.984375,2473.5
1785146978.0652266,15,275.53125,2483.75
1785146978.0652266,15,277.203125,2511.25
1785146978.0652266,7,278.8125,2535.75
1785146978.0652266,7,280.453125,2551.0
1785146978.0652266,15,282.046875,2570.25
1785146978.0652266,15,283.6875,2597.75
1785146978.0652266,9,285.296875,2634.25
1785146978.0652266,8,286.96875,2661.25
1785146978.0652266,15,288.578125,2695.75
1785146978.0652266,9,290.203125,2747.25
1785146978.0652266,14,291.828125,2794.25
1785146978.0652266,12,293.453125,2845.5
1785146978.0652266,6,295.09375,2896.25
1785146978.0652266,15,296.6875,2944.0
1785146978.0652266,12,298.3125,2990.25
1785146978.0652266,9,300.0625,3036.25
1785146978.0652266,14,301.6875,3106.75
1785146978.0652266,11,303.296875,3189.75
1785146978.0652266,13,304.9375,3245.75
1785146978.0652266,15,321.453125,2660.75
1785146978.0652266,15,323.125,2661.5
1785146978.0652266,15,324.765625,2664.5
1785146978.0652266,10,326.421875,2685.0
1785146978.0652266,15,334.609375,2991.5
1785146978.0652266,15,336.25,2950.25
1785146978.0652266,15,337.890625,2918.0
1785146978.0652266,15,339.515625,2900.25
1785146978.0652266,15,341.203125,2874.25
1785146978.0652266,15,342.828125,2895.0
1785146978.1772304,15,352.359375,6918.75
1785146978.1772304,15,354.0,6902.25
1785146978.1772304,15,355.640625,6886.0
1785146978.1772304,15,357.28125,6865.25
1785146978.1772304,15,358.9375,6883.0
1785146978.1772304,15,0.578125,6895.0
1785146978.1772304,15,7.75,1748.25
1785146978.1772304,15,17.203125,2765.5
1785146978.1772304,15,18.875,2769.5
1785146978.1772304,15,47.203125,107.25
1785146978.1772304,15,50.390625,101.25
1785146978.1772304,15,171.828125,1189.75
1785146978.1772304,15,173.484375,1179.75
1785146978.1772304,15,175.09375,1176.0
1785146978.1772304,11,176.765625,1167.75
1785146978.1772304,15,178.375,1160.25
1785146978.1772304,15,180.0625,1158.0
1785146978.1772304,15,181.671875,1164.0
1785146978.1772304,15,183.234375,1179.5
1785146978.1772304,13,205.3125,3968.5
1785146978.1772304,8,215.234375,3240.25
1785146978.1772304,15,216.859375,3166.5
1785146978.1772304,7,218.5,3093.25
1785146978.1772304,15,220.140625,3024.0
1785146978.1772304,7,221.78125,2955.5
1785146978.1772304,15,223.453125,2886.75
1785146978.1772304,9,225.09375,2817.5
1785146978.1772304,15,228.421875,2680.5
1785146978.1772304,15,230.078125,2655.0
1785146978.1772304,15,231.71875,2615.25
1785146978.1772304,11,233.375,2579.0
1785146978.1772304,10,235.015625,2553.25
1785146978.1772304,15,236.671875,2525.5
1785146978.1772304,9,238.296875,2492.5
1785146978.1772304,8,239.921875,2465.0
1785146978.1772304,11,241.59375,2449.5
1785146978.1772304,11,243.234375,2444.0
1785146978.1772304,12,244.859375,2440.5
1785146978.1772304,15,246.515625,2433.5
1785146978.1772304,15,248.140625,2423.75
1785146978.1772304,7,249.796875,2398.25
1785146978.1772304,8,251.375,2372.75
1785146978.1772304,9,253.0,2357.75
1785146978.1772304,6,254.671875,2346.0
1785146978.1772304,8,256.296875,2338.75
1785146978.1772304,7,257.953125,2341.0
1785146978.1772304,6,259.59375,2344.5
1785146978.1772304,11,261.21875,2344.5
1785146978.1772304,7,262.859375,2349.25
1785146978.1772304,15,264.484375,2363.25
1785146978.1772304,15,266.109375,2382.25
1785146978.1772304,6,267.75,2364.0
1785146978.1772304,15,269.375,2378.5
1785146978.1772304,15,270.984375,2423.5
1785146978.1772304,9,272.625,2433.5
1785146978.1772304,8,274.265625,2438.75
1785146978.1772304,9,275.84375,2446.0
1785146978.1772304,7,277.484375,2458.0
1785146978.1772304,15,279.09375,2489.0
1785146978.1772304,15,280.75,2525.75
1785146978.1772304,7,282.359375,2543.5
1785146978.1772304,15,284.015625,2560.25
1785146978.1772304,14,285.609375,2596.25
1785146978.1772304,8,287.21875,2636.5
1785146978.1772304,13,288.875,2676.75
1785146978.1772304,13,290.46875,2720.0
1785146978.1772304,13,292.125,2758.0
1785146978.1772304,10,293.734375,2811.0
1785146978.1772304,8,295.359375,2879.0
1785146978.1772304,15,296.984375,2914.0
1785146978.1772304,15,298.75,2955.75
1785146978.1772304,8,300.390625,3018.75
1785146978.1772304,7,303.65625,3176.5
1785146978.1772304,14,305.28125,3235.5
1785146978.1772304,15,321.828125,2664.75
1785146978.1772304,15,323.453125,2674.25
1785146978.1772304,15,325.09375,2706.5
1785146978.1772304,15,328.375,2743.5
1785146978.1772304,15,334.875,2983.25
1785146978.1772304,15,336.53125,2954.0
1785146978.1772304,15,338.1875,2923.25
1785146978.1772304,15,339.84375,2907.75
1785146978.1772304,15,341.484375,2884.5
1785146978.1772304,15,346.4375,2850.0
1785146978.4035945,15,353.03125,6944.25
1785146978.4035945,15,354.6875,6881.5
1785146978.4035945,15,356.3125,6896.5
1785146978.4035945,15,357.953125,6901.0
1785146978.4035945,15,359.609375,6877.25
1785146978.4035945,15,1.234375,6887.25
1785146978.4035945,15,8.453125,1759.25
1785146978.4035945,15,17.90625,2756.75
1785146978.4035945,15,47.234375,106.25
1785146978.4035945,15,175.671875,1164.0
1785146978.4035945,15,177.375,1160.5
1785146978.4035945,15,178.953125,1158.5
1785146978.4035945,15,180.671875,1156.0
1785146978.4035945,15,182.234375,1151.5
1785146978.4035945,15,183.90625,1150.5
1785146978.4035945,8,185.484375,1166.0
1785146978.4035945,15,212.53125,3501.25
1785146978.4035945,13,215.8125,3270.0
1785146978.4035945,15,217.484375,3193.5
1785146978.4035945,7,219.140625,3111.5
1785146978.4035945,14,220.765625,3041.5
1785146978.4035945,15,222.40625,2986.75
1785146978.4035945,14,224.078125,2918.5
1785146978.4035945,15,225.703125,2862.0
1785146978.4035945,8,227.34375,2810.75
1785146978.4035945,15,228.96875,2749.0
1785146978.4035945,12,230.640625,2705.5
1785146978.4035945,15,232.265625,2668.5
1785146978.4035945,15,233.9375,2632.75
1785146978.4035945,6,235.578125,2601.0
1785146978.4035945,8,237.203125,2573.0
1785146978.4035945,9,238.828125,2552.5
1785146978.4035945,10,240.453125,2539.25
1785146978.4035945,15,242.109375,2527.25
1785146978.4035945,15,243.75,2515.25
1785146978.4035945,15,245.359375,2506.5
1785146978.4035945,8,247.046875,2489.25
1785146978.4035945,10,248.65625,2472.25
1785146978.4035945,9,250.296875,2463.75
1785146978.4035945,10,251.9375,2451.25
1785146978.4035945,10,253.59375,2442.0
1785146978.4035945,10,255.234375,2444.5
1785146978.4035945,15,256.859375,2439.0
1785146978.4035945,15,258.484375,2440.25
1785146978.4035945,11,260.109375,2444.75
1785146978.4035945,15,261.765625,2440.5
1785146978.4035945,8,263.390625,2445.25
1785146978.4035945,15,265.015625,2446.0
1785146978.4035945,8,266.65625,2453.0
1785146978.4035945,8,268.296875,2459.5
1785146978.4035945,7,269.90625,2454.0
1785146978.4035945,15,271.53125,2468.75
1785146978.4035945,15,273.203125,2492.0
1785146978.4035945,15,274.84375,2504.5
1785146978.4035945,14,276.5,2517.25
1785146978.4035945,9,278.09375,2533.5
1785146978.4035945,15,279.734375,2555.75
1785146978.4035945,15,281.390625,2575.75
1785146978.4035945,15,283.0,2597.5
1785146978.4035945,8,284.640625,2630.5
1785146978.4035945,15,286.25,2660.0
1785146978.4035945,15,287.875,2695.5
1785146978.4035945,7,289.53125,2740.5
1785146978.4035945,14,291.15625,2790.25
1785146978.4035945,5,292.75,2854.75
1785146978.4035945,14,294.375,2931.75
1785146978.4035945,15,296.015625,2985.25
1785146978.4035945,14,297.671875,3008.75
1785146978.4035945,15,299.359375,3057.75
1785146978.4035945,13,300.96875,3133.0
1785146978.4035945,15,302.609375,3202.0
1785146978.4035945,15,324.03125,2703.5
1785146978.4035945,15,325.6875,2698.75
1785146978.4035945,15,337.125,2987.75
1785146978.4035945,15,338.765625,2939.25
1785146978.4035945,15,340.421875,2921.75
1785146978.4035945,15,342.046875,2893.75
1785146978.4035945,15,345.34375,2908.75
1785146978.4035945,15,347.0,2901.25
1785146978.5150847,15,353.265625,6955.0
1785146978.5150847,15,354.90625,6914.5
1785146978.5150847,15,356.546875,6890.5
1785146978.5150847,15,358.1875,6867.5
1785146978.5150847,15,359.828125,6878.25
1785146978.5150847,15,1.484375,6884.5
1785146978.5150847,15,8.65625,1763.0
1785146978.5150847,15,11.8125,1973.75
1785146978.5150847,15,18.140625,2754.5
1785146978.5150847,15,46.765625,108.25
1785146978.5150847,15,48.5625,106.0
1785146978.5150847,15,175.984375,1176.5
1785146978.5150847,15,177.671875,1158.75
1785146978.5150847,15,179.34375,1148.75
1785146978.5150847,15,180.9375,1149.5
1785146978.5150847,15,182.578125,1155.5
1785146978.5150847,15,184.25,1156.75
1785146978.5150847,15,185.796875,1160.0
1785146978.5150847,15,187.5,1168.25
1785146978.5150847,15,189.109375,1187.0
1785146978.5150847,15,190.703125,1218.0
1785146978.5150847,15,211.15625,3522.5
1785146978.5150847,15,216.09375,3213.0
1785146978.5150847,15,217.765625,3152.5
1785146978.5150847,10,219.390625,3082.0
1785146978.5150847,15,221.03125,3014.75
1785146978.5150847,8,222.703125,2946.5
1785146978.5150847,15,224.328125,2881.75
1785146978.5150847,9,225.96875,2813.5
1785146978.5150847,13,227.546875,2759.5
1785146978.5150847,11,229.203125,2703.25
1785146978.5150847,12,230.828125,2666.25
1785146978.5150847,12,232.5,2649.25
1785146978.5150847,15,234.125,2608.25
1785146978.5150847,9,235.78125,2568.0
1785146978.5150847,13,237.40625,2545.5
1785146978.5150847,14,239.046875,2526.5
1785146978.5150847,15,240.65625,2505.75
1785146978.5150847,9,242.328125,2486.75
1785146978.5150847,10,243.921875,2458.0
1785146978.5150847,9,245.5625,2438.25
1785146978.5150847,10,247.234375,2439.0
1785146978.5150847,13,248.828125,2442.25
1785146978.5150847,15,250.484375,2438.75
1785146978.5150847,15,252.171875,2427.75
1785146978.5150847,15,253.828125,2414.75
1785146978.5150847,15,255.4375,2405.25
1785146978.5150847,15,257.0625,2400.5
1785146978.5150847,15,258.734375,2398.25
1785146978.5150847,15,260.34375,2403.0
1785146978.5150847,15,261.984375,2413.5
1785146978.5150847,13,263.609375,2421.75
1785146978.5150847,15,265.25,2419.25
1785146978.5150847,8,266.859375,2425.75
1785146978.5150847,8,268.515625,2438.25
1785146978.5150847,15,270.140625,2437.25
1785146978.5150847,8,271.796875,2449.5
1785146978.5150847,15,273.421875,2472.0
1785146978.5150847,15,275.03125,2492.25
1785146978.5150847,15,276.65625,2514.75
1785146978.5150847,6,278.296875,2538.25
1785146978.5150847,6,279.9375,2556.25
1785146978.5150847,15,281.53125,2579.25
1785146978.5150847,15,283.1875,2607.25
1785146978.5150847,7,284.78125,2635.25
1785146978.5150847,15,286.4375,2666.25
1785146978.5150847,12,288.0625,2707.0
1785146978.5150847,7,289.65625,2749.5
1785146978.5150847,14,291.296875,2794.5
1785146978.5150847,4,292.921875,2870.25
1785146978.5150847,14,294.546875,2941.25
1785146978.5150847,11,296.1875,2988.75
1785146978.5150847,10,297.78125,3025.75
1785146978.5150847,15,299.5,3078.75
1785146978.5150847,10,301.109375,3138.75
1785146978.5150847,9,304.375,3297.0
1785146978.5150847,15,325.78125,2705.5
1785146978.5150847,15,337.234375,2981.5
1785146978.5150847,15,338.875,2953.25
1785146978.5150847,15,340.546875,2933.5
1785146978.5150847,15,342.140625,2913.75
1785146978.5150847,15,343.796875,2926.0
1785146978.5150847,15,345.4375,2946.0
1785146978.5150847,15,347.140625,2905.5
1785146978.6289685,15,355.046875,6954.0
1785146978.6289685,15,356.6875,6916.25
1785146978.6289685,15,358.328125,6927.75
1785146978.6289685,15,359.96875,6901.75
1785146978.6289685,15,1.625,6875.25
1785146978.6289685,15,8.78125,1769.5
1785146978.6289685,15,11.90625,1979.0
1785146978.6289685,15,18.21875,2753.0
1785146978.6289685,15,46.859375,108.0
1785146978.6289685,15,48.875,105.75
1785146978.6289685,15,177.59375,1166.5
1785146978.6289685,15,179.296875,1147.75
1785146978.6289685,15,180.921875,1148.75
1785146978.6289685,15,182.53125,1151.25
1785146978.6289685,15,184.1875,1152.5
1785146978.6289685,15,185.859375,1150.5
1785146978.6289685,15,187.515625,1150.25
1785146978.6289685,15,189.109375,1157.75
1785146978.6289685,15,192.34375,1216.75
1785146978.6289685,13,211.09375,3655.5
1785146978.6289685,5,214.359375,3418.5
1785146978.6289685,13,217.65625,3215.25
1785146978.6289685,15,219.328125,3146.75
1785146978.6289685,9,220.921875,3075.25
1785146978.6289685,15,222.59375,3009.0
1785146978.6289685,7,224.25,2941.25
1785146978.6289685,15,225.890625,2877.25
1785146978.6289685,8,227.5625,2821.25
1785146978.6289685,10,230.859375,2669.25
1785146978.6289685,12,232.46875,2662.0
1785146978.6289685,15,234.125,2638.75
1785146978.6289685,9,235.765625,2596.75
1785146978.6289685,11,237.421875,2557.25
1785146978.6289685,12,239.0625,2539.5
1785146978.6289685,15,240.703125,2519.0
1785146978.6289685,15,242.34375,2490.5
1785146978.6289685,8,243.96875,2476.25
1785146978.6289685,11,245.59375,2456.5
1785146978.6289685,11,247.25,2442.0
1785146978.6289685,9,248.875,2442.75
1785146978.6289685,11,250.5,2439.5
1785146978.6289685,13,252.171875,2431.0
1785146978.6289685,15,253.796875,2419.0
1785146978.6289685,15,255.46875,2409.75
1785146978.6289685,15,257.09375,2404.25
1785146978.6289685,15,258.71875,2401.25
1785146978.6289685,15,260.375,2405.75
1785146978.6289685,13,261.984375,2415.0
1785146978.6289685,15,263.609375,2421.75
1785146978.6289685,12,265.265625,2431.75
1785146978.6289685,9,266.875,2438.5
1785146978.6289685,7,268.515625,2440.0
1785146978.6289685,7,270.140625,2449.0
1785146978.6289685,6,271.78125,2460.25
1785146978.6289685,15,273.390625,2474.5
1785146978.6289685,15,275.0,2498.25
1785146978.6289685,8,276.609375,2520.0
1785146978.6289685,6,278.25,2540.25
1785146978.6289685,15,279.84375,2574.75
1785146978.6289685,15,281.453125,2611.25
1785146978.6289685,8,283.109375,2641.25
1785146978.6289685,9,284.71875,2675.75
1785146978.6289685,15,286.34375,2703.25
1785146978.6289685,8,287.984375,2737.75
1785146978.6289685,14,289.578125,2792.0
1785146978.6289685,13,291.21875,2849.75
1785146978.6289685,15,292.828125,2914.5
1785146978.6289685,15,294.453125,2977.25
1785146978.6289685,7,296.078125,3031.25
1785146978.6289685,15,297.703125,3079.25
1785146978.6289685,12,299.40625,3124.5
1785146978.6289685,9,301.03125,3156.5
1785146978.6289685,12,309.171875,3660.25
1785146978.6289685,15,322.40625,2758.5
1785146978.6289685,15,324.171875,2733.25
1785146978.6289685,15,325.78125,2720.0
1785146978.6289685,8,329.046875,2811.0
1785146978.6289685,7,333.921875,3061.5
1785146978.6289685,11,335.59375,3019.75
1785146978.6289685,15,337.25,2977.0
1785146978.6289685,15,338.90625,2953.5
1785146978.6289685,15,340.53125,2935.0
1785146978.6289685,15,342.171875,2915.0
1785146978.6289685,15,343.796875,2927.75
1785146978.6289685,15,345.484375,2948.25
1785146978.6289685,15,347.109375,2907.25
1785146978.8519273,15,353.65625,6977.25
1785146978.8519273,15,355.28125,6968.25
1785146978.8519273,15,356.9375,6924.0
1785146978.8519273,15,358.578125,6892.25
1785146978.8519273,15,0.21875,6895.25
1785146978.8519273,15,9.0625,1778.0
1785146978.8519273,15,18.484375,2746.25
1785146978.8519273,15,47.125,107.75
1785146978.8519273,15,51.203125,102.0
1785146978.8519273,15,183.015625,1149.75
1785146978.8519273,15,184.671875,1137.75
1785146978.8519273,15,186.28125,1140.0
1785146978.8519273,15,187.921875,1152.0
1785146978.8519273,8,189.46875,1155.5
1785146978.8519273,15,191.125,1166.5
1785146978.8519273,15,192.78125,1177.5
1785146978.8519273,15,194.375,1193.25
1785146978.8519273,15,196.015625,1221.25
1785146978.8519273,15,208.28125,3684.5
1785146978.8519273,15,209.921875,3581.5
1785146978.8519273,14,214.875,3272.75
1785146978.8519273,15,216.53125,3185.75
1785146978.8519273,7,218.1875,3111.5
1785146978.8519273,15,219.796875,3051.25
1785146978.8519273,15,221.46875,2991.5
1785146978.8519273,15,223.09375,2917.0
1785146978.8519273,11,224.765625,2840.5
1785146978.8519273,10,226.40625,2785.5
1785146978.8519273,15,228.078125,2745.5
1785146978.8519273,15,231.390625,2629.75
1785146978.8519273,8,233.046875,2599.0
1785146978.8519273,10,234.6875,2567.75
1785146978.8519273,10,236.34375,2549.25
1785146978.8519273,15,238.0,2529.75
1785146978.8519273,15,239.640625,2511.25
1785146978.8519273,7,241.265625,2485.75
1785146978.8519273,10,242.890625,2461.0
1785146978.8519273,12,244.546875,2449.75
1785146978.8519273,10,246.21875,2443.0
1785146978.8519273,12,247.828125,2440.75
1785146978.8519273,11,249.46875,2440.25
1785146978.8519273,12,251.078125,2438.25
1785146978.8519273,15,252.703125,2437.0
1785146978.8519273,15,254.34375,2430.5
1785146978.8519273,15,256.0,2431.75
1785146978.8519273,15,257.640625,2424.25
1785146978.8519273,15,259.296875,2413.0
1785146978.8519273,15,260.90625,2416.5
1785146978.8519273,15,262.53125,2422.75
1785146978.8519273,15,264.203125,2433.5
1785146978.8519273,10,265.828125,2438.75
1785146978.8519273,8,267.46875,2433.25
1785146978.8519273,15,269.09375,2448.75
1785146978.8519273,15,270.734375,2474.25
1785146978.8519273,15,272.375,2477.0
1785146978.8519273,15,274.0,2495.75
1785146978.8519273,11,275.5625,2528.25
1785146978.8519273,8,277.171875,2537.25
1785146978.8519273,15,278.828125,2554.75
1785146978.8519273,14,280.4375,2592.0
1785146978.8519273,12,282.0625,2620.25
1785146978.8519273,9,283.71875,2648.0
1785146978.8519273,15,285.3125,2677.75
1785146978.8519273,11,286.96875,2705.0
1785146978.8519273,8,288.59375,2746.0
1785146978.8519273,15,290.203125,2802.5
1785146978.8519273,15,291.828125,2852.5
1785146978.8519273,15,293.4375,2920.5
1785146978.8519273,13,295.0625,2982.25
1785146978.8519273,13,296.6875,3037.0
1785146978.8519273,15,298.328125,3103.0
1785146978.8519273,13,300.0625,3150.25
1785146978.8519273,11,301.71875,3181.25
1785146978.8519273,8,304.96875,3363.5
1785146978.8519273,10,306.578125,3435.75
1785146978.8519273,15,324.8125,2741.5
1785146978.8519273,15,326.4375,2730.0
1785146978.8519273,15,328.078125,2787.5
1785146978.8519273,15,339.546875,2983.25
1785146978.8519273,15,341.1875,2959.0
1785146978.8519273,15,342.8125,2937.75
1785146978.8519273,15,344.46875,2947.5
1785146978.8519273,15,346.109375,2963.5
1785146978.8519273,15,347.703125,2927.0
1785146978.96544,15,353.984375,6995.75
1785146978.96544,15,355.625,6977.5
1785146978.96544,15,357.25,6919.5
1785146978.96544,15,358.90625,6889.5
1785146978.96544,15,0.546875,6894.5
1785146978.96544,15,9.375,1780.25
1785146978.96544,15,12.5,1991.75
1785146978.96544,15,17.203125,2708.0
1785146978.96544,15,18.828125,2753.0
1785146978.96544,15,46.21875,107.0
1785146978.96544,15,51.1875,101.25
1785146978.96544,15,183.328125,1151.0
1785146978.96544,10,185.015625,1143.75
1785146978.96544,15,186.671875,1146.25
1785146978.96544,15,188.28125,1146.0
1785146978.96544,15,189.953125,1142.75
1785146978.96544,15,191.5,1150.5
1785146978.96544,15,193.15625,1165.5
1785146978.96544,15,194.75,1177.25
1785146978.96544,15,196.4375,1199.25
1785146978.96544,15,210.375,3521.25
1785146978.96544,15,213.671875,3291.25
1785146978.96544,15,215.296875,3211.75
1785146978.96544,9,216.96875,3130.25
1785146978.96544,15,218.625,3053.5
1785146978.96544,15,220.265625,2993.75
1785146978.96544,8,221.921875,2925.5
1785146978.96544,15,223.59375,2851.75
1785146978.96544,12,225.21875,2793.75
1785146978.96544,15,226.84375,2731.0
1785146978.96544,10,228.5,2680.25
1785146978.96544,15,230.15625,2637.75
1785146978.96544,8,231.78125,2584.5
1785146978.96544,15,233.453125,2552.75
1785146978.96544,15,235.09375,2533.5
1785146978.96544,15,236.734375,2515.5
1785146978.96544,9,238.375,2489.0
1785146978.96544,15,240.0,2462.0
1785146978.96544,13,241.640625,2447.5
1785146978.96544,15,243.28125,2442.0
1785146978.96544,15,244.921875,2437.0
1785146978.96544,15,246.5625,2421.75
1785146978.96544,7,248.21875,2396.75
1785146978.96544,15,249.84375,2390.75
1785146978.96544,6,251.484375,2390.25
1785146978.96544,8,253.078125,2385.5
1785146978.96544,8,254.734375,2383.75
1785146978.96544,10,256.359375,2376.0
1785146978.96544,15,258.03125,2382.75
1785146978.96544,7,259.65625,2387.0
1785146978.96544,15,261.265625,2386.0
1785146978.96544,15,262.90625,2401.25
1785146978.96544,15,264.53125,2418.75
1785146978.96544,15,266.1875,2427.5
1785146978.96544,13,267.796875,2432.0
1785146978.96544,7,269.453125,2441.0
1785146978.96544,9,271.09375,2450.5
1785146978.96544,8,272.71875,2453.75
1785146978.96544,15,274.328125,2480.25
1785146978.96544,14,275.921875,2519.75
1785146978.96544,7,277.578125,2543.25
1785146978.96544,14,279.171875,2561.25
1785146978.96544,12,280.828125,2582.25
1785146978.96544,15,282.4375,2613.5
1785146978.96544,8,284.0625,2645.5
1785146978.96544,14,285.671875,2676.5
1785146978.96544,12,287.328125,2700.0
1785146978.96544,7,288.9375,2737.5
1785146978.96544,13,290.578125,2790.75
1785146978.96544,10,292.1875,2845.0
1785146978.96544,15,293.828125,2912.25
1785146978.96544,15,295.4375,2977.0
1785146978.96544,11,297.0625,3045.0
1785146978.96544,14,298.828125,3103.5
1785146978.96544,9,300.484375,3147.25
1785146978.96544,11,302.140625,3187.25
1785146978.96544,15,325.203125,2766.25
1785146978.96544,15,326.84375,2761.25
1785146978.96544,15,339.921875,2987.5
1785146978.96544,15,341.578125,2968.75
1785146978.96544,15,343.25,2940.5
1785146978.96544,15,344.875,2955.25
1785146978.96544,15,346.515625,2984.0
1785146978.96544,15,348.140625,2942.5
1785146979.1887436,15,354.9375,6999.75
1785146979.1887436,15,356.578125,6929.0
1785146979.1887436,15,358.21875,6948.25
1785146979.1887436,15,359.859375,6931.5
1785146979.1887436,15,1.5,6892.75
1785146979.1887436,15,10.3125,1789.75
1785146979.1887436,15,13.484375,2013.25
1785146979.1887436,15,18.21875,2737.0
1785146979.1887436,15,19.859375,2739.5
1785146979.1887436,15,23.140625,2713.5
1785146979.1887436,15,45.578125,108.0
1785146979.1887436,15,47.421875,105.75
1785146979.1887436,15,185.90625,1149.0
1785146979.1887436,15,187.578125,1142.75
1785146979.1887436,15,189.25,1145.0
1785146979.1887436,15,190.859375,1147.25
1785146979.1887436,15,192.53125,1144.0
1785146979.1887436,15,194.078125,1143.25
1785146979.1887436,15,197.34375,1162.0
1785146979.1887436,15,198.96875,1191.25
1785146979.1887436,15,211.296875,3473.75
1785146979.1887436,15,214.578125,3257.25
1785146979.1887436,15,216.21875,3196.0
1785146979.1887436,15,219.515625,3035.75
1785146979.1887436,15,222.828125,2891.0
1785146979.1887436,11,224.484375,2824.25
1785146979.1887436,15,226.125,2763.75
1785146979.1887436,11,227.734375,2709.75
1785146979.1887436,12,229.390625,2656.75
1785146979.1887436,15,231.0,2616.5
1785146979.1887436,11,232.6875,2580.25
1785146979.1887436,13,234.296875,2554.75
1785146979.1887436,12,235.921875,2538.25
1785146979.1887436,15,237.5625,2524.25
1785146979.1887436,15,239.21875,2503.0
1785146979.1887436,10,240.859375,2477.75
1785146979.1887436,11,242.484375,2458.0
1785146979.1887436,12,244.125,2449.0
1785146979.1887436,11,245.765625,2443.75
1785146979.1887436,11,247.421875,2440.75
1785146979.1887436,11,249.046875,2442.0
1785146979.1887436,10,250.703125,2438.75
1785146979.1887436,15,252.34375,2435.75
1785146979.1887436,15,253.953125,2434.5
1785146979.1887436,13,255.625,2431.25
1785146979.1887436,12,257.21875,2431.25
1785146979.1887436,15,258.875,2434.5
1785146979.1887436,15,260.515625,2436.25
1785146979.1887436,15,262.140625,2436.25
1785146979.1887436,15,263.796875,2437.75
1785146979.1887436,9,265.421875,2439.5
1785146979.1887436,12,267.046875,2440.75
1785146979.1887436,6,268.6875,2445.0
1785146979.1887436,7,270.328125,2454.5
1785146979.1887436,15,271.953125,2472.0
1785146979.1887436,7,273.609375,2473.5
1785146979.1887436,15,275.1875,2501.0
1785146979.1887436,10,276.828125,2538.75
1785146979.1887436,7,278.5,2544.75
1785146979.1887436,6,280.09375,2559.75
1785146979.1887436,15,281.71875,2591.5
1785146979.1887436,13,283.359375,2625.75
1785146979.1887436,14,285.0,2664.25
1785146979.1887436,13,286.640625,2698.5
1785146979.1887436,10,288.265625,2723.5
1785146979.1887436,13,289.890625,2766.75
1785146979.1887436,13,291.5,2823.5
1785146979.1887436,5,293.125,2886.25
1785146979.1887436,13,294.75,2960.0
1785146979.1887436,9,296.359375,3031.5
1785146979.1887436,15,298.0,3089.0
1785146979.1887436,11,299.703125,3141.5
1785146979.1887436,15,301.328125,3199.5
1785146979.1887436,15,302.96875,3235.75
1785146979.1887436,8,309.484375,3664.25
1785146979.1887436,15,326.078125,2818.0
1785146979.1887436,15,327.703125,2795.0
1785146979.1887436,15,340.78125,3009.25
1785146979.1887436,15,342.453125,2979.25
1785146979.1887436,15,344.09375,2961.75
1785146979.1887436,15,345.71875,2990.0
1785146979.1887436,15,347.359375,3021.5
1785146979.1887436,15,349.03125,2973.5
1785146979.3040292,15,355.28125,6979.25
1785146979.3040292,15,356.9375,6973.5
1785146979.3040292,15,358.59375,6938.75
1785146979.3040292,15,0.234375,6894.25
1785146979.3040292,15,1.875,6892.5
1785146979.3040292,15,9.015625,1782.75
1785146979.3040292,15,18.5625,2733.75
1785146979.3040292,15,20.234375,2726.25
1785146979.3040292,15,45.671875,107.5
1785146979.3040292,15,189.578125,1131.75
1785146979.3040292,15,191.203125,1136.25
1785146979.3040292,15,192.765625,1150.5
1785146979.3040292,15,194.453125,1156.75
1785146979.3040292,15,196.109375,1158.75
1785146979.3040292,15,197.71875,1162.5
1785146979.3040292,15,199.328125,1180.25
1785146979.3040292,15,200.859375,1209.25
1785146979.3040292,15,202.59375,1234.75
1785146979.3040292,3,211.59375,3410.0
1785146979.3040292,10,214.875,3217.75
1785146979.3040292,15,216.53125,3168.75
1785146979.3040292,9,218.171875,3097.0
1785146979.3040292,15,219.796875,3019.25
1785146979.3040292,9,221.484375,2954.0
1785146979.3040292,15,223.109375,2886.5
1785146979.3040292,11,224.796875,2826.75
1785146979.3040292,15,226.390625,2770.25
1785146979.3040292,9,228.03125,2709.0
1785146979.3040292,15,229.671875,2659.0
1785146979.3040292,15,231.296875,2618.5
1785146979.3040292,9,232.953125,2587.75
1785146979.3040292,11,234.59375,2569.0
1785146979.3040292,14,236.21875,2546.5
1785146979.3040292,13,237.890625,2529.0
1785146979.3040292,15,239.515625,2505.0
1785146979.3040292,9,241.140625,2476.25
1785146979.3040292,11,242.78125,2459.25
1785146979.3040292,11,244.421875,2448.75
1785146979.3040292,10,246.0625,2442.25
1785146979.3040292,15,247.6875,2435.25
1785146979.3040292,15,249.34375,2427.75
1785146979.3040292,15,251.015625,2421.5
1785146979.3040292,15,252.640625,2413.75
1785146979.3040292,15,254.28125,2411.75
1785146979.3040292,15,255.953125,2413.75
1785146979.3040292,15,257.5625,2410.0
1785146979.3040292,15,259.234375,2401.25
1785146979.3040292,15,260.859375,2404.0
1785146979.3040292,15,262.5,2418.5
1785146979.3040292,15,264.109375,2420.0
1785146979.3040292,15,265.765625,2426.25
1785146979.3040292,9,267.359375,2432.5
1785146979.3040292,9,269.03125,2433.75
1785146979.3040292,9,270.65625,2447.75
1785146979.3040292,15,272.3125,2466.25
1785146979.3040292,15,273.921875,2494.0
1785146979.3040292,9,275.546875,2525.75
1785146979.3040292,9,277.171875,2537.75
1785146979.3040292,8,278.84375,2554.25
1785146979.3040292,15,280.46875,2588.0
1785146979.3040292,13,282.046875,2617.75
1785146979.3040292,11,283.703125,2648.5
1785146979.3040292,15,285.34375,2679.5
1785146979.3040292,14,286.96875,2705.5
1785146979.3040292,8,288.609375,2746.0
1785146979.3040292,14,290.234375,2793.0
1785146979.3040292,10,291.84375,2841.5
1785146979.3040292,11,293.46875,2917.75
1785146979.3040292,14,295.09375,2980.5
1785146979.3040292,15,296.71875,3036.5
1785146979.3040292,12,298.34375,3103.75
1785146979.3040292,8,300.03125,3153.75
1785146979.3040292,14,301.65625,3214.75
1785146979.3040292,15,303.296875,3264.75
1785146979.3040292,12,306.546875,3435.25
1785146979.3040292,15,326.375,2820.5
1785146979.3040292,15,327.984375,2800.0
1785146979.3040292,15,341.09375,3014.5
1785146979.3040292,15,342.75,2982.25
1785146979.3040292,15,344.40625,2967.0
1785146979.3040292,15,346.03125,2983.0
1785146979.3040292,15,347.734375,2960.5
1785146979.3040292,15,349.359375,2930.75
1785146979.4145117,15,355.65625,7062.0
1785146979.4145117,15,357.3125,7026.5
1785146979.4145117,15,358.953125,6949.0
1785146979.4145117,15,0.59375,6894.5
1785146979.4145117,10,3.828125,8855.0
1785146979.4145117,15,9.390625,1779.75
1785146979.4145117,15,18.875,2728.25
1785146979.4145117,15,47.140625,107.0
1785146979.4145117,15,51.4375,101.25
1785146979.4145117,15,189.921875,1152.25
1785146979.4145117,15,191.515625,1144.5
1785146979.4145117,15,193.1875,1140.0
1785146979.4145117,15,194.8125,1139.25
1785146979.4145117,15,196.484375,1143.5
1785146979.4145117,12,198.0625,1155.5
1785146979.4145117,15,201.375,1176.5
1785146979.4145117,15,211.953125,3476.0
1785146979.4145117,15,215.234375,3275.0
1785146979.4145117,15,216.921875,3209.25
1785146979.4145117,15,218.5625,3147.0
1785146979.4145117,10,220.1875,3075.0
1785146979.4145117,15,221.828125,3019.0
1785146979.4145117,15,225.125,2882.0
1785146979.4145117,9,226.765625,2819.5
1785146979.4145117,15,228.421875,2761.75
1785146979.4145117,9,230.0625,2711.75
1785146979.4145117,10,231.734375,2666.5
1785146979.4145117,12,233.359375,2637.0
1785146979.4145117,12,235.03125,2602.0
1785146979.4145117,15,236.640625,2565.75
1785146979.4145117,9,238.28125,2544.0
1785146979.4145117,15,239.921875,2528.0
1785146979.4145117,15,241.578125,2503.25
1785146979.4145117,7,243.234375,2479.75
1785146979.4145117,11,244.859375,2455.25
1785146979.4145117,9,246.484375,2446.25
1785146979.4145117,11,248.140625,2449.0
1785146979.4145117,11,249.796875,2442.25
1785146979.4145117,13,251.484375,2441.75
1785146979.4145117,12,253.09375,2442.0
1785146979.4145117,11,254.734375,2443.0
1785146979.4145117,10,256.40625,2442.75
1785146979.4145117,10,258.03125,2440.75
1785146979.4145117,10,259.6875,2441.25
1785146979.4145117,10,261.328125,2441.25
1785146979.4145117,9,262.96875,2441.0
1785146979.4145117,8,264.59375,2448.75
1785146979.4145117,8,266.234375,2458.5
1785146979.4145117,15,267.890625,2467.75
1785146979.4145117,15,269.484375,2485.0
1785146979.4145117,15,271.140625,2485.0
1785146979.4145117,13,272.765625,2499.5
1785146979.4145117,15,274.390625,2529.0
1785146979.4145117,9,275.984375,2534.75
1785146979.4145117,7,277.625,2545.5
1785146979.4145117,5,279.21875,2562.75
1785146979.4145117,14,280.84375,2585.0
1785146979.4145117,13,282.5,2615.0
1785146979.4145117,9,284.109375,2645.0
1785146979.4145117,15,285.765625,2672.25
1785146979.4145117,14,287.375,2700.75
1785146979.4145117,7,289.0,2742.0
1785146979.4145117,14,290.640625,2791.25
1785146979.4145117,13,292.25,2843.75
1785146979.4145117,6,293.875,2892.25
1785146979.4145117,11,295.5,2939.75
1785146979.4145117,8,297.125,3007.25
1785146979.4145117,15,298.84375,3084.5
1785146979.4145117,9,300.46875,3146.0
1785146979.4145117,12,302.09375,3199.75
1785146979.4145117,15,303.75,3244.25
1785146979.4145117,9,310.21875,3647.5
1785146979.4145117,15,328.484375,2827.0
1785146979.4145117,15,339.9375,3071.5
1785146979.4145117,15,341.609375,3028.0
1785146979.4145117,15,343.25,2993.5
1785146979.4145117,15,344.875,2988.0
1785146979.4145117,15,346.546875,3006.5
1785146979.4145117,15,348.203125,2974.5
1785146979.5287786,15,356.109375,7054.25
1785146979.5287786,15,357.765625,6996.0
1785146979.5287786,15,359.40625,6953.25
1785146979.5287786,15,1.046875,6956.25
1785146979.5287786,15,4.296875,8838.75
1785146979.5287786,7,5.9375,8838.75
1785146979.5287786,15,9.890625,1784.0
1785146979.5287786,15,17.671875,2686.5
1785146979.5287786,15,19.34375,2734.75
1785146979.5287786,15,47.59375,106.5
1785146979.5287786,15,190.328125,1153.25
1785146979.5287786,15,192.015625,1137.75
1785146979.5287786,15,193.59375,1140.75
1785146979.5287786,15,195.328125,1150.5
1785146979.5287786,15,198.53125,1156.0
1785146979.5287786,15,200.1875,1166.5
1785146979.5287786,15,201.8125,1180.25
1785146979.5287786,15,203.421875,1206.75
1785146979.5287786,15,204.984375,1240.25
1785146979.5287786,15,215.75,3208.25
1785146979.5287786,15,217.390625,3152.25
1785146979.5287786,8,219.046875,3084.25
1785146979.5287786,15,220.703125,3014.0
1785146979.5287786,12,222.34375,2943.25
1785146979.5287786,15,223.984375,2868.75
1785146979.5287786,14,225.625,2797.5
1785146979.5287786,15,227.328125,2740.75
1785146979.5287786,13,228.984375,2690.5
1785146979.5287786,15,230.625,2642.75
1785146979.5287786,15,232.28125,2596.75
1785146979.5287786,11,233.953125,2562.5
1785146979.5287786,12,235.59375,2552.25
1785146979.5287786,14,237.203125,2541.0
1785146979.5287786,15,238.859375,2512.25
1785146979.5287786,10,240.515625,2473.25
1785146979.5287786,12,242.15625,2450.5
1785146979.5287786,14,243.8125,2449.5
1785146979.5287786,11,245.421875,2449.75
1785146979.5287786,15,247.109375,2439.75
1785146979.5287786,15,248.703125,2435.25
1785146979.5287786,15,250.375,2418.5
1785146979.5287786,15,251.984375,2410.0
1785146979.5287786,15,253.609375,2415.5
1785146979.5287786,15,255.265625,2417.0
1785146979.5287786,15,256.90625,2425.0
1785146979.5287786,15,258.53125,2427.25
1785146979.5287786,15,260.203125,2429.5
1785146979.5287786,15,261.828125,2433.25
1785146979.5287786,15,263.4375,2429.0
1785146979.5287786,15,265.09375,2431.75
1785146979.5287786,10,266.734375,2438.75
1785146979.5287786,10,268.359375,2441.0
1785146979.5287786,8,270.0,2451.5
1785146979.5287786,8,271.625,2461.0
1785146979.5287786,15,273.28125,2489.25
1785146979.5287786,12,274.859375,2518.0
1785146979.5287786,7,276.46875,2535.5
1785146979.5287786,6,278.125,2548.75
1785146979.5287786,15,279.703125,2571.0
1785146979.5287786,10,281.328125,2605.0
1785146979.5287786,8,283.0,2633.5
1785146979.5287786,15,284.59375,2668.5
1785146979.5287786,12,286.25,2696.0
1785146979.5287786,8,287.859375,2728.75
1785146979.5287786,14,289.484375,2775.25
1785146979.5287786,15,291.09375,2827.25
1785146979.5287786,5,292.734375,2879.25
1785146979.5287786,15,294.359375,2929.5
1785146979.5287786,7,295.984375,2999.5
1785146979.5287786,13,297.59375,3082.25
1785146979.5287786,6,299.328125,3157.5
1785146979.5287786,8,300.984375,3204.0
1785146979.5287786,8,309.125,3664.25
1785146979.5287786,15,327.375,2857.5
1785146979.5287786,15,329.015625,2849.0
1785146979.5287786,15,340.5,3061.0
1785146979.5287786,15,342.140625,3030.75
1785146979.5287786,15,343.796875,2998.75
1785146979.5287786,15,345.4375,3008.75
1785146979.5287786,15,347.046875,3018.0
1785146979.5287786,15,348.703125,2963.75
1785146979.7529156,15,355.71875,6959.25
1785146979.7529156,15,357.375,7033.0
1785146979.7529156,15,359.015625,6952.25
1785146979.7529156,15,0.65625,6895.75
1785146979.7529156,15,2.296875,6877.5
1785146979.7529156,15,9.5,1780.0
1785146979.7529156,15,18.984375,2698.25
1785146979.7529156,15,20.625,2706.25
1785146979.7529156,15,47.171875,106.75
1785146979.7529156,14,50.546875,100.75
1785146979.7529156,15,191.859375,1175.75
1785146979.7529156,15,193.53125,1157.5
1785146979.7529156,15,195.171875,1145.75
1785146979.7529156,15,196.828125,1146.75
1785146979.7529156,15,198.5,1152.25
1785146979.7529156,15,200.140625,1152.75
1785146979.7529156,15,201.671875,1157.5
1785146979.7529156,15,203.34375,1168.75
1785146979.7529156,15,204.9375,1183.75
1785146979.7529156,15,214.015625,3338.75
1785146979.7529156,15,217.3125,3156.5
1785146979.7529156,15,218.984375,3110.0
1785146979.7529156,10,220.609375,3066.0
1785146979.7529156,15,222.265625,3016.0
1785146979.7529156,10,223.890625,2956.25
1785146979.7529156,13,225.578125,2898.0
1785146979.7529156,15,227.1875,2841.25
1785146979.7529156,13,228.828125,2780.0
1785146979.7529156,15,230.484375,2732.25
1785146979.7529156,10,232.09375,2693.0
1785146979.7529156,13,233.765625,2662.5
1785146979.7529156,11,235.375,2641.5
1785146979.7529156,15,237.046875,2610.75
1785146979.7529156,14,238.6875,2574.75
1785146979.7529156,14,240.296875,2549.0
1785146979.7529156,15,241.953125,2528.5
1785146979.7529156,15,243.609375,2504.25
1785146979.7529156,11,245.25,2476.0
1785146979.7529156,13,246.875,2455.0
1785146979.7529156,12,248.515625,2450.0
1785146979.7529156,13,250.15625,2448.5
1785146979.7529156,13,251.765625,2442.0
1785146979.7529156,13,253.4375,2439.75
1785146979.7529156,15,255.078125,2436.75
1785146979.7529156,15,256.6875,2441.0
1785146979.7529156,15,258.328125,2441.25
1785146979.7529156,11,259.96875,2442.25
1785146979.7529156,15,261.59375,2440.0
1785146979.7529156,15,263.21875,2428.25
1785146979.7529156,9,264.859375,2432.75
1785146979.7529156,8,266.53125,2435.75
1785146979.7529156,10,268.125,2443.0
1785146979.7529156,9,269.78125,2449.5
1785146979.7529156,15,271.421875,2466.25
1785146979.7529156,15,273.03125,2490.25
1785146979.7529156,14,274.6875,2508.0
1785146979.7529156,7,276.328125,2537.75
1785146979.7529156,7,277.953125,2553.5
1785146979.7529156,14,279.59375,2578.75
1785146979.7529156,11,281.234375,2611.0
1785146979.7529156,9,282.84375,2634.25
1785146979.7529156,14,284.5,2668.0
1785146979.7529156,15,286.109375,2695.0
1785146979.7529156,11,287.765625,2725.5
1785146979.7529156,8,289.375,2758.0
1785146979.7529156,11,291.03125,2793.5
1785146979.7529156,13,292.625,2837.0
1785146979.7529156,15,294.28125,2886.25
1785146979.7529156,14,295.890625,2951.25
1785146979.7529156,8,297.515625,3016.0
1785146979.7529156,15,299.296875,3087.25
1785146979.7529156,7,300.921875,3167.5
1785146979.7529156,11,302.546875,3232.5
1785146979.7529156,10,305.859375,3303.0
1785146979.7529156,13,325.625,2927.75
1785146979.7529156,15,327.25,2898.75
1785146979.7529156,15,328.9375,2867.5
1785146979.7529156,15,340.375,3111.75
1785146979.7529156,15,342.03125,3073.5
1785146979.7529156,15,343.703125,3033.5
1785146979.7529156,15,345.328125,2994.25
1785146979.7529156,15,346.96875,3011.75
1785146979.7529156,15,348.625,3002.75
1785146979.7529156,15,350.25,2963.25
1785146979.86466,15,356.546875,7087.0
1785146979.86466,15,359.84375,6988.25
1785146979.86466,15,1.5,6933.0
1785146979.86466,11,4.75,8840.75
1785146979.86466,8,6.375,8829.25
1785146979.86466,15,10.3125,1780.0
1785146979.86466,15,13.484375,2010.75
1785146979.86466,15,18.203125,2679.5
1785146979.86466,15,19.859375,2718.0
1785146979.86466,15,46.1875,108.0
1785146979.86466,15,48.453125,105.75
1785146979.86466,15,194.25,1167.25
1785146979.86466,15,195.875,1155.25
1785146979.86466,15,197.53125,1151.25
1785146979.86466,15,199.171875,1150.25
1785146979.86466,15,200.859375,1149.75
1785146979.86466,15,202.390625,1155.75
1785146979.86466,15,205.6875,1177.25
1785146979.86466,15,207.359375,1202.75
1785146979.86466,15,214.796875,3183.25
1785146979.86466,15,218.125,3024.0
1785146979.86466,8,219.765625,2960.75
1785146979.86466,10,221.40625,2901.25
1785146979.86466,15,224.703125,2764.0
1785146979.86466,11,226.359375,2712.5
1785146979.86466,11,227.96875,2666.25
1785146979.86466,15,229.59375,2630.0
1785146979.86466,10,231.28125,2591.25
1785146979.86466,15,232.90625,2541.0
1785146979.86466,15,234.5625,2511.5
1785146979.86466,15,236.1875,2503.0
1785146979.86466,13,237.859375,2481.75
1785146979.86466,11,239.46875,2461.75
1785146979.86466,10,241.109375,2449.25
1785146979.86466,15,242.75,2434.0
1785146979.86466,7,244.421875,2405.0
1785146979.86466,9,246.0625,2374.75
1785146979.86466,11,247.703125,2360.75
1785146979.86466,9,249.34375,2351.75
1785146979.86466,9,250.953125,2343.25
1785146979.86466,7,252.578125,2339.5
1785146979.86466,9,254.234375,2338.5
1785146979.86466,9,255.859375,2340.0
1785146979.86466,9,257.484375,2343.0
1785146979.86466,8,259.125,2356.25
1785146979.86466,8,260.796875,2361.25
1785146979.86466,7,262.421875,2360.0
1785146979.86466,15,264.046875,2377.5
1785146979.86466,15,265.6875,2396.5
1785146979.86466,15,267.296875,2413.5
1785146979.86466,15,268.9375,2430.0
1785146979.86466,8,270.578125,2442.25
1785146979.86466,8,272.203125,2449.75
1785146979.86466,7,273.828125,2452.75
1785146979.86466,15,275.4375,2474.75
1785146979.86466,13,277.078125,2504.25
1785146979.86466,7,278.6875,2530.5
1785146979.86466,15,280.3125,2560.25
1785146979.86466,15,281.96875,2585.75
1785146979.86466,15,283.578125,2613.75
1785146979.86466,9,285.203125,2645.75
1785146979.86466,15,286.828125,2686.5
1785146979.86466,11,288.453125,2723.25
1785146979.86466,11,290.078125,2762.0
1785146979.86466,12,291.734375,2810.75
1785146979.86466,8,293.34375,2856.75
1785146979.86466,15,294.953125,2922.0
1785146979.86466,9,296.578125,2982.75
1785146979.86466,9,298.203125,3042.5
1785146979.86466,10,299.953125,3117.5
1785146979.86466,14,301.5625,3201.75
1785146979.86466,8,308.125,3535.75
1785146979.86466,15,327.953125,2903.5
1785146979.86466,15,329.578125,2885.25
1785146979.86466,15,341.046875,3099.75
1785146979.86466,15,342.71875,3071.75
1785146979.86466,15,344.375,3035.0
1785146979.86466,15,346.0,3019.25
1785146979.86466,15,347.625,3020.25
1785146979.86466,15,349.265625,2980.75
1785146979.978535,15,355.5625,7129.5
1785146979.978535,15,357.203125,7093.25
1785146979.978535,15,0.5,6984.5
1785146979.978535,15,9.34375,1784.25
1785146979.978535,15,18.859375,2694.5
1785146979.978535,15,20.515625,2714.25
1785146979.978535,15,47.6875,107.0
1785146979.978535,15,51.328125,101.25
1785146979.978535,15,193.34375,1202.5
1785146979.978535,15,195.03125,1176.75
1785146979.978535,15,196.609375,1165.0
1785146979.978535,15,198.28125,1157.25
1785146979.978535,15,199.953125,1155.25
1785146979.978535,15,201.59375,1153.5
1785146979.978535,15,203.140625,1161.75
1785146979.978535,15,208.078125,1186.25
1785146979.978535,9,217.140625,3073.25
1785146979.978535,15,218.796875,2996.5
1785146979.978535,11,220.453125,2920.75
1785146979.978535,15,222.09375,2856.5
1785146979.978535,10,223.75,2791.75
1785146979.978535,15,225.390625,2734.75
1785146979.978535,12,226.984375,2688.0
1785146979.978535,14,228.640625,2649.5
1785146979.978535,15,230.3125,2621.0
1785146979.978535,13,231.953125,2582.0
1785146979.978535,15,233.59375,2532.5
1785146979.978535,15,235.21875,2499.5
1785146979.978535,15,236.859375,2487.5
1785146979.978535,15,238.515625,2469.75
1785146979.978535,13,240.140625,2450.5
1785146979.978535,15,241.78125,2437.25
1785146979.978535,15,243.421875,2421.0
1785146979.978535,7,245.078125,2394.5
1785146979.978535,8,246.734375,2365.5
1785146979.978535,9,248.34375,2345.5
1785146979.978535,9,250.015625,2337.25
1785146979.978535,10,251.625,2331.5
1785146979.978535,12,253.28125,2325.75
1785146979.978535,8,254.9375,2322.5
1785146979.978535,10,256.578125,2321.75
1785146979.978535,11,258.203125,2324.5
1785146979.978535,9,259.8125,2329.25
1785146979.978535,11,261.453125,2332.75
1785146979.978535,7,263.109375,2339.0
1785146979.978535,7,264.734375,2349.0
1785146979.978535,5,266.375,2360.0
1785146979.978535,6,267.984375,2374.25
1785146979.978535,15,269.65625,2396.25
1785146979.978535,15,271.265625,2418.5
1785146979.978535,15,272.875,2428.25
1785146979.978535,7,274.546875,2434.5
1785146979.978535,15,276.15625,2454.5
1785146979.978535,15,277.765625,2480.75
1785146979.978535,15,279.390625,2508.0
1785146979.978535,8,281.046875,2538.0
1785146979.978535,15,282.640625,2566.25
1785146979.978535,14,284.265625,2596.5
1785146979.978535,8,285.890625,2632.5
1785146979.978535,15,287.53125,2682.25
1785146979.978535,9,289.1875,2727.0
1785146979.978535,13,290.8125,2764.25
1785146979.978535,12,292.421875,2806.75
1785146979.978535,4,294.03125,2860.5
1785146979.978535,14,295.65625,2934.5
1785146979.978535,10,297.3125,2992.25
1785146979.978535,15,299.0,3053.5
1785146979.978535,8,300.609375,3125.75
1785146979.978535,14,303.890625,3285.25
1785146979.978535,15,307.140625,3479.75
1785146979.978535,10,308.796875,3556.25
1785146979.978535,15,328.578125,2919.75
1785146979.978535,15,330.21875,2901.25
1785146979.978535,15,341.6875,3113.0
1785146979.978535,15,343.34375,3072.75
1785146979.978535,15,344.953125,3034.25
1785146979.978535,15,346.609375,3029.5
1785146979.978535,15,348.265625,3041.5
1785146979.978535,15,349.90625,3000.0
1785146980.2016473,15,356.75,7132.75
1785146980.2016473,15,358.40625,7076.25
1785146980.2016473,15,0.046875,6994.25
1785146980.2016473,15,8.859375,1792.0
1785146980.2016473,15,10.5,1792.25
1785146980.2016473,15,13.578125,2009.5
1785146980.2016473,15,16.734375,2441.75
1785146980.2016473,15,19.953125,2698.0
1785146980.2016473,15,24.875,2677.5
1785146980.2016473,15,46.046875,108.25
1785146980.2016473,15,48.046875,105.75
1785146980.2016473,15,197.484375,1186.5
1785146980.2016473,15,199.0625,1173.0
1785146980.2016473,15,200.71875,1167.75
1785146980.2016473,15,202.34375,1162.75
1785146980.2016473,15,204.0,1157.0
1785146980.2016473,8,207.171875,1166.0
1785146980.2016473,15,208.78125,1187.75
1785146980.2016473,15,210.46875,1205.25
1785146980.2016473,15,219.578125,2898.5
1785146980.2016473,10,221.234375,2829.0
1785146980.2016473,15,222.84375,2767.5
1785146980.2016473,15,224.53125,2726.25
1785146980.2016473,13,226.140625,2678.0
1785146980.2016473,15,227.8125,2628.25
1785146980.2016473,11,229.453125,2587.75
1785146980.2016473,15,231.09375,2554.5
1785146980.2016473,15,232.71875,2531.75
1785146980.2016473,15,234.375,2505.25
1785146980.2016473,10,236.015625,2472.0
1785146980.2016473,11,237.671875,2453.25
1785146980.2016473,15,239.296875,2446.5
1785146980.2016473,15,240.921875,2427.5
1785146980.2016473,12,242.578125,2398.25
1785146980.2016473,8,244.21875,2380.75
1785146980.2016473,8,245.828125,2366.75
1785146980.2016473,9,247.515625,2347.5
1785146980.2016473,10,249.15625,2336.0
1785146980.2016473,14,250.75,2330.0
1785146980.2016473,11,252.40625,2327.5
1785146980.2016473,13,254.0625,2325.5
1785146980.2016473,10,255.65625,2324.75
1785146980.2016473,10,257.328125,2331.5
1785146980.2016473,11,258.921875,2340.5
1785146980.2016473,10,260.59375,2351.0
1785146980.2016473,8,262.1875,2357.5
1785146980.2016473,8,263.84375,2365.5
1785146980.2016473,6,265.46875,2377.75
1785146980.2016473,15,267.109375,2393.75
1785146980.2016473,15,268.71875,2416.75
1785146980.2016473,11,270.359375,2433.75
1785146980.2016473,10,272.015625,2440.5
1785146980.2016473,8,273.640625,2451.25
1785146980.2016473,8,275.234375,2461.75
1785146980.2016473,15,276.84375,2486.5
1785146980.2016473,13,278.484375,2528.5
1785146980.2016473,9,280.09375,2546.25
1785146980.2016473,15,281.703125,2562.25
1785146980.2016473,10,283.34375,2594.5
1785146980.2016473,14,284.96875,2621.5
1785146980.2016473,15,286.578125,2654.0
1785146980.2016473,15,288.25,2689.25
1785146980.2016473,11,289.859375,2722.25
1785146980.2016473,14,291.484375,2767.0
1785146980.2016473,10,293.109375,2811.5
1785146980.2016473,6,294.71875,2866.0
1785146980.2016473,13,296.328125,2934.0
1785146980.2016473,11,297.953125,2992.25
1785146980.2016473,12,301.3125,3154.25
1785146980.2016473,10,302.96875,3229.25
1785146980.2016473,15,309.484375,3613.0
1785146980.2016473,15,329.3125,2959.25
1785146980.2016473,15,340.796875,3154.75
1785146980.2016473,15,342.4375,3129.0
1785146980.2016473,15,344.09375,3087.75
1785146980.2016473,15,345.75,3044.0
1785146980.2016473,15,347.328125,3046.25
1785146980.2016473,15,348.984375,3059.5
1785146980.3157623,15,350.640625,3016.25
1785146980.3157623,15,356.921875,7129.5
1785146980.3157623,15,358.546875,7074.75
1785146980.3157623,15,9.015625,1790.0
1785146980.3157623,15,13.734375,2003.5
1785146980.3157623,11,16.890625,2440.25
1785146980.3157623,15,20.09375,2703.0
1785146980.3157623,15,25.015625,2674.5
1785146980.3157623,15,46.578125,107.75
1785146980.3157623,15,47.640625,105.5
1785146980.3157623,15,199.09375,1189.0
1785146980.3157623,15,200.6875,1177.25
1785146980.3157623,15,202.390625,1169.0
1785146980.3157623,15,203.953125,1165.0
1785146980.3157623,15,205.640625,1163.25
1785146980.3157623,10,207.1875,1176.75
1785146980.3157623,11,208.828125,1194.5
1785146980.3157623,11,210.4375,1200.0
1785146980.3157623,15,212.0625,1213.0
1785146980.3157623,15,221.203125,2882.0
1785146980.3157623,9,222.84375,2818.5
1785146980.3157623,15,224.515625,2761.25
1785146980.3157623,15,226.15625,2724.0
1785146980.3157623,15,227.796875,2680.5
1785146980.3157623,15,229.40625,2636.5
1785146980.3157623,12,231.078125,2600.25
1785146980.3157623,14,232.703125,2565.0
1785146980.3157623,15,234.359375,2540.0
1785146980.3157623,15,236.015625,2517.25
1785146980.3157623,10,237.65625,2489.75
1785146980.3157623,11,239.265625,2477.0
1785146980.3157623,15,240.890625,2468.75
1785146980.3157623,15,242.53125,2447.0
1785146980.3157623,15,244.1875,2431.75
1785146980.3157623,15,245.828125,2415.0
1785146980.3157623,7,247.484375,2393.75
1785146980.3157623,10,249.09375,2377.75
1785146980.3157623,10,250.75,2357.75
1785146980.3157623,10,252.40625,2339.25
1785146980.3157623,8,254.046875,2337.5
1785146980.3157623,9,255.671875,2337.0
1785146980.3157623,14,257.296875,2332.5
1785146980.3157623,8,258.9375,2340.5
1785146980.3157623,8,260.5625,2352.0
1785146980.3157623,8,262.21875,2358.25
1785146980.3157623,7,263.859375,2366.0
1785146980.3157623,6,265.484375,2377.75
1785146980.3157623,15,267.09375,2393.25
1785146980.3157623,15,268.734375,2415.5
1785146980.3157623,15,270.375,2432.0
1785146980.3157623,10,272.0,2439.25
1785146980.3157623,6,273.625,2449.75
1785146980.3157623,8,275.25,2461.75
1785146980.3157623,15,276.84375,2486.5
1785146980.3157623,10,278.46875,2515.75
1785146980.3157623,13,280.125,2532.25
1785146980.3157623,15,281.71875,2560.0
1785146980.3157623,13,283.375,2596.75
1785146980.3157623,7,285.0,2637.0
1785146980.3157623,13,286.609375,2679.75
1785146980.3157623,9,288.25,2716.0
1785146980.3157623,13,289.875,2761.0
1785146980.3157623,12,291.5,2821.25
1785146980.3157623,9,293.09375,2885.25
1785146980.3157623,14,294.71875,2942.75
1785146980.3157623,13,296.359375,2986.5
1785146980.3157623,13,297.984375,3043.0
1785146980.3157623,15,299.703125,3122.75
1785146980.3157623,15,301.328125,3205.75
1785146980.3157623,14,309.484375,3648.0
1785146980.3157623,15,329.359375,2960.5
1785146980.3157623,15,330.984375,2934.25
1785146980.3157623,15,342.4375,3144.25
1785146980.3157623,15,344.109375,3092.5
1785146980.3157623,15,345.765625,3048.5
1785146980.3157623,15,347.375,3048.5
1785146980.3157623,15,349.03125,3061.75
1785146980.4276469,15,350.671875,3017.25
1785146980.4276469,15,358.59375,7091.0
1785146980.4276469,15,0.234375,7018.25
1785146980.4276469,15,9.0625,1783.75
1785146980.4276469,15,12.203125,1983.25
1785146980.4276469,15,16.984375,2429.25
1785146980.4276469,15,20.1875,2700.5
1785146980.4276469,15,25.09375,2652.5
1785146980.4276469,15,45.734375,107.5
1785146980.4276469,15,200.84375,1188.75
1785146980.4276469,15,202.515625,1180.75
1785146980.4276469,15,204.171875,1175.5
1785146980.4276469,15,205.796875,1175.25
1785146980.4276469,15,207.421875,1177.0
1785146980.4276469,15,209.078125,1185.0
1785146980.4276469,15,210.734375,1198.5
1785146980.4276469,15,212.296875,1206.25
1785146980.4276469,15,213.921875,1224.75
1785146980.4276469,15,223.125,2845.0
1785146980.4276469,14,224.734375,2778.25
1785146980.4276469,15,226.390625,2731.75
1785146980.4276469,13,228.046875,2696.25
1785146980.4276469,15,229.703125,2645.0
1785146980.4276469,8,231.359375,2596.0
1785146980.4276469,11,232.984375,2568.5
1785146980.4276469,13,234.640625,2552.5
1785146980.4276469,15,236.28125,2519.5
1785146980.4276469,10,237.9375,2483.5
1785146980.4276469,10,239.546875,2465.5
1785146980.4276469,15,241.203125,2453.5
1785146980.4276469,15,242.828125,2445.0
1785146980.4276469,15,244.46875,2431.0
1785146980.4276469,15,246.140625,2410.5
1785146980.4276469,15,247.75,2399.0
1785146980.4276469,9,249.390625,2372.25
1785146980.4276469,11,251.03125,2346.25
1785146980.4276469,9,252.671875,2341.0
1785146980.4276469,11,254.296875,2338.25
1785146980.4276469,15,255.96875,2335.25
1785146980.4276469,12,257.59375,2338.25
1785146980.4276469,10,259.234375,2351.25
1785146980.4276469,8,260.859375,2359.0
1785146980.4276469,9,262.5,2369.5
1785146980.4276469,9,264.109375,2374.0
1785146980.4276469,15,265.75,2383.5
1785146980.4276469,15,267.421875,2397.0
1785146980.4276469,15,269.046875,2402.75
1785146980.4276469,15,270.6875,2418.5
1785146980.4276469,13,272.3125,2436.5
1785146980.4276469,9,273.921875,2446.75
1785146980.4276469,15,275.515625,2458.25
1785146980.4276469,15,277.15625,2489.75
1785146980.4276469,13,278.78125,2514.75
1785146980.4276469,5,280.421875,2529.75
1785146980.4276469,15,282.0625,2555.75
1785146980.4276469,11,283.65625,2601.25
1785146980.4276469,8,285.296875,2645.5
1785146980.4276469,15,286.9375,2674.25
1785146980.4276469,10,288.546875,2701.25
1785146980.4276469,12,290.140625,2751.0
1785146980.4276469,12,291.796875,2809.75
1785146980.4276469,9,293.421875,2856.25
1785146980.4276469,13,295.046875,2920.75
1785146980.4276469,15,296.65625,2980.25
1785146980.4276469,7,298.296875,3028.0
1785146980.4276469,12,300.0,3091.0
1785146980.4276469,13,301.65625,3163.25
1785146980.4276469,13,308.15625,3466.75
1785146980.4276469,15,329.625,2974.25
1785146980.4276469,15,331.265625,2944.5
1785146980.4276469,15,342.75,3160.75
1785146980.4276469,15,344.359375,3116.75
1785146980.4276469,15,346.046875,3068.5
1785146980.4276469,15,347.640625,3061.75
1785146980.4276469,15,349.296875,3072.25
1785146980.5390391,15,350.953125,3028.5
1785146980.5390391,15,358.859375,6948.0
1785146980.5390391,15,0.5,7011.0
1785146980.5390391,15,9.328125,1779.25
1785146980.5390391,15,12.484375,1986.25
1785146980.5390391,15,18.84375,2667.25
1785146980.5390391,15,20.46875,2701.5
1785146980.5390391,15,25.359375,2658.0
1785146980.5390391,15,46.140625,107.0
1785146980.5390391,15,51.359375,101.25
1785146980.5390391,11,193.71875,5013.0
1785146980.5390391,15,201.15625,1217.75
1785146980.5390391,15,202.828125,1202.0
1785146980.5390391,15,204.5,1189.75
1785146980.5390391,15,206.15625,1174.5
1785146980.5390391,12,209.4375,1182.75
1785146980.5390391,15,211.046875,1196.25
1785146980.5390391,15,212.6875,1205.5
1785146980.5390391,15,214.328125,1222.75
1785146980.5390391,9,221.78125,2955.5
1785146980.5390391,11,223.421875,2890.75
1785146980.5390391,10,225.078125,2825.5
1785146980.5390391,14,226.765625,2769.5
1785146980.5390391,15,228.375,2733.25
1785146980.5390391,11,230.03125,2682.0
1785146980.5390391,15,231.703125,2648.0
1785146980.5390391,15,233.34375,2619.5
1785146980.5390391,14,234.984375,2568.5
1785146980.5390391,15,236.609375,2520.0
1785146980.5390391,15,238.25,2499.0
1785146980.5390391,11,239.90625,2485.25
1785146980.5390391,13,241.5625,2459.25
1785146980.5390391,11,243.203125,2444.5
1785146980.5390391,15,244.84375,2436.75
1785146980.5390391,15,246.484375,2417.0
1785146980.5390391,15,248.125,2397.75
1785146980.5390391,8,249.78125,2383.75
1785146980.5390391,10,251.375,2369.0
1785146980.5390391,11,253.0,2357.25
1785146980.5390391,9,254.671875,2346.75
1785146980.5390391,10,256.28125,2340.5
1785146980.5390391,10,257.921875,2348.25
1785146980.5390391,8,259.578125,2370.25
1785146980.5390391,15,261.203125,2387.0
1785146980.5390391,15,262.84375,2402.0
1785146980.5390391,15,264.46875,2417.25
1785146980.5390391,15,266.078125,2427.0
1785146980.5390391,15,267.734375,2428.25
1785146980.5390391,15,269.375,2423.5
1785146980.5390391,8,271.015625,2426.75
1785146980.5390391,8,272.640625,2435.75
1785146980.5390391,9,274.296875,2449.5
1785146980.5390391,15,275.859375,2473.0
1785146980.5390391,15,277.53125,2490.5
1785146980.5390391,7,279.140625,2519.75
1785146980.5390391,10,280.78125,2551.25
1785146980.5390391,15,282.40625,2569.75
1785146980.5390391,11,284.03125,2596.0
1785146980.5390391,9,285.640625,2634.0
1785146980.5390391,15,287.265625,2666.75
1785146980.5390391,11,288.90625,2690.75
1785146980.5390391,11,290.515625,2728.25
1785146980.5390391,15,292.171875,2779.5
1785146980.5390391,10,293.765625,2828.75
1785146980.5390391,15,295.390625,2883.5
1785146980.5390391,14,297.015625,2952.5
1785146980.5390391,6,298.765625,3024.0
1785146980.5390391,11,300.40625,3091.75
1785146980.5390391,9,302.03125,3158.25
1785146980.5390391,15,308.5625,3476.0
1785146980.5390391,15,329.96875,2977.5
1785146980.5390391,15,331.59375,2968.5
1785146980.5390391,15,343.046875,3171.0
1785146980.5390391,15,344.703125,3130.75
1785146980.5390391,15,346.328125,3087.75
1785146980.5390391,15,348.046875,3073.75
1785146980.5390391,15,349.65625,3079.0
1785146980.7638848,15,351.765625,3034.5
1785146980.7638848,15,359.71875,6997.75
1785146980.7638848,15,1.359375,7071.25
1785146980.7638848,15,10.125,1793.0
1785146980.7638848,15,19.71875,2656.75
1785146980.7638848,15,21.375,2682.0
1785146980.7638848,15,46.28125,108.75
1785146980.7638848,15,47.1875,106.0
1785146980.7638848,15,157.390625,2325.0
1785146980.7638848,12,205.359375,1225.75
1785146980.7638848,15,207.0625,1221.0
1785146980.7638848,15,208.78125,1195.75
1785146980.7638848,15,210.375,1188.5
1785146980.7638848,15,212.0,1194.0
1785146980.7638848,15,213.671875,1199.25
1785146980.7638848,15,215.296875,1207.5
1785146980.7638848,15,216.90625,1224.0
1785146980.7638848,15,224.40625,2761.25
1785146980.7638848,10,226.03125,2721.75
1785146980.7638848,15,227.65625,2678.25
1785146980.7638848,15,229.3125,2647.0
1785146980.7638848,15,230.953125,2616.75
1785146980.7638848,11,232.59375,2578.0
1785146980.7638848,15,234.25,2545.25
1785146980.7638848,15,235.859375,2514.25
1785146980.7638848,15,237.515625,2485.25
1785146980.7638848,11,239.140625,2457.5
1785146980.7638848,13,240.78125,2446.0
1785146980.7638848,13,242.421875,2439.75
1785146980.7638848,15,244.078125,2430.0
1785146980.7638848,8,245.71875,2412.0
1785146980.7638848,10,247.359375,2380.5
1785146980.7638848,9,249.0,2356.75
1785146980.7638848,15,250.671875,2343.25
1785146980.7638848,15,252.3125,2331.0
1785146980.7638848,15,253.953125,2318.0
1785146980.7638848,15,255.578125,2313.0
1785146980.7638848,15,257.21875,2322.5
1785146980.7638848,10,258.84375,2326.0
1785146980.7638848,15,260.484375,2324.25
1785146980.7638848,11,262.140625,2341.25
1785146980.7638848,9,263.75,2362.5
1785146980.7638848,11,265.375,2374.5
1785146980.7638848,7,267.015625,2378.25
1785146980.7638848,15,268.671875,2389.0
1785146980.7638848,15,270.28125,2406.0
1785146980.7638848,15,271.9375,2416.0
1785146980.7638848,9,273.546875,2426.75
1785146980.7638848,7,275.1875,2439.25
1785146980.7638848,7,276.828125,2448.25
1785146980.7638848,15,278.453125,2467.25
1785146980.7638848,15,280.09375,2496.25
1785146980.7638848,7,281.734375,2524.25
1785146980.7638848,7,283.34375,2548.75
1785146980.7638848,13,284.96875,2576.75
1785146980.7638848,7,286.578125,2619.0
1785146980.7638848,15,288.234375,2662.5
1785146980.7638848,14,289.875,2696.5
1785146980.7638848,10,291.46875,2750.25
1785146980.7638848,13,293.109375,2807.5
1785146980.7638848,4,294.71875,2859.75
1785146980.7638848,15,296.34375,2926.5
1785146980.7638848,11,297.984375,2982.0
1785146980.7638848,12,299.703125,3043.25
1785146980.7638848,9,301.328125,3111.25
1785146980.7638848,7,309.484375,3515.0
1785146980.7638848,15,330.953125,3016.75
1785146980.7638848,15,344.046875,3179.0
1785146980.7638848,15,345.6875,3141.75
1785146980.7638848,15,347.34375,3093.75
1785146980.7638848,15,349.0,3064.0
1785146980.8754065,15,350.640625,3021.75
1785146980.8754065,15,352.28125,3003.0
1785146980.8754065,15,0.21875,6935.5
1785146980.8754065,15,1.859375,7024.5
1785146980.8754065,15,9.03125,1782.25
1785146980.8754065,15,12.203125,1987.75
1785146980.8754065,15,20.21875,2653.75
1785146980.8754065,15,25.140625,2648.0
1785146980.8754065,15,46.765625,107.5
1785146980.8754065,15,157.859375,2276.0
1785146980.8754065,8,163.9375,11489.75
1785146980.8754065,12,207.609375,1226.75
1785146980.8754065,15,210.875,1197.0
1785146980.8754065,15,212.578125,1197.0
1785146980.8754065,15,214.171875,1203.25
1785146980.8754065,15,215.75,1212.25
1785146980.8754065,15,217.4375,1225.75
1785146980.8754065,15,218.984375,1249.25
1785146980.8754065,14,228.203125,2669.5
1785146980.8754065,15,229.859375,2641.0
1785146980.8754065,15,231.5,2617.0
1785146980.8754065,11,233.140625,2573.75
1785146980.8754065,12,234.78125,2540.5
1785146980.8754065,15,236.421875,2518.5
1785146980.8754065,12,238.0625,2486.75
1785146980.8754065,11,239.6875,2466.25
1785146980.8754065,13,241.34375,2453.75
1785146980.8754065,14,242.96875,2443.0
1785146980.8754065,15,244.59375,2434.5
1785146980.8754065,15,246.234375,2424.25
1785146980.8754065,15,247.890625,2407.75
1785146980.8754065,7,249.53125,2390.25
1785146980.8754065,14,251.21875,2371.0
1785146980.8754065,12,252.859375,2353.0
1785146980.8754065,15,254.5,2341.0
1785146980.8754065,13,256.125,2334.25
1785146980.8754065,10,257.765625,2331.75
1785146980.8754065,10,259.4375,2329.5
1785146980.8754065,10,261.078125,2337.0
1785146980.8754065,11,262.671875,2353.5
1785146980.8754065,7,264.34375,2374.0
1785146980.8754065,15,265.96875,2387.5
1785146980.8754065,15,267.59375,2396.0
1785146980.8754065,15,269.234375,2404.75
1785146980.8754065,15,270.890625,2414.5
1785146980.8754065,10,272.46875,2429.0
1785146980.8754065,11,274.15625,2439.5
1785146980.8754065,10,275.734375,2444.75
1785146980.8754065,8,277.34375,2455.5
1785146980.8754065,15,278.984375,2486.5
1785146980.8754065,13,280.625,2522.25
1785146980.8754065,7,282.25,2547.0
1785146980.8754065,7,283.875,2561.0
1785146980.8754065,15,285.484375,2581.75
1785146980.8754065,9,287.109375,2629.0
1785146980.8754065,15,288.734375,2668.75
1785146980.8754065,13,290.34375,2693.25
1785146980.8754065,8,291.984375,2741.75
1785146980.8754065,11,293.609375,2798.75
1785146980.8754065,12,295.265625,2847.25
1785146980.8754065,15,296.890625,2913.0
1785146980.8754065,13,298.578125,2965.25
1785146980.8754065,13,300.171875,3025.0
1785146980.8754065,15,301.828125,3103.0
1785146980.8754065,9,303.421875,3176.0
1785146980.8754065,15,308.3125,3439.0
1785146980.8754065,15,309.953125,3498.0
1785146980.8754065,15,331.421875,3016.0
1785146980.8754065,15,344.53125,3182.75
1785146980.8754065,15,346.171875,3143.0
1785146980.8754065,15,347.875,3090.25
1785146980.8754065,15,349.5,3072.25
1785146980.990117,15,351.171875,3043.25
1785146980.990117,15,352.78125,3041.0
1785146980.990117,15,9.5625,1782.5
1785146980.990117,15,12.640625,1972.5
1785146980.990117,15,17.46875,2421.0
1785146980.990117,15,20.65625,2662.75
1785146980.990117,15,23.9375,2683.75
1785146980.990117,15,25.59375,2648.5
1785146980.990117,15,47.84375,106.75
1785146980.990117,14,51.15625,101.0
1785146980.990117,15,207.9375,1243.0
1785146980.990117,15,209.578125,1246.25
1785146980.990117,15,211.265625,1228.0
1785146980.990117,15,212.9375,1210.0
1785146980.990117,15,214.609375,1203.0
1785146980.990117,15,216.21875,1207.0
1785146980.990117,15,217.796875,1223.5
1785146980.990117,15,219.453125,1239.0
1785146980.990117,12,230.25,2589.0
1785146980.990117,15,231.890625,2563.0
1785146980.990117,12,233.53125,2547.25
1785146980.990117,15,235.203125,2512.75
1785146980.990117,15,236.84375,2466.0
1785146980.990117,15,238.4375,2452.5
1785146980.990117,15,240.125,2451.0
1785146980.990117,15,241.75,2437.25
1785146980.990117,15,243.375,2420.75
1785146980.990117,8,245.015625,2394.25
1785146980.990117,9,246.640625,2366.5
1785146980.990117,11,248.328125,2347.75
1785146980.990117,8,249.9375,2338.75
1785146980.990117,8,251.59375,2335.25
1785146980.990117,15,253.234375,2326.75
1785146980.990117,11,254.84375,2313.25
1785146980.990117,12,256.484375,2307.75
1785146980.990117,15,258.140625,2306.25
1785146980.990117,15,259.765625,2315.75
1785146980.990117,12,261.390625,2329.75
1785146980.990117,10,263.015625,2337.5
1785146980.990117,8,264.640625,2349.5
1785146980.990117,8,266.3125,2360.75
1785146980.990117,6,267.921875,2374.75
1785146980.990117,15,269.5625,2395.0
1785146980.990117,15,271.203125,2414.25
1785146980.990117,14,272.796875,2429.75
1785146980.990117,11,274.4375,2438.75
1785146980.990117,10,276.03125,2442.0
1785146980.990117,7,277.65625,2454.25
1785146980.990117,15,279.28125,2482.0
1785146980.990117,13,280.90625,2512.25
1785146980.990117,6,282.53125,2537.75
1785146980.990117,13,284.15625,2558.75
1785146980.990117,12,285.765625,2593.5
1785146980.990117,8,287.390625,2638.0
1785146980.990117,15,289.015625,2675.75
1785146980.990117,8,290.640625,2708.0
1785146980.990117,11,292.28125,2757.0
1785146980.990117,10,293.875,2823.75
1785146980.990117,15,295.53125,2891.25
1785146980.990117,12,297.125,2949.0
1785146980.990117,5,298.84375,3008.75
1785146980.990117,12,300.46875,3085.25
1785146980.990117,15,331.71875,3027.25
1785146980.990117,15,333.359375,3038.75
1785146980.990117,15,344.859375,3193.25
1785146980.990117,15,346.453125,3151.5
1785146980.990117,15,348.125,3101.5
1785146980.990117,15,349.765625,3089.0
1785146981.2161841,7,353.234375,3050.0
1785146981.2161841,15,9.9375,1788.75
1785146981.2161841,15,13.109375,1974.75
1785146981.2161841,9,17.875,2421.5
1785146981.2161841,15,21.125,2648.75
1785146981.2161841,15,24.375,2649.5
1785146981.2161841,15,26.015625,2625.75
1785146981.2161841,15,47.4375,106.5
1785146981.2161841,15,158.65625,2081.0
1785146981.2161841,10,211.46875,1251.75
1785146981.2161841,15,213.046875,1259.5
1785146981.2161841,15,214.765625,1260.0
1785146981.2161841,12,216.390625,1258.75
1785146981.2161841,15,217.984375,1243.75
1785146981.2161841,15,219.640625,1234.75
1785146981.2161841,15,221.28125,1247.0
1785146981.2161841,15,222.890625,1265.75
1785146981.2161841,10,232.203125,2499.5
1785146981.2161841,12,233.84375,2464.25
1785146981.2161841,14,235.484375,2445.5
1785146981.2161841,15,237.09375,2423.25
1785146981.2161841,15,238.734375,2402.75
1785146981.2161841,15,240.40625,2397.5
1785146981.2161841,15,242.0625,2378.25
1785146981.2161841,11,243.6875,2362.75
1785146981.2161841,11,245.328125,2355.0
1785146981.2161841,15,246.953125,2342.25
1785146981.2161841,9,248.578125,2333.75
1785146981.2161841,15,250.21875,2325.0
1785146981.2161841,15,251.84375,2316.75
1785146981.2161841,15,253.5,2318.5
1785146981.2161841,7,255.078125,2327.75
1785146981.2161841,11,256.71875,2335.75
1785146981.2161841,15,258.359375,2338.5
1785146981.2161841,15,259.984375,2339.75
1785146981.2161841,11,261.640625,2351.75
1785146981.2161841,10,263.265625,2372.75
1785146981.2161841,15,264.890625,2399.0
1785146981.2161841,13,266.515625,2423.25
1785146981.2161841,12,268.171875,2431.0
1785146981.2161841,14,269.78125,2438.5
1785146981.2161841,9,271.40625,2447.75
1785146981.2161841,7,273.046875,2451.5
1785146981.2161841,8,274.65625,2459.0
1785146981.2161841,15,276.28125,2486.0
1785146981.2161841,15,277.875,2509.5
1785146981.2161841,9,279.5,2529.25
1785146981.2161841,7,281.15625,2548.25
1785146981.2161841,13,282.765625,2576.25
1785146981.2161841,12,284.390625,2617.5
1785146981.2161841,14,286.015625,2651.0
1785146981.2161841,14,287.640625,2684.25
1785146981.2161841,11,289.28125,2715.0
1785146981.2161841,11,290.875,2757.25
1785146981.2161841,12,292.5,2801.75
1785146981.2161841,15,295.75,2939.75
1785146981.2161841,11,297.375,2986.25
1785146981.2161841,12,299.15625,3051.75
1785146981.2161841,12,300.78125,3124.25
1785146981.2161841,10,302.40625,3205.0
1785146981.2161841,15,332.0,3076.75
1785146981.2161841,15,333.640625,3032.75
1785146981.2161841,15,345.125,3213.25
1785146981.2161841,15,346.703125,3174.5
1785146981.2161841,15,348.359375,3133.25
1785146981.2161841,15,349.96875,3115.75
1785146981.327032,13,353.25,3054.75
1785146981.327032,15,10.0,1789.5
1785146981.327032,15,13.15625,1973.75
1785146981.327032,15,17.921875,2405.25
1785146981.327032,15,21.140625,2645.25
1785146981.327032,15,26.0625,2638.5
1785146981.327032,15,47.421875,106.5
1785146981.327032,15,160.28125,2091.0
1785146981.327032,15,213.203125,1264.0
1785146981.327032,15,214.8125,1266.25
1785146981.327032,15,216.4375,1255.0
1785146981.327032,10,218.09375,1255.0
1785146981.327032,15,219.78125,1249.5
1785146981.327032,15,221.375,1246.0
1785146981.327032,15,222.96875,1262.25
1785146981.327032,15,224.671875,1284.75
1785146981.327032,8,233.828125,2496.5
1785146981.327032,12,235.484375,2461.75
1785146981.327032,15,237.125,2440.5
1785146981.327032,15,238.78125,2420.0
1785146981.327032,15,240.40625,2399.75
1785146981.327032,14,242.078125,2380.75
1785146981.327032,13,243.703125,2362.0
1785146981.327032,9,245.3125,2352.5
1785146981.327032,15,246.984375,2339.0
1785146981.327032,15,248.609375,2314.75
1785146981.327032,15,250.234375,2289.0
1785146981.327032,15,251.875,2278.75
1785146981.327032,15,253.53125,2275.0
1785146981.327032,15,255.15625,2270.5
1785146981.327032,15,256.8125,2268.25
1785146981.327032,15,258.4375,2274.5
1785146981.327032,15,260.078125,2281.25
1785146981.327032,15,261.703125,2287.75
1785146981.327032,15,263.296875,2298.0
1785146981.327032,15,264.9375,2313.5
1785146981.327032,9,266.59375,2330.25
1785146981.327032,9,268.21875,2341.25
1785146981.327032,6,269.828125,2360.5
1785146981.327032,15,271.453125,2385.25
1785146981.327032,15,273.109375,2409.75
1785146981.327032,15,274.734375,2425.75
1785146981.327032,10,276.375,2435.0
1785146981.327032,10,278.0,2445.5
1785146981.327032,7,279.609375,2460.25
1785146981.327032,15,281.25,2489.5
1785146981.327032,14,282.859375,2519.75
1785146981.327032,13,284.515625,2550.0
1785146981.327032,15,286.125,2574.0
1785146981.327032,15,287.75,2607.0
1785146981.327032,12,289.375,2656.0
1785146981.327032,13,291.03125,2696.0
1785146981.327032,9,295.875,2874.75
1785146981.327032,11,297.5,2940.5
1785146981.327032,5,299.265625,2999.0
1785146981.327032,12,300.890625,3074.25
1785146981.327032,9,302.515625,3140.0
1785146981.327032,11,304.171875,3215.25
1785146981.327032,15,332.078125,3078.5
1785146981.327032,15,333.734375,3056.25
1785146981.327032,15,345.203125,3216.75
1785146981.327032,15,346.859375,3178.5
1785146981.327032,15,348.5,3141.25
1785146981.327032,15,350.125,3131.0
1785146981.4395943,15,353.421875,3047.0
1785146981.4395943,15,359.71875,7158.5
1785146981.4395943,15,8.53125,1787.5
1785146981.4395943,15,10.125,1798.75
1785146981.4395943,15,13.296875,1975.5
1785146981.4395943,15,18.09375,2400.5
1785146981.4395943,15,21.359375,2631.25
1785146981.4395943,15,24.609375,2657.0
1785146981.4395943,15,26.21875,2641.5
1785146981.4395943,15,45.921875,108.75
1785146981.4395943,15,48.125,106.0
1785146981.4395943,9,215.0625,1260.25
1785146981.4395943,15,218.390625,1261.0
1785146981.4395943,15,221.625,1256.0
1785146981.4395943,15,223.3125,1261.5
1785146981.4395943,15,224.921875,1277.75
1785146981.4395943,15,234.09375,2511.25
1785146981.4395943,11,235.734375,2481.0
1785146981.4395943,14,237.390625,2453.0
1785146981.4395943,15,239.03125,2425.25
1785146981.4395943,15,240.640625,2411.5
1785146981.4395943,15,242.28125,2408.25
1785146981.4395943,9,243.9375,2388.75
1785146981.4395943,9,245.5625,2374.25
1785146981.4395943,12,247.203125,2361.5
1785146981.4395943,8,248.84375,2342.75
1785146981.4395943,15,250.46875,2321.0
1785146981.4395943,15,252.09375,2305.25
1785146981.4395943,15,253.75,2298.75
1785146981.4395943,15,255.375,2299.75
1785146981.4395943,15,256.984375,2301.25
1785146981.4395943,15,258.640625,2298.5
1785146981.4395943,15,260.296875,2297.25
1785146981.4395943,10,261.890625,2306.75
1785146981.4395943,14,263.546875,2316.0
1785146981.4395943,12,265.171875,2326.75
1785146981.4395943,9,266.796875,2349.25
1785146981.4395943,15,268.40625,2372.0
1785146981.4395943,15,270.078125,2393.5
1785146981.4395943,15,271.671875,2410.5
1785146981.4395943,15,273.296875,2420.75
1785146981.4395943,10,274.90625,2431.25
1785146981.4395943,9,276.5625,2441.5
1785146981.4395943,8,278.171875,2451.25
1785146981.4395943,15,279.78125,2471.0
1785146981.4395943,15,281.421875,2497.25
1785146981.4395943,6,283.078125,2524.75
1785146981.4395943,14,284.71875,2555.5
1785146981.4395943,12,286.34375,2581.75
1785146981.4395943,9,287.953125,2619.75
1785146981.4395943,13,289.5625,2668.25
1785146981.4395943,11,291.1875,2700.5
1785146981.4395943,8,292.796875,2746.5
1785146981.4395943,10,294.453125,2798.5
1785146981.4395943,4,296.078125,2856.75
1785146981.4395943,15,297.65625,2931.75
1785146981.4395943,9,299.40625,2993.25
1785146981.4395943,15,332.28125,3098.75
1785146981.4395943,15,333.890625,3069.25
1785146981.4395943,15,335.546875,3093.5
1785146981.4395943,15,337.15625,3153.25
1785146981.4395943,15,345.359375,3233.5
1785146981.4395943,15,347.0,3197.0
1785146981.4395943,15,348.65625,3152.25
1785146981.4395943,15,350.28125,3132.75
1785146981.66467,15,350.828125,3139.5
1785146981.66467,15,352.453125,3103.0
1785146981.66467,15,354.109375,3071.5
1785146981.66467,15,0.421875,7150.5
1785146981.66467,15,9.25,1784.75
1785146981.66467,15,12.4375,1971.75
1785146981.66467,15,14.03125,1985.5
1785146981.66467,15,20.453125,2623.5
1785146981.66467,15,22.0625,2647.0
1785146981.66467,15,25.359375,2629.5
1785146981.66467,15,47.0,107.5
1785146981.66467,15,51.25,101.5
1785146981.66467,15,158.09375,1829.75
1785146981.66467,15,159.734375,1882.25
1785146981.66467,15,219.125,1288.0
1785146981.66467,15,220.796875,1291.5
1785146981.66467,15,222.390625,1294.25
1785146981.66467,15,224.0,1290.0
1785146981.66467,15,225.640625,1282.0
1785146981.66467,15,227.3125,1301.25
1785146981.66467,15,236.59375,2518.75
1785146981.66467,12,238.25,2477.75
1785146981.66467,15,239.90625,2446.75
1785146981.66467,15,241.53125,2440.5
1785146981.66467,15,243.171875,2425.75
1785146981.66467,15,244.828125,2406.5
1785146981.66467,10,246.46875,2392.25
1785146981.66467,6,248.125,2377.25
1785146981.66467,8,249.71875,2372.0
1785146981.66467,10,251.390625,2349.0
1785146981.66467,10,253.03125,2326.5
1785146981.66467,15,254.6875,2316.75
1785146981.66467,15,256.328125,2309.5
1785146981.66467,7,257.953125,2312.5
1785146981.66467,15,259.625,2316.5
1785146981.66467,12,261.265625,2320.5
1785146981.66467,10,262.890625,2327.75
1785146981.66467,10,264.515625,2331.0
1785146981.66467,10,266.15625,2338.0
1785146981.66467,8,267.8125,2356.25
1785146981.66467,15,269.40625,2376.5
1785146981.66467,15,271.0625,2402.75
1785146981.66467,15,272.6875,2427.25
1785146981.66467,13,274.34375,2436.25
1785146981.66467,8,275.90625,2444.75
1785146981.66467,10,277.515625,2457.0
1785146981.66467,15,279.15625,2478.5
1785146981.66467,15,280.796875,2507.75
1785146981.66467,15,282.421875,2524.0
1785146981.66467,6,284.0625,2542.75
1785146981.66467,15,285.671875,2574.25
1785146981.66467,14,287.296875,2598.0
1785146981.66467,8,288.921875,2628.5
1785146981.66467,15,290.546875,2675.0
1785146981.66467,9,292.1875,2711.25
1785146981.66467,9,293.796875,2754.75
1785146981.66467,13,295.4375,2806.75
1785146981.66467,5,297.046875,2865.5
1785146981.66467,13,302.015625,3067.0
1785146981.66467,11,303.65625,3142.5
1785146981.66467,11,305.296875,3219.5
1785146981.66467,15,333.3125,3098.5
1785146981.66467,15,334.921875,3120.5
1785146981.66467,15,346.453125,3240.75
1785146981.66467,15,348.078125,3205.75
1785146981.66467,15,349.71875,3161.0
1785146981.7759628,15,351.359375,3139.75
1785146981.7759628,15,353.03125,3108.0
1785146981.7759628,13,354.640625,3093.25
1785146981.7759628,15,0.96875,7160.0
1785146981.7759628,15,9.78125,1785.25
1785146981.7759628,15,12.90625,1962.25
1785146981.7759628,15,20.90625,2636.75
1785146981.7759628,15,25.78125,2634.5
1785146981.7759628,15,47.875,106.75
1785146981.7759628,15,158.640625,1782.5
1785146981.7759628,10,195.828125,5119.75
1785146981.7759628,15,217.984375,1299.75
1785146981.7759628,15,219.5625,1294.5
1785146981.7759628,15,224.515625,1309.0
1785146981.7759628,15,226.203125,1301.75
1785146981.7759628,15,227.75,1302.0
1785146981.7759628,15,229.4375,1324.75
1785146981.7759628,9,237.09375,2491.0
1785146981.7759628,11,238.734375,2464.75
1785146981.7759628,14,240.359375,2443.75
1785146981.7759628,15,242.015625,2432.0
1785146981.7759628,15,243.671875,2417.0
1785146981.7759628,15,245.28125,2410.75
1785146981.7759628,15,246.921875,2406.5
1785146981.7759628,15,248.578125,2396.75
1785146981.7759628,10,250.234375,2384.25
1785146981.7759628,7,251.890625,2362.0
1785146981.7759628,10,253.5,2350.75
1785146981.7759628,8,255.15625,2341.75
1785146981.7759628,7,256.8125,2335.0
1785146981.7759628,10,258.4375,2335.5
1785146981.7759628,11,260.0625,2339.0
1785146981.7759628,10,261.703125,2343.25
1785146981.7759628,9,263.359375,2348.0
1785146981.7759628,12,265.0,2358.5
1785146981.7759628,9,266.625,2375.25
1785146981.7759628,15,268.265625,2401.0
1785146981.7759628,12,269.875,2426.0
1785146981.7759628,15,271.515625,2433.75
1785146981.7759628,9,273.171875,2438.5
1785146981.7759628,7,274.71875,2449.25
1785146981.7759628,15,276.34375,2460.75
1785146981.7759628,15,277.96875,2479.5
1785146981.7759628,15,279.625,2505.5
1785146981.7759628,8,281.234375,2528.5
1785146981.7759628,6,282.84375,2545.5
1785146981.7759628,13,284.46875,2562.25
1785146981.7759628,14,286.125,2592.5
1785146981.7759628,11,287.734375,2623.5
1785146981.7759628,14,289.375,2656.75
1785146981.7759628,14,291.0,2697.0
1785146981.7759628,8,292.625,2743.5
1785146981.7759628,13,294.265625,2791.0
1785146981.7759628,8,295.875,2838.5
1785146981.7759628,13,297.484375,2913.5
1785146981.7759628,14,299.25,2977.25
1785146981.7759628,5,300.875,3023.25
1785146981.7759628,11,302.46875,3088.25
1785146981.7759628,6,304.140625,3163.75
1785146981.7759628,15,333.78125,3114.0
1785146981.7759628,15,335.421875,3107.75
1785146981.7759628,15,346.890625,3236.75
1785146981.7759628,15,348.53125,3193.25
1785146981.7759628,15,350.1875,3157.0
1785146981.8873985,15,351.8125,3147.0
1785146981.8873985,7,355.109375,3092.75
1785146981.8873985,15,1.421875,7171.25
1785146981.8873985,15,8.625,1793.0
1785146981.8873985,15,13.359375,1963.5
1785146981.8873985,15,21.375,2618.75
1785146981.8873985,15,26.265625,2621.75
1785146981.8873985,15,46.359375,108.5
1785146981.8873985,15,47.859375,106.0
1785146981.8873985,15,157.640625,1750.25
1785146981.8873985,15,159.296875,1750.0
1785146981.8873985,8,196.40625,5069.0
1785146981.8873985,15,220.09375,1310.75
1785146981.8873985,15,221.78125,1317.0
1785146981.8873985,15,223.390625,1311.25
1785146981.8873985,15,225.0,1319.0
1785146981.8873985,15,226.671875,1314.25
1785146981.8873985,15,228.3125,1308.0
1785146981.8873985,15,229.984375,1327.25
1785146981.8873985,10,239.296875,2485.0
1785146981.8873985,15,240.9375,2456.75
1785146981.8873985,12,242.578125,2437.0
1785146981.8873985,15,244.25,2434.5
1785146981.8873985,15,245.859375,2415.0
1785146981.8873985,15,247.515625,2396.75
1785146981.8873985,9,249.171875,2383.25
1785146981.8873985,5,250.796875,2363.0
1785146981.8873985,10,252.4375,2345.75
1785146981.8873985,7,254.046875,2339.5
1785146981.8873985,9,255.71875,2337.25
1785146981.8873985,8,257.375,2332.5
1785146981.8873985,8,259.0,2330.75
1785146981.8873985,10,260.59375,2329.5
1785146981.8873985,15,262.25,2336.25
1785146981.8873985,10,263.875,2352.25
1785146981.8873985,8,265.5,2368.25
1785146981.8873985,9,267.171875,2378.5
1785146981.8873985,15,268.78125,2403.75
1785146981.8873985,12,270.4375,2429.5
1785146981.8873985,14,272.046875,2436.5
1785146981.8873985,9,273.703125,2444.75
1785146981.8873985,14,275.296875,2460.0
1785146981.8873985,15,276.890625,2473.75
1785146981.8873985,15,278.546875,2490.25
1785146981.8873985,15,280.140625,2506.75
1785146981.8873985,12,281.78125,2524.5
1785146981.8873985,6,283.40625,2547.25
1785146981.8873985,15,285.046875,2575.5
1785146981.8873985,15,286.6875,2608.75
1785146981.8873985,12,288.3125,2628.75
1785146981.8873985,13,289.921875,2667.0
1785146981.8873985,14,291.546875,2710.75
1785146981.8873985,8,293.171875,2757.5
1785146981.8873985,13,294.8125,2804.5
1785146981.8873985,4,296.4375,2856.0
1785146981.8873985,15,298.0625,2931.0
1785146981.8873985,11,299.796875,2991.0
1785146981.8873985,9,301.4375,3063.25
1785146981.8873985,10,303.078125,3137.5
1785146981.8873985,14,304.71875,3202.5
1785146981.8873985,12,316.140625,3910.25
1785146981.8873985,15,334.359375,3148.75
1785146981.8873985,9,335.96875,3136.0
1785146981.8873985,15,347.4375,3228.25
1785146981.8873985,15,349.078125,3188.75
1785146982.1131265,15,351.0625,3188.25
1785146982.1131265,15,352.71875,3178.5
1785146982.1131265,15,354.375,3125.25
1785146982.1131265,9,356.015625,3112.75
1785146982.1131265,15,2.328125,7149.0
1785146982.1131265,15,9.53125,1786.5
1785146982.1131265,15,12.640625,1967.5
1785146982.1131265,11,19.03125,2393.5
1785146982.1131265,15,22.265625,2611.75
1785146982.1131265,15,47.359375,107.0
1785146982.1131265,14,51.8125,101.0
1785146982.1131265,15,160.03125,1702.75
1785146982.1131265,15,161.671875,1723.0
1785146982.1131265,15,222.609375,1333.5
1785146982.1131265,15,224.1875,1334.0
1785146982.1131265,15,225.90625,1334.5
1785146982.1131265,15,229.078125,1328.5
1785146982.1131265,15,230.703125,1335.25
1785146982.1131265,15,232.34375,1354.25
1785146982.1131265,12,241.703125,2457.25
1785146982.1131265,14,243.3125,2439.75
1785146982.1131265,15,244.953125,2428.5
1785146982.1131265,15,246.609375,2413.5
1785146982.1131265,9,248.25,2387.0
1785146982.1131265,8,249.875,2366.75
1785146982.1131265,13,251.53125,2351.0
1785146982.1131265,11,253.140625,2338.0
1785146982.1131265,15,254.75,2325.25
1785146982.1131265,15,256.375,2310.75
1785146982.1131265,11,258.046875,2313.0
1785146982.1131265,15,259.671875,2316.0
1785146982.1131265,15,261.3125,2319.5
1785146982.1131265,10,262.9375,2327.5
1785146982.1131265,11,264.578125,2333.0
1785146982.1131265,9,266.21875,2341.25
1785146982.1131265,7,267.8125,2365.75
1785146982.1131265,15,269.46875,2394.0
1785146982.1131265,15,271.078125,2412.75
1785146982.1131265,10,272.703125,2428.25
1785146982.1131265,7,274.328125,2437.25
1785146982.1131265,15,275.984375,2451.25
1785146982.1131265,15,277.59375,2474.25
1785146982.1131265,15,279.21875,2500.25
1785146982.1131265,14,280.875,2519.75
1785146982.1131265,6,282.515625,2540.75
1785146982.1131265,15,284.140625,2560.25
1785146982.1131265,13,285.765625,2591.5
1785146982.1131265,7,287.390625,2637.25
1785146982.1131265,15,288.984375,2673.25
1785146982.1131265,13,290.609375,2705.5
1785146982.1131265,7,292.265625,2753.25
1785146982.1131265,12,293.859375,2805.5
1785146982.1131265,10,295.5,2850.5
1785146982.1131265,11,302.140625,3131.75
1785146982.1131265,9,311.921875,3662.5
1785146982.1131265,15,334.984375,3163.75
1785146982.1131265,4,336.609375,3176.5
1785146982.1131265,15,348.09375,3251.75
1785146982.1131265,15,349.75,3209.25
1785146982.2282798,15,351.390625,3195.0
1785146982.2282798,15,353.015625,3184.5
1785146982.2282798,15,354.65625,3131.5
1785146982.2282798,15,356.3125,3138.0
1785146982.2282798,15,2.609375,7192.25
1785146982.2282798,15,8.125,1790.75
1785146982.2282798,15,9.75,1797.5
1785146982.2282798,15,13.0,1960.5
1785146982.2282798,15,21.015625,2592.25
1785146982.2282798,15,22.65625,2611.25
1785146982.2282798,15,47.625,106.5
1785146982.2282798,15,158.921875,1728.0
1785146982.2282798,15,160.578125,1710.0
1785146982.2282798,15,162.21875,1701.25
1785146982.2282798,15,163.84375,1730.5
1785146982.2282798,8,197.765625,5072.75
1785146982.2282798,7,210.9375,3669.75
1785146982.2282798,15,224.734375,1344.0
1785146982.2282798,15,231.234375,1350.75
1785146982.2282798,15,232.875,1359.0
1785146982.2282798,15,236.140625,1453.75
1785146982.2282798,12,242.234375,2450.25
1785146982.2282798,15,243.875,2437.5
1785146982.2282798,15,245.515625,2428.5
1785146982.2282798,10,247.140625,2405.75
1785146982.2282798,9,248.828125,2376.0
1785146982.2282798,10,250.46875,2353.5
1785146982.2282798,10,252.109375,2338.0
1785146982.2282798,15,253.71875,2329.0
1785146982.2282798,9,255.40625,2315.5
1785146982.2282798,15,257.046875,2303.5
1785146982.2282798,15,258.65625,2299.5
1785146982.2282798,15,260.296875,2293.75
1785146982.2282798,15,261.9375,2290.75
1785146982.2282798,15,263.578125,2303.5
1785146982.2282798,14,265.203125,2325.0
1785146982.2282798,7,266.84375,2335.25
1785146982.2282798,10,268.484375,2341.5
1785146982.2282798,10,270.09375,2355.25
1785146982.2282798,15,271.734375,2378.75
1785146982.2282798,15,273.359375,2407.5
1785146982.2282798,15,274.984375,2427.75
1785146982.2282798,15,276.609375,2431.5
1785146982.2282798,8,278.234375,2441.25
1785146982.2282798,15,279.890625,2463.5
1785146982.2282798,15,281.53125,2485.75
1785146982.2282798,15,283.15625,2501.75
1785146982.2282798,14,284.78125,2520.5
1785146982.2282798,13,286.40625,2561.75
1785146982.2282798,15,288.046875,2594.5
1785146982.2282798,12,289.6875,2614.5
1785146982.2282798,10,291.3125,2645.5
1785146982.2282798,15,292.921875,2685.5
1785146982.2282798,9,294.546875,2729.0
1785146982.2282798,9,296.1875,2781.75
1785146982.2282798,8,297.796875,2830.0
1785146982.2282798,12,301.125,2961.5
1785146982.2282798,10,302.765625,3029.5
1785146982.2282798,12,304.40625,3096.0
1785146982.2282798,5,306.015625,3158.5
1785146982.2282798,11,307.640625,3235.0
1785146982.2282798,9,314.140625,3622.75
1785146982.2282798,12,315.78125,3695.75
1785146982.2282798,15,335.515625,3170.0
1785146982.2282798,15,338.796875,3193.0
1785146982.2282798,15,348.703125,3251.5
1785146982.2282798,15,350.359375,3206.0
1785146982.4512558,15,350.765625,3210.0
1785146982.4512558,15,352.375,3199.0
1785146982.4512558,15,355.671875,3104.0
1785146982.4512558,15,3.640625,7182.5
1785146982.4512558,15,9.203125,1786.25
1785146982.4512558,15,13.9375,1965.5
1785146982.4512558,15,21.9375,2607.5
1785146982.4512558,15,46.59375,107.5
1785146982.4512558,15,159.859375,1703.0
1785146982.4512558,15,161.484375,1666.5
1785146982.4512558,15,164.734375,1665.0
1785146982.4512558,15,168.0,1849.25
1785146982.4512558,12,197.0,5151.25
1785146982.4512558,15,233.625,1381.0
1785146982.4512558,15,235.28125,1411.5
1785146982.4512558,15,236.875,1434.0
1785146982.4512558,15,238.5,1448.0
1785146982.4512558,15,244.671875,2407.0
1785146982.4512558,10,246.3125,2389.5
1785146982.4512558,12,247.96875,2366.0
1785146982.4512558,11,249.578125,2347.0
1785146982.4512558,15,251.28125,2334.0
1785146982.4512558,15,252.9375,2325.5
1785146982.4512558,15,254.578125,2316.5
1785146982.4512558,15,256.203125,2303.0
1785146982.4512558,15,257.84375,2290.5
1785146982.4512558,15,259.515625,2283.25
1785146982.4512558,15,261.109375,2277.0
1785146982.4512558,15,262.765625,2283.0
1785146982.4512558,15,264.40625,2294.0
1785146982.4512558,15,266.015625,2303.5
1785146982.4512558,9,267.671875,2319.75
1785146982.4512558,10,269.296875,2338.0
1785146982.4512558,9,270.921875,2360.25
1785146982.4512558,15,272.546875,2386.0
1785146982.4512558,15,274.21875,2408.25
1785146982.4512558,15,275.796875,2421.0
1785146982.4512558,10,277.390625,2442.0
1785146982.4512558,7,279.015625,2460.25
1785146982.4512558,15,280.65625,2474.5
1785146982.4512558,15,282.296875,2507.75
1785146982.4512558,9,283.90625,2542.75
1785146982.4512558,15,285.53125,2567.5
1785146982.4512558,13,287.171875,2596.5
1785146982.4512558,8,288.796875,2634.0
1785146982.4512558,15,290.4375,2676.75
1785146982.4512558,13,292.046875,2710.75
1785146982.4512558,7,293.671875,2750.25
1785146982.4512558,13,295.3125,2798.75
1785146982.4512558,8,296.921875,2842.75
1785146982.4512558,10,298.625,2909.25
1785146982.4512558,12,300.265625,2968.0
1785146982.4512558,10,301.875,3025.75
1785146982.4512558,11,303.515625,3095.75
1785146982.4512558,6,305.140625,3159.0
1785146982.4512558,13,306.78125,3222.5
1785146982.4512558,9,318.15625,3955.0
1785146982.4512558,15,334.703125,3204.25
1785146982.4512558,15,336.390625,3196.25
1785146982.4512558,15,339.640625,3230.75
1785146982.4512558,15,346.1875,3402.75
1785146982.4512558,15,347.828125,3321.25
1785146982.4512558,15,349.46875,3268.75
1785146982.5658526,15,351.109375,3218.5
1785146982.5658526,15,352.765625,3197.25
1785146982.5658526,15,356.03125,3112.25
1785146982.5658526,15,3.984375,7189.0
1785146982.5658526,15,9.515625,1790.75
1785146982.5658526,15,12.671875,1962.0
1785146982.5658526,10,14.265625,1970.0
1785146982.5658526,15,22.28125,2598.0
1785146982.5658526,15,47.484375,107.0
1785146982.5658526,15,50.578125,100.75
1785146982.5658526,15,161.84375,1678.5
1785146982.5658526,15,163.4375,1664.75
1785146982.5658526,15,166.734375,1675.25
1785146982.5658526,8,198.890625,5130.0
1785146982.5658526,8,212.09375,3660.25
1785146982.5658526,9,230.75,1381.75
1785146982.5658526,15,234.03125,1402.0
1785146982.5658526,15,235.671875,1428.75
1785146982.5658526,15,237.296875,1447.25
1785146982.5658526,15,238.90625,1462.75
1785146982.5658526,14,245.046875,2432.5
1785146982.5658526,15,246.734375,2417.5
1785146982.5658526,15,248.359375,2402.5
1785146982.5658526,7,249.984375,2391.75
1785146982.5658526,9,251.65625,2381.75
1785146982.5658526,9,253.28125,2370.5
1785146982.5658526,10,254.9375,2357.0
1785146982.5658526,9,256.5625,2348.5
1785146982.5658526,8,258.21875,2339.25
1785146982.5658526,12,259.875,2328.0
1785146982.5658526,13,261.515625,2327.5
1785146982.5658526,10,263.140625,2323.5
1785146982.5658526,15,264.75,2323.25
1785146982.5658526,8,266.40625,2336.5
1785146982.5658526,10,268.03125,2351.5
1785146982.5658526,9,269.65625,2366.75
1785146982.5658526,6,271.296875,2381.5
1785146982.5658526,15,272.953125,2402.0
1785146982.5658526,15,274.578125,2420.0
1785146982.5658526,14,276.109375,2427.5
1785146982.5658526,7,277.78125,2437.5
1785146982.5658526,15,279.421875,2456.0
1785146982.5658526,15,281.03125,2484.75
1785146982.5658526,15,282.640625,2510.75
1785146982.5658526,6,284.28125,2532.0
1785146982.5658526,15,285.890625,2558.0
1785146982.5658526,12,287.53125,2583.5
1785146982.5658526,11,289.171875,2607.25
1785146982.5658526,12,290.78125,2646.5
1785146982.5658526,15,292.40625,2685.75
1785146982.5658526,10,294.046875,2719.25
1785146982.5658526,15,295.671875,2766.5
1785146982.5658526,10,297.265625,2822.25
1785146982.5658526,9,299.03125,2889.75
1785146982.5658526,14,300.65625,2946.75
1785146982.5658526,9,302.296875,3009.25
1785146982.5658526,13,303.90625,3083.0
1785146982.5658526,11,305.546875,3143.5
1785146982.5658526,14,307.1875,3215.75
1785146982.5658526,15,335.25,3237.25
1785146982.5658526,15,336.890625,3199.75
1785146982.5658526,15,340.15625,3246.25
1785146982.5658526,15,348.359375,3321.75
1785146982.5658526,15,349.984375,3263.25
1785146982.6768427,15,351.65625,3219.25
1785146982.6768427,15,353.296875,3197.5
1785146982.6768427,15,356.578125,3121.5
1785146982.6768427,15,4.546875,7174.25
1785146982.6768427,15,8.421875,1787.5
1785146982.6768427,15,13.21875,1952.25
1785146982.6768427,15,19.640625,2357.75
1785146982.6768427,15,22.859375,2585.0
1785146982.6768427,15,47.0625,106.0
1785146982.6768427,15,160.6875,1718.25
1785146982.6768427,15,162.359375,1674.75
1785146982.6768427,15,164.0,1644.75
1785146982.6768427,15,167.328125,1647.0
1785146982.6768427,15,229.65625,1396.0
1785146982.6768427,11,231.28125,1404.25
1785146982.6768427,10,232.9375,1412.5
1785146982.6768427,15,236.234375,1431.5
1785146982.6768427,15,237.84375,1447.0
1785146982.6768427,15,239.421875,1463.5
1785146982.6768427,13,247.25,2441.0
1785146982.6768427,15,248.921875,2430.25
1785146982.6768427,15,250.578125,2405.5
1785146982.6768427,13,252.203125,2381.0
1785146982.6768427,10,253.84375,2372.0
1785146982.6768427,11,255.46875,2358.75
1785146982.6768427,15,257.109375,2345.25
1785146982.6768427,9,258.734375,2339.25
1785146982.6768427,11,260.375,2333.75
1785146982.6768427,11,262.0,2329.0
1785146982.6768427,9,263.640625,2322.0
1785146982.6768427,10,265.28125,2327.25
1785146982.6768427,11,266.921875,2340.25
1785146982.6768427,7,268.5625,2360.25
1785146982.6768427,8,270.1875,2379.0
1785146982.6768427,15,271.8125,2401.0
1785146982.6768427,11,273.4375,2427.25
1785146982.6768427,8,275.078125,2433.25
1785146982.6768427,8,276.703125,2440.5
1785146982.6768427,15,278.3125,2465.0
1785146982.6768427,15,279.96875,2494.5
1785146982.6768427,9,281.5625,2523.5
1785146982.6768427,8,283.203125,2548.25
1785146982.6768427,15,284.828125,2572.25
1785146982.6768427,14,286.453125,2602.75
1785146982.6768427,7,288.078125,2634.0
1785146982.6768427,13,289.71875,2678.25
1785146982.6768427,13,291.359375,2711.0
1785146982.6768427,11,293.0,2728.25
1785146982.6768427,13,294.609375,2773.5
1785146982.6768427,10,296.21875,2836.0
1785146982.6768427,12,297.828125,2904.75
1785146982.6768427,12,299.609375,2955.5
1785146982.6768427,6,301.234375,3004.0
1785146982.6768427,12,302.859375,3079.0
1785146982.6768427,7,304.5,3143.5
1785146982.6768427,15,306.109375,3212.5
1785146982.6768427,9,307.765625,3294.5
1785146982.6768427,15,335.734375,3257.75
1785146982.6768427,15,337.359375,3213.0
1785146982.6768427,15,348.875,3319.0
1785146982.9032772,15,351.09375,3259.0
1785146982.9032772,15,352.734375,3220.5
1785146982.9032772,15,354.375,3210.0
1785146982.9032772,15,356.015625,3172.0
1785146982.9032772,15,357.640625,3152.75
1785146982.9032772,15,5.609375,7230.75
1785146982.9032772,15,9.453125,1796.25
1785146982.9032772,15,12.671875,1961.25
1785146982.9032772,15,14.28125,1968.75
1785146982.9032772,15,22.359375,2566.75
1785146982.9032772,15,47.96875,106.75
1785146982.9032772,15,165.15625,1637.75
1785146982.9032772,15,166.734375,1630.5
1785146982.9032772,15,170.0625,1638.0
1785146982.9032772,15,173.25,1831.75
1785146982.9032772,7,213.84375,3633.5
1785146982.9032772,15,232.40625,1425.75
1785146982.9032772,15,237.34375,1444.5
1785146982.9032772,15,238.953125,1454.75
1785146982.9032772,15,240.578125,1471.5
1785146982.9032772,14,248.359375,2439.5
1785146982.9032772,15,250.015625,2431.75
1785146982.9032772,15,251.65625,2419.25
1785146982.9032772,9,253.296875,2398.0
1785146982.9032772,10,254.9375,2377.75
1785146982.9032772,11,256.5625,2359.5
1785146982.9032772,11,258.203125,2340.25
1785146982.9032772,9,259.859375,2328.75
1785146982.9032772,10,261.484375,2326.75
1785146982.9032772,11,263.125,2322.75
1785146982.9032772,11,264.75,2318.0
1785146982.9032772,11,266.375,2320.75
1785146982.9032772,12,268.015625,2327.5
1785146982.9032772,9,269.640625,2340.0
1785146982.9032772,9,271.265625,2366.0
1785146982.9032772,15,272.921875,2389.75
1785146982.9032772,15,274.546875,2409.5
1785146982.9032772,15,276.15625,2427.0
1785146982.9032772,15,277.796875,2436.25
1785146982.9032772,7,279.421875,2444.75
1785146982.9032772,7,281.0625,2456.75
1785146982.9032772,15,282.671875,2490.75
1785146982.9032772,12,284.34375,2528.25
1785146982.9032772,6,285.953125,2554.25
1785146982.9032772,15,287.59375,2573.25
1785146982.9032772,13,289.203125,2601.25
1785146982.9032772,7,290.84375,2637.25
1785146982.9032772,13,292.453125,2673.5
1785146982.9032772,15,294.109375,2717.75
1785146982.9032772,15,295.734375,2765.0
1785146982.9032772,12,297.34375,2820.5
1785146982.9032772,6,299.09375,2875.5
1785146982.9032772,12,302.328125,2947.0
1785146982.9032772,6,303.96875,3032.0
1785146982.9032772,10,305.609375,3098.0
1785146982.9032772,15,315.390625,3688.75
1785146982.9032772,15,336.8125,3255.75
1785146982.9032772,15,338.46875,3246.75
1785146982.9032772,15,348.3125,3309.0
1785146982.9032772,15,349.953125,3322.25
1785146983.014166,15,351.59375,3258.25
1785146983.014166,15,353.234375,3233.5
1785146983.014166,15,354.875,3233.0
1785146983.014166,15,356.5,3182.75
1785146983.014166,15,358.15625,3166.25
1785146983.014166,15,8.375,1787.25
1785146983.014166,15,13.15625,1950.75
1785146983.014166,15,22.8125,2582.75
1785146983.014166,15,48.203125,106.25
1785146983.014166,15,165.5625,1637.0
1785146983.014166,15,167.25,1612.5
1785146983.014166,9,168.859375,1599.25
1785146983.014166,15,170.484375,1603.25
1785146983.014166,15,232.875,1440.25
1785146983.014166,15,234.515625,1441.75
1785146983.014166,15,236.125,1462.0
1785146983.014166,15,237.71875,1456.0
1785146983.014166,15,239.390625,1454.75
1785146983.014166,15,241.03125,1475.0
1785146983.014166,15,242.640625,1507.0
1785146983.014166,15,248.8125,2424.5
1785146983.014166,15,250.453125,2403.5
1785146983.014166,6,252.078125,2391.5
1785146983.014166,10,253.734375,2375.25
1785146983.014166,11,255.375,2361.25
1785146983.014166,7,257.015625,2354.0
1785146983.014166,11,258.640625,2341.0
1785146983.014166,10,260.265625,2333.0
1785146983.014166,12,261.9375,2328.5
1785146983.014166,15,263.5625,2321.75
1785146983.014166,12,265.171875,2326.5
1785146983.014166,11,266.828125,2335.0
1785146983.014166,9,268.46875,2341.0
1785146983.014166,15,270.0625,2354.5
1785146983.014166,15,271.71875,2378.75
1785146983.014166,15,273.328125,2408.25
1785146983.014166,12,275.0,2428.75
1785146983.014166,11,276.625,2441.0
1785146983.014166,8,278.28125,2446.0
1785146983.014166,15,279.90625,2459.25
1785146983.014166,15,281.53125,2491.25
1785146983.014166,15,283.171875,2522.25
1785146983.014166,6,284.796875,2545.75
1785146983.014166,15,286.421875,2568.25
1785146983.014166,15,288.046875,2596.5
1785146983.014166,11,289.6875,2620.0
1785146983.014166,12,291.3125,2647.25
1785146983.014166,11,292.953125,2686.5
1785146983.014166,12,294.578125,2721.5
1785146983.014166,12,296.203125,2770.25
1785146983.014166,9,297.8125,2828.0
1785146983.014166,10,299.515625,2894.75
1785146983.014166,10,301.15625,2958.25
1785146983.014166,7,302.8125,2997.25
1785146983.014166,15,304.4375,3061.25
1785146983.014166,9,306.078125,3133.0
1785146983.014166,15,337.296875,3255.75
1785146983.014166,15,338.921875,3243.5
1785146983.014166,15,350.4375,3324.75
1785146983.2408042,15,350.96875,3323.0
1785146983.2408042,15,352.59375,3259.25
1785146983.2408042,15,354.25,3236.25
1785146983.2408042,15,357.546875,3150.5
1785146983.2408042,15,9.359375,1796.75
1785146983.2408042,15,14.140625,1955.0
1785146983.2408042,15,22.15625,2562.25
1785146983.2408042,15,47.359375,107.0
1785146983.2408042,15,50.578125,101.25
1785146983.2408042,15,166.6875,1634.75
1785146983.2408042,15,168.375,1602.75
1785146983.2408042,15,170.015625,1598.25
1785146983.2408042,15,173.265625,1605.0
1785146983.2408042,15,176.46875,1819.75
1785146983.2408042,15,178.078125,1832.5
1785146983.2408042,9,215.328125,3666.0
1785146983.2408042,15,223.59375,3197.0
1785146983.2408042,15,235.578125,1472.0
1785146983.2408042,15,238.84375,1470.0
1785146983.2408042,15,240.484375,1477.75
1785146983.2408042,15,242.09375,1490.0
1785146983.2408042,15,243.71875,1517.25
1785146983.2408042,15,245.28125,1547.25
1785146983.2408042,11,251.546875,2444.25
1785146983.2408042,12,253.140625,2440.0
1785146983.2408042,15,254.78125,2434.75
1785146983.2408042,15,256.453125,2424.0
1785146983.2408042,15,258.078125,2414.5
1785146983.2408042,15,259.703125,2409.5
1785146983.2408042,7,261.375,2395.0
1785146983.2408042,11,263.015625,2376.75
1785146983.2408042,9,264.640625,2370.25
1785146983.2408042,7,266.265625,2371.25
1785146983.2408042,10,267.890625,2376.5
1785146983.2408042,8,269.5625,2382.25
1785146983.2408042,15,271.171875,2401.0
1785146983.2408042,15,272.828125,2424.0
1785146983.2408042,15,274.421875,2434.25
1785146983.2408042,15,276.03125,2438.5
1785146983.2408042,11,277.671875,2444.25
1785146983.2408042,8,279.265625,2453.5
1785146983.2408042,15,280.90625,2471.5
1785146983.2408042,15,282.5625,2499.25
1785146983.2408042,9,284.171875,2527.5
1785146983.2408042,7,285.8125,2553.75
1785146983.2408042,15,287.40625,2581.25
1785146983.2408042,10,289.046875,2607.25
1785146983.2408042,6,290.671875,2643.5
1785146983.2408042,10,292.296875,2683.25
1785146983.2408042,10,293.953125,2703.5
1785146983.2408042,6,295.546875,2737.75
1785146983.2408042,15,297.1875,2807.75
1785146983.2408042,8,298.890625,2885.25
1785146983.2408042,14,300.515625,2943.25
1785146983.2408042,11,302.171875,2982.0
1785146983.2408042,9,303.796875,3039.5
1785146983.2408042,13,305.4375,3110.5
1785146983.2408042,9,307.046875,3187.75
1785146983.2408042,9,315.203125,3654.0
1785146983.2408042,15,338.296875,3259.75
1785146983.2408042,15,341.5625,3286.5
1785146983.2408042,15,349.765625,3360.75
1785146983.4629745,15,351.84375,3323.5
1785146983.4629745,15,353.5,3256.0
1785146983.4629745,15,355.140625,3229.25
1785146983.4629745,15,356.8125,3187.25
1785146983.4629745,15,358.421875,3158.0
1785146983.4629745,15,8.625,1786.25
1785146983.4629745,15,13.421875,1938.75
1785146983.4629745,15,23.078125,2545.0
1785146983.4629745,15,46.828125,108.25
1785146983.4629745,15,48.1875,106.0
1785146983.4629745,15,161.8125,12265.75
1785146983.4629745,15,169.140625,1612.5
1785146983.4629745,15,170.765625,1580.5
1785146983.4629745,15,172.453125,1576.0
1785146983.4629745,15,178.859375,1814.75
1785146983.4629745,15,180.515625,1824.75
1785146983.4629745,7,212.78125,3871.75
1785146983.4629745,15,224.328125,3176.5
1785146983.4629745,12,225.96875,3103.5
1785146983.4629745,15,237.921875,1500.25
1785146983.4629745,15,241.15625,1499.0
1785146983.4629745,15,242.828125,1512.75
1785146983.4629745,15,244.40625,1528.0
1785146983.4629745,15,246.015625,1560.25
1785146983.4629745,15,252.25,2433.5
1785146983.4629745,15,253.890625,2411.75
1785146983.4629745,8,255.546875,2393.25
1785146983.4629745,9,257.1875,2379.25
1785146983.4629745,8,258.78125,2365.0
1785146983.4629745,6,260.4375,2355.0
1785146983.4629745,10,262.09375,2343.75
1785146983.4629745,11,263.71875,2336.5
1785146983.4629745,13,265.34375,2339.5
1785146983.4629745,12,267.0,2341.5
1785146983.4629745,11,268.640625,2334.75
1785146983.4629745,11,270.28125,2333.5
1785146983.4629745,12,271.890625,2343.25
1785146983.4629745,9,273.53125,2360.5
1785146983.4629745,15,275.140625,2384.25
1785146983.4629745,15,276.75,2404.25
1785146983.4629745,15,278.375,2428.0
1785146983.4629745,9,280.03125,2442.25
1785146983.4629745,7,281.640625,2446.75
1785146983.4629745,15,283.265625,2462.0
1785146983.4629745,15,284.90625,2494.25
1785146983.4629745,6,286.546875,2533.75
1785146983.4629745,15,288.171875,2564.0
1785146983.4629745,13,289.765625,2593.0
1785146983.4629745,9,291.40625,2616.5
1785146983.4629745,10,293.03125,2652.0
1785146983.4629745,12,294.6875,2691.75
1785146983.4629745,12,296.296875,2723.25
1785146983.4629745,12,297.921875,2780.5
1785146983.4629745,5,299.640625,2854.75
1785146983.4629745,15,301.25,2924.75
1785146983.4629745,10,302.890625,2966.75
1785146983.4629745,11,304.5,3020.75
1785146983.4629745,11,306.140625,3109.5
1785146983.4629745,11,322.4375,4121.25
1785146983.4629745,15,338.921875,3273.5
1785146983.4629745,15,342.171875,3293.25
1785146983.4629745,15,350.359375,3380.5
1785146983.6890335,15,350.671875,3378.75
1785146983.6890335,15,352.3125,3335.25
1785146983.6890335,15,353.96875,3273.0
1785146983.6890335,15,355.609375,3246.25
1785146983.6890335,15,358.890625,3162.5
1785146983.6890335,15,9.078125,1796.5
1785146983.6890335,15,13.875,1939.75
1785146983.6890335,15,23.515625,2538.0
1785146983.6890335,15,46.59375,107.5
1785146983.6890335,11,158.96875,12316.75
1785146983.6890335,10,160.609375,12340.5
1785146983.6890335,15,165.515625,12312.25
1785146983.6890335,15,171.234375,1610.25
1785146983.6890335,15,172.828125,1573.5
1785146983.6890335,15,174.515625,1557.5
1785146983.6890335,15,176.15625,1561.25
1785146983.6890335,15,179.46875,1580.25
1785146983.6890335,15,182.625,1777.0
1785146983.6890335,10,216.578125,3664.75
1785146983.6890335,11,224.84375,3217.25
1785146983.6890335,15,226.484375,3160.0
1785146983.6890335,12,228.109375,3090.75
1785146983.6890335,15,240.0625,1541.75
1785146983.6890335,15,243.3125,1533.25
1785146983.6890335,15,244.9375,1547.0
1785146983.6890335,15,246.5625,1563.25
1785146983.6890335,15,252.765625,2495.25
1785146983.6890335,10,254.390625,2477.0
1785146983.6890335,14,256.046875,2458.5
1785146983.6890335,12,257.671875,2452.0
1785146983.6890335,10,259.3125,2447.0
1785146983.6890335,10,260.953125,2443.0
1785146983.6890335,10,262.59375,2443.5
1785146983.6890335,13,264.21875,2443.75
1785146983.6890335,12,265.875,2443.5
1785146983.6890335,14,267.5,2442.5
1785146983.6890335,11,269.140625,2440.75
1785146983.6890335,12,270.78125,2442.0
1785146983.6890335,9,272.40625,2448.0
1785146983.6890335,11,274.046875,2460.75
1785146983.6890335,15,275.703125,2486.75
1785146983.6890335,10,277.328125,2519.5
1785146983.6890335,9,278.984375,2540.75
1785146983.6890335,7,280.59375,2553.5
1785146983.6890335,15,282.234375,2571.0
1785146983.6890335,11,283.890625,2597.75
1785146983.6890335,8,285.5,2632.0
1785146983.6890335,15,287.125,2668.5
1785146983.6890335,13,288.78125,2695.25
1785146983.6890335,9,290.390625,2724.5
1785146983.6890335,9,292.03125,2767.75
1785146983.6890335,11,298.671875,2937.75
1785146983.6890335,5,300.296875,2999.0
1785146983.6890335,12,301.953125,3069.25
1785146983.6890335,15,338.09375,3280.25
1785146983.6890335,15,339.734375,3320.5
1785146983.6890335,15,343.03125,3338.0
1785146983.9125621,15,351.984375,3367.0
1785146983.9125621,15,353.640625,3318.25
1785146983.9125621,15,355.25,3281.25
1785146983.9125621,15,356.9375,3266.25
1785146983.9125621,15,358.578125,3201.0
1785146983.9125621,15,0.21875,3194.5
1785146983.9125621,15,8.78125,1790.25
1785146983.9125621,15,13.5625,1931.0
1785146983.9125621,15,23.265625,2547.75
1785146983.9125621,15,46.703125,107.75
1785146983.9125621,15,49.046875,105.5
1785146983.9125621,11,160.28125,12241.75
1785146983.9125621,10,161.921875,12307.75
1785146983.9125621,15,174.171875,1582.5
1785146983.9125621,15,175.859375,1553.25
1785146983.9125621,15,177.53125,1548.25
1785146983.9125621,15,182.390625,1572.75
1785146983.9125621,15,185.5625,1815.75
1785146983.9125621,9,217.921875,3667.75
1785146983.9125621,12,226.1875,3224.75
1785146983.9125621,15,227.75,3160.0
1785146983.9125621,13,229.40625,3090.5
1785146983.9125621,15,242.953125,1561.0
1785146983.9125621,15,244.5625,1566.25
1785146983.9125621,15,246.234375,1570.25
1785146983.9125621,15,247.78125,1585.5
1785146983.9125621,12,255.703125,2455.0
1785146983.9125621,10,257.375,2443.5
1785146983.9125621,10,259.0,2441.25
1785146983.9125621,12,260.625,2440.0
1785146983.9125621,15,262.265625,2433.75
1785146983.9125621,15,263.90625,2430.0
1785146983.9125621,15,265.5625,2428.5
1785146983.9125621,13,267.1875,2433.25
1785146983.9125621,14,268.8125,2433.75
1785146983.9125621,14,270.453125,2430.5
1785146983.9125621,15,272.09375,2435.5
1785146983.9125621,11,273.703125,2437.5
1785146983.9125621,10,275.359375,2439.0
1785146983.9125621,11,276.96875,2444.5
1785146983.9125621,10,278.609375,2450.75
1785146983.9125621,9,280.234375,2463.0
1785146983.9125621,15,281.890625,2489.75
1785146983.9125621,15,283.5,2509.75
1785146983.9125621,7,285.15625,2528.25
1785146983.9125621,6,286.78125,2557.5
1785146983.9125621,15,288.375,2589.5
1785146983.9125621,9,290.015625,2629.5
1785146983.9125621,11,291.640625,2660.5
1785146983.9125621,14,293.296875,2689.25
1785146983.9125621,9,294.90625,2716.0
1785146983.9125621,11,298.171875,2763.5
1785146983.9125621,15,301.484375,2936.25
1785146983.9125621,11,303.109375,2978.25
1785146983.9125621,11,304.75,3031.75
1785146983.9125621,12,306.390625,3097.5
1785146983.9125621,8,308.015625,3171.5
1785146983.9125621,8,309.640625,3244.75
1785146983.9125621,10,324.328125,4148.5
1785146983.9125621,15,340.828125,3339.5
1785146984.0270398,15,352.375,3388.5
1785146984.0270398,15,354.03125,3321.25
1785146984.0270398,15,355.65625,3301.5
1785146984.0270398,15,357.328125,3286.0
1785146984.0270398,15,358.984375,3212.25
1785146984.0270398,15,0.609375,3214.75
1785146984.0270398,15,13.953125,1934.0
1785146984.0270398,15,23.609375,2528.0
1785146984.0270398,15,47.28125,107.5
1785146984.0270398,15,50.53125,101.75
1785146984.0270398,9,160.640625,12200.0
1785146984.0270398,8,162.28125,12270.5
1785146984.0270398,15,174.59375,1592.25
1785146984.0270398,15,176.25,1556.25
1785146984.0270398,15,177.890625,1540.0
1785146984.0270398,15,182.734375,1545.5
1785146984.0270398,15,185.90625,1811.25
1785146984.0270398,15,187.5,1833.5
1785146984.0270398,15,226.421875,3209.75
1785146984.0270398,8,228.09375,3138.5
1785146984.0270398,12,229.734375,3071.75
1785146984.0270398,15,231.375,3012.5
1785146984.0270398,15,244.875,1576.5
1785146984.0270398,15,246.5625,1582.0
1785146984.0270398,15,256.078125,2445.75
1785146984.0270398,14,257.734375,2439.0
1785146984.0270398,15,259.359375,2432.25
1785146984.0270398,15,261.015625,2428.0
1785146984.0270398,15,262.640625,2418.5
1785146984.0270398,15,264.28125,2410.75
1785146984.0270398,15,265.890625,2401.0
1785146984.0270398,15,267.546875,2397.5
1785146984.0270398,15,269.171875,2399.25
1785146984.0270398,15,270.828125,2398.5
1785146984.0270398,15,272.46875,2398.5
1785146984.0270398,15,274.09375,2410.75
1785146984.0270398,15,275.65625,2425.25
1785146984.0270398,12,277.296875,2434.0
1785146984.0270398,9,278.90625,2439.75
1785146984.0270398,9,280.53125,2447.5
1785146984.0270398,8,282.1875,2459.0
1785146984.0270398,15,283.796875,2469.5
1785146984.0270398,15,285.40625,2491.5
1785146984.0270398,14,287.0625,2518.75
1785146984.0270398,6,288.703125,2544.0
1785146984.0270398,15,290.296875,2570.0
1785146984.0270398,13,291.9375,2598.0
1785146984.0270398,7,293.5625,2629.0
1785146984.0270398,14,295.203125,2658.5
1785146984.0270398,15,296.8125,2688.25
1785146984.0270398,15,298.5625,2714.5
1785146984.0270398,12,300.171875,2766.25
1785146984.0270398,9,301.796875,2826.5
1785146984.0270398,12,305.0625,2966.25
1785146984.0270398,15,339.53125,3396.5
1785146984.0270398,15,341.171875,3357.25
1785146984.252793,15,352.90625,3388.0
1785146984.252793,15,354.5625,3325.75
1785146984.252793,15,356.1875,3303.5
1785146984.252793,15,357.84375,3287.0
1785146984.252793,15,359.484375,3224.75
1785146984.252793,15,1.109375,3226.75
1785146984.252793,15,8.03125,1786.75
1785146984.252793,15,47.765625,106.75
1785146984.252793,11,161.234375,12163.75
1785146984.252793,11,162.875,12298.25
1785146984.252793,8,164.515625,12417.0
1785146984.252793,15,176.75,1602.75
1785146984.252793,15,189.703125,1816.0
1785146984.252793,15,225.34375,3226.5
1785146984.252793,15,227.015625,3174.0
1785146984.252793,15,230.328125,3042.5
1785146984.252793,15,231.9375,2998.25
1785146984.252793,9,233.59375,2929.25
1785146984.252793,15,247.046875,1620.75
1785146984.252793,14,258.203125,2450.5
1785146984.252793,13,259.828125,2444.25
1785146984.252793,13,261.46875,2442.5
1785146984.252793,12,263.125,2442.0
1785146984.252793,15,264.71875,2435.0
1785146984.252793,13,266.375,2432.5
1785146984.252793,11,268.0,2434.75
1785146984.252793,14,269.640625,2437.25
1785146984.252793,12,271.28125,2439.25
1785146984.252793,10,272.921875,2438.5
1785146984.252793,14,274.5625,2433.75
1785146984.252793,9,276.140625,2430.25
1785146984.252793,11,277.78125,2437.75
1785146984.252793,11,279.421875,2446.5
1785146984.252793,15,281.03125,2471.0
1785146984.252793,15,282.671875,2502.0
1785146984.252793,14,284.265625,2516.5
1785146984.252793,9,285.921875,2533.25
1785146984.252793,15,287.53125,2559.0
1785146984.252793,15,289.15625,2593.5
1785146984.252793,8,290.796875,2628.25
1785146984.252793,15,292.4375,2666.5
1785146984.252793,12,294.046875,2695.5
1785146984.252793,11,295.65625,2704.75
1785146984.252793,9,297.296875,2743.0
1785146984.252793,9,299.078125,2795.75
1785146984.252793,8,300.671875,2843.0
1785146984.252793,12,302.328125,2913.5
1785146984.252793,10,303.9375,2972.25
1785146984.252793,9,305.59375,3022.75
1785146984.252793,12,307.21875,3083.75
1785146984.252793,9,308.84375,3132.5
1785146984.252793,10,321.90625,3916.5
1785146984.252793,15,341.734375,3364.0
1785146984.474481,15,353.59375,3392.75
1785146984.474481,15,355.234375,3327.0
1785146984.474481,15,356.875,3311.0
1785146984.474481,15,358.5,3297.0
1785146984.474481,15,0.171875,3220.5
1785146984.474481,15,8.6875,1801.25
1785146984.474481,15,13.546875,1925.0
1785146984.474481,15,46.046875,107.75
1785146984.474481,15,48.796875,105.5
1785146984.474481,8,163.546875,12232.5
1785146984.474481,9,165.171875,12284.0
1785146984.474481,15,188.96875,1541.75
1785146984.474481,13,227.75,3219.5
1785146984.474481,15,229.40625,3149.0
1785146984.474481,12,231.03125,3078.0
1785146984.474481,15,232.6875,3005.0
1785146984.474481,10,234.34375,2946.25
1785146984.474481,15,240.90625,2751.75
1785146984.474481,11,257.3125,2481.5
1785146984.474481,12,258.9375,2452.5
1785146984.474481,11,260.59375,2456.5
1785146984.474481,10,262.234375,2442.75
1785146984.474481,10,263.828125,2432.5
1785146984.474481,13,265.46875,2430.75
1785146984.474481,9,267.109375,2434.25
1785146984.474481,11,268.765625,2434.75
1785146984.474481,11,270.390625,2431.75
1785146984.474481,11,272.03125,2436.0
1785146984.474481,13,273.671875,2437.75
1785146984.474481,12,275.28125,2439.25
1785146984.474481,11,276.921875,2443.75
1785146984.474481,9,278.53125,2446.0
1785146984.474481,9,280.15625,2450.5
1785146984.474481,15,281.765625,2463.0
1785146984.474481,15,283.421875,2483.5
1785146984.474481,15,285.03125,2504.75
1785146984.474481,11,286.65625,2522.75
1785146984.474481,6,288.296875,2544.75
1785146984.474481,15,289.9375,2573.5
1785146984.474481,8,291.5625,2610.75
1785146984.474481,6,293.203125,2641.75
1785146984.474481,8,294.8125,2663.25
1785146984.474481,13,296.4375,2691.0
1785146984.474481,13,298.078125,2724.25
1785146984.474481,12,299.765625,2766.25
1785146984.474481,14,301.375,2814.25
1785146984.474481,11,304.625,2949.75
1785146984.474481,11,306.265625,2985.75
1785146984.474481,14,307.890625,3043.0
1785146984.474481,13,309.515625,3106.0
1785146984.474481,6,311.15625,3169.5
1785146984.474481,9,324.21875,3938.5
1785146984.474481,15,342.34375,3382.25
1785146984.7006376,15,354.09375,3400.0
1785146984.7006376,15,355.75,3336.0
1785146984.7006376,15,357.390625,3319.75
1785146984.7006376,15,359.046875,3310.25
1785146984.7006376,15,0.671875,3234.25
1785146984.7006376,15,2.3125,3231.5
1785146984.7006376,15,7.625,1788.75
1785146984.7006376,15,14.046875,1923.5
1785146984.7006376,15,47.015625,107.25
1785146984.7006376,15,51.421875,101.25
1785146984.7006376,11,163.921875,12124.25
1785146984.7006376,11,165.5625,12273.25
1785146984.7006376,8,167.203125,12349.25
1785146984.7006376,13,181.078125,1621.0
1785146984.7006376,15,182.71875,1588.75
1785146984.7006376,15,187.6875,1528.75
1785146984.7006376,15,190.9375,1540.5
1785146984.7006376,8,221.40625,3662.5
1785146984.7006376,15,229.671875,3189.25
1785146984.7006376,8,231.3125,3123.75
1785146984.7006376,11,232.96875,3060.0
1785146984.7006376,15,234.609375,2999.25
1785146984.7006376,10,236.25,2933.0
1785146984.7006376,15,242.859375,2739.75
1785146984.7006376,8,251.109375,2557.0
1785146984.7006376,15,252.75,2531.0
1785146984.7006376,15,254.390625,2514.5
1785146984.7006376,11,259.328125,2488.75
1785146984.7006376,13,260.96875,2457.75
1785146984.7006376,12,262.609375,2451.75
1785146984.7006376,10,264.25,2448.75
1785146984.7006376,11,265.875,2444.25
1785146984.7006376,10,267.515625,2443.25
1785146984.7006376,12,269.171875,2442.25
1785146984.7006376,10,270.78125,2442.25
1785146984.7006376,13,272.453125,2442.25
1785146984.7006376,12,274.0625,2443.0
1785146984.7006376,11,275.6875,2438.25
1785146984.7006376,11,277.28125,2437.0
1785146984.7006376,9,278.921875,2441.75
1785146984.7006376,10,280.578125,2449.25
1785146984.7006376,8,282.1875,2463.5
1785146984.7006376,15,283.828125,2483.5
1785146984.7006376,15,285.484375,2501.75
1785146984.7006376,14,287.078125,2518.25
1785146984.7006376,8,288.734375,2542.25
1785146984.7006376,7,290.375,2566.75
1785146984.7006376,12,292.0,2595.25
1785146984.7006376,11,293.59375,2627.0
1785146984.7006376,13,295.25,2658.0
1785146984.7006376,13,296.890625,2688.0
1785146984.7006376,12,298.578125,2713.25
1785146984.7006376,6,300.203125,2744.5
1785146984.7006376,11,301.84375,2790.5
1785146984.7006376,11,303.46875,2846.0
1785146984.7006376,12,305.09375,2920.25
1785146984.7006376,8,306.734375,2971.0
1785146984.7006376,7,308.34375,3013.5
1785146984.7006376,10,309.984375,3084.0
1785146984.7006376,8,311.625,3147.5
1785146984.7006376,10,313.234375,3224.25
1785146984.7006376,15,342.796875,3395.25
1785146984.9277995,15,354.5625,3425.0
1785146984.9277995,15,356.21875,3355.0
1785146984.9277995,15,357.84375,3325.75
1785146984.9277995,15,359.5,3307.25
1785146984.9277995,15,1.171875,3245.5
1785146984.9277995,15,8.078125,1790.5
1785146984.9277995,15,46.953125,106.75
1785146984.9277995,12,164.375,11917.5
1785146984.9277995,10,166.0,12159.0
1785146984.9277995,9,167.640625,12312.5
1785146984.9277995,9,169.28125,12436.0
1785146984.9277995,15,183.125,1617.75
1785146984.9277995,10,186.46875,1576.25
1785146984.9277995,15,189.75,1538.25
1785146984.9277995,15,193.015625,1525.0
1785146984.9277995,15,194.65625,1548.5
1785146984.9277995,8,230.203125,3150.25
1785146984.9277995,12,231.828125,3076.0
1785146984.9277995,15,233.46875,3007.0
1785146984.9277995,11,235.125,2941.25
1785146984.9277995,11,236.765625,2897.25
1785146984.9277995,15,238.40625,2856.25
1785146984.9277995,12,244.96875,2681.25
1785146984.9277995,15,253.171875,2515.5
1785146984.9277995,15,254.8125,2494.5
1785146984.9277995,15,261.375,2470.25
1785146984.9277995,10,263.0,2443.5
1785146984.9277995,10,264.640625,2436.5
1785146984.9277995,11,266.265625,2436.5
1785146984.9277995,12,267.90625,2440.25
1785146984.9277995,13,269.53125,2437.5
1785146984.9277995,15,271.171875,2437.25
1785146984.9277995,13,272.828125,2435.75
1785146984.9277995,10,274.4375,2435.5
1785146984.9277995,13,276.03125,2439.25
1785146984.9277995,10,277.671875,2444.0
1785146984.9277995,10,279.28125,2451.0
1785146984.9277995,9,280.921875,2455.5
1785146984.9277995,9,282.5625,2469.5
1785146984.9277995,15,284.203125,2482.25
1785146984.9277995,14,285.796875,2496.75
1785146984.9277995,14,287.421875,2522.75
1785146984.9277995,6,289.078125,2543.75
1785146984.9277995,15,290.6875,2569.5
1785146984.9277995,14,292.296875,2604.25
1785146984.9277995,8,293.921875,2640.25
1785146984.9277995,13,295.53125,2678.75
1785146984.9277995,15,297.171875,2710.0
1785146984.9277995,7,298.96875,2746.5
1785146984.9277995,10,300.59375,2794.75
1785146984.9277995,15,302.25,2837.75
1785146984.9277995,14,303.828125,2903.5
1785146984.9277995,10,305.46875,2970.5
1785146984.9277995,9,307.109375,3034.25
1785146984.9277995,9,308.734375,3097.75
1785146984.9277995,9,310.359375,3167.25
1785146984.9277995,11,312.03125,3244.75
1785146984.9277995,15,343.234375,3405.0
1785146984.9277995,15,346.484375,3452.0
1785146985.0386178,15,354.6875,3433.0
1785146985.0386178,15,356.359375,3362.5
1785146985.0386178,15,357.96875,3344.25
1785146985.0386178,15,359.625,3325.25
1785146985.0386178,15,1.28125,3244.5
1785146985.0386178,15,2.90625,3233.75
1785146985.0386178,15,8.21875,1798.25
1785146985.0386178,15,12.96875,1921.5
1785146985.0386178,12,26.0625,2051.5
1785146985.0386178,15,46.65625,106.25
1785146985.0386178,11,166.1875,12060.75
1785146985.0386178,11,167.8125,12198.5
1785146985.0386178,8,169.453125,12359.75
1785146985.0386178,9,189.890625,1536.0
1785146985.0386178,15,191.515625,1523.5
1785146985.0386178,15,194.78125,1531.75
1785146985.0386178,15,231.9375,3183.0
1785146985.0386178,12,235.234375,3039.75
1785146985.0386178,15,236.875,3001.0
1785146985.0386178,10,238.53125,2935.5
1785146985.0386178,14,240.171875,2883.75
1785146985.0386178,15,245.09375,2752.0
1785146985.0386178,10,246.734375,2711.5
1785146985.0386178,12,254.9375,2539.5
1785146985.0386178,15,256.5625,2525.25
1785146985.0386178,15,261.5,2509.5
1785146985.0386178,9,263.140625,2484.75
1785146985.0386178,10,264.765625,2468.25
1785146985.0386178,8,266.421875,2458.75
1785146985.0386178,10,268.046875,2446.5
1785146985.0386178,8,269.703125,2439.5
1785146985.0386178,11,271.3125,2442.25
1785146985.0386178,9,272.953125,2441.5
1785146985.0386178,15,274.59375,2444.0
1785146985.0386178,9,276.1875,2441.5
1785146985.0386178,9,277.828125,2441.0
1785146985.0386178,9,279.46875,2450.0
1785146985.0386178,8,281.078125,2463.0
1785146985.0386178,15,282.75,2478.25
1785146985.0386178,15,284.34375,2492.5
1785146985.0386178,15,286.015625,2503.75
1785146985.0386178,11,287.640625,2514.25
1785146985.0386178,6,289.265625,2531.5
1785146985.0386178,9,290.90625,2551.0
1785146985.0386178,15,292.5,2581.75
1785146985.0386178,15,294.125,2616.5
1785146985.0386178,9,295.75,2654.25
1785146985.0386178,13,297.390625,2687.25
1785146985.0386178,11,299.15625,2701.75
1785146985.0386178,6,300.78125,2739.5
1785146985.0386178,10,302.421875,2794.0
1785146985.0386178,9,304.03125,2842.0
1785146985.0386178,15,305.65625,2909.75
1785146985.0386178,12,307.296875,2969.25
1785146985.0386178,5,308.9375,3015.25
1785146985.0386178,15,310.546875,3079.0
1785146985.0386178,15,343.328125,3426.25
1785146985.0386178,10,344.9375,3456.75
1785146985.0386178,15,346.609375,3481.25
1785146985.2635238,15,353.125,3473.5
1785146985.2635238,15,354.765625,3444.0
1785146985.2635238,15,356.421875,3384.5
1785146985.2635238,15,358.046875,3361.75
1785146985.2635238,15,359.671875,3349.25
1785146985.2635238,15,2.953125,3217.0
1785146985.2635238,15,8.21875,1803.5
1785146985.2635238,15,13.0625,1921.0
1785146985.2635238,15,48.109375,106.5
1785146985.2635238,13,166.125,11933.25
1785146985.2635238,10,167.75,12068.0
1785146985.2635238,12,169.390625,12233.0
1785146985.2635238,9,171.015625,12340.5
1785146985.2635238,15,194.859375,1527.0
1785146985.2635238,15,196.453125,1531.0
1785146985.2635238,15,198.109375,1541.25
1785146985.2635238,7,223.734375,3651.5
1785146985.2635238,14,231.921875,3209.5
1785146985.2635238,14,235.203125,3041.25
1785146985.2635238,15,236.84375,2999.75
1785146985.2635238,10,238.5,2935.0
1785146985.2635238,15,240.125,2885.0
1785146985.2635238,15,241.78125,2860.75
1785146985.2635238,11,248.3125,2697.25
1785146985.2635238,11,256.53125,2547.25
1785146985.2635238,11,258.15625,2539.5
1785146985.2635238,14,263.078125,2526.5
1785146985.2635238,15,264.703125,2510.75
1785146985.2635238,15,266.328125,2496.75
1785146985.2635238,15,267.96875,2488.0
1785146985.2635238,8,269.609375,2485.0
1785146985.2635238,9,271.234375,2476.25
1785146985.2635238,10,272.890625,2470.75
1785146985.2635238,12,274.515625,2463.0
1785146985.2635238,10,276.15625,2456.5
1785146985.2635238,9,277.8125,2456.0
1785146985.2635238,9,279.453125,2466.0
1785146985.2635238,15,281.0625,2486.5
1785146985.2635238,15,282.703125,2490.25
1785146985.2635238,12,284.328125,2505.75
1785146985.2635238,15,285.96875,2518.0
1785146985.2635238,9,287.625,2529.75
1785146985.2635238,7,289.25,2555.0
1785146985.2635238,14,290.890625,2575.75
1785146985.2635238,15,292.5,2610.5
1785146985.2635238,8,294.109375,2644.75
1785146985.2635238,15,295.734375,2669.25
1785146985.2635238,11,297.375,2692.25
1785146985.2635238,7,299.078125,2725.25
1785146985.2635238,12,300.703125,2779.25
1785146985.2635238,11,302.34375,2816.25
1785146985.2635238,7,303.9375,2859.0
1785146985.2635238,14,305.5625,2927.75
1785146985.2635238,10,307.234375,2984.25
1785146985.2635238,11,310.453125,3119.0
1785146985.2635238,11,313.734375,3254.25
1785146985.2635238,15,341.5625,3552.75
1785146985.2635238,15,343.21875,3487.0
1785146985.2635238,13,344.875,3460.5
1785146985.4905083,15,356.421875,3429.25
1785146985.4905083,15,358.078125,3355.75
1785146985.4905083,15,359.71875,3328.0
1785146985.4905083,15,3.03125,3213.0
1785146985.4905083,15,8.265625,1807.5
1785146985.4905083,15,13.109375,1919.75
1785146985.4905083,15,46.984375,106.25
1785146985.4905083,11,167.828125,11938.25
1785146985.4905083,9,169.46875,12141.25
1785146985.4905083,10,171.109375,12260.5
1785146985.4905083,15,196.515625,1536.0
1785146985.4905083,15,199.765625,1532.5
1785146985.4905083,15,201.375,1555.75
1785146985.4905083,15,230.265625,3330.75
1785146985.4905083,15,233.5625,3153.0
1785146985.4905083,14,235.203125,3076.75
1785146985.4905083,15,236.84375,3016.75
1785146985.4905083,9,238.46875,2962.25
1785146985.4905083,14,240.125,2902.0
1785146985.4905083,15,241.78125,2873.75
1785146985.4905083,15,243.421875,2851.25
1785146985.4905083,12,249.984375,2673.0
1785146985.4905083,14,258.21875,2538.0
1785146985.4905083,11,259.859375,2531.0
1785146985.4905083,15,264.78125,2510.5
1785146985.4905083,15,266.390625,2492.75
1785146985.4905083,15,268.015625,2494.5
1785146985.4905083,8,269.703125,2487.5
1785146985.4905083,8,271.34375,2474.5
1785146985.4905083,9,272.9375,2472.0
1785146985.4905083,11,274.59375,2467.0
1785146985.4905083,10,276.15625,2463.75
1785146985.4905083,11,277.796875,2475.75
1785146985.4905083,15,279.40625,2485.0
1785146985.4905083,15,281.046875,2488.75
1785146985.4905083,15,282.6875,2508.0
1785146985.4905083,15,284.296875,2523.75
1785146985.4905083,10,285.9375,2529.5
1785146985.4905083,8,287.5625,2536.25
1785146985.4905083,7,289.203125,2548.5
1785146985.4905083,15,290.796875,2571.0
1785146985.4905083,15,292.4375,2597.5
1785146985.4905083,8,294.078125,2630.25
1785146985.4905083,13,295.6875,2668.25
1785146985.4905083,14,297.328125,2694.25
1785146985.4905083,8,299.015625,2717.5
1785146985.4905083,9,300.640625,2760.5
1785146985.4905083,11,302.28125,2803.25
1785146985.4905083,8,303.90625,2840.0
1785146985.4905083,10,307.1875,2965.25
1785146985.4905083,8,308.8125,3012.25
1785146985.4905083,11,310.421875,3086.75
1785146985.4905083,11,312.0625,3141.25
1785146985.4905083,15,344.90625,3481.75
1785146985.7134154,15,356.46875,3469.0
1785146985.7134154,15,358.140625,3381.25
1785146985.7134154,15,359.78125,3350.25
1785146985.7134154,15,3.09375,3222.75
1785146985.7134154,15,4.71875,3259.0
1785146985.7134154,10,8.296875,1814.0
1785146985.7134154,15,13.109375,1916.5
1785146985.7134154,15,47.921875,106.25
1785146985.7134154,12,159.78125,12284.25
1785146985.7134154,7,164.703125,12193.0
1785146985.7134154,10,166.34375,11927.25
1785146985.7134154,13,167.984375,11769.25
1785146985.7134154,13,169.625,11855.5
1785146985.7134154,12,171.265625,12114.0
1785146985.7134154,9,172.890625,12303.0
1785146985.7134154,8,174.53125,12412.0
1785146985.7134154,12,198.234375,1545.0
1785146985.7134154,15,199.921875,1538.0
1785146985.7134154,15,201.53125,1535.75
1785146985.7134154,15,203.140625,1546.0
1785146985.7134154,13,223.890625,3674.0
1785146985.7134154,11,232.203125,3222.75
1785146985.7134154,15,233.84375,3151.75
1785146985.7134154,13,235.46875,3077.25
1785146985.7134154,15,237.15625,3004.75
1785146985.7134154,13,238.78125,2933.75
1785146985.7134154,13,240.453125,2881.75
1785146985.7134154,15,242.0625,2843.25
1785146985.7134154,14,243.71875,2796.0
1785146985.7134154,15,245.375,2756.75
1785146985.7134154,14,250.296875,2645.0
1785146985.7134154,15,251.921875,2617.0
1785146985.7134154,10,260.109375,2487.25
1785146985.7134154,8,261.765625,2475.75
1785146985.7134154,8,265.03125,2457.0
1785146985.7134154,9,266.640625,2450.25
1785146985.7134154,7,268.296875,2451.75
1785146985.7134154,12,269.921875,2443.0
1785146985.7134154,12,271.578125,2437.0
1785146985.7134154,11,273.203125,2432.75
1785146985.7134154,12,274.796875,2439.5
1785146985.7134154,10,276.453125,2448.0
1785146985.7134154,11,278.078125,2444.0
1785146985.7134154,12,279.6875,2445.5
1785146985.7134154,10,281.34375,2452.75
1785146985.7134154,8,282.96875,2457.0
1785146985.7134154,8,284.609375,2463.0
1785146985.7134154,15,286.234375,2483.0
1785146985.7134154,15,287.859375,2504.75
1785146985.7134154,15,289.5,2516.0
1785146985.7134154,9,291.140625,2530.25
1785146985.7134154,7,292.75,2550.75
1785146985.7134154,15,294.390625,2569.75
1785146985.7134154,15,296.0,2597.25
1785146985.7134154,8,297.640625,2631.75
1785146985.7134154,10,299.359375,2667.5
1785146985.7134154,10,301.0,2696.75
1785146985.7134154,11,305.859375,2841.75
1785146985.7134154,10,309.125,2973.0
1785146985.7134154,10,310.75,3030.5
1785146985.7134154,14,312.375,3101.0
1785146985.7134154,9,314.0,3173.0
1785146985.7134154,15,328.6875,4126.0
1785146985.7134154,15,345.1875,3501.75
1785146985.7134154,15,348.40625,3506.5
1785146985.938653,15,356.78125,3491.5
1785146985.938653,15,358.4375,3406.5
1785146985.938653,15,0.0625,3374.75
1785146985.938653,15,1.734375,3352.5
1785146985.938653,15,7.0,1798.25
1785146985.938653,15,13.46875,1899.0
1785146985.938653,15,45.046875,108.0
1785146985.938653,15,47.34375,105.75
1785146985.938653,9,166.625,12247.25
1785146985.938653,12,169.90625,11737.0
1785146985.938653,9,173.1875,12216.5
1785146985.938653,10,174.8125,12336.0
1785146985.938653,15,195.21875,1631.5
1785146985.938653,15,200.203125,1588.0
1785146985.938653,15,201.8125,1557.5
1785146985.938653,15,203.453125,1546.25
1785146985.938653,15,205.15625,1547.5
1785146985.938653,15,206.71875,1566.75
1785146985.938653,15,229.125,3316.75
1785146985.938653,13,230.765625,3233.0
1785146985.938653,15,232.4375,3159.75
1785146985.938653,10,234.046875,3090.5
1785146985.938653,15,235.703125,3029.5
1785146985.938653,15,239.0,2881.25
1785146985.938653,14,240.625,2821.5
1785146985.938653,15,242.296875,2767.25
1785146985.938653,15,243.921875,2740.75
1785146985.938653,11,245.546875,2715.0
1785146985.938653,15,247.21875,2676.0
1785146985.938653,15,250.46875,2622.5
1785146985.938653,12,252.140625,2569.75
1785146985.938653,15,253.765625,2538.25
1785146985.938653,10,258.71875,2495.25
1785146985.938653,13,260.359375,2456.0
1785146985.938653,11,261.984375,2445.0
1785146985.938653,15,263.609375,2437.0
1785146985.938653,14,266.875,2433.0
1785146985.938653,14,268.5,2427.75
1785146985.938653,15,270.15625,2425.5
1785146985.938653,15,271.8125,2430.75
1785146985.938653,15,273.4375,2430.0
1785146985.938653,15,275.046875,2427.25
1785146985.938653,13,276.671875,2432.5
1785146985.938653,12,278.328125,2439.5
1785146985.938653,15,279.953125,2441.5
1785146985.938653,11,281.609375,2445.0
1785146985.938653,10,283.25,2445.5
1785146985.938653,9,284.84375,2448.25
1785146985.938653,8,286.5,2458.0
1785146985.938653,15,288.125,2477.75
1785146985.938653,15,289.765625,2505.5
1785146985.938653,15,291.359375,2526.75
1785146985.938653,8,293.03125,2542.0
1785146985.938653,6,294.640625,2560.25
1785146985.938653,14,296.265625,2595.0
1785146985.938653,8,297.90625,2633.5
1785146985.938653,12,299.65625,2672.25
1785146985.938653,10,301.3125,2701.0
1785146985.938653,13,312.71875,3112.0
1785146985.938653,15,347.109375,3524.0
1785146985.938653,15,348.75,3542.75
1785146986.0503159,15,355.328125,3541.0
1785146986.0503159,15,356.96875,3499.0
1785146986.0503159,15,358.625,3411.25
1785146986.0503159,15,0.265625,3373.25
1785146986.0503159,15,1.921875,3346.75
1785146986.0503159,15,7.1875,1799.25
1785146986.0503159,15,13.6875,1902.5
1785146986.0503159,15,45.953125,107.75
1785146986.0503159,15,47.890625,105.5
1785146986.0503159,15,158.640625,9911.5
1785146986.0503159,15,161.890625,12274.75
1785146986.0503159,15,170.09375,11837.0
1785146986.0503159,15,171.734375,11872.5
1785146986.0503159,12,173.359375,12118.75
1785146986.0503159,9,175.0,12237.25
1785146986.0503159,15,197.09375,1605.0
1785146986.0503159,15,198.703125,1579.5
1785146986.0503159,15,200.3125,1568.25
1785146986.0503159,15,203.625,1558.75
1785146986.0503159,15,205.25,1551.75
1785146986.0503159,15,206.921875,1560.25
1785146986.0503159,7,226.03125,3473.5
1785146986.0503159,11,227.640625,3391.75
1785146986.0503159,14,230.921875,3205.75
1785146986.0503159,15,232.5625,3157.5
1785146986.0503159,12,234.21875,3086.5
1785146986.0503159,15,235.84375,3011.0
1785146986.0503159,12,237.5,2940.25
1785146986.0503159,15,239.140625,2875.75
1785146986.0503159,15,240.796875,2810.75
1785146986.0503159,15,242.421875,2756.0
1785146986.0503159,15,244.046875,2709.75
1785146986.0503159,15,245.703125,2666.0
1785146986.0503159,15,247.328125,2641.75
1785146986.0503159,15,249.0,2616.0
1785146986.0503159,10,250.640625,2575.75
1785146986.0503159,11,252.3125,2549.25
1785146986.0503159,15,253.953125,2518.5
1785146986.0503159,13,260.46875,2470.25
1785146986.0503159,15,262.109375,2448.0
1785146986.0503159,12,263.765625,2435.75
1785146986.0503159,15,267.03125,2415.5
1785146986.0503159,15,268.6875,2409.25
1785146986.0503159,15,270.3125,2406.0
1785146986.0503159,15,271.953125,2400.75
1785146986.0503159,15,273.546875,2401.0
1785146986.0503159,15,275.1875,2401.25
1785146986.0503159,15,276.828125,2406.25
1785146986.0503159,15,278.453125,2412.25
1785146986.0503159,15,280.125,2417.75
1785146986.0503159,13,281.71875,2428.25
1785146986.0503159,11,283.359375,2437.25
1785146986.0503159,12,284.984375,2440.25
1785146986.0503159,9,286.640625,2443.75
1785146986.0503159,7,288.25,2451.0
1785146986.0503159,15,289.890625,2467.25
1785146986.0503159,15,291.515625,2492.0
1785146986.0503159,15,293.125,2525.0
1785146986.0503159,8,294.78125,2546.25
1785146986.0503159,14,296.375,2565.0
1785146986.0503159,15,298.015625,2601.25
1785146986.0503159,10,299.78125,2640.0
1785146986.0503159,14,301.375,2680.25
1785146986.0503159,12,303.03125,2705.25
1785146986.0503159,14,309.546875,2956.75
1785146986.0503159,8,311.171875,3021.25
1785146986.0503159,12,312.828125,3089.75
1785146986.0503159,15,348.890625,3534.75
1785146986.2771873,15,357.1875,3495.25
1785146986.2771873,15,358.828125,3432.0
1785146986.2771873,15,0.484375,3382.25
1785146986.2771873,15,2.125,3346.75
1785146986.2771873,15,3.765625,3269.5
1785146986.2771873,15,7.421875,1801.75
1785146986.2771873,15,13.859375,1900.0
1785146986.2771873,15,45.703125,107.75
1785146986.2771873,15,158.78125,9828.0
1785146986.2771873,15,160.421875,9931.25
1785146986.2771873,14,173.5,11989.75
1785146986.2771873,9,175.125,12191.25
1785146986.2771873,11,176.765625,12186.75
1785146986.2771873,15,200.5625,1603.75
1785146986.2771873,15,202.15625,1582.25
1785146986.2771873,15,203.75,1568.5
1785146986.2771873,15,205.34375,1568.0
1785146986.2771873,15,207.03125,1564.25
1785146986.2771873,15,210.25,1571.0
1785146986.2771873,12,221.203125,3701.75
1785146986.2771873,15,226.140625,3381.5
1785146986.2771873,13,229.484375,3206.25
1785146986.2771873,14,232.78125,3059.25
1785146986.2771873,15,234.421875,3006.25
1785146986.2771873,10,237.734375,2834.75
1785146986.2771873,15,239.375,2772.25
1785146986.2771873,10,241.015625,2718.75
1785146986.2771873,15,242.671875,2667.5
1785146986.2771873,15,244.296875,2622.25
1785146986.2771873,12,245.96875,2586.25
1785146986.2771873,13,247.625,2557.5
1785146986.2771873,14,249.21875,2526.0
1785146986.2771873,15,250.859375,2493.0
1785146986.2771873,15,252.53125,2458.75
1785146986.2771873,12,254.171875,2441.0
1785146986.2771873,15,255.796875,2427.25
1785146986.2771873,15,257.4375,2408.75
1785146986.2771873,9,262.375,2373.5
1785146986.2771873,11,264.0,2340.5
1785146986.2771873,8,265.625,2332.0
1785146986.2771873,15,267.25,2321.75
1785146986.2771873,15,268.890625,2308.5
1785146986.2771873,15,270.53125,2298.75
1785146986.2771873,15,272.171875,2296.25
1785146986.2771873,15,273.828125,2293.25
1785146986.2771873,15,275.390625,2297.5
1785146986.2771873,15,277.03125,2304.75
1785146986.2771873,15,278.65625,2308.25
1785146986.2771873,10,280.28125,2315.0
1785146986.2771873,11,281.90625,2324.25
1785146986.2771873,8,283.5625,2334.75
1785146986.2771873,7,285.1875,2342.0
1785146986.2771873,7,286.8125,2353.0
1785146986.2771873,6,288.4375,2374.25
1785146986.2771873,15,290.03125,2401.5
1785146986.2771873,15,291.703125,2420.75
1785146986.2771873,9,293.328125,2433.25
1785146986.2771873,8,294.921875,2451.25
1785146986.2771873,15,296.546875,2478.0
1785146986.2771873,15,298.171875,2507.75
1785146986.2771873,6,299.875,2535.5
1785146986.2771873,10,301.5,2571.0
1785146986.2771873,10,303.140625,2610.75
1785146986.2771873,9,304.734375,2655.5
1785146986.2771873,10,306.421875,2697.5
1785146986.2771873,7,316.15625,3137.0
1785146986.2771873,15,347.328125,3554.5
1785146986.503101,15,358.515625,3498.25
1785146986.503101,15,0.1875,3414.5
1785146986.503101,15,1.8125,3361.75
1785146986.503101,15,7.125,1798.75
1785146986.503101,15,13.53125,1897.75
1785146986.503101,15,46.125,107.75
1785146986.503101,15,50.578125,102.25
1785146986.503101,15,158.453125,9682.25
1785146986.503101,15,160.09375,9652.75
1785146986.503101,15,161.71875,9758.0
1785146986.503101,10,171.53125,11913.25
1785146986.503101,14,173.171875,11741.25
1785146986.503101,10,176.4375,11924.75
1785146986.503101,12,178.078125,12194.75
1785146986.503101,8,179.65625,12361.0
1785146986.503101,15,201.671875,1657.0
1785146986.503101,15,203.28125,1626.75
1785146986.503101,15,206.578125,1603.25
1785146986.503101,15,208.203125,1587.25
1785146986.503101,15,209.890625,1581.75
1785146986.503101,15,211.453125,1596.75
1785146986.503101,15,213.109375,1610.5
1785146986.503101,11,222.40625,3638.25
1785146986.503101,15,224.0625,3559.25
1785146986.503101,15,227.40625,3332.0
1785146986.503101,15,229.0625,3246.25
1785146986.503101,15,230.6875,3190.5
1785146986.503101,12,232.34375,3128.25
1785146986.503101,13,233.96875,3062.5
1785146986.503101,15,235.640625,3012.75
1785146986.503101,15,238.90625,2869.0
1785146986.503101,15,242.1875,2746.0
1785146986.503101,14,243.859375,2711.5
1785146986.503101,15,245.484375,2668.75
1785146986.503101,15,247.140625,2640.75
1785146986.503101,15,248.78125,2614.25
1785146986.503101,13,250.421875,2581.5
1785146986.503101,14,252.03125,2552.75
1785146986.503101,14,253.671875,2531.0
1785146986.503101,15,255.34375,2499.25
1785146986.503101,11,256.96875,2474.75
1785146986.503101,11,258.625,2461.75
1785146986.503101,13,263.515625,2444.5
1785146986.503101,11,265.171875,2436.5
1785146986.503101,15,266.796875,2432.75
1785146986.503101,15,268.421875,2427.75
1785146986.503101,15,270.046875,2420.25
1785146986.503101,15,271.703125,2414.5
1785146986.503101,15,273.3125,2412.5
1785146986.503101,15,274.90625,2416.75
1785146986.503101,15,276.5625,2422.0
1785146986.503101,12,278.1875,2429.0
1785146986.503101,13,279.796875,2433.75
1785146986.503101,12,281.453125,2435.0
1785146986.503101,10,283.078125,2438.75
1785146986.503101,9,284.703125,2442.25
1785146986.503101,8,286.34375,2448.0
1785146986.503101,8,287.96875,2459.25
1785146986.503101,15,289.59375,2473.5
1785146986.503101,15,291.234375,2493.75
1785146986.503101,15,292.875,2518.0
1785146986.503101,5,294.484375,2539.5
1785146986.503101,15,296.125,2563.25
1785146986.503101,15,297.71875,2589.5
1785146986.503101,15,299.484375,2616.25
1785146986.503101,8,301.140625,2644.5
1785146986.503101,12,302.75,2665.5
1785146986.503101,9,304.390625,2692.25
1785146986.503101,6,306.0,2736.5
1785146986.503101,12,307.65625,2784.5
1785146986.503101,10,312.53125,2963.0
1785146986.503101,9,315.796875,3126.75
1785146986.503101,15,348.59375,3572.25
1785146986.503101,15,350.234375,3603.5
1785146986.7284446,15,356.8125,3554.5
1785146986.7284446,15,358.4375,3521.25
1785146986.7284446,15,1.75,3375.5
1785146986.7284446,15,3.390625,3327.25
1785146986.7284446,15,7.046875,1800.5
1785146986.7284446,15,13.5,1895.5
1785146986.7284446,15,46.8125,107.75
1785146986.7284446,15,48.9375,105.75
1785146986.7284446,15,158.5,9451.0
1785146986.7284446,14,160.125,9439.75
1785146986.7284446,15,161.75,9654.5
1785146986.7284446,15,163.390625,9869.0
1785146986.7284446,9,171.546875,12193.25
1785146986.7284446,14,174.828125,11881.75
1785146986.7284446,13,176.453125,11924.25
1785146986.7284446,9,178.09375,12191.75
1785146986.7284446,8,179.75,12291.75
1785146986.7284446,15,210.03125,1596.0
1785146986.7284446,15,211.671875,1595.0
1785146986.7284446,15,213.28125,1610.5
1785146986.7284446,15,214.890625,1618.5
1785146986.7284446,15,225.90625,3384.75
1785146986.7284446,15,229.15625,3203.5
1785146986.7284446,15,230.828125,3151.0
1785146986.7284446,15,232.46875,3081.0
1785146986.7284446,15,234.125,3021.5
1785146986.7284446,15,237.40625,2869.75
1785146986.7284446,15,240.703125,2726.5
1785146986.7284446,15,242.34375,2674.25
1785146986.7284446,15,244.0,2629.5
1785146986.7284446,12,245.640625,2592.75
1785146986.7284446,14,247.265625,2559.5
1785146986.7284446,15,248.921875,2529.75
1785146986.7284446,13,250.578125,2497.0
1785146986.7284446,15,252.171875,2470.75
1785146986.7284446,15,253.796875,2450.75
1785146986.7284446,15,255.453125,2426.75
1785146986.7284446,15,257.078125,2409.5
1785146986.7284446,10,258.75,2390.75
1785146986.7284446,10,260.359375,2369.5
1785146986.7284446,13,263.65625,2367.25
1785146986.7284446,10,265.265625,2360.5
1785146986.7284446,9,266.90625,2345.5
1785146986.7284446,15,268.53125,2337.0
1785146986.7284446,15,270.1875,2325.0
1785146986.7284446,15,271.828125,2316.5
1785146986.7284446,15,273.46875,2318.75
1785146986.7284446,15,275.0625,2318.5
1785146986.7284446,15,276.703125,2316.25
1785146986.7284446,15,278.359375,2320.75
1785146986.7284446,15,279.953125,2328.0
1785146986.7284446,7,281.59375,2336.0
1785146986.7284446,8,283.21875,2348.0
1785146986.7284446,5,284.859375,2356.5
1785146986.7284446,6,286.515625,2357.5
1785146986.7284446,15,288.15625,2374.25
1785146986.7284446,15,289.734375,2397.25
1785146986.7284446,15,291.375,2421.0
1785146986.7284446,15,293.0,2435.0
1785146986.7284446,9,294.65625,2439.75
1785146986.7284446,15,296.265625,2462.0
1785146986.7284446,15,297.90625,2491.25
1785146986.7284446,13,299.671875,2519.0
1785146986.7284446,7,301.28125,2545.75
1785146986.7284446,14,302.890625,2577.0
1785146986.7284446,13,304.53125,2608.75
1785146986.7284446,9,306.15625,2658.5
1785146986.7284446,10,307.796875,2699.0
1785146986.7284446,7,309.421875,2744.25
1785146986.7284446,8,317.5625,3162.5
1785146986.7284446,11,319.203125,3240.5
1785146986.7284446,13,348.65625,3562.0
1785146986.8398185,15,1.796875,3382.75
1785146986.8398185,15,3.453125,3349.5
1785146986.8398185,15,13.65625,1895.5
1785146986.8398185,15,46.8125,107.5
1785146986.8398185,15,158.625,9395.75
1785146986.8398185,15,160.25,9441.0
1785146986.8398185,15,161.890625,9578.75
1785146986.8398185,15,163.515625,9761.75
1785146986.8398185,9,173.3125,12014.5
1785146986.8398185,14,174.9375,11813.0
1785146986.8398185,12,176.59375,11848.5
1785146986.8398185,11,178.28125,12077.5
1785146986.8398185,11,179.90625,12218.75
1785146986.8398185,12,206.859375,1657.5
1785146986.8398185,15,208.515625,1623.75
1785146986.8398185,15,210.21875,1608.75
1785146986.8398185,15,211.796875,1603.5
1785146986.8398185,15,213.46875,1604.0
1785146986.8398185,15,216.6875,1619.25
1785146986.8398185,14,227.765625,3199.0
1785146986.8398185,10,229.40625,3138.75
1785146986.8398185,15,231.046875,3066.5
1785146986.8398185,15,232.671875,3011.75
1785146986.8398185,15,234.34375,2944.75
1785146986.8398185,15,235.984375,2870.0
1785146986.8398185,15,237.640625,2794.0
1785146986.8398185,14,239.296875,2721.25
1785146986.8398185,14,240.921875,2669.25
1785146986.8398185,15,242.578125,2629.0
1785146986.8398185,11,244.25,2591.25
1785146986.8398185,11,245.875,2556.0
1785146986.8398185,13,247.53125,2538.5
1785146986.8398185,15,249.15625,2522.0
1785146986.8398185,15,250.78125,2491.0
1785146986.8398185,15,252.453125,2455.25
1785146986.8398185,15,254.0625,2433.0
1785146986.8398185,15,255.734375,2417.75
1785146986.8398185,12,257.359375,2393.75
1785146986.8398185,10,259.0,2379.25
1785146986.8398185,9,260.65625,2369.75
1785146986.8398185,9,265.5625,2346.75
1785146986.8398185,8,267.203125,2334.75
1785146986.8398185,10,268.828125,2336.75
1785146986.8398185,8,270.5,2332.5
1785146986.8398185,11,272.09375,2324.75
1785146986.8398185,15,273.765625,2321.25
1785146986.8398185,15,275.34375,2324.25
1785146986.8398185,7,277.015625,2327.25
1785146986.8398185,14,278.625,2331.75
1785146986.8398185,7,280.28125,2336.5
1785146986.8398185,7,281.90625,2345.75
1785146986.8398185,6,283.515625,2358.75
1785146986.8398185,5,285.140625,2372.75
1785146986.8398185,15,286.796875,2388.0
1785146986.8398185,15,288.40625,2404.0
1785146986.8398185,15,290.015625,2416.25
1785146986.8398185,9,291.65625,2424.25
1785146986.8398185,8,293.3125,2436.0
1785146986.8398185,15,294.921875,2462.75
1785146986.8398185,15,296.546875,2490.5
1785146986.8398185,8,298.203125,2522.5
1785146986.8398185,15,299.890625,2559.5
1785146986.8398185,14,301.515625,2583.75
1785146986.8398185,10,303.140625,2612.5
1785146986.8398185,12,304.78125,2656.75
1785146986.8398185,9,306.421875,2697.75
1785146986.8398185,15,348.96875,3587.5
1785146987.06601,15,0.515625,3467.75
1785146987.06601,15,2.171875,3377.5
1785146987.06601,15,3.828125,3335.0
1785146987.06601,15,13.90625,1893.0
1785146987.06601,15,45.609375,107.25
1785146987.06601,15,51.234375,101.75
1785146987.06601,15,159.0,9238.5
1785146987.06601,15,160.625,9344.0
1785146987.06601,15,162.265625,9470.0
1785146987.06601,15,163.90625,9592.5
1785146987.06601,15,165.5625,9782.75
1785146987.06601,11,178.640625,11808.75
1785146987.06601,9,180.28125,12104.75
1785146987.06601,8,181.90625,12298.5
1785146987.06601,15,208.828125,1668.75
1785146987.06601,15,210.46875,1636.5
1785146987.06601,15,212.078125,1625.0
1785146987.06601,15,213.734375,1629.25
1785146987.06601,15,215.375,1634.25
1785146987.06601,15,228.015625,3194.75
1785146987.06601,11,229.65625,3117.25
1785146987.06601,15,231.328125,3046.5
1785146987.06601,12,232.953125,2976.25
1785146987.06601,15,234.59375,2909.5
1785146987.06601,13,236.265625,2847.75
1785146987.06601,14,237.921875,2778.25
1785146987.06601,14,239.5625,2712.0
1785146987.06601,15,241.21875,2658.75
1785146987.06601,15,242.84375,2619.75
1785146987.06601,13,244.46875,2578.5
1785146987.06601,13,246.109375,2546.5
1785146987.06601,15,247.78125,2521.5
1785146987.06601,13,249.40625,2490.25
1785146987.06601,15,251.125,2458.0
1785146987.06601,15,252.75,2435.75
1785146987.06601,15,254.390625,2413.0
1785146987.06601,10,256.03125,2389.0
1785146987.06601,12,257.671875,2364.75
1785146987.06601,10,259.328125,2342.75
1785146987.06601,8,260.984375,2337.75
1785146987.06601,14,262.609375,2335.0
1785146987.06601,15,265.90625,2322.75
1785146987.06601,15,267.546875,2313.0
1785146987.06601,15,269.171875,2306.75
1785146987.06601,15,270.8125,2302.25
1785146987.06601,15,272.453125,2293.25
1785146987.06601,15,274.125,2290.25
1785146987.06601,15,275.671875,2295.5
1785146987.06601,15,277.328125,2300.25
1785146987.06601,10,278.96875,2309.5
1785146987.06601,15,280.59375,2319.0
1785146987.06601,5,282.203125,2333.75
1785146987.06601,5,283.859375,2350.75
1785146987.06601,6,285.484375,2368.75
1785146987.06601,15,287.09375,2391.75
1785146987.06601,15,288.71875,2412.5
1785146987.06601,15,290.359375,2425.0
1785146987.06601,11,292.0,2435.5
1785146987.06601,15,293.625,2455.25
1785146987.06601,15,295.234375,2478.75
1785146987.06601,15,296.90625,2509.75
1785146987.06601,9,298.609375,2541.5
1785146987.06601,15,300.234375,2573.5
1785146987.06601,14,301.859375,2609.0
1785146987.06601,7,303.484375,2641.5
1785146987.06601,13,305.125,2676.75
1785146987.06601,13,306.78125,2710.75
1785146987.06601,7,308.40625,2762.25
1785146987.06601,9,310.015625,2810.25
1785146987.06601,9,318.15625,3222.5
1785146987.06601,11,349.34375,3606.25
1785146987.2895837,15,1.203125,3474.5
1785146987.2895837,15,2.84375,3393.5
1785146987.2895837,15,6.46875,1806.5
1785146987.2895837,15,12.9375,1892.75
1785146987.2895837,15,47.5625,106.25
1785146987.2895837,15,157.953125,9320.75
1785146987.2895837,15,159.59375,9228.0
1785146987.2895837,15,161.21875,9286.5
1785146987.2895837,15,162.875,9365.5
1785146987.2895837,15,164.5,9512.75
1785146987.2895837,15,166.140625,9685.0
1785146987.2895837,15,169.375,12221.5
1785146987.2895837,9,174.296875,12218.0
1785146987.2895837,12,179.21875,11737.5
1785146987.2895837,11,180.875,11993.25
1785146987.2895837,9,182.5,12140.25
1785146987.2895837,15,212.71875,1666.5
1785146987.2895837,15,214.3125,1642.75
1785146987.2895837,15,215.984375,1631.5
1785146987.2895837,15,228.65625,3160.25
1785146987.2895837,15,230.3125,3085.5
1785146987.2895837,15,233.609375,2918.75
1785146987.2895837,12,235.28125,2850.0
1785146987.2895837,15,236.921875,2785.75
1785146987.2895837,15,238.546875,2736.0
1785146987.2895837,15,240.21875,2681.5
1785146987.2895837,15,241.859375,2637.5
1785146987.2895837,14,243.484375,2595.5
1785146987.2895837,12,245.140625,2552.75
1785146987.2895837,15,246.765625,2521.75
1785146987.2895837,13,248.4375,2491.75
1785146987.2895837,12,250.0625,2461.25
1785146987.2895837,15,251.703125,2435.0
1785146987.2895837,15,253.34375,2419.25
1785146987.2895837,15,254.984375,2407.0
1785146987.2895837,15,256.640625,2381.0
1785146987.2895837,13,258.25,2352.25
1785146987.2895837,14,259.921875,2335.25
1785146987.2895837,11,261.5625,2324.75
1785146987.2895837,15,263.203125,2319.5
1785146987.2895837,15,264.84375,2313.5
1785146987.2895837,15,268.125,2304.5
1785146987.2895837,15,269.765625,2296.25
1785146987.2895837,15,271.375,2288.0
1785146987.2895837,15,273.015625,2280.75
1785146987.2895837,15,274.640625,2275.75
1785146987.2895837,15,276.234375,2276.5
1785146987.2895837,15,277.890625,2285.0
1785146987.2895837,15,279.46875,2292.75
1785146987.2895837,15,281.125,2303.0
1785146987.2895837,15,282.765625,2317.5
1785146987.2895837,6,284.390625,2336.25
1785146987.2895837,4,286.0,2357.0
1785146987.2895837,15,287.65625,2376.75
1785146987.2895837,15,289.28125,2401.5
1785146987.2895837,15,290.875,2423.5
1785146987.2895837,10,292.53125,2440.75
1785146987.2895837,15,294.140625,2458.5
1785146987.2895837,15,295.75,2481.0
1785146987.2895837,14,297.375,2507.25
1785146987.2895837,7,299.109375,2540.0
1785146987.2895837,15,300.75,2579.75
1785146987.2895837,13,302.390625,2618.0
1785146987.2895837,15,304.0,2657.75
1785146987.2895837,14,305.625,2691.25
1785146987.2895837,11,307.28125,2720.25
1785146987.2895837,15,349.828125,3617.75
1785146987.5148954,15,1.53125,3493.5
1785146987.5148954,15,3.1875,3396.75
1785146987.5148954,15,13.359375,1883.25
1785146987.5148954,15,46.65625,108.75
1785146987.5148954,15,47.703125,106.0
1785146987.5148954,15,158.3125,9178.0
1785146987.5148954,15,159.9375,9172.75
1785146987.5148954,15,161.578125,9238.5
1785146987.5148954,15,163.21875,9303.0
1785146987.5148954,15,164.84375,9395.5
1785146987.5148954,15,166.46875,9538.75
1785146987.5148954,15,168.125,9705.25
1785146987.5148954,15,171.34375,12204.75
1785146987.5148954,9,179.59375,11849.5
1785146987.5148954,13,181.234375,11898.0
1785146987.5148954,10,182.859375,12054.75
1785146987.5148954,12,184.5,12205.0
1785146987.5148954,15,216.390625,1666.25
1785146987.5148954,15,217.96875,1654.0
1785146987.5148954,15,224.515625,1669.0
1785146987.5148954,15,230.6875,3082.75
1785146987.5148954,12,233.984375,2895.75
1785146987.5148954,13,235.625,2831.75
1785146987.5148954,15,237.265625,2769.0
1785146987.5148954,15,238.890625,2724.75
1785146987.5148954,15,240.546875,2680.25
1785146987.5148954,15,242.171875,2636.75
1785146987.5148954,15,243.828125,2592.5
1785146987.5148954,15,245.46875,2548.5
1785146987.5148954,15,247.109375,2514.0
1785146987.5148954,13,248.78125,2481.0
1785146987.5148954,13,250.40625,2452.75
1785146987.5148954,15,252.078125,2438.0
1785146987.5148954,12,253.6875,2435.0
1785146987.5148954,15,255.34375,2424.25
1785146987.5148954,9,256.984375,2398.75
1785146987.5148954,15,258.609375,2376.25
1785146987.5148954,14,260.25,2364.5
1785146987.5148954,13,261.90625,2347.25
1785146987.5148954,13,263.546875,2334.5
1785146987.5148954,13,265.171875,2330.5
1785146987.5148954,15,266.828125,2320.5
1785146987.5148954,15,268.46875,2322.0
1785146987.5148954,15,270.09375,2318.75
1785146987.5148954,15,271.75,2294.5
1785146987.5148954,15,273.375,2283.5
1785146987.5148954,15,275.015625,2288.0
1785146987.5148954,15,276.625,2293.0
1785146987.5148954,15,278.25,2302.0
1785146987.5148954,15,279.890625,2304.5
1785146987.5148954,15,281.546875,2309.0
1785146987.5148954,15,283.15625,2324.25
1785146987.5148954,6,284.796875,2342.75
1785146987.5148954,6,286.421875,2355.75
1785146987.5148954,15,288.0625,2373.5
1785146987.5148954,15,289.6875,2397.25
1785146987.5148954,15,291.3125,2420.0
1785146987.5148954,8,292.921875,2441.0
1785146987.5148954,8,294.5625,2454.5
1785146987.5148954,15,296.1875,2481.75
1785146987.5148954,14,297.828125,2514.75
1785146987.5148954,9,299.5625,2543.0
1785146987.5148954,15,301.203125,2576.75
1785146987.5148954,9,302.828125,2614.25
1785146987.5148954,13,304.46875,2659.0
1785146987.5148954,15,306.109375,2689.0
1785146987.5148954,7,307.734375,2713.25
1785146987.5148954,11,309.390625,2773.25
1785146987.5148954,15,350.296875,3618.75
1785146987.7405908,15,350.671875,3628.5
1785146987.7405908,15,2.1875,3490.75
1785146987.7405908,14,13.984375,1888.25
1785146987.7405908,15,46.625,107.25
1785146987.7405908,15,51.390625,101.75
1785146987.7405908,15,159.109375,9081.75
1785146987.7405908,15,160.734375,9183.25
1785146987.7405908,15,162.375,9230.5
1785146987.7405908,15,164.015625,9249.0
1785146987.7405908,15,165.640625,9300.0
1785146987.7405908,15,167.296875,9418.0
1785146987.7405908,15,168.921875,9624.75
1785146987.7405908,12,170.5625,9867.5
1785146987.7405908,10,175.453125,12293.5
1785146987.7405908,10,182.03125,11807.0
1785146987.7405908,12,183.671875,11982.5
1785146987.7405908,11,211.671875,4146.75
1785146987.7405908,15,218.75,1688.25
1785146987.7405908,15,220.375,1673.75
1785146987.7405908,15,221.96875,1690.0
1785146987.7405908,15,223.609375,1713.75
1785146987.7405908,15,226.859375,1715.25
1785146987.7405908,15,233.0625,2867.75
1785146987.7405908,15,234.734375,2800.25
1785146987.7405908,15,236.359375,2743.5
1785146987.7405908,15,237.984375,2696.0
1785146987.7405908,15,239.65625,2655.75
1785146987.7405908,15,241.28125,2623.5
1785146987.7405908,15,242.90625,2583.0
1785146987.7405908,15,244.578125,2543.75
1785146987.7405908,14,246.21875,2505.0
1785146987.7405908,14,247.859375,2469.75
1785146987.7405908,15,249.484375,2448.75
1785146987.7405908,15,251.171875,2441.5
1785146987.7405908,15,252.828125,2431.75
1785146987.7405908,15,254.484375,2410.0
1785146987.7405908,11,256.09375,2387.25
1785146987.7405908,11,257.75,2365.25
1785146987.7405908,11,259.390625,2347.5
1785146987.7405908,15,261.046875,2336.25
1785146987.7405908,10,262.6875,2329.25
1785146987.7405908,15,264.328125,2322.0
1785146987.7405908,15,265.96875,2315.75
1785146987.7405908,15,267.609375,2312.75
1785146987.7405908,9,269.234375,2308.75
1785146987.7405908,15,270.875,2305.0
1785146987.7405908,15,272.484375,2306.5
1785146987.7405908,15,274.125,2310.25
1785146987.7405908,15,275.75,2304.75
1785146987.7405908,8,277.359375,2313.25
1785146987.7405908,5,279.015625,2333.25
1785146987.7405908,9,280.65625,2339.75
1785146987.7405908,6,282.265625,2352.25
1785146987.7405908,15,283.890625,2384.5
1785146987.7405908,15,285.515625,2409.5
1785146987.7405908,15,287.171875,2418.5
1785146987.7405908,8,288.78125,2424.25
1785146987.7405908,9,290.4375,2439.5
1785146987.7405908,15,292.046875,2463.25
1785146987.7405908,15,293.671875,2493.5
1785146987.7405908,8,295.328125,2528.0
1785146987.7405908,9,296.953125,2551.75
1785146987.7405908,15,298.625,2587.75
1785146987.7405908,7,300.265625,2630.25
1785146987.7405908,15,301.890625,2665.75
1785146987.7405908,13,303.53125,2701.75
1785146987.7405908,6,305.15625,2740.0
1785146987.7405908,9,306.796875,2789.25
1785146987.7405908,8,314.921875,3102.75
1785146987.9635222,15,351.546875,3663.75
1785146987.9635222,6,353.171875,3654.0
1785146987.9635222,15,359.765625,3783.75
1785146987.9635222,15,3.078125,3476.75
1785146987.9635222,15,13.1875,1879.5
1785146987.9635222,15,19.15625,7599.0
1785146987.9635222,15,45.28125,109.0
1785146987.9635222,15,47.8125,106.25
1785146987.9635222,15,161.578125,9087.0
1785146987.9635222,15,163.21875,9130.75
1785146987.9635222,15,164.84375,9186.0
1785146987.9635222,15,166.5,9278.5
1785146987.9635222,15,168.125,9371.0
1785146987.9635222,15,169.765625,9493.0
1785146987.9635222,15,171.40625,9659.25
1785146987.9635222,8,176.28125,12228.25
1785146987.9635222,8,182.859375,11881.0
1785146987.9635222,9,205.96875,5112.75
1785146987.9635222,9,210.9375,4426.25
1785146987.9635222,15,221.265625,1708.5
1785146987.9635222,15,222.921875,1697.25
1785146987.9635222,15,224.578125,1715.25
1785146987.9635222,15,226.1875,1739.75
1785146987.9635222,15,229.484375,1752.25
1785146987.9635222,15,237.375,2774.75
1785146987.9635222,15,239.0,2731.75
1785146987.9635222,15,240.671875,2684.25
1785146987.9635222,15,242.296875,2651.25
1785146987.9635222,13,243.953125,2607.0
1785146987.9635222,14,245.59375,2551.0
1785146987.9635222,15,247.234375,2515.5
1785146987.9635222,14,248.90625,2482.75
1785146987.9635222,15,250.5625,2452.0
1785146987.9635222,15,252.171875,2435.75
1785146987.9635222,15,253.796875,2422.25
1785146987.9635222,15,255.453125,2401.25
1785146987.9635222,10,257.078125,2377.0
1785146987.9635222,11,258.75,2357.0
1785146987.9635222,10,260.390625,2342.0
1785146987.9635222,13,262.03125,2332.25
1785146987.9635222,15,263.6875,2321.0
1785146987.9635222,15,265.296875,2303.75
1785146987.9635222,15,266.9375,2296.0
1785146987.9635222,15,268.59375,2289.25
1785146987.9635222,15,270.203125,2277.5
1785146987.9635222,15,271.875,2268.5
1785146987.9635222,15,273.515625,2262.5
1785146987.9635222,15,275.078125,2262.5
1785146987.9635222,15,276.671875,2264.25
1785146987.9635222,15,278.34375,2260.25
1785146987.9635222,15,279.921875,2261.25
1785146987.9635222,15,281.578125,2270.25
1785146987.9635222,15,283.203125,2284.25
1785146987.9635222,15,284.84375,2298.5
1785146987.9635222,14,286.46875,2311.5
1785146987.9635222,6,288.0625,2329.75
1785146987.9635222,15,289.71875,2359.0
1785146987.9635222,15,291.3125,2382.75
1785146987.9635222,15,292.96875,2403.25
1785146987.9635222,15,294.59375,2426.0
1785146987.9635222,7,296.21875,2445.75
1785146987.9635222,15,297.828125,2475.0
1785146987.9635222,15,299.625,2507.75
1785146987.9635222,7,301.234375,2538.25
1785146987.9635222,15,302.859375,2574.75
1785146987.9635222,8,304.484375,2622.0
1785146987.9635222,12,306.125,2672.0
1785146987.9635222,13,307.75,2714.0
1785146987.9635222,7,309.390625,2753.75
1785146987.9635222,8,311.015625,2798.5
1785146987.9635222,10,312.671875,2849.0
1785146988.0775597,15,352.0,3632.75
1785146988.0775597,15,13.609375,1875.75
1785146988.0775597,10,17.921875,7648.0
1785146988.0775597,15,46.34375,107.5
1785146988.0775597,15,163.6875,9143.75
1785146988.0775597,15,165.328125,9188.5
1785146988.0775597,15,166.953125,9254.5
1785146988.0775597,15,168.59375,9327.5
1785146988.0775597,15,170.234375,9456.5
1785146988.0775597,15,171.875,9612.75
1785146988.0775597,11,183.328125,11815.5
1785146988.0775597,15,223.390625,1711.0
1785146988.0775597,15,225.015625,1725.25
1785146988.0775597,15,226.59375,1739.0
1785146988.0775597,15,229.90625,1743.75
1785146988.0775597,15,237.828125,2746.75
1785146988.0775597,15,239.453125,2688.5
1785146988.0775597,15,241.109375,2653.75
1785146988.0775597,15,242.75,2629.5
1785146988.0775597,14,244.40625,2586.5
1785146988.0775597,14,246.03125,2548.0
1785146988.0775597,15,247.671875,2520.75
1785146988.0775597,15,249.34375,2490.25
1785146988.0775597,15,250.9375,2464.25
1785146988.0775597,15,252.609375,2448.0
1785146988.0775597,15,254.203125,2435.25
1785146988.0775597,14,255.859375,2425.25
1785146988.0775597,15,257.515625,2411.5
1785146988.0775597,10,259.15625,2389.25
1785146988.0775597,10,260.78125,2370.25
1785146988.0775597,13,262.4375,2359.25
1785146988.0775597,11,264.09375,2351.25
1785146988.0775597,10,265.734375,2340.75
1785146988.0775597,13,267.34375,2328.25
1785146988.0775597,11,269.015625,2326.25
1785146988.0775597,10,270.625,2324.25
1785146988.0775597,12,272.265625,2322.75
1785146988.0775597,15,273.890625,2319.75
1785146988.0775597,15,275.5,2310.75
1785146988.0775597,15,277.140625,2304.75
1785146988.0775597,15,278.765625,2311.75
1785146988.0775597,7,280.421875,2328.25
1785146988.0775597,9,282.046875,2342.25
1785146988.0775597,4,283.65625,2358.5
1785146988.0775597,15,285.265625,2381.25
1785146988.0775597,15,286.90625,2402.75
1785146988.0775597,15,288.546875,2419.0
1785146988.0775597,6,290.15625,2432.0
1785146988.0775597,8,291.8125,2444.5
1785146988.0775597,15,293.421875,2468.5
1785146988.0775597,15,295.078125,2499.75
1785146988.0775597,8,296.703125,2533.0
1785146988.0775597,15,298.3125,2560.5
1785146988.0775597,15,300.046875,2592.0
1785146988.0775597,8,301.703125,2632.0
1785146988.0775597,11,303.3125,2670.5
1785146988.0775597,12,304.953125,2703.0
1785146988.0775597,5,306.578125,2746.5
1785146988.0775597,15,308.234375,2794.25
1785146988.3013363,15,354.4375,3657.0
1785146988.3013363,15,18.75,7621.25
1785146988.3013363,15,20.40625,7561.5
1785146988.3013363,15,24.15625,2070.5
1785146988.3013363,15,46.84375,106.75
1785146988.3013363,15,164.453125,9068.75
1785146988.3013363,15,166.078125,9165.0
1785146988.3013363,15,167.71875,9238.5
1785146988.3013363,15,169.359375,9333.0
1785146988.3013363,15,171.0,9433.75
1785146988.3013363,15,172.625,9576.0
1785146988.3013363,15,174.25,9794.5
1785146988.3013363,12,179.171875,12228.0
1785146988.3013363,10,208.859375,4767.75
1785146988.3013363,7,212.15625,4376.0
1785146988.3013363,7,215.46875,4088.25
1785146988.3013363,15,222.453125,1831.0
1785146988.3013363,15,225.734375,1749.75
1785146988.3013363,15,227.34375,1767.5
1785146988.3013363,15,229.0,1769.0
1785146988.3013363,15,232.25,1771.0
1785146988.3013363,15,240.109375,2755.5
1785146988.3013363,15,241.765625,2719.75
1785146988.3013363,14,243.40625,2683.0
1785146988.3013363,15,245.0625,2642.25
1785146988.3013363,15,246.71875,2608.0
1785146988.3013363,14,248.328125,2571.25
1785146988.3013363,15,250.0,2537.25
1785146988.3013363,15,251.625,2510.25
1785146988.3013363,14,253.25,2489.0
1785146988.3013363,11,254.890625,2471.25
1785146988.3013363,14,256.53125,2455.0
1785146988.3013363,15,258.15625,2450.0
1785146988.3013363,14,259.828125,2444.5
1785146988.3013363,15,261.453125,2434.5
1785146988.3013363,15,263.078125,2432.25
1785146988.3013363,15,264.75,2426.75
1785146988.3013363,15,266.375,2415.5
1785146988.3013363,15,267.984375,2403.75
1785146988.3013363,15,269.65625,2395.25
1785146988.3013363,15,271.25,2392.25
1785146988.3013363,6,272.90625,2388.75
1785146988.3013363,6,274.53125,2381.25
1785146988.3013363,6,276.21875,2372.75
1785146988.3013363,13,277.84375,2362.5
1785146988.3013363,7,279.46875,2362.0
1785146988.3013363,15,281.09375,2374.25
1785146988.3013363,15,282.71875,2394.5
1785146988.3013363,15,284.359375,2416.25
1785146988.3013363,15,285.984375,2417.75
1785146988.3013363,15,287.625,2417.5
1785146988.3013363,11,289.28125,2435.25
1785146988.3013363,7,290.890625,2454.0
1785146988.3013363,15,292.53125,2475.5
1785146988.3013363,15,294.140625,2504.75
1785146988.3013363,8,295.765625,2535.75
1785146988.3013363,15,297.4375,2564.5
1785146988.3013363,13,299.140625,2594.25
1785146988.3013363,10,300.78125,2631.0
1785146988.3013363,12,302.390625,2671.25
1785146988.3013363,11,304.046875,2699.25
1785146988.3013363,6,305.6875,2739.5
1785146988.3013363,12,307.28125,2798.75
1785146988.3013363,10,308.953125,2833.5
1785146988.3013363,8,312.203125,2963.25
1785146988.4160726,14,353.140625,3707.25
1785146988.4160726,15,354.78125,3672.25
1785146988.4160726,15,6.65625,1820.5
1785146988.4160726,15,11.515625,1849.25
1785146988.4160726,15,13.1875,1873.75
1785146988.4160726,15,19.125,7642.75
1785146988.4160726,15,20.765625,7573.25
1785146988.4160726,9,24.5625,2082.75
1785146988.4160726,15,46.828125,106.25
1785146988.4160726,15,159.890625,4457.25
1785146988.4160726,15,166.28125,9138.5
1785146988.4160726,15,167.921875,9175.5
1785146988.4160726,15,169.546875,9276.0
1785146988.4160726,15,171.1875,9357.25
1785146988.4160726,15,172.828125,9434.0
1785146988.4160726,15,174.46875,9596.5
1785146988.4160726,13,179.375,12274.5
1785146988.4160726,10,213.96875,4136.75
1785146988.4160726,15,218.921875,3702.75
1785146988.4160726,15,227.515625,1763.0
1785146988.4160726,15,229.109375,1755.5
1785146988.4160726,15,230.765625,1761.25
1785146988.4160726,15,232.40625,1776.25
1785146988.4160726,15,238.65625,2738.5
1785146988.4160726,15,240.296875,2690.25
1785146988.4160726,15,241.90625,2647.75
1785146988.4160726,15,243.5625,2616.0
1785146988.4160726,15,245.234375,2580.25
1785146988.4160726,15,246.84375,2543.75
1785146988.4160726,15,248.46875,2515.25
1785146988.4160726,15,250.140625,2487.75
1785146988.4160726,15,251.796875,2463.0
1785146988.4160726,15,253.421875,2448.75
1785146988.4160726,13,255.09375,2442.75
1785146988.4160726,13,256.703125,2437.0
1785146988.4160726,11,258.375,2433.5
1785146988.4160726,13,259.96875,2427.25
1785146988.4160726,15,261.609375,2418.75
1785146988.4160726,15,263.25,2418.0
1785146988.4160726,15,264.90625,2409.5
1785146988.4160726,15,266.53125,2402.0
1785146988.4160726,15,268.1875,2402.75
1785146988.4160726,15,269.8125,2403.25
1785146988.4160726,15,271.453125,2402.0
1785146988.4160726,15,273.0625,2399.0
1785146988.4160726,15,274.671875,2399.25
1785146988.4160726,15,276.3125,2395.5
1785146988.4160726,15,277.9375,2389.25
1785146988.4160726,15,279.59375,2387.25
1785146988.4160726,15,281.203125,2399.25
1785146988.4160726,15,282.828125,2411.5
1785146988.4160726,15,284.46875,2419.25
1785146988.4160726,9,286.078125,2432.25
1785146988.4160726,7,287.71875,2442.0
1785146988.4160726,9,289.359375,2446.75
1785146988.4160726,15,290.96875,2456.0
1785146988.4160726,15,292.609375,2478.0
1785146988.4160726,12,294.265625,2510.25
1785146988.4160726,6,295.890625,2543.75
1785146988.4160726,14,297.5,2583.25
1785146988.4160726,11,299.21875,2611.5
1785146988.4160726,7,300.84375,2634.5
1785146988.4160726,13,302.46875,2678.0
1785146988.4160726,11,304.140625,2725.0
1785146988.4160726,11,305.765625,2776.75
1785146988.4160726,9,307.390625,2827.75
1785146988.4160726,8,309.0,2888.0
1785146988.4160726,9,312.28125,2962.0
1785146988.6413317,15,353.140625,3693.0
1785146988.6413317,15,354.796875,3676.0
1785146988.6413317,15,1.34375,3825.75
1785146988.6413317,15,13.15625,1865.0
1785146988.6413317,15,20.75,7615.5
1785146988.6413317,15,24.5,2066.0
1785146988.6413317,15,48.25,106.25
1785146988.6413317,15,159.859375,4452.75
1785146988.6413317,15,161.5,4440.0
1785146988.6413317,15,167.875,9154.25
1785146988.6413317,15,169.53125,9186.0
1785146988.6413317,15,171.15625,9228.5
1785146988.6413317,15,172.796875,9381.0
1785146988.6413317,15,174.4375,9477.5
1785146988.6413317,15,176.0625,9651.75
1785146988.6413317,10,180.9375,12319.75
1785146988.6413317,8,213.859375,4117.25
1785146988.6413317,15,220.453125,3538.75
1785146988.6413317,15,227.453125,1805.25
1785146988.6413317,15,229.0625,1788.0
1785146988.6413317,15,230.71875,1783.75
1785146988.6413317,15,232.375,1782.75
1785146988.6413317,15,233.96875,1790.75
1785146988.6413317,11,235.578125,1825.25
1785146988.6413317,14,240.265625,2723.0
1785146988.6413317,15,241.90625,2679.5
1785146988.6413317,15,243.53125,2646.75
1785146988.6413317,15,245.1875,2617.75
1785146988.6413317,15,246.84375,2571.75
1785146988.6413317,15,248.46875,2532.0
1785146988.6413317,15,250.09375,2511.0
1785146988.6413317,15,251.734375,2485.75
1785146988.6413317,15,253.390625,2470.75
1785146988.6413317,15,255.03125,2455.75
1785146988.6413317,14,256.6875,2441.75
1785146988.6413317,14,258.3125,2436.75
1785146988.6413317,14,259.96875,2432.0
1785146988.6413317,15,261.59375,2425.5
1785146988.6413317,14,263.21875,2422.5
1785146988.6413317,12,264.875,2427.75
1785146988.6413317,15,266.5,2421.25
1785146988.6413317,15,268.140625,2406.25
1785146988.6413317,15,269.78125,2399.5
1785146988.6413317,15,271.421875,2397.5
1785146988.6413317,15,273.0625,2398.0
1785146988.6413317,15,274.609375,2391.25
1785146988.6413317,15,276.21875,2393.0
1785146988.6413317,15,277.84375,2399.25
1785146988.6413317,15,279.484375,2396.75
1785146988.6413317,15,281.140625,2406.75
1785146988.6413317,15,282.734375,2424.75
1785146988.6413317,10,284.359375,2431.5
1785146988.6413317,8,286.0,2436.25
1785146988.6413317,15,287.625,2455.0
1785146988.6413317,15,289.265625,2468.0
1785146988.6413317,15,290.90625,2488.75
1785146988.6413317,15,292.515625,2512.5
1785146988.6413317,6,294.15625,2535.75
1785146988.6413317,8,295.765625,2559.25
1785146988.6413317,15,297.375,2595.25
1785146988.6413317,8,299.140625,2642.5
1785146988.6413317,15,300.78125,2674.75
1785146988.6413317,12,302.375,2713.5
1785146988.6413317,7,304.015625,2760.25
1785146988.6413317,15,305.65625,2803.5
1785146988.6413317,11,308.90625,2934.25
1785146988.6413317,10,310.53125,2955.75
1785146988.6413317,10,313.8125,3108.75
1785146988.865281,10,351.484375,3804.25
1785146988.865281,15,354.78125,3724.75
1785146988.865281,15,356.390625,3709.0
1785146988.865281,15,1.3125,4041.25
1785146988.865281,15,13.15625,1863.75
1785146988.865281,15,19.09375,8263.5
1785146988.865281,15,24.5,2044.75
1785146988.865281,15,48.375,106.25
1785146988.865281,13,160.03125,4100.75
1785146988.865281,15,163.265625,4432.75
1785146988.865281,15,169.671875,9111.5
1785146988.865281,15,171.3125,9206.75
1785146988.865281,15,172.953125,9238.75
1785146988.865281,15,174.59375,9365.5
1785146988.865281,15,176.21875,9484.25
1785146988.865281,15,177.859375,9642.0
1785146988.865281,15,215.703125,3950.5
1785146988.865281,10,218.984375,3638.5
1785146988.865281,15,220.640625,3552.0
1785146988.865281,15,223.9375,3355.0
1785146988.865281,15,229.21875,1833.75
1785146988.865281,15,230.84375,1820.0
1785146988.865281,15,232.46875,1816.0
1785146988.865281,15,234.140625,1812.25
1785146988.865281,15,235.734375,1816.5
1785146988.865281,15,242.046875,2732.0
1785146988.865281,15,243.6875,2685.25
1785146988.865281,15,245.28125,2641.5
1785146988.865281,14,246.953125,2601.25
1785146988.865281,15,248.578125,2568.25
1785146988.865281,15,250.21875,2538.5
1785146988.865281,15,251.875,2511.5
1785146988.865281,13,253.5,2486.0
1785146988.865281,14,255.15625,2459.5
1785146988.865281,15,256.796875,2446.0
1785146988.865281,15,258.4375,2440.5
1785146988.865281,14,260.0625,2441.5
1785146988.865281,14,261.703125,2443.25
1785146988.865281,13,263.328125,2439.5
1785146988.865281,15,264.96875,2440.25
1785146988.865281,15,266.625,2446.75
1785146988.865281,11,268.25,2448.25
1785146988.865281,15,269.90625,2437.25
1785146988.865281,15,271.515625,2428.25
1785146988.865281,15,273.140625,2429.75
1785146988.865281,13,274.78125,2432.25
1785146988.865281,15,276.390625,2429.25
1785146988.865281,15,278.03125,2426.0
1785146988.865281,11,279.6875,2423.0
1785146988.865281,9,281.265625,2429.0
1785146988.865281,8,282.921875,2437.75
1785146988.865281,10,284.546875,2440.5
1785146988.865281,8,286.171875,2449.5
1785146988.865281,15,287.828125,2481.5
1785146988.865281,15,289.421875,2514.25
1785146988.865281,7,291.078125,2531.25
1785146988.865281,6,292.703125,2551.5
1785146988.865281,14,294.3125,2578.5
1785146988.865281,12,295.96875,2611.25
1785146988.865281,14,297.578125,2652.25
1785146988.865281,15,299.359375,2689.5
1785146988.865281,15,300.984375,2717.25
1785146988.865281,10,302.609375,2758.75
1785146988.865281,14,304.25,2811.0
1785146988.865281,7,305.890625,2864.75
1785146988.865281,10,307.53125,2925.75
1785146988.865281,12,309.171875,2972.75
1785146988.9786735,15,353.421875,3736.5
1785146988.9786735,15,355.0625,3691.5
1785146988.9786735,15,356.71875,3711.5
1785146988.9786735,15,1.59375,4022.0
1785146988.9786735,15,13.46875,1860.5
1785146988.9786735,13,19.40625,8271.75
1785146988.9786735,15,24.84375,2056.75
1785146988.9786735,15,46.234375,108.0
1785146988.9786735,15,48.75,105.75
1785146988.9786735,7,160.28125,4158.25
1785146988.9786735,15,163.5625,4421.0
1785146988.9786735,15,169.921875,9033.0
1785146988.9786735,15,171.5625,9141.75
1785146988.9786735,15,173.1875,9235.75
1785146988.9786735,15,174.828125,9276.0
1785146988.9786735,15,178.109375,9684.75
1785146988.9786735,12,216.0,3878.0
1785146988.9786735,15,219.296875,3559.0
1785146988.9786735,15,220.921875,3493.25
1785146988.9786735,15,222.59375,3401.5
1785146988.9786735,15,227.796875,1898.5
1785146988.9786735,15,229.4375,1866.75
1785146988.9786735,15,231.109375,1836.5
1785146988.9786735,15,237.34375,2817.0
1785146988.9786735,15,242.296875,2672.25
1785146988.9786735,15,243.90625,2624.25
1785146988.9786735,15,245.578125,2588.5
1785146988.9786735,15,247.203125,2551.5
1785146988.9786735,15,248.84375,2512.25
1785146988.9786735,12,250.484375,2488.25
1785146988.9786735,13,252.09375,2477.5
1785146988.9786735,14,253.734375,2464.5
1785146988.9786735,13,255.359375,2451.5
1785146988.9786735,14,257.015625,2443.75
1785146988.9786735,15,258.65625,2438.5
1785146988.9786735,15,260.28125,2436.25
1785146988.9786735,14,261.890625,2433.25
1785146988.9786735,13,263.53125,2430.0
1785146988.9786735,14,265.1875,2428.75
1785146988.9786735,15,266.828125,2430.0
1785146988.9786735,14,268.453125,2430.5
1785146988.9786735,15,270.078125,2428.5
1785146988.9786735,15,271.703125,2429.5
1785146988.9786735,15,273.359375,2426.75
1785146988.9786735,15,274.984375,2426.0
1785146988.9786735,15,276.65625,2425.25
1785146988.9786735,15,278.28125,2421.5
1785146988.9786735,15,279.921875,2426.5
1785146988.9786735,10,281.546875,2435.5
1785146988.9786735,8,283.15625,2442.25
1785146988.9786735,10,284.8125,2449.0
1785146988.9786735,15,286.4375,2471.25
1785146988.9786735,15,288.078125,2502.0
1785146988.9786735,9,289.671875,2530.0
1785146988.9786735,15,291.3125,2557.5
1785146988.9786735,15,292.953125,2582.5
1785146988.9786735,10,294.546875,2615.25
1785146988.9786735,10,296.203125,2654.5
1785146988.9786735,15,297.8125,2686.5
1785146988.9786735,15,299.578125,2723.75
1785146988.9786735,12,301.203125,2769.75
1785146988.9786735,10,302.828125,2809.0
1785146988.9786735,6,304.46875,2862.0
1785146988.9786735,14,306.078125,2929.75
1785146988.9786735,12,307.734375,2980.25
1785146988.9786735,10,309.359375,3030.75
1785146988.9786735,10,311.0,3088.0
1785146989.2016876,15,350.265625,9529.5
1785146989.2016876,15,353.78125,3759.75
1785146989.2016876,15,355.40625,3725.75
1785146989.2016876,15,13.8125,1863.5
1785146989.2016876,15,19.765625,8210.25
1785146989.2016876,15,45.59375,107.75
1785146989.2016876,15,49.8125,101.75
1785146989.2016876,15,165.5625,4431.25
1785146989.2016876,15,171.953125,9035.5
1785146989.2016876,15,173.59375,9086.75
1785146989.2016876,15,175.234375,9188.75
1785146989.2016876,15,176.875,9308.25
1785146989.2016876,15,178.46875,9471.5
1785146989.2016876,15,180.109375,9658.5
1785146989.2016876,12,181.75,9710.75
1785146989.2016876,15,219.671875,3388.75
1785146989.2016876,15,222.953125,3197.5
1785146989.2016876,15,226.265625,3053.25
1785146989.2016876,15,234.4375,2758.75
1785146989.2016876,12,236.09375,2716.5
1785146989.2016876,15,237.75,2678.25
1785146989.2016876,15,239.375,2644.75
1785146989.2016876,15,244.328125,2523.25
1785146989.2016876,15,245.9375,2494.75
1785146989.2016876,15,247.578125,2484.25
1785146989.2016876,15,249.203125,2468.25
1785146989.2016876,15,250.890625,2453.0
1785146989.2016876,15,252.53125,2445.75
1785146989.2016876,15,254.1875,2434.75
1785146989.2016876,15,255.8125,2424.0
1785146989.2016876,15,257.4375,2412.0
1785146989.2016876,13,259.09375,2411.75
1785146989.2016876,15,260.71875,2414.0
1785146989.2016876,15,262.359375,2413.25
1785146989.2016876,15,264.0,2415.25
1785146989.2016876,15,265.640625,2421.75
1785146989.2016876,15,267.265625,2422.75
1785146989.2016876,15,268.90625,2418.5
1785146989.2016876,15,270.53125,2420.25
1785146989.2016876,15,272.1875,2417.5
1785146989.2016876,15,273.828125,2416.5
1785146989.2016876,15,275.4375,2419.75
1785146989.2016876,12,277.078125,2426.0
1785146989.2016876,15,278.71875,2428.75
1785146989.2016876,15,280.3125,2428.75
1785146989.2016876,10,281.953125,2434.0
1785146989.2016876,9,283.609375,2439.0
1785146989.2016876,8,285.234375,2441.75
1785146989.2016876,15,286.890625,2459.5
1785146989.2016876,15,288.484375,2492.0
1785146989.2016876,9,290.140625,2521.75
1785146989.2016876,6,291.75,2548.75
1785146989.2016876,15,293.40625,2579.25
1785146989.2016876,11,295.015625,2613.5
1785146989.2016876,13,296.640625,2655.5
1785146989.2016876,15,298.28125,2695.75
1785146989.2016876,8,299.953125,2739.0
1785146989.2016876,11,301.59375,2791.25
1785146989.2016876,13,303.203125,2846.0
1785146989.2016876,11,304.84375,2914.75
1785146989.2016876,12,306.484375,2974.75
1785146989.2016876,13,308.09375,3031.75
1785146989.2016876,15,309.734375,3091.0
1785146989.4271965,15,350.578125,9461.75
1785146989.4271965,15,354.078125,3788.75
1785146989.4271965,15,355.71875,3725.75
1785146989.4271965,15,6.0,1829.75
1785146989.4271965,8,21.609375,8240.75
1785146989.4271965,15,46.609375,107.25
1785146989.4271965,15,50.671875,101.5
1785146989.4271965,15,159.171875,4769.75
1785146989.4271965,15,167.390625,4406.5
1785146989.4271965,15,173.796875,9087.25
1785146989.4271965,15,175.421875,9201.5
1785146989.4271965,15,177.0625,9286.0
1785146989.4271965,15,178.671875,9457.0
1785146989.4271965,15,180.296875,9623.5
1785146989.4271965,15,214.890625,3562.75
1785146989.4271965,15,218.171875,3334.75
1785146989.4271965,15,221.484375,3161.75
1785146989.4271965,11,223.109375,3087.25
1785146989.4271965,15,224.75,3012.5
1785146989.4271965,12,226.390625,2949.5
1785146989.4271965,15,228.03125,2894.25
1785146989.4271965,11,229.703125,2842.75
1785146989.4271965,15,234.640625,2680.75
1785146989.4271965,15,236.25,2638.75
1785146989.4271965,11,237.921875,2598.0
1785146989.4271965,15,239.546875,2545.0
1785146989.4271965,15,241.203125,2512.5
1785146989.4271965,15,244.46875,2481.25
1785146989.4271965,15,246.109375,2449.5
1785146989.4271965,15,247.75,2429.0
1785146989.4271965,15,249.390625,2408.5
1785146989.4271965,15,251.015625,2390.5
1785146989.4271965,14,252.6875,2376.0
1785146989.4271965,15,254.3125,2366.75
1785146989.4271965,15,255.953125,2356.5
1785146989.4271965,15,257.578125,2348.25
1785146989.4271965,12,259.21875,2341.75
1785146989.4271965,12,260.890625,2336.75
1785146989.4271965,13,262.515625,2335.5
1785146989.4271965,11,264.15625,2336.0
1785146989.4271965,11,265.796875,2335.5
1785146989.4271965,9,267.40625,2341.0
1785146989.4271965,8,269.03125,2346.0
1785146989.4271965,9,270.703125,2346.5
1785146989.4271965,6,272.3125,2358.0
1785146989.4271965,7,273.96875,2366.5
1785146989.4271965,6,275.5625,2370.75
1785146989.4271965,9,277.171875,2379.25
1785146989.4271965,15,278.8125,2397.5
1785146989.4271965,15,280.453125,2421.0
1785146989.4271965,15,282.078125,2431.75
1785146989.4271965,9,283.703125,2439.25
1785146989.4271965,8,285.328125,2450.5
1785146989.4271965,8,286.9375,2471.0
1785146989.4271965,15,288.578125,2499.25
1785146989.4271965,8,290.171875,2525.0
1785146989.4271965,15,291.828125,2562.25
1785146989.4271965,11,293.453125,2605.75
1785146989.4271965,8,295.09375,2641.5
1785146989.4271965,15,296.703125,2672.0
1785146989.4271965,11,298.328125,2713.5
1785146989.4271965,6,300.015625,2762.75
1785146989.4271965,14,301.65625,2822.25
1785146989.4271965,12,303.296875,2892.75
1785146989.4271965,14,304.90625,2941.25
1785146989.4271965,5,306.53125,2997.0
1785146989.4271965,12,308.1875,3073.75
1785146989.4271965,14,309.8125,3131.5
1785146989.4271965,15,348.921875,9393.25
1785146989.53906,15,350.5625,9452.75
1785146989.53906,15,354.078125,3810.25
1785146989.53906,15,355.703125,3769.75
1785146989.53906,15,6.0,1829.75
1785146989.53906,8,21.625,8236.0
1785146989.53906,15,46.96875,107.25
1785146989.53906,15,51.046875,101.5
1785146989.53906,15,159.171875,4698.5
1785146989.53906,15,167.40625,4395.75
1785146989.53906,15,175.4375,9099.75
1785146989.53906,15,177.0625,9229.25
1785146989.53906,15,178.640625,9360.5
1785146989.53906,15,180.28125,9448.0
1785146989.53906,15,183.546875,9437.0
1785146989.53906,15,213.21875,3709.75
1785146989.53906,5,216.515625,3461.0
1785146989.53906,15,218.15625,3363.25
1785146989.53906,15,221.453125,3164.5
1785146989.53906,12,223.109375,3089.25
1785146989.53906,15,224.734375,3027.5
1785146989.53906,15,228.078125,2895.25
1785146989.53906,15,229.71875,2845.75
1785146989.53906,15,236.3125,2637.0
1785146989.53906,15,237.953125,2590.0
1785146989.53906,15,239.59375,2543.75
1785146989.53906,15,241.265625,2513.5
1785146989.53906,15,242.859375,2497.5
1785146989.53906,15,246.171875,2464.5
1785146989.53906,15,247.8125,2427.25
1785146989.53906,15,249.453125,2409.0
1785146989.53906,15,251.078125,2392.5
1785146989.53906,12,252.71875,2385.5
1785146989.53906,15,254.34375,2376.75
1785146989.53906,13,256.0,2358.75
1785146989.53906,11,257.59375,2350.75
1785146989.53906,12,259.265625,2344.25
1785146989.53906,14,260.875,2338.25
1785146989.53906,10,262.53125,2336.25
1785146989.53906,8,264.140625,2336.25
1785146989.53906,9,265.796875,2335.75
1785146989.53906,7,267.4375,2340.25
1785146989.53906,11,269.078125,2344.25
1785146989.53906,9,270.703125,2344.5
1785146989.53906,15,272.34375,2343.0
1785146989.53906,6,273.984375,2351.5
1785146989.53906,8,275.59375,2353.75
1785146989.53906,9,277.1875,2349.75
1785146989.53906,9,278.828125,2361.0
1785146989.53906,5,280.453125,2374.25
1785146989.53906,15,282.109375,2390.5
1785146989.53906,15,283.71875,2411.75
1785146989.53906,9,285.328125,2429.75
1785146989.53906,9,286.953125,2444.75
1785146989.53906,7,288.609375,2455.75
1785146989.53906,15,290.21875,2480.5
1785146989.53906,9,291.859375,2520.5
1785146989.53906,7,293.46875,2551.5
1785146989.53906,15,295.109375,2584.25
1785146989.53906,13,296.734375,2620.25
1785146989.53906,15,298.34375,2662.5
1785146989.53906,13,300.109375,2708.75
1785146989.53906,13,301.75,2759.25
1785146989.53906,15,303.359375,2820.0
1785146989.53906,5,304.984375,2880.0
1785146989.53906,13,306.640625,2939.0
1785146989.53906,10,308.28125,3002.25
1785146989.53906,12,309.875,3076.0
1785146989.53906,9,311.53125,3136.25
1785146989.53906,15,347.390625,9367.25
1785146989.53906,15,349.03125,9395.75
1785146989.7650313,15,350.921875,9384.25
1785146989.7650313,15,357.703125,3765.0
1785146989.7650313,15,359.34375,3789.75
1785146989.7650313,15,12.828125,1855.0
1785146989.7650313,11,18.75,12173.25
1785146989.7650313,15,22.078125,8247.0
1785146989.7650313,15,47.859375,106.5
1785146989.7650313,15,159.625,4632.25
1785146989.7650313,15,175.84375,9020.5
1785146989.7650313,15,177.46875,9099.75
1785146989.7650313,15,179.125,9218.0
1785146989.7650313,15,180.765625,9343.5
1785146989.7650313,15,182.390625,9508.0
1785146989.7650313,15,217.109375,3369.5
1785146989.7650313,12,220.421875,3190.75
1785146989.7650313,15,223.71875,3037.0
1785146989.7650313,9,225.375,2973.75
1785146989.7650313,11,227.0,2901.5
1785146989.7650313,11,228.640625,2844.75
1785146989.7650313,15,230.28125,2792.0
1785146989.7650313,15,231.953125,2743.25
1785146989.7650313,15,236.859375,2588.25
1785146989.7650313,15,238.53125,2559.0
1785146989.7650313,15,240.171875,2532.0
1785146989.7650313,15,241.796875,2505.25
1785146989.7650313,15,243.4375,2485.5
1785146989.7650313,15,248.359375,2444.75
1785146989.7650313,15,249.984375,2405.0
1785146989.7650313,15,251.65625,2393.0
1785146989.7650313,15,253.28125,2382.5
1785146989.7650313,15,254.921875,2370.75
1785146989.7650313,15,256.546875,2365.0
1785146989.7650313,15,258.234375,2357.5
1785146989.7650313,12,259.859375,2350.5
1785146989.7650313,12,261.46875,2347.5
1785146989.7650313,13,263.140625,2345.25
1785146989.7650313,9,264.78125,2342.75
1785146989.7650313,9,266.40625,2341.75
1785146989.7650313,8,268.015625,2346.0
1785146989.7650313,11,269.671875,2350.75
1785146989.7650313,6,271.296875,2358.0
1785146989.7650313,9,272.953125,2372.75
1785146989.7650313,15,274.546875,2383.25
1785146989.7650313,15,276.15625,2384.25
1785146989.7650313,15,277.8125,2400.75
1785146989.7650313,15,279.4375,2419.25
1785146989.7650313,15,281.0625,2420.5
1785146989.7650313,11,282.6875,2429.0
1785146989.7650313,11,284.359375,2442.5
1785146989.7650313,9,285.96875,2453.25
1785146989.7650313,15,287.59375,2478.0
1785146989.7650313,15,289.234375,2508.25
1785146989.7650313,8,290.875,2533.75
1785146989.7650313,15,292.46875,2569.75
1785146989.7650313,11,294.078125,2610.75
1785146989.7650313,8,295.75,2645.5
1785146989.7650313,12,297.359375,2683.0
1785146989.7650313,9,299.09375,2725.5
1785146989.7650313,13,300.734375,2769.75
1785146989.7650313,13,302.34375,2829.5
1785146989.7650313,12,304.0,2902.75
1785146989.7650313,15,305.625,2961.5
1785146989.7650313,10,307.234375,3021.75
1785146989.7650313,11,308.890625,3090.25
1785146989.7650313,6,310.53125,3155.25
1785146989.7650313,15,346.328125,9270.5
1785146989.7650313,15,347.96875,9283.75
1785146989.7650313,15,349.609375,9316.25
1785146989.9899104,15,351.59375,9378.75
1785146989.9899104,15,356.75,3772.5
1785146989.9899104,15,0.015625,3780.25
1785146989.9899104,15,13.546875,1853.75
1785146989.9899104,10,19.421875,12094.5
1785146989.9899104,15,22.75,8325.25
1785146989.9899104,15,46.1875,108.0
1785146989.9899104,15,48.453125,105.75
1785146989.9899104,15,160.421875,4587.0
1785146989.9899104,15,162.046875,4649.25
1785146989.9899104,15,163.671875,4767.25
1785146989.9899104,15,171.90625,4138.5
1785146989.9899104,15,178.265625,9053.5
1785146989.9899104,15,179.90625,9154.75
1785146989.9899104,15,181.546875,9286.75
1785146989.9899104,7,212.8125,3628.0
1785146989.9899104,15,214.453125,3530.25
1785146989.9899104,15,217.75,3302.5
1785146989.9899104,13,219.40625,3220.5
1785146989.9899104,15,221.03125,3147.5
1785146989.9899104,14,222.6875,3075.5
1785146989.9899104,15,224.3125,3013.0
1785146989.9899104,15,227.625,2856.75
1785146989.9899104,15,229.28125,2794.25
1785146989.9899104,15,230.9375,2737.25
1785146989.9899104,15,232.59375,2687.75
1785146989.9899104,15,234.203125,2651.75
1785146989.9899104,15,237.46875,2603.75
1785146989.9899104,15,239.109375,2549.5
1785146989.9899104,15,240.765625,2520.5
1785146989.9899104,15,242.40625,2500.5
1785146989.9899104,15,244.046875,2483.0
1785146989.9899104,15,245.703125,2459.0
1785146989.9899104,15,248.984375,2428.25
1785146989.9899104,15,250.65625,2402.5
1785146989.9899104,15,252.296875,2384.5
1785146989.9899104,15,253.9375,2372.0
1785146989.9899104,14,255.578125,2366.0
1785146989.9899104,14,257.203125,2362.0
1785146989.9899104,12,258.828125,2354.25
1785146989.9899104,10,260.46875,2345.75
1785146989.9899104,12,262.125,2340.5
1785146989.9899104,12,263.75,2336.25
1785146989.9899104,13,265.390625,2335.25
1785146989.9899104,11,267.015625,2341.25
1785146989.9899104,8,268.671875,2346.5
1785146989.9899104,9,270.3125,2350.75
1785146989.9899104,8,271.9375,2360.5
1785146989.9899104,7,273.578125,2369.0
1785146989.9899104,15,275.21875,2383.0
1785146989.9899104,15,276.828125,2404.25
1785146989.9899104,15,278.484375,2413.0
1785146989.9899104,15,280.09375,2425.75
1785146989.9899104,12,281.734375,2440.75
1785146989.9899104,10,283.390625,2443.0
1785146989.9899104,8,284.984375,2448.0
1785146989.9899104,15,286.625,2466.75
1785146989.9899104,15,288.28125,2503.5
1785146989.9899104,14,289.90625,2529.75
1785146989.9899104,15,291.515625,2552.0
1785146989.9899104,15,293.140625,2593.0
1785146989.9899104,9,294.796875,2631.0
1785146989.9899104,14,296.40625,2665.0
1785146989.9899104,10,298.0625,2700.5
1785146989.9899104,12,299.75,2756.75
1785146989.9899104,12,301.390625,2818.75
1785146989.9899104,11,303.0,2879.75
1785146989.9899104,10,304.609375,2936.75
1785146989.9899104,10,306.28125,2988.0
1785146989.9899104,11,307.90625,3062.0
1785146989.9899104,8,309.546875,3122.0
1785146989.9899104,15,347.0625,9329.75
1785146989.9899104,15,348.71875,9356.75
1785146990.1024325,15,350.34375,9340.5
1785146990.1024325,15,351.96875,9373.75
1785146990.1024325,15,357.140625,3783.25
1785146990.1024325,15,0.421875,3806.25
1785146990.1024325,15,5.796875,1835.0
1785146990.1024325,15,13.921875,1855.5
1785146990.1024325,10,19.828125,12168.0
1785146990.1024325,15,47.296875,107.75
1785146990.1024325,15,50.328125,101.75
1785146990.1024325,15,160.84375,4603.5
1785146990.1024325,15,162.484375,4591.75
1785146990.1024325,11,169.078125,4218.25
1785146990.1024325,15,178.734375,9038.75
1785146990.1024325,15,180.375,9154.25
1785146990.1024325,15,182.03125,9262.75
1785146990.1024325,10,213.3125,3614.5
1785146990.1024325,15,214.953125,3519.75
1785146990.1024325,7,216.609375,3425.25
1785146990.1024325,12,219.90625,3211.0
1785146990.1024325,15,221.546875,3161.0
1785146990.1024325,12,223.1875,3085.75
1785146990.1024325,15,224.859375,3007.5
1785146990.1024325,10,226.515625,2929.25
1785146990.1024325,15,229.8125,2754.5
1785146990.1024325,15,231.46875,2713.75
1785146990.1024325,15,233.109375,2679.0
1785146990.1024325,15,234.734375,2633.5
1785146990.1024325,7,236.375,2594.5
1785146990.1024325,15,239.65625,2547.0
1785146990.1024325,15,241.3125,2509.5
1785146990.1024325,15,242.953125,2485.25
1785146990.1024325,15,244.609375,2455.75
1785146990.1024325,15,246.234375,2427.0
1785146990.1024325,15,247.84375,2415.5
1785146990.1024325,15,251.203125,2394.0
1785146990.1024325,15,252.828125,2359.5
1785146990.1024325,15,254.46875,2355.0
1785146990.1024325,15,256.125,2345.75
1785146990.1024325,15,257.75,2328.25
1785146990.1024325,14,259.421875,2322.25
1785146990.1024325,14,261.078125,2319.5
1785146990.1024325,10,262.703125,2318.5
1785146990.1024325,15,264.34375,2316.0
1785146990.1024325,10,265.953125,2314.25
1785146990.1024325,14,267.625,2318.5
1785146990.1024325,10,269.234375,2321.0
1785146990.1024325,11,270.890625,2326.75
1785146990.1024325,9,272.53125,2335.5
1785146990.1024325,9,274.171875,2339.75
1785146990.1024325,10,275.734375,2345.0
1785146990.1024325,8,277.375,2352.75
1785146990.1024325,6,279.0,2366.0
1785146990.1024325,15,280.59375,2388.5
1785146990.1024325,15,282.25,2405.75
1785146990.1024325,15,283.875,2418.0
1785146990.1024325,15,285.515625,2436.0
1785146990.1024325,8,287.15625,2445.75
1785146990.1024325,15,288.78125,2458.25
1785146990.1024325,15,290.375,2483.25
1785146990.1024325,15,292.015625,2511.0
1785146990.1024325,8,293.640625,2541.5
1785146990.1024325,15,295.28125,2580.0
1785146990.1024325,9,296.90625,2617.5
1785146990.1024325,14,298.609375,2654.75
1785146990.1024325,14,300.25,2692.25
1785146990.1024325,7,301.890625,2734.75
1785146990.1024325,14,303.5,2794.75
1785146990.1024325,9,305.15625,2868.5
1785146990.1024325,12,306.75,2938.25
1785146990.1024325,8,308.390625,2985.5
1785146990.1024325,10,310.03125,3047.75
1785146990.1024325,9,311.65625,3115.75
1785146990.1024325,10,313.28125,3189.25
1785146990.1024325,15,347.546875,9248.25
1785146990.1024325,15,349.203125,9277.75
1785146990.32867,15,350.984375,9339.75
1785146990.32867,15,352.625,9395.5
1785146990.32867,13,356.125,3853.75
1785146990.32867,8,357.75,3790.0
1785146990.32867,15,1.015625,3813.5
1785146990.32867,15,12.84375,1843.25
1785146990.32867,9,18.71875,12364.25
1785146990.32867,9,20.359375,12230.25
1785146990.32867,15,46.890625,106.5
1785146990.32867,15,162.984375,4616.25
1785146990.32867,15,164.609375,4588.0
1785146990.32867,10,171.171875,4195.25
1785146990.32867,15,180.796875,9069.75
1785146990.32867,14,182.421875,9178.0
1785146990.32867,10,213.734375,3615.75
1785146990.32867,15,215.375,3535.0
1785146990.32867,11,220.328125,3224.0
1785146990.32867,15,221.953125,3160.5
1785146990.32867,15,225.25,2998.25
1785146990.32867,12,226.9375,2928.25
1785146990.32867,14,230.25,2769.75
1785146990.32867,15,231.890625,2727.0
1785146990.32867,15,233.5,2696.5
1785146990.32867,15,235.1875,2661.0
1785146990.32867,15,236.796875,2627.5
1785146990.32867,15,238.46875,2594.5
1785146990.32867,7,240.125,2546.5
1785146990.32867,15,241.71875,2507.0
1785146990.32867,15,243.390625,2489.5
1785146990.32867,15,245.046875,2481.0
1785146990.32867,15,246.6875,2475.25
1785146990.32867,15,248.296875,2453.5
1785146990.32867,15,251.609375,2414.25
1785146990.32867,15,253.21875,2393.75
1785146990.32867,12,254.84375,2383.75
1785146990.32867,12,256.515625,2368.0
1785146990.32867,14,258.15625,2359.5
1785146990.32867,13,259.78125,2352.0
1785146990.32867,14,261.421875,2348.25
1785146990.32867,12,263.046875,2345.25
1785146990.32867,12,264.703125,2343.5
1785146990.32867,8,266.34375,2337.0
1785146990.32867,10,267.953125,2341.75
1785146990.32867,11,269.59375,2355.0
1785146990.32867,8,271.21875,2361.0
1785146990.32867,5,272.84375,2372.5
1785146990.32867,15,274.5,2385.0
1785146990.32867,15,276.09375,2400.0
1785146990.32867,15,277.703125,2416.25
1785146990.32867,11,279.359375,2422.75
1785146990.32867,11,280.984375,2432.5
1785146990.32867,10,282.609375,2439.5
1785146990.32867,9,284.21875,2444.25
1785146990.32867,9,285.859375,2456.0
1785146990.32867,15,287.484375,2481.75
1785146990.32867,15,289.109375,2513.25
1785146990.32867,7,290.734375,2535.25
1785146990.32867,8,292.375,2557.0
1785146990.32867,14,294.015625,2592.0
1785146990.32867,8,295.625,2634.25
1785146990.32867,13,297.265625,2672.0
1785146990.32867,11,298.984375,2698.25
1785146990.32867,8,300.59375,2739.25
1785146990.32867,14,302.234375,2794.0
1785146990.32867,9,303.828125,2846.5
1785146990.32867,11,307.109375,2922.5
1785146990.32867,10,308.734375,3013.75
1785146990.32867,10,310.375,3089.0
1785146990.32867,15,347.796875,9284.5
1785146990.32867,15,349.4375,9273.75
1785146990.5533416,15,351.25,9307.25
1785146990.5533416,15,352.875,9341.5
1785146990.5533416,15,354.53125,9453.5
1785146990.5533416,15,358.03125,3819.5
1785146990.5533416,15,359.65625,3774.25
1785146990.5533416,15,6.6875,1750.25
1785146990.5533416,15,13.1875,1833.0
1785146990.5533416,11,20.6875,12237.25
1785146990.5533416,11,22.3125,12136.25
1785146990.5533416,15,48.375,106.25
1785146990.5533416,15,164.9375,4576.0
1785146990.5533416,15,166.59375,4570.75
1785146990.5533416,11,176.4375,4099.75
1785146990.5533416,15,182.8125,9090.0
1785146990.5533416,8,209.25,3873.75
1785146990.5533416,5,214.203125,3472.0
1785146990.5533416,15,215.859375,3382.0
1785146990.5533416,15,219.171875,3176.25
1785146990.5533416,14,220.8125,3098.75
1785146990.5533416,15,222.4375,3040.0
1785146990.5533416,15,225.75,2879.0
1785146990.5533416,15,229.015625,2746.75
1785146990.5533416,14,230.640625,2696.25
1785146990.5533416,15,232.296875,2651.0
1785146990.5533416,15,233.96875,2617.0
1785146990.5533416,15,235.578125,2583.5
1785146990.5533416,15,237.234375,2544.25
1785146990.5533416,15,238.84375,2507.0
1785146990.5533416,7,240.484375,2486.25
1785146990.5533416,15,242.140625,2466.25
1785146990.5533416,15,243.78125,2441.75
1785146990.5533416,15,245.453125,2411.5
1785146990.5533416,15,247.078125,2389.25
1785146990.5533416,15,248.71875,2376.0
1785146990.5533416,15,250.359375,2359.75
1785146990.5533416,15,252.015625,2342.5
1785146990.5533416,15,253.640625,2332.25
1785146990.5533416,15,255.296875,2326.75
1785146990.5533416,15,256.921875,2318.75
1785146990.5533416,15,258.546875,2315.5
1785146990.5533416,15,260.171875,2321.75
1785146990.5533416,14,261.859375,2325.25
1785146990.5533416,15,263.453125,2323.5
1785146990.5533416,10,265.09375,2323.25
1785146990.5533416,13,266.703125,2328.5
1785146990.5533416,8,268.34375,2332.75
1785146990.5533416,12,269.984375,2338.25
1785146990.5533416,8,271.65625,2348.0
1785146990.5533416,9,273.28125,2357.25
1785146990.5533416,11,274.921875,2366.25
1785146990.5533416,7,276.53125,2376.25
1785146990.5533416,15,278.171875,2389.0
1785146990.5533416,15,279.8125,2402.75
1785146990.5533416,15,281.4375,2416.5
1785146990.5533416,15,283.0625,2426.75
1785146990.5533416,11,284.6875,2435.75
1785146990.5533416,15,286.34375,2445.5
1785146990.5533416,10,287.953125,2454.0
1785146990.5533416,15,289.609375,2475.25
1785146990.5533416,15,291.234375,2509.0
1785146990.5533416,7,292.859375,2540.75
1785146990.5533416,13,294.484375,2579.0
1785146990.5533416,13,296.09375,2617.75
1785146990.5533416,13,297.734375,2661.5
1785146990.5533416,15,299.46875,2700.5
1785146990.5533416,6,301.125,2737.5
1785146990.5533416,11,302.765625,2790.75
1785146990.5533416,4,304.390625,2859.5
1785146990.5533416,12,306.0,2940.0
1785146990.5533416,9,307.65625,2990.75
1785146990.5533416,11,310.921875,3130.5
1785146990.5533416,15,348.359375,9263.0
1785146990.5533416,15,349.984375,9267.75
1785146990.6647818,15,351.625,9294.5
1785146990.6647818,15,353.28125,9379.0
1785146990.6647818,15,354.90625,9459.0
1785146990.6647818,12,358.40625,3845.25
1785146990.6647818,15,0.0625,3803.0
1785146990.6647818,15,8.71875,1652.75
1785146990.6647818,15,13.5625,1817.5
1785146990.6647818,9,19.421875,12279.25
1785146990.6647818,12,21.0625,12281.5
1785146990.6647818,11,22.6875,12094.75
1785146990.6647818,15,45.40625,108.0
1785146990.6647818,15,47.609375,105.75
1785146990.6647818,15,165.28125,4583.75
1785146990.6647818,15,166.9375,4540.0
1785146990.6647818,12,173.515625,4136.0
1785146990.6647818,15,175.140625,4116.75
1785146990.6647818,15,176.796875,4097.75
1785146990.6647818,15,183.171875,9066.5
1785146990.6647818,6,214.5625,3465.5
1785146990.6647818,8,219.53125,3139.75
1785146990.6647818,11,221.15625,3071.0
1785146990.6647818,15,222.8125,3022.0
1785146990.6647818,15,226.109375,2876.75
1785146990.6647818,12,227.765625,2809.25
1785146990.6647818,15,229.40625,2754.25
1785146990.6647818,12,231.015625,2709.0
1785146990.6647818,15,232.6875,2656.5
1785146990.6647818,15,234.34375,2613.0
1785146990.6647818,15,235.984375,2588.25
1785146990.6647818,15,237.609375,2557.75
1785146990.6647818,15,239.265625,2518.5
1785146990.6647818,15,240.921875,2492.5
1785146990.6647818,15,244.203125,2452.0
1785146990.6647818,15,245.8125,2416.0
1785146990.6647818,15,247.46875,2397.5
1785146990.6647818,15,249.09375,2378.0
1785146990.6647818,15,250.765625,2363.0
1785146990.6647818,15,252.421875,2348.25
1785146990.6647818,15,254.078125,2341.5
1785146990.6647818,15,255.6875,2334.0
1785146990.6647818,15,257.34375,2326.75
1785146990.6647818,14,259.015625,2326.0
1785146990.6647818,15,260.640625,2322.5
1785146990.6647818,15,262.25,2320.25
1785146990.6647818,15,263.90625,2317.25
1785146990.6647818,14,265.53125,2319.75
1785146990.6647818,12,267.171875,2322.5
1785146990.6647818,11,268.828125,2325.5
1785146990.6647818,11,270.453125,2332.5
1785146990.6647818,10,272.078125,2336.75
1785146990.6647818,9,273.734375,2344.25
1785146990.6647818,11,275.359375,2355.5
1785146990.6647818,8,276.984375,2369.25
1785146990.6647818,5,278.5625,2383.75
1785146990.6647818,10,280.203125,2404.75
1785146990.6647818,15,281.84375,2428.0
1785146990.6647818,10,283.484375,2438.5
1785146990.6647818,15,285.109375,2441.25
1785146990.6647818,13,286.734375,2456.5
1785146990.6647818,15,288.390625,2478.0
1785146990.6647818,15,290.015625,2498.0
1785146990.6647818,7,291.671875,2526.25
1785146990.6647818,15,293.28125,2556.5
1785146990.6647818,14,294.921875,2591.0
1785146990.6647818,8,296.53125,2631.5
1785146990.6647818,15,298.140625,2683.0
1785146990.6647818,13,299.859375,2727.0
1785146990.6647818,13,301.53125,2764.75
1785146990.6647818,10,303.171875,2819.75
1785146990.6647818,4,304.78125,2881.25
1785146990.6647818,11,306.421875,2940.0
1785146990.6647818,5,308.03125,3005.0
1785146990.6647818,13,309.671875,3078.75
1785146990.6647818,8,311.296875,3162.5
1785146990.6647818,10,312.9375,3239.5
1785146990.6647818,15,345.53125,8778.5
1785146990.6647818,15,348.859375,9241.0
1785146990.8922427,15,351.078125,9275.5
1785146990.8922427,15,352.703125,9341.75
1785146990.8922427,15,354.375,9402.75
1785146990.8922427,15,1.15625,3869.75
1785146990.8922427,15,2.8125,3861.25
1785146990.8922427,9,20.546875,12328.75
1785146990.8922427,10,22.171875,12266.25
1785146990.8922427,15,46.96875,106.5
1785146990.8922427,15,161.625,4423.25
1785146990.8922427,13,163.28125,4461.25
1785146990.8922427,15,168.1875,4531.75
1785146990.8922427,15,174.796875,4118.0
1785146990.8922427,14,212.484375,3701.5
1785146990.8922427,15,215.765625,3475.25
1785146990.8922427,12,219.0625,3225.75
1785146990.8922427,15,220.734375,3160.5
1785146990.8922427,10,222.359375,3094.75
1785146990.8922427,15,224.0,3034.0
1785146990.8922427,15,227.328125,2887.25
1785146990.8922427,13,228.984375,2819.5
1785146990.8922427,15,230.625,2756.5
1785146990.8922427,14,232.296875,2707.0
1785146990.8922427,15,233.921875,2659.5
1785146990.8922427,15,235.578125,2622.75
1785146990.8922427,15,237.203125,2590.5
1785146990.8922427,15,238.84375,2558.0
1785146990.8922427,15,240.484375,2521.0
1785146990.8922427,15,242.140625,2480.25
1785146990.8922427,15,245.453125,2438.5
1785146990.8922427,15,247.078125,2401.5
1785146990.8922427,15,248.71875,2376.75
1785146990.8922427,15,250.375,2359.75
1785146990.8922427,15,252.0625,2342.5
1785146990.8922427,15,253.671875,2331.25
1785146990.8922427,15,255.34375,2324.0
1785146990.8922427,15,256.953125,2316.0
1785146990.8922427,15,258.59375,2313.25
1785146990.8922427,15,260.265625,2309.25
1785146990.8922427,15,261.859375,2304.25
1785146990.8922427,15,263.53125,2298.5
1785146990.8922427,15,265.1875,2293.5
1785146990.8922427,15,266.828125,2296.25
1785146990.8922427,15,268.46875,2298.0
1785146990.8922427,15,270.109375,2299.5
1785146990.8922427,15,271.734375,2306.5
1785146990.8922427,11,273.34375,2320.25
1785146990.8922427,9,274.96875,2328.0
1785146990.8922427,8,276.625,2336.75
1785146990.8922427,8,278.234375,2353.25
1785146990.8922427,15,279.859375,2375.0
1785146990.8922427,15,281.46875,2405.25
1785146990.8922427,15,283.125,2430.75
1785146990.8922427,10,284.75,2445.25
1785146990.8922427,11,286.40625,2447.0
1785146990.8922427,13,288.015625,2451.25
1785146990.8922427,15,289.65625,2474.75
1785146990.8922427,15,291.296875,2507.75
1785146990.8922427,6,292.9375,2539.0
1785146990.8922427,15,294.53125,2566.0
1785146990.8922427,15,296.171875,2604.0
1785146990.8922427,10,297.796875,2648.75
1785146990.8922427,15,299.5,2690.0
1785146990.8922427,6,301.140625,2738.0
1785146990.8922427,12,302.78125,2789.75
1785146990.8922427,8,304.375,2844.5
1785146990.8922427,14,306.03125,2911.25
1785146990.8922427,8,307.65625,2974.5
1785146990.8922427,12,310.9375,3114.75
1785146990.8922427,15,346.8125,8844.25
1785146990.8922427,15,350.078125,9257.0
1785146991.1149435,15,350.640625,9259.75
1785146991.1149435,15,352.28125,9265.75
1785146991.1149435,15,353.90625,9345.25
1785146991.1149435,15,355.5625,9444.25
1785146991.1149435,15,11.234375,1346.75
1785146991.1149435,11,20.0625,12147.25
1785146991.1149435,8,21.6875,12289.25
1785146991.1149435,15,46.46875,107.0
1785146991.1149435,13,51.421875,101.0
1785146991.1149435,15,162.71875,4411.0
1785146991.1149435,15,169.265625,4560.5
1785146991.1149435,15,170.890625,4533.25
1785146991.1149435,15,177.46875,4097.75
1785146991.1149435,15,179.09375,4071.25
1785146991.1149435,10,180.734375,4070.75
1785146991.1149435,10,210.203125,3911.5
1785146991.1149435,15,215.171875,3497.5
1785146991.1149435,11,216.828125,3407.0
1785146991.1149435,15,220.125,3199.5
1785146991.1149435,15,223.4375,3052.75
1785146991.1149435,9,225.078125,2988.5
1785146991.1149435,12,226.765625,2912.75
1785146991.1149435,14,230.078125,2767.75
1785146991.1149435,11,231.703125,2721.25
1785146991.1149435,15,233.359375,2676.25
1785146991.1149435,15,235.0,2639.5
1785146991.1149435,15,236.640625,2606.75
1785146991.1149435,15,238.28125,2578.5
1785146991.1149435,15,239.96875,2542.0
1785146991.1149435,15,241.59375,2506.25
1785146991.1149435,15,243.234375,2480.0
1785146991.1149435,15,244.859375,2460.25
1785146991.1149435,15,246.53125,2441.0
1785146991.1149435,15,248.1875,2414.5
1785146991.1149435,15,249.796875,2393.0
1785146991.1149435,15,251.40625,2371.5
1785146991.1149435,15,253.03125,2358.0
1785146991.1149435,15,254.6875,2354.75
1785146991.1149435,15,256.328125,2353.25
1785146991.1149435,15,257.953125,2345.25
1785146991.1149435,15,259.609375,2332.75
1785146991.1149435,15,261.234375,2334.5
1785146991.1149435,15,262.890625,2332.25
1785146991.1149435,15,264.515625,2325.0
1785146991.1149435,14,266.15625,2321.75
1785146991.1149435,12,267.765625,2319.5
1785146991.1149435,11,269.4375,2321.75
1785146991.1149435,9,271.0625,2329.5
1785146991.1149435,10,272.703125,2335.25
1785146991.1149435,8,274.328125,2340.5
1785146991.1149435,8,275.859375,2350.5
1785146991.1149435,7,277.484375,2355.25
1785146991.1149435,6,279.125,2364.75
1785146991.1149435,15,280.765625,2388.5
1785146991.1149435,15,282.375,2405.75
1785146991.1149435,15,284.0,2418.25
1785146991.1149435,15,285.609375,2427.75
1785146991.1149435,10,287.265625,2434.5
1785146991.1149435,11,288.90625,2442.75
1785146991.1149435,9,290.515625,2453.0
1785146991.1149435,15,292.140625,2477.5
1785146991.1149435,15,293.75,2506.75
1785146991.1149435,7,295.359375,2531.5
1785146991.1149435,6,297.03125,2553.5
1785146991.1149435,14,298.828125,2591.25
1785146991.1149435,7,300.4375,2638.0
1785146991.1149435,12,302.078125,2681.0
1785146991.1149435,7,303.6875,2732.75
1785146991.1149435,15,305.359375,2783.75
1785146991.1149435,8,306.96875,2839.75
1785146991.1149435,7,313.5,3136.75
1785146991.1149435,15,346.046875,8767.25
1785146991.1149435,15,347.671875,8879.75
1785146991.2288668,15,350.9375,9250.75
1785146991.2288668,15,352.59375,9294.75
1785146991.2288668,15,354.21875,9343.25
1785146991.2288668,15,355.84375,9415.0
1785146991.2288668,15,11.515625,1319.25
1785146991.2288668,10,20.328125,12109.0
1785146991.2288668,8,21.953125,12253.75
1785146991.2288668,15,46.90625,106.75
1785146991.2288668,15,159.5,9538.75
1785146991.2288668,15,162.9375,4394.75
1785146991.2288668,15,164.59375,4395.25
1785146991.2288668,15,171.109375,4507.75
1785146991.2288668,15,177.703125,4103.25
1785146991.2288668,15,184.28125,3934.0
1785146991.2288668,10,210.484375,3870.5
1785146991.2288668,7,213.765625,3615.25
1785146991.2288668,7,217.046875,3409.25
1785146991.2288668,15,220.375,3202.5
1785146991.2288668,15,223.65625,3040.0
1785146991.2288668,9,225.296875,2984.0
1785146991.2288668,10,226.921875,2916.0
1785146991.2288668,11,228.578125,2844.25
1785146991.2288668,14,230.21875,2771.5
1785146991.2288668,11,231.859375,2717.0
1785146991.2288668,15,233.515625,2682.75
1785146991.2288668,15,235.171875,2647.25
1785146991.2288668,15,236.796875,2607.5
1785146991.2288668,13,238.421875,2576.75
1785146991.2288668,15,240.078125,2538.0
1785146991.2288668,14,241.703125,2496.0
1785146991.2288668,15,243.34375,2475.75
1785146991.2288668,15,244.984375,2459.75
1785146991.2288668,15,246.65625,2417.0
1785146991.2288668,15,248.296875,2390.0
1785146991.2288668,15,249.9375,2378.75
1785146991.2288668,15,251.5625,2358.5
1785146991.2288668,15,253.1875,2343.0
1785146991.2288668,15,254.796875,2332.5
1785146991.2288668,15,256.4375,2323.5
1785146991.2288668,15,258.109375,2314.5
1785146991.2288668,15,259.71875,2308.0
1785146991.2288668,13,261.359375,2309.5
1785146991.2288668,13,262.984375,2307.0
1785146991.2288668,12,264.625,2301.25
1785146991.2288668,15,266.234375,2297.0
1785146991.2288668,15,267.90625,2291.25
1785146991.2288668,15,269.515625,2291.75
1785146991.2288668,11,271.140625,2300.5
1785146991.2288668,15,272.78125,2307.25
1785146991.2288668,9,274.390625,2313.75
1785146991.2288668,8,276.078125,2324.25
1785146991.2288668,11,277.703125,2333.75
1785146991.2288668,8,279.3125,2349.25
1785146991.2288668,8,280.9375,2370.25
1785146991.2288668,15,282.546875,2394.0
1785146991.2288668,15,284.171875,2416.25
1785146991.2288668,12,285.828125,2430.5
1785146991.2288668,11,287.46875,2439.0
1785146991.2288668,9,289.09375,2447.75
1785146991.2288668,8,290.703125,2464.0
1785146991.2288668,15,292.34375,2493.75
1785146991.2288668,9,293.953125,2529.0
1785146991.2288668,7,295.59375,2552.75
1785146991.2288668,15,297.203125,2582.75
1785146991.2288668,9,298.984375,2627.75
1785146991.2288668,15,300.609375,2676.0
1785146991.2288668,11,302.25,2724.0
1785146991.2288668,15,303.875,2780.25
1785146991.2288668,10,305.5,2845.75
1785146991.2288668,15,307.109375,2918.0
1785146991.2288668,10,308.765625,2984.25
1785146991.2288668,9,312.015625,3134.0
1785146991.2288668,15,347.78125,8913.5
1785146991.2288668,15,349.4375,9023.25
1785146991.4512064,15,351.03125,9118.5
1785146991.4512064,15,352.65625,9287.25
1785146991.4512064,15,354.3125,9329.75
1785146991.4512064,15,355.9375,9340.5
1785146991.4512064,11,2.703125,3819.75
1785146991.4512064,15,4.328125,3868.5
1785146991.4512064,15,11.703125,1286.5
1785146991.4512064,15,16.515625,1401.0
1785146991.4512064,15,18.09375,1397.0
1785146991.4512064,15,47.375,106.75
1785146991.4512064,15,161.015625,9584.75
1785146991.4512064,15,164.484375,4379.25
1785146991.4512064,15,166.109375,4370.25
1785146991.4512064,15,172.640625,4496.25
1785146991.4512064,15,180.890625,4116.75
1785146991.4512064,15,182.53125,4110.75
1785146991.4512064,15,185.84375,3928.75
1785146991.4512064,14,212.078125,3684.75
1785146991.4512064,15,215.34375,3489.0
1785146991.4512064,15,220.296875,3180.0
1785146991.4512064,11,221.984375,3099.5
1785146991.4512064,15,223.609375,3025.25
1785146991.4512064,10,225.25,2951.0
1785146991.4512064,15,226.890625,2893.75
1785146991.4512064,11,228.546875,2839.25
1785146991.4512064,14,230.1875,2770.5
1785146991.4512064,10,231.8125,2717.25
1785146991.4512064,15,233.46875,2672.0
1785146991.4512064,15,235.078125,2638.0
1785146991.4512064,15,236.734375,2609.25
1785146991.4512064,13,238.421875,2578.25
1785146991.4512064,15,240.0625,2539.75
1785146991.4512064,15,241.703125,2505.25
1785146991.4512064,15,243.3125,2474.5
1785146991.4512064,15,244.96875,2447.75
1785146991.4512064,15,246.59375,2426.5
1785146991.4512064,15,248.234375,2402.5
1785146991.4512064,15,249.90625,2381.0
1785146991.4512064,15,251.5625,2360.75
1785146991.4512064,15,253.15625,2343.25
1785146991.4512064,15,254.84375,2330.75
1785146991.4512064,15,256.4375,2322.75
1785146991.4512064,15,258.09375,2314.25
1785146991.4512064,15,259.703125,2308.25
1785146991.4512064,15,261.375,2308.0
1785146991.4512064,15,263.015625,2306.5
1785146991.4512064,15,264.625,2303.5
1785146991.4512064,15,266.296875,2300.25
1785146991.4512064,12,267.890625,2303.25
1785146991.4512064,12,269.5625,2302.75
1785146991.4512064,15,271.1875,2302.75
1785146991.4512064,14,272.8125,2309.75
1785146991.4512064,10,274.46875,2316.5
1785146991.4512064,10,276.0625,2335.5
1785146991.4512064,10,277.6875,2345.25
1785146991.4512064,8,279.296875,2352.5
1785146991.4512064,15,280.953125,2374.0
1785146991.4512064,15,282.578125,2398.5
1785146991.4512064,11,284.203125,2420.25
1785146991.4512064,14,285.8125,2434.0
1785146991.4512064,9,287.4375,2441.25
1785146991.4512064,11,289.078125,2449.5
1785146991.4512064,15,290.703125,2467.25
1785146991.4512064,10,292.359375,2496.5
1785146991.4512064,10,293.953125,2527.25
1785146991.4512064,15,295.578125,2551.5
1785146991.4512064,15,297.234375,2588.25
1785146991.4512064,8,298.890625,2633.5
1785146991.4512064,15,300.53125,2675.0
1785146991.4512064,12,302.171875,2719.0
1785146991.4512064,13,303.796875,2770.0
1785146991.4512064,12,308.6875,2954.75
1785146991.4512064,4,310.28125,3003.25
1785146991.4512064,11,311.9375,3077.5
1785146991.4512064,15,347.78125,8949.75
1785146991.4512064,15,349.421875,8969.75
1785146991.6779149,15,351.125,9133.75
1785146991.6779149,15,352.765625,9265.0
1785146991.6779149,15,354.40625,9275.0
1785146991.6779149,15,356.046875,9314.75
1785146991.6779149,15,357.6875,9383.0
1785146991.6779149,15,1.1875,3869.0
1785146991.6779149,15,2.84375,3839.0
1785146991.6779149,15,4.453125,3858.25
1785146991.6779149,15,11.765625,1257.25
1785146991.6779149,15,13.375,1279.25
1785146991.6779149,12,17.25,11590.5
1785146991.6779149,15,21.734375,1141.5
1785146991.6779149,15,23.28125,1137.0
1785146991.6779149,15,24.875,1154.75
1785146991.6779149,15,48.03125,106.5
1785146991.6779149,15,162.96875,9498.25
1785146991.6779149,15,168.078125,4319.5
1785146991.6779149,15,169.71875,4345.25
1785146991.6779149,15,174.640625,4494.25
1785146991.6779149,15,182.828125,4081.75
1785146991.6779149,15,187.765625,3932.75
1785146991.6779149,13,210.671875,3658.5
1785146991.6779149,12,213.953125,3445.5
1785146991.6779149,15,218.890625,3155.5
1785146991.6779149,10,220.546875,3084.0
1785146991.6779149,15,222.203125,3005.25
1785146991.6779149,10,223.859375,2929.5
1785146991.6779149,15,225.484375,2863.0
1785146991.6779149,12,227.140625,2802.25
1785146991.6779149,15,228.8125,2746.75
1785146991.6779149,15,230.453125,2692.5
1785146991.6779149,15,232.0625,2646.75
1785146991.6779149,15,233.734375,2619.0
1785146991.6779149,7,235.375,2575.75
1785146991.6779149,12,237.015625,2538.25
1785146991.6779149,15,238.671875,2509.5
1785146991.6779149,15,240.3125,2478.0
1785146991.6779149,15,241.921875,2450.75
1785146991.6779149,15,243.578125,2418.0
1785146991.6779149,13,245.234375,2391.75
1785146991.6779149,15,246.859375,2373.75
1785146991.6779149,15,248.515625,2357.5
1785146991.6779149,15,250.140625,2337.75
1785146991.6779149,15,251.84375,2315.0
1785146991.6779149,15,253.484375,2303.75
1785146991.6779149,15,255.109375,2296.0
1785146991.6779149,15,256.75,2289.0
1785146991.6779149,15,258.421875,2289.75
1785146991.6779149,15,260.046875,2287.75
1785146991.6779149,15,261.65625,2282.5
1785146991.6779149,15,263.328125,2287.5
1785146991.6779149,15,264.984375,2285.0
1785146991.6779149,15,266.578125,2277.25
1785146991.6779149,15,268.234375,2274.75
1785146991.6779149,15,269.890625,2276.5
1785146991.6779149,15,271.515625,2281.75
1785146991.6779149,15,273.140625,2287.0
1785146991.6779149,14,274.71875,2301.5
1785146991.6779149,9,276.34375,2317.75
1785146991.6779149,9,277.984375,2331.0
1785146991.6779149,11,279.640625,2348.5
1785146991.6779149,8,281.234375,2371.25
1785146991.6779149,15,282.859375,2407.5
1785146991.6779149,13,284.53125,2432.0
1785146991.6779149,10,286.125,2437.75
1785146991.6779149,11,287.78125,2458.5
1785146991.6779149,15,289.375,2483.25
1785146991.6779149,15,291.0,2507.0
1785146991.6779149,8,292.640625,2538.0
1785146991.6779149,7,294.296875,2565.25
1785146991.6779149,15,295.921875,2599.25
1785146991.6779149,7,297.5625,2634.25
1785146991.6779149,15,299.25,2672.5
1785146991.6779149,14,300.890625,2718.25
1785146991.6779149,13,302.546875,2773.25
1785146991.6779149,10,304.140625,2837.75
1785146991.6779149,13,305.765625,2909.75
1785146991.6779149,15,307.40625,2975.5
1785146991.6779149,11,309.046875,3036.25
1785146991.6779149,9,310.671875,3115.0
1785146991.6779149,13,312.296875,3199.0
1785146991.6779149,15,348.1875,8935.0
1785146991.6779149,15,349.828125,8985.0
1785146991.7898111,15,351.46875,9010.25
1785146991.7898111,15,353.109375,9151.0
1785146991.7898111,15,354.734375,9294.5
1785146991.7898111,15,356.375,9289.25
1785146991.7898111,15,358.03125,9332.75
1785146991.7898111,15,3.171875,3827.0
1785146991.7898111,15,4.8125,3851.5
1785146991.7898111,15,12.15625,1216.75
1785146991.7898111,12,13.671875,1236.5
1785146991.7898111,14,17.578125,11527.5
1785146991.7898111,15,22.03125,1125.5
1785146991.7898111,15,23.6875,1118.0
1785146991.7898111,15,25.3125,1129.75
1785146991.7898111,15,46.421875,109.0
1785146991.7898111,15,47.5,106.0
1785146991.7898111,15,163.34375,9527.0
1785146991.7898111,15,168.453125,4317.25
1785146991.7898111,15,174.984375,4481.5
1785146991.7898111,15,176.609375,4487.5
1785146991.7898111,15,183.171875,4074.25
1785146991.7898111,15,188.09375,3936.5
1785146991.7898111,8,207.75,3910.5
1785146991.7898111,14,211.0625,3663.0
1785146991.7898111,12,214.359375,3450.0
1785146991.7898111,8,217.65625,3224.25
1785146991.7898111,15,219.3125,3151.75
1785146991.7898111,10,220.953125,3075.75
1785146991.7898111,15,222.59375,3003.75
1785146991.7898111,11,224.21875,2928.5
1785146991.7898111,15,225.890625,2864.25
1785146991.7898111,14,227.5625,2798.5
1785146991.7898111,15,229.21875,2742.75
1785146991.7898111,13,230.859375,2692.5
1785146991.7898111,15,232.515625,2643.75
1785146991.7898111,15,234.125,2617.0
1785146991.7898111,11,235.78125,2576.75
1785146991.7898111,15,237.453125,2539.75
1785146991.7898111,12,239.09375,2508.0
1785146991.7898111,15,240.75,2469.0
1785146991.7898111,15,242.390625,2444.5
1785146991.7898111,15,244.046875,2414.0
1785146991.7898111,15,245.6875,2379.5
1785146991.7898111,15,247.3125,2356.5
1785146991.7898111,15,248.9375,2336.5
1785146991.7898111,15,250.625,2316.75
1785146991.7898111,15,252.234375,2301.5
1785146991.7898111,15,253.84375,2291.75
1785146991.7898111,15,255.484375,2284.75
1785146991.7898111,15,257.109375,2283.0
1785146991.7898111,15,258.78125,2281.0
1785146991.7898111,15,260.40625,2282.5
1785146991.7898111,15,262.03125,2282.75
1785146991.7898111,15,263.671875,2284.5
1785146991.7898111,15,265.3125,2289.75
1785146991.7898111,15,266.90625,2283.25
1785146991.7898111,15,268.5625,2275.25
1785146991.7898111,15,270.203125,2278.75
1785146991.7898111,15,271.828125,2282.0
1785146991.7898111,15,273.46875,2287.75
1785146991.7898111,14,275.0625,2305.25
1785146991.7898111,11,276.671875,2322.25
1785146991.7898111,11,278.296875,2337.0
1785146991.7898111,9,279.953125,2357.75
1785146991.7898111,15,281.578125,2388.0
1785146991.7898111,15,283.203125,2413.75
1785146991.7898111,10,284.8125,2434.5
1785146991.7898111,10,286.453125,2446.25
1785146991.7898111,11,288.09375,2453.5
1785146991.7898111,15,289.6875,2488.5
1785146991.7898111,15,291.34375,2520.0
1785146991.7898111,8,292.96875,2538.25
1785146991.7898111,8,294.578125,2564.0
1785146991.7898111,15,296.234375,2592.75
1785146991.7898111,9,297.859375,2629.75
1785146991.7898111,15,299.546875,2668.25
1785146991.7898111,15,301.21875,2707.25
1785146991.7898111,8,302.828125,2756.0
1785146991.7898111,11,304.484375,2812.75
1785146991.7898111,11,306.09375,2885.75
1785146991.7898111,15,307.71875,2951.75
1785146991.7898111,5,309.359375,3003.5
1785146991.7898111,9,311.0,3080.25
1785146991.7898111,9,314.234375,3251.75
1785146991.7898111,15,348.484375,8915.0
1785146991.7898111,15,350.125,8930.0
1785146992.0145211,15,350.390625,8937.5
1785146992.0145211,15,352.03125,9031.5
1785146992.0145211,15,353.65625,9188.5
1785146992.0145211,15,355.3125,9254.25
1785146992.0145211,15,356.9375,9281.25
1785146992.0145211,15,358.578125,9310.75
1785146992.0145211,15,2.078125,3882.75
1785146992.0145211,15,3.71875,3835.0
1785146992.0145211,15,5.34375,3855.0
1785146992.0145211,15,12.90625,1087.0
1785146992.0145211,15,14.5,1090.75
1785146992.0145211,13,18.203125,11458.25
1785146992.0145211,15,22.71875,1103.0
1785146992.0145211,15,24.28125,1100.0
1785146992.0145211,15,25.875,1115.75
1785146992.0145211,15,46.140625,107.5
1785146992.0145211,15,50.359375,101.5
1785146992.0145211,15,162.25,8173.0
1785146992.0145211,15,165.5,9552.75
1785146992.0145211,15,168.953125,4302.25
1785146992.0145211,15,172.234375,4312.0
1785146992.0145211,15,177.125,4492.5
1785146992.0145211,15,178.75,4488.75
1785146992.0145211,15,185.328125,4076.75
1785146992.0145211,10,208.3125,3915.5
1785146992.0145211,8,211.609375,3630.75
1785146992.0145211,5,214.921875,3425.25
1785146992.0145211,10,218.25,3230.5
1785146992.0145211,15,219.890625,3154.75
1785146992.0145211,13,221.5,3080.5
1785146992.0145211,15,223.171875,3017.0
1785146992.0145211,15,226.46875,2879.5
1785146992.0145211,11,228.046875,2823.75
1785146992.0145211,15,229.703125,2769.25
1785146992.0145211,13,231.375,2724.25
1785146992.0145211,15,232.984375,2668.5
1785146992.0145211,15,234.640625,2633.25
1785146992.0145211,14,236.296875,2599.75
1785146992.0145211,15,237.921875,2554.75
1785146992.0145211,15,239.5625,2524.25
1785146992.0145211,15,241.203125,2490.75
1785146992.0145211,15,242.828125,2458.25
1785146992.0145211,15,244.5,2435.25
1785146992.0145211,15,246.140625,2405.75
1785146992.0145211,15,247.734375,2376.75
1785146992.0145211,15,249.421875,2364.0
1785146992.0145211,15,251.046875,2341.0
1785146992.0145211,15,252.65625,2313.0
1785146992.0145211,15,254.3125,2303.25
1785146992.0145211,15,255.953125,2293.5
1785146992.0145211,15,257.578125,2289.75
1785146992.0145211,15,259.21875,2288.0
1785146992.0145211,15,260.84375,2285.0
1785146992.0145211,15,262.484375,2279.5
1785146992.0145211,15,264.09375,2273.75
1785146992.0145211,15,265.75,2273.25
1785146992.0145211,15,267.40625,2269.0
1785146992.0145211,15,269.0,2263.0
1785146992.0145211,15,270.640625,2266.75
1785146992.0145211,15,272.265625,2271.0
1785146992.0145211,15,273.90625,2273.25
1785146992.0145211,15,275.546875,2282.75
1785146992.0145211,15,277.140625,2295.75
1785146992.0145211,15,278.78125,2309.0
1785146992.0145211,13,280.4375,2324.75
1785146992.0145211,8,282.078125,2341.75
1785146992.0145211,7,283.671875,2365.75
1785146992.0145211,15,285.296875,2406.5
1785146992.0145211,14,286.921875,2438.75
1785146992.0145211,12,288.546875,2449.5
1785146992.0145211,9,290.171875,2454.75
1785146992.0145211,15,291.796875,2473.75
1785146992.0145211,14,293.453125,2503.75
1785146992.0145211,8,295.078125,2532.5
1785146992.0145211,15,296.703125,2566.0
1785146992.0145211,15,298.296875,2602.25
1785146992.0145211,14,300.109375,2650.75
1785146992.0145211,12,301.734375,2698.5
1785146992.0145211,10,303.359375,2748.5
1785146992.0145211,12,304.96875,2814.25
1785146992.0145211,4,306.609375,2877.5
1785146992.0145211,13,308.25,2939.5
1785146992.0145211,9,309.875,3009.0
1785146992.0145211,15,311.5,3084.0
1785146992.0145211,15,348.875,9001.75
1785146992.1265156,15,350.5,8944.25
1785146992.1265156,15,352.140625,8975.75
1785146992.1265156,15,353.78125,9129.75
1785146992.1265156,15,355.421875,9257.0
1785146992.1265156,15,357.0625,9286.5
1785146992.1265156,15,358.703125,9337.75
1785146992.1265156,15,2.203125,3886.5
1785146992.1265156,15,3.828125,3833.5
1785146992.1265156,15,5.46875,3852.5
1785146992.1265156,15,18.0625,961.0
1785146992.1265156,15,19.71875,979.5
1785146992.1265156,15,22.828125,1084.5
1785146992.1265156,15,24.4375,1087.0
1785146992.1265156,15,46.265625,107.25
1785146992.1265156,15,51.671875,101.25
1785146992.1265156,15,159.046875,8191.25
1785146992.1265156,15,162.34375,8137.25
1785146992.1265156,15,165.578125,9531.0
1785146992.1265156,15,169.03125,4304.5
1785146992.1265156,15,170.65625,4271.5
1785146992.1265156,15,172.296875,4287.25
1785146992.1265156,15,177.1875,4591.5
1785146992.1265156,15,178.84375,4520.25
1785146992.1265156,15,187.0625,4087.5
1785146992.1265156,15,188.71875,4042.0
1785146992.1265156,15,190.359375,3956.25
1785146992.1265156,8,213.296875,3625.0
1785146992.1265156,15,218.234375,3285.0
1785146992.1265156,15,219.875,3204.0
1785146992.1265156,9,221.515625,3125.0
1785146992.1265156,15,223.171875,3054.0
1785146992.1265156,15,224.8125,2997.5
1785146992.1265156,11,226.46875,2926.75
1785146992.1265156,15,228.078125,2858.5
1785146992.1265156,13,229.71875,2791.25
1785146992.1265156,15,231.375,2743.0
1785146992.1265156,14,233.0,2699.75
1785146992.1265156,15,234.65625,2652.0
1785146992.1265156,15,236.296875,2607.75
1785146992.1265156,14,237.953125,2559.25
1785146992.1265156,15,239.5625,2527.25
1785146992.1265156,15,241.234375,2507.0
1785146992.1265156,14,242.859375,2475.75
1785146992.1265156,15,244.484375,2450.5
1785146992.1265156,15,246.125,2435.75
1785146992.1265156,15,247.75,2406.75
1785146992.1265156,15,249.4375,2378.25
1785146992.1265156,15,251.0625,2356.75
1785146992.1265156,15,252.734375,2339.5
1785146992.1265156,15,254.375,2322.5
1785146992.1265156,15,256.015625,2307.5
1785146992.1265156,15,257.625,2301.25
1785146992.1265156,14,259.265625,2294.75
1785146992.1265156,15,260.90625,2296.5
1785146992.1265156,14,262.5625,2301.5
1785146992.1265156,15,264.171875,2300.25
1785146992.1265156,15,265.796875,2300.5
1785146992.1265156,15,267.4375,2299.5
1785146992.1265156,15,269.078125,2293.75
1785146992.1265156,15,270.71875,2294.75
1785146992.1265156,15,272.34375,2300.75
1785146992.1265156,13,274.0,2303.5
1785146992.1265156,13,275.578125,2313.0
1785146992.1265156,12,277.21875,2326.75
1785146992.1265156,9,278.8125,2341.0
1785146992.1265156,8,280.453125,2361.25
1785146992.1265156,15,282.109375,2390.5
1785146992.1265156,15,283.71875,2418.5
1785146992.1265156,11,285.328125,2432.0
1785146992.1265156,10,286.953125,2440.75
1785146992.1265156,8,288.625,2465.0
1785146992.1265156,15,290.234375,2497.75
1785146992.1265156,15,291.859375,2521.75
1785146992.1265156,8,293.46875,2538.75
1785146992.1265156,7,295.09375,2559.5
1785146992.1265156,15,296.71875,2592.25
1785146992.1265156,9,298.34375,2631.0
1785146992.1265156,15,300.109375,2666.5
1785146992.1265156,13,301.734375,2702.75
1785146992.1265156,14,303.375,2752.5
1785146992.1265156,14,304.984375,2818.25
1785146992.1265156,14,306.625,2882.25
1785146992.1265156,14,308.21875,2944.5
1785146992.1265156,11,311.515625,3102.5
1785146992.1265156,15,348.9375,9106.0
1785146992.3523464,15,350.765625,8987.5
1785146992.3523464,15,352.421875,8982.5
1785146992.3523464,15,354.0625,9035.75
1785146992.3523464,15,355.703125,9181.25
1785146992.3523464,15,357.359375,9278.25
1785146992.3523464,15,358.984375,9330.0
1785146992.3523464,15,4.109375,3880.75
1785146992.3523464,15,5.765625,3887.75
1785146992.3523464,15,12.03125,10250.75
1785146992.3523464,15,13.65625,10444.75
1785146992.3523464,12,15.296875,10652.0
1785146992.3523464,15,23.078125,1053.25
1785146992.3523464,15,26.859375,815.25
1785146992.3523464,15,47.296875,107.0
1785146992.3523464,15,51.890625,101.0
1785146992.3523464,15,159.359375,8137.25
1785146992.3523464,15,164.265625,8100.5
1785146992.3523464,15,167.515625,9476.5
1785146992.3523464,15,170.96875,4283.0
1785146992.3523464,15,172.625,4247.5
1785146992.3523464,15,174.25,4256.25
1785146992.3523464,15,179.140625,4576.5
1785146992.3523464,15,180.78125,4544.5
1785146992.3523464,15,189.015625,4087.25
1785146992.3523464,15,190.640625,4045.75
1785146992.3523464,15,192.3125,3967.75
1785146992.3523464,14,215.125,3497.25
1785146992.3523464,15,220.078125,3198.0
1785146992.3523464,15,223.34375,3051.5
1785146992.3523464,12,226.65625,2914.5
1785146992.3523464,10,228.3125,2851.0
1785146992.3523464,15,229.9375,2781.0
1785146992.3523464,15,231.578125,2724.5
1785146992.3523464,14,233.203125,2677.75
1785146992.3523464,15,234.84375,2639.25
1785146992.3523464,13,236.53125,2592.25
1785146992.3523464,15,238.140625,2546.0
1785146992.3523464,15,239.78125,2511.75
1785146992.3523464,15,241.421875,2480.5
1785146992.3523464,15,243.078125,2454.25
1785146992.3523464,15,244.703125,2439.75
1785146992.3523464,15,246.359375,2413.75
1785146992.3523464,15,247.96875,2368.25
1785146992.3523464,14,249.640625,2331.25
1785146992.3523464,15,251.3125,2309.5
1785146992.3523464,15,252.953125,2301.0
1785146992.3523464,15,254.609375,2284.5
1785146992.3523464,15,256.25,2263.5
1785146992.3523464,15,257.875,2251.75
1785146992.3523464,15,259.515625,2241.25
1785146992.3523464,15,261.171875,2235.75
1785146992.3523464,15,262.78125,2236.25
1785146992.3523464,15,264.453125,2237.5
1785146992.3523464,15,266.046875,2241.25
1785146992.3523464,15,267.71875,2240.5
1785146992.3523464,15,269.359375,2234.0
1785146992.3523464,15,270.984375,2240.75
1785146992.3523464,15,272.609375,2258.25
1785146992.3523464,15,274.25,2273.25
1785146992.3523464,15,275.796875,2280.75
1785146992.3523464,15,277.453125,2292.5
1785146992.3523464,13,279.078125,2316.25
1785146992.3523464,7,280.71875,2340.5
1785146992.3523464,15,282.3125,2373.0
1785146992.3523464,15,283.921875,2418.5
1785146992.3523464,13,285.5625,2444.0
1785146992.3523464,9,287.1875,2453.75
1785146992.3523464,15,288.828125,2486.5
1785146992.3523464,15,290.453125,2525.75
1785146992.3523464,8,292.0625,2549.0
1785146992.3523464,15,293.6875,2575.25
1785146992.3523464,15,295.34375,2608.75
1785146992.3523464,9,296.953125,2639.5
1785146992.3523464,15,298.625,2678.5
1785146992.3523464,15,300.25,2718.75
1785146992.3523464,13,301.890625,2764.75
1785146992.3523464,13,303.5,2824.25
1785146992.3523464,14,305.125,2893.5
1785146992.3523464,15,306.734375,2953.0
1785146992.3523464,5,308.375,3014.5
1785146992.3523464,11,310.015625,3088.75
1785146992.3523464,15,347.453125,9583.25
1785146992.4668808,15,350.75,8975.5
1785146992.4668808,15,352.390625,8973.0
1785146992.4668808,15,354.03125,9035.75
1785146992.4668808,15,355.65625,9177.75
1785146992.4668808,15,357.296875,9272.25
1785146992.4668808,15,358.9375,9323.75
1785146992.4668808,15,0.578125,9393.0
1785146992.4668808,13,4.078125,3879.25
1785146992.4668808,12,5.703125,3865.5
1785146992.4668808,12,7.359375,3894.5
1785146992.4668808,14,13.609375,10436.0
1785146992.4668808,13,15.234375,10596.25
1785146992.4668808,10,16.875,10759.25
1785146992.4668808,15,23.046875,1023.5
1785146992.4668808,15,26.859375,791.5
1785146992.4668808,15,45.890625,106.75
1785146992.4668808,15,50.328125,101.0
1785146992.4668808,15,159.265625,8141.25
1785146992.4668808,15,160.890625,8127.0
1785146992.4668808,15,165.8125,8096.25
1785146992.4668808,15,169.0625,9529.25
1785146992.4668808,15,172.546875,4248.0
1785146992.4668808,15,174.171875,4252.25
1785146992.4668808,15,175.8125,4283.75
1785146992.4668808,15,180.671875,4467.0
1785146992.4668808,15,182.3125,4479.75
1785146992.4668808,11,190.53125,4108.25
1785146992.4668808,12,193.828125,3965.5
1785146992.4668808,11,210.140625,3949.25
1785146992.4668808,8,211.78125,3868.0
1785146992.4668808,15,216.734375,3504.0
1785146992.4668808,15,221.65625,3190.5
1785146992.4668808,9,223.296875,3125.25
1785146992.4668808,12,224.96875,3060.5
1785146992.4668808,15,226.578125,3012.5
1785146992.4668808,11,228.234375,2942.5
1785146992.4668808,15,229.90625,2874.5
1785146992.4668808,12,231.5625,2819.0
1785146992.4668808,15,233.171875,2768.25
1785146992.4668808,15,234.828125,2730.0
1785146992.4668808,15,236.484375,2685.0
1785146992.4668808,15,238.109375,2644.25
1785146992.4668808,15,239.765625,2609.25
1785146992.4668808,15,241.375,2573.25
1785146992.4668808,15,243.03125,2543.25
1785146992.4668808,15,244.6875,2520.0
1785146992.4668808,15,246.3125,2499.5
1785146992.4668808,15,247.96875,2478.0
1785146992.4668808,15,249.578125,2459.25
1785146992.4668808,15,251.25,2437.75
1785146992.4668808,15,252.875,2417.0
1785146992.4668808,15,254.515625,2396.25
1785146992.4668808,15,256.171875,2374.75
1785146992.4668808,15,257.8125,2356.25
1785146992.4668808,15,259.453125,2346.25
1785146992.4668808,15,261.078125,2345.25
1785146992.4668808,15,262.71875,2343.25
1785146992.4668808,15,264.34375,2342.5
1785146992.4668808,15,265.96875,2342.0
1785146992.4668808,15,267.59375,2341.25
1785146992.4668808,15,269.265625,2331.25
1785146992.4668808,15,270.875,2329.75
1785146992.4668808,15,272.5,2340.25
1785146992.4668808,15,274.140625,2344.0
1785146992.4668808,12,275.734375,2355.5
1785146992.4668808,9,277.390625,2371.5
1785146992.4668808,15,278.984375,2394.5
1785146992.4668808,13,280.625,2422.75
1785146992.4668808,13,282.234375,2438.5
1785146992.4668808,12,283.859375,2444.75
1785146992.4668808,15,285.5,2468.5
1785146992.4668808,15,287.125,2504.5
1785146992.4668808,9,288.765625,2529.75
1785146992.4668808,8,290.390625,2543.0
1785146992.4668808,15,292.0,2568.0
1785146992.4668808,15,293.625,2599.0
1785146992.4668808,9,295.265625,2620.75
1785146992.4668808,15,296.890625,2652.75
1785146992.4668808,15,298.59375,2689.0
1785146992.4668808,10,300.234375,2723.5
1785146992.4668808,15,301.875,2778.5
1785146992.4668808,11,303.484375,2836.25
1785146992.4668808,15,305.109375,2895.0
1785146992.4668808,15,306.75,2956.75
1785146992.4668808,6,308.390625,3016.25
1785146992.4668808,9,310.03125,3087.0
1785146992.4668808,6,311.625,3159.5
1785146992.4668808,15,349.140625,9349.5
1785146992.690028,15,350.734375,9076.0
1785146992.690028,15,352.359375,9016.25
1785146992.690028,15,354.015625,9025.75
1785146992.690028,15,355.640625,9114.5
1785146992.690028,15,357.28125,9257.75
1785146992.690028,15,358.921875,9313.0
1785146992.690028,15,0.5625,9347.25
1785146992.690028,15,4.0625,3897.0
1785146992.690028,12,5.6875,3854.25
1785146992.690028,15,7.328125,3866.25
1785146992.690028,12,15.203125,10376.0
1785146992.690028,12,16.84375,10527.75
1785146992.690028,14,20.078125,11210.5
1785146992.690028,13,21.71875,11515.5
1785146992.690028,15,26.890625,751.25
1785146992.690028,15,46.484375,107.0
1785146992.690028,15,51.140625,101.25
1785146992.690028,15,159.203125,8177.0
1785146992.690028,15,160.84375,8144.75
1785146992.690028,15,162.46875,8116.0
1785146992.690028,15,167.375,8083.5
1785146992.690028,15,170.625,9487.25
1785146992.690028,15,174.109375,4247.25
1785146992.690028,15,175.734375,4229.25
1785146992.690028,15,177.390625,4254.25
1785146992.690028,15,182.28125,4465.75
1785146992.690028,15,183.921875,4481.25
1785146992.690028,15,185.546875,4528.0
1785146992.690028,10,192.125,4072.75
1785146992.690028,15,193.796875,4008.0
1785146992.690028,10,195.421875,3972.25
1785146992.690028,7,208.5,4053.0
1785146992.690028,9,211.78125,3886.75
1785146992.690028,7,215.09375,3618.5
1785146992.690028,15,216.75,3519.75
1785146992.690028,6,218.359375,3423.25
1785146992.690028,15,220.03125,3326.5
1785146992.690028,9,221.6875,3233.75
1785146992.690028,9,224.96875,3070.25
1785146992.690028,15,226.609375,3020.5
1785146992.690028,8,228.28125,2959.75
1785146992.690028,13,229.921875,2906.25
1785146992.690028,15,231.53125,2860.25
1785146992.690028,12,233.203125,2804.75
1785146992.690028,15,234.84375,2758.25
1785146992.690028,13,236.484375,2717.5
1785146992.690028,15,238.125,2670.5
1785146992.690028,15,239.765625,2637.25
1785146992.690028,15,241.421875,2609.5
1785146992.690028,15,243.078125,2578.75
1785146992.690028,15,244.703125,2551.5
1785146992.690028,14,246.328125,2533.0
1785146992.690028,15,247.984375,2514.75
1785146992.690028,14,249.59375,2493.5
1785146992.690028,15,251.28125,2476.0
1785146992.690028,15,252.90625,2461.25
1785146992.690028,15,254.515625,2449.5
1785146992.690028,15,256.1875,2434.0
1785146992.690028,15,257.828125,2420.25
1785146992.690028,15,259.4375,2405.5
1785146992.690028,15,261.0625,2398.75
1785146992.690028,15,262.71875,2401.25
1785146992.690028,15,264.34375,2410.25
1785146992.690028,15,265.96875,2420.75
1785146992.690028,15,267.59375,2424.5
1785146992.690028,15,269.265625,2427.5
1785146992.690028,15,270.921875,2423.5
1785146992.690028,15,272.515625,2415.25
1785146992.690028,15,274.15625,2414.5
1785146992.690028,15,275.765625,2426.25
1785146992.690028,15,277.421875,2438.25
1785146992.690028,14,279.046875,2444.5
1785146992.690028,13,280.65625,2453.5
1785146992.690028,8,282.28125,2472.5
1785146992.690028,15,283.9375,2497.75
1785146992.690028,11,285.546875,2529.25
1785146992.690028,10,287.1875,2552.25
1785146992.690028,15,288.828125,2578.0
1785146992.690028,15,290.421875,2611.0
1785146992.690028,10,292.078125,2637.75
1785146992.690028,10,293.6875,2666.0
1785146992.690028,15,295.3125,2702.0
1785146992.690028,12,296.9375,2738.5
1785146992.690028,15,298.671875,2773.5
1785146992.690028,15,300.296875,2825.0
1785146992.690028,5,301.9375,2883.25
1785146992.690028,12,303.546875,2938.5
1785146992.690028,11,305.203125,2989.75
1785146992.690028,12,306.828125,3055.75
1785146992.690028,11,308.46875,3109.5
1785146992.8034503,15,352.375,9013.5
1785146992.8034503,15,354.0,9075.75
1785146992.8034503,15,355.640625,9074.0
1785146992.8034503,15,357.28125,9164.25
1785146992.8034503,15,358.921875,9309.5
1785146992.8034503,15,0.5625,9344.0
1785146992.8034503,10,5.6875,3861.0
1785146992.8034503,15,7.296875,3872.25
1785146992.8034503,9,15.28125,10360.5
1785146992.8034503,15,16.90625,10573.0
1785146992.8034503,10,18.546875,10764.25
1785146992.8034503,15,26.984375,738.75
1785146992.8034503,15,47.171875,107.0
1785146992.8034503,15,51.765625,101.25
1785146992.8034503,15,159.1875,8175.25
1785146992.8034503,15,160.8125,8143.0
1785146992.8034503,15,162.46875,8118.25
1785146992.8034503,15,164.078125,8104.0
1785146992.8034503,15,170.625,9435.75
1785146992.8034503,15,172.234375,9592.75
1785146992.8034503,15,175.703125,4227.75
1785146992.8034503,15,177.359375,4233.25
1785146992.8034503,15,178.96875,4268.0
1785146992.8034503,15,182.234375,4600.0
1785146992.8034503,15,183.875,4507.75
1785146992.8034503,15,185.5,4491.5
1785146992.8034503,15,192.078125,4103.75
1785146992.8034503,15,193.71875,4045.5
1785146992.8034503,15,195.375,3982.75
1785146992.8034503,14,218.28125,3487.0
1785146992.8034503,15,223.21875,3184.5
1785146992.8034503,15,226.53125,3038.75
1785146992.8034503,15,228.15625,3007.75
1785146992.8034503,12,229.796875,2952.25
1785146992.8034503,15,231.46875,2891.25
1785146992.8034503,12,233.09375,2836.75
1785146992.8034503,14,234.75,2780.25
1785146992.8034503,15,236.390625,2740.75
1785146992.8034503,14,238.015625,2693.75
1785146992.8034503,15,239.65625,2651.0
1785146992.8034503,15,241.3125,2617.75
1785146992.8034503,12,242.96875,2580.25
1785146992.8034503,15,244.609375,2552.75
1785146992.8034503,15,246.25,2533.75
1785146992.8034503,15,247.875,2515.25
1785146992.8034503,15,249.53125,2493.5
1785146992.8034503,15,251.1875,2470.25
1785146992.8034503,15,252.84375,2448.75
1785146992.8034503,15,254.453125,2433.75
1785146992.8034503,15,256.09375,2421.75
1785146992.8034503,15,257.734375,2414.25
1785146992.8034503,15,259.40625,2402.5
1785146992.8034503,14,261.015625,2387.75
1785146992.8034503,15,262.671875,2381.25
1785146992.8034503,15,264.3125,2384.0
1785146992.8034503,15,265.921875,2392.0
1785146992.8034503,15,267.59375,2400.75
1785146992.8034503,15,269.203125,2405.75
1785146992.8034503,15,270.828125,2411.25
1785146992.8034503,15,272.46875,2420.75
1785146992.8034503,15,274.109375,2432.5
1785146992.8034503,15,275.75,2438.5
1785146992.8034503,15,277.34375,2440.5
1785146992.8034503,12,278.984375,2447.5
1785146992.8034503,15,280.640625,2474.25
1785146992.8034503,13,282.234375,2514.25
1785146992.8034503,12,283.890625,2536.0
1785146992.8034503,11,285.53125,2545.75
1785146992.8034503,15,287.15625,2574.25
1785146992.8034503,15,288.78125,2614.25
1785146992.8034503,12,290.390625,2639.5
1785146992.8034503,9,292.046875,2658.75
1785146992.8034503,15,293.65625,2676.25
1785146992.8034503,15,295.296875,2706.0
1785146992.8034503,9,296.921875,2741.0
1785146992.8034503,8,298.609375,2773.0
1785146992.8034503,15,300.234375,2813.5
1785146992.8034503,11,301.890625,2861.75
1785146992.8034503,15,303.53125,2924.75
1785146992.8034503,14,305.15625,2984.75
1785146992.8034503,10,306.765625,3034.25
1785146992.8034503,13,308.4375,3090.25
1785146992.8034503,15,349.09375,9468.75
1785146993.0266857,15,351.171875,9398.25
1785146993.0266857,15,352.8125,9158.75
1785146993.0266857,15,354.4375,9076.5
1785146993.0266857,15,356.09375,9058.5
1785146993.0266857,15,357.734375,9134.5
1785146993.0266857,15,359.375,9259.75
1785146993.0266857,15,1.015625,9308.0
1785146993.0266857,15,6.15625,3883.25
1785146993.0266857,15,7.796875,3899.5
1785146993.0266857,15,9.421875,3958.25
1785146993.0266857,15,14.09375,10166.25
1785146993.0266857,15,15.71875,10299.5
1785146993.0266857,15,17.359375,10496.75
1785146993.0266857,10,19.0,10690.5
1785146993.0266857,15,25.84375,726.5
1785146993.0266857,15,27.46875,729.5
1785146993.0266857,15,47.859375,106.5
1785146993.0266857,15,159.734375,8133.5
1785146993.0266857,15,161.359375,8126.75
1785146993.0266857,15,163.015625,8112.5
1785146993.0266857,15,164.640625,8098.25
1785146993.0266857,15,172.796875,9431.25
1785146993.0266857,15,176.28125,4257.25
1785146993.0266857,15,177.921875,4226.0
1785146993.0266857,15,179.609375,4237.75
1785146993.0266857,15,184.46875,4631.5
1785146993.0266857,15,187.765625,4493.5
1785146993.0266857,15,194.359375,4115.5
1785146993.0266857,15,196.0,4046.0
1785146993.0266857,15,197.671875,3979.25
1785146993.0266857,9,215.671875,3648.0
1785146993.0266857,9,222.28125,3255.25
1785146993.0266857,15,223.921875,3174.25
1785146993.0266857,9,225.59375,3096.0
1785146993.0266857,15,227.1875,3039.25
1785146993.0266857,15,228.84375,2999.75
1785146993.0266857,9,230.484375,2939.75
1785146993.0266857,15,232.109375,2889.5
1785146993.0266857,10,233.78125,2843.75
1785146993.0266857,14,235.390625,2791.5
1785146993.0266857,13,237.03125,2760.75
1785146993.0266857,15,238.65625,2734.25
1785146993.0266857,15,240.328125,2689.75
1785146993.0266857,15,241.984375,2649.0
1785146993.0266857,15,243.625,2621.25
1785146993.0266857,13,245.265625,2593.0
1785146993.0266857,15,246.890625,2567.25
1785146993.0266857,15,248.546875,2546.25
1785146993.0266857,15,250.171875,2525.25
1785146993.0266857,15,251.828125,2504.75
1785146993.0266857,15,253.5,2485.5
1785146993.0266857,15,255.109375,2461.25
1785146993.0266857,15,256.765625,2442.25
1785146993.0266857,15,258.375,2433.75
1785146993.0266857,15,260.03125,2425.75
1785146993.0266857,15,261.671875,2405.25
1785146993.0266857,15,263.3125,2396.75
1785146993.0266857,15,264.9375,2396.25
1785146993.0266857,15,266.609375,2389.75
1785146993.0266857,15,268.234375,2400.75
1785146993.0266857,15,269.859375,2411.25
1785146993.0266857,15,271.515625,2415.0
1785146993.0266857,15,273.140625,2415.0
1785146993.0266857,15,274.734375,2416.25
1785146993.0266857,15,276.359375,2423.75
1785146993.0266857,15,277.96875,2431.75
1785146993.0266857,14,279.625,2441.0
1785146993.0266857,13,281.265625,2455.5
1785146993.0266857,15,282.890625,2477.25
1785146993.0266857,11,284.484375,2509.0
1785146993.0266857,10,286.109375,2536.0
1785146993.0266857,8,287.765625,2557.0
1785146993.0266857,15,289.375,2588.75
1785146993.0266857,15,291.015625,2624.25
1785146993.0266857,10,292.640625,2653.0
1785146993.0266857,15,294.28125,2680.5
1785146993.0266857,15,295.890625,2714.75
1785146993.0266857,9,297.5,2746.75
1785146993.0266857,15,299.25,2778.25
1785146993.0266857,15,300.859375,2825.75
1785146993.0266857,7,302.484375,2878.75
1785146993.0266857,14,304.125,2934.5
1785146993.0266857,13,305.78125,2991.25
1785146993.0266857,11,307.390625,3058.5
1785146993.0266857,10,309.03125,3121.5
1785146993.0266857,15,348.171875,9543.25
1785146993.0266857,15,349.8125,9512.5
1785146993.2529452,15,353.296875,9060.25
1785146993.2529452,15,354.921875,9008.25
1785146993.2529452,15,356.5625,9086.75
1785146993.2529452,15,358.21875,9146.5
1785146993.2529452,15,359.84375,9260.0
1785146993.2529452,15,1.5,9329.75
1785146993.2529452,15,3.140625,9398.25
1785146993.2529452,15,6.640625,3911.5
1785146993.2529452,12,8.28125,3910.5
1785146993.2529452,15,9.890625,3960.5
1785146993.2529452,15,16.171875,10276.75
1785146993.2529452,15,17.796875,10416.75
1785146993.2529452,8,19.4375,10529.25
1785146993.2529452,15,27.96875,665.75
1785146993.2529452,15,45.125,107.75
1785146993.2529452,15,47.84375,105.5
1785146993.2529452,15,158.59375,8281.25
1785146993.2529452,15,160.234375,8156.0
1785146993.2529452,15,161.875,8120.75
1785146993.2529452,15,163.5,8092.25
1785146993.2529452,15,165.140625,8082.0
1785146993.2529452,15,166.78125,8078.0
1785146993.2529452,15,173.296875,9371.75
1785146993.2529452,15,174.9375,9503.75
1785146993.2529452,15,178.40625,4238.0
1785146993.2529452,15,180.046875,4226.0
1785146993.2529452,15,186.578125,4488.75
1785146993.2529452,15,188.21875,4459.75
1785146993.2529452,15,189.84375,4497.5
1785146993.2529452,15,196.421875,4139.0
1785146993.2529452,15,198.078125,4064.0
1785146993.2529452,15,199.703125,4011.25
1785146993.2529452,15,225.859375,3189.75
1785146993.2529452,11,229.234375,3047.0
1785146993.2529452,15,230.875,3012.5
1785146993.2529452,10,232.515625,2946.0
1785146993.2529452,15,234.15625,2885.75
1785146993.2529452,10,235.828125,2838.25
1785146993.2529452,13,237.453125,2784.5
1785146993.2529452,15,239.078125,2753.25
1785146993.2529452,13,240.765625,2718.0
1785146993.2529452,15,242.375,2671.5
1785146993.2529452,15,244.046875,2642.5
1785146993.2529452,15,245.65625,2619.0
1785146993.2529452,12,247.3125,2591.25
1785146993.2529452,15,248.953125,2569.0
1785146993.2529452,15,250.609375,2548.25
1785146993.2529452,15,252.234375,2522.0
1785146993.2529452,15,253.890625,2500.75
1785146993.2529452,15,255.53125,2484.5
1785146993.2529452,15,257.140625,2462.5
1785146993.2529452,15,258.78125,2445.25
1785146993.2529452,15,260.421875,2435.5
1785146993.2529452,15,262.078125,2428.25
1785146993.2529452,15,263.6875,2424.0
1785146993.2529452,15,265.359375,2413.5
1785146993.2529452,15,267.0,2412.5
1785146993.2529452,15,268.609375,2420.0
1785146993.2529452,15,270.25,2426.25
1785146993.2529452,15,271.875,2431.75
1785146993.2529452,15,273.515625,2440.5
1785146993.2529452,15,275.078125,2446.75
1785146993.2529452,15,276.703125,2450.5
1785146993.2529452,15,278.34375,2459.0
1785146993.2529452,13,279.953125,2470.75
1785146993.2529452,15,281.59375,2499.25
1785146993.2529452,14,283.234375,2524.5
1785146993.2529452,9,284.859375,2536.75
1785146993.2529452,8,286.46875,2559.75
1785146993.2529452,15,288.078125,2603.25
1785146993.2529452,11,289.734375,2641.75
1785146993.2529452,15,291.328125,2672.25
1785146993.2529452,15,292.984375,2709.25
1785146993.2529452,15,294.609375,2738.25
1785146993.2529452,8,296.21875,2765.75
1785146993.2529452,15,297.84375,2800.75
1785146993.2529452,15,299.546875,2846.25
1785146993.2529452,5,301.171875,2894.5
1785146993.2529452,15,302.828125,2949.0
1785146993.2529452,13,304.46875,2998.5
1785146993.2529452,12,306.046875,3054.75
1785146993.2529452,11,307.703125,3113.25
1785146993.2529452,15,350.140625,9510.25
1785146993.36513,15,351.765625,9470.75
1785146993.36513,15,355.0625,9084.25
1785146993.36513,15,356.6875,9091.75
1785146993.36513,15,358.328125,9066.25
1785146993.36513,15,359.96875,9152.5
1785146993.36513,15,1.609375,9284.0
1785146993.36513,15,3.25,9343.25
1785146993.36513,12,6.75,3913.25
1785146993.36513,11,8.375,3911.25
1785146993.36513,14,10.03125,3948.0
1785146993.36513,15,16.28125,10224.5
1785146993.36513,15,19.546875,10459.25
1785146993.36513,9,21.171875,10716.0
1785146993.36513,15,45.9375,107.75
1785146993.36513,15,47.703125,105.5
1785146993.36513,15,158.640625,8281.0
1785146993.36513,15,160.28125,8189.75
1785146993.36513,15,161.90625,8155.0
1785146993.36513,15,163.5625,8103.25
1785146993.36513,15,165.203125,8090.0
1785146993.36513,15,166.828125,8080.75
1785146993.36513,15,174.96875,9497.5
1785146993.36513,15,176.609375,9537.0
1785146993.36513,15,180.09375,4206.5
1785146993.36513,15,181.71875,4214.25
1785146993.36513,15,183.34375,4257.5
1785146993.36513,15,188.25,4455.0
1785146993.36513,15,189.890625,4455.0
1785146993.36513,15,198.078125,4082.0
1785146993.36513,15,199.734375,4012.0
1785146993.36513,15,201.375,4004.25
1785146993.36513,11,217.765625,3649.5
1785146993.36513,4,221.0625,3432.5
1785146993.36513,15,222.734375,3346.25
1785146993.36513,9,224.359375,3252.5
1785146993.36513,15,226.046875,3179.5
1785146993.36513,9,227.6875,3102.75
1785146993.36513,15,229.3125,3044.75
1785146993.36513,15,230.953125,3010.0
1785146993.36513,9,232.609375,2947.0
1785146993.36513,15,234.25,2885.25
1785146993.36513,12,235.90625,2830.75
1785146993.36513,13,237.546875,2778.5
1785146993.36513,15,239.203125,2745.25
1785146993.36513,13,240.859375,2704.0
1785146993.36513,15,242.46875,2664.25
1785146993.36513,15,244.109375,2641.75
1785146993.36513,15,245.78125,2617.75
1785146993.36513,13,247.390625,2590.75
1785146993.36513,15,249.0625,2569.75
1785146993.36513,15,250.671875,2548.5
1785146993.36513,15,252.296875,2523.75
1785146993.36513,15,253.953125,2504.0
1785146993.36513,15,255.578125,2485.75
1785146993.36513,15,257.1875,2473.75
1785146993.36513,15,258.84375,2465.25
1785146993.36513,15,260.46875,2457.5
1785146993.36513,15,262.140625,2451.75
1785146993.36513,15,263.765625,2444.25
1785146993.36513,15,265.390625,2440.25
1785146993.36513,15,267.015625,2445.25
1785146993.36513,15,268.671875,2448.25
1785146993.36513,15,270.28125,2452.5
1785146993.36513,15,271.953125,2460.0
1785146993.36513,15,273.578125,2463.0
1785146993.36513,15,275.140625,2457.5
1785146993.36513,15,276.78125,2453.5
1785146993.36513,15,278.40625,2464.5
1785146993.36513,15,280.0625,2481.0
1785146993.36513,15,281.703125,2498.25
1785146993.36513,14,283.3125,2517.0
1785146993.36513,11,284.953125,2535.75
1785146993.36513,9,286.578125,2552.75
1785146993.36513,15,288.171875,2582.0
1785146993.36513,12,289.796875,2626.5
1785146993.36513,10,291.453125,2659.25
1785146993.36513,15,293.0625,2696.0
1785146993.36513,15,294.671875,2736.0
1785146993.36513,8,296.3125,2764.5
1785146993.36513,15,297.921875,2800.0
1785146993.36513,15,299.703125,2842.25
1785146993.36513,9,301.328125,2889.0
1785146993.36513,15,302.984375,2946.25
1785146993.36513,12,304.609375,2992.5
1785146993.36513,6,306.21875,3032.0
1785146993.36513,9,307.859375,3092.75
1785146993.36513,8,309.484375,3171.5
1785146993.36513,11,311.125,3243.5
1785146993.36513,15,348.5625,9526.25
1785146993.591386,15,350.421875,9552.0
1785146993.591386,15,352.0625,9472.75
1785146993.591386,15,353.71875,9347.75
1785146993.591386,15,355.34375,9160.75
1785146993.591386,15,356.984375,9010.75
1785146993.591386,15,358.640625,8987.75
1785146993.591386,15,0.265625,9147.75
1785146993.591386,15,1.90625,9278.5
1785146993.591386,15,3.5625,9305.25
1785146993.591386,15,14.96875,10004.25
1785146993.591386,15,16.59375,10118.25
1785146993.591386,15,22.390625,558.5
1785146993.591386,15,23.875,556.5
1785146993.591386,15,25.578125,563.25
1785146993.591386,15,27.1875,572.75
1785146993.591386,15,46.640625,107.0
1785146993.591386,15,50.90625,101.25
1785146993.591386,15,159.109375,8271.5
1785146993.591386,15,160.734375,8196.75
1785146993.591386,15,162.375,8126.75
1785146993.591386,15,164.015625,8110.5
1785146993.591386,15,165.65625,8089.0
1785146993.591386,15,167.296875,8084.0
1785146993.591386,15,168.9375,8063.75
1785146993.591386,15,177.078125,9523.75
1785146993.591386,15,182.234375,4206.5
1785146993.591386,15,183.84375,4220.0
1785146993.591386,15,185.484375,4260.5
1785146993.591386,15,188.75,4617.75
1785146993.591386,15,192.03125,4469.0
1785146993.591386,15,198.625,4089.75
1785146993.591386,15,200.296875,4075.5
1785146993.591386,13,201.921875,4030.5
1785146993.591386,15,203.53125,4020.0
1785146993.591386,14,218.3125,3661.25
1785146993.591386,15,221.609375,3488.5
1785146993.591386,12,226.546875,3222.75
1785146993.591386,15,228.15625,3155.25
1785146993.591386,11,229.8125,3085.75
1785146993.591386,12,231.4375,3040.5
1785146993.591386,15,233.078125,3009.0
1785146993.591386,8,234.75,2953.75
1785146993.591386,11,236.375,2900.75
1785146993.591386,15,238.03125,2866.5
1785146993.591386,12,239.671875,2819.5
1785146993.591386,12,241.296875,2770.75
1785146993.591386,13,242.953125,2747.25
1785146993.591386,11,244.609375,2717.75
1785146993.591386,12,246.234375,2677.25
1785146993.591386,15,247.890625,2654.5
1785146993.591386,15,249.515625,2638.0
1785146993.591386,15,251.140625,2618.5
1785146993.591386,15,252.8125,2603.0
1785146993.591386,15,254.4375,2582.25
1785146993.591386,15,256.078125,2560.25
1785146993.591386,15,257.71875,2539.0
1785146993.591386,15,259.375,2516.25
1785146993.591386,15,261.0,2509.5
1785146993.591386,15,262.625,2503.0
1785146993.591386,15,264.28125,2491.75
1785146993.591386,15,265.90625,2487.25
1785146993.591386,15,267.546875,2486.75
1785146993.591386,15,269.15625,2490.25
1785146993.591386,15,270.84375,2500.0
1785146993.591386,15,272.4375,2506.0
1785146993.591386,15,274.078125,2514.0
1785146993.591386,15,275.734375,2518.0
1785146993.591386,15,277.375,2519.25
1785146993.591386,15,279.0,2532.25
1785146993.591386,15,280.609375,2549.5
1785146993.591386,11,282.28125,2561.25
1785146993.591386,9,283.90625,2570.75
1785146993.591386,15,285.53125,2606.0
1785146993.591386,10,287.15625,2638.25
1785146993.591386,10,288.78125,2657.5
1785146993.591386,15,290.40625,2689.5
1785146993.591386,15,292.03125,2720.5
1785146993.591386,9,293.671875,2749.25
1785146993.591386,15,295.3125,2783.0
1785146993.591386,15,296.90625,2823.0
1785146993.591386,14,298.6875,2854.5
1785146993.591386,7,300.296875,2883.25
1785146993.591386,15,301.9375,2925.0
1785146993.591386,15,303.59375,2966.0
1785146993.591386,10,305.203125,2998.5
1785146993.591386,11,306.859375,3055.25
1785146993.591386,11,308.484375,3124.75
1785146993.591386,12,310.125,3187.5
1785146993.591386,9,311.78125,3249.25
1785146993.591386,15,349.296875,9664.75
1785146993.7044754,15,350.9375,9526.5
1785146993.7044754,15,352.578125,9515.0
1785146993.7044754,15,355.875,9121.5
1785146993.7044754,15,357.515625,9030.5
1785146993.7044754,15,359.15625,9048.25
1785146993.7044754,15,0.796875,9150.0
1785146993.7044754,15,2.453125,9259.75
1785146993.7044754,15,4.09375,9313.5
1785146993.7044754,15,10.8125,3949.5
1785146993.7044754,15,16.6875,511.0
1785146993.7044754,15,18.1875,504.25
1785146993.7044754,15,19.765625,507.75
1785146993.7044754,15,21.5625,514.5
1785146993.7044754,15,23.15625,524.25
1785146993.7044754,15,24.625,535.5
1785146993.7044754,15,26.171875,547.5
1785146993.7044754,15,46.96875,106.5
1785146993.7044754,15,159.65625,8259.0
1785146993.7044754,15,161.296875,8174.25
1785146993.7044754,15,162.921875,8141.0
1785146993.7044754,15,164.5625,8106.5
1785146993.7044754,15,166.203125,8061.5
1785146993.7044754,15,167.828125,8057.5
1785146993.7044754,15,169.484375,8040.0
1785146993.7044754,15,177.640625,9448.0
1785146993.7044754,15,179.359375,9556.75
1785146993.7044754,15,182.828125,4215.75
1785146993.7044754,15,184.5,4223.25
1785146993.7044754,15,186.109375,4236.25
1785146993.7044754,15,189.390625,4595.5
1785146993.7044754,15,191.046875,4516.0
1785146993.7044754,15,192.6875,4470.0
1785146993.7044754,15,199.28125,4078.75
1785146993.7044754,15,200.9375,4078.25
1785146993.7044754,15,202.53125,4037.0
1785146993.7044754,15,204.15625,4044.0
1785146993.7044754,9,210.71875,4103.75
1785146993.7044754,13,217.328125,3700.0
1785146993.7044754,14,220.625,3489.75
1785146993.7044754,14,225.59375,3206.0
1785146993.7044754,15,227.1875,3147.75
1785146993.7044754,11,228.84375,3080.75
1785146993.7044754,15,230.484375,3020.5
1785146993.7044754,8,232.125,2973.0
1785146993.7044754,10,233.796875,2922.25
1785146993.7044754,15,235.40625,2878.75
1785146993.7044754,9,237.078125,2832.5
1785146993.7044754,11,238.6875,2788.25
1785146993.7044754,12,240.34375,2761.5
1785146993.7044754,15,241.984375,2736.5
1785146993.7044754,12,243.625,2705.0
1785146993.7044754,15,245.296875,2676.0
1785146993.7044754,15,246.921875,2653.75
1785146993.7044754,15,248.5625,2639.0
1785146993.7044754,15,250.1875,2621.75
1785146993.7044754,15,251.796875,2601.75
1785146993.7044754,15,253.453125,2583.75
1785146993.7044754,15,255.078125,2567.0
1785146993.7044754,15,256.734375,2545.0
1785146993.7044754,15,258.375,2517.75
1785146993.7044754,15,260.03125,2502.75
1785146993.7044754,15,261.671875,2497.25
1785146993.7044754,15,263.28125,2492.5
1785146993.7044754,15,264.90625,2485.25
1785146993.7044754,15,266.5625,2480.0
1785146993.7044754,15,268.21875,2476.0
1785146993.7044754,15,269.84375,2476.5
1785146993.7044754,14,271.46875,2484.0
1785146993.7044754,15,273.109375,2489.75
1785146993.7044754,15,274.75,2496.0
1785146993.7044754,15,276.375,2504.0
1785146993.7044754,15,278.03125,2509.25
1785146993.7044754,15,279.65625,2519.25
1785146993.7044754,14,281.296875,2533.25
1785146993.7044754,15,282.9375,2546.5
1785146993.7044754,10,284.546875,2568.0
1785146993.7044754,15,286.15625,2596.25
1785146993.7044754,12,287.8125,2625.25
1785146993.7044754,11,289.4375,2649.25
1785146993.7044754,15,291.046875,2684.25
1785146993.7044754,15,292.703125,2723.0
1785146993.7044754,9,294.3125,2757.0
1785146993.7044754,15,295.96875,2792.25
1785146993.7044754,15,297.578125,2831.0
1785146993.7044754,7,299.28125,2871.25
1785146993.7044754,15,300.921875,2910.5
1785146993.7044754,15,302.53125,2955.75
1785146993.7044754,13,304.1875,2995.75
1785146993.7044754,11,305.796875,3047.25
1785146993.7044754,12,307.4375,3104.5
1785146993.7044754,15,349.875,9626.5
1785146993.9277732,15,350.359375,9577.75
1785146993.9277732,15,351.984375,9523.5
1785146993.9277732,15,353.640625,9537.75
1785146993.9277732,15,356.9375,9123.25
1785146993.9277732,15,358.578125,9049.0
1785146993.9277732,15,0.21875,9038.75
1785146993.9277732,15,8.75,403.5
1785146993.9277732,15,10.515625,396.75
1785146993.9277732,15,12.078125,396.25
1785146993.9277732,15,13.484375,401.75
1785146993.9277732,15,15.15625,412.0
1785146993.9277732,15,16.375,423.0
1785146993.9277732,15,18.140625,431.0
1785146993.9277732,15,19.578125,437.5
1785146993.9277732,15,21.203125,447.0
1785146993.9277732,15,24.453125,469.25
1785146993.9277732,15,26.0625,468.25
1785146993.9277732,15,27.671875,473.0
1785146993.9277732,15,45.703125,107.25
1785146993.9277732,12,50.375,101.75
1785146993.9277732,15,159.109375,8334.5
1785146993.9277732,15,164.046875,8187.5
1785146993.9277732,15,165.6875,8095.75
1785146993.9277732,15,167.3125,8075.25
1785146993.9277732,15,168.96875,8071.25
1785146993.9277732,15,170.59375,8055.5
1785146993.9277732,15,172.25,8035.25
1785146993.9277732,15,178.765625,9409.0
1785146993.9277732,15,180.40625,9428.25
1785146993.9277732,15,183.859375,4234.5
1785146993.9277732,15,185.515625,4219.5
1785146993.9277732,15,201.921875,4097.75
1785146993.9277732,15,203.515625,4079.25
1785146993.9277732,15,205.15625,4081.25
1785146993.9277732,13,219.921875,3680.0
1785146993.9277732,15,223.25,3497.0
1785146993.9277732,5,224.875,3420.75
1785146993.9277732,15,226.515625,3323.0
1785146993.9277732,10,228.171875,3240.0
1785146993.9277732,15,229.8125,3182.75
1785146993.9277732,9,231.4375,3116.75
1785146993.9277732,13,233.09375,3056.5
1785146993.9277732,15,234.734375,3026.0
1785146993.9277732,15,236.359375,2983.25
1785146993.9277732,10,238.03125,2928.5
1785146993.9277732,11,239.640625,2893.25
1785146993.9277732,15,241.3125,2858.75
1785146993.9277732,13,242.953125,2803.0
1785146993.9277732,15,244.5625,2763.75
1785146993.9277732,15,246.234375,2742.5
1785146993.9277732,12,247.875,2713.5
1785146993.9277732,15,249.515625,2678.5
1785146993.9277732,15,251.21875,2655.0
1785146993.9277732,15,252.875,2634.25
1785146993.9277732,15,254.5,2614.0
1785146993.9277732,12,256.140625,2593.5
1785146993.9277732,15,257.796875,2568.25
1785146993.9277732,15,259.4375,2535.0
1785146993.9277732,15,261.0625,2511.25
1785146993.9277732,15,262.734375,2504.0
1785146993.9277732,15,264.359375,2493.25
1785146993.9277732,15,265.984375,2484.5
1785146993.9277732,15,267.65625,2478.0
1785146993.9277732,15,269.28125,2477.75
1785146993.9277732,15,270.9375,2483.75
1785146993.9277732,15,272.578125,2485.25
1785146993.9277732,12,274.203125,2481.75
1785146993.9277732,15,275.828125,2484.25
1785146993.9277732,15,277.453125,2496.5
1785146993.9277732,15,279.109375,2505.75
1785146993.9277732,15,280.71875,2515.0
1785146993.9277732,15,282.359375,2529.75
1785146993.9277732,15,284.0,2542.5
1785146993.9277732,12,285.609375,2562.75
1785146993.9277732,15,287.25,2590.0
1785146993.9277732,14,288.890625,2622.5
1785146993.9277732,10,290.53125,2649.25
1785146993.9277732,15,292.140625,2679.75
1785146993.9277732,15,293.796875,2719.0
1785146993.9277732,10,295.40625,2751.75
1785146993.9277732,15,297.046875,2792.5
1785146993.9277732,13,298.734375,2839.75
1785146993.9277732,7,300.375,2882.25
1785146993.9277732,15,302.03125,2923.25
1785146993.9277732,15,303.640625,2965.0
1785146993.9277732,6,305.28125,3012.75
1785146993.9277732,15,306.921875,3069.25
1785146993.9277732,11,308.546875,3126.25
1785146993.9277732,10,310.171875,3194.0
