timestamp,quality,angle_deg,distance_mm
1785218128.7951546,15,350.75,3928.0
1785218128.7951546,15,352.40625,3959.5
1785218128.7951546,11,354.015625,4005.25
1785218128.7951546,14,355.671875,4049.25
1785218128.7951546,15,357.328125,4093.0
1785218128.7951546,15,358.953125,4143.25
1785218128.7951546,15,0.59375,4189.25
1785218128.7951546,12,2.25,4252.75
1785218128.7951546,13,3.859375,4323.5
1785218128.7951546,15,5.515625,4379.25
1785218128.7951546,15,7.15625,4422.0
1785218128.7951546,12,8.796875,4481.25
1785218128.7951546,15,12.046875,4713.75
1785218128.7951546,13,13.6875,4782.75
1785218128.7951546,9,179.5625,10204.5
1785218128.7951546,12,199.3125,10246.75
1785218128.7951546,15,217.546875,5840.5
1785218128.7951546,15,224.1875,5026.5
1785218128.7951546,15,227.453125,4754.0
1785218128.7951546,15,232.515625,3388.0
1785218128.7951546,14,234.15625,3380.25
1785218128.7951546,15,237.375,3910.0
1785218128.7951546,15,239.03125,3838.5
1785218128.7951546,15,240.6875,3770.25
1785218128.7951546,15,242.34375,3717.5
1785218128.7951546,15,243.984375,3652.0
1785218128.7951546,15,245.640625,3587.0
1785218128.7951546,15,247.3125,3533.5
1785218128.7951546,15,248.9375,3478.25
1785218128.7951546,15,250.5625,3433.75
1785218128.7951546,15,252.21875,3436.5
1785218128.7951546,15,253.859375,3482.5
1785218128.7951546,15,255.515625,3495.25
1785218128.7951546,15,257.125,3538.5
1785218128.7951546,15,260.40625,3769.0
1785218128.7951546,15,262.046875,3742.0
1785218128.7951546,15,263.6875,3728.0
1785218128.7951546,15,265.359375,3711.5
1785218128.7951546,15,267.0,3687.5
1785218128.7951546,15,268.640625,3676.0
1785218128.7951546,15,270.296875,3668.25
1785218128.7951546,15,271.921875,3666.0
1785218128.7951546,15,273.5625,3669.25
1785218128.7951546,15,275.171875,3681.75
1785218128.7951546,15,276.796875,3701.75
1785218128.7951546,15,278.453125,3713.25
1785218128.7951546,15,280.09375,3729.0
1785218128.7951546,15,281.734375,3745.0
1785218128.7951546,15,283.34375,3764.5
1785218128.7951546,15,284.984375,3788.5
1785218128.7951546,15,286.625,3805.5
1785218128.7951546,15,288.265625,3756.75
1785218128.7951546,15,291.578125,3544.0
1785218128.7951546,15,294.90625,3262.25
1785218128.7951546,15,296.53125,3273.0
1785218128.7951546,15,298.171875,3324.25
1785218128.7951546,15,299.921875,3373.25
1785218128.7951546,15,301.5625,3428.75
1785218128.7951546,15,303.203125,3485.25
1785218128.7951546,15,304.828125,3552.0
1785218128.7951546,15,306.484375,3635.0
1785218128.7951546,10,314.71875,3696.0
1785218128.7951546,10,316.34375,3697.0
1785218128.7951546,12,318.015625,3677.0
1785218128.7951546,13,319.640625,3666.75
1785218128.7951546,15,321.296875,3632.5
1785218128.7951546,15,322.921875,3601.75
1785218128.7951546,15,324.59375,3608.25
1785218128.7951546,13,326.25,3597.5
1785218128.7951546,13,327.90625,3582.5
1785218128.7951546,8,329.546875,3586.0
1785218128.7951546,9,331.1875,3591.75
1785218128.7951546,8,332.828125,3606.5
1785218128.7951546,15,334.484375,3625.0
1785218128.7951546,15,336.125,3647.5
1785218128.7951546,15,337.75,3663.75
1785218128.7951546,15,339.40625,3665.25
1785218128.7951546,15,341.03125,3673.75
1785218128.7951546,15,342.703125,3665.5
1785218128.7951546,15,344.328125,3700.75
1785218128.7951546,7,345.984375,3777.25
1785218128.7951546,15,347.609375,3830.0
1785218128.7951546,15,349.234375,3886.5
1785218130.3582325,15,351.59375,3944.25
1785218130.3582325,13,353.21875,3983.0
1785218130.3582325,13,354.875,4028.0
1785218130.3582325,15,356.515625,4080.75
1785218130.3582325,15,358.15625,4124.25
1785218130.3582325,15,359.796875,4175.75
1785218130.3582325,15,1.4375,4221.75
1785218130.3582325,9,3.078125,4285.75
1785218130.3582325,11,4.734375,4333.5
1785218130.3582325,15,6.390625,4376.0
1785218130.3582325,14,8.015625,4457.75
1785218130.3582325,9,9.65625,4557.75
1785218130.3582325,15,11.21875,4672.5
1785218130.3582325,15,12.859375,4748.25
1785218130.3582325,15,216.59375,5954.75
1785218130.3582325,15,221.5625,5313.5
1785218130.3582325,15,233.171875,3391.0
1785218130.3582325,15,238.046875,3884.75
1785218130.3582325,15,239.71875,3811.0
1785218130.3582325,15,241.359375,3748.25
1785218130.3582325,15,242.984375,3694.0
1785218130.3582325,15,244.671875,3617.5
1785218130.3582325,15,246.3125,3554.25
1785218130.3582325,15,247.953125,3514.0
1785218130.3582325,15,249.59375,3468.5
1785218130.3582325,15,251.25,3416.75
1785218130.3582325,15,254.53125,3522.0
1785218130.3582325,15,256.140625,3495.5
1785218130.3582325,15,259.40625,3756.25
1785218130.3582325,15,261.03125,3758.25
1785218130.3582325,15,262.671875,3739.0
1785218130.3582325,15,264.34375,3728.75
1785218130.3582325,15,265.953125,3713.25
1785218130.3582325,15,267.625,3694.5
1785218130.3582325,15,269.25,3675.75
1785218130.3582325,15,270.90625,3666.25
1785218130.3582325,15,272.53125,3669.25
1785218130.3582325,15,274.171875,3685.25
1785218130.3582325,15,275.828125,3702.0
1785218130.3582325,15,277.46875,3709.25
1785218130.3582325,15,279.078125,3726.75
1785218130.3582325,15,280.734375,3745.75
1785218130.3582325,15,282.34375,3765.0
1785218130.3582325,15,284.0,3780.25
1785218130.3582325,15,285.65625,3796.25
1785218130.3582325,15,287.265625,3824.25
1785218130.3582325,15,290.578125,3604.5
1785218130.3582325,15,295.53125,3242.25
1785218130.3582325,15,297.1875,3295.25
1785218130.3582325,15,298.9375,3349.0
1785218130.3582325,15,300.59375,3390.5
1785218130.3582325,15,302.21875,3447.25
1785218130.3582325,15,303.875,3512.25
1785218130.3582325,15,305.5,3587.0
1785218130.3582325,11,315.375,3666.25
1785218130.3582325,10,317.03125,3691.75
1785218130.3582325,15,318.671875,3675.0
1785218130.3582325,15,320.34375,3660.5
1785218130.3582325,9,321.96875,3626.0
1785218130.3582325,15,323.640625,3615.0
1785218130.3582325,6,325.28125,3618.25
1785218130.3582325,8,326.9375,3596.25
1785218130.3582325,11,328.609375,3581.0
1785218130.3582325,9,330.25,3582.0
1785218130.3582325,9,331.90625,3593.0
1785218130.3582325,15,333.546875,3611.75
1785218130.3582325,15,335.1875,3627.75
1785218130.3582325,15,336.828125,3645.0
1785218130.3582325,8,338.484375,3670.0
1785218130.3582325,15,340.140625,3672.75
1785218130.3582325,15,341.796875,3666.75
1785218130.3582325,15,343.4375,3670.75
1785218130.3582325,15,345.0625,3721.0
1785218130.3582325,13,346.6875,3795.0
1785218130.3582325,15,348.34375,3855.5
1785218130.3582325,15,349.984375,3906.5
1785218130.5801125,15,351.578125,3946.0
1785218130.5801125,13,353.234375,3986.0
1785218130.5801125,11,354.859375,4031.0
1785218130.5801125,15,356.5,4082.25
1785218130.5801125,15,358.15625,4124.75
1785218130.5801125,15,359.78125,4178.75
1785218130.5801125,15,1.4375,4227.5
1785218130.5801125,12,3.0625,4290.0
1785218130.5801125,11,4.734375,4334.75
1785218130.5801125,15,6.375,4376.5
1785218130.5801125,11,8.015625,4460.5
1785218130.5801125,10,9.625,4561.5
1785218130.5801125,15,11.234375,4675.25
1785218130.5801125,15,12.890625,4749.0
1785218130.5801125,15,216.546875,5955.25
1785218130.5801125,15,221.5,5309.0
1785218130.5801125,15,233.15625,3391.25
1785218130.5801125,15,238.015625,3885.25
1785218130.5801125,15,239.671875,3811.0
1785218130.5801125,15,241.3125,3750.0
1785218130.5801125,15,242.96875,3697.5
1785218130.5801125,15,244.609375,3617.75
1785218130.5801125,15,246.25,3552.5
1785218130.5801125,15,247.921875,3514.25
1785218130.5801125,15,249.546875,3469.25
1785218130.5801125,15,251.234375,3417.0
1785218130.5801125,15,254.53125,3514.75
1785218130.5801125,15,256.171875,3493.0
1785218130.5801125,15,259.4375,3757.75
1785218130.5801125,15,261.0625,3760.0
1785218130.5801125,15,262.703125,3741.0
1785218130.5801125,15,264.375,3721.25
1785218130.5801125,15,266.015625,3702.25
1785218130.5801125,15,267.65625,3692.0
1785218130.5801125,15,269.3125,3678.5
1785218130.5801125,15,270.9375,3669.5
1785218130.5801125,15,272.59375,3673.5
1785218130.5801125,15,274.234375,3687.25
1785218130.5801125,15,275.859375,3701.0
1785218130.5801125,15,277.484375,3708.5
1785218130.5801125,15,279.125,3724.25
1785218130.5801125,15,280.765625,3743.75
1785218130.5801125,15,282.40625,3766.5
1785218130.5801125,15,284.078125,3781.75
1785218130.5801125,15,285.703125,3797.0
1785218130.5801125,15,287.34375,3825.5
1785218130.5801125,15,290.671875,3599.5
1785218130.5801125,15,295.609375,3249.5
1785218130.5801125,15,297.265625,3299.0
1785218130.5801125,15,298.953125,3348.5
1785218130.5801125,15,300.578125,3391.0
1785218130.5801125,15,302.234375,3446.25
1785218130.5801125,15,303.875,3514.25
1785218130.5801125,15,305.5,3588.75
1785218130.5801125,15,315.375,3664.5
1785218130.5801125,10,317.03125,3691.0
1785218130.5801125,15,318.671875,3675.25
1785218130.5801125,15,320.3125,3659.5
1785218130.5801125,9,321.953125,3624.0
1785218130.5801125,15,323.625,3613.5
1785218130.5801125,15,325.28125,3620.0
1785218130.5801125,9,326.921875,3597.5
1785218130.5801125,11,328.59375,3579.25
1785218130.5801125,9,330.234375,3579.25
1785218130.5801125,8,331.84375,3590.5
1785218130.5801125,15,333.5,3609.25
1785218130.5801125,8,335.15625,3623.5
1785218130.5801125,15,336.8125,3640.25
1785218130.5801125,12,338.4375,3666.5
1785218130.5801125,15,340.09375,3668.25
1785218130.5801125,11,341.75,3663.0
1785218130.5801125,15,343.390625,3670.25
1785218130.5801125,15,345.015625,3721.25
1785218130.5801125,12,346.671875,3796.25
1785218130.5801125,15,348.3125,3857.25
1785218130.5801125,13,349.96875,3909.0
1785218130.8072693,15,351.609375,3944.75
1785218130.8072693,14,353.28125,3985.75
1785218130.8072693,13,354.90625,4034.75
1785218130.8072693,15,356.5625,4085.75
1785218130.8072693,15,358.1875,4125.0
1785218130.8072693,15,359.84375,4179.75
1785218130.8072693,15,1.484375,4226.0
1785218130.8072693,9,3.125,4283.75
1785218130.8072693,11,4.765625,4334.25
1785218130.8072693,15,6.40625,4379.75
1785218130.8072693,9,8.046875,4461.25
1785218130.8072693,9,9.703125,4559.5
1785218130.8072693,15,11.25,4671.75
1785218130.8072693,15,12.90625,4749.25
1785218130.8072693,15,200.125,10329.25
1785218130.8072693,15,216.609375,5956.75
1785218130.8072693,15,221.5625,5309.0
1785218130.8072693,15,223.203125,5170.25
1785218130.8072693,15,228.171875,4701.25
1785218130.8072693,15,233.203125,3391.5
1785218130.8072693,15,238.078125,3881.75
1785218130.8072693,15,239.71875,3808.0
1785218130.8072693,15,241.390625,3747.0
1785218130.8072693,15,243.03125,3692.5
1785218130.8072693,15,244.703125,3617.0
1785218130.8072693,15,246.328125,3554.0
1785218130.8072693,15,247.984375,3514.25
1785218130.8072693,15,249.625,3467.5
1785218130.8072693,15,251.3125,3413.75
1785218130.8072693,15,254.59375,3512.75
1785218130.8072693,15,256.21875,3478.75
1785218130.8072693,15,259.46875,3761.75
1785218130.8072693,15,261.125,3761.25
1785218130.8072693,15,262.734375,3740.0
1785218130.8072693,15,264.421875,3720.5
1785218130.8072693,15,266.046875,3703.0
1785218130.8072693,15,267.6875,3693.0
1785218130.8072693,15,269.34375,3678.75
1785218130.8072693,15,270.96875,3671.5
1785218130.8072693,15,272.625,3674.0
1785218130.8072693,15,274.25,3683.0
1785218130.8072693,15,275.859375,3696.25
1785218130.8072693,15,277.5,3707.25
1785218130.8072693,15,279.125,3726.75
1785218130.8072693,15,280.75,3746.25
1785218130.8072693,15,282.390625,3768.75
1785218130.8072693,15,284.03125,3783.25
1785218130.8072693,15,285.65625,3797.25
1785218130.8072693,15,287.3125,3826.25
1785218130.8072693,15,290.609375,3600.0
1785218130.8072693,15,295.578125,3245.75
1785218130.8072693,15,297.203125,3298.25
1785218130.8072693,15,298.953125,3349.25
1785218130.8072693,15,300.578125,3390.75
1785218130.8072693,15,302.203125,3444.5
1785218130.8072693,15,303.84375,3514.0
1785218130.8072693,15,305.5,3590.5
1785218130.8072693,11,315.34375,3665.0
1785218130.8072693,11,316.984375,3689.75
1785218130.8072693,15,318.640625,3674.75
1785218130.8072693,15,320.296875,3661.0
1785218130.8072693,9,321.953125,3625.25
1785218130.8072693,15,323.671875,3614.0
1785218130.8072693,6,325.296875,3616.75
1785218130.8072693,15,326.96875,3598.0
1785218130.8072693,11,328.609375,3583.0
1785218130.8072693,8,330.265625,3582.0
1785218130.8072693,10,331.90625,3592.75
1785218130.8072693,15,333.5625,3611.0
1785218130.8072693,15,335.21875,3627.0
1785218130.8072693,15,336.84375,3642.5
1785218130.8072693,11,338.5,3665.5
1785218130.8072693,15,340.15625,3663.75
1785218130.8072693,15,341.8125,3663.0
1785218130.8072693,15,343.453125,3688.0
1785218130.8072693,11,345.09375,3738.25
1785218130.8072693,15,346.71875,3799.75
1785218130.8072693,15,348.34375,3859.0
1785218130.8072693,15,350.0,3909.0
1785218131.0299747,15,351.75,3950.25
1785218131.0299747,9,353.40625,3986.25
1785218131.0299747,12,355.03125,4032.0
1785218131.0299747,15,356.6875,4089.75
1785218131.0299747,15,358.3125,4133.25
1785218131.0299747,15,359.96875,4178.0
1785218131.0299747,13,1.609375,4222.25
1785218131.0299747,8,3.265625,4286.25
1785218131.0299747,13,4.890625,4334.75
1785218131.0299747,15,6.53125,4378.5
1785218131.0299747,8,8.1875,4463.75
1785218131.0299747,10,9.8125,4572.5
1785218131.0299747,15,11.40625,4685.5
1785218131.0299747,14,13.046875,4754.25
1785218131.0299747,15,226.875,4803.25
1785218131.0299747,15,228.53125,4680.0
1785218131.0299747,15,231.9375,3428.25
1785218131.0299747,15,233.59375,3382.25
1785218131.0299747,15,238.484375,3856.75
1785218131.0299747,15,240.140625,3780.75
1785218131.0299747,15,241.75,3726.75
1785218131.0299747,15,243.421875,3673.75
1785218131.0299747,15,245.078125,3610.0
1785218131.0299747,15,246.734375,3551.5
1785218131.0299747,15,248.375,3502.0
1785218131.0299747,15,250.03125,3450.75
1785218131.0299747,15,251.671875,3398.75
1785218131.0299747,15,254.921875,3509.0
1785218131.0299747,15,256.578125,3512.25
1785218131.0299747,15,259.828125,3768.75
1785218131.0299747,15,261.46875,3759.25
1785218131.0299747,15,263.125,3738.0
1785218131.0299747,15,264.75,3703.75
1785218131.0299747,15,266.390625,3697.5
1785218131.0299747,15,268.0625,3689.5
1785218131.0299747,15,269.703125,3671.5
1785218131.0299747,15,271.34375,3676.75
1785218131.0299747,15,272.984375,3681.25
1785218131.0299747,15,274.578125,3681.0
1785218131.0299747,15,276.234375,3693.25
1785218131.0299747,15,277.859375,3706.75
1785218131.0299747,15,279.5,3717.25
1785218131.0299747,15,281.140625,3732.25
1785218131.0299747,15,282.75,3764.0
1785218131.0299747,15,284.390625,3785.0
1785218131.0299747,15,286.046875,3795.5
1785218131.0299747,15,287.6875,3805.5
1785218131.0299747,15,291.0,3577.0
1785218131.0299747,15,295.921875,3262.0
1785218131.0299747,15,297.578125,3309.0
1785218131.0299747,15,299.359375,3355.5
1785218131.0299747,15,300.984375,3402.75
1785218131.0299747,15,302.609375,3460.25
1785218131.0299747,15,304.265625,3528.25
1785218131.0299747,15,305.890625,3614.5
1785218131.0299747,9,314.125,3696.0
1785218131.0299747,15,315.796875,3717.5
1785218131.0299747,14,317.4375,3693.25
1785218131.0299747,15,319.09375,3673.25
1785218131.0299747,15,320.734375,3655.25
1785218131.0299747,12,322.375,3615.75
1785218131.0299747,15,324.046875,3602.75
1785218131.0299747,9,325.6875,3601.0
1785218131.0299747,7,327.34375,3595.5
1785218131.0299747,12,328.984375,3588.5
1785218131.0299747,9,330.625,3579.5
1785218131.0299747,9,332.265625,3599.0
1785218131.0299747,8,333.9375,3615.0
1785218131.0299747,15,335.578125,3636.5
1785218131.0299747,15,337.234375,3661.5
1785218131.0299747,15,338.859375,3677.25
1785218131.0299747,15,340.515625,3684.75
1785218131.0299747,12,342.15625,3668.25
1785218131.0299747,15,343.8125,3695.75
1785218131.0299747,7,345.4375,3766.0
1785218131.0299747,15,347.0625,3817.25
1785218131.0299747,15,348.6875,3872.5
1785218131.0299747,15,350.34375,3921.0
1785218131.2526739,15,350.53125,3929.5
1785218131.2526739,15,352.15625,3970.0
1785218131.2526739,11,353.796875,4007.75
1785218131.2526739,15,355.4375,4054.25
1785218131.2526739,15,357.09375,4105.75
1785218131.2526739,15,358.71875,4141.5
1785218131.2526739,15,0.390625,4181.75
1785218131.2526739,12,2.03125,4236.5
1785218131.2526739,9,3.640625,4311.0
1785218131.2526739,15,5.3125,4375.0
1785218131.2526739,15,6.9375,4413.75
1785218131.2526739,12,8.59375,4487.5
1785218131.2526739,12,10.234375,4593.5
1785218131.2526739,15,11.828125,4690.5
1785218131.2526739,11,13.46875,4776.0
1785218131.2526739,15,220.453125,5424.25
1785218131.2526739,9,223.75,5097.5
1785218131.2526739,15,228.703125,4664.0
1785218131.2526739,15,232.078125,3431.25
1785218131.2526739,15,233.75,3383.25
1785218131.2526739,15,238.609375,3857.25
1785218131.2526739,15,240.28125,3782.0
1785218131.2526739,15,241.921875,3727.0
1785218131.2526739,15,243.578125,3670.0
1785218131.2526739,15,245.234375,3601.0
1785218131.2526739,15,246.875,3547.75
1785218131.2526739,15,248.515625,3503.0
1785218131.2526739,15,250.15625,3452.75
1785218131.2526739,15,251.8125,3407.25
1785218131.2526739,15,255.125,3506.5
1785218131.2526739,15,256.75,3527.0
1785218131.2526739,15,260.0,3765.5
1785218131.2526739,15,261.65625,3760.75
1785218131.2526739,15,263.296875,3744.5
1785218131.2526739,15,264.953125,3717.75
1785218131.2526739,15,266.59375,3700.25
1785218131.2526739,15,268.234375,3683.5
1785218131.2526739,15,269.890625,3678.25
1785218131.2526739,15,271.515625,3680.0
1785218131.2526739,15,273.1875,3681.75
1785218131.2526739,15,274.8125,3679.0
1785218131.2526739,15,276.453125,3693.0
1785218131.2526739,15,278.09375,3715.75
1785218131.2526739,15,279.734375,3720.75
1785218131.2526739,15,281.375,3741.5
1785218131.2526739,15,283.0,3770.0
1785218131.2526739,15,284.65625,3787.5
1785218131.2526739,15,286.296875,3803.25
1785218131.2526739,15,287.953125,3798.5
1785218131.2526739,15,291.25,3554.75
1785218131.2526739,15,294.578125,3283.25
1785218131.2526739,15,296.203125,3269.5
1785218131.2526739,15,297.859375,3317.5
1785218131.2526739,15,299.578125,3363.25
1785218131.2526739,15,301.234375,3407.0
1785218131.2526739,15,302.875,3465.0
1785218131.2526739,15,304.5,3541.75
1785218131.2526739,15,306.15625,3624.5
1785218131.2526739,14,314.375,3699.25
1785218131.2526739,15,316.046875,3707.5
1785218131.2526739,15,317.703125,3677.75
1785218131.2526739,15,319.34375,3666.25
1785218131.2526739,15,321.0,3640.0
1785218131.2526739,12,322.640625,3603.5
1785218131.2526739,15,324.265625,3599.25
1785218131.2526739,9,325.921875,3593.5
1785218131.2526739,8,327.578125,3578.75
1785218131.2526739,13,329.21875,3584.0
1785218131.2526739,15,330.84375,3596.0
1785218131.2526739,15,332.515625,3612.0
1785218131.2526739,15,334.15625,3628.0
1785218131.2526739,14,335.8125,3645.25
1785218131.2526739,15,337.453125,3661.75
1785218131.2526739,15,339.109375,3676.0
1785218131.2526739,15,340.734375,3685.0
1785218131.2526739,15,342.40625,3668.0
1785218131.2526739,15,344.015625,3693.0
1785218131.2526739,10,345.6875,3764.5
1785218131.2526739,15,347.3125,3809.75
1785218131.2526739,15,348.9375,3869.0
1785218131.4775758,15,350.71875,3928.25
1785218131.4775758,15,352.359375,3958.5
1785218131.4775758,11,354.015625,4005.5
1785218131.4775758,15,355.65625,4053.75
1785218131.4775758,14,357.3125,4099.75
1785218131.4775758,15,358.953125,4146.25
1785218131.4775758,15,0.609375,4188.0
1785218131.4775758,9,2.25,4248.0
1785218131.4775758,12,3.90625,4323.5
1785218131.4775758,15,5.546875,4385.0
1785218131.4775758,12,7.1875,4426.75
1785218131.4775758,8,8.828125,4487.75
1785218131.4775758,15,12.015625,4717.0
1785218131.4775758,14,13.65625,4784.75
1785218131.4775758,15,199.296875,10143.25
1785218131.4775758,15,217.390625,5867.5
1785218131.4775758,15,224.0,5051.0
1785218131.4775758,15,227.3125,4773.25
1785218131.4775758,15,228.96875,4657.75
1785218131.4775758,15,232.359375,3424.25
1785218131.4775758,15,234.0,3408.25
1785218131.4775758,15,237.21875,3915.25
1785218131.4775758,15,238.890625,3850.25
1785218131.4775758,15,240.515625,3778.25
1785218131.4775758,15,242.171875,3715.75
1785218131.4775758,15,243.828125,3658.5
1785218131.4775758,15,245.484375,3597.5
1785218131.4775758,15,247.140625,3541.0
1785218131.4775758,15,248.78125,3491.75
1785218131.4775758,15,250.453125,3439.25
1785218131.4775758,15,252.078125,3431.0
1785218131.4775758,15,253.734375,3484.5
1785218131.4775758,15,255.359375,3501.25
1785218131.4775758,15,257.015625,3535.25
1785218131.4775758,15,260.265625,3772.75
1785218131.4775758,15,261.90625,3743.5
1785218131.4775758,15,263.546875,3725.75
1785218131.4775758,15,265.203125,3716.0
1785218131.4775758,15,266.84375,3694.0
1785218131.4775758,15,268.484375,3681.0
1785218131.4775758,15,270.15625,3670.75
1785218131.4775758,15,271.796875,3666.0
1785218131.4775758,15,273.421875,3674.75
1785218131.4775758,15,275.015625,3682.75
1785218131.4775758,15,276.65625,3700.25
1785218131.4775758,15,278.296875,3721.5
1785218131.4775758,15,279.9375,3732.0
1785218131.4775758,15,281.59375,3748.75
1785218131.4775758,15,283.203125,3765.75
1785218131.4775758,15,284.84375,3782.5
1785218131.4775758,15,286.46875,3807.75
1785218131.4775758,15,288.140625,3761.0
1785218131.4775758,15,291.421875,3569.5
1785218131.4775758,15,294.765625,3265.25
1785218131.4775758,15,296.390625,3270.0
1785218131.4775758,15,298.015625,3325.75
1785218131.4775758,15,299.734375,3367.5
1785218131.4775758,15,301.359375,3413.75
1785218131.4775758,15,303.0,3476.0
1785218131.4775758,15,304.65625,3545.5
1785218131.4775758,15,306.296875,3623.5
1785218131.4775758,9,314.5,3691.25
1785218131.4775758,12,316.15625,3701.0
1785218131.4775758,11,317.8125,3677.5
1785218131.4775758,15,319.46875,3662.5
1785218131.4775758,15,321.09375,3639.5
1785218131.4775758,15,322.8125,3610.75
1785218131.4775758,15,324.46875,3607.75
1785218131.4775758,9,326.109375,3598.5
1785218131.4775758,8,327.78125,3581.75
1785218131.4775758,7,329.421875,3584.25
1785218131.4775758,15,331.0625,3592.5
1785218131.4775758,8,332.703125,3604.5
1785218131.4775758,15,334.375,3626.75
1785218131.4775758,15,336.015625,3652.5
1785218131.4775758,14,337.640625,3665.0
1785218131.4775758,15,339.3125,3683.5
1785218131.4775758,15,340.9375,3690.5
1785218131.4775758,15,342.625,3664.5
1785218131.4775758,15,344.25,3699.75
1785218131.4775758,10,345.890625,3775.75
1785218131.4775758,15,347.515625,3830.0
1785218131.4775758,15,349.15625,3887.75
1785218131.7017045,15,350.8125,3933.25
1785218131.7017045,15,352.46875,3964.0
1785218131.7017045,12,354.109375,4004.75
1785218131.7017045,13,355.765625,4049.25
1785218131.7017045,15,357.390625,4093.75
1785218131.7017045,15,359.03125,4142.25
1785218131.7017045,15,0.671875,4190.75
1785218131.7017045,15,2.3125,4252.75
1785218131.7017045,14,3.96875,4321.75
1785218131.7017045,15,5.609375,4382.75
1785218131.7017045,15,7.25,4423.75
1785218131.7017045,11,8.890625,4501.75
1785218131.7017045,12,10.453125,4624.25
1785218131.7017045,15,12.09375,4720.5
1785218131.7017045,11,13.734375,4798.25
1785218131.7017045,15,199.1875,10273.75
1785218131.7017045,15,217.34375,5861.75
1785218131.7017045,15,220.65625,5406.5
1785218131.7017045,15,223.96875,5069.0
1785218131.7017045,15,227.296875,4772.75
1785218131.7017045,15,228.953125,4655.25
1785218131.7017045,15,232.34375,3422.75
1785218131.7017045,15,233.96875,3407.5
1785218131.7017045,15,237.21875,3916.25
1785218131.7017045,15,238.875,3849.0
1785218131.7017045,15,240.53125,3775.0
1785218131.7017045,15,242.171875,3713.25
1785218131.7017045,15,243.828125,3658.75
1785218131.7017045,15,245.46875,3600.75
1785218131.7017045,15,247.125,3544.0
1785218131.7017045,15,248.765625,3491.25
1785218131.7017045,15,250.4375,3439.5
1785218131.7017045,15,252.046875,3432.75
1785218131.7017045,15,253.6875,3485.0
1785218131.7017045,15,255.359375,3500.0
1785218131.7017045,15,256.96875,3526.0
1785218131.7017045,15,260.234375,3772.5
1785218131.7017045,15,261.875,3743.25
1785218131.7017045,15,263.53125,3726.75
1785218131.7017045,15,265.15625,3720.75
1785218131.7017045,15,266.8125,3697.0
1785218131.7017045,15,268.46875,3682.25
1785218131.7017045,15,270.109375,3676.5
1785218131.7017045,15,271.71875,3678.25
1785218131.7017045,15,273.390625,3683.0
1785218131.7017045,15,274.96875,3677.0
1785218131.7017045,15,276.59375,3695.25
1785218131.7017045,15,278.25,3723.5
1785218131.7017045,15,279.875,3732.75
1785218131.7017045,15,281.5,3748.75
1785218131.7017045,15,283.140625,3765.0
1785218131.7017045,15,284.78125,3782.5
1785218131.7017045,15,286.421875,3808.0
1785218131.7017045,15,288.0625,3782.25
1785218131.7017045,15,291.375,3557.5
1785218131.7017045,15,294.671875,3265.0
1785218131.7017045,15,296.328125,3269.5
1785218131.7017045,15,297.953125,3326.25
1785218131.7017045,15,299.703125,3369.0
1785218131.7017045,15,301.34375,3413.75
1785218131.7017045,15,303.015625,3475.5
1785218131.7017045,15,304.65625,3545.75
1785218131.7017045,15,306.28125,3622.5
1785218131.7017045,9,314.5,3688.0
1785218131.7017045,11,316.15625,3698.0
1785218131.7017045,14,317.796875,3677.5
1785218131.7017045,14,319.4375,3664.0
1785218131.7017045,15,321.09375,3639.5
1785218131.7017045,15,322.78125,3608.75
1785218131.7017045,15,324.40625,3607.75
1785218131.7017045,9,326.078125,3596.25
1785218131.7017045,9,327.71875,3578.25
1785218131.7017045,13,329.359375,3583.5
1785218131.7017045,9,331.0,3589.75
1785218131.7017045,8,332.65625,3601.75
1785218131.7017045,15,334.3125,3623.5
1785218131.7017045,14,335.953125,3650.0
1785218131.7017045,15,337.59375,3665.0
1785218131.7017045,15,339.25,3676.0
1785218131.7017045,15,340.90625,3682.75
1785218131.7017045,15,342.546875,3664.75
1785218131.7017045,15,344.171875,3697.75
1785218131.7017045,8,345.828125,3769.5
1785218131.7017045,11,347.421875,3823.25
1785218131.7017045,15,349.046875,3884.25
1785218131.9276977,15,350.6875,3926.75
1785218131.9276977,15,352.34375,3964.0
1785218131.9276977,13,354.0,4010.25
1785218131.9276977,15,355.625,4048.25
1785218131.9276977,15,357.28125,4095.5
1785218131.9276977,15,358.921875,4143.75
1785218131.9276977,15,0.546875,4184.0
1785218131.9276977,8,2.1875,4246.25
1785218131.9276977,15,3.84375,4316.0
1785218131.9276977,15,5.46875,4376.25
1785218131.9276977,14,7.125,4421.75
1785218131.9276977,9,8.765625,4485.25
1785218131.9276977,15,12.0,4712.75
1785218131.9276977,15,13.640625,4787.0
1785218131.9276977,7,177.9375,10129.75
1785218131.9276977,10,199.296875,10197.5
1785218131.9276977,15,217.53125,5841.0
1785218131.9276977,15,224.140625,5032.75
1785218131.9276977,15,227.390625,4756.0
1785218131.9276977,15,229.046875,4636.75
1785218131.9276977,15,232.4375,3407.25
1785218131.9276977,15,234.078125,3396.75
1785218131.9276977,15,237.3125,3916.25
1785218131.9276977,15,238.953125,3848.25
1785218131.9276977,15,240.625,3774.25
1785218131.9276977,15,242.25,3716.75
1785218131.9276977,15,243.921875,3664.75
1785218131.9276977,15,245.5625,3599.75
1785218131.9276977,15,247.21875,3540.0
1785218131.9276977,15,248.859375,3491.0
1785218131.9276977,15,250.5,3439.0
1785218131.9276977,15,252.140625,3431.5
1785218131.9276977,15,253.78125,3478.25
1785218131.9276977,15,255.4375,3494.25
1785218131.9276977,15,260.3125,3772.0
1785218131.9276977,15,261.96875,3738.25
1785218131.9276977,15,263.59375,3724.0
1785218131.9276977,15,265.234375,3719.75
1785218131.9276977,15,266.875,3691.0
1785218131.9276977,15,268.546875,3674.75
1785218131.9276977,15,270.171875,3666.75
1785218131.9276977,15,271.828125,3660.25
1785218131.9276977,15,273.46875,3671.0
1785218131.9276977,15,275.09375,3685.75
1785218131.9276977,15,276.75,3702.75
1785218131.9276977,15,278.375,3719.0
1785218131.9276977,15,280.046875,3733.5
1785218131.9276977,15,281.6875,3746.75
1785218131.9276977,15,283.3125,3765.25
1785218131.9276977,15,284.9375,3786.25
1785218131.9276977,15,286.59375,3807.25
1785218131.9276977,15,288.21875,3763.25
1785218131.9276977,15,291.546875,3552.0
1785218131.9276977,15,294.875,3262.25
1785218131.9276977,15,296.484375,3273.5
1785218131.9276977,15,298.140625,3326.5
1785218131.9276977,15,299.890625,3374.5
1785218131.9276977,15,301.515625,3428.0
1785218131.9276977,15,303.171875,3484.25
1785218131.9276977,15,304.8125,3550.25
1785218131.9276977,15,306.453125,3634.5
1785218131.9276977,11,314.703125,3695.5
1785218131.9276977,10,316.328125,3696.25
1785218131.9276977,12,318.0,3676.25
1785218131.9276977,13,319.640625,3666.0
1785218131.9276977,6,321.296875,3631.75
1785218131.9276977,15,322.953125,3601.0
1785218131.9276977,15,324.59375,3608.0
1785218131.9276977,12,326.25,3597.75
1785218131.9276977,7,327.921875,3580.0
1785218131.9276977,9,329.5625,3585.0
1785218131.9276977,9,331.203125,3593.0
1785218131.9276977,8,332.84375,3603.75
1785218131.9276977,10,334.484375,3619.5
1785218131.9276977,15,336.140625,3644.0
1785218131.9276977,15,337.78125,3663.75
1785218131.9276977,13,339.4375,3656.0
1785218131.9276977,15,341.09375,3664.25
1785218131.9276977,15,342.71875,3663.75
1785218131.9276977,7,346.015625,3774.0
1785218131.9276977,15,347.640625,3826.25
1785218131.9276977,15,349.296875,3887.0
1785218132.038114,15,350.9375,3932.25
1785218132.038114,15,352.5625,3967.5
1785218132.038114,13,354.21875,4009.5
1785218132.038114,15,355.84375,4054.75
1785218132.038114,15,357.515625,4096.75
1785218132.038114,15,359.140625,4143.25
1785218132.038114,15,0.796875,4195.0
1785218132.038114,7,2.421875,4258.25
1785218132.038114,15,4.078125,4324.75
1785218132.038114,15,5.734375,4382.5
1785218132.038114,13,7.375,4425.25
1785218132.038114,9,9.0,4501.25
1785218132.038114,15,10.625,4626.25
1785218132.038114,15,12.265625,4724.0
1785218132.038114,11,13.90625,4811.5
1785218132.038114,7,179.921875,10219.5
1785218132.038114,15,224.5,5002.5
1785218132.038114,15,227.734375,4732.25
1785218132.038114,15,232.796875,3397.75
1785218132.038114,15,237.6875,3900.5
1785218132.038114,15,239.328125,3829.75
1785218132.038114,15,240.984375,3765.0
1785218132.038114,15,242.625,3706.5
1785218132.038114,15,244.265625,3633.25
1785218132.038114,15,245.9375,3573.0
1785218132.038114,15,247.578125,3534.5
1785218132.038114,15,249.203125,3481.75
1785218132.038114,15,250.875,3428.0
1785218132.038114,15,252.5,3459.75
1785218132.038114,15,254.140625,3511.25
1785218132.038114,15,255.796875,3490.25
1785218132.038114,15,260.6875,3763.25
1785218132.038114,15,262.328125,3743.0
1785218132.038114,15,264.0,3725.0
1785218132.038114,15,265.625,3707.0
1785218132.038114,15,267.296875,3686.0
1785218132.038114,15,268.921875,3671.75
1785218132.038114,15,270.5625,3681.0
1785218132.038114,15,272.21875,3693.0
1785218132.038114,15,273.84375,3687.5
1785218132.038114,15,275.484375,3689.5
1785218132.038114,15,277.140625,3704.25
1785218132.038114,15,278.765625,3720.75
1785218132.038114,15,280.421875,3745.5
1785218132.038114,15,282.078125,3762.5
1785218132.038114,15,283.6875,3772.5
1785218132.038114,15,285.359375,3785.0
1785218132.038114,15,286.984375,3810.5
1785218132.038114,15,291.953125,3514.5
1785218132.038114,15,295.265625,3229.25
1785218132.038114,15,296.90625,3280.25
1785218132.038114,15,298.609375,3334.75
1785218132.038114,15,300.21875,3374.5
1785218132.038114,15,301.859375,3432.0
1785218132.038114,15,303.515625,3493.0
1785218132.038114,15,305.15625,3561.0
1785218132.038114,15,306.796875,3646.0
1785218132.038114,14,315.03125,3695.5
1785218132.038114,14,316.6875,3690.0
1785218132.038114,15,318.34375,3675.25
1785218132.038114,15,319.96875,3664.25
1785218132.038114,8,321.609375,3627.25
1785218132.038114,12,323.296875,3607.75
1785218132.038114,7,324.9375,3613.75
1785218132.038114,7,326.59375,3592.25
1785218132.038114,8,328.234375,3577.5
1785218132.038114,7,329.875,3587.25
1785218132.038114,13,331.5,3595.25
1785218132.038114,8,333.171875,3604.0
1785218132.038114,15,334.828125,3625.75
1785218132.038114,15,336.453125,3649.25
1785218132.038114,11,338.109375,3670.25
1785218132.038114,15,339.75,3683.25
1785218132.038114,15,341.40625,3686.25
1785218132.038114,15,343.0625,3680.25
1785218132.038114,15,344.6875,3711.75
1785218132.038114,12,346.328125,3787.25
1785218132.038114,15,347.984375,3849.5
1785218132.038114,15,349.640625,3901.25
1785218132.2616725,15,351.421875,3942.5
1785218132.2616725,12,353.0625,3976.75
1785218132.2616725,15,354.71875,4024.5
1785218132.2616725,15,356.34375,4080.25
1785218132.2616725,15,358.0,4124.5
1785218132.2616725,15,359.640625,4178.25
1785218132.2616725,15,1.265625,4221.5
1785218132.2616725,10,2.9375,4270.5
1785218132.2616725,7,4.578125,4319.5
1785218132.2616725,15,6.21875,4373.0
1785218132.2616725,15,7.84375,4448.5
1785218132.2616725,8,9.484375,4534.5
1785218132.2616725,15,11.0625,4650.75
1785218132.2616725,15,12.703125,4739.25
1785218132.2616725,15,231.375,3472.0
1785218132.2616725,15,233.046875,3401.5
1785218132.2616725,15,237.921875,3885.25
1785218132.2616725,15,239.5625,3811.0
1785218132.2616725,15,241.203125,3751.5
1785218132.2616725,15,242.859375,3698.5
1785218132.2616725,15,244.515625,3630.75
1785218132.2616725,15,246.171875,3571.5
1785218132.2616725,15,247.8125,3520.0
1785218132.2616725,15,249.453125,3467.25
1785218132.2616725,15,251.140625,3415.25
1785218132.2616725,15,254.421875,3517.5
1785218132.2616725,15,256.078125,3480.5
1785218132.2616725,15,259.34375,3741.75
1785218132.2616725,15,260.96875,3758.25
1785218132.2616725,15,262.609375,3737.75
1785218132.2616725,15,264.28125,3727.75
1785218132.2616725,15,265.90625,3712.0
1785218132.2616725,15,267.5625,3685.5
1785218132.2616725,15,269.21875,3671.75
1785218132.2616725,15,270.875,3659.25
1785218132.2616725,15,272.515625,3659.25
1785218132.2616725,15,274.140625,3687.0
1785218132.2616725,15,275.734375,3702.0
1785218132.2616725,15,277.390625,3709.0
1785218132.2616725,15,279.015625,3726.75
1785218132.2616725,15,280.65625,3744.5
1785218132.2616725,15,282.296875,3762.5
1785218132.2616725,15,283.9375,3783.25
1785218132.2616725,15,285.59375,3796.25
1785218132.2616725,15,287.203125,3820.0
1785218132.2616725,15,290.515625,3603.25
1785218132.2616725,15,295.484375,3241.5
1785218132.2616725,15,297.140625,3289.0
1785218132.2616725,15,298.796875,3343.0
1785218132.2616725,15,300.4375,3385.25
1785218132.2616725,15,302.09375,3434.0
1785218132.2616725,15,303.71875,3497.0
1785218132.2616725,15,305.375,3575.0
1785218132.2616725,10,315.203125,3716.75
1785218132.2616725,13,316.859375,3690.0
1785218132.2616725,15,318.53125,3678.75
1785218132.2616725,15,320.140625,3664.75
1785218132.2616725,10,321.8125,3626.5
1785218132.2616725,15,323.5,3612.5
1785218132.2616725,15,325.140625,3625.5
1785218132.2616725,8,326.8125,3605.5
1785218132.2616725,10,328.453125,3581.25
1785218132.2616725,15,330.109375,3583.0
1785218132.2616725,15,331.75,3600.5
1785218132.2616725,15,333.390625,3616.0
1785218132.2616725,15,335.03125,3629.25
1785218132.2616725,15,336.6875,3652.25
1785218132.2616725,15,339.96875,3682.5
1785218132.2616725,15,341.640625,3685.75
1785218132.2616725,15,343.265625,3695.25
1785218132.2616725,9,344.90625,3736.5
1785218132.2616725,8,346.53125,3794.75
1785218132.2616725,15,348.1875,3860.0
1785218132.2616725,15,349.8125,3906.0
1785218132.4870265,15,351.40625,3942.0
1785218132.4870265,14,353.0625,3976.75
1785218132.4870265,14,354.703125,4023.75
1785218132.4870265,15,356.34375,4080.25
1785218132.4870265,15,357.984375,4124.5
1785218132.4870265,15,359.625,4172.5
1785218132.4870265,15,1.28125,4216.25
1785218132.4870265,9,2.921875,4268.0
1785218132.4870265,10,4.5625,4322.5
1785218132.4870265,13,6.1875,4377.5
1785218132.4870265,15,7.84375,4448.25
1785218132.4870265,10,9.484375,4539.5
1785218132.4870265,15,11.046875,4652.25
1785218132.4870265,15,12.671875,4738.75
1785218132.4870265,15,231.28125,3467.5
1785218132.4870265,15,232.9375,3400.5
1785218132.4870265,15,237.828125,3890.25
1785218132.4870265,15,239.484375,3821.0
1785218132.4870265,15,241.125,3765.25
1785218132.4870265,15,242.78125,3700.75
1785218132.4870265,15,244.421875,3626.25
1785218132.4870265,15,246.0625,3569.75
1785218132.4870265,15,247.703125,3524.75
1785218132.4870265,15,249.359375,3474.5
1785218132.4870265,15,251.0,3421.0
1785218132.4870265,15,252.640625,3436.75
1785218132.4870265,15,254.296875,3494.5
1785218132.4870265,15,255.921875,3476.5
1785218132.4870265,15,259.1875,3721.5
1785218132.4870265,15,260.828125,3755.0
1785218132.4870265,15,262.453125,3736.5
1785218132.4870265,15,264.109375,3722.0
1785218132.4870265,15,265.75,3703.25
1785218132.4870265,15,267.40625,3685.0
1785218132.4870265,15,269.046875,3675.25
1785218132.4870265,15,270.671875,3674.25
1785218132.4870265,15,272.34375,3678.5
1785218132.4870265,15,273.953125,3695.25
1785218132.4870265,15,275.5625,3706.25
1785218132.4870265,15,277.203125,3711.25
1785218132.4870265,15,278.84375,3723.0
1785218132.4870265,15,280.484375,3745.0
1785218132.4870265,15,282.125,3765.75
1785218132.4870265,15,283.75,3775.75
1785218132.4870265,15,285.40625,3786.0
1785218132.4870265,15,287.03125,3808.25
1785218132.4870265,15,290.359375,3609.5
1785218132.4870265,15,291.984375,3515.5
1785218132.4870265,15,295.296875,3229.75
1785218132.4870265,15,296.9375,3281.0
1785218132.4870265,15,298.703125,3337.0
1785218132.4870265,15,300.359375,3376.0
1785218132.4870265,15,301.984375,3430.75
1785218132.4870265,15,303.625,3493.5
1785218132.4870265,15,305.25,3571.0
1785218132.4870265,15,306.90625,3652.25
1785218132.4870265,13,315.140625,3693.0
1785218132.4870265,15,316.765625,3693.5
1785218132.4870265,15,318.4375,3680.5
1785218132.4870265,15,320.09375,3666.75
1785218132.4870265,11,321.75,3625.5
1785218132.4870265,15,323.40625,3605.25
1785218132.4870265,13,325.0625,3619.0
1785218132.4870265,12,326.734375,3603.5
1785218132.4870265,8,328.34375,3580.5
1785218132.4870265,9,330.0,3583.0
1785218132.4870265,8,331.671875,3593.5
1785218132.4870265,15,333.296875,3605.5
1785218132.4870265,15,334.953125,3624.25
1785218132.4870265,15,336.609375,3649.0
1785218132.4870265,10,338.25,3674.25
1785218132.4870265,15,339.90625,3674.75
1785218132.4870265,15,341.546875,3674.0
1785218132.4870265,15,343.203125,3679.75
1785218132.4870265,13,344.828125,3715.5
1785218132.4870265,12,346.4375,3791.0
1785218132.4870265,14,348.078125,3858.75
1785218132.4870265,15,349.71875,3906.75
1785218132.7099128,15,351.265625,3944.0
1785218132.7099128,14,352.890625,3967.0
1785218132.7099128,15,354.515625,4010.5
1785218132.7099128,15,356.1875,4073.0
1785218132.7099128,15,357.8125,4119.25
1785218132.7099128,15,359.46875,4167.75
1785218132.7099128,15,1.09375,4208.5
1785218132.7099128,12,2.75,4260.75
1785218132.7099128,15,4.40625,4323.25
1785218132.7099128,15,6.015625,4380.0
1785218132.7099128,11,7.65625,4435.25
1785218132.7099128,8,9.3125,4520.0
1785218132.7099128,15,10.90625,4646.75
1785218132.7099128,15,12.546875,4739.25
1785218132.7099128,7,183.125,10121.0
1785218132.7099128,10,224.40625,5008.0
1785218132.7099128,15,226.046875,4869.75
1785218132.7099128,15,227.65625,4744.25
1785218132.7099128,15,232.703125,3397.75
1785218132.7099128,15,237.5625,3901.5
1785218132.7099128,15,239.21875,3831.25
1785218132.7099128,15,240.84375,3768.75
1785218132.7099128,15,242.515625,3714.75
1785218132.7099128,15,244.15625,3640.5
1785218132.7099128,15,245.78125,3580.5
1785218132.7099128,15,247.4375,3534.25
1785218132.7099128,15,249.078125,3476.75
1785218132.7099128,15,250.734375,3426.5
1785218132.7099128,15,252.375,3435.5
1785218132.7099128,15,254.015625,3485.75
1785218132.7099128,15,255.65625,3489.0
1785218132.7099128,15,260.5625,3762.75
1785218132.7099128,15,262.1875,3745.25
1785218132.7099128,15,263.828125,3728.25
1785218132.7099128,15,265.5,3707.75
1785218132.7099128,15,267.109375,3688.25
1785218132.7099128,15,268.765625,3678.0
1785218132.7099128,15,270.40625,3669.75
1785218132.7099128,15,272.046875,3675.5
1785218132.7099128,15,273.6875,3677.25
1785218132.7099128,15,275.296875,3681.25
1785218132.7099128,15,276.953125,3702.5
1785218132.7099128,15,278.578125,3717.0
1785218132.7099128,15,280.21875,3738.75
1785218132.7099128,15,281.875,3752.75
1785218132.7099128,15,283.5,3767.75
1785218132.7099128,15,285.140625,3789.0
1785218132.7099128,15,286.78125,3801.0
1785218132.7099128,15,288.4375,3765.25
1785218132.7099128,15,291.734375,3543.75
1785218132.7099128,15,295.03125,3263.0
1785218132.7099128,15,296.6875,3282.5
1785218132.7099128,15,298.296875,3331.5
1785218132.7099128,15,300.03125,3378.75
1785218132.7099128,15,301.6875,3431.5
1785218132.7099128,15,303.3125,3491.5
1785218132.7099128,15,304.96875,3554.5
1785218132.7099128,15,306.609375,3631.0
1785218132.7099128,15,314.8125,3696.5
1785218132.7099128,12,316.46875,3699.25
1785218132.7099128,15,318.125,3677.75
1785218132.7099128,15,319.765625,3665.5
1785218132.7099128,9,321.421875,3629.5
1785218132.7099128,13,323.078125,3597.5
1785218132.7099128,14,324.75,3605.5
1785218132.7099128,10,326.359375,3598.75
1785218132.7099128,10,328.03125,3576.5
1785218132.7099128,9,329.65625,3578.75
1785218132.7099128,8,331.3125,3590.75
1785218132.7099128,8,332.96875,3610.0
1785218132.7099128,15,334.609375,3631.5
1785218132.7099128,9,336.25,3649.25
1785218132.7099128,15,337.890625,3665.0
1785218132.7099128,13,339.546875,3656.0
1785218132.7099128,15,341.1875,3661.75
1785218132.7099128,14,342.828125,3661.0
1785218132.7099128,15,344.453125,3696.0
1785218132.7099128,7,346.109375,3770.0
1785218132.7099128,15,347.75,3820.0
1785218132.7099128,15,349.390625,3885.5
1785218132.9350016,15,351.046875,3938.25
1785218132.9350016,15,352.6875,3968.5
1785218132.9350016,10,354.34375,4007.75
1785218132.9350016,15,355.96875,4062.75
1785218132.9350016,15,357.625,4108.25
1785218132.9350016,15,359.265625,4154.75
1785218132.9350016,15,0.921875,4202.75
1785218132.9350016,11,2.5625,4261.5
1785218132.9350016,14,4.203125,4326.25
1785218132.9350016,15,5.84375,4383.75
1785218132.9350016,10,7.5,4434.75
1785218132.9350016,11,9.125,4510.5
1785218132.9350016,15,10.734375,4632.0
1785218132.9350016,15,12.390625,4723.0
1785218132.9350016,10,14.046875,4805.25
1785218132.9350016,15,224.421875,5008.0
1785218132.9350016,15,226.0625,4866.5
1785218132.9350016,15,227.71875,4741.25
1785218132.9350016,15,232.734375,3397.25
1785218132.9350016,15,237.609375,3904.25
1785218132.9350016,15,239.28125,3832.5
1785218132.9350016,15,240.90625,3766.75
1785218132.9350016,15,242.578125,3712.0
1785218132.9350016,15,244.21875,3638.25
1785218132.9350016,15,245.875,3574.75
1785218132.9350016,15,247.515625,3535.75
1785218132.9350016,15,249.15625,3483.5
1785218132.9350016,15,250.859375,3427.5
1785218132.9350016,15,252.5,3450.25
1785218132.9350016,15,254.140625,3502.25
1785218132.9350016,15,255.796875,3488.5
1785218132.9350016,15,260.6875,3764.0
1785218132.9350016,15,262.359375,3743.75
1785218132.9350016,15,263.984375,3726.5
1785218132.9350016,15,265.625,3707.5
1785218132.9350016,15,267.296875,3687.25
1785218132.9350016,15,268.953125,3673.75
1785218132.9350016,15,270.59375,3687.75
1785218132.9350016,15,272.234375,3700.0
1785218132.9350016,15,273.875,3688.0
1785218132.9350016,15,275.484375,3694.0
1785218132.9350016,15,277.125,3707.0
1785218132.9350016,15,278.75,3718.0
1785218132.9350016,15,280.390625,3744.5
1785218132.9350016,15,282.0625,3765.25
1785218132.9350016,15,283.6875,3775.75
1785218132.9350016,15,285.3125,3787.75
1785218132.9350016,15,286.953125,3811.25
1785218132.9350016,15,291.921875,3523.25
1785218132.9350016,15,295.234375,3229.5
1785218132.9350016,15,296.859375,3280.5
1785218132.9350016,15,298.578125,3335.25
1785218132.9350016,15,300.21875,3376.25
1785218132.9350016,15,301.859375,3432.75
1785218132.9350016,15,303.484375,3492.0
1785218132.9350016,15,305.125,3559.5
1785218132.9350016,15,306.78125,3645.0
1785218132.9350016,12,314.984375,3694.0
1785218132.9350016,14,316.625,3688.5
1785218132.9350016,15,318.28125,3675.5
1785218132.9350016,15,319.9375,3665.5
1785218132.9350016,13,321.609375,3631.25
1785218132.9350016,15,323.25,3613.75
1785218132.9350016,7,324.921875,3616.0
1785218132.9350016,9,326.5625,3594.5
1785218132.9350016,11,328.203125,3581.25
1785218132.9350016,7,329.859375,3588.25
1785218132.9350016,15,331.515625,3606.25
1785218132.9350016,15,333.171875,3616.5
1785218132.9350016,15,334.8125,3629.25
1785218132.9350016,15,336.453125,3652.25
1785218132.9350016,12,338.09375,3669.0
1785218132.9350016,15,339.75,3683.5
1785218132.9350016,15,341.390625,3689.25
1785218132.9350016,15,343.03125,3693.25
1785218132.9350016,15,344.671875,3743.75
1785218132.9350016,13,346.3125,3806.0
1785218132.9350016,15,347.984375,3850.25
1785218132.9350016,15,349.625,3903.5
1785218133.1584406,15,351.5625,3944.5
1785218133.1584406,9,353.203125,3982.5
1785218133.1584406,14,354.859375,4027.5
1785218133.1584406,15,356.5,4081.5
1785218133.1584406,15,358.140625,4126.0
1785218133.1584406,15,359.765625,4177.75
1785218133.1584406,15,1.4375,4222.75
1785218133.1584406,9,3.0625,4280.25
1785218133.1584406,15,4.703125,4331.0
1785218133.1584406,15,6.375,4377.0
1785218133.1584406,13,8.0,4455.5
1785218133.1584406,9,9.640625,4554.75
1785218133.1584406,15,11.234375,4668.75
1785218133.1584406,15,12.84375,4748.25
1785218133.1584406,15,200.109375,10317.75
1785218133.1584406,15,216.5625,5962.5
1785218133.1584406,15,221.53125,5311.5
1785218133.1584406,15,228.15625,4701.5
1785218133.1584406,15,233.21875,3391.75
1785218133.1584406,15,238.078125,3885.5
1785218133.1584406,15,239.71875,3809.25
1785218133.1584406,15,241.359375,3747.0
1785218133.1584406,15,243.03125,3693.25
1785218133.1584406,15,244.65625,3617.75
1785218133.1584406,15,246.328125,3552.75
1785218133.1584406,15,247.96875,3513.75
1785218133.1584406,15,249.59375,3468.75
1785218133.1584406,15,251.265625,3414.25
1785218133.1584406,15,254.546875,3512.5
1785218133.1584406,15,256.171875,3481.5
1785218133.1584406,15,259.4375,3760.25
1785218133.1584406,15,261.078125,3757.0
1785218133.1584406,15,262.71875,3736.75
1785218133.1584406,15,264.359375,3727.25
1785218133.1584406,15,265.984375,3711.0
1785218133.1584406,15,267.640625,3693.5
1785218133.1584406,15,269.28125,3678.0
1785218133.1584406,15,270.9375,3676.75
1785218133.1584406,15,272.578125,3674.25
1785218133.1584406,15,274.203125,3681.75
1785218133.1584406,15,275.796875,3699.75
1785218133.1584406,15,277.453125,3706.5
1785218133.1584406,15,279.09375,3723.5
1785218133.1584406,15,280.734375,3743.0
1785218133.1584406,15,282.375,3764.0
1785218133.1584406,15,284.0,3778.25
1785218133.1584406,15,285.609375,3795.25
1785218133.1584406,15,287.265625,3822.5
1785218133.1584406,15,295.515625,3242.25
1785218133.1584406,15,297.171875,3290.25
1785218133.1584406,15,298.875,3344.75
1785218133.1584406,15,300.53125,3386.25
1785218133.1584406,15,302.15625,3433.25
1785218133.1584406,15,303.78125,3497.5
1785218133.1584406,15,305.4375,3581.25
1785218133.1584406,14,315.296875,3665.25
1785218133.1584406,11,316.9375,3690.25
1785218133.1584406,15,318.578125,3674.5
1785218133.1584406,15,320.25,3660.0
1785218133.1584406,11,321.890625,3624.75
1785218133.1584406,13,323.609375,3613.25
1785218133.1584406,15,325.234375,3618.25
1785218133.1584406,8,326.890625,3598.75
1785218133.1584406,9,328.546875,3583.5
1785218133.1584406,8,330.203125,3587.5
1785218133.1584406,9,331.84375,3603.0
1785218133.1584406,15,333.515625,3617.5
1785218133.1584406,15,335.140625,3631.25
1785218133.1584406,15,336.8125,3648.75
1785218133.1584406,9,338.453125,3666.5
1785218133.1584406,15,340.09375,3680.0
1785218133.1584406,15,341.75,3684.5
1785218133.1584406,15,343.390625,3667.0
1785218133.1584406,15,345.03125,3711.75
1785218133.1584406,9,346.640625,3797.5
1785218133.1584406,15,348.28125,3857.0
1785218133.1584406,15,349.90625,3906.75
1785218133.3814049,15,351.515625,3942.75
1785218133.3814049,9,353.15625,3982.75
1785218133.3814049,12,354.8125,4026.25
1785218133.3814049,15,356.4375,4078.5
1785218133.3814049,15,358.0625,4124.25
1785218133.3814049,15,359.71875,4176.25
1785218133.3814049,15,1.359375,4220.0
1785218133.3814049,10,3.015625,4277.5
1785218133.3814049,15,4.640625,4334.0
1785218133.3814049,15,6.265625,4379.75
1785218133.3814049,15,7.90625,4449.25
1785218133.3814049,15,11.15625,4673.75
1785218133.3814049,15,12.796875,4738.5
1785218133.3814049,15,221.53125,5338.0
1785218133.3814049,15,233.09375,3403.75
1785218133.3814049,15,237.953125,3886.25
1785218133.3814049,15,239.59375,3812.75
1785218133.3814049,15,241.25,3752.75
1785218133.3814049,15,242.890625,3697.25
1785218133.3814049,15,244.546875,3625.5
1785218133.3814049,15,246.203125,3568.25
1785218133.3814049,15,247.828125,3523.75
1785218133.3814049,15,249.46875,3472.75
1785218133.3814049,15,251.125,3420.25
1785218133.3814049,15,254.40625,3526.75
1785218133.3814049,15,256.0625,3490.5
1785218133.3814049,15,259.3125,3744.0
1785218133.3814049,15,260.953125,3756.0
1785218133.3814049,15,262.609375,3738.5
1785218133.3814049,15,264.21875,3729.0
1785218133.3814049,15,265.859375,3709.0
1785218133.3814049,15,267.53125,3683.75
1785218133.3814049,15,269.140625,3675.25
1785218133.3814049,15,270.796875,3678.5
1785218133.3814049,15,272.4375,3683.0
1785218133.3814049,15,274.0625,3677.75
1785218133.3814049,15,275.625,3687.0
1785218133.3814049,15,277.234375,3711.25
1785218133.3814049,15,278.875,3724.25
1785218133.3814049,15,280.5,3744.0
1785218133.3814049,15,282.140625,3763.75
1785218133.3814049,15,283.765625,3774.75
1785218133.3814049,15,285.40625,3789.5
1785218133.3814049,15,287.015625,3813.0
1785218133.3814049,15,290.328125,3611.0
1785218133.3814049,15,291.96875,3513.5
1785218133.3814049,15,295.265625,3253.75
1785218133.3814049,15,296.890625,3303.0
1785218133.3814049,15,298.75,3338.0
1785218133.3814049,15,300.421875,3383.5
1785218133.3814049,15,302.0625,3439.0
1785218133.3814049,15,303.6875,3498.75
1785218133.3814049,15,305.328125,3573.5
1785218133.3814049,9,311.9375,3614.5
1785218133.3814049,11,313.578125,3568.0
1785218133.3814049,15,315.265625,3518.25
1785218133.3814049,15,316.90625,3503.5
1785218133.3814049,6,318.546875,3471.5
1785218133.3814049,15,320.203125,3457.25
1785218133.3814049,15,321.859375,3470.0
1785218133.3814049,15,323.46875,3472.0
1785218133.3814049,15,325.109375,3468.25
1785218133.3814049,15,326.75,3472.5
1785218133.3814049,15,328.40625,3490.75
1785218133.3814049,15,330.046875,3507.5
1785218133.3814049,15,331.6875,3522.75
1785218133.3814049,10,333.359375,3545.0
1785218133.3814049,8,334.984375,3563.25
1785218133.3814049,8,336.625,3578.75
1785218133.3814049,15,338.28125,3607.25
1785218133.3814049,11,339.921875,3644.25
1785218133.3814049,15,341.578125,3672.0
1785218133.3814049,15,343.234375,3674.5
1785218133.3814049,15,346.390625,3820.5
1785218133.3814049,15,348.046875,3855.0
1785218133.3814049,15,349.671875,3929.25
1785218133.6075752,15,350.796875,3574.5
1785218133.6075752,15,354.03125,3807.0
1785218133.6075752,15,355.6875,3875.0
1785218133.6075752,13,357.296875,3931.25
1785218133.6075752,9,358.953125,3992.0
1785218133.6075752,13,0.578125,4057.25
1785218133.6075752,15,2.234375,4086.75
1785218133.6075752,15,3.875,4118.25
1785218133.6075752,11,5.5,4189.75
1785218133.6075752,15,8.78125,4406.5
1785218133.6075752,12,10.375,4479.0
1785218133.6075752,12,11.984375,4580.25
1785218133.6075752,15,13.625,4684.75
1785218133.6075752,15,221.609375,5386.0
1785218133.6075752,15,224.90625,5071.75
1785218133.6075752,15,228.15625,4761.75
1785218133.6075752,15,233.1875,3451.75
1785218133.6075752,15,234.8125,3471.25
1785218133.6075752,15,238.046875,3949.25
1785218133.6075752,15,239.671875,3876.75
1785218133.6075752,15,241.34375,3811.0
1785218133.6075752,15,242.96875,3758.0
1785218133.6075752,15,244.609375,3691.0
1785218133.6075752,15,246.25,3621.0
1785218133.6075752,15,247.890625,3576.25
1785218133.6075752,15,249.546875,3546.75
1785218133.6075752,15,251.234375,3504.75
1785218133.6075752,15,252.875,3512.0
1785218133.6075752,15,254.515625,3552.25
1785218133.6075752,15,256.140625,3546.75
1785218133.6075752,15,259.40625,3783.25
1785218133.6075752,15,261.03125,3805.0
1785218133.6075752,15,262.703125,3795.5
1785218133.6075752,15,264.34375,3795.0
1785218133.6075752,15,265.96875,3784.25
1785218133.6075752,15,267.609375,3775.75
1785218133.6075752,15,269.234375,3773.5
1785218133.6075752,15,270.890625,3778.75
1785218133.6075752,15,272.53125,3773.5
1785218133.6075752,15,274.1875,3756.75
1785218133.6075752,15,275.828125,3773.75
1785218133.6075752,15,277.453125,3790.0
1785218133.6075752,15,279.078125,3791.75
1785218133.6075752,15,280.71875,3799.5
1785218133.6075752,15,282.375,3813.25
1785218133.6075752,15,284.0,3834.25
1785218133.6075752,15,285.625,3864.0
1785218133.6075752,15,287.28125,3897.75
1785218133.6075752,15,290.578125,3673.75
1785218133.6075752,15,295.53125,3328.25
1785218133.6075752,15,297.15625,3371.25
1785218133.6075752,15,298.875,3411.0
1785218133.6075752,15,300.515625,3470.0
1785218133.6075752,15,302.15625,3524.25
1785218133.6075752,15,305.421875,3687.75
1785218133.6075752,8,313.640625,3728.25
1785218133.6075752,10,315.296875,3713.25
1785218133.6075752,14,316.9375,3680.25
1785218133.6075752,15,318.578125,3671.25
1785218133.6075752,6,320.234375,3623.5
1785218133.6075752,11,321.890625,3578.5
1785218133.6075752,8,323.53125,3571.25
1785218133.6075752,14,325.171875,3555.75
1785218133.6075752,13,326.8125,3534.0
1785218133.6075752,15,328.453125,3529.0
1785218133.6075752,15,330.09375,3523.5
1785218133.6075752,15,331.75,3510.5
1785218133.6075752,15,333.390625,3517.25
1785218133.6075752,15,335.046875,3521.5
1785218133.6075752,15,336.6875,3518.25
1785218133.6075752,15,338.34375,3522.5
1785218133.6075752,12,339.96875,3530.0
1785218133.6075752,11,341.625,3547.5
1785218133.6075752,9,343.265625,3564.5
1785218133.6075752,15,344.890625,3578.25
1785218133.6075752,15,346.578125,3582.75
1785218133.6075752,15,348.21875,3570.25
1785218133.71934,10,351.484375,3779.75
1785218133.71934,15,353.125,3843.75
1785218133.71934,15,354.75,3898.75
1785218133.71934,15,356.390625,3937.5
1785218133.71934,15,358.046875,3968.25
1785218133.71934,9,359.6875,4002.25
1785218133.71934,8,1.328125,4040.0
1785218133.71934,8,2.96875,4057.75
1785218133.71934,15,4.640625,4091.75
1785218133.71934,11,6.265625,4147.5
1785218133.71934,14,9.53125,4361.5
1785218133.71934,14,11.140625,4440.25
1785218133.71934,10,12.75,4542.25
1785218133.71934,15,217.65625,5952.0
1785218133.71934,15,224.25,5145.5
1785218133.71934,15,234.203125,3453.5
1785218133.71934,15,239.09375,3948.25
1785218133.71934,15,240.71875,3890.25
1785218133.71934,15,242.390625,3826.75
1785218133.71934,15,244.015625,3767.75
1785218133.71934,15,245.671875,3703.5
1785218133.71934,15,247.3125,3652.0
1785218133.71934,15,248.96875,3603.25
1785218133.71934,15,250.625,3559.25
1785218133.71934,15,252.28125,3507.0
1785218133.71934,15,255.546875,3599.5
1785218133.71934,15,260.453125,3839.5
1785218133.71934,15,262.09375,3829.75
1785218133.71934,15,263.75,3806.0
1785218133.71934,15,265.390625,3801.25
1785218133.71934,15,267.046875,3803.5
1785218133.71934,15,268.671875,3805.0
1785218133.71934,15,270.328125,3801.25
1785218133.71934,15,271.953125,3796.25
1785218133.71934,15,273.59375,3799.0
1785218133.71934,15,275.21875,3804.0
1785218133.71934,15,276.84375,3809.5
1785218133.71934,15,278.5,3805.5
1785218133.71934,15,280.125,3815.0
1785218133.71934,15,281.765625,3832.0
1785218133.71934,15,283.40625,3853.5
1785218133.71934,15,285.015625,3892.25
1785218133.71934,15,286.671875,3922.5
1785218133.71934,15,291.625,3597.5
1785218133.71934,15,294.9375,3357.5
1785218133.71934,15,296.5625,3393.75
1785218133.71934,15,298.1875,3441.0
1785218133.71934,15,299.9375,3496.75
1785218133.71934,15,301.578125,3565.25
1785218133.71934,15,303.21875,3640.5
1785218133.71934,15,304.84375,3701.0
1785218133.71934,10,313.109375,3702.75
1785218133.71934,10,314.75,3673.75
1785218133.71934,15,316.390625,3654.5
1785218133.71934,14,318.046875,3625.75
1785218133.71934,10,319.6875,3607.0
1785218133.71934,7,321.359375,3584.0
1785218133.71934,8,323.015625,3562.0
1785218133.71934,12,324.6875,3548.25
1785218133.71934,9,326.328125,3555.25
1785218133.71934,15,327.96875,3559.5
1785218133.71934,14,329.609375,3536.0
1785218133.71934,11,331.265625,3543.0
1785218133.71934,8,332.921875,3565.75
1785218133.71934,6,334.546875,3574.25
1785218133.71934,10,336.203125,3579.0
1785218133.71934,15,337.84375,3598.5
1785218133.71934,15,339.484375,3627.25
1785218133.71934,6,341.125,3646.25
1785218133.71934,10,342.796875,3645.25
1785218133.71934,12,344.421875,3618.5
1785218133.71934,15,346.078125,3599.0
1785218133.71934,15,349.328125,3866.25
1785218133.9449666,15,350.859375,3520.75
1785218133.9449666,13,354.140625,3731.0
1785218133.9449666,9,355.78125,3768.5
1785218133.9449666,9,357.453125,3792.25
1785218133.9449666,9,359.09375,3803.5
1785218133.9449666,15,0.75,3824.75
1785218133.9449666,15,2.375,3863.0
1785218133.9449666,15,4.015625,3909.75
1785218133.9449666,15,5.65625,3961.75
1785218133.9449666,12,7.3125,4011.0
1785218133.9449666,15,8.96875,4080.25
1785218133.9449666,15,10.5,4141.25
1785218133.9449666,13,12.15625,4187.25
1785218133.9449666,15,228.921875,4873.0
1785218133.9449666,15,233.953125,3570.5
1785218133.9449666,15,235.578125,3553.0
1785218133.9449666,15,238.828125,4042.5
1785218133.9449666,15,240.453125,3960.5
1785218133.9449666,15,242.109375,3916.0
1785218133.9449666,15,243.78125,3856.5
1785218133.9449666,15,245.4375,3787.25
1785218133.9449666,15,247.0625,3755.0
1785218133.9449666,15,248.703125,3716.25
1785218133.9449666,15,250.421875,3650.75
1785218133.9449666,15,252.046875,3588.5
1785218133.9449666,15,255.328125,3703.75
1785218133.9449666,15,256.9375,3705.5
1785218133.9449666,15,260.21875,3954.25
1785218133.9449666,15,261.859375,3916.5
1785218133.9449666,15,263.515625,3876.0
1785218133.9449666,15,265.171875,3857.5
1785218133.9449666,15,266.828125,3845.25
1785218133.9449666,15,268.46875,3841.0
1785218133.9449666,15,270.109375,3852.5
1785218133.9449666,15,271.75,3852.0
1785218133.9449666,15,273.390625,3854.0
1785218133.9449666,15,275.015625,3854.0
1785218133.9449666,15,276.671875,3845.75
1785218133.9449666,15,278.296875,3853.75
1785218133.9449666,15,279.953125,3894.5
1785218133.9449666,15,281.59375,3923.25
1785218133.9449666,15,283.234375,3926.75
1785218133.9449666,15,284.875,3937.0
1785218133.9449666,15,286.5,3957.75
1785218133.9449666,15,289.8125,3792.75
1785218133.9449666,15,294.765625,3415.75
1785218133.9449666,15,296.421875,3477.25
1785218133.9449666,15,298.0625,3529.5
1785218133.9449666,15,299.828125,3584.0
1785218133.9449666,15,301.453125,3653.25
1785218133.9449666,15,303.09375,3723.5
1785218133.9449666,15,304.75,3779.75
1785218133.9449666,7,311.328125,3794.5
1785218133.9449666,11,313.0,3748.75
1785218133.9449666,12,314.65625,3694.0
1785218133.9449666,15,317.953125,3668.75
1785218133.9449666,15,319.609375,3662.75
1785218133.9449666,15,321.25,3656.0
1785218133.9449666,15,322.9375,3643.25
1785218133.9449666,15,324.578125,3639.0
1785218133.9449666,9,326.234375,3613.5
1785218133.9449666,15,327.90625,3600.0
1785218133.9449666,14,329.53125,3611.0
1785218133.9449666,15,331.203125,3619.5
1785218133.9449666,15,332.859375,3642.75
1785218133.9449666,15,334.515625,3639.25
1785218133.9449666,15,336.171875,3640.0
1785218133.9449666,15,337.8125,3640.0
1785218133.9449666,15,339.46875,3634.5
1785218133.9449666,15,341.109375,3644.75
1785218133.9449666,9,342.78125,3626.0
1785218133.9449666,15,344.421875,3599.25
1785218133.9449666,15,346.0625,3595.25
1785218133.9449666,15,347.625,3568.0
1785218133.9449666,15,349.265625,3549.5
1785218134.1670732,11,354.234375,3771.75
1785218134.1670732,10,355.875,3804.5
1785218134.1670732,11,357.53125,3809.5
1785218134.1670732,14,359.1875,3829.0
1785218134.1670732,15,0.8125,3867.25
1785218134.1670732,15,2.453125,3898.75
1785218134.1670732,15,4.109375,3934.5
1785218134.1670732,12,5.75,3985.0
1785218134.1670732,15,7.375,4056.0
1785218134.1670732,15,9.03125,4097.0
1785218134.1670732,15,10.609375,4121.25
1785218134.1670732,12,12.234375,4159.75
1785218134.1670732,8,197.828125,8468.0
1785218134.1670732,12,227.53125,5109.75
1785218134.1670732,15,230.859375,4816.5
1785218134.1670732,15,234.21875,3630.0
1785218134.1670732,15,235.875,3622.0
1785218134.1670732,15,237.515625,3632.5
1785218134.1670732,15,240.75,4039.75
1785218134.1670732,15,242.40625,3976.0
1785218134.1670732,15,244.03125,3930.0
1785218134.1670732,15,245.6875,3872.75
1785218134.1670732,15,247.328125,3809.0
1785218134.1670732,15,248.984375,3769.0
1785218134.1670732,15,250.5625,3738.0
1785218134.1670732,15,252.21875,3696.25
1785218134.1670732,15,253.859375,3730.5
1785218134.1670732,15,255.484375,3763.0
1785218134.1670732,15,257.125,3729.25
1785218134.1670732,15,260.375,3979.75
1785218134.1670732,15,262.03125,3966.0
1785218134.1670732,15,263.65625,3958.0
1785218134.1670732,15,265.296875,3960.25
1785218134.1670732,15,266.9375,3943.0
1785218134.1670732,15,268.5625,3915.25
1785218134.1670732,15,270.21875,3919.25
1785218134.1670732,15,271.84375,3949.0
1785218134.1670732,15,273.484375,3943.5
1785218134.1670732,15,275.125,3942.0
1785218134.1670732,15,276.765625,3954.5
1785218134.1670732,15,278.390625,3958.75
1785218134.1670732,15,280.03125,3960.5
1785218134.1670732,15,281.640625,3988.75
1785218134.1670732,15,283.296875,4005.0
1785218134.1670732,15,284.921875,4031.5
1785218134.1670732,14,286.5625,4056.0
1785218134.1670732,15,289.859375,3797.75
1785218134.1670732,15,293.171875,3512.5
1785218134.1670732,15,294.828125,3522.5
1785218134.1670732,15,296.4375,3578.75
1785218134.1670732,15,298.0625,3627.5
1785218134.1670732,15,299.859375,3686.25
1785218134.1670732,15,301.515625,3737.5
1785218134.1670732,15,303.15625,3802.5
1785218134.1670732,12,309.734375,3868.75
1785218134.1670732,8,311.40625,3842.5
1785218134.1670732,15,314.703125,3662.25
1785218134.1670732,15,316.375,3641.5
1785218134.1670732,14,318.015625,3623.25
1785218134.1670732,5,319.671875,3588.5
1785218134.1670732,14,321.328125,3549.5
1785218134.1670732,15,323.015625,3525.75
1785218134.1670732,14,324.65625,3504.75
1785218134.1670732,15,326.328125,3483.5
1785218134.1670732,15,327.96875,3485.0
1785218134.1670732,15,329.640625,3480.75
1785218134.1670732,15,331.28125,3460.25
1785218134.1670732,15,332.953125,3407.5
1785218134.1670732,15,334.59375,3395.25
1785218134.1670732,5,336.25,3414.5
1785218134.1670732,5,337.90625,3398.0
1785218134.1670732,6,339.5625,3406.25
1785218134.1670732,5,341.203125,3422.0
1785218134.1670732,15,342.84375,3458.0
1785218134.1670732,15,344.5,3479.0
1785218134.1670732,15,346.140625,3493.75
1785218134.1670732,15,347.71875,3531.5
1785218134.1670732,10,349.375,3509.75
1785218134.3924077,10,350.875,3480.25
1785218134.3924077,15,354.140625,3722.0
1785218134.3924077,11,355.765625,3766.75
1785218134.3924077,13,357.421875,3771.25
1785218134.3924077,9,359.0625,3783.75
1785218134.3924077,15,0.6875,3840.75
1785218134.3924077,15,2.328125,3885.25
1785218134.3924077,15,3.984375,3918.5
1785218134.3924077,14,5.640625,3984.75
1785218134.3924077,12,7.25,4047.0
1785218134.3924077,15,8.921875,4104.0
1785218134.3924077,15,10.515625,4150.25
1785218134.3924077,15,220.6875,5923.25
1785218134.3924077,15,223.984375,5520.75
1785218134.3924077,15,225.640625,5367.25
1785218134.3924077,15,230.546875,4918.5
1785218134.3924077,15,235.546875,3674.0
1785218134.3924077,15,237.1875,3687.0
1785218134.3924077,15,240.421875,4151.25
1785218134.3924077,15,242.09375,4075.5
1785218134.3924077,15,243.71875,4000.25
1785218134.3924077,15,245.375,3949.75
1785218134.3924077,15,247.0,3907.0
1785218134.3924077,15,248.65625,3856.25
1785218134.3924077,15,250.3125,3814.75
1785218134.3924077,15,251.90625,3774.5
1785218134.3924077,15,253.5625,3742.0
1785218134.3924077,15,255.1875,3773.5
1785218134.3924077,15,256.828125,3809.25
1785218134.3924077,15,260.09375,4006.0
1785218134.3924077,15,261.71875,4050.25
1785218134.3924077,15,263.375,4042.0
1785218134.3924077,15,265.015625,4031.0
1785218134.3924077,15,266.640625,4011.75
1785218134.3924077,15,268.28125,4009.75
1785218134.3924077,15,269.90625,4014.25
1785218134.3924077,15,271.578125,4016.5
1785218134.3924077,15,273.203125,4023.25
1785218134.3924077,15,274.84375,4017.5
1785218134.3924077,15,276.484375,4027.75
1785218134.3924077,15,278.125,4035.5
1785218134.3924077,15,279.75,4038.0
1785218134.3924077,15,281.390625,4063.25
1785218134.3924077,15,283.03125,4089.25
1785218134.3924077,15,284.6875,4119.0
1785218134.3924077,15,286.3125,4133.25
1785218134.3924077,15,289.625,3890.0
1785218134.3924077,15,292.9375,3571.0
1785218134.3924077,15,294.5625,3591.75
1785218134.3924077,15,296.203125,3649.25
1785218134.3924077,15,297.828125,3706.5
1785218134.3924077,15,299.546875,3762.5
1785218134.3924077,15,301.203125,3827.75
1785218134.3924077,15,302.828125,3891.5
1785218134.3924077,10,309.421875,3897.75
1785218134.3924077,5,311.0625,3825.25
1785218134.3924077,12,312.71875,3741.25
1785218134.3924077,15,314.375,3689.75
1785218134.3924077,15,316.015625,3670.0
1785218134.3924077,15,317.671875,3656.0
1785218134.3924077,15,319.296875,3627.75
1785218134.3924077,7,320.96875,3594.0
1785218134.3924077,8,322.625,3581.0
1785218134.3924077,8,324.265625,3570.25
1785218134.3924077,10,325.90625,3565.0
1785218134.3924077,14,327.5625,3552.0
1785218134.3924077,15,329.203125,3530.0
1785218134.3924077,14,330.859375,3514.5
1785218134.3924077,15,332.5,3511.0
1785218134.3924077,15,334.15625,3510.25
1785218134.3924077,15,335.796875,3507.0
1785218134.3924077,15,337.4375,3511.25
1785218134.3924077,15,339.078125,3520.5
1785218134.3924077,15,340.75,3525.25
1785218134.3924077,13,342.390625,3538.0
1785218134.3924077,8,344.015625,3558.5
1785218134.3924077,9,345.671875,3558.5
1785218134.3924077,15,347.328125,3564.5
1785218134.3924077,11,349.0,3536.75
1785218134.6166594,11,352.09375,3422.0
1785218134.6166594,13,10.140625,4030.75
1785218134.6166594,15,11.671875,4102.0
1785218134.6166594,15,221.734375,5904.75
1785218134.6166594,15,225.03125,5487.75
1785218134.6166594,15,226.6875,5341.75
1785218134.6166594,15,228.34375,5201.25
1785218134.6166594,15,229.96875,5066.25
1785218134.6166594,15,231.609375,4948.0
1785218134.6166594,15,236.65625,3715.25
1785218134.6166594,15,238.265625,3745.25
1785218134.6166594,15,241.546875,4184.0
1785218134.6166594,15,243.1875,4120.25
1785218134.6166594,15,244.828125,4047.75
1785218134.6166594,15,246.484375,3982.5
1785218134.6166594,15,248.125,3944.75
1785218134.6166594,15,249.765625,3908.25
1785218134.6166594,15,251.4375,3859.25
1785218134.6166594,15,253.0625,3814.25
1785218134.6166594,15,254.6875,3859.5
1785218134.6166594,15,256.359375,3911.0
1785218134.6166594,15,257.984375,3933.25
1785218134.6166594,15,261.265625,4150.5
1785218134.6166594,15,262.90625,4113.5
1785218134.6166594,15,264.546875,4096.75
1785218134.6166594,15,266.1875,4086.25
1785218134.6166594,15,267.828125,4074.75
1785218134.6166594,15,269.46875,4073.75
1785218134.6166594,15,271.109375,4081.75
1785218134.6166594,15,272.75,4082.75
1785218134.6166594,15,274.359375,4073.25
1785218134.6166594,15,276.015625,4089.25
1785218134.6166594,15,277.640625,4101.25
1785218134.6166594,15,279.265625,4102.25
1785218134.6166594,15,280.90625,4132.5
1785218134.6166594,15,282.5625,4160.25
1785218134.6166594,15,284.203125,4177.0
1785218134.6166594,15,285.828125,4220.75
1785218134.6166594,15,289.140625,3938.75
1785218134.6166594,15,292.421875,3655.25
1785218134.6166594,15,294.09375,3686.0
1785218134.6166594,15,295.703125,3725.75
1785218134.6166594,15,297.34375,3775.0
1785218134.6166594,15,299.03125,3841.5
1785218134.6166594,15,300.671875,3902.25
1785218134.6166594,15,302.296875,3949.0
1785218134.6166594,15,308.890625,3941.75
1785218134.6166594,6,310.515625,3855.75
1785218134.6166594,10,312.171875,3755.25
1785218134.6166594,10,313.828125,3692.75
1785218134.6166594,15,315.5,3665.75
1785218134.6166594,15,317.125,3613.25
1785218134.6166594,8,318.796875,3565.0
1785218134.6166594,14,320.4375,3549.75
1785218134.6166594,15,322.0625,3516.75
1785218134.6166594,15,323.796875,3487.0
1785218134.6166594,14,325.4375,3471.0
1785218134.6166594,15,327.078125,3451.0
1785218134.6166594,8,328.75,3423.75
1785218134.6166594,7,330.40625,3386.75
1785218134.6166594,6,332.0625,3366.75
1785218134.6166594,13,333.703125,3353.25
1785218134.6166594,15,335.34375,3344.75
1785218134.6166594,7,336.984375,3357.0
1785218134.6166594,9,350.15625,3411.75
1785218134.728171,15,221.515625,5951.75
1785218134.728171,15,226.546875,5399.75
1785218134.728171,15,236.53125,3757.0
1785218134.728171,15,241.4375,4223.0
1785218134.728171,15,243.0625,4166.0
1785218134.728171,15,244.71875,4110.25
1785218134.728171,15,246.359375,4038.75
1785218134.728171,15,248.015625,3971.25
1785218134.728171,15,249.65625,3932.0
1785218134.728171,15,251.296875,3900.5
1785218134.728171,15,252.953125,3867.0
1785218134.728171,15,254.5625,3913.0
1785218134.728171,15,256.21875,3949.0
1785218134.728171,15,257.859375,3965.0
1785218134.728171,15,261.125,4178.75
1785218134.728171,15,262.75,4171.75
1785218134.728171,15,264.40625,4144.75
1785218134.728171,15,266.046875,4132.25
1785218134.728171,15,267.6875,4130.75
1785218134.728171,15,269.34375,4112.0
1785218134.728171,15,270.984375,4114.5
1785218134.728171,15,272.625,4103.25
1785218134.728171,15,274.265625,4103.75
1785218134.728171,15,275.90625,4119.75
1785218134.728171,15,277.546875,4121.5
1785218134.728171,15,279.1875,4156.75
1785218134.728171,15,280.84375,4178.0
1785218134.728171,15,282.46875,4191.25
1785218134.728171,15,284.125,4215.25
1785218134.728171,15,285.75,4235.5
1785218134.728171,15,289.0625,3987.25
1785218134.728171,15,292.390625,3678.0
1785218134.728171,15,294.0,3728.75
1785218134.728171,15,295.65625,3770.0
1785218134.728171,15,297.296875,3823.5
1785218134.728171,15,299.03125,3891.5
1785218134.728171,15,300.6875,3927.5
1785218134.728171,15,302.3125,3978.75
1785218134.728171,11,307.25,3971.0
1785218134.728171,9,308.921875,3891.75
1785218134.728171,15,312.21875,3724.25
1785218134.728171,12,313.875,3699.25
1785218134.728171,15,315.5625,3666.25
1785218134.728171,15,317.21875,3610.75
1785218134.728171,4,318.84375,3566.5
1785218134.728171,8,320.5,3553.0
1785218134.728171,10,322.171875,3534.75
1785218134.728171,15,323.84375,3533.5
1785218134.728171,15,325.484375,3532.0
1785218134.728171,15,327.15625,3516.0
1785218134.728171,6,328.8125,3458.0
1785218134.728171,15,330.46875,3438.75
1785218134.728171,15,332.140625,3447.25
1785218134.728171,15,333.78125,3445.25
1785218134.728171,15,335.421875,3469.0
1785218134.728171,15,337.09375,3471.25
1785218134.728171,15,338.71875,3464.5
1785218134.728171,15,340.375,3478.0
1785218134.728171,10,346.90625,3494.25
1785218134.728171,7,350.234375,3474.75
1785218134.953699,9,351.96875,3470.75
1785218134.953699,11,353.625,3463.25
1785218134.953699,15,218.640625,6509.25
1785218134.953699,15,221.9375,6014.25
1785218134.953699,8,226.890625,5442.5
1785218134.953699,15,236.875,3838.25
1785218134.953699,8,238.5,3856.0
1785218134.953699,15,241.765625,4288.5
1785218134.953699,15,243.40625,4218.5
1785218134.953699,15,245.046875,4172.25
1785218134.953699,15,246.6875,4111.0
1785218134.953699,15,248.375,4051.5
1785218134.953699,15,250.0,3996.25
1785218134.953699,15,251.640625,3966.25
1785218134.953699,15,253.28125,3934.5
1785218134.953699,15,254.90625,3963.75
1785218134.953699,15,256.578125,4008.75
1785218134.953699,15,258.1875,4041.75
1785218134.953699,15,261.484375,4234.0
1785218134.953699,15,263.109375,4242.25
1785218134.953699,15,264.765625,4237.25
1785218134.953699,15,266.421875,4223.75
1785218134.953699,15,268.046875,4228.5
1785218134.953699,15,269.6875,4225.5
1785218134.953699,15,271.328125,4203.0
1785218134.953699,15,272.984375,4190.25
1785218134.953699,15,274.5625,4199.75
1785218134.953699,15,276.203125,4213.5
1785218134.953699,15,277.84375,4228.0
1785218134.953699,15,279.46875,4243.75
1785218134.953699,15,281.109375,4265.75
1785218134.953699,15,282.75,4293.25
1785218134.953699,15,284.390625,4317.75
1785218134.953699,15,292.640625,3763.75
1785218134.953699,15,294.28125,3817.0
1785218134.953699,15,295.90625,3873.0
1785218134.953699,15,297.53125,3921.0
1785218134.953699,15,299.296875,3963.75
1785218134.953699,15,300.953125,4041.75
1785218134.953699,12,309.203125,3910.75
1785218134.953699,15,312.515625,3754.25
1785218134.953699,15,314.171875,3704.0
1785218134.953699,9,315.84375,3637.5
1785218134.953699,15,317.5,3583.5
1785218134.953699,9,319.125,3567.25
1785218134.953699,14,320.796875,3543.25
1785218134.953699,15,322.515625,3514.25
1785218134.953699,15,324.15625,3506.5
1785218134.953699,15,325.828125,3488.5
1785218134.953699,15,327.46875,3472.25
1785218134.953699,4,329.109375,3435.75
1785218134.953699,3,330.78125,3393.25
1785218134.953699,8,332.4375,3391.25
1785218134.953699,15,334.09375,3411.0
1785218134.953699,15,335.734375,3427.75
1785218135.1762419,11,350.703125,3500.75
1785218135.1762419,15,12.046875,4151.75
1785218135.1762419,15,219.046875,6571.5
1785218135.1762419,15,224.0,5889.5
1785218135.1762419,15,227.28125,5497.0
1785218135.1762419,15,228.953125,5365.25
1785218135.1762419,15,232.234375,5102.0
1785218135.1762419,15,237.25,3918.25
1785218135.1762419,15,238.890625,3912.75
1785218135.1762419,15,242.15625,4372.5
1785218135.1762419,15,243.8125,4306.75
1785218135.1762419,15,245.453125,4243.25
1785218135.1762419,15,247.09375,4184.0
1785218135.1762419,15,248.71875,4117.25
1785218135.1762419,15,250.421875,4071.75
1785218135.1762419,15,252.0625,4045.0
1785218135.1762419,15,253.703125,3992.75
1785218135.1762419,15,257.0,4079.25
1785218135.1762419,15,258.609375,4104.0
1785218135.1762419,15,261.921875,4331.5
1785218135.1762419,15,263.546875,4310.0
1785218135.1762419,15,265.21875,4298.25
1785218135.1762419,15,266.84375,4299.75
1785218135.1762419,15,268.484375,4303.25
1785218135.1762419,15,270.125,4299.25
1785218135.1762419,15,271.765625,4293.75
1785218135.1762419,15,273.4375,4289.25
1785218135.1762419,15,275.09375,4284.75
1785218135.1762419,15,276.71875,4296.0
1785218135.1762419,15,278.375,4324.0
1785218135.1762419,15,280.015625,4334.25
1785218135.1762419,15,281.640625,4352.0
1785218135.1762419,15,283.296875,4386.5
1785218135.1762419,15,284.9375,4410.5
1785218135.1762419,15,288.265625,4130.75
1785218135.1762419,15,291.578125,3822.25
1785218135.1762419,15,293.21875,3862.0
1785218135.1762419,15,294.84375,3916.5
1785218135.1762419,15,296.5,3956.5
1785218135.1762419,15,298.15625,4006.0
1785218135.1762419,9,299.84375,4068.25
1785218135.1762419,15,308.109375,3900.75
1785218135.1762419,13,309.75,3869.5
1785218135.1762419,8,311.421875,3824.0
1785218135.1762419,9,313.0625,3788.25
1785218135.1762419,8,316.375,3757.5
1785218135.1762419,13,318.0,3721.25
1785218135.1762419,15,319.671875,3718.75
1785218135.1762419,12,321.3125,3715.25
1785218135.1762419,12,322.9375,3694.75
1785218135.1762419,13,324.578125,3687.5
1785218135.1762419,14,326.234375,3690.5
1785218135.1762419,15,327.859375,3688.75
1785218135.1762419,15,329.515625,3681.25
1785218135.1762419,15,331.171875,3673.5
1785218135.1762419,15,332.796875,3665.75
1785218135.1762419,15,334.453125,3661.25
1785218135.1762419,15,336.09375,3655.75
1785218135.1762419,15,337.734375,3645.75
1785218135.1762419,15,339.390625,3639.75
1785218135.1762419,15,341.046875,3644.0
1785218135.1762419,12,342.703125,3619.25
1785218135.1762419,7,349.234375,3606.0
1785218135.4011085,14,353.6875,3509.75
1785218135.4011085,15,223.03125,6086.75
1785218135.4011085,13,231.3125,5255.25
1785218135.4011085,15,232.96875,5132.25
1785218135.4011085,15,237.96875,3951.5
1785218135.4011085,15,242.828125,4433.75
1785218135.4011085,15,244.5,4360.25
1785218135.4011085,15,246.125,4298.25
1785218135.4011085,15,247.765625,4243.0
1785218135.4011085,15,249.421875,4184.5
1785218135.4011085,15,251.09375,4136.0
1785218135.4011085,15,252.734375,4093.75
1785218135.4011085,15,254.390625,4047.0
1785218135.4011085,15,257.671875,4144.25
1785218135.4011085,15,260.9375,4385.5
1785218135.4011085,15,262.5625,4408.0
1785218135.4011085,15,264.21875,4388.75
1785218135.4011085,15,265.84375,4370.75
1785218135.4011085,15,267.5,4369.75
1785218135.4011085,15,269.140625,4373.0
1785218135.4011085,15,270.78125,4383.0
1785218135.4011085,15,272.421875,4377.25
1785218135.4011085,15,274.0625,4368.0
1785218135.4011085,15,275.625,4373.25
1785218135.4011085,15,277.25,4386.5
1785218135.4011085,15,278.90625,4402.75
1785218135.4011085,15,280.53125,4412.25
1785218135.4011085,15,282.1875,4426.25
1785218135.4011085,14,285.453125,4381.75
1785218135.4011085,15,287.109375,4264.5
1785218135.4011085,15,290.40625,3965.25
1785218135.4011085,15,292.046875,3917.25
1785218135.4011085,15,293.671875,3964.75
1785218135.4011085,11,298.65625,3945.5
1785218135.4011085,15,300.296875,3865.25
1785218135.4011085,7,301.921875,3808.5
1785218135.4011085,10,303.5625,3732.0
1785218135.4011085,11,305.21875,3676.0
1785218135.4011085,9,306.875,3659.5
1785218135.4011085,15,311.796875,3526.5
1785218135.4011085,15,313.4375,3519.0
1785218135.4011085,15,315.078125,3507.5
1785218135.4011085,15,316.71875,3480.5
1785218135.4011085,15,318.359375,3446.5
1785218135.4011085,15,320.015625,3421.0
1785218135.4011085,6,321.640625,3393.0
1785218135.4011085,14,323.328125,3358.0
1785218135.6253417,15,220.203125,6595.25
1785218135.6253417,15,221.828125,6403.0
1785218135.6253417,15,225.15625,5951.5
1785218135.6253417,15,230.140625,5447.75
1785218135.6253417,15,231.796875,5332.25
1785218135.6253417,15,233.453125,5191.0
1785218135.6253417,15,238.453125,4015.25
1785218135.6253417,8,240.09375,4051.0
1785218135.6253417,15,243.359375,4469.75
1785218135.6253417,15,245.015625,4419.25
1785218135.6253417,15,246.65625,4369.75
1785218135.6253417,15,248.3125,4308.5
1785218135.6253417,15,249.96875,4250.5
1785218135.6253417,15,251.578125,4208.75
1785218135.6253417,15,253.234375,4170.75
1785218135.6253417,15,254.859375,4136.5
1785218135.6253417,15,256.5,4174.5
1785218135.6253417,15,258.140625,4203.0
1785218135.6253417,15,261.421875,4488.25
1785218135.6253417,15,263.046875,4464.5
1785218135.6253417,15,264.6875,4465.75
1785218135.6253417,15,266.34375,4465.75
1785218135.6253417,15,268.0,4442.5
1785218135.6253417,15,269.625,4425.75
1785218135.6253417,15,271.265625,4431.0
1785218135.6253417,15,272.90625,4439.5
1785218135.6253417,15,274.4375,4442.5
1785218135.6253417,15,276.09375,4459.25
1785218135.6253417,15,277.71875,4480.75
1785218135.6253417,15,279.359375,4484.5
1785218135.6253417,15,281.0,4469.25
1785218135.6253417,15,282.625,4497.0
1785218135.6253417,15,284.25,4560.0
1785218135.6253417,15,287.546875,4284.75
1785218135.6253417,15,290.859375,3957.25
1785218135.6253417,15,292.484375,4002.75
1785218135.6253417,15,294.09375,4059.25
1785218135.6253417,11,295.734375,4108.5
1785218135.6253417,10,300.765625,3919.75
1785218135.6253417,9,302.4375,3908.75
1785218135.6253417,11,304.09375,3874.0
1785218135.6253417,10,305.71875,3805.5
1785218135.6253417,10,307.375,3724.75
1785218135.6253417,15,309.046875,3667.5
1785218135.6253417,15,310.671875,3641.5
1785218135.6253417,15,312.328125,3632.75
1785218135.6253417,14,313.96875,3626.75
1785218135.6253417,13,315.625,3598.25
1785218135.6253417,9,317.25,3567.25
1785218135.6253417,15,318.890625,3537.0
1785218135.6253417,14,320.546875,3497.0
1785218135.6253417,6,322.21875,3445.5
1785218135.6253417,15,323.890625,3424.75
1785218135.6253417,9,350.1875,3451.25
1785218135.73925,7,178.671875,10198.25
1785218135.73925,8,181.9375,10191.75
1785218135.73925,8,185.21875,10250.5
1785218135.73925,15,209.953125,8673.75
1785218135.73925,15,221.546875,6487.75
1785218135.73925,15,226.4375,5877.5
1785218135.73925,15,228.078125,5719.0
1785218135.73925,9,236.34375,4895.0
1785218135.73925,15,239.6875,4037.0
1785218135.73925,15,242.921875,4529.0
1785218135.73925,15,244.578125,4470.75
1785218135.73925,15,246.203125,4429.25
1785218135.73925,15,247.875,4381.5
1785218135.73925,15,249.515625,4296.0
1785218135.73925,15,251.171875,4236.75
1785218135.73925,15,252.796875,4204.75
1785218135.73925,15,254.453125,4163.0
1785218135.73925,15,256.09375,4204.25
1785218135.73925,15,257.734375,4252.5
1785218135.73925,15,260.96875,4451.75
1785218135.73925,15,262.609375,4494.25
1785218135.73925,15,264.265625,4488.25
1785218135.73925,15,265.921875,4482.0
1785218135.73925,15,267.546875,4472.5
1785218135.73925,15,269.1875,4473.0
1785218135.73925,15,270.828125,4476.0
1785218135.73925,15,272.46875,4462.75
1785218135.73925,15,274.109375,4467.0
1785218135.73925,15,275.703125,4484.5
1785218135.73925,15,277.34375,4488.75
1785218135.73925,15,278.984375,4493.75
1785218135.73925,15,280.625,4508.25
1785218135.73925,15,282.25,4543.75
1785218135.73925,15,283.890625,4580.75
1785218135.73925,15,287.1875,4372.25
1785218135.73925,15,290.484375,3979.75
1785218135.73925,15,292.109375,4041.75
1785218135.73925,15,293.765625,4090.75
1785218135.73925,7,300.4375,3909.5
1785218135.73925,9,302.109375,3868.0
1785218135.73925,8,308.703125,3636.25
1785218135.73925,12,310.328125,3603.0
1785218135.73925,10,311.984375,3616.25
1785218135.73925,8,313.65625,3589.75
1785218135.73925,15,315.296875,3555.75
1785218135.73925,13,316.9375,3520.5
1785218135.73925,14,318.5625,3492.5
1785218135.73925,14,320.25,3480.75
1785218135.73925,15,321.890625,3448.25
1785218135.73925,7,348.125,3468.5
1785218135.9619298,15,222.578125,6447.0
1785218135.9619298,15,227.5,5846.25
1785218135.9619298,15,230.78125,5525.0
1785218135.9619298,15,232.4375,5411.25
1785218135.9619298,15,234.078125,5289.5
1785218135.9619298,15,239.078125,4109.0
1785218135.9619298,11,240.71875,4127.5
1785218135.9619298,15,243.953125,4592.75
1785218135.9619298,15,245.609375,4500.25
1785218135.9619298,15,247.25,4439.5
1785218135.9619298,15,248.890625,4414.5
1785218135.9619298,15,250.625,4367.5
1785218135.9619298,15,252.265625,4285.25
1785218135.9619298,15,253.90625,4243.75
1785218135.9619298,15,255.5625,4267.75
1785218135.9619298,15,257.203125,4306.75
1785218135.9619298,15,260.46875,4519.25
1785218135.9619298,15,262.109375,4551.75
1785218135.9619298,15,263.75,4548.0
1785218135.9619298,15,265.390625,4534.0
1785218135.9619298,15,267.046875,4535.25
1785218135.9619298,15,268.703125,4541.25
1785218135.9619298,15,270.328125,4529.25
1785218135.9619298,15,271.96875,4523.25
1785218135.9619298,15,273.625,4522.5
1785218135.9619298,15,275.234375,4540.5
1785218135.9619298,15,276.875,4565.75
1785218135.9619298,15,278.515625,4567.0
1785218135.9619298,15,280.15625,4595.25
1785218135.9619298,15,281.78125,4644.0
1785218135.9619298,15,283.4375,4629.75
1785218135.9619298,15,285.078125,4558.0
1785218135.9619298,13,286.734375,4444.5
1785218135.9619298,15,290.046875,4086.25
1785218135.9619298,12,291.671875,4113.0
1785218135.9619298,8,298.375,3906.75
1785218135.9619298,12,306.65625,3643.5
1785218135.9619298,5,308.296875,3583.25
1785218135.9619298,9,309.96875,3550.25
1785218135.9619298,9,311.609375,3518.75
1785218135.9619298,11,313.25,3486.25
1785218135.9619298,15,314.921875,3478.5
1785218135.9619298,2,319.875,3429.25
1785218136.1858242,14,12.140625,4148.0
1785218136.1858242,8,13.78125,4242.25
1785218136.1858242,15,227.1875,5976.0
1785218136.1858242,15,228.84375,5822.25
1785218136.1858242,15,230.5,5646.75
1785218136.1858242,15,232.140625,5509.75
1785218136.1858242,15,237.109375,5027.0
1785218136.1858242,15,240.4375,4157.0
1785218136.1858242,15,243.703125,4669.0
1785218136.1858242,15,245.34375,4602.75
1785218136.1858242,15,247.0,4543.0
1785218136.1858242,15,248.640625,4487.0
1785218136.1858242,15,250.296875,4440.0
1785218136.1858242,15,251.9375,4412.75
1785218136.1858242,15,253.5625,4370.5
1785218136.1858242,15,255.234375,4321.25
1785218136.1858242,15,256.859375,4372.0
1785218136.1858242,15,258.484375,4417.0
1785218136.1858242,15,261.765625,4659.75
1785218136.1858242,15,263.421875,4636.5
1785218136.1858242,15,265.0625,4632.25
1785218136.1858242,15,266.71875,4608.25
1785218136.1858242,15,268.359375,4597.25
1785218136.1858242,15,270.0,4597.25
1785218136.1858242,15,271.640625,4599.25
1785218136.1858242,15,273.296875,4616.0
1785218136.1858242,15,274.890625,4621.25
1785218136.1858242,15,276.53125,4628.25
1785218136.1858242,15,278.15625,4653.75
1785218136.1858242,15,281.453125,4650.0
1785218136.1858242,8,283.078125,4670.0
1785218136.1858242,15,289.6875,4163.5
1785218136.1858242,15,294.625,3993.25
1785218136.1858242,11,296.265625,3913.5
1785218136.1858242,11,297.90625,3884.0
1785218136.1858242,7,299.59375,3834.0
1785218136.1858242,8,301.25,3761.25
1785218136.1858242,9,302.90625,3698.0
1785218136.1858242,13,306.171875,3659.5
1785218136.1858242,6,307.828125,3621.75
1785218136.1858242,13,309.46875,3602.75
1785218136.1858242,8,311.140625,3609.5
1785218136.1858242,9,312.78125,3574.5
1785218136.1858242,14,314.40625,3531.75
1785218136.1858242,11,316.0625,3490.0
1785218136.5225863,8,185.84375,10110.0
1785218136.5225863,15,212.171875,8603.75
1785218136.5225863,15,220.421875,7080.0
1785218136.5225863,15,223.703125,6558.25
1785218136.5225863,15,225.359375,6403.25
1785218136.5225863,15,228.640625,5935.75
1785218136.5225863,15,230.28125,5816.75
1785218136.5225863,15,240.203125,4261.75
1785218136.5225863,15,241.828125,4285.25
1785218136.5225863,15,245.09375,4732.5
1785218136.5225863,15,246.71875,4683.0
1785218136.5225863,15,248.375,4625.25
1785218136.5225863,15,250.015625,4574.75
1785218136.5225863,15,251.6875,4511.75
1785218136.5225863,15,253.328125,4458.0
1785218136.5225863,15,254.953125,4431.75
1785218136.5225863,15,256.59375,4468.5
1785218136.5225863,15,258.25,4494.25
1785218136.5225863,15,261.515625,4715.0
1785218136.5225863,15,263.15625,4722.5
1785218136.5225863,15,264.796875,4731.0
1785218136.5225863,15,266.4375,4733.25
1785218136.5225863,15,268.0625,4724.5
1785218136.5225863,15,269.71875,4702.25
1785218136.5225863,15,271.34375,4702.25
1785218136.5225863,15,272.984375,4708.0
1785218136.5225863,15,274.59375,4725.75
1785218136.5225863,15,277.875,4740.0
1785218136.5225863,8,294.328125,3896.75
1785218136.5225863,8,296.0,3830.75
1785218136.5225863,15,297.640625,3744.25
1785218136.5225863,10,299.390625,3690.75
1785218136.5225863,11,302.703125,3662.0
1785218136.5225863,11,304.34375,3640.5
1785218136.5225863,6,306.0,3595.5
1785218136.5225863,12,307.65625,3531.0
1785218136.5225863,11,309.28125,3492.0
1785218136.5225863,10,340.609375,3256.5
1785218136.747156,9,352.140625,3424.0
1785218136.747156,15,8.578125,4140.0
1785218136.747156,15,10.203125,4205.75
1785218136.747156,10,11.8125,4325.75
1785218136.747156,15,212.0,8690.0
1785218136.747156,15,220.234375,7209.5
1785218136.747156,15,225.203125,6506.5
1785218136.747156,15,228.453125,6072.75
1785218136.747156,15,230.09375,5932.5
1785218136.747156,13,233.375,5629.75
1785218136.747156,15,238.34375,5057.5
1785218136.747156,15,241.65625,4318.5
1785218136.747156,15,244.90625,4799.75
1785218136.747156,15,246.546875,4740.75
1785218136.747156,15,248.203125,4710.25
1785218136.747156,15,249.84375,4654.0
1785218136.747156,15,251.46875,4596.75
1785218136.747156,15,253.125,4552.5
1785218136.747156,15,254.765625,4506.0
1785218136.747156,15,256.390625,4558.0
1785218136.747156,15,258.03125,4611.5
1785218136.747156,15,259.671875,4639.25
1785218136.747156,15,261.296875,4732.25
1785218136.747156,15,262.9375,4776.5
1785218136.747156,15,264.578125,4771.5
1785218136.747156,15,266.21875,4771.5
1785218136.747156,15,267.84375,4765.5
1785218136.747156,15,269.484375,4779.25
1785218136.747156,15,271.125,4785.5
1785218136.747156,15,272.765625,4789.75
1785218136.747156,12,274.40625,4804.25
1785218136.747156,15,276.046875,4813.5
1785218136.747156,7,277.703125,4797.5
1785218136.747156,8,290.890625,3899.5
1785218136.747156,14,294.1875,3689.75
1785218136.747156,11,295.8125,3666.25
1785218136.747156,15,299.21875,3518.0
1785218136.747156,8,333.90625,3150.75
1785218136.9714885,13,353.796875,3239.0
1785218136.9714885,15,6.859375,4226.5
1785218136.9714885,15,8.515625,4206.5
1785218136.9714885,15,171.046875,9962.0
1785218136.9714885,15,213.796875,8517.0
1785218136.9714885,15,225.359375,6577.5
1785218136.9714885,15,227.0,6430.5
1785218136.9714885,15,241.890625,4384.75
1785218136.9714885,15,246.796875,4791.25
1785218136.9714885,15,248.4375,4745.5
1785218136.9714885,15,250.0625,4720.5
1785218136.9714885,15,251.78125,4692.25
1785218136.9714885,15,253.4375,4644.25
1785218136.9714885,15,255.078125,4584.75
1785218136.9714885,15,256.71875,4609.0
1785218136.9714885,15,258.359375,4652.75
1785218136.9714885,15,260.015625,4695.25
1785218136.9714885,15,263.28125,4898.5
1785218136.9714885,15,264.953125,4876.75
1785218136.9714885,15,266.578125,4848.75
1785218136.9714885,15,268.21875,4871.25
1785218136.9714885,15,269.875,4884.0
1785218136.9714885,15,271.53125,4806.25
1785218136.9714885,8,289.609375,3894.25
1785218136.9714885,14,292.9375,3692.75
1785218136.9714885,10,294.5625,3670.0
1785218136.9714885,8,334.25,3264.25
1785218136.9714885,8,347.375,3489.0
1785218137.1961064,10,5.171875,4239.0
1785218137.1961064,15,6.8125,4229.5
1785218137.1961064,14,11.59375,4724.0
1785218137.1961064,9,13.234375,4819.5
1785218137.1961064,15,170.609375,10015.0
1785218137.1961064,15,172.25,9890.0
1785218137.1961064,7,175.53125,10016.0
1785218137.1961064,7,183.75,10202.25
1785218137.1961064,7,187.046875,10266.5
1785218137.1961064,15,218.265625,7796.75
1785218137.1961064,15,226.5,6546.0
1785218137.1961064,15,228.171875,6417.75
1785218137.1961064,15,241.390625,4504.75
1785218137.1961064,15,243.03125,4473.0
1785218137.1961064,15,246.28125,4912.25
1785218137.1961064,15,247.90625,4839.5
1785218137.1961064,15,249.5625,4794.75
1785218137.1961064,15,251.1875,4751.75
1785218137.1961064,15,252.828125,4727.0
1785218137.1961064,15,254.453125,4709.5
1785218137.1961064,15,256.109375,4657.5
1785218137.1961064,15,257.734375,4677.75
1785218137.1961064,15,259.375,4727.75
1785218137.1961064,15,262.640625,4983.0
1785218137.1961064,15,264.28125,4969.0
1785218137.1961064,15,265.921875,4945.0
1785218137.1961064,15,267.5625,4959.0
1785218137.1961064,15,269.203125,4909.5
1785218137.1961064,6,270.859375,4903.5
1785218137.1961064,7,288.984375,3717.75
1785218137.1961064,11,290.625,3674.25
1785218137.1961064,8,292.25,3656.25
1785218137.1961064,14,293.921875,3593.0
1785218137.4194987,0,1.15625,3314.0
1785218137.4194987,15,4.390625,4155.25
1785218137.4194987,11,12.515625,4668.5
1785218137.4194987,15,173.15625,9972.5
1785218137.4194987,7,176.40625,10041.0
1785218137.4194987,7,181.375,10141.5
1785218137.4194987,9,206.046875,11125.75
1785218137.4194987,15,222.5625,7276.0
1785218137.4194987,15,227.484375,6559.75
1785218137.4194987,15,229.109375,6424.0
1785218137.4194987,15,243.984375,4528.75
1785218137.4194987,15,247.25,5002.75
1785218137.4194987,15,248.890625,4931.25
1785218137.4194987,15,250.5,4848.5
1785218137.4194987,15,252.15625,4788.25
1785218137.4194987,15,253.78125,4757.75
1785218137.4194987,15,255.4375,4734.0
1785218137.4194987,15,257.0625,4701.5
1785218137.4194987,15,258.703125,4722.75
1785218137.4194987,15,260.34375,4809.0
1785218137.4194987,15,263.59375,5065.25
1785218137.4194987,15,265.25,5060.5
1785218137.4194987,15,266.875,5059.75
1785218137.4194987,15,270.171875,4992.75
1785218137.4194987,11,271.796875,4989.75
1785218137.4194987,9,288.296875,3925.5
1785218137.4194987,9,289.9375,3895.0
1785218137.4194987,7,291.59375,3840.5
1785218137.4194987,15,345.96875,3255.5
1785218137.6462257,15,8.59375,4389.25
1785218137.6462257,12,11.828125,4657.0
1785218137.6462257,15,13.484375,4734.75
1785218137.6462257,15,170.953125,9965.5
1785218137.6462257,15,172.59375,9838.0
1785218137.6462257,15,218.5,8005.0
1785218137.6462257,15,220.140625,7768.75
1785218137.6462257,15,223.4375,7255.0
1785218137.6462257,15,228.34375,6586.5
1785218137.6462257,15,229.984375,6459.0
1785218137.6462257,15,243.15625,4584.0
1785218137.6462257,15,246.390625,4981.0
1785218137.6462257,15,248.046875,5029.0
1785218137.6462257,15,249.6875,4983.25
1785218137.6462257,15,251.40625,4924.25
1785218137.6462257,15,253.046875,4872.5
1785218137.6462257,15,254.6875,4808.75
1785218137.6462257,15,256.34375,4757.0
1785218137.6462257,15,257.96875,4804.0
1785218137.6462257,15,259.609375,4839.5
1785218137.6462257,15,262.890625,5102.25
1785218137.6462257,15,264.515625,5105.5
1785218137.6462257,15,266.15625,5104.0
1785218137.6462257,11,267.8125,5081.0
1785218137.6462257,15,269.4375,5071.5
1785218137.6462257,10,271.0625,5098.5
1785218137.6462257,13,294.0625,3682.25
1785218137.6462257,15,345.265625,3301.5
1785218137.7564254,15,8.234375,4323.75
1785218137.7564254,14,9.890625,4445.0
1785218137.7564254,12,13.046875,4689.0
1785218137.7564254,14,170.546875,10010.75
1785218137.7564254,12,172.1875,9778.5
1785218137.7564254,9,173.828125,9761.75
1785218137.7564254,8,177.109375,9977.5
1785218137.7564254,7,185.359375,10212.25
1785218137.7564254,9,188.65625,10263.5
1785218137.7564254,15,203.390625,11771.25
1785218137.7564254,15,218.234375,8107.75
1785218137.7564254,15,219.875,7877.25
1785218137.7564254,15,223.171875,7321.5
1785218137.7564254,15,224.8125,7112.25
1785218137.7564254,15,228.09375,6640.5
1785218137.7564254,15,229.734375,6496.75
1785218137.7564254,9,244.578125,4649.25
1785218137.7564254,15,247.84375,5074.5
1785218137.7564254,15,249.484375,5037.5
1785218137.7564254,15,251.15625,4975.0
1785218137.7564254,15,252.796875,4916.25
1785218137.7564254,15,254.4375,4861.25
1785218137.7564254,15,256.09375,4806.5
1785218137.7564254,15,257.71875,4844.5
1785218137.7564254,15,259.359375,4892.0
1785218137.7564254,15,262.640625,5125.0
1785218137.7564254,15,264.28125,5127.25
1785218137.7564254,15,265.921875,5085.5
1785218137.979688,15,1.40625,3901.0
1785218137.979688,15,4.6875,3916.0
1785218137.979688,11,7.9375,4314.25
1785218137.979688,13,9.5625,4393.5
1785218137.979688,15,171.90625,9945.25
1785218137.979688,8,181.71875,10039.0
1785218137.979688,8,183.359375,10117.75
1785218137.979688,8,188.265625,10169.0
1785218137.979688,13,211.328125,9861.5
1785218137.979688,15,221.21875,7738.5
1785218137.979688,15,229.4375,6610.0
1785218137.979688,15,231.09375,6479.5
1785218137.979688,15,236.03125,5977.75
1785218137.979688,15,240.96875,5454.25
1785218137.979688,15,244.328125,4680.5
1785218137.979688,15,247.578125,5127.75
1785218137.979688,15,249.1875,5099.25
1785218137.979688,15,250.859375,5060.5
1785218137.979688,15,252.5,5023.5
1785218137.979688,15,254.15625,4966.25
1785218137.979688,15,255.796875,4917.5
1785218137.979688,15,257.4375,4867.0
1785218137.979688,15,260.703125,5054.0
1785218137.979688,15,262.34375,5163.25
1785218137.979688,15,263.984375,5219.0
1785218137.979688,15,265.625,5170.5
1785218137.979688,7,286.921875,3927.0
1785218137.979688,14,341.5,3268.25
1785218137.979688,15,343.140625,3274.0
1785218138.0911963,15,4.421875,3828.75
1785218138.0911963,13,9.3125,4413.25
1785218138.0911963,14,12.546875,4666.0
1785218138.0911963,15,171.71875,9875.0
1785218138.0911963,12,173.359375,9875.0
1785218138.0911963,7,202.859375,11852.0
1785218138.0911963,15,220.984375,7798.75
1785218138.0911963,15,222.625,7570.5
1785218138.0911963,15,227.59375,6896.25
1785218138.0911963,15,230.90625,6514.0
1785218138.0911963,15,235.84375,6044.75
1785218138.0911963,15,239.21875,4441.75
1785218138.0911963,15,244.125,4741.5
1785218138.0911963,15,249.046875,5120.25
1785218138.0911963,15,250.6875,5089.0
1785218138.0911963,15,252.328125,5045.75
1785218138.0911963,15,253.96875,5006.0
1785218138.0911963,15,255.609375,4969.75
1785218138.0911963,15,257.265625,4927.25
1785218138.0911963,15,258.890625,4969.0
1785218138.0911963,15,260.546875,5022.0
1785218138.0911963,15,306.78125,2984.0
1785218138.0911963,15,308.46875,2994.0
1785218138.0911963,7,313.40625,2983.25
1785218138.0911963,12,326.5625,3094.75
1785218138.0911963,15,328.21875,3100.0
1785218138.3163552,15,11.90625,4409.0
1785218138.3163552,15,172.375,9878.25
1785218138.3163552,15,221.6875,7819.75
1785218138.3163552,15,226.546875,7141.5
1785218138.3163552,15,229.828125,6668.75
1785218138.3163552,15,231.46875,6542.0
1785218138.3163552,15,236.390625,6067.0
1785218138.3163552,15,247.890625,5218.25
1785218138.3163552,15,249.53125,5159.25
1785218138.3163552,15,251.171875,5132.75
1785218138.3163552,15,252.828125,5107.5
1785218138.3163552,15,254.46875,5059.0
1785218138.3163552,15,256.109375,5017.25
1785218138.3163552,15,257.75,4983.75
1785218138.3163552,15,259.375,5017.0
1785218138.3163552,15,261.015625,5107.75
1785218138.3163552,8,284.03125,3915.0
1785218138.3163552,8,305.546875,3082.5
1785218138.3163552,15,307.1875,3091.5
1785218138.3163552,8,330.234375,3093.0
1785218138.3163552,8,331.859375,3112.5
1785218138.3163552,8,333.515625,3112.5
1785218138.3163552,8,335.15625,3131.0
1785218138.3163552,14,336.765625,3170.5
1785218138.3163552,10,338.40625,3197.0
1785218138.3163552,10,340.0625,3231.5
1785218138.3163552,9,343.328125,3265.0
1785218138.4288063,11,12.875,4364.25
1785218138.4288063,15,171.734375,9925.5
1785218138.4288063,15,173.375,9877.75
1785218138.4288063,15,220.96875,7959.25
1785218138.4288063,15,225.890625,7279.5
1785218138.4288063,15,229.1875,6874.25
1785218138.4288063,15,232.484375,6499.5
1785218138.4288063,15,234.125,6369.5
1785218138.4288063,15,235.765625,6220.75
1785218138.4288063,15,237.40625,6067.0
1785218138.4288063,15,239.0625,5937.75
1785218138.4288063,15,248.921875,5229.25
1785218138.4288063,15,250.609375,5176.0
1785218138.4288063,15,252.25,5134.25
1785218138.4288063,15,253.890625,5104.25
1785218138.4288063,15,255.546875,5066.75
1785218138.4288063,15,257.1875,5033.25
1785218138.4288063,15,258.828125,5070.75
1785218138.4288063,15,260.46875,5100.25
1785218138.4288063,10,326.25,3095.0
1785218138.4288063,8,332.828125,3101.75
1785218138.4288063,9,334.453125,3119.0
1785218138.4288063,10,336.09375,3119.25
1785218138.4288063,7,337.734375,3126.75
1785218138.4288063,15,339.390625,3160.75
1785218138.4288063,15,341.015625,3188.25
1785218138.4288063,10,342.703125,3198.5
1785218138.4288063,9,344.296875,3240.25
1785218138.4288063,11,345.96875,3271.25
1785218138.5420947,7,357.515625,3660.0
1785218138.5420947,15,171.140625,9987.25
1785218138.5420947,15,172.78125,9841.75
1785218138.5420947,8,180.984375,10204.0
1785218138.5420947,7,185.921875,10214.5
1785218138.5420947,15,218.703125,8324.0
1785218138.5420947,15,220.34375,8120.25
1785218138.5420947,15,223.625,7633.75
1785218138.5420947,15,226.96875,7168.5
1785218138.5420947,15,231.921875,6580.0
1785218138.5420947,15,236.859375,6154.5
1785218138.5420947,15,248.390625,5292.0
1785218138.5420947,15,250.015625,5216.5
1785218138.5420947,15,251.671875,5178.5
1785218138.5420947,15,253.3125,5146.75
1785218138.5420947,15,254.9375,5119.5
1785218138.5420947,15,256.578125,5090.5
1785218138.5420947,14,258.21875,5093.75
1785218138.5420947,13,259.875,5103.25
1785218138.5420947,7,324.09375,2962.5
1785218138.5420947,7,327.421875,2966.0
1785218138.5420947,11,333.984375,3081.75
1785218138.5420947,8,338.890625,3097.0
1785218138.5420947,8,342.203125,3153.0
1785218138.5420947,7,343.84375,3203.5
1785218138.5420947,9,345.484375,3236.75
1785218138.5420947,10,347.171875,3265.25
1785218138.766068,11,352.0,3243.75
1785218138.766068,0,355.265625,3312.75
1785218138.766068,15,358.5625,3414.0
1785218138.766068,8,8.40625,3880.0
1785218138.766068,15,172.421875,9819.25
1785218138.766068,15,174.078125,9736.5
1785218138.766068,15,216.734375,8749.75
1785218138.766068,15,223.328125,7779.75
1785218138.766068,15,224.953125,7550.75
1785218138.766068,15,228.296875,7112.75
1785218138.766068,15,233.25,6525.25
1785218138.766068,15,234.90625,6425.5
1785218138.766068,15,239.84375,6017.0
1785218138.766068,15,249.71875,5320.5
1785218138.766068,15,251.34375,5246.5
1785218138.766068,15,253.0,5194.5
1785218138.766068,15,254.65625,5140.25
1785218138.766068,15,256.296875,5122.25
1785218138.766068,15,257.953125,5109.75
1785218138.766068,15,259.5625,5164.0
1785218138.766068,9,300.90625,3101.0
1785218138.766068,10,307.53125,2961.0
1785218138.766068,7,333.859375,2978.5
1785218138.766068,7,335.484375,3005.25
1785218138.766068,8,337.125,3036.5
1785218138.766068,9,338.765625,3063.5
1785218138.766068,9,340.40625,3090.5
1785218138.766068,12,342.0625,3105.75
1785218138.766068,9,343.703125,3108.5
1785218138.766068,12,345.34375,3130.5
1785218138.766068,10,348.625,3186.25
1785218138.766068,10,350.28125,3249.75
1785218138.877602,15,172.5,9816.75
1785218138.877602,15,174.15625,9795.75
1785218138.877602,10,183.921875,10136.0
1785218138.877602,8,210.234375,10166.5
1785218138.877602,14,211.890625,10061.5
1785218138.877602,13,213.546875,9789.0
1785218138.877602,15,216.84375,8828.75
1785218138.877602,15,221.796875,8026.5
1785218138.877602,15,225.109375,7562.25
1785218138.877602,15,228.359375,7135.0
1785218138.877602,15,233.296875,6549.25
1785218138.877602,15,234.953125,6478.25
1785218138.877602,15,236.59375,6359.25
1785218138.877602,15,239.875,6020.5
1785218138.877602,15,249.75,5352.75
1785218138.877602,15,251.421875,5278.5
1785218138.877602,15,253.0625,5224.75
1785218138.877602,15,254.703125,5202.75
1785218138.877602,15,256.375,5167.75
1785218138.877602,15,258.0,5127.0
1785218138.877602,15,259.625,5192.25
1785218138.877602,7,310.84375,2958.5
1785218138.877602,8,332.28125,2957.75
1785218138.877602,7,333.953125,2976.75
1785218138.877602,7,343.78125,3143.25
1785218138.877602,7,345.453125,3204.0
1785218138.877602,15,347.0625,3241.25
1785218139.10272,15,358.375,3665.0
1785218139.10272,13,13.359375,2621.0
1785218139.10272,15,172.015625,9936.5
1785218139.10272,15,173.65625,9795.75
1785218139.10272,11,213.078125,9900.0
1785218139.10272,15,218.015625,8724.75
1785218139.10272,15,221.3125,8224.75
1785218139.10272,15,222.953125,7979.25
1785218139.10272,15,224.609375,7744.25
1785218139.10272,15,227.875,7277.75
1785218139.10272,15,229.5,7122.25
1785218139.10272,15,234.4375,6566.0
1785218139.10272,15,236.078125,6455.25
1785218139.10272,15,237.71875,6348.75
1785218139.10272,15,249.234375,5473.5
1785218139.10272,15,250.921875,5431.75
1785218139.10272,15,252.5625,5358.25
1785218139.10272,15,254.203125,5295.0
1785218139.10272,15,255.859375,5238.0
1785218139.10272,15,257.484375,5192.75
1785218139.10272,15,259.140625,5242.75
1785218139.10272,15,260.765625,5317.0
1785218139.10272,9,336.640625,3097.5
1785218139.10272,11,338.296875,3113.5
1785218139.10272,10,339.921875,3124.0
1785218139.10272,9,341.5625,3141.75
1785218139.10272,8,343.203125,3189.75
1785218139.10272,9,344.875,3248.5
1785218139.2145116,10,14.390625,2638.0
1785218139.2145116,15,173.09375,9838.75
1785218139.2145116,15,174.734375,9766.75
1785218139.2145116,7,179.703125,10351.5
1785218139.2145116,7,184.640625,10172.25
1785218139.2145116,7,191.203125,10146.5
1785218139.2145116,15,225.625,7628.0
1785218139.2145116,15,227.328125,7407.75
1785218139.2145116,15,233.890625,6649.75
1785218139.2145116,15,235.53125,6523.25
1785218139.2145116,15,237.1875,6435.5
1785218139.2145116,15,238.828125,6336.25
1785218139.2145116,15,250.40625,5465.0
1785218139.2145116,15,252.046875,5419.75
1785218139.2145116,15,253.6875,5372.5
1785218139.2145116,15,255.328125,5314.5
1785218139.2145116,15,256.984375,5261.0
1785218139.2145116,7,317.953125,3108.5
1785218139.2145116,10,324.515625,3108.5
1785218139.2145116,10,327.828125,3112.0
1785218139.2145116,10,329.46875,3115.0
1785218139.2145116,7,331.109375,3114.25
1785218139.2145116,8,337.671875,3255.5
1785218139.2145116,9,339.296875,3267.0
1785218139.2145116,10,340.9375,3270.25
1785218139.3267097,11,12.21875,2637.0
1785218139.3267097,15,13.890625,2634.75
1785218139.3267097,15,174.359375,9792.25
1785218139.3267097,15,176.0,9725.75
1785218139.3267097,10,208.703125,11605.5
1785218139.3267097,13,213.65625,9901.0
1785218139.3267097,15,218.578125,8703.25
1785218139.3267097,15,225.140625,7759.0
1785218139.3267097,15,228.484375,7323.75
1785218139.3267097,15,230.140625,7181.5
1785218139.3267097,15,233.421875,6760.75
1785218139.3267097,15,238.359375,6376.5
1785218139.3267097,15,248.25,5520.0
1785218139.3267097,15,249.875,5524.75
1785218139.3267097,15,251.546875,5464.25
1785218139.3267097,15,253.1875,5424.25
1785218139.3267097,15,254.84375,5380.75
1785218139.3267097,15,256.484375,5325.0
1785218139.3267097,15,258.125,5276.75
1785218139.3267097,15,259.75,5323.25
1785218139.3267097,8,317.34375,3139.5
1785218139.3267097,10,323.953125,3149.5
1785218139.3267097,15,338.75,3283.0
1785218139.5511594,14,4.375,4360.75
1785218139.5511594,15,7.921875,2617.0
1785218139.5511594,15,9.546875,2592.0
1785218139.5511594,11,11.078125,2604.5
1785218139.5511594,14,12.703125,2626.75
1785218139.5511594,15,14.359375,2662.0
1785218139.5511594,11,209.0625,11649.25
1785218139.5511594,14,214.015625,9921.75
1785218139.5511594,15,218.953125,8715.5
1785218139.5511594,15,228.8125,7349.75
1785218139.5511594,15,235.375,6705.75
1785218139.5511594,15,237.015625,6591.5
1785218139.5511594,15,238.65625,6454.75
1785218139.5511594,15,250.15625,5569.0
1785218139.5511594,15,251.828125,5519.0
1785218139.5511594,15,253.484375,5479.25
1785218139.5511594,15,255.140625,5439.0
1785218139.5511594,15,256.765625,5403.25
1785218139.5511594,15,258.421875,5357.25
1785218139.5511594,15,260.046875,5379.25
1785218139.5511594,14,316.125,3232.75
1785218139.5511594,7,334.21875,3368.25
1785218139.6633897,8,2.09375,4236.75
1785218139.6633897,12,3.75,4348.5
1785218139.6633897,15,10.5625,2592.0
1785218139.6633897,15,13.75,2633.25
1785218139.6633897,9,183.90625,10139.75
1785218139.6633897,8,185.546875,10137.25
1785218139.6633897,7,187.1875,10170.5
1785218139.6633897,13,193.765625,10204.5
1785218139.6633897,15,220.140625,8617.25
1785218139.6633897,15,225.09375,7931.75
1785218139.6633897,15,226.671875,7703.25
1785218139.6633897,15,228.3125,7483.75
1785218139.6633897,15,234.890625,6779.0
1785218139.6633897,15,236.53125,6622.5
1785218139.6633897,15,249.6875,5612.75
1785218139.6633897,15,251.296875,5581.5
1785218139.6633897,15,252.9375,5541.75
1785218139.6633897,15,254.59375,5487.75
1785218139.6633897,15,256.21875,5441.0
1785218139.6633897,15,257.859375,5421.5
1785218139.6633897,15,259.5,5443.0
1785218139.7755883,15,8.25,2591.0
1785218139.7755883,15,9.90625,2598.0
1785218139.7755883,15,173.640625,9796.25
1785218139.7755883,8,188.453125,10201.25
1785218139.7755883,11,213.0625,10115.75
1785218139.7755883,12,214.703125,9870.5
1785218139.7755883,15,219.640625,8671.25
1785218139.7755883,15,221.3125,8480.75
1785218139.7755883,15,227.859375,7578.75
1785218139.7755883,15,229.5,7392.0
1785218139.7755883,15,231.140625,7244.25
1785218139.7755883,15,234.421875,6868.0
1785218139.7755883,15,239.359375,6414.75
1785218139.7755883,15,250.921875,5617.75
1785218139.7755883,15,252.5625,5579.25
1785218139.7755883,15,254.1875,5542.75
1785218139.7755883,15,255.828125,5491.5
1785218139.7755883,15,257.484375,5452.0
1785218139.7755883,15,259.109375,5480.5
1785218139.7755883,15,260.75,5513.25
1785218139.888006,15,12.875,2673.0
1785218139.888006,15,14.5,2686.0
1785218139.888006,15,219.484375,8762.75
1785218139.888006,15,221.109375,8539.75
1785218139.888006,15,226.046875,7876.75
1785218139.888006,15,227.703125,7687.75
1785218139.888006,15,230.984375,7269.0
1785218139.888006,15,232.625,7147.5
1785218139.888006,15,235.921875,6776.75
1785218139.888006,15,237.5625,6615.0
1785218139.888006,15,239.203125,6504.75
1785218139.888006,15,244.15625,5998.0
1785218139.888006,15,250.75,5657.5
1785218139.888006,15,252.40625,5608.75
1785218139.888006,15,254.046875,5562.0
1785218139.888006,15,255.6875,5527.5
1785218139.888006,15,257.34375,5497.0
1785218139.888006,15,258.96875,5517.25
1785218139.888006,15,260.609375,5558.25
1785218139.888006,10,263.890625,5871.25
1785218139.888006,15,265.515625,5818.0
1785218139.888006,7,333.171875,3456.5
1785218140.000756,8,357.859375,3897.25
1785218140.000756,9,6.328125,2614.5
1785218140.000756,15,7.984375,2589.25
1785218140.000756,15,11.1875,2614.75
1785218140.000756,15,12.828125,2650.5
1785218140.000756,15,14.484375,2677.75
1785218140.000756,9,183.390625,10017.5
1785218140.000756,15,221.1875,8584.5
1785218140.000756,15,227.75,7695.5
1785218140.000756,15,231.046875,7278.0
1785218140.000756,15,232.6875,7156.25
1785218140.000756,15,234.328125,7019.5
1785218140.000756,13,242.625,5006.5
1785218140.000756,15,245.890625,5281.75
1785218140.000756,15,247.53125,5277.5
1785218140.000756,15,250.796875,5698.5
1785218140.000756,15,252.4375,5616.0
1785218140.000756,15,254.09375,5569.5
1785218140.000756,15,255.734375,5536.25
1785218140.000756,15,257.375,5504.5
1785218140.000756,15,259.015625,5536.75
1785218140.000756,15,260.65625,5583.25
1785218140.000756,15,263.921875,5872.0
1785218140.000756,2,265.5625,5854.25
1785218140.000756,10,343.15625,3669.0
1785218140.1117518,15,8.046875,2594.25
1785218140.1117518,15,9.6875,2631.75
1785218140.1117518,15,11.234375,2652.75
1785218140.1117518,15,12.859375,2652.5
1785218140.1117518,15,14.46875,2686.5
1785218140.1117518,15,221.265625,8595.5
1785218140.1117518,15,227.84375,7743.5
1785218140.1117518,15,231.15625,7307.25
1785218140.1117518,15,232.796875,7154.5
1785218140.1117518,15,234.4375,7023.0
1785218140.1117518,15,236.09375,6859.25
1785218140.1117518,13,242.734375,5036.5
1785218140.1117518,15,245.984375,5304.0
1785218140.1117518,15,247.640625,5306.25
1785218140.1117518,15,250.921875,5724.5
1785218140.1117518,15,252.5625,5673.5
1785218140.1117518,15,254.21875,5628.75
1785218140.1117518,15,255.875,5586.25
1785218140.1117518,15,257.484375,5545.75
1785218140.1117518,15,259.140625,5559.75
1785218140.1117518,15,260.78125,5590.25
1785218140.1117518,12,264.0625,5881.75
1785218140.1117518,15,265.703125,5832.75
1785218140.222859,15,4.703125,2577.0
1785218140.222859,15,6.328125,2582.75
1785218140.222859,15,9.609375,2614.5
1785218140.222859,15,11.21875,2641.25
1785218140.222859,15,12.84375,2655.0
1785218140.222859,15,14.46875,2695.0
1785218140.222859,11,214.5625,10000.75
1785218140.222859,12,216.203125,9750.75
1785218140.222859,15,221.15625,8594.25
1785218140.222859,15,224.4375,8179.25
1785218140.222859,15,226.09375,8007.0
1785218140.222859,15,227.765625,7800.0
1785218140.222859,15,231.078125,7315.5
1785218140.222859,15,232.734375,7193.0
1785218140.222859,15,234.375,7094.0
1785218140.222859,7,242.671875,5159.25
1785218140.222859,15,247.59375,5308.25
1785218140.222859,15,250.828125,5805.25
1785218140.222859,15,252.46875,5731.5
1785218140.222859,15,254.109375,5679.5
1785218140.222859,15,255.765625,5639.5
1785218140.222859,15,257.40625,5591.0
1785218140.222859,15,259.03125,5620.0
1785218140.222859,15,260.671875,5626.25
1785218140.222859,15,263.953125,5967.5
1785218140.222859,15,265.59375,5952.0
1785218140.222859,15,267.234375,5915.5
1785218140.222859,15,268.890625,5913.25
1785218140.222859,15,272.15625,5888.5
1785218140.3342583,15,6.359375,2608.75
1785218140.3342583,15,11.203125,2637.0
1785218140.3342583,15,12.875,2667.0
1785218140.3342583,15,170.953125,1437.5
1785218140.3342583,14,216.140625,9764.0
1785218140.3342583,15,221.09375,8703.25
1785218140.3342583,15,224.40625,8236.75
1785218140.3342583,15,226.03125,8046.5
1785218140.3342583,15,229.296875,7633.0
1785218140.3342583,15,232.59375,7261.0
1785218140.3342583,15,234.234375,7150.5
1785218140.3342583,15,235.890625,7024.25
1785218140.3342583,15,244.125,6124.25
1785218140.3342583,15,247.453125,5336.5
1785218140.3342583,15,250.71875,5853.25
1785218140.3342583,15,252.375,5749.5
1785218140.3342583,15,254.015625,5680.0
1785218140.3342583,15,255.65625,5642.0
1785218140.3342583,15,257.296875,5615.75
1785218140.3342583,15,258.9375,5655.75
1785218140.3342583,15,260.578125,5676.5
1785218140.3342583,15,263.859375,6014.5
1785218140.3342583,15,265.5,6039.5
1785218140.3342583,15,267.140625,6032.75
1785218140.3342583,15,268.78125,6002.25
1785218140.3342583,15,272.078125,5967.5
1785218140.5605521,15,351.203125,3961.5
1785218140.5605521,13,356.109375,4178.75
1785218140.5605521,8,357.75,4259.0
1785218140.5605521,15,2.921875,2596.75
1785218140.5605521,15,4.546875,2580.25
1785218140.5605521,15,6.1875,2610.5
1785218140.5605521,15,7.828125,2633.25
1785218140.5605521,15,9.46875,2629.75
1785218140.5605521,15,11.09375,2655.0
1785218140.5605521,13,14.34375,2747.25
1785218140.5605521,15,170.890625,1395.75
1785218140.5605521,15,172.515625,1404.75
1785218140.5605521,8,188.203125,10146.5
1785218140.5605521,15,219.375,9062.75
1785218140.5605521,15,222.671875,8557.0
1785218140.5605521,15,232.53125,7335.75
1785218140.5605521,15,234.171875,7188.25
1785218140.5605521,15,235.828125,7035.75
1785218140.5605521,15,247.375,5385.25
1785218140.5605521,15,250.671875,5919.0
1785218140.5605521,15,252.3125,5839.5
1785218140.5605521,15,253.96875,5769.75
1785218140.5605521,15,255.609375,5729.25
1785218140.5605521,15,257.25,5686.5
1785218140.5605521,15,260.546875,5700.5
1785218140.5605521,15,263.8125,6086.75
1785218140.5605521,15,265.453125,6069.25
1785218140.5605521,15,267.09375,6058.5
1785218140.5605521,15,268.734375,6024.0
1785218140.5605521,15,349.734375,3973.0
1785218140.6722107,11,1.453125,2571.75
1785218140.6722107,15,3.09375,2575.5
1785218140.6722107,15,8.0,2612.75
1785218140.6722107,15,9.640625,2640.5
1785218140.6722107,15,11.265625,2656.0
1785218140.6722107,7,12.890625,2681.75
1785218140.6722107,15,171.03125,1380.75
1785218140.6722107,15,172.625,1383.25
1785218140.6722107,15,174.25,1395.25
1785218140.6722107,12,175.921875,1419.25
1785218140.6722107,15,216.21875,9918.25
1785218140.6722107,15,221.171875,8821.5
1785218140.6722107,15,222.828125,8609.5
1785218140.6722107,15,226.125,8120.75
1785218140.6722107,15,227.734375,8000.5
1785218140.6722107,15,229.390625,7785.0
1785218140.6722107,15,231.03125,7580.0
1785218140.6722107,15,232.671875,7392.25
1785218140.6722107,15,234.3125,7260.5
1785218140.6722107,15,235.96875,7146.25
1785218140.6722107,15,240.890625,6614.75
1785218140.6722107,15,242.5625,6544.25
1785218140.6722107,15,247.515625,5453.75
1785218140.6722107,15,250.75,5956.25
1785218140.6722107,15,252.390625,5901.75
1785218140.6722107,15,254.03125,5809.75
1785218140.6722107,15,255.65625,5736.5
1785218140.6722107,15,257.3125,5692.75
1785218140.6722107,15,260.59375,5709.75
1785218140.6722107,15,263.859375,6113.0
1785218140.6722107,15,265.5,6074.75
1785218140.6722107,15,267.125,6090.0
1785218140.6722107,15,270.40625,6045.25
1785218140.78264,15,352.8125,4316.5
1785218140.78264,15,354.453125,4385.5
1785218140.78264,15,356.09375,4449.75
1785218140.78264,15,359.625,2603.5
1785218140.78264,15,1.296875,2595.5
1785218140.78264,9,2.90625,2586.5
1785218140.78264,15,4.59375,2594.5
1785218140.78264,15,6.234375,2606.5
1785218140.78264,15,7.875,2618.25
1785218140.78264,15,9.515625,2633.5
1785218140.78264,15,12.734375,2742.0
1785218140.78264,14,14.375,2723.25
1785218140.78264,15,170.921875,1376.5
1785218140.78264,15,172.546875,1372.75
1785218140.78264,15,174.1875,1377.25
1785218140.78264,15,175.796875,1392.0
1785218140.78264,15,220.953125,8909.75
1785218140.78264,15,222.609375,8682.25
1785218140.78264,15,229.1875,7825.75
1785218140.78264,15,230.828125,7673.5
1785218140.78264,15,234.125,7258.75
1785218140.78264,15,235.765625,7186.0
1785218140.78264,15,237.421875,7048.75
1785218140.78264,15,239.0625,6885.5
1785218140.78264,15,240.703125,6714.0
1785218140.78264,14,245.640625,6232.25
1785218140.78264,15,250.59375,5963.75
1785218140.78264,15,252.234375,5946.5
1785218140.78264,15,253.890625,5912.25
1785218140.78264,15,255.53125,5846.75
1785218140.78264,15,257.171875,5782.0
1785218140.78264,15,258.8125,5781.0
1785218140.78264,15,260.453125,5813.5
1785218140.78264,15,263.734375,6152.5
1785218140.78264,15,265.375,6104.25
1785218140.78264,15,267.0,6133.5
1785218140.78264,15,268.65625,6156.75
1785218140.78264,12,270.3125,6102.0
1785218140.78264,15,273.578125,6084.25
1785218140.78264,15,346.140625,4065.0
1785218141.0086508,11,352.5625,4395.75
1785218141.0086508,11,354.203125,4447.5
1785218141.0086508,15,359.40625,2608.25
1785218141.0086508,15,1.046875,2588.75
1785218141.0086508,15,5.984375,2614.25
1785218141.0086508,15,7.625,2631.0
1785218141.0086508,15,9.25,2655.25
1785218141.0086508,10,10.859375,2683.0
1785218141.0086508,15,12.5,2700.0
1785218141.0086508,15,170.75,1380.25
1785218141.0086508,15,172.40625,1375.0
1785218141.0086508,15,174.078125,1369.25
1785218141.0086508,15,175.671875,1366.25
1785218141.0086508,15,177.34375,1371.0
1785218141.0086508,11,217.546875,9722.5
1785218141.0086508,15,222.484375,8698.0
1785218141.0086508,15,224.140625,8501.0
1785218141.0086508,15,234.0,7348.25
1785218141.0086508,15,237.28125,7185.0
1785218141.0086508,15,238.9375,6988.0
1785218141.0086508,15,240.59375,6820.5
1785218141.0086508,15,252.09375,5987.5
1785218141.0086508,15,253.734375,5947.5
1785218141.0086508,15,255.359375,5896.25
1785218141.0086508,15,257.015625,5849.75
1785218141.0086508,15,258.671875,5811.75
1785218141.0086508,15,260.296875,5841.75
1785218141.0086508,15,263.578125,6145.25
1785218141.0086508,15,265.203125,6188.75
1785218141.0086508,15,266.84375,6172.25
1785218141.0086508,15,268.46875,6212.25
1785218141.0086508,15,346.015625,4037.25
1785218141.1198208,11,352.515625,4663.5
1785218141.1198208,15,354.15625,4725.75
1785218141.1198208,15,359.34375,2597.25
1785218141.1198208,15,0.984375,2592.0
1785218141.1198208,15,2.625,2603.75
1785218141.1198208,15,4.28125,2614.0
1785218141.1198208,15,5.90625,2617.5
1785218141.1198208,15,7.578125,2633.75
1785218141.1198208,15,10.71875,2722.0
1785218141.1198208,15,170.65625,1386.0
1785218141.1198208,8,172.3125,1380.5
1785218141.1198208,15,173.96875,1368.5
1785218141.1198208,15,175.609375,1360.25
1785218141.1198208,15,177.25,1365.0
1785218141.1198208,15,178.890625,1370.5
1785218141.1198208,9,180.40625,1397.75
1785218141.1198208,15,210.703125,11729.75
1785218141.1198208,14,217.296875,9864.5
1785218141.1198208,15,223.875,8573.0
1785218141.1198208,15,227.171875,8154.25
1785218141.1198208,15,228.8125,8008.25
1785218141.1198208,15,230.453125,7826.5
1785218141.1198208,15,232.109375,7660.0
1785218141.1198208,15,240.328125,6873.0
1785218141.1198208,15,241.96875,6795.5
1785218141.1198208,15,251.828125,6010.0
1785218141.1198208,15,253.453125,5980.75
1785218141.1198208,15,255.09375,5939.0
1785218141.1198208,15,256.75,5899.25
1785218141.1198208,15,258.390625,5861.5
1785218141.1198208,15,260.03125,5882.5
1785218141.1198208,15,261.65625,5989.0
1785218141.1198208,15,264.921875,6237.0
1785218141.1198208,15,266.578125,6259.0
1785218141.1198208,15,268.203125,6216.0
1785218141.1198208,15,345.625,4034.75
1785218141.1198208,15,348.84375,4225.5
1785218141.3469243,15,353.15625,4697.5
1785218141.3469243,15,356.671875,2580.25
1785218141.3469243,15,358.328125,2577.75
1785218141.3469243,15,0.0,2589.5
1785218141.3469243,15,1.609375,2599.5
1785218141.3469243,15,3.28125,2617.5
1785218141.3469243,15,4.875,2630.25
1785218141.3469243,15,6.53125,2640.75
1785218141.3469243,15,8.1875,2686.25
1785218141.3469243,15,9.828125,2692.5
1785218141.3469243,11,11.4375,2685.25
1785218141.3469243,15,172.796875,1375.25
1785218141.3469243,15,176.046875,1365.0
1785218141.3469243,8,177.71875,1360.25
1785218141.3469243,15,179.359375,1363.75
1785218141.3469243,15,180.953125,1369.25
1785218141.3469243,14,217.859375,9766.0
1785218141.3469243,15,221.171875,9037.5
1785218141.3469243,15,222.8125,8794.25
1785218141.3469243,15,224.46875,8582.5
1785218141.3469243,15,230.96875,7784.75
1785218141.3469243,15,232.609375,7620.0
1785218141.3469243,15,235.90625,7243.75
1785218141.3469243,15,237.53125,7187.25
1785218141.3469243,15,252.328125,6057.0
1785218141.3469243,15,253.96875,5996.5
1785218141.3469243,15,255.609375,5960.75
1785218141.3469243,15,257.25,5928.75
1785218141.3469243,15,258.890625,5895.0
1785218141.3469243,15,260.53125,5932.75
1785218141.3469243,15,263.796875,6293.5
1785218141.3469243,15,265.4375,6277.5
1785218141.3469243,15,267.0625,6250.5
1785218141.3469243,15,268.71875,6302.75
1785218141.3469243,15,270.359375,6306.5
1785218141.3469243,15,272.0,6265.25
1785218141.3469243,15,331.359375,4321.25
1785218141.3469243,15,333.015625,4324.5
1785218141.3469243,11,341.1875,4720.5
1785218141.3469243,15,342.84375,4738.75
1785218141.3469243,15,347.734375,4225.25
1785218141.4577355,14,350.96875,4810.0
1785218141.4577355,15,352.609375,4850.25
1785218141.4577355,15,356.125,2589.0
1785218141.4577355,15,357.8125,2583.75
1785218141.4577355,15,359.40625,2588.25
1785218141.4577355,15,1.078125,2604.25
1785218141.4577355,15,2.71875,2617.0
1785218141.4577355,15,4.34375,2617.5
1785218141.4577355,15,5.984375,2630.25
1785218141.4577355,15,7.625,2676.0
1785218141.4577355,15,9.234375,2688.75
1785218141.4577355,15,10.875,2683.25
1785218141.4577355,15,172.4375,1380.75
1785218141.4577355,15,175.65625,1362.75
1785218141.4577355,15,177.328125,1359.5
1785218141.4577355,15,178.984375,1361.75
1785218141.4577355,15,180.6875,1360.25
1785218141.4577355,13,210.9375,11719.75
1785218141.4577355,8,212.578125,11639.75
1785218141.4577355,14,217.53125,9825.0
1785218141.4577355,15,222.484375,8796.0
1785218141.4577355,15,224.140625,8633.0
1785218141.4577355,15,225.78125,8418.75
1785218141.4577355,15,232.359375,7672.75
1785218141.4577355,15,234.0,7508.0
1785218141.4577355,15,238.953125,7069.5
1785218141.4577355,15,240.578125,6932.25
1785218141.4577355,15,242.234375,6843.75
1785218141.4577355,15,252.15625,6087.25
1785218141.4577355,15,253.796875,6020.25
1785218141.4577355,15,255.4375,5991.0
1785218141.4577355,15,257.09375,5942.0
1785218141.4577355,15,258.734375,5917.75
1785218141.4577355,15,260.375,5941.0
1785218141.4577355,15,263.65625,6252.5
1785218141.4577355,15,265.3125,6260.75
1785218141.4577355,10,340.984375,4411.25
1785218141.4577355,7,342.625,4492.25
1785218141.4577355,7,344.265625,4589.0
1785218141.569764,15,350.859375,4737.25
1785218141.569764,15,352.484375,4769.5
1785218141.569764,15,356.03125,2601.25
1785218141.569764,15,357.71875,2580.5
1785218141.569764,14,359.34375,2591.0
1785218141.569764,15,0.953125,2619.5
1785218141.569764,15,2.625,2620.5
1785218141.569764,15,4.265625,2623.75
1785218141.569764,15,5.90625,2631.25
1785218141.569764,7,9.1875,2703.5
1785218141.569764,10,10.734375,2683.75
1785218141.569764,15,172.171875,1386.75
1785218141.569764,9,173.8125,1372.25
1785218141.569764,15,175.484375,1366.75
1785218141.569764,15,177.046875,1359.0
1785218141.569764,15,180.34375,1361.0
1785218141.569764,15,182.015625,1379.25
1785218141.569764,14,217.21875,9993.25
1785218141.569764,15,223.8125,8659.0
1785218141.569764,15,225.453125,8423.25
1785218141.569764,15,232.046875,7708.0
1785218141.569764,8,238.625,7077.25
1785218141.569764,15,240.28125,6951.75
1785218141.569764,15,241.921875,6842.25
1785218141.569764,15,245.21875,6436.5
1785218141.569764,15,251.828125,6122.5
1785218141.569764,15,253.484375,6016.25
1785218141.569764,15,255.125,5974.75
1785218141.569764,15,256.765625,5932.75
1785218141.569764,15,258.40625,5900.75
1785218141.569764,15,260.0625,5923.5
1785218141.569764,15,263.34375,6201.25
1785218141.569764,15,264.984375,6248.0
1785218141.569764,15,266.609375,6301.25
1785218141.569764,15,269.90625,6152.5
1785218141.569764,9,342.34375,4388.25
1785218141.569764,9,343.984375,4427.0
1785218141.569764,10,345.640625,4457.5
1785218141.7916336,15,350.453125,4110.5
1785218141.7916336,15,352.09375,4033.0
1785218141.7916336,15,357.234375,2624.75
1785218141.7916336,15,358.875,2593.75
1785218141.7916336,15,3.84375,2623.0
1785218141.7916336,15,5.4375,2635.5
1785218141.7916336,15,7.09375,2644.25
1785218141.7916336,15,8.765625,2652.75
1785218141.7916336,15,10.375,2675.75
1785218141.7916336,15,173.546875,1366.0
1785218141.7916336,14,176.796875,1361.0
1785218141.7916336,10,178.453125,1363.75
1785218141.7916336,15,180.09375,1367.0
1785218141.7916336,15,181.75,1374.0
1785218141.7916336,15,221.875,8936.75
1785218141.7916336,15,223.5,8703.5
1785218141.7916336,15,225.15625,8498.25
1785218141.7916336,15,238.375,7142.0
1785218141.7916336,15,240.03125,6976.0
1785218141.7916336,15,241.671875,6810.5
1785218141.7916336,15,251.5625,6087.75
1785218141.7916336,15,253.21875,6047.25
1785218141.7916336,15,254.859375,6006.0
1785218141.7916336,15,256.515625,5959.75
1785218141.7916336,15,258.171875,5925.5
1785218141.7916336,15,259.796875,5960.0
1785218141.7916336,15,261.453125,6000.75
1785218141.7916336,7,311.015625,3905.0
1785218141.7916336,12,345.640625,4460.25
1785218141.7916336,7,347.25,4550.0
1785218141.9060528,15,357.375,2635.75
1785218141.9060528,15,359.015625,2605.0
1785218141.9060528,15,3.953125,2629.5
1785218141.9060528,15,5.625,2636.0
1785218141.9060528,15,7.234375,2649.25
1785218141.9060528,15,10.53125,2672.75
1785218141.9060528,15,173.515625,1374.25
1785218141.9060528,15,176.796875,1362.0
1785218141.9060528,15,178.40625,1350.0
1785218141.9060528,15,180.0625,1353.75
1785218141.9060528,15,181.671875,1360.75
1785218141.9060528,15,216.96875,10075.75
1785218141.9060528,14,218.625,9819.0
1785218141.9060528,15,221.921875,9031.75
1785218141.9060528,15,225.21875,8545.75
1785218141.9060528,15,228.5,8130.5
1785218141.9060528,15,230.140625,8002.5
1785218141.9060528,15,231.78125,7805.75
1785218141.9060528,15,253.1875,6112.25
1785218141.9060528,15,254.828125,6047.25
1785218141.9060528,15,256.484375,5974.5
1785218141.9060528,15,258.125,5933.75
1785218141.9060528,15,259.765625,5916.25
1785218141.9060528,15,261.40625,5951.75
1785218141.9060528,15,264.671875,6286.75
1785218141.9060528,15,266.3125,6331.5
1785218141.9060528,15,335.515625,4054.75
1785218141.9060528,10,342.0625,4391.25
1785218141.9060528,8,345.359375,4485.25
1785218141.9060528,8,347.0,4568.75
1785218142.1302583,11,351.671875,4700.75
1785218142.1302583,15,356.828125,2611.25
1785218142.1302583,15,358.5,2603.5
1785218142.1302583,5,0.140625,2616.75
1785218142.1302583,15,1.765625,2629.25
1785218142.1302583,15,3.421875,2622.0
1785218142.1302583,15,5.078125,2633.5
1785218142.1302583,15,6.71875,2644.25
1785218142.1302583,15,8.34375,2649.0
1785218142.1302583,15,10.015625,2677.75
1785218142.1302583,15,11.65625,2708.5
1785218142.1302583,15,176.453125,1364.25
1785218142.1302583,13,178.078125,1355.75
1785218142.1302583,15,179.703125,1348.5
1785218142.1302583,15,181.359375,1342.0
1785218142.1302583,14,183.015625,1346.75
1785218142.1302583,15,184.671875,1356.5
1785218142.1302583,10,219.90625,9783.25
1785218142.1302583,15,223.1875,9062.75
1785218142.1302583,15,224.84375,8843.25
1785218142.1302583,15,226.453125,8621.5
1785218142.1302583,15,241.25,7114.0
1785218142.1302583,15,244.546875,6802.75
1785218142.1302583,15,254.421875,6158.25
1785218142.1302583,15,256.0625,6078.5
1785218142.1302583,15,257.703125,6020.25
1785218142.1302583,15,259.328125,5978.75
1785218142.1302583,15,260.984375,5957.5
1785218142.1302583,15,262.625,5975.5
1785218142.1302583,15,265.890625,6323.5
1785218142.1302583,15,267.546875,6345.75
1785218142.1302583,14,333.46875,4157.75
1785218142.1302583,15,335.125,4121.5
1785218142.1302583,15,338.40625,4146.25
1785218142.1302583,15,340.046875,4234.75
1785218142.1302583,8,343.3125,4328.0
1785218142.1302583,8,344.984375,4430.75
1785218142.1302583,8,346.625,4495.0
1785218142.2403603,12,351.53125,4703.5
1785218142.2403603,15,356.703125,2610.25
1785218142.2403603,15,358.359375,2602.5
1785218142.2403603,15,0.015625,2593.0
1785218142.2403603,15,1.65625,2602.75
1785218142.2403603,15,3.3125,2620.0
1785218142.2403603,15,4.9375,2631.25
1785218142.2403603,15,6.578125,2641.75
1785218142.2403603,10,8.203125,2671.75
1785218142.2403603,15,9.84375,2681.25
1785218142.2403603,8,11.46875,2689.0
1785218142.2403603,15,177.9375,1357.5
1785218142.2403603,15,181.28125,1345.0
1785218142.2403603,15,183.0,1335.0
1785218142.2403603,8,184.640625,1345.0
1785218142.2403603,15,186.25,1356.5
1785218142.2403603,11,219.828125,9996.75
1785218142.2403603,15,226.359375,8671.0
1785218142.2403603,15,228.015625,8507.5
1785218142.2403603,15,229.65625,8279.5
1785218142.2403603,15,231.296875,8102.75
1785218142.2403603,15,232.9375,7949.0
1785218142.2403603,15,234.578125,7760.5
1785218142.2403603,15,244.4375,6917.5
1785218142.2403603,15,252.703125,6300.25
1785218142.2403603,15,254.34375,6189.5
1785218142.2403603,15,255.984375,6111.75
1785218142.2403603,15,257.625,6027.0
1785218142.2403603,15,259.265625,5986.75
1785218142.2403603,15,260.921875,5972.5
1785218142.2403603,15,262.546875,6021.75
1785218142.2403603,15,264.1875,6148.25
1785218142.2403603,15,265.828125,6288.25
1785218142.2403603,15,267.46875,6338.25
1785218142.2403603,11,336.765625,4131.25
1785218142.2403603,15,340.078125,4198.25
1785218142.2403603,15,341.71875,4243.0
1785218142.2403603,15,346.625,4408.75
1785218142.2403603,15,348.28125,4416.75
1785218142.2403603,9,349.921875,4439.0
1785218142.3553119,12,353.1875,4665.25
1785218142.3553119,15,356.71875,2609.5
1785218142.3553119,15,358.375,2612.5
1785218142.3553119,15,0.03125,2605.5
1785218142.3553119,15,1.671875,2605.0
1785218142.3553119,15,3.296875,2622.0
1785218142.3553119,15,4.953125,2633.0
1785218142.3553119,15,6.609375,2643.0
1785218142.3553119,15,9.875,2702.25
1785218142.3553119,15,11.453125,2687.25
1785218142.3553119,9,179.703125,1348.0
1785218142.3553119,15,181.40625,1341.25
1785218142.3553119,15,183.046875,1343.25
1785218142.3553119,15,184.65625,1348.5
1785218142.3553119,15,186.296875,1352.0
1785218142.3553119,15,187.921875,1357.25
1785218142.3553119,15,213.25,11849.75
1785218142.3553119,11,221.46875,9780.0
1785218142.3553119,15,226.40625,8815.75
1785218142.3553119,15,228.078125,8623.75
1785218142.3553119,15,256.09375,6161.75
1785218142.3553119,15,257.734375,6108.75
1785218142.3553119,15,259.375,6021.75
1785218142.3553119,15,261.03125,5962.25
1785218142.3553119,15,262.671875,6042.25
1785218142.3553119,15,264.3125,6123.75
1785218142.3553119,15,341.703125,4208.5
1785218142.3553119,12,346.671875,4409.75
1785218142.3553119,11,348.296875,4419.0
1785218142.3553119,9,349.953125,4444.25
1785218142.5772984,15,351.609375,4408.0
1785218142.5772984,12,353.28125,4462.0
1785218142.5772984,15,356.78125,2640.75
1785218142.5772984,15,358.421875,2624.5
1785218142.5772984,15,1.75,2617.25
1785218142.5772984,15,3.359375,2626.0
1785218142.5772984,15,5.0,2633.5
1785218142.5772984,15,6.640625,2642.25
1785218142.5772984,15,9.9375,2705.75
1785218142.5772984,8,11.5,2687.5
1785218142.5772984,15,181.3125,1357.5
1785218142.5772984,15,182.984375,1338.25
1785218142.5772984,15,184.609375,1338.25
1785218142.5772984,15,186.28125,1336.5
1785218142.5772984,15,187.890625,1338.5
1785218142.5772984,15,189.5,1346.0
1785218142.5772984,15,191.140625,1357.5
1785218142.5772984,9,216.515625,11933.5
1785218142.5772984,14,223.109375,9804.5
1785218142.5772984,15,229.734375,8515.25
1785218142.5772984,15,231.375,8343.25
1785218142.5772984,15,246.21875,7013.5
1785218142.5772984,15,254.46875,6235.0
1785218142.5772984,15,256.125,6246.0
1785218142.5772984,15,257.765625,6201.75
1785218142.5772984,15,259.40625,6128.25
1785218142.5772984,15,261.0625,6085.0
1785218142.5772984,15,262.703125,6041.0
1785218142.5772984,15,265.984375,6181.75
1785218142.5772984,9,269.28125,6408.25
1785218142.5772984,15,346.703125,4126.5
1785218142.6901245,15,351.625,4419.75
1785218142.6901245,15,0.078125,2608.5
1785218142.6901245,15,1.734375,2611.25
1785218142.6901245,15,3.359375,2628.5
1785218142.6901245,15,5.03125,2635.75
1785218142.6901245,15,6.671875,2644.0
1785218142.6901245,15,8.296875,2672.5
1785218142.6901245,7,9.953125,2682.25
1785218142.6901245,8,11.53125,2683.0
1785218142.6901245,15,182.875,1356.5
1785218142.6901245,15,184.5,1340.25
1785218142.6901245,15,186.109375,1341.75
1785218142.6901245,15,187.765625,1340.75
1785218142.6901245,15,189.453125,1341.0
1785218142.6901245,15,191.09375,1344.0
1785218142.6901245,15,192.65625,1356.5
1785218142.6901245,14,214.859375,11837.25
1785218142.6901245,8,218.15625,11793.25
1785218142.6901245,15,223.140625,9915.75
1785218142.6901245,15,229.6875,8677.25
1785218142.6901245,15,232.984375,8204.0
1785218142.6901245,15,234.625,8118.75
1785218142.6901245,15,236.265625,8010.5
1785218142.6901245,15,246.15625,7104.75
1785218142.6901245,15,257.671875,6305.75
1785218142.6901245,15,259.3125,6239.75
1785218142.6901245,15,260.953125,6151.0
1785218142.6901245,15,262.59375,6079.75
1785218142.6901245,15,264.25,6061.25
1785218142.6901245,15,265.875,6119.25
1785218142.6901245,15,346.671875,4131.5
1785218142.6901245,15,348.3125,4092.75
1785218142.8042505,13,351.5625,4570.5
1785218142.8042505,14,353.1875,4667.75
1785218142.8042505,15,0.0,2620.75
1785218142.8042505,15,4.9375,2634.5
1785218142.8042505,15,6.609375,2643.75
1785218142.8042505,15,8.265625,2660.75
1785218142.8042505,9,9.859375,2668.5
1785218142.8042505,14,11.46875,2681.5
1785218142.8042505,15,184.46875,1355.25
1785218142.8042505,15,186.171875,1342.0
1785218142.8042505,15,187.828125,1341.0
1785218142.8042505,15,189.4375,1338.25
1785218142.8042505,15,191.125,1339.25
1785218142.8042505,15,192.75,1345.5
1785218142.8042505,15,194.328125,1359.0
1785218142.8042505,9,218.046875,11920.25
1785218142.8042505,12,224.640625,9801.25
1785218142.8042505,15,229.578125,8801.25
1785218142.8042505,15,231.234375,8634.75
1785218142.8042505,15,246.046875,7176.25
1785218142.8042505,15,247.671875,7116.0
1785218142.8042505,15,255.9375,6368.25
1785218142.8042505,15,257.5625,6310.25
1785218142.8042505,15,259.21875,6247.0
1785218142.8042505,15,260.859375,6193.5
1785218142.8042505,15,262.5,6132.5
1785218142.8042505,15,264.140625,6045.25
1785218142.8042505,15,267.421875,6308.5
1785218142.8042505,15,269.0625,6403.0
1785218142.8042505,15,346.640625,4171.25
1785218142.8042505,15,348.296875,4134.25
1785218143.026708,11,351.46875,4399.5
1785218143.026708,15,353.125,4304.25
1785218143.026708,15,356.609375,2774.25
1785218143.026708,15,359.90625,2639.75
1785218143.026708,15,3.234375,2637.75
1785218143.026708,15,4.875,2639.75
1785218143.026708,15,6.53125,2642.75
1785218143.026708,15,8.140625,2652.25
1785218143.026708,15,9.78125,2659.0
1785218143.026708,15,11.375,2670.5
1785218143.026708,15,187.625,1347.75
1785218143.026708,15,189.25,1339.75
1785218143.026708,15,190.96875,1340.75
1785218143.026708,15,192.59375,1337.75
1785218143.026708,15,194.234375,1337.0
1785218143.026708,15,195.84375,1348.0
1785218143.026708,15,197.453125,1366.0
1785218143.026708,11,224.390625,10056.0
1785218143.026708,13,226.046875,9824.5
1785218143.026708,15,229.34375,9085.75
1785218143.026708,15,231.0,8836.0
1785218143.026708,15,232.640625,8637.25
1785218143.026708,15,245.796875,7262.0
1785218143.026708,15,247.453125,7201.75
1785218143.026708,15,249.09375,7084.75
1785218143.026708,15,259.0,6368.75
1785218143.026708,15,260.640625,6309.5
1785218143.026708,15,262.28125,6277.5
1785218143.026708,15,263.9375,6227.5
1785218143.026708,15,265.5625,6177.0
1785218143.026708,10,333.078125,4149.5
1785218143.026708,15,349.546875,4715.75
1785218143.1389134,15,352.890625,4191.0
1785218143.1389134,15,354.53125,4256.25
1785218143.1389134,15,358.046875,2658.5
1785218143.1389134,15,359.703125,2649.0
1785218143.1389134,15,3.0,2647.75
1785218143.1389134,15,4.65625,2652.0
1785218143.1389134,15,6.296875,2649.0
1785218143.1389134,15,7.921875,2656.5
1785218143.1389134,10,9.578125,2662.5
1785218143.1389134,7,11.171875,2676.5
1785218143.1389134,15,12.796875,2694.0
1785218143.1389134,15,189.0,1346.75
1785218143.1389134,14,190.703125,1337.0
1785218143.1389134,15,192.359375,1335.75
1785218143.1389134,15,193.953125,1334.5
1785218143.1389134,15,195.578125,1341.0
1785218143.1389134,15,197.1875,1351.5
1785218143.1389134,15,198.875,1364.0
1785218143.1389134,8,220.8125,11749.75
1785218143.1389134,13,225.734375,9925.5
1785218143.1389134,15,230.734375,8959.0
1785218143.1389134,15,232.390625,8746.0
1785218143.1389134,15,243.890625,7594.0
1785218143.1389134,15,258.734375,6431.25
1785218143.1389134,15,260.375,6370.0
1785218143.1389134,15,262.015625,6309.5
1785218143.1389134,15,263.65625,6254.25
1785218143.1389134,15,265.3125,6182.0
1785218143.1389134,14,349.203125,4716.5
1785218143.2530258,15,350.859375,4731.5
1785218143.2530258,15,354.203125,4203.25
1785218143.2530258,15,357.6875,2654.0
1785218143.2530258,15,359.34375,2636.5
1785218143.2530258,15,0.953125,2631.5
1785218143.2530258,15,2.625,2628.5
1785218143.2530258,15,4.28125,2647.0
1785218143.2530258,15,5.921875,2648.5
1785218143.2530258,15,7.5625,2650.0
1785218143.2530258,13,9.203125,2693.25
1785218143.2530258,15,10.796875,2697.5
1785218143.2530258,15,12.421875,2687.5
1785218143.2530258,15,191.796875,1339.0
1785218143.2530258,15,193.421875,1338.0
1785218143.2530258,15,195.046875,1345.25
1785218143.2530258,12,198.3125,1360.0
1785218143.2530258,15,200.0,1366.5
1785218143.2530258,8,222.015625,11724.25
1785218143.2530258,8,225.3125,10099.5
1785218143.2530258,13,227.0,9900.0
1785218143.2530258,15,245.125,7526.0
1785218143.2530258,15,250.046875,7139.0
1785218143.2530258,15,259.859375,6439.0
1785218143.2530258,15,261.515625,6392.75
1785218143.2530258,15,263.15625,6308.5
1785218143.2530258,15,264.796875,6240.75
1785218143.3643994,15,357.125,2797.25
1785218143.3643994,15,0.453125,2648.75
1785218143.3643994,15,3.71875,2654.0
1785218143.3643994,15,5.375,2653.0
1785218143.3643994,15,7.0,2648.0
1785218143.3643994,15,8.65625,2659.0
1785218143.3643994,7,10.296875,2668.5
1785218143.3643994,15,11.828125,2674.5
1785218143.3643994,15,191.1875,1363.5
1785218143.3643994,15,192.84375,1342.75
1785218143.3643994,15,194.53125,1338.75
1785218143.3643994,15,196.140625,1343.75
1785218143.3643994,15,197.796875,1346.25
1785218143.3643994,15,199.390625,1350.25
1785218143.3643994,8,221.46875,11881.25
1785218143.3643994,15,226.4375,10097.25
1785218143.3643994,13,228.09375,9822.5
1785218143.3643994,15,244.53125,7630.5
1785218143.3643994,15,246.1875,7461.25
1785218143.3643994,15,247.828125,7315.25
1785218143.3643994,15,249.46875,7253.75
1785218143.3643994,15,251.0625,7181.0
1785218143.3643994,15,260.921875,6458.5
1785218143.3643994,15,262.5625,6416.0
1785218143.3643994,15,264.203125,6301.0
1785218143.5870557,12,352.96875,4715.0
1785218143.5870557,12,354.625,4754.5
1785218143.5870557,15,358.140625,2676.5
1785218143.5870557,15,359.8125,2663.75
1785218143.5870557,15,1.453125,2657.75
1785218143.5870557,15,3.09375,2656.25
1785218143.5870557,15,4.734375,2652.75
1785218143.5870557,15,6.390625,2651.5
1785218143.5870557,15,8.03125,2655.25
1785218143.5870557,15,11.296875,2671.0
1785218143.5870557,15,12.921875,2682.5
1785218143.5870557,15,186.6875,9623.25
1785218143.5870557,15,195.78125,1345.25
1785218143.5870557,15,197.5,1342.75
1785218143.5870557,15,199.09375,1340.75
1785218143.5870557,15,200.703125,1342.25
1785218143.5870557,15,229.421875,9843.25
1785218143.5870557,15,240.953125,8140.0
1785218143.5870557,15,242.578125,7955.25
1785218143.5870557,15,244.234375,7804.75
1785218143.5870557,15,245.875,7704.0
1785218143.5870557,15,247.53125,7536.5
1785218143.5870557,15,249.171875,7389.5
1785218143.5870557,15,250.8125,7280.75
1785218143.5870557,15,252.453125,7185.5
1785218143.5870557,15,260.671875,6473.25
1785218143.5870557,8,262.328125,6388.0
1785218143.6982222,15,351.203125,4728.0
1785218143.6982222,15,352.828125,4735.75
1785218143.6982222,15,354.484375,4783.0
1785218143.6982222,15,359.65625,2696.0
1785218143.6982222,14,1.328125,2649.5
1785218143.6982222,15,2.984375,2646.25
1785218143.6982222,15,4.609375,2655.5
1785218143.6982222,15,6.265625,2654.25
1785218143.6982222,15,7.890625,2659.5
1785218143.6982222,7,9.515625,2705.5
1785218143.6982222,15,11.171875,2719.0
1785218143.6982222,10,12.8125,2692.25
1785218143.6982222,15,197.28125,1343.0
1785218143.6982222,15,198.9375,1347.25
1785218143.6982222,15,200.59375,1347.5
1785218143.6982222,15,202.1875,1347.0
1785218143.6982222,15,203.8125,1367.25
1785218143.6982222,15,221.046875,11834.25
1785218143.6982222,8,222.6875,11785.25
1785218143.6982222,15,230.890625,9744.75
1785218143.6982222,15,242.609375,3871.25
1785218143.6982222,15,247.34375,7637.75
1785218143.6982222,15,249.015625,7528.25
1785218143.6982222,15,250.59375,7376.75
1785218143.8128378,11,350.875,4575.0
1785218143.8128378,9,352.53125,4663.25
1785218143.8128378,14,354.171875,4716.25
1785218143.8128378,15,357.65625,2811.75
1785218143.8128378,15,1.0,2654.25
1785218143.8128378,15,4.265625,2653.75
1785218143.8128378,15,5.90625,2649.75
1785218143.8128378,15,7.578125,2653.0
1785218143.8128378,15,9.21875,2659.25
1785218143.8128378,15,10.8125,2661.5
1785218143.8128378,15,12.46875,2674.5
1785218143.8128378,15,187.71875,9534.75
1785218143.8128378,15,189.375,9563.25
1785218143.8128378,15,193.5,1446.25
1785218143.8128378,15,196.890625,1363.0
1785218143.8128378,15,198.53125,1353.25
1785218143.8128378,15,200.125,1352.75
1785218143.8128378,15,201.78125,1352.75
1785218143.8128378,15,203.34375,1361.0
1785218143.8128378,15,205.03125,1365.25
1785218143.8128378,10,223.78125,11849.5
1785218143.8128378,8,225.4375,11705.25
1785218143.8128378,12,230.40625,9950.5
1785218143.8128378,15,246.84375,7742.75
1785218143.8128378,15,248.5,7632.25
1785218143.8128378,15,253.46875,7224.5
1785218143.9241867,9,350.5625,4665.0
1785218143.9241867,15,352.21875,4707.75
1785218143.9241867,10,353.859375,4748.25
1785218143.9241867,15,355.53125,4788.25
1785218143.9241867,10,359.046875,2685.5
1785218143.9241867,15,0.703125,2663.75
1785218143.9241867,15,3.96875,2659.75
1785218143.9241867,15,5.640625,2654.5
1785218143.9241867,15,7.28125,2651.5
1785218143.9241867,15,8.9375,2652.75
1785218143.9241867,14,10.578125,2664.75
1785218143.9241867,15,12.140625,2692.75
1785218143.9241867,15,13.78125,2696.0
1785218143.9241867,15,189.015625,9626.5
1785218143.9241867,15,190.65625,9617.75
1785218143.9241867,15,199.765625,1349.0
1785218143.9241867,15,201.390625,1352.0
1785218143.9241867,15,203.046875,1356.25
1785218143.9241867,15,207.9375,1410.25
1785218143.9241867,13,231.6875,9840.0
1785218143.9241867,15,243.203125,8166.75
1785218143.9241867,15,244.84375,7992.75
1785218143.9241867,15,246.5,7820.5
1785218143.9241867,7,248.140625,7748.0
1785218143.9241867,12,251.5,7477.0
1785218144.1464736,13,353.234375,4716.25
1785218144.1464736,11,354.875,4756.5
1785218144.1464736,10,1.671875,2681.5
1785218144.1464736,15,3.34375,2672.75
1785218144.1464736,15,4.96875,2666.25
1785218144.1464736,15,6.65625,2657.25
1785218144.1464736,15,8.28125,2655.25
1785218144.1464736,9,9.875,2698.0
1785218144.1464736,15,11.484375,2696.75
1785218144.1464736,15,13.09375,2671.75
1785218144.1464736,15,189.9375,9609.5
1785218144.1464736,15,191.578125,9563.25
1785218144.1464736,15,193.234375,9577.5
1785218144.1464736,15,202.359375,1361.0
1785218144.1464736,15,203.953125,1364.0
1785218144.1464736,15,207.21875,1370.0
1785218144.1464736,15,208.859375,1383.5
1785218144.1464736,13,210.53125,1401.0
1785218144.1464736,14,232.609375,9933.5
1785218144.1464736,15,237.546875,8929.25
1785218144.1464736,15,249.078125,7765.25
1785218144.1464736,14,250.71875,7672.25
1785218144.1464736,15,255.640625,7275.25
1785218144.261051,10,352.796875,4700.25
1785218144.261051,11,354.421875,4738.0
1785218144.261051,11,356.0625,4779.25
1785218144.261051,15,359.609375,2678.25
1785218144.261051,10,1.21875,2667.75
1785218144.261051,15,4.515625,2669.0
1785218144.261051,15,6.15625,2660.75
1785218144.261051,15,7.828125,2664.75
1785218144.261051,15,9.46875,2666.25
1785218144.261051,15,11.03125,2661.0
1785218144.261051,15,12.703125,2666.75
1785218144.261051,15,14.328125,2701.25
1785218144.261051,15,191.109375,9617.5
1785218144.261051,15,192.75,9637.75
1785218144.261051,15,194.390625,9632.0
1785218144.261051,15,203.546875,1365.75
1785218144.261051,15,205.15625,1370.0
1785218144.261051,15,206.859375,1377.25
1785218144.261051,15,210.09375,1380.25
1785218144.261051,13,235.484375,9558.75
1785218144.261051,15,238.765625,8909.0
1785218144.261051,15,240.40625,8731.25
1785218144.261051,15,242.0625,8566.25
1785218144.261051,15,243.703125,8348.5
1785218144.261051,15,250.265625,7726.75
1785218144.261051,11,251.890625,7608.5
1785218144.261051,15,255.1875,7500.75
1785218144.4841268,11,353.328125,4713.75
1785218144.4841268,13,354.9375,4752.75
1785218144.4841268,15,1.75,2675.5
1785218144.4841268,15,3.40625,2669.75
1785218144.4841268,15,5.0625,2667.25
1785218144.4841268,15,6.703125,2659.5
1785218144.4841268,15,8.375,2657.25
1785218144.4841268,15,10.0,2671.0
1785218144.4841268,15,11.640625,2673.0
1785218144.4841268,15,13.296875,2667.25
1785218144.4841268,15,191.921875,9600.5
1785218144.4841268,15,193.578125,9591.75
1785218144.4841268,15,195.21875,9580.25
1785218144.4841268,15,207.609375,1379.25
1785218144.4841268,15,209.3125,1374.75
1785218144.4841268,15,210.953125,1379.0
1785218144.4841268,15,214.140625,1408.75
1785218144.4841268,15,215.765625,1444.75
1785218144.4841268,10,229.65625,11699.75
1785218144.4841268,12,232.953125,10206.5
1785218144.4841268,12,234.578125,9995.25
1785218144.4841268,12,236.234375,9792.5
1785218144.4841268,15,244.453125,8477.75
1785218144.4841268,15,247.9375,3953.0
1785218144.4841268,15,252.6875,7705.5
1785218144.4841268,12,265.859375,6098.0
1785218144.5991452,11,353.1875,4716.25
1785218144.5991452,14,354.828125,4762.75
1785218144.5991452,11,356.484375,4783.0
1785218144.5991452,15,359.984375,2696.0
1785218144.5991452,13,1.640625,2676.75
1785218144.5991452,15,6.609375,2660.75
1785218144.5991452,15,8.234375,2659.5
1785218144.5991452,15,9.859375,2669.5
1785218144.5991452,10,11.453125,2669.25
1785218144.5991452,15,13.109375,2671.25
1785218144.5991452,15,195.0625,9571.75
1785218144.5991452,15,196.703125,9586.25
1785218144.5991452,15,209.0625,1392.0
1785218144.5991452,15,210.6875,1388.5
1785218144.5991452,15,212.328125,1389.75
1785218144.5991452,15,215.5625,1417.0
1785218144.5991452,15,217.203125,1456.0
1785218144.5991452,13,236.0,9857.5
1785218144.5991452,15,240.9375,8962.0
1785218144.5991452,15,242.578125,8717.75
1785218144.5991452,15,244.21875,8547.5
1785218144.5991452,15,245.859375,8446.0
1785218144.5991452,15,252.46875,7777.75
1785218144.5991452,15,255.765625,7592.75
1785218144.5991452,15,257.40625,7456.75
1785218144.5991452,15,260.71875,6191.25
1785218144.7109544,15,359.78125,2721.25
1785218144.7109544,9,1.4375,2694.0
1785218144.7109544,15,4.71875,2682.5
1785218144.7109544,15,6.359375,2665.25
1785218144.7109544,15,8.0,2658.0
1785218144.7109544,15,9.671875,2662.0
1785218144.7109544,15,11.25,2653.25
1785218144.7109544,15,12.875,2648.25
1785218144.7109544,15,14.53125,2675.5
1785218144.7109544,15,193.1875,9740.25
1785218144.7109544,15,194.828125,9650.0
1785218144.7109544,15,196.484375,9574.5
1785218144.7109544,15,208.828125,1394.75
1785218144.7109544,8,210.453125,1399.25
1785218144.7109544,15,212.125,1396.25
1785218144.7109544,15,213.703125,1406.5
1785218144.7109544,15,216.953125,1447.0
1785218144.7109544,15,218.640625,1482.0
1785218144.7109544,12,235.875,10033.5
1785218144.7109544,15,237.5,9827.5
1785218144.7109544,15,245.734375,8520.25
1785218144.7109544,15,249.234375,3881.5
1785218144.7109544,15,253.984375,7715.0
1785218144.7109544,15,255.609375,7624.75
1785218144.7109544,10,257.265625,7572.5
1785218144.7109544,15,263.875,6129.75
1785218144.7109544,9,267.171875,6090.25
1785218144.933339,13,2.640625,2668.0
1785218144.933339,15,4.28125,2660.75
1785218144.933339,15,5.90625,2664.0
1785218144.933339,15,7.5625,2653.0
1785218144.933339,15,9.21875,2656.0
1785218144.933339,8,10.828125,2680.25
1785218144.933339,11,12.46875,2676.25
1785218144.933339,15,14.09375,2669.0
1785218144.933339,15,197.703125,9543.5
1785218144.933339,15,211.71875,1414.5
1785218144.933339,15,213.359375,1407.0
1785218144.933339,15,215.03125,1410.75
1785218144.933339,12,216.671875,1430.25
1785218144.933339,15,218.328125,1441.0
1785218144.933339,11,219.9375,1463.0
1785218144.933339,14,237.203125,10002.0
1785218144.933339,11,238.84375,9796.5
1785218144.933339,15,247.09375,8543.5
1785218145.0442095,12,357.4375,4496.25
1785218145.0442095,11,2.578125,2693.0
1785218145.0442095,15,4.234375,2684.25
1785218145.0442095,15,5.875,2677.25
1785218145.0442095,15,7.53125,2666.5
1785218145.0442095,15,9.171875,2655.25
1785218145.0442095,15,12.40625,2654.5
1785218145.0442095,15,14.03125,2668.5
1785218145.0442095,15,197.5,9569.0
1785218145.0442095,15,199.15625,9554.75
1785218145.0442095,15,211.65625,1440.0
1785218145.0442095,15,213.296875,1411.5
1785218145.0442095,15,214.890625,1409.0
1785218145.0442095,15,216.546875,1424.25
1785218145.0442095,15,218.171875,1446.0
1785218145.0442095,15,219.8125,1457.75
1785218145.0442095,15,221.421875,1476.0
1785218145.0442095,13,238.6875,9937.25
1785218145.0442095,15,243.65625,9051.5
1785218145.0442095,15,246.9375,8632.5
1785218145.0442095,7,263.40625,5986.0
1785218145.1592293,15,2.421875,2702.25
1785218145.1592293,15,7.390625,2668.0
1785218145.1592293,15,9.015625,2660.0
1785218145.1592293,15,10.640625,2661.25
1785218145.1592293,15,12.28125,2655.0
1785218145.1592293,15,13.921875,2657.5
1785218145.1592293,15,197.4375,9620.0
1785218145.1592293,15,199.078125,9579.25
1785218145.1592293,15,213.0625,1446.0
1785218145.1592293,15,214.65625,1415.75
1785218145.1592293,15,216.359375,1412.75
1785218145.1592293,15,217.953125,1429.0
1785218145.1592293,15,219.59375,1440.5
1785218145.1592293,9,236.6875,10090.5
1785218145.1592293,9,238.328125,10078.25
1785218145.1592293,12,239.984375,9854.5
1785218145.1592293,15,244.90625,8873.75
1785218145.1592293,15,246.53125,8733.5
1785218145.1592293,15,248.1875,8591.25
1785218145.1592293,15,249.828125,8398.5
1785218145.3811393,15,0.3125,2747.25
1785218145.3811393,15,1.96875,2698.75
1785218145.3811393,15,5.25,2683.25
1785218145.3811393,15,6.890625,2678.25
1785218145.3811393,15,8.515625,2679.0
1785218145.3811393,15,10.203125,2674.25
1785218145.3811393,10,11.78125,2655.75
1785218145.3811393,15,13.421875,2658.0
1785218145.3811393,15,198.671875,9594.75
1785218145.3811393,15,215.890625,1458.75
1785218145.3811393,15,217.53125,1440.0
1785218145.3811393,15,219.1875,1448.5
1785218145.3811393,15,220.84375,1453.75
1785218145.3811393,15,224.0625,1475.0
1785218145.3811393,9,239.640625,10121.75
1785218145.3811393,13,241.28125,9915.5
1785218145.4938834,11,3.578125,2681.25
1785218145.4938834,15,5.234375,2676.25
1785218145.4938834,15,6.90625,2679.75
1785218145.4938834,15,8.546875,2678.5
1785218145.4938834,15,10.1875,2672.0
1785218145.4938834,13,11.75,2678.0
1785218145.4938834,15,13.4375,2666.5
1785218145.4938834,15,200.3125,9663.5
1785218145.4938834,15,214.234375,1504.5
1785218145.4938834,15,219.1875,1453.75
1785218145.4938834,15,220.828125,1458.5
1785218145.4938834,15,224.109375,1471.25
1785218145.4938834,15,225.6875,1504.0
1785218145.4938834,9,239.703125,10131.0
1785218145.4938834,15,241.34375,9941.25
1785218145.4938834,11,243.0,9735.75
1785218145.605271,15,3.671875,2684.25
1785218145.605271,15,5.3125,2674.5
1785218145.605271,15,6.984375,2679.75
1785218145.605271,15,8.59375,2675.75
1785218145.605271,15,10.265625,2666.25
1785218145.605271,10,11.828125,2671.0
1785218145.605271,15,13.46875,2659.75
1785218145.605271,15,169.75,2481.25
1785218145.605271,15,202.15625,9615.25
1785218145.605271,12,217.71875,1495.25
1785218145.605271,15,219.453125,1465.75
1785218145.605271,15,221.046875,1465.0
1785218145.605271,15,222.703125,1474.25
1785218145.605271,15,224.34375,1492.25
1785218145.605271,15,225.921875,1506.25
1785218145.605271,15,229.140625,1593.0
1785218145.605271,10,241.5625,9992.5
1785218145.605271,11,243.21875,9812.25
1785218145.8305256,15,2.390625,2714.75
1785218145.8305256,15,4.03125,2701.0
1785218145.8305256,15,5.6875,2685.75
1785218145.8305256,15,7.328125,2680.25
1785218145.8305256,15,9.0,2670.5
1785218145.8305256,15,10.609375,2661.5
1785218145.8305256,15,13.90625,2659.0
1785218145.8305256,15,170.1875,2333.25
1785218145.8305256,10,192.671875,8808.0
1785218145.8305256,15,200.875,9728.5
1785218145.8305256,15,202.53125,9713.75
1785218145.8305256,15,204.1875,9617.75
1785218145.8305256,15,221.453125,1492.75
1785218145.8305256,9,223.109375,1486.5
1785218145.8305256,15,224.734375,1492.5
1785218145.8305256,15,227.9375,1512.0
1785218145.8305256,12,243.578125,9959.25
1785218145.9413931,11,357.265625,4720.0
1785218145.9413931,15,4.078125,2708.0
1785218145.9413931,15,5.703125,2692.0
1785218145.9413931,15,7.375,2680.5
1785218145.9413931,15,9.03125,2670.75
1785218145.9413931,15,10.65625,2661.25
1785218145.9413931,9,12.28125,2656.75
1785218145.9413931,15,13.90625,2657.75
1785218145.9413931,15,170.09375,2271.25
1785218145.9413931,15,204.171875,9595.25
1785218145.9413931,15,219.75,1532.0
1785218145.9413931,12,223.09375,1498.5
1785218145.9413931,15,224.734375,1495.0
1785218145.9413931,15,227.96875,1520.5
1785218145.9413931,15,229.546875,1540.0
1785218145.9413931,9,243.59375,10052.5
1785218146.1671777,15,3.78125,2719.75
1785218146.1671777,15,5.4375,2690.0
1785218146.1671777,15,7.0625,2680.75
1785218146.1671777,15,8.734375,2673.75
1785218146.1671777,15,10.375,2660.75
1785218146.1671777,15,12.0,2667.0
1785218146.1671777,15,13.625,2663.25
1785218146.1671777,15,203.578125,9652.25
1785218146.1671777,15,205.234375,9707.75
1785218146.1671777,15,222.4375,1548.5
1785218146.1671777,15,225.71875,1517.75
1785218146.1671777,15,229.03125,1516.0
1785218146.1671777,12,230.65625,1554.5
1785218146.1671777,10,246.25,9870.25
1785218146.2784653,13,3.3125,2723.5
1785218146.2784653,15,6.640625,2700.75
1785218146.2784653,15,8.25,2679.75
1785218146.2784653,15,9.921875,2670.75
1785218146.2784653,15,11.421875,2667.5
1785218146.2784653,15,13.09375,2654.5
1785218146.2784653,15,14.734375,2641.0
1785218146.2784653,15,206.328125,9647.75
1785218146.2784653,15,223.515625,1566.75
1785218146.2784653,15,228.484375,1543.0
1785218146.2784653,15,230.109375,1543.0
1785218146.2784653,8,231.734375,1561.75
1785218146.2784653,8,247.375,9794.25
1785218146.2784653,13,263.875,6761.25
1785218146.5015218,10,359.203125,4760.5
1785218146.5015218,15,6.046875,2714.5
1785218146.5015218,15,7.6875,2676.5
1785218146.5015218,15,9.328125,2674.75
1785218146.5015218,15,10.890625,2672.25
1785218146.5015218,15,170.265625,1915.25
1785218146.5015218,15,205.796875,9607.0
1785218146.5015218,15,207.4375,9621.0
1785218146.5015218,15,226.265625,1585.25
1785218146.5015218,15,227.953125,1565.25
1785218146.5015218,15,229.546875,1561.0
1785218146.5015218,13,231.234375,1569.75
1785218146.5015218,15,232.859375,1589.5
1785218146.5015218,15,234.515625,1607.5
1785218146.5015218,13,316.109375,3850.5
1785218146.6164725,14,2.4375,2762.0
1785218146.6164725,10,4.109375,2722.5
1785218146.6164725,15,7.390625,2694.25
1785218146.6164725,15,9.046875,2675.75
1785218146.6164725,15,10.625,2663.25
1785218146.6164725,15,12.28125,2656.5
1785218146.6164725,15,13.921875,2653.0
1785218146.6164725,15,170.140625,1876.25
1785218146.6164725,15,171.75,1890.25
1785218146.6164725,15,197.453125,8905.0
1785218146.6164725,15,207.28125,9731.25
1785218146.6164725,15,208.921875,9781.75
1785218146.6164725,15,227.71875,1592.5
1785218146.6164725,15,229.359375,1579.0
1785218146.6164725,15,231.03125,1579.0
1785218146.6164725,15,232.640625,1586.5
1785218146.6164725,15,234.296875,1594.0
1785218146.6164725,11,235.953125,1606.5
1785218146.6164725,15,261.640625,4349.0
1785218146.8386304,15,4.0625,2746.5
1785218146.8386304,8,5.703125,2727.5
1785218146.8386304,15,7.359375,2705.0
1785218146.8386304,15,9.015625,2679.0
1785218146.8386304,15,10.671875,2666.75
1785218146.8386304,15,12.296875,2656.75
1785218146.8386304,8,13.953125,2663.5
1785218146.8386304,15,170.40625,1844.5
1785218146.8386304,15,173.65625,1849.25
1785218146.8386304,15,199.359375,9007.75
1785218146.8386304,15,207.546875,9593.0
1785218146.8386304,15,209.1875,9581.25
1785218146.8386304,15,210.828125,9684.25
1785218146.8386304,15,229.578125,1631.5
1785218146.8386304,15,231.234375,1609.25
1785218146.8386304,15,234.5,1614.25
1785218146.8386304,15,236.171875,1625.25
1785218146.8386304,15,237.796875,1636.75
1785218146.8386304,15,240.984375,1743.25
1785218146.8386304,12,317.9375,3899.0
1785218147.061726,12,5.90625,2727.75
1785218147.061726,15,7.578125,2699.75
1785218147.061726,15,9.25,2689.25
1785218147.061726,15,10.8125,2674.25
1785218147.061726,15,12.453125,2659.5
1785218147.061726,15,14.09375,2641.25
1785218147.061726,15,172.046875,1838.25
1785218147.061726,15,173.734375,1838.75
1785218147.061726,15,175.375,1846.0
1785218147.061726,15,176.984375,1869.75
1785218147.061726,14,201.015625,8974.5
1785218147.061726,15,209.15625,9731.75
1785218147.061726,15,210.796875,9799.5
1785218147.061726,15,212.4375,9793.5
1785218147.061726,15,232.859375,1640.5
1785218147.061726,15,234.484375,1632.0
1785218147.061726,15,236.125,1633.0
1785218147.061726,15,237.8125,1640.25
1785218147.061726,15,239.4375,1654.75
1785218147.061726,15,241.0625,1684.75
1785218147.061726,12,311.203125,3889.5
1785218147.061726,8,317.796875,3847.0
1785218147.061726,9,319.421875,3844.75
1785218147.061726,9,322.796875,3847.0
1785218147.1754391,15,5.765625,2729.75
1785218147.1754391,15,7.40625,2707.75
1785218147.1754391,15,9.078125,2683.25
1785218147.1754391,15,10.65625,2669.75
1785218147.1754391,15,12.28125,2657.75
1785218147.1754391,15,171.875,1842.25
1785218147.1754391,15,173.53125,1833.5
1785218147.1754391,15,176.859375,1842.25
1785218147.1754391,15,210.671875,9807.75
1785218147.1754391,15,212.3125,9736.75
1785218147.1754391,15,234.453125,1653.25
1785218147.1754391,15,236.078125,1647.75
1785218147.1754391,15,237.734375,1645.5
1785218147.1754391,15,317.65625,3897.75
1785218147.1754391,12,319.296875,3889.0
1785218147.1754391,7,320.9375,3895.0
1785218147.3986087,9,3.796875,2791.25
1785218147.3986087,15,5.46875,2751.0
1785218147.3986087,15,8.734375,2711.75
1785218147.3986087,15,10.40625,2674.5
1785218147.3986087,15,11.984375,2656.25
1785218147.3986087,15,13.625,2649.0
1785218147.3986087,15,174.703125,1837.5
1785218147.3986087,15,176.359375,1832.25
1785218147.3986087,15,178.0,1833.0
1785218147.3986087,15,179.671875,1841.0
1785218147.3986087,15,211.875,9773.25
1785218147.3986087,15,235.625,1696.5
1785218147.3986087,15,237.265625,1680.0
1785218147.3986087,15,238.921875,1677.25
1785218147.3986087,15,240.578125,1681.5
1785218147.3986087,15,242.21875,1696.25
1785218147.3986087,15,245.421875,1784.25
1785218147.3986087,13,320.71875,3909.0
1785218147.3986087,9,322.359375,3908.25
1785218147.3986087,15,324.0,3890.75
1785218147.6245608,15,8.484375,2722.5
1785218147.6245608,15,10.109375,2686.25
1785218147.6245608,15,11.734375,2664.5
1785218147.6245608,15,13.375,2649.5
1785218147.6245608,15,177.734375,1831.5
1785218147.6245608,15,179.453125,1810.0
1785218147.6245608,15,181.078125,1812.75
1785218147.6245608,15,182.671875,1850.25
1785218147.6245608,15,213.34375,9790.75
1785218147.6245608,12,214.984375,9881.75
1785218147.6245608,15,238.640625,1718.0
1785218147.6245608,15,240.3125,1709.75
1785218147.6245608,15,245.15625,1733.75
1785218147.6245608,9,246.765625,1781.5
1785218147.6245608,9,321.9375,3914.5
1785218147.6245608,10,323.609375,3904.5
1785218147.736959,15,6.671875,2726.25
1785218147.736959,15,8.3125,2694.0
1785218147.736959,15,9.984375,2684.5
1785218147.736959,15,11.53125,2668.0
1785218147.736959,15,13.171875,2652.75
1785218147.736959,15,179.265625,1827.0
1785218147.736959,15,180.890625,1811.25
1785218147.736959,15,182.515625,1813.0
1785218147.736959,15,184.15625,1854.25
1785218147.736959,15,214.734375,9705.0
1785218147.736959,15,216.375,9807.75
1785218147.736959,15,240.09375,1730.5
1785218147.736959,10,243.328125,1743.25
1785218147.736959,15,246.609375,1786.0
1785218147.736959,15,248.25,1837.75
1785218147.736959,10,255.84375,10068.5
1785218147.736959,13,257.5,9866.5
1785218147.736959,10,259.140625,9728.75
1785218147.736959,5,325.078125,3804.25
1785218147.9600825,15,11.1875,2672.75
1785218147.9600825,15,12.859375,2644.0
1785218147.9600825,15,182.265625,1831.0
1785218147.9600825,15,183.921875,1815.25
1785218147.9600825,15,185.578125,1821.0
1785218147.9600825,15,217.765625,9856.75
1785218147.9600825,15,241.4375,1778.75
1785218147.9600825,15,243.09375,1767.0
1785218147.9600825,15,244.671875,1769.5
1785218147.9600825,15,247.953125,1795.0
1785218147.9600825,12,257.15625,10193.75
1785218147.9600825,13,258.8125,9925.0
1785218147.9600825,15,260.4375,9711.5
1785218147.9600825,15,263.734375,9158.5
1785218147.9600825,15,265.375,8931.0
1785218147.9600825,13,267.015625,8755.25
1785218147.9600825,12,326.4375,3910.5
1785218147.9600825,9,328.109375,3902.25
1785218148.1850514,15,9.140625,2708.5
1785218148.1850514,15,10.75,2676.5
1785218148.1850514,15,12.40625,2658.25
1785218148.1850514,15,14.046875,2638.75
1785218148.1850514,15,183.5,1826.75
1785218148.1850514,15,185.140625,1820.75
1785218148.1850514,15,186.796875,1811.25
1785218148.1850514,15,188.453125,1824.75
1785218148.1850514,15,215.6875,9847.75
1785218148.1850514,15,217.3125,9869.0
1785218148.1850514,15,218.953125,9884.25
1785218148.1850514,15,242.546875,1827.25
1785218148.1850514,15,244.15625,1811.0
1785218148.1850514,15,245.796875,1803.0
1785218148.1850514,15,247.40625,1800.5
1785218148.1850514,15,249.0625,1834.25
1785218148.1850514,15,250.65625,1874.75
1785218148.1850514,15,261.546875,9736.25
1785218148.1850514,13,263.203125,9466.25
1785218148.1850514,15,266.484375,8927.5
1785218148.1850514,15,268.109375,8815.75
1785218148.1850514,15,269.765625,8660.5
1785218148.4081438,15,9.765625,2714.0
1785218148.4081438,15,11.421875,2676.25
1785218148.4081438,15,13.0625,2652.5
1785218148.4081438,15,14.71875,2652.5
1785218148.4081438,15,185.625,1829.0
1785218148.4081438,15,187.28125,1818.5
1785218148.4081438,15,188.9375,1804.75
1785218148.4081438,15,190.53125,1811.5
1785218148.4081438,15,217.734375,9808.0
1785218148.4081438,15,219.375,9841.0
1785218148.4081438,15,221.015625,9853.75
1785218148.4081438,15,244.59375,1860.0
1785218148.4081438,15,246.25,1836.5
1785218148.4081438,15,247.890625,1840.0
1785218148.4081438,15,251.203125,1866.5
1785218148.4081438,15,252.84375,1902.75
1785218148.4081438,15,260.4375,10160.75
1785218148.4081438,15,262.078125,9901.0
1785218148.4081438,15,263.71875,9679.25
1785218148.4081438,15,268.65625,8795.5
1785218148.4081438,8,270.3125,8734.0
1785218148.4081438,8,275.1875,8539.0
1785218148.4081438,15,285.078125,6897.75
1785218148.4081438,11,324.703125,4118.0
1785218148.4081438,8,326.359375,4083.25
1785218148.6332715,15,9.09375,2736.0
1785218148.6332715,15,10.640625,2687.0
1785218148.6332715,15,12.28125,2661.0
1785218148.6332715,15,13.921875,2642.5
1785218148.6332715,15,188.28125,1820.5
1785218148.6332715,15,189.890625,1811.75
1785218148.6332715,15,191.5625,1803.25
1785218148.6332715,15,193.1875,1815.75
1785218148.6332715,15,220.328125,9970.25
1785218148.6332715,14,221.96875,9951.5
1785218148.6332715,15,248.875,1878.75
1785218148.6332715,15,252.203125,1891.5
1785218148.6332715,15,253.84375,1924.75
1785218148.6332715,14,263.078125,9918.0
1785218148.6332715,13,264.71875,9741.5
1785218148.6332715,12,266.390625,9499.75
1785218148.6332715,15,269.671875,8913.5
1785218148.6332715,15,277.859375,8291.75
1785218148.6332715,7,279.5,8227.0
1785218148.8572588,15,11.890625,2675.0
1785218148.8572588,15,13.515625,2645.0
1785218148.8572588,15,192.703125,1811.75
1785218148.8572588,15,194.375,1808.5
1785218148.8572588,15,195.96875,1826.5
1785218148.8572588,15,220.0625,9996.5
1785218148.8572588,15,221.703125,9913.0
1785218148.8572588,15,223.359375,9967.75
1785218148.8572588,15,248.546875,1930.5
1785218148.8572588,15,250.203125,1922.0
1785218148.8572588,15,253.484375,1936.25
1785218148.8572588,15,255.078125,1956.5
1785218148.8572588,11,262.6875,10234.75
1785218148.8572588,13,264.328125,9996.5
1785218148.8572588,15,265.984375,9730.25
1785218148.8572588,15,267.625,9504.5
1785218148.8572588,15,269.28125,9280.25
1785218148.8572588,15,270.921875,9036.75
1785218148.8572588,15,272.5625,8856.5
1785218148.8572588,15,274.203125,8712.25
1785218148.8572588,13,275.796875,8588.5
1785218149.082086,12,8.21875,2735.25
1785218149.082086,15,9.875,2699.25
1785218149.082086,15,11.5,2683.0
1785218149.082086,15,13.15625,2655.25
1785218149.082086,15,14.8125,2641.25
1785218149.082086,15,192.34375,1835.5
1785218149.082086,15,194.03125,1816.0
1785218149.082086,15,195.609375,1821.25
1785218149.082086,15,197.28125,1822.5
1785218149.082086,15,222.953125,9961.75
1785218149.082086,15,224.59375,10061.5
1785218149.082086,15,246.34375,2261.5
1785218149.082086,15,251.375,1955.5
1785218149.082086,15,253.0,1954.5
1785218149.082086,15,254.65625,1957.0
1785218149.082086,13,263.90625,10258.25
1785218149.082086,14,265.546875,10033.25
1785218149.082086,15,267.203125,9830.75
1785218149.082086,11,268.828125,9607.5
1785218149.082086,15,273.765625,8839.5
1785218149.305002,15,11.109375,2710.25
1785218149.305002,15,12.765625,2663.0
1785218149.305002,15,14.421875,2638.75
1785218149.305002,15,195.40625,1826.75
1785218149.305002,15,197.03125,1814.0
1785218149.305002,15,198.703125,1804.5
1785218149.305002,15,200.34375,1818.75
1785218149.305002,14,224.296875,10023.0
1785218149.305002,15,225.953125,10004.25
1785218149.305002,7,240.609375,11911.25
1785218149.305002,15,252.765625,1998.5
1785218149.305002,15,254.40625,1990.0
1785218149.305002,15,256.015625,2000.25
1785218149.305002,15,257.640625,2026.25
1785218149.305002,15,259.296875,2076.5
1785218149.305002,15,266.953125,9988.75
1785218149.305002,10,268.59375,9805.0
1785218149.305002,10,281.765625,7428.75
1785218149.305002,8,336.265625,3941.75
1785218149.531861,15,11.015625,2728.5
1785218149.531861,15,12.65625,2671.25
1785218149.531861,15,14.3125,2637.0
1785218149.531861,15,198.65625,1826.5
1785218149.531861,15,200.328125,1823.25
1785218149.531861,15,201.9375,1823.25
1785218149.531861,15,203.5,1845.75
1785218149.531861,15,224.265625,10079.5
1785218149.531861,15,225.90625,10137.0
1785218149.531861,15,227.5625,10222.25
1785218149.531861,15,254.46875,2038.25
1785218149.531861,15,256.109375,2029.75
1785218149.531861,15,257.71875,2041.25
1785218149.531861,15,259.375,2069.0
1785218149.8664834,15,14.25,2746.75
1785218149.8664834,15,192.875,11823.5
1785218149.8664834,15,194.53125,11720.0
1785218149.8664834,15,201.75,1837.75
1785218149.8664834,15,203.421875,1831.0
1785218149.8664834,15,205.0625,1828.5
1785218149.8664834,15,206.6875,1847.75
1785218149.8664834,15,227.4375,10144.0
1785218149.8664834,15,257.515625,2077.0
1785218149.8664834,15,259.15625,2076.75
1785218149.8664834,10,260.765625,2103.5
1785218149.8664834,15,262.40625,2148.5
1785218149.8664834,8,342.875,3669.5
1785218150.0920236,9,171.3125,12496.0
1785218150.0920236,14,194.328125,11819.25
1785218150.0920236,15,195.96875,11707.25
1785218150.0920236,15,203.1875,1843.0
1785218150.0920236,15,204.875,1824.0
1785218150.0920236,15,206.4375,1827.5
1785218150.0920236,15,209.765625,1861.5
1785218150.0920236,15,228.8125,10188.25
1785218150.0920236,15,253.875,2425.5
1785218150.0920236,15,258.890625,2128.5
1785218150.0920236,7,334.265625,3656.5
1785218150.0920236,15,335.921875,3605.25
1785218150.0920236,8,340.859375,3607.25
1785218150.3138394,15,13.96875,2657.5
1785218150.3138394,15,204.984375,1847.25
1785218150.3138394,15,206.609375,1824.75
1785218150.3138394,15,208.28125,1820.25
1785218150.3138394,15,229.015625,10175.25
1785218150.3138394,15,230.65625,10208.5
1785218150.3138394,15,232.296875,10312.25
1785218150.3138394,15,262.375,2171.75
1785218150.3138394,8,311.4375,3911.0
1785218150.3138394,14,336.296875,3633.5
1785218150.540375,7,352.890625,3625.25
1785218150.540375,15,14.421875,2652.0
1785218150.540375,7,173.59375,12364.75
1785218150.540375,15,196.546875,11929.75
1785218150.540375,15,205.453125,1889.5
1785218150.540375,15,207.125,1852.25
1785218150.540375,15,208.75,1830.25
1785218150.540375,15,210.359375,1821.75
1785218150.540375,15,231.078125,10316.0
1785218150.540375,15,232.71875,10283.0
1785218150.540375,15,234.359375,10269.75
1785218150.540375,15,264.421875,2230.25
1785218150.540375,15,266.0625,2258.75
1785218150.540375,15,267.65625,2307.75
1785218150.540375,14,335.0,3610.75
1785218150.540375,15,336.65625,3567.0
1785218150.540375,10,339.921875,3615.75
1785218150.7622154,15,13.078125,2672.25
1785218150.7622154,15,14.703125,2644.5
1785218150.7622154,15,207.234375,1898.25
1785218150.7622154,15,208.90625,1856.25
1785218150.7622154,15,210.546875,1832.5
1785218150.7622154,15,212.171875,1826.75
1785218150.7622154,15,232.921875,10322.0
1785218150.7622154,13,264.625,2265.25
1785218150.7622154,15,266.28125,2288.25
1785218150.7622154,15,267.90625,2322.5
1785218150.7622154,8,333.53125,3655.25
1785218150.7622154,15,335.171875,3615.0
1785218150.7622154,15,336.84375,3571.0
1785218150.7622154,10,338.484375,3548.75
1785218150.7622154,7,350.015625,3678.25
1785218150.9886043,15,14.578125,2657.0
1785218150.9886043,15,210.203125,1872.5
1785218150.9886043,15,211.8125,1850.75
1785218150.9886043,15,213.46875,1839.5
1785218150.9886043,15,215.078125,1842.0
1785218150.9886043,15,234.109375,10402.75
1785218150.9886043,15,235.75,10412.75
1785218150.9886043,14,252.15625,12063.25
1785218150.9886043,9,264.15625,2298.5
1785218150.9886043,5,265.765625,2300.0
1785218150.9886043,15,267.390625,2329.0
1785218150.9886043,15,269.03125,2356.25
1785218150.9886043,9,289.984375,5039.75
1785218150.9886043,11,337.9375,3622.0
1785218151.2118773,15,14.125,2661.75
1785218151.2118773,15,209.921875,1880.75
1785218151.2118773,10,213.203125,1858.25
1785218151.2118773,15,214.875,1845.75
1785218151.2118773,15,233.921875,10378.5
1785218151.2118773,15,265.609375,2301.25
1785218151.2118773,15,267.203125,2320.5
1785218151.2118773,15,268.875,2344.75
1785218151.2118773,12,336.140625,3620.25
1785218151.2118773,13,337.78125,3588.25
1785218151.4338455,15,14.15625,2665.5
1785218151.4338455,9,176.515625,12360.25
1785218151.4338455,15,210.078125,1872.75
1785218151.4338455,13,211.734375,1857.25
1785218151.4338455,15,213.359375,1849.5
1785218151.4338455,15,215.0,1847.5
1785218151.4338455,15,234.0625,10391.0
1785218151.4338455,15,235.703125,10411.75
1785218151.4338455,9,247.171875,11858.25
1785218151.4338455,11,252.109375,12007.5
1785218151.4338455,15,265.75,2307.0
1785218151.4338455,15,267.390625,2317.25
1785218151.4338455,15,269.0625,2346.0
1785218151.4338455,15,336.453125,3586.75
1785218151.4338455,9,338.09375,3596.25
1785218151.4338455,10,346.359375,3642.5
1785218151.7715008,15,13.359375,2671.0
1785218151.7715008,15,209.203125,1892.75
1785218151.7715008,15,210.890625,1860.0
1785218151.7715008,15,212.5,1852.75
1785218151.7715008,15,214.171875,1841.25
1785218151.7715008,8,215.828125,1851.5
1785218151.7715008,15,234.921875,10305.25
1785218151.7715008,15,236.5625,10316.0
1785218151.7715008,15,268.3125,2319.25
1785218151.7715008,15,269.890625,2370.75
1785218151.7715008,11,330.625,3668.25
1785218151.7715008,9,335.5625,3630.25
1785218151.7715008,15,337.234375,3594.5
1785218151.7715008,7,338.890625,3581.75
1785218151.9945955,15,11.890625,2700.25
1785218151.9945955,15,13.5625,2671.0
1785218151.9945955,9,175.84375,12490.25
1785218151.9945955,15,209.359375,1890.25
1785218151.9945955,15,211.015625,1862.25
1785218151.9945955,15,212.59375,1852.75
1785218151.9945955,15,214.296875,1839.5
1785218151.9945955,11,233.375,10221.5
1785218151.9945955,15,235.03125,10242.25
1785218151.9945955,15,236.671875,10397.75
1785218151.9945955,15,268.359375,2317.0
1785218151.9945955,15,270.0,2377.0
1785218151.9945955,10,335.703125,3627.75
1785218151.9945955,15,337.375,3592.75
1785218151.9945955,10,347.203125,3635.5
1785218152.1083791,15,12.0,2702.0
1785218152.1083791,15,13.625,2659.75
1785218152.1083791,15,209.453125,1889.25
1785218152.1083791,15,211.078125,1862.0
1785218152.1083791,15,212.71875,1853.5
1785218152.1083791,15,214.390625,1840.5
1785218152.1083791,15,233.421875,10238.75
1785218152.1083791,15,235.0625,10256.0
1785218152.1083791,15,236.71875,10406.75
1785218152.1083791,15,268.359375,2316.75
1785218152.1083791,15,270.0,2378.25
1785218152.1083791,13,335.796875,3628.5
1785218152.1083791,15,337.4375,3591.25
1785218152.1083791,9,347.296875,3634.75
1785218152.330902,15,13.671875,2662.5
1785218152.330902,10,175.796875,12400.75
1785218152.330902,15,209.359375,1889.0
1785218152.330902,15,210.953125,1861.25
1785218152.330902,15,212.59375,1853.75
1785218152.330902,15,214.296875,1840.75
1785218152.330902,15,234.9375,10316.75
1785218152.330902,15,236.59375,10365.5
1785218152.330902,15,268.34375,2317.0
1785218152.330902,15,269.953125,2371.75
1785218152.330902,9,335.609375,3627.5
1785218152.330902,13,337.234375,3593.5
1785218152.330902,9,347.15625,3637.5
1785218152.6685932,15,14.171875,2662.5
1785218152.6685932,8,176.765625,12442.5
1785218152.6685932,9,178.34375,12732.5
1785218152.6685932,15,210.21875,1875.0
1785218152.6685932,15,213.53125,1857.25
1785218152.6685932,15,215.140625,1860.75
1785218152.6685932,15,232.640625,10225.75
1785218152.6685932,15,234.265625,10338.25
1785218152.6685932,15,235.921875,10355.0
1785218152.6685932,12,249.046875,11907.0
1785218152.6685932,10,250.6875,11970.25
1785218152.6685932,15,267.609375,2312.25
1785218152.6685932,15,269.25,2348.5
1785218152.6685932,15,335.015625,3612.0
1785218152.6685932,15,336.671875,3579.25
1785218152.6685932,10,338.328125,3597.75
1785218152.8925664,8,14.828125,2648.75
1785218152.8925664,7,177.25,12516.75
1785218152.8925664,15,209.15625,1887.0
1785218152.8925664,15,210.859375,1855.75
1785218152.8925664,15,212.5,1837.0
1785218152.8925664,15,214.171875,1830.5
1785218152.8925664,9,215.765625,1854.25
1785218152.8925664,15,234.890625,10319.0
1785218152.8925664,15,236.546875,10385.0
1785218152.8925664,15,268.265625,2298.75
1785218152.8925664,15,269.875,2348.0
1785218152.8925664,8,286.015625,5105.0
1785218152.8925664,9,287.65625,5113.75
1785218152.8925664,7,337.328125,3573.0
1785218152.8925664,6,338.96875,3560.5
1785218153.1149414,15,14.15625,2731.25
1785218153.1149414,8,176.40625,12363.75
1785218153.1149414,15,209.90625,1856.75
1785218153.1149414,15,211.5625,1831.75
1785218153.1149414,15,213.203125,1815.75
1785218153.1149414,15,214.859375,1819.25
1785218153.1149414,15,218.09375,1855.0
1785218153.1149414,15,233.890625,10237.75
1785218153.1149414,15,235.53125,10252.5
1785218153.1149414,10,237.171875,10175.25
1785218153.1149414,8,247.015625,11797.25
1785218153.1149414,12,253.609375,11971.5
1785218153.1149414,15,260.640625,2525.75
1785218153.1149414,15,267.296875,2248.25
1785218153.1149414,15,268.9375,2268.5
1785218153.1149414,15,270.53125,2299.75
1785218153.1149414,8,288.203125,5071.25
1785218153.1149414,15,337.796875,3628.5
1785218153.1149414,15,339.4375,3586.25
1785218153.1149414,12,341.109375,3539.5
1785218153.3407173,9,177.78125,12322.0
1785218153.3407173,15,209.59375,1844.75
1785218153.3407173,15,211.234375,1814.75
1785218153.3407173,15,212.921875,1797.0
1785218153.3407173,15,214.515625,1795.75
1785218153.3407173,10,216.125,1811.25
1785218153.3407173,15,235.265625,10149.75
1785218153.3407173,15,236.90625,10240.5
1785218153.3407173,15,238.53125,10319.25
1785218153.3407173,15,268.625,2203.0
1785218153.3407173,15,270.234375,2233.5
1785218153.3407173,15,271.890625,2269.25
1785218153.3407173,9,289.53125,5102.75
1785218153.3407173,7,344.15625,3664.25
1785218153.5633702,15,209.078125,1827.75
1785218153.5633702,15,210.703125,1794.5
1785218153.5633702,15,212.359375,1778.5
1785218153.5633702,15,213.984375,1775.0
1785218153.5633702,15,236.34375,10159.5
1785218153.5633702,15,237.984375,10156.25
1785218153.5633702,8,251.078125,11867.0
1785218153.5633702,15,269.65625,2152.25
1785218153.5633702,15,271.3125,2191.25
1785218153.5633702,12,288.890625,5007.75
1785218153.5633702,12,293.8125,5009.25
1785218153.7890155,9,178.484375,12466.75
1785218153.7890155,8,180.125,12765.5
1785218153.7890155,15,201.515625,11832.25
1785218153.7890155,15,208.703125,1809.0
1785218153.7890155,15,210.328125,1779.25
1785218153.7890155,15,211.984375,1764.0
1785218153.7890155,15,213.625,1757.75
1785218153.7890155,15,216.84375,1785.0
1785218153.7890155,14,227.75,9154.5
1785218153.7890155,15,235.9375,10121.75
1785218153.7890155,15,237.578125,10118.5
1785218153.7890155,15,269.296875,2097.5
1785218153.7890155,14,295.078125,5001.5
1785218153.7890155,7,324.84375,3922.0
1785218153.7890155,9,347.90625,3910.5
1785218154.1268363,8,177.3125,12223.5
1785218154.1268363,15,207.625,1782.0
1785218154.1268363,15,209.296875,1754.25
1785218154.1268363,15,210.9375,1739.25
1785218154.1268363,15,212.59375,1734.75
1785218154.1268363,15,234.859375,9988.5
1785218154.1268363,15,236.515625,9988.5
1785218154.1268363,15,238.140625,10068.0
1785218154.1268363,15,266.5625,2053.75
1785218154.1268363,15,268.1875,2045.25
1785218154.1268363,13,341.828125,3935.75
1785218154.3494642,8,171.21875,14186.75
1785218154.3494642,7,177.8125,12431.75
1785218154.3494642,15,200.703125,11790.25
1785218154.3494642,15,206.34375,1770.25
1785218154.3494642,15,208.0,1740.75
1785218154.3494642,15,209.671875,1724.25
1785218154.3494642,15,211.265625,1725.0
1785218154.3494642,15,214.578125,1756.25
1785218154.3494642,15,236.859375,10085.5
1785218154.3494642,15,238.5,10054.25
1785218154.3494642,15,266.96875,2013.75
1785218154.3494642,15,268.625,2017.0
1785218154.3494642,15,270.28125,2020.75
1785218154.3494642,15,271.90625,2048.75
1785218154.3494642,11,340.765625,4089.25
1785218154.575281,10,177.5,12421.75
1785218154.575281,8,184.078125,14472.25
1785218154.575281,15,204.546875,1778.5
1785218154.575281,15,206.1875,1742.0
1785218154.575281,15,207.84375,1716.5
1785218154.575281,15,209.484375,1700.0
1785218154.575281,15,211.125,1707.5
1785218154.575281,15,236.703125,9889.5
1785218154.575281,15,266.875,1969.25
1785218154.575281,15,268.546875,1967.25
1785218154.575281,12,342.203125,4106.75
1785218154.6857123,9,177.53125,12430.25
1785218154.6857123,15,204.546875,1750.25
1785218154.6857123,15,206.234375,1718.0
1785218154.6857123,15,207.859375,1698.0
1785218154.6857123,15,209.484375,1694.0
1785218154.6857123,15,236.703125,9931.5
1785218154.6857123,15,266.890625,1938.25
1785218154.6857123,15,268.53125,1941.5
1785218154.6857123,15,273.46875,2044.25
1785218154.6857123,15,300.921875,5559.0
1785218154.6857123,14,343.796875,3959.25
1785218154.9099503,12,177.40625,12477.5
1785218154.9099503,15,204.40625,1717.25
1785218154.9099503,15,206.03125,1686.75
1785218154.9099503,15,207.671875,1671.75
1785218154.9099503,15,209.3125,1674.5
1785218154.9099503,15,234.90625,9832.5
1785218154.9099503,15,236.53125,9835.5
1785218154.9099503,15,238.171875,9884.0
1785218154.9099503,15,261.671875,2206.25
1785218154.9099503,15,266.671875,1905.75
1785218154.9099503,15,268.296875,1902.0
1785218154.9099503,15,271.59375,1927.5
1785218154.9099503,15,273.1875,1978.0
1785218155.1354275,8,177.328125,12314.75
1785218155.1354275,8,178.96875,12531.75
1785218155.1354275,15,202.703125,1715.5
1785218155.1354275,15,204.375,1677.75
1785218155.1354275,15,206.0625,1656.5
1785218155.1354275,15,207.65625,1651.0
1785218155.1354275,15,236.5,9831.0
1785218155.1354275,13,238.140625,9885.75
1785218155.1354275,15,266.609375,1867.75
1785218155.1354275,15,268.296875,1856.75
1785218155.1354275,15,271.53125,1881.25
1785218155.1354275,15,273.203125,1916.0
1785218155.3583484,10,178.578125,12467.5
1785218155.3583484,15,202.34375,1685.0
1785218155.3583484,15,203.984375,1650.75
1785218155.3583484,15,205.609375,1633.75
1785218155.3583484,15,207.25,1630.5
1785218155.3583484,10,210.515625,1645.0
1785218155.3583484,15,213.6875,1909.75
1785218155.3583484,15,227.90625,8905.25
1785218155.3583484,15,236.109375,9678.5
1785218155.3583484,15,237.765625,9749.25
1785218155.3583484,15,239.40625,9772.75
1785218155.3583484,15,268.015625,1817.25
1785218155.3583484,15,269.65625,1814.0
1785218155.3583484,15,271.28125,1824.0
1785218155.3583484,14,303.65625,5132.0
1785218155.6960752,9,171.453125,13762.75
1785218155.6960752,8,179.671875,12380.5
1785218155.6960752,15,201.78125,1648.5
1785218155.6960752,15,203.4375,1622.25
1785218155.6960752,15,205.09375,1606.75
1785218155.6960752,15,206.671875,1607.0
1785218155.6960752,15,208.34375,1613.0
1785218155.6960752,15,210.0,1630.0
1785218155.6960752,15,213.140625,1849.75
1785218155.6960752,15,237.171875,9560.25
1785218155.6960752,15,238.8125,9614.75
1785218155.6960752,15,240.453125,9744.0
1785218155.6960752,15,269.03125,1758.0
1785218155.6960752,15,270.703125,1760.25
1785218155.6960752,15,272.3125,1771.0
1785218155.6960752,10,293.109375,4781.0
1785218155.6960752,11,346.078125,4157.0
1785218155.6960752,11,347.6875,4148.25
1785218155.9185472,7,179.65625,12465.0
1785218155.9185472,15,200.140625,1649.25
1785218155.9185472,15,201.78125,1614.5
1785218155.9185472,15,203.515625,1590.25
1785218155.9185472,15,205.109375,1576.0
1785218155.9185472,15,228.984375,8856.25
1785218155.9185472,12,237.1875,9723.25
1785218155.9185472,15,238.8125,9696.0
1785218155.9185472,15,240.453125,9680.25
1785218155.9185472,15,269.09375,1718.25
1785218155.9185472,15,270.75,1718.75
1785218155.9185472,15,273.9375,1741.0
1785218155.9185472,13,347.65625,4134.5
1785218156.1451042,8,172.890625,14030.0
1785218156.1451042,9,179.53125,12385.75
1785218156.1451042,15,200.0625,1616.75
1785218156.1451042,15,201.734375,1580.25
1785218156.1451042,15,203.328125,1561.5
1785218156.1451042,15,205.015625,1565.25
1785218156.1451042,15,206.640625,1582.5
1785218156.1451042,15,238.65625,9515.0
1785218156.1451042,15,240.28125,9554.75
1785218156.1451042,11,267.171875,1761.5
1785218156.1451042,15,272.15625,1672.75
1785218156.1451042,15,273.796875,1689.25
1785218156.1451042,11,345.640625,4130.25
1785218156.3668325,10,180.484375,12457.5
1785218156.3668325,15,199.40625,1595.75
1785218156.3668325,15,201.078125,1562.25
1785218156.3668325,15,202.65625,1543.5
1785218156.3668325,15,204.265625,1549.0
1785218156.3668325,15,207.5625,1563.25
1785218156.3668325,15,229.78125,8773.75
1785218156.3668325,15,239.609375,9509.25
1785218156.3668325,9,241.265625,9663.0
1785218156.3668325,8,242.890625,9950.5
1785218156.3668325,12,252.765625,11066.0
1785218156.3668325,15,270.0,1634.5
1785218156.3668325,15,273.28125,1636.75
1785218156.3668325,15,274.859375,1654.25
1785218156.3668325,15,276.484375,1674.75
1785218156.3668325,14,300.6875,4456.25
1785218156.3668325,8,302.34375,4438.25
1785218156.3668325,7,340.265625,4117.0
1785218156.3668325,7,346.765625,4123.5
1785218156.5930386,9,173.765625,13976.5
1785218156.5930386,8,180.28125,12396.75
1785218156.5930386,8,181.890625,12630.25
1785218156.5930386,15,199.140625,1562.25
1785218156.5930386,15,200.75,1533.75
1785218156.5930386,15,202.40625,1523.75
1785218156.5930386,15,207.375,1541.25
1785218156.5930386,15,210.546875,1757.0
1785218156.5930386,15,239.46875,9450.5
1785218156.5930386,15,273.125,1591.25
1785218156.5930386,15,274.734375,1609.25
1785218156.5930386,15,276.328125,1623.5
1785218156.5930386,15,277.90625,1650.0
1785218156.5930386,8,302.140625,4390.0
1785218156.8169005,8,181.71875,12529.25
1785218156.8169005,15,199.03125,1530.75
1785218156.8169005,15,200.640625,1510.0
1785218156.8169005,15,202.328125,1512.5
1785218156.8169005,15,207.109375,1538.75
1785218156.8169005,15,210.3125,1761.75
1785218156.8169005,9,234.203125,8700.25
1785218156.8169005,15,239.109375,9425.5
1785218156.8169005,15,240.734375,9425.5
1785218156.8169005,14,242.375,9579.25
1785218156.8169005,15,248.90625,10567.25
1785218156.8169005,15,270.984375,1549.0
1785218156.8169005,15,274.21875,1553.0
1785218156.8169005,15,275.96875,1579.0
1785218156.8169005,15,277.578125,1593.25
1785218156.8169005,15,279.171875,1620.25
1785218157.0412965,8,174.140625,13845.0
1785218157.0412965,9,180.765625,12256.25
1785218157.0412965,8,182.421875,12466.0
1785218157.0412965,7,184.0625,12732.5
1785218157.0412965,15,196.4375,1562.5
1785218157.0412965,15,198.0625,1523.0
1785218157.0412965,15,199.71875,1493.75
1785218157.0412965,15,206.1875,1507.0
1785218157.0412965,15,239.734375,9414.5
1785218157.0412965,11,241.390625,9501.5
1785218157.0412965,15,243.03125,9520.75
1785218157.0412965,15,271.75,1507.5
1785218157.0412965,9,273.4375,1504.25
1785218157.0412965,15,278.28125,1532.0
1785218157.0412965,15,279.890625,1572.25
1785218157.2648022,8,181.90625,12339.5
1785218157.2648022,15,195.921875,1542.25
1785218157.2648022,15,197.609375,1505.0
1785218157.2648022,15,199.203125,1478.5
1785218157.2648022,15,200.90625,1473.5
1785218157.2648022,15,204.078125,1476.0
1785218157.2648022,15,207.296875,1679.0
1785218157.2648022,15,208.875,1673.0
1785218157.2648022,15,231.1875,8643.75
1785218157.2648022,15,242.671875,9378.75
1785218157.2648022,15,266.28125,1757.25
1785218157.2648022,15,279.546875,1515.0
1785218157.2648022,15,281.171875,1541.0
1785218157.2648022,10,328.53125,3641.75
1785218157.491009,8,182.234375,12392.75
1785218157.491009,15,194.578125,1532.0
1785218157.491009,15,196.25,1496.75
1785218157.491009,15,197.921875,1468.0
1785218157.491009,15,204.484375,1473.5
1785218157.491009,15,231.65625,8639.0
1785218157.491009,15,266.796875,1712.0
1785218157.491009,15,271.90625,1445.0
1785218157.491009,13,273.53125,1434.25
1785218157.491009,10,275.140625,1442.75
1785218157.491009,13,276.78125,1451.0
1785218157.491009,15,278.421875,1465.5
1785218157.491009,15,280.109375,1469.75
1785218157.491009,15,281.71875,1488.25
1785218157.491009,9,302.578125,3664.75
1785218157.7133615,15,170.609375,11573.25
1785218157.7133615,8,175.5,14043.5
1785218157.7133615,8,183.765625,12593.5
1785218157.7133615,7,185.421875,12796.75
1785218157.7133615,15,197.78125,1447.0
1785218157.7133615,8,201.109375,1448.75
1785218157.7133615,15,202.75,1455.5
1785218157.7133615,15,205.828125,1686.5
1785218157.7133615,8,271.703125,1440.0
1785218157.7133615,13,276.65625,1386.75
1785218157.7133615,15,279.9375,1410.75
1785218157.7133615,15,281.5625,1429.5
1785218157.7133615,15,283.171875,1461.75
1785218157.7133615,10,313.96875,3297.75
1785218157.7133615,8,330.421875,3223.5
1785218157.7133615,8,332.0625,3224.25
1785218157.9393153,15,194.109375,1482.0
1785218157.9393153,15,195.796875,1445.0
1785218157.9393153,15,202.390625,1435.25
1785218157.9393153,15,205.515625,1634.5
1785218157.9393153,15,207.125,1622.75
1785218157.9393153,15,232.640625,8549.5
1785218157.9393153,15,267.8125,1627.25
1785218157.9393153,15,274.609375,1336.0
1785218157.9393153,9,277.890625,1345.5
1785218157.9393153,11,279.5,1381.5
1785218157.9393153,15,281.171875,1385.5
1785218157.9393153,15,282.734375,1387.0
1785218157.9393153,13,315.140625,3271.5
1785218157.9393153,12,316.796875,3267.5
1785218157.9393153,13,318.453125,3269.0
1785218157.9393153,12,320.109375,3268.0
1785218157.9393153,9,321.75,3266.0
1785218157.9393153,7,333.359375,3163.5
1785218158.161605,15,171.421875,11465.75
1785218158.161605,9,174.6875,13747.75
1785218158.161605,7,176.3125,13940.25
1785218158.161605,13,182.921875,12258.75
1785218158.161605,7,184.578125,12513.5
1785218158.161605,15,191.984375,1499.0
1785218158.161605,15,193.703125,1455.5
1785218158.161605,15,195.34375,1425.0
1785218158.161605,15,196.96875,1413.25
1785218158.161605,15,201.84375,1427.25
1785218158.161605,9,235.515625,9973.0
1785218158.161605,15,238.8125,10013.75
1785218158.161605,10,275.78125,1304.5
1785218158.161605,15,277.46875,1323.5
1785218158.161605,15,282.375,1332.5
1785218158.161605,15,283.921875,1353.0
1785218158.161605,11,311.421875,3269.0
1785218158.161605,13,313.046875,3267.75
1785218158.161605,12,314.71875,3266.5
1785218158.161605,11,316.390625,3249.25
1785218158.161605,12,318.015625,3241.0
1785218158.161605,10,319.65625,3253.25
1785218158.161605,8,321.328125,3260.25
1785218158.161605,8,322.984375,3264.25
1785218158.161605,9,324.625,3265.0
1785218158.161605,8,326.265625,3266.75
1785218158.161605,9,334.5625,3145.5
1785218158.3874342,15,171.625,11308.5
1785218158.3874342,10,176.53125,14032.25
1785218158.3874342,15,192.28125,1449.75
1785218158.3874342,15,193.9375,1418.0
1785218158.3874342,15,200.515625,1410.5
1785218158.3874342,15,203.65625,1634.75
1785218158.3874342,15,276.203125,1252.0
1785218158.3874342,8,279.390625,1261.5
1785218158.3874342,15,282.71875,1288.75
1785218158.3874342,15,284.28125,1307.25
1785218158.3874342,15,285.90625,1333.0
1785218158.3874342,13,310.09375,3314.75
1785218158.3874342,11,311.71875,3268.5
1785218158.3874342,11,313.390625,3269.75
1785218158.3874342,11,315.015625,3268.75
1785218158.3874342,14,316.640625,3269.5
1785218158.3874342,11,318.3125,3268.5
1785218158.3874342,12,319.984375,3270.75
1785218158.3874342,8,339.71875,3435.25
1785218158.3874342,8,341.375,3480.25
1785218158.60969,15,171.78125,11338.25
1785218158.60969,15,190.71875,1465.75
1785218158.60969,15,194.015625,1400.25
1785218158.60969,15,195.703125,1404.25
1785218158.60969,15,213.328125,2157.25
1785218158.60969,10,239.015625,9944.5
1785218158.60969,15,284.4375,1249.0
1785218158.60969,15,285.953125,1267.75
1785218158.60969,11,311.640625,3323.75
1785218158.60969,13,314.890625,3269.75
1785218158.60969,8,316.5625,3267.5
1785218158.60969,13,318.21875,3268.5
1785218158.60969,10,319.859375,3268.0
1785218158.60969,12,321.5,3267.75
1785218158.9474618,15,171.171875,11323.25
1785218158.9474618,15,172.8125,11412.75
1785218158.9474618,8,177.71875,13999.75
1785218158.9474618,15,191.734375,1394.25
1785218158.9474618,15,198.296875,1386.0
1785218158.9474618,15,201.4375,1587.0
1785218158.9474618,9,228.640625,10057.5
1785218158.9474618,7,233.5625,10055.5
1785218158.9474618,15,282.15625,1159.5
1785218158.9474618,15,285.40625,1187.25
1785218158.9474618,15,287.03125,1204.75
1785218158.9474618,15,288.609375,1228.25
1785218158.9474618,2,309.390625,3388.75
1785218158.9474618,15,314.359375,3262.0
1785218158.9474618,11,315.96875,3258.25
1785218158.9474618,13,317.640625,3260.75
1785218158.9474618,11,319.28125,3255.0
1785218158.9474618,11,320.90625,3250.25
1785218158.9474618,13,322.640625,3246.0
1785218158.9474618,10,324.25,3254.25
1785218158.9474618,11,325.9375,3263.75
1785218158.9474618,10,327.578125,3268.75
1785218159.170806,11,170.953125,11295.0
1785218159.170806,15,172.59375,11336.75
1785218159.170806,7,175.859375,13583.75
1785218159.170806,8,177.515625,13735.25
1785218159.170806,15,190.0,1397.25
1785218159.170806,15,191.640625,1380.25
1785218159.170806,15,193.34375,1379.5
1785218159.170806,7,228.5625,10104.5
1785218159.170806,15,235.15625,8500.5
1785218159.170806,15,279.046875,1112.5
1785218159.170806,15,288.765625,1171.0
1785218159.170806,15,290.375,1201.75
1785218159.170806,11,302.90625,3317.0
1785218159.170806,11,304.546875,3270.75
1785218159.170806,15,306.203125,3251.25
1785218159.170806,7,307.859375,3224.75
1785218159.170806,10,309.5,3227.0
1785218159.170806,9,311.15625,3229.75
1785218159.170806,10,312.828125,3200.25
1785218159.170806,15,314.484375,3170.5
1785218159.170806,9,317.765625,3171.5
1785218159.170806,9,319.421875,3176.75
1785218159.170806,11,321.046875,3171.25
1785218159.170806,7,322.6875,3167.0
1785218159.170806,8,324.34375,3196.75
1785218159.170806,7,325.984375,3232.75
1785218159.170806,9,327.65625,3252.25
1785218159.170806,9,329.296875,3270.25
1785218159.170806,8,339.1875,3321.75
1785218159.393518,15,171.3125,11301.75
1785218159.393518,15,172.953125,11438.25
1785218159.393518,15,188.640625,1398.0
1785218159.393518,15,190.359375,1372.25
1785218159.393518,15,192.0,1359.5
1785218159.393518,15,195.265625,1350.5
1785218159.393518,15,196.890625,1361.5
1785218159.393518,15,200.0625,1559.5
1785218159.393518,15,203.296875,1524.5
1785218159.393518,15,240.3125,9875.0
1785218159.393518,9,277.5625,1124.25
1785218159.393518,9,280.859375,1077.25
1785218159.393518,15,284.25,1095.25
1785218159.393518,15,287.453125,1113.75
1785218159.393518,15,289.09375,1127.25
1785218159.393518,15,290.734375,1137.75
1785218159.393518,15,306.390625,3263.75
1785218159.393518,9,308.015625,3263.0
1785218159.393518,12,309.6875,3265.5
1785218159.393518,14,311.328125,3263.0
1785218159.393518,12,312.984375,3265.0
1785218159.393518,9,314.609375,3244.5
1785218159.393518,12,316.28125,3223.5
1785218159.393518,12,317.921875,3235.5
1785218159.393518,13,319.546875,3253.25
1785218159.393518,14,321.203125,3251.25
1785218159.393518,11,324.546875,3251.5
1785218159.393518,12,326.1875,3264.5
1785218159.393518,15,327.84375,3269.5
1785218159.393518,11,329.484375,3270.75
1785218159.6196964,15,171.09375,11311.75
1785218159.6196964,14,172.734375,11308.0
1785218159.6196964,15,188.4375,1376.25
1785218159.6196964,8,190.078125,1360.0
1785218159.6196964,15,203.0625,1526.0
1785218159.6196964,15,206.28125,1630.0
1785218159.6196964,7,231.78125,10037.25
1785218159.6196964,8,233.4375,9912.0
1785218159.6196964,15,280.640625,1033.0
1785218159.6196964,15,282.1875,1033.25
1785218159.6196964,15,283.828125,1047.0
1785218159.6196964,15,285.484375,1054.5
1785218159.6196964,15,288.703125,1069.5
1785218159.6196964,15,290.328125,1082.25
1785218159.6196964,15,291.984375,1097.25
1785218159.6196964,11,317.484375,3290.75
1785218159.6196964,14,320.75,3268.75
1785218159.6196964,12,322.453125,3267.0
1785218159.6196964,11,324.09375,3271.75
1785218159.6196964,14,325.734375,3272.25
1785218159.6196964,12,327.375,3270.25
1785218159.6196964,11,329.046875,3270.5
1785218159.8442597,14,172.21875,11177.5
1785218159.8442597,13,173.859375,11337.25
1785218159.8442597,8,177.125,13725.5
1785218159.8442597,15,188.03125,1358.5
1785218159.8442597,15,189.671875,1358.0
1785218159.8442597,15,202.703125,1522.5
1785218159.8442597,15,205.8125,1621.5
1785218159.8442597,12,234.671875,8452.5
1785218159.8442597,15,273.375,1259.5
1785218159.8442597,15,281.859375,992.5
1785218159.8442597,15,290.078125,1051.0
1785218159.8442597,15,291.71875,1046.25
1785218159.8442597,15,293.296875,1057.0
1785218159.8442597,15,313.78125,3270.0
1785218159.8442597,12,315.4375,3263.0
1785218159.8442597,10,317.078125,3250.5
1785218159.8442597,12,318.734375,3240.5
1785218159.8442597,13,320.359375,3233.0
1785218159.8442597,10,322.0,3227.75
1785218159.8442597,12,323.671875,3226.75
1785218159.8442597,13,325.3125,3232.75
1785218159.8442597,11,326.96875,3245.25
1785218159.8442597,15,328.59375,3250.25
1785218159.8442597,14,330.25,3257.0
1785218160.178499,13,171.9375,11196.25
1785218160.178499,15,173.578125,11341.25
1785218160.178499,8,178.484375,13789.0
1785218160.178499,8,180.125,13997.75
1785218160.178499,15,186.078125,1353.75
1785218160.178499,15,199.109375,1434.75
1785218160.178499,15,200.75,1479.0
1785218160.178499,15,202.34375,1521.0
1785218160.178499,15,205.59375,1615.5
1785218160.178499,15,207.15625,1663.75
1785218160.178499,15,210.328125,1953.25
1785218160.178499,7,234.34375,9887.25
1785218160.178499,15,274.90625,1192.75
1785218160.178499,15,283.4375,930.25
1785218160.178499,15,285.125,925.75
1785218160.178499,15,294.890625,992.25
1785218160.178499,15,296.484375,1015.5
1785218160.178499,10,312.078125,3272.75
1785218160.178499,14,318.6875,3268.75
1785218160.178499,15,320.328125,3266.0
1785218160.178499,9,321.96875,3267.25
1785218160.178499,11,323.625,3264.0
1785218160.178499,12,325.28125,3266.0
1785218160.4051082,14,172.15625,11169.75
1785218160.4051082,14,173.796875,11342.0
1785218160.4051082,14,175.46875,11499.5
1785218160.4051082,8,178.671875,13833.25
1785218160.4051082,15,184.546875,1356.25
1785218160.4051082,15,197.65625,1441.5
1785218160.4051082,15,199.296875,1456.0
1785218160.4051082,15,200.90625,1493.0
1785218160.4051082,15,202.5,1533.25
1785218160.4051082,10,228.015625,10086.25
1785218160.4051082,8,234.609375,9848.25
1785218160.4051082,15,285.34375,887.0
1785218160.4051082,15,291.8125,918.25
1785218160.4051082,15,293.484375,928.5
1785218160.4051082,15,295.09375,939.0
1785218160.4051082,15,296.671875,953.0
1785218160.4051082,10,313.828125,3269.5
1785218160.4051082,15,315.484375,3254.5
1785218160.4051082,8,317.125,3245.0
1785218160.4051082,11,318.796875,3235.0
1785218160.4051082,8,320.4375,3195.75
1785218160.4051082,9,322.09375,3167.25
1785218160.4051082,10,323.8125,3170.0
1785218160.4051082,8,325.46875,3180.25
1785218160.4051082,10,327.109375,3181.25
1785218160.4051082,9,328.75,3191.0
1785218160.4051082,12,330.40625,3220.0
1785218160.4051082,15,332.046875,3239.25
1785218160.4051082,9,333.703125,3253.25
1785218160.627149,15,170.75,11348.75
1785218160.627149,13,172.390625,11279.5
1785218160.627149,14,174.03125,11399.75
1785218160.627149,15,175.65625,11489.75
1785218160.627149,15,183.1875,1358.75
1785218160.627149,15,194.59375,1493.0
1785218160.627149,15,197.84375,1429.0
1785218160.627149,15,199.453125,1464.5
1785218160.627149,15,202.703125,1544.75
1785218160.627149,9,229.84375,9988.75
1785218160.627149,12,238.078125,8398.75
1785218160.627149,15,285.5,855.25
1785218160.627149,15,287.15625,844.5
1785218160.627149,15,292.046875,876.75
1785218160.627149,15,293.71875,877.25
1785218160.627149,15,295.34375,888.25
1785218160.627149,15,296.890625,902.5
1785218160.627149,15,298.515625,919.5
1785218160.627149,15,318.8125,3291.25
1785218160.627149,8,320.453125,3252.75
1785218160.627149,13,322.109375,3240.0
1785218160.627149,9,323.78125,3255.0
1785218160.627149,14,325.421875,3241.25
1785218160.627149,10,327.078125,3228.0
1785218160.627149,8,328.71875,3230.75
1785218160.627149,15,330.375,3233.0
1785218160.627149,10,332.015625,3242.0
1785218160.627149,12,333.671875,3256.0
1785218160.627149,11,335.328125,3266.5
1785218160.627149,15,346.828125,3281.75
1785218160.8502688,15,171.9375,11125.75
1785218160.8502688,15,173.578125,11231.75
1785218160.8502688,15,175.234375,11389.75
1785218160.8502688,15,182.875,1343.0
1785218160.8502688,15,187.796875,1308.0
1785218160.8502688,15,195.953125,1391.0
1785218160.8502688,15,197.609375,1424.5
1785218160.8502688,15,199.1875,1461.25
1785218160.8502688,15,200.84375,1500.0
1785218160.8502688,15,202.453125,1540.0
1785218160.8502688,15,204.015625,1581.0
1785218160.8502688,8,226.203125,10128.75
1785218160.8502688,7,227.84375,10040.75
1785218160.8502688,15,286.984375,817.75
1785218160.8502688,15,288.578125,808.25
1785218160.8502688,15,293.484375,836.5
1785218160.8502688,15,295.109375,836.5
1785218160.8502688,15,296.640625,844.5
1785218160.8502688,15,298.265625,858.5
1785218160.8502688,15,299.9375,874.25
1785218160.8502688,15,301.546875,896.5
1785218160.8502688,15,320.078125,3315.5
1785218160.8502688,13,321.734375,3296.25
1785218160.8502688,8,323.390625,3268.25
1785218160.8502688,13,325.03125,3269.0
1785218160.8502688,10,326.671875,3267.5
1785218160.8502688,10,328.328125,3254.0
1785218160.8502688,11,329.96875,3255.0
1785218160.8502688,10,331.609375,3267.0
1785218160.8502688,12,333.25,3269.0
1785218160.8502688,13,334.890625,3269.75
1785218160.8502688,15,348.109375,3279.75
1785218161.1878922,13,170.8125,11081.5
1785218161.1878922,13,172.4375,11062.25
1785218161.1878922,15,174.09375,11146.5
1785218161.1878922,15,175.71875,11276.5
1785218161.1878922,15,181.578125,1335.75
1785218161.1878922,15,194.640625,1383.5
1785218161.1878922,15,196.234375,1414.75
1785218161.1878922,15,197.84375,1446.25
1785218161.1878922,15,199.421875,1481.25
1785218161.1878922,15,201.03125,1514.75
1785218161.1878922,15,202.671875,1546.0
1785218161.1878922,7,233.203125,9915.75
1785218161.1878922,10,236.484375,9841.75
1785218161.1878922,15,278.765625,1003.5
1785218161.1878922,15,282.296875,878.0
1785218161.1878922,15,290.859375,748.25
1785218161.1878922,15,292.34375,750.75
1785218161.1878922,15,297.265625,766.75
1785218161.1878922,15,298.859375,782.25
1785218161.1878922,15,300.53125,795.5
1785218161.1878922,15,302.109375,813.75
1785218161.1878922,15,303.703125,832.0
1785218161.1878922,10,318.953125,3271.0
1785218161.1878922,10,320.59375,3239.0
1785218161.1878922,11,322.234375,3197.25
1785218161.1878922,11,323.921875,3217.25
1785218161.1878922,13,325.578125,3234.0
1785218161.1878922,12,327.203125,3230.5
1785218161.1878922,10,328.890625,3227.5
1785218161.1878922,11,330.5,3234.25
1785218161.1878922,8,332.171875,3241.5
1785218161.1878922,11,333.828125,3252.25
1785218161.1878922,12,335.453125,3269.25
1785218161.4146097,6,351.609375,3523.25
1785218161.4146097,15,172.046875,11071.0
1785218161.4146097,14,173.6875,11153.5
1785218161.4146097,15,175.328125,11308.25
1785218161.4146097,11,182.8125,1318.75
1785218161.4146097,15,192.640625,1360.0
1785218161.4146097,15,194.265625,1382.5
1785218161.4146097,15,195.859375,1412.0
1785218161.4146097,15,197.484375,1443.5
1785218161.4146097,12,199.09375,1473.75
1785218161.4146097,15,200.703125,1510.0
1785218161.4146097,15,202.34375,1544.25
1785218161.4146097,7,232.8125,9923.5
1785218161.4146097,15,280.203125,960.0
1785218161.4146097,15,292.25,708.5
1785218161.4146097,15,293.921875,706.75
1785218161.4146097,15,300.40625,745.75
1785218161.4146097,15,301.984375,754.5
1785218161.4146097,15,303.640625,769.5
1785218161.4146097,15,305.1875,784.25
1785218161.4146097,9,315.375,3228.25
1785218161.4146097,8,317.015625,3243.25
1785218161.4146097,8,318.65625,3254.25
1785218161.4146097,9,320.296875,3247.75
1785218161.4146097,10,321.96875,3214.75
1785218161.4146097,13,323.640625,3199.75
1785218161.4146097,12,325.25,3217.75
1785218161.4146097,9,326.90625,3241.0
1785218161.4146097,8,328.546875,3249.75
1785218161.4146097,11,330.21875,3242.0
1785218161.4146097,15,331.875,3237.5
1785218161.4146097,10,333.484375,3244.0
1785218161.4146097,12,335.171875,3258.25
1785218161.4146097,11,336.828125,3270.25
1785218161.7478533,14,171.4375,11017.5
1785218161.7478533,11,173.078125,11105.0
1785218161.7478533,15,179.03125,1336.0
1785218161.7478533,15,180.6875,1306.5
1785218161.7478533,15,183.984375,1286.75
1785218161.7478533,15,192.078125,1357.5
1785218161.7478533,15,193.671875,1382.75
1785218161.7478533,15,195.3125,1411.25
1785218161.7478533,15,196.953125,1441.25
1785218161.7478533,15,198.59375,1469.75
1785218161.7478533,15,200.15625,1501.5
1785218161.7478533,15,201.8125,1533.75
1785218161.7478533,8,233.78125,9841.5
1785218161.7478533,9,291.5,714.0
1785218161.7478533,15,294.921875,656.0
1785218161.7478533,15,296.609375,653.0
1785218161.7478533,15,304.65625,692.5
1785218161.7478533,15,306.328125,703.75
1785218161.7478533,15,307.984375,720.25
1785218161.7478533,12,321.15625,3253.75
1785218161.7478533,10,322.859375,3257.5
1785218161.7478533,15,324.515625,3249.75
1785218161.7478533,8,326.171875,3248.25
1785218161.7478533,9,327.828125,3253.5
1785218161.7478533,9,329.453125,3255.25
1785218161.7478533,12,331.109375,3253.5
1785218161.7478533,11,332.75,3244.0
1785218161.7478533,14,334.375,3241.75
1785218161.7478533,12,336.046875,3247.25
1785218161.7478533,14,337.6875,3265.5
1785218161.9738224,15,172.53125,11104.25
1785218161.9738224,15,178.453125,1329.75
1785218161.9738224,15,180.09375,1304.75
1785218161.9738224,15,183.4375,1285.25
1785218161.9738224,15,189.890625,1333.0
1785218161.9738224,15,191.53125,1356.5
1785218161.9738224,15,193.15625,1379.75
1785218161.9738224,15,194.8125,1407.25
1785218161.9738224,15,196.40625,1435.75
1785218161.9738224,15,198.015625,1462.0
1785218161.9738224,15,199.71875,1492.5
1785218161.9738224,15,201.296875,1523.75
1785218161.9738224,15,202.90625,1562.5
1785218161.9738224,8,236.609375,9684.25
1785218161.9738224,15,246.453125,9446.25
1785218161.9738224,15,296.1875,625.5
1785218161.9738224,15,297.8125,615.75
1785218161.9738224,15,299.359375,615.0
1785218161.9738224,15,306.125,654.0
1785218161.9738224,15,307.71875,659.25
1785218161.9738224,15,309.21875,671.75
1785218161.9738224,15,310.875,689.25
1785218161.9738224,10,319.109375,3176.0
1785218161.9738224,8,320.75,3172.0
1785218161.9738224,8,322.390625,3166.0
1785218161.9738224,9,324.09375,3159.0
1785218161.9738224,15,325.75,3161.5
1785218161.9738224,12,327.375,3155.25
1785218161.9738224,15,329.0625,3146.25
1785218161.9738224,14,330.671875,3152.25
1785218161.9738224,11,332.34375,3147.0
1785218161.9738224,11,334.0,3137.0
1785218161.9738224,10,335.65625,3137.75
1785218161.9738224,12,337.296875,3148.75
1785218161.9738224,9,338.953125,3163.25
1785218161.9738224,6,340.609375,3188.0
1785218161.9738224,10,342.234375,3230.5
1785218161.9738224,10,343.875,3259.25
1785218162.3115845,10,355.21875,3498.75
1785218162.3115845,15,178.015625,1306.75
1785218162.3115845,15,181.375,1283.5
1785218162.3115845,15,187.890625,1342.75
1785218162.3115845,15,189.59375,1337.75
1785218162.3115845,15,191.21875,1360.25
1785218162.3115845,15,192.796875,1380.75
1785218162.3115845,15,194.421875,1405.25
1785218162.3115845,15,199.3125,1486.5
1785218162.3115845,7,229.640625,10047.5
1785218162.3115845,15,285.53125,794.0
1785218162.3115845,15,301.046875,565.75
1785218162.3115845,15,302.734375,561.25
1785218162.3115845,15,304.375,564.25
1785218162.3115845,15,310.75,602.25
1785218162.3115845,15,312.390625,608.5
1785218162.3115845,10,323.640625,3257.25
1785218162.3115845,7,325.296875,3241.25
1785218162.3115845,7,326.9375,3220.0
1785218162.3115845,15,330.234375,3192.75
1785218162.3115845,8,331.875,3160.5
1785218162.3115845,15,333.515625,3151.0
1785218162.3115845,13,335.140625,3149.5
1785218162.3115845,12,336.796875,3140.75
1785218162.3115845,14,338.453125,3142.25
1785218162.3115845,10,340.078125,3156.75
1785218162.3115845,6,341.71875,3180.25
1785218162.3115845,8,343.359375,3201.75
1785218162.3115845,12,344.984375,3232.75
1785218162.5347552,12,358.09375,3639.25
1785218162.5347552,15,176.0625,1337.25
1785218162.5347552,15,177.734375,1309.0
1785218162.5347552,15,187.5,1320.0
1785218162.5347552,15,189.171875,1342.5
1785218162.5347552,15,190.796875,1362.5
1785218162.5347552,15,192.4375,1381.0
1785218162.5347552,15,193.984375,1403.5
1785218162.5347552,15,195.609375,1429.75
1785218162.5347552,15,197.3125,1456.0
1785218162.5347552,15,198.921875,1483.5
1785218162.5347552,11,216.125,10779.25
1785218162.5347552,8,226.0,10183.0
1785218162.5347552,11,227.59375,10096.0
1785218162.5347552,7,229.234375,10063.75
1785218162.5347552,7,232.515625,9955.25
1785218162.5347552,8,270.375,5572.75
1785218162.5347552,15,302.4375,537.25
1785218162.5347552,15,304.15625,530.25
1785218162.5347552,15,305.8125,526.0
1785218162.5347552,15,307.484375,529.25
1785218162.5347552,15,313.78125,569.75
1785218162.5347552,15,315.453125,575.5
1785218162.5347552,10,336.515625,3269.0
1785218162.5347552,9,338.171875,3265.25
1785218162.5347552,11,339.796875,3263.75
1785218162.7601674,15,184.359375,1284.25
1785218162.7601674,15,186.0,1312.0
1785218162.7601674,15,187.609375,1330.75
1785218162.7601674,15,189.25,1349.25
1785218162.7601674,15,190.921875,1369.5
1785218162.7601674,15,192.515625,1387.5
1785218162.7601674,15,197.40625,1459.25
1785218162.7601674,15,199.03125,1483.0
1785218162.7601674,8,227.921875,10209.75
1785218162.7601674,14,234.515625,9954.75
1785218162.7601674,7,236.171875,9825.75
1785218162.7601674,14,242.796875,7900.75
1785218162.7601674,15,288.75,711.5
1785218162.7601674,10,297.640625,549.25
1785218162.7601674,10,301.015625,539.5
1785218162.7601674,15,306.34375,500.5
1785218162.7601674,15,307.953125,496.75
1785218162.7601674,15,309.609375,494.25
1785218162.7601674,15,311.21875,498.5
1785218162.7601674,15,317.59375,540.5
1785218162.7601674,15,319.078125,546.0
1785218162.7601674,11,330.21875,3357.5
1785218162.9819431,15,175.0,1311.5
1785218162.9819431,15,178.3125,1283.0
1785218162.9819431,15,183.171875,1280.0
1785218162.9819431,15,184.796875,1303.25
1785218162.9819431,15,186.390625,1322.0
1785218162.9819431,15,188.0625,1342.75
1785218162.9819431,15,189.65625,1360.75
1785218162.9819431,15,191.265625,1376.75
1785218162.9819431,15,192.90625,1397.0
1785218162.9819431,15,194.515625,1419.25
1785218162.9819431,15,196.203125,1442.0
1785218162.9819431,15,197.828125,1463.25
1785218162.9819431,8,233.140625,9838.75
1785218162.9819431,9,236.421875,9830.5
1785218162.9819431,15,243.03125,7931.25
1785218162.9819431,15,310.21875,467.75
1785218162.9819431,15,311.890625,464.5
1785218162.9819431,15,313.4375,462.25
1785218162.9819431,15,315.171875,466.0
1785218162.9819431,15,321.5,511.75
1785218162.9819431,15,323.078125,517.25
1785218162.9819431,8,337.1875,3253.75
1785218163.2056856,15,181.734375,1280.75
1785218163.2056856,15,183.40625,1299.25
1785218163.2056856,15,185.046875,1314.25
1785218163.2056856,15,186.703125,1329.5
1785218163.2056856,15,188.296875,1345.5
1785218163.2056856,15,189.90625,1363.25
1785218163.2056856,15,191.5625,1381.75
1785218163.2056856,15,193.203125,1401.75
1785218163.2056856,15,194.796875,1423.25
1785218163.2056856,15,196.5,1446.25
1785218163.2056856,15,198.09375,1467.25
1785218163.2056856,8,231.640625,9950.0
1785218163.2056856,10,238.203125,9850.5
1785218163.2056856,11,305.578125,466.25
1785218163.2056856,13,307.125,466.5
1785218163.2056856,15,313.765625,437.75
1785218163.2056856,15,315.484375,435.75
1785218163.2056856,15,317.140625,434.5
1785218163.2056856,15,318.828125,435.75
1785218163.2056856,15,320.5625,443.75
1785218163.2056856,15,325.078125,482.5
1785218163.2056856,15,326.609375,488.5
1785218163.431974,15,175.375,1291.0
1785218163.431974,15,180.203125,1286.5
1785218163.431974,15,181.921875,1297.0
1785218163.431974,15,183.53125,1305.75
1785218163.431974,15,185.15625,1322.75
1785218163.431974,15,186.765625,1337.5
1785218163.431974,15,188.4375,1353.75
1785218163.431974,15,190.0,1370.0
1785218163.431974,15,191.65625,1384.75
1785218163.431974,15,193.3125,1402.75
1785218163.431974,15,194.90625,1424.0
1785218163.431974,15,196.5625,1446.75
1785218163.431974,8,228.625,10144.75
1785218163.431974,8,230.265625,9958.0
1785218163.431974,7,233.5625,9886.25
1785218163.431974,9,269.875,5534.75
1785218163.431974,11,273.203125,5162.75
1785218163.431974,15,317.5625,411.25
1785218163.431974,15,319.359375,409.0
1785218163.431974,15,321.078125,408.25
1785218163.431974,15,322.390625,408.5
1785218163.431974,15,324.078125,411.0
1785218163.431974,15,328.734375,449.0
1785218163.431974,15,330.53125,459.0
1785218163.654251,10,353.59375,3624.75
1785218163.654251,15,179.734375,1281.75
1785218163.654251,15,181.421875,1298.25
1785218163.654251,15,183.03125,1311.5
1785218163.654251,15,184.609375,1324.0
1785218163.654251,15,186.265625,1337.75
1785218163.654251,15,187.875,1354.5
1785218163.654251,15,189.5625,1371.75
1785218163.654251,15,191.203125,1385.5
1785218163.654251,15,192.828125,1401.25
1785218163.654251,15,194.375,1423.0
1785218163.654251,15,196.03125,1440.75
1785218163.654251,11,229.671875,10090.0
1785218163.654251,9,231.296875,9923.0
1785218163.654251,9,232.9375,9858.25
1785218163.654251,7,234.59375,9795.0
1785218163.654251,10,246.078125,8983.5
1785218163.654251,12,250.953125,8940.25
1785218163.654251,9,272.34375,5484.75
1785218163.654251,15,323.90625,383.75
1785218163.654251,15,325.546875,384.0
1785218163.654251,15,326.90625,384.5
1785218163.654251,15,328.6875,386.0
1785218163.654251,15,334.84375,432.0
1785218163.654251,15,336.453125,443.0
1785218163.8803537,15,175.640625,1277.0
1785218163.8803537,15,177.28125,1284.25
1785218163.8803537,15,178.921875,1289.75
1785218163.8803537,15,180.578125,1300.75
1785218163.8803537,15,182.296875,1313.25
1785218163.8803537,15,183.875,1325.0
1785218163.8803537,15,185.53125,1336.0
1785218163.8803537,15,187.171875,1349.5
1785218163.8803537,15,190.4375,1372.5
1785218163.8803537,15,192.03125,1394.75
1785218163.8803537,15,193.671875,1411.0
1785218163.8803537,15,195.296875,1427.5
1785218163.8803537,10,220.765625,10240.5
1785218163.8803537,10,228.921875,10086.75
1785218163.8803537,8,230.578125,9985.5
1785218163.8803537,11,232.21875,9922.5
1785218163.8803537,9,235.5,9813.25
1785218163.8803537,15,245.390625,7705.25
1785218163.8803537,10,251.90625,8793.0
1785218163.8803537,14,274.96875,5236.0
1785218163.8803537,15,328.234375,360.5
1785218163.8803537,15,329.90625,361.25
1785218163.8803537,15,331.484375,362.5
1785218163.8803537,15,333.265625,363.75
1785218163.8803537,15,335.03125,366.0
1785218164.102247,15,177.453125,1286.25
1785218164.102247,15,179.03125,1296.0
1785218164.102247,15,180.703125,1305.75
1785218164.102247,15,182.328125,1316.75
1785218164.102247,15,183.9375,1326.25
1785218164.102247,15,185.5625,1336.75
1785218164.102247,15,187.234375,1350.25
1785218164.102247,15,188.84375,1364.5
1785218164.102247,15,190.4375,1379.75
1785218164.102247,15,192.09375,1395.0
1785218164.102247,15,193.703125,1410.5
1785218164.102247,15,200.234375,1541.0
1785218164.102247,7,228.953125,10094.0
1785218164.102247,8,230.59375,9981.0
1785218164.102247,7,232.234375,9920.5
1785218164.102247,10,233.875,9849.0
1785218164.102247,8,237.15625,9839.75
1785218164.102247,8,247.03125,8911.5
1785218164.102247,7,248.671875,8822.0
1785218164.102247,11,275.171875,5122.5
1785218164.102247,11,322.015625,354.25
1785218164.102247,15,323.5625,348.25
1785218164.102247,15,333.640625,343.75
1785218164.102247,15,335.28125,342.0
1785218164.102247,15,336.96875,342.75
1785218164.102247,15,338.6875,345.0
1785218164.102247,15,340.34375,347.5
1785218164.102247,15,341.765625,350.75
1785218164.328578,15,171.328125,1301.5
1785218164.328578,15,172.9375,1288.75
1785218164.328578,15,174.5625,1289.75
1785218164.328578,15,176.203125,1292.25
1785218164.328578,15,177.875,1296.0
1785218164.328578,15,179.53125,1306.75
1785218164.328578,15,181.1875,1316.5
1785218164.328578,15,182.796875,1326.0
1785218164.328578,15,184.421875,1334.75
1785218164.328578,15,186.078125,1345.5
1785218164.328578,15,187.6875,1359.0
1785218164.328578,15,189.375,1372.0
1785218164.328578,15,191.0,1384.0
1785218164.328578,15,192.625,1398.5
1785218164.328578,15,194.25,1413.75
1785218164.328578,7,222.90625,10286.5
1785218164.328578,8,227.875,10244.5
1785218164.328578,8,234.4375,9794.75
1785218164.328578,11,249.265625,8805.0
1785218164.328578,15,252.515625,8941.5
1785218164.328578,12,277.25,5108.0
1785218164.328578,11,327.625,334.5
1785218164.328578,15,329.3125,329.5
1785218164.328578,15,341.109375,327.0
1785218164.328578,15,342.4375,327.25
1785218164.328578,15,344.515625,328.75
1785218164.328578,15,345.515625,332.0
1785218164.328578,15,347.203125,336.0
1785218164.328578,15,348.71875,340.5
1785218164.551975,15,171.671875,1290.75
1785218164.551975,15,173.265625,1287.25
1785218164.551975,15,174.953125,1292.5
1785218164.551975,15,176.625,1298.0
1785218164.551975,15,178.234375,1307.0
1785218164.551975,15,179.9375,1314.25
1785218164.551975,15,181.59375,1321.0
1785218164.551975,15,183.234375,1329.5
1785218164.551975,15,184.859375,1340.25
1785218164.551975,15,188.0625,1359.5
1785218164.551975,15,189.703125,1377.0
1785218164.551975,15,191.375,1390.25
1785218164.551975,15,192.96875,1402.5
1785218164.551975,7,226.703125,10084.25
1785218164.551975,8,229.984375,10016.25
1785218164.551975,8,231.640625,9882.0
1785218164.551975,9,234.921875,9838.5
1785218164.551975,12,274.46875,5099.75
1785218164.551975,9,276.125,5021.5
1785218164.551975,15,291.546875,597.25
1785218164.551975,15,307.21875,434.0
1785218164.551975,15,309.203125,421.25
1785218164.551975,15,310.625,408.75
1785218164.551975,15,323.09375,342.5
1785218164.551975,15,324.59375,340.0
1785218164.551975,13,326.65625,333.5
1785218164.551975,15,328.3125,330.0
1785218164.551975,15,329.78125,328.25
1785218164.551975,15,336.515625,310.25
1785218164.551975,15,349.359375,312.0
1785218164.551975,15,351.375,318.25
1785218164.551975,15,352.84375,322.5
1785218164.551975,15,354.3125,327.75
1785218164.774723,15,355.8125,318.0
1785218164.774723,15,357.703125,323.25
1785218164.774723,15,359.265625,329.5
1785218164.774723,15,171.25,1294.75
1785218164.774723,15,172.9375,1294.25
1785218164.774723,15,174.53125,1298.25
1785218164.774723,15,176.15625,1303.75
1785218164.774723,15,177.796875,1311.25
1785218164.774723,15,179.484375,1318.0
1785218164.774723,15,181.109375,1324.0
1785218164.774723,15,182.6875,1331.0
1785218164.774723,15,184.34375,1341.0
1785218164.774723,15,185.984375,1352.0
1785218164.774723,15,187.578125,1363.25
1785218164.774723,15,189.203125,1373.75
1785218164.774723,15,190.90625,1384.0
1785218164.774723,15,192.53125,1395.25
1785218164.774723,15,197.40625,1453.75
1785218164.774723,12,221.203125,10305.75
1785218164.774723,10,222.859375,10114.75
1785218164.774723,8,231.03125,10035.5
1785218164.774723,9,232.671875,9986.0
1785218164.774723,7,234.3125,9867.25
1785218164.774723,8,237.609375,9693.25
1785218164.774723,9,244.171875,8892.75
1785218164.774723,15,247.484375,7607.0
1785218164.774723,9,250.765625,8802.75
1785218164.774723,15,254.0625,8858.5
1785218164.774723,13,277.109375,5105.5
1785218164.774723,15,292.546875,571.5
1785218164.774723,15,306.5625,435.75
1785218164.774723,15,309.921875,411.0
1785218164.774723,15,311.859375,400.25
1785218164.774723,15,313.5,390.0
1785218164.774723,15,315.328125,379.75
1785218164.774723,15,317.25,368.75
1785218164.774723,15,319.171875,360.25
1785218164.774723,15,321.53125,442.75
1785218164.774723,15,332.515625,315.75
1785218164.774723,15,336.03125,310.75
1785218164.774723,15,339.15625,304.25
1785218164.774723,15,341.3125,299.25
1785218164.774723,15,343.0,296.75
1785218164.774723,15,344.78125,294.5
1785218164.774723,15,346.75,293.75
1785218165.1114995,15,7.34375,316.5
1785218165.1114995,15,170.921875,1310.25
1785218165.1114995,15,172.5,1312.5
1785218165.1114995,15,174.15625,1308.75
1785218165.1114995,15,175.8125,1313.25
1785218165.1114995,15,177.453125,1318.25
1785218165.1114995,15,179.125,1322.25
1785218165.1114995,15,180.640625,1326.5
1785218165.1114995,15,182.265625,1334.5
1785218165.1114995,15,183.921875,1343.5
1785218165.1114995,15,185.53125,1352.25
1785218165.1114995,15,187.203125,1362.75
1785218165.1114995,15,188.8125,1374.25
1785218165.1114995,15,190.453125,1383.5
1785218165.1114995,15,220.796875,10608.25
1785218165.1114995,8,232.34375,9920.75
1785218165.1114995,8,235.640625,9823.75
1785218165.1114995,10,245.53125,8886.0
1785218165.1114995,13,271.859375,5138.5
1785218165.1114995,14,273.515625,5053.0
1785218165.1114995,15,295.796875,520.25
1785218165.1114995,15,297.53125,506.25
1785218165.1114995,15,299.046875,493.0
1785218165.1114995,15,307.859375,422.0
1785218165.1114995,15,309.609375,410.0
1785218165.1114995,15,311.640625,398.75
1785218165.1114995,15,313.21875,388.75
1785218165.1114995,15,314.84375,380.0
1785218165.1114995,15,316.890625,371.25
1785218165.1114995,15,318.46875,363.0
1785218165.1114995,15,320.03125,355.5
1785218165.1114995,15,322.046875,349.0
1785218165.1114995,15,323.4375,342.5
1785218165.1114995,15,325.640625,334.75
1785218165.1114995,15,326.984375,328.0
1785218165.1114995,15,329.015625,323.0
1785218165.1114995,15,340.671875,296.0
1785218165.1114995,15,342.84375,292.5
1785218165.1114995,15,345.5625,291.75
1785218165.1114995,15,347.71875,290.75
1785218165.1114995,15,349.0,289.5
1785218165.1114995,15,352.15625,287.25
1785218165.1114995,15,354.09375,285.75
1785218165.3371356,15,355.578125,285.25
1785218165.3371356,15,1.140625,284.5
1785218165.3371356,15,2.234375,286.0
1785218165.3371356,15,8.9375,668.25
1785218165.3371356,15,170.6875,1306.75
1785218165.3371356,15,172.296875,1308.25
1785218165.3371356,15,173.96875,1313.0
1785218165.3371356,15,175.625,1317.5
1785218165.3371356,15,177.25,1321.0
1785218165.3371356,15,178.859375,1324.5
1785218165.3371356,15,180.515625,1327.5
1785218165.3371356,15,182.15625,1334.75
1785218165.3371356,15,183.78125,1343.25
1785218165.3371356,15,185.359375,1351.25
1785218165.3371356,15,187.015625,1361.25
1785218165.3371356,15,188.671875,1371.25
1785218165.3371356,15,190.265625,1379.25
1785218165.3371356,15,195.140625,1422.25
1785218165.3371356,8,200.84375,12388.0
1785218165.3371356,9,202.515625,12569.25
1785218165.3371356,7,225.546875,10134.0
1785218165.3371356,8,235.390625,9774.75
1785218165.3371356,7,237.015625,9741.25
1785218165.3371356,7,250.21875,7716.5
1785218165.3371356,15,274.90625,5164.75
1785218165.3371356,9,276.53125,5086.0
1785218165.3371356,11,279.828125,4833.25
1785218165.3371356,7,283.140625,4542.75
1785218165.3371356,15,299.21875,479.5
1785218165.3371356,15,300.921875,467.5
1785218165.3371356,15,302.515625,456.75
1785218165.3371356,15,304.421875,444.5
1785218165.3371356,15,305.875,432.25
1785218165.3371356,15,307.875,420.0
1785218165.3371356,15,309.640625,408.0
1785218165.3371356,15,311.515625,396.75
1785218165.3371356,15,313.21875,386.5
1785218165.3371356,15,314.84375,377.0
1785218165.3371356,15,316.546875,368.25
1785218165.3371356,15,318.03125,360.5
1785218165.3371356,15,319.734375,353.25
1785218165.3371356,15,321.78125,346.5
1785218165.3371356,15,323.5,340.75
1785218165.3371356,15,325.046875,334.75
1785218165.3371356,15,326.96875,329.25
1785218165.3371356,15,328.65625,324.75
1785218165.3371356,15,330.734375,319.25
1785218165.3371356,15,332.46875,313.5
1785218165.3371356,15,334.28125,308.5
1785218165.3371356,15,335.484375,304.75
1785218165.3371356,15,347.203125,285.0
1785218165.3371356,15,349.265625,282.5
1785218165.3371356,15,350.4375,282.0
1785218165.3371356,15,352.96875,283.0
1785218165.5601604,15,355.390625,282.25
1785218165.5601604,15,357.015625,280.75
1785218165.5601604,15,1.8125,282.75
1785218165.5601604,15,4.046875,284.25
1785218165.5601604,15,8.15625,286.5
1785218165.5601604,15,10.4375,289.5
1785218165.5601604,15,170.0625,1326.25
1785218165.5601604,15,171.703125,1316.25
1785218165.5601604,15,173.296875,1318.5
1785218165.5601604,15,174.953125,1321.5
1785218165.5601604,15,176.578125,1324.25
1785218165.5601604,15,178.25,1326.5
1785218165.5601604,15,179.953125,1330.0
1785218165.5601604,15,181.609375,1342.25
1785218165.5601604,15,183.265625,1349.5
1785218165.5601604,15,184.875,1350.5
1785218165.5601604,15,186.484375,1357.5
1785218165.5601604,15,188.109375,1366.0
1785218165.5601604,15,189.75,1376.0
1785218165.5601604,15,194.671875,1416.25
1785218165.5601604,9,200.375,12374.0
1785218165.5601604,9,202.03125,12518.5
1785218165.5601604,8,203.625,12711.75
1785218165.5601604,7,228.234375,10076.5
1785218165.5601604,8,231.5,10083.0
1785218165.5601604,9,233.140625,9934.75
1785218165.5601604,7,234.78125,9836.75
1785218165.5601604,9,236.421875,9739.25
1785218165.5601604,10,244.625,8944.0
1785218165.5601604,11,246.265625,8788.25
1785218165.5601604,12,274.3125,5175.25
1785218165.5601604,14,275.9375,5103.75
1785218165.5601604,9,277.59375,5010.25
1785218165.5601604,15,279.21875,4891.25
1785218165.5601604,10,280.890625,4784.5
1785218165.5601604,8,282.515625,4686.0
1785218165.5601604,15,302.125,448.0
1785218165.5601604,15,303.90625,437.75
1785218165.5601604,15,305.421875,428.5
1785218165.5601604,15,307.453125,418.5
1785218165.5601604,15,309.203125,407.75
1785218165.5601604,15,310.609375,397.25
1785218165.5601604,15,312.421875,387.25
1785218165.5601604,15,314.0,378.0
1785218165.5601604,15,315.875,369.0
1785218165.5601604,15,317.6875,360.75
1785218165.5601604,15,319.609375,352.75
1785218165.5601604,15,321.171875,346.0
1785218165.5601604,15,323.1875,339.75
1785218165.5601604,15,324.5,333.75
1785218165.5601604,15,326.078125,328.5
1785218165.5601604,15,327.78125,323.75
1785218165.5601604,15,329.828125,318.75
1785218165.5601604,15,331.53125,314.5
1785218165.5601604,15,333.078125,310.5
1785218165.5601604,15,334.71875,306.75
1785218165.5601604,15,336.453125,303.75
1785218165.5601604,15,338.390625,300.25
1785218165.5601604,15,340.078125,296.5
1785218165.5601604,15,342.078125,293.25
1785218165.5601604,15,343.859375,290.5
1785218165.5601604,15,345.015625,291.25
1785218165.5601604,15,355.765625,279.5
1785218165.786709,15,358.890625,281.25
1785218165.786709,15,359.609375,278.0
1785218165.786709,15,1.296875,278.75
1785218165.786709,15,2.828125,280.75
1785218165.786709,15,5.515625,281.5
1785218165.786709,15,6.078125,281.75
1785218165.786709,15,8.046875,283.75
1785218165.786709,13,9.96875,286.5
1785218165.786709,15,11.171875,289.0
1785218165.786709,15,13.328125,290.5
1785218165.786709,15,14.640625,292.5
1785218165.786709,15,15.859375,294.5
1785218165.786709,15,169.671875,1337.5
1785218165.786709,15,171.359375,1322.0
1785218165.786709,15,172.984375,1323.0
1785218165.786709,15,174.671875,1323.5
1785218165.786709,15,176.25,1325.0
1785218165.786709,15,177.90625,1326.5
1785218165.786709,15,179.578125,1329.25
1785218165.786709,15,181.1875,1334.25
1785218165.786709,15,182.78125,1340.75
1785218165.786709,15,184.453125,1347.0
1785218165.786709,15,186.09375,1351.75
1785218165.786709,15,187.671875,1359.25
1785218165.786709,15,192.59375,1412.5
1785218165.786709,15,194.265625,1415.0
1785218165.786709,8,209.765625,14381.5
1785218165.786709,8,226.28125,10164.75
1785218165.786709,8,234.515625,9932.5
1785218165.786709,10,244.40625,8831.5
1785218165.786709,12,246.046875,8790.0
1785218165.786709,12,247.703125,8773.0
1785218165.786709,12,274.109375,5063.75
1785218165.786709,12,275.703125,4977.5
1785218165.786709,9,277.34375,4865.0
1785218165.786709,12,278.984375,4779.75
1785218165.786709,15,282.296875,4473.0
1785218165.786709,15,283.9375,4403.0
1785218165.786709,15,305.171875,417.75
1785218165.786709,15,307.0,409.75
1785218165.786709,15,308.890625,401.5
1785218165.786709,15,310.703125,393.25
1785218165.786709,15,312.046875,385.0
1785218165.786709,15,313.734375,377.0
1785218165.786709,15,315.8125,368.25
1785218165.786709,15,317.21875,359.75
1785218165.786709,15,319.4375,352.0
1785218165.786709,15,321.203125,345.5
1785218165.786709,15,322.9375,339.25
1785218165.786709,15,324.109375,333.25
1785218165.786709,15,326.515625,327.5
1785218165.786709,15,327.78125,322.25
1785218165.786709,15,329.359375,317.5
1785218165.786709,15,330.984375,313.5
1785218165.786709,15,333.140625,309.5
1785218165.786709,15,334.53125,306.0
1785218165.786709,15,336.140625,302.75
1785218165.786709,15,338.296875,299.25
1785218165.786709,15,339.59375,296.75
1785218165.786709,15,341.515625,294.5
1785218165.786709,15,343.03125,291.75
1785218165.786709,15,344.5625,290.0
1785218165.786709,15,347.140625,288.5
1785218165.786709,15,348.5,286.25
1785218165.786709,15,349.8125,284.25
1785218165.786709,15,351.71875,283.0
1785218165.786709,15,353.765625,283.25
1785218166.0087984,15,355.703125,282.5
1785218166.0087984,14,359.265625,410.5
1785218166.0087984,15,5.84375,281.25
1785218166.0087984,15,7.421875,282.0
1785218166.0087984,11,8.859375,285.0
1785218166.0087984,15,11.0,285.5
1785218166.0087984,15,11.984375,286.0
1785218166.0087984,15,13.9375,289.75
1785218166.0087984,15,15.203125,292.75
1785218166.0087984,15,16.9375,295.75
1785218166.0087984,15,18.40625,299.0
1785218166.0087984,15,170.671875,1325.5
1785218166.0087984,15,172.3125,1326.75
1785218166.0087984,15,173.96875,1327.0
1785218166.0087984,15,175.53125,1327.0
1785218166.0087984,15,177.203125,1327.75
1785218166.0087984,15,178.8125,1330.25
1785218166.0087984,15,180.421875,1333.5
1785218166.0087984,15,182.046875,1337.25
1785218166.0087984,15,183.671875,1343.75
1785218166.0087984,15,185.296875,1351.0
1785218166.0087984,15,186.984375,1356.0
1785218166.0087984,15,193.484375,1406.75
1785218166.0087984,9,200.765625,12395.25
1785218166.0087984,9,202.484375,12329.25
1785218166.0087984,11,225.53125,10052.25
1785218166.0087984,9,233.71875,9866.0
1785218166.0087984,7,235.375,9774.25
1785218166.0087984,8,237.015625,9646.5
1785218166.0087984,13,278.15625,5084.5
1785218166.0087984,12,281.453125,4844.25
1785218166.0087984,9,283.09375,4765.5
1785218166.0087984,15,288.03125,4428.25
1785218166.0087984,15,308.046875,396.75
1785218166.0087984,15,309.75,390.5
1785218166.0087984,15,311.703125,384.0
1785218166.0087984,15,313.265625,376.25
1785218166.0087984,15,314.90625,368.75
1785218166.0087984,15,316.515625,361.5
1785218166.0087984,15,318.1875,354.5
1785218166.0087984,15,319.9375,347.75
1785218166.0087984,15,321.796875,341.0
1785218166.0087984,15,323.9375,334.5
1785218166.0087984,15,325.390625,328.75
1785218166.0087984,15,327.015625,323.25
1785218166.0087984,15,328.671875,318.25
1785218166.0087984,15,330.53125,314.0
1785218166.0087984,15,332.4375,309.75
1785218166.0087984,15,334.109375,306.0
1785218166.0087984,15,335.296875,303.0
1785218166.0087984,15,337.609375,299.75
1785218166.0087984,15,339.46875,296.75
1785218166.0087984,15,341.234375,294.25
1785218166.0087984,15,342.65625,292.25
1785218166.0087984,15,344.28125,290.25
1785218166.0087984,15,346.203125,288.5
1785218166.0087984,15,347.671875,287.0
1785218166.0087984,15,349.3125,285.25
1785218166.0087984,15,350.890625,284.25
1785218166.0087984,15,352.578125,283.75
1785218166.0087984,15,354.046875,282.5
1785218166.232483,15,355.875,283.5
1785218166.232483,15,357.84375,282.5
1785218166.232483,15,359.1875,282.0
1785218166.232483,15,0.515625,281.5
1785218166.232483,15,3.09375,282.0
1785218166.232483,15,3.921875,285.25
1785218166.232483,15,13.71875,288.5
1785218166.232483,15,18.71875,293.75
1785218166.232483,15,170.84375,1330.0
1785218166.232483,15,172.515625,1329.0
1785218166.232483,15,174.140625,1328.75
1785218166.232483,15,175.796875,1328.75
1785218166.232483,15,177.46875,1329.25
1785218166.232483,15,180.78125,1332.5
1785218166.232483,15,182.390625,1337.75
1785218166.232483,15,184.015625,1343.5
1785218166.232483,15,185.65625,1349.75
1785218166.232483,15,187.34375,1355.75
1785218166.232483,15,192.1875,1377.25
1785218166.232483,9,210.96875,14329.0
1785218166.232483,9,227.421875,10078.5
1785218166.232483,10,235.640625,9791.25
1785218166.232483,8,237.28125,9666.0
1785218166.232483,11,245.5,8875.25
1785218166.232483,11,247.15625,8752.5
1785218166.232483,13,248.796875,8702.25
1785218166.232483,9,280.1875,5026.25
1785218166.232483,11,281.828125,4904.5
1785218166.232483,10,283.46875,4792.25
1785218166.232483,9,285.140625,4717.0
1785218166.232483,10,288.4375,4442.0
1785218166.232483,15,311.75,372.75
1785218166.232483,15,313.8125,365.5
1785218166.232483,15,315.640625,360.0
1785218166.232483,15,317.328125,354.5
1785218166.232483,15,319.078125,348.75
1785218166.232483,15,320.390625,343.5
1785218166.232483,15,322.40625,338.25
1785218166.232483,15,323.640625,333.0
1785218166.232483,15,325.984375,328.0
1785218166.232483,15,327.25,322.75
1785218166.232483,15,328.9375,318.0
1785218166.232483,15,330.8125,313.5
1785218166.232483,15,332.96875,309.0
1785218166.232483,15,334.125,305.5
1785218166.232483,15,336.03125,302.0
1785218166.232483,15,337.75,298.25
1785218166.232483,15,339.65625,295.5
1785218166.232483,15,341.046875,293.25
1785218166.232483,15,343.03125,291.5
1785218166.232483,15,344.625,289.25
1785218166.232483,15,345.71875,287.5
1785218166.232483,15,347.96875,286.5
1785218166.232483,15,349.390625,285.5
1785218166.232483,15,351.1875,284.5
1785218166.232483,15,353.390625,283.5
1785218166.232483,15,354.203125,282.5
1785218166.4588282,15,356.359375,282.25
1785218166.4588282,15,358.59375,282.0
1785218166.4588282,15,0.1875,282.0
1785218166.4588282,15,1.84375,282.25
1785218166.4588282,15,3.046875,282.5
1785218166.4588282,15,4.875,283.25
1785218166.4588282,15,5.90625,284.5
1785218166.4588282,15,8.125,285.25
1785218166.4588282,15,9.84375,285.75
1785218166.4588282,15,11.359375,287.0
1785218166.4588282,15,12.46875,289.5
1785218166.4588282,15,169.640625,1354.0
1785218166.4588282,15,171.3125,1340.0
1785218166.4588282,15,172.96875,1336.5
1785218166.4588282,15,174.5625,1330.25
1785218166.4588282,15,176.25,1328.75
1785218166.4588282,15,177.890625,1327.5
1785218166.4588282,15,179.4375,1329.75
1785218166.4588282,15,181.0625,1333.0
1785218166.4588282,15,182.75,1335.25
1785218166.4588282,15,184.34375,1340.75
1785218166.4588282,15,185.984375,1345.75
1785218166.4588282,15,190.90625,1395.25
1785218166.4588282,9,201.4375,12193.25
1785218166.4588282,9,204.765625,12326.75
1785218166.4588282,10,211.3125,14128.25
1785218166.4588282,12,244.25,8912.75
1785218166.4588282,8,245.890625,8853.75
1785218166.4588282,15,247.546875,8797.75
1785218166.4588282,13,249.1875,8755.75
1785218166.4588282,15,277.125,5101.5
1785218166.4588282,12,280.390625,4825.0
1785218166.4588282,15,282.046875,4749.0
1785218166.4588282,14,285.328125,4463.5
1785218166.4588282,10,286.984375,4384.75
1785218166.4588282,15,317.34375,343.5
1785218166.4588282,15,319.34375,338.25
1785218166.4588282,15,320.59375,334.0
1785218166.4588282,15,322.671875,330.0
1785218166.4588282,15,324.21875,326.25
1785218166.4588282,15,326.359375,322.0
1785218166.4588282,15,327.53125,318.25
1785218166.4588282,15,329.640625,314.5
1785218166.4588282,15,331.15625,311.0
1785218166.4588282,15,333.046875,307.75
1785218166.4588282,15,334.40625,304.0
1785218166.4588282,15,336.84375,300.5
1785218166.4588282,15,338.1875,297.0
1785218166.4588282,15,339.828125,294.25
1785218166.4588282,15,341.84375,292.0
1785218166.4588282,15,342.796875,290.0
1785218166.4588282,15,345.328125,288.0
1785218166.4588282,15,346.953125,286.0
1785218166.4588282,15,347.828125,284.75
1785218166.4588282,15,349.734375,284.0
1785218166.4588282,15,351.09375,283.0
1785218166.4588282,15,353.109375,282.25
1785218166.4588282,15,354.5625,282.0
1785218166.5693135,15,356.40625,282.0
1785218166.5693135,15,358.265625,281.75
1785218166.5693135,15,359.234375,281.75
1785218166.5693135,15,1.484375,282.0
1785218166.5693135,15,2.796875,282.25
1785218166.5693135,15,4.484375,283.25
1785218166.5693135,15,5.828125,284.5
1785218166.5693135,15,8.484375,285.0
1785218166.5693135,15,9.078125,286.25
1785218166.5693135,15,11.046875,288.25
1785218166.5693135,15,13.109375,290.0
1785218166.5693135,15,14.109375,291.25
1785218166.5693135,15,15.625,292.75
1785218166.5693135,15,17.359375,296.75
1785218166.5693135,15,171.0625,1336.25
1785218166.5693135,15,172.71875,1334.25
1785218166.5693135,15,174.40625,1332.75
1785218166.5693135,15,176.0,1331.75
1785218166.5693135,15,177.640625,1339.25
1785218166.5693135,15,179.265625,1340.25
1785218166.5693135,15,180.984375,1335.5
1785218166.5693135,15,182.59375,1339.25
1785218166.5693135,15,184.234375,1342.75
1785218166.5693135,15,185.890625,1345.0
1785218166.5693135,15,190.8125,1363.75
1785218166.5693135,15,192.4375,1390.25
1785218166.5693135,8,202.9375,12280.5
1785218166.5693135,9,204.578125,12298.0
1785218166.5693135,15,227.609375,9933.0
1785218166.5693135,9,230.890625,10161.0
1785218166.5693135,8,234.171875,9973.75
1785218166.5693135,8,235.8125,9844.0
1785218166.5693135,10,237.453125,9749.25
1785218166.5693135,11,248.96875,8765.75
1785218166.5693135,11,278.609375,5039.5
1785218166.5693135,15,280.234375,4924.0
1785218166.5693135,13,281.875,4819.5
1785218166.5693135,13,283.515625,4755.75
1785218166.5693135,11,288.46875,4410.75
1785218166.5693135,8,290.109375,4362.25
1785218166.5693135,15,320.921875,329.5
1785218166.5693135,15,322.71875,325.5
1785218166.5693135,15,324.328125,321.75
1785218166.5693135,15,326.09375,318.25
1785218166.5693135,15,327.65625,315.25
1785218166.5693135,15,329.359375,312.25
1785218166.5693135,15,330.859375,309.25
1785218166.5693135,15,332.625,306.0
1785218166.5693135,15,334.234375,302.75
1785218166.5693135,15,336.46875,299.75
1785218166.5693135,15,337.703125,296.75
1785218166.5693135,15,339.84375,294.0
1785218166.5693135,15,341.40625,291.5
1785218166.5693135,15,342.59375,289.5
1785218166.5693135,15,344.5,287.5
1785218166.5693135,15,346.3125,285.75
1785218166.5693135,15,347.5625,284.25
1785218166.5693135,15,349.46875,283.0
1785218166.5693135,15,351.15625,282.0
1785218166.5693135,15,352.8125,281.25
1785218166.5693135,15,354.703125,281.0
1785218166.7945752,15,356.28125,279.75
1785218166.7945752,15,357.75,279.5
1785218166.7945752,15,359.25,279.75
1785218166.7945752,15,1.359375,280.0
1785218166.7945752,15,2.46875,280.75
1785218166.7945752,15,4.046875,281.75
1785218166.7945752,15,6.28125,282.75
1785218166.7945752,15,7.796875,284.0
1785218166.7945752,15,8.78125,285.25
1785218166.7945752,15,10.171875,287.0
1785218166.7945752,15,12.046875,288.75
1785218166.7945752,15,13.5625,290.75
1785218166.7945752,15,15.8125,292.75
1785218166.7945752,15,17.328125,295.5
1785218166.7945752,15,18.15625,298.25
1785218166.7945752,15,170.359375,1348.75
1785218166.7945752,15,172.015625,1339.5
1785218166.7945752,15,173.65625,1334.5
1785218166.7945752,15,175.359375,1331.75
1785218166.7945752,15,176.953125,1326.5
1785218166.7945752,15,178.59375,1328.25
1785218166.7945752,15,180.28125,1334.75
1785218166.7945752,15,181.90625,1334.5
1785218166.7945752,15,183.546875,1335.5
1785218166.7945752,15,185.15625,1337.25
1785218166.7945752,15,190.09375,1361.75
1785218166.7945752,13,202.3125,12241.75
1785218166.7945752,9,205.59375,12351.0
1785218166.7945752,7,207.21875,12643.25
1785218166.7945752,15,225.328125,10304.5
1785218166.7945752,8,240.140625,9671.5
1785218166.7945752,9,246.734375,8876.75
1785218166.7945752,14,248.375,8816.25
1785218166.7945752,10,250.03125,8705.0
1785218166.7945752,15,254.9375,8678.75
1785218166.7945752,15,282.9375,4857.0
1785218166.7945752,15,284.59375,4773.25
1785218166.7945752,10,286.234375,4686.5
1785218166.7945752,11,289.546875,4415.75
1785218166.7945752,9,291.1875,4362.25
1785218166.7945752,15,302.1875,467.25
1785218166.7945752,15,327.328125,307.0
1785218166.7945752,15,328.765625,304.0
1785218166.7945752,15,330.578125,301.75
1785218166.7945752,15,332.453125,299.5
1785218166.7945752,15,333.734375,297.5
1785218166.7945752,15,335.984375,295.25
1785218166.7945752,15,336.96875,293.5
1785218166.7945752,15,339.484375,291.75
1785218166.7945752,15,340.796875,289.75
1785218166.7945752,15,342.40625,288.0
1785218166.7945752,15,343.78125,286.5
1785218166.7945752,15,345.8125,285.25
1785218166.7945752,15,348.0,283.5
1785218166.7945752,15,348.78125,282.25
1785218166.7945752,15,350.328125,281.25
1785218166.7945752,15,352.765625,280.5
1785218166.7945752,15,353.75,279.75
1785218166.9063976,15,355.5,279.25
1785218166.9063976,15,357.296875,279.25
1785218166.9063976,15,358.546875,279.25
1785218166.9063976,15,0.359375,279.25
1785218166.9063976,15,2.515625,279.75
1785218166.9063976,15,4.15625,280.5
1785218166.9063976,15,5.71875,281.5
1785218166.9063976,15,7.203125,282.75
1785218166.9063976,15,8.703125,284.25
1785218166.9063976,15,10.890625,285.75
1785218166.9063976,15,11.984375,287.5
1785218166.9063976,15,13.453125,289.75
1785218166.9063976,15,15.515625,291.75
1785218166.9063976,15,16.28125,294.25
1785218166.9063976,15,18.09375,297.5
1785218166.9063976,15,170.328125,1351.75
1785218166.9063976,15,171.96875,1340.5
1785218166.9063976,15,173.625,1336.25
1785218166.9063976,15,175.234375,1333.75
1785218166.9063976,15,176.90625,1333.25
1785218166.9063976,15,178.53125,1334.0
1785218166.9063976,15,180.25,1334.0
1785218166.9063976,15,181.9375,1334.5
1785218166.9063976,15,183.5625,1335.5
1785218166.9063976,15,185.140625,1351.5
1785218166.9063976,15,190.078125,1361.75
1785218166.9063976,9,205.640625,12421.5
1785218166.9063976,7,207.296875,12708.0
1785218166.9063976,9,230.328125,10034.5
1785218166.9063976,10,231.96875,10083.25
1785218166.9063976,8,235.265625,9908.0
1785218166.9063976,10,236.90625,9804.75
1785218166.9063976,11,238.546875,9735.5
1785218166.9063976,15,248.4375,8806.25
1785218166.9063976,15,250.078125,8695.5
1785218166.9063976,15,254.984375,8676.5
1785218166.9063976,10,283.078125,5020.5
1785218166.9063976,14,286.375,4787.75
1785218166.9063976,9,288.015625,4724.5
1785218166.9063976,9,292.96875,4412.75
1785218166.9063976,10,294.640625,4388.25
1785218166.9063976,15,304.03125,451.0
1785218166.9063976,15,330.984375,296.5
1785218166.9063976,15,332.390625,294.0
1785218166.9063976,15,334.015625,292.25
1785218166.9063976,15,335.46875,291.25
1785218166.9063976,15,337.625,290.0
1785218166.9063976,15,339.015625,288.25
1785218166.9063976,15,340.90625,287.0
1785218166.9063976,15,343.09375,285.75
1785218166.9063976,15,344.5625,284.5
1785218166.9063976,15,345.515625,283.25
1785218166.9063976,15,347.890625,282.25
1785218166.9063976,15,349.1875,281.75
1785218166.9063976,15,351.359375,280.75
1785218166.9063976,15,352.8125,279.5
1785218166.9063976,15,354.796875,279.5
1785218167.1298673,15,356.40625,278.5
1785218167.1298673,15,357.75,278.5
1785218167.1298673,15,359.265625,278.5
1785218167.1298673,15,0.796875,278.75
1785218167.1298673,15,3.171875,279.0
1785218167.1298673,15,4.40625,279.5
1785218167.1298673,15,6.140625,280.5
1785218167.1298673,15,7.421875,281.75
1785218167.1298673,15,9.53125,283.25
1785218167.1298673,15,11.46875,284.75
1785218167.1298673,15,12.453125,286.5
1785218167.1298673,15,14.0,288.75
1785218167.1298673,15,16.0625,291.25
1785218167.1298673,15,17.765625,293.5
1785218167.1298673,15,171.0625,1346.5
1785218167.1298673,15,172.703125,1342.0
1785218167.1298673,15,174.375,1336.0
1785218167.1298673,15,176.046875,1332.5
1785218167.1298673,15,177.671875,1332.0
1785218167.1298673,15,179.21875,1332.5
1785218167.1298673,15,180.890625,1332.5
1785218167.1298673,15,182.578125,1331.25
1785218167.1298673,15,184.1875,1347.0
1785218167.1298673,15,189.09375,1352.75
1785218167.1298673,10,202.9375,12103.0
1785218167.1298673,9,207.875,12702.25
1785218167.1298673,11,229.21875,9902.25
1785218167.1298673,9,235.796875,9886.25
1785218167.1298673,8,237.4375,9756.5
1785218167.1298673,7,248.9375,8759.5
1785218167.1298673,12,250.59375,8668.0
1785218167.1298673,8,283.5,5007.5
1785218167.1298673,11,285.140625,4887.25
1785218167.1298673,10,286.78125,4788.75
1785218167.1298673,10,288.4375,4725.75
1785218167.1298673,13,295.0,4372.25
1785218167.1298673,15,337.875,280.75
1785218167.1298673,15,339.578125,279.5
1785218167.1298673,15,341.53125,279.0
1785218167.1298673,15,342.84375,278.5
1785218167.1298673,15,345.0625,278.0
1785218167.1298673,15,346.109375,278.0
1785218167.1298673,15,348.75,277.75
1785218167.1298673,15,349.671875,277.5
1785218167.1298673,15,351.15625,277.5
1785218167.1298673,15,352.5625,277.5
1785218167.1298673,15,355.28125,277.25
1785218167.2403443,15,355.828125,277.75
1785218167.2403443,15,357.984375,278.0
1785218167.2403443,15,0.171875,278.0
1785218167.2403443,15,1.265625,278.5
1785218167.2403443,15,2.953125,278.75
1785218167.2403443,15,4.3125,279.25
1785218167.2403443,15,6.609375,280.25
1785218167.2403443,15,7.71875,281.5
1785218167.2403443,15,9.6875,283.0
1785218167.2403443,15,10.75,284.75
1785218167.2403443,15,12.28125,286.5
1785218167.2403443,15,13.90625,288.5
1785218167.2403443,15,16.140625,291.0
1785218167.2403443,15,17.015625,293.25
1785218167.2403443,15,18.859375,298.75
1785218167.2403443,15,170.96875,1348.25
1785218167.2403443,15,172.546875,1342.5
1785218167.2403443,15,174.234375,1338.75
1785218167.2403443,15,175.890625,1334.0
1785218167.2403443,15,177.546875,1330.5
1785218167.2403443,15,179.21875,1331.25
1785218167.2403443,15,180.875,1331.75
1785218167.2403443,15,182.46875,1328.5
1785218167.2403443,15,185.734375,1399.25
1785218167.2403443,15,189.0625,1352.5
1785218167.2403443,11,202.84375,12215.5
1785218167.2403443,10,204.46875,12199.0
1785218167.2403443,7,206.125,12189.5
1785218167.2403443,10,207.75,12486.75
1785218167.2403443,14,234.03125,9997.0
1785218167.2403443,9,235.65625,9934.5
1785218167.2403443,8,242.25,9016.5
1785218167.2403443,12,283.484375,4843.5
1785218167.2403443,15,285.140625,4775.75
1785218167.2403443,13,286.78125,4739.75
1785218167.2403443,10,288.4375,4685.5
1785218167.2403443,12,293.390625,4432.25
1785218167.2403443,12,295.0,4401.0
1785218167.2403443,8,296.671875,4384.25
1785218167.2403443,15,341.140625,275.75
1785218167.2403443,15,343.390625,274.75
1785218167.2403443,15,344.375,274.75
1785218167.2403443,15,346.71875,274.5
1785218167.2403443,15,347.90625,275.0
1785218167.2403443,15,350.0,275.25
1785218167.2403443,15,351.96875,275.25
1785218167.2403443,15,353.6875,275.75
1785218167.2403443,15,354.5625,276.5
1785218167.4663014,15,355.484375,276.5
1785218167.4663014,15,357.421875,277.0
1785218167.4663014,15,358.65625,277.75
1785218167.4663014,15,1.171875,278.5
1785218167.4663014,15,3.046875,278.75
1785218167.4663014,15,3.84375,279.25
1785218167.4663014,15,5.296875,280.5
1785218167.4663014,15,7.875,281.75
1785218167.4663014,15,8.828125,283.25
1785218167.4663014,15,10.6875,284.75
1785218167.4663014,15,12.25,286.0
1785218167.4663014,15,14.15625,287.5
1785218167.4663014,15,15.171875,290.0
1785218167.4663014,15,17.25,292.5
1785218167.4663014,15,18.359375,295.0
1785218167.4663014,15,170.59375,1351.0
1785218167.4663014,15,172.203125,1342.25
1785218167.4663014,15,173.875,1337.25
1785218167.4663014,15,175.515625,1332.25
1785218167.4663014,15,177.171875,1331.25
1785218167.4663014,15,178.765625,1331.75
1785218167.4663014,15,180.40625,1331.25
1785218167.4663014,15,182.0625,1328.5
1785218167.4663014,15,185.28125,1388.75
1785218167.4663014,15,188.65625,1348.5
1785218167.4663014,13,202.453125,12192.75
1785218167.4663014,12,204.09375,12203.0
1785218167.4663014,12,230.453125,9899.25
1785218167.4663014,10,233.71875,9926.25
1785218167.4663014,7,237.015625,9822.0
1785218167.4663014,11,246.90625,8846.25
1785218167.4663014,14,248.546875,8779.0
1785218167.4663014,12,250.171875,8688.5
1785218167.4663014,10,251.828125,8597.75
1785218167.4663014,13,286.40625,4840.5
1785218167.4663014,11,288.03125,4771.0
1785218167.4663014,8,289.6875,4686.0
1785218167.4663014,8,291.34375,4567.0
1785218167.4663014,15,292.96875,4459.5
1785218167.4663014,8,294.609375,4417.75
1785218167.4663014,8,296.25,4401.25
1785218167.4663014,15,333.90625,302.0
1785218167.4663014,15,341.140625,276.25
1785218167.4663014,15,343.25,275.5
1785218167.4663014,15,345.0625,275.0
1785218167.4663014,15,346.84375,274.25
1785218167.4663014,15,347.890625,275.0
1785218167.4663014,15,349.875,275.75
1785218167.4663014,15,351.546875,275.75
1785218167.4663014,15,353.078125,276.25
1785218167.4663014,15,354.078125,276.5
1785218167.5779135,15,355.6875,276.75
1785218167.5779135,15,357.1875,277.0
1785218167.5779135,15,359.59375,277.5
1785218167.5779135,15,0.984375,278.25
1785218167.5779135,15,2.28125,279.0
1785218167.5779135,15,4.65625,279.75
1785218167.5779135,15,5.578125,280.75
1785218167.5779135,15,7.875,281.75
1785218167.5779135,15,8.890625,283.0
1785218167.5779135,15,10.765625,284.5
1785218167.5779135,15,12.078125,286.0
1785218167.5779135,15,13.671875,288.0
1785218167.5779135,15,15.03125,290.5
1785218167.5779135,15,17.1875,293.0
1785218167.5779135,15,18.390625,295.5
1785218167.5779135,15,170.84375,1347.5
1785218167.5779135,15,172.46875,1341.5
1785218167.5779135,15,174.125,1338.0
1785218167.5779135,15,175.828125,1334.0
1785218167.5779135,15,177.4375,1331.25
1785218167.5779135,15,179.046875,1331.0
1785218167.5779135,15,180.75,1330.5
1785218167.5779135,15,182.359375,1327.5
1785218167.5779135,15,185.59375,1397.75
1785218167.5779135,15,188.9375,1350.75
1785218167.5779135,14,202.796875,12225.0
1785218167.5779135,9,204.4375,12257.25
1785218167.5779135,7,207.734375,12351.75
1785218167.5779135,10,235.6875,9857.0
1785218167.5779135,12,245.5625,8814.75
1785218167.5779135,8,247.203125,8807.25
1785218167.5779135,11,248.859375,8760.75
1785218167.5779135,12,250.484375,8656.5
1785218167.5779135,8,252.109375,8618.25
1785218167.5779135,10,285.109375,4898.25
1785218167.5779135,11,286.765625,4802.0
1785218167.5779135,9,288.40625,4727.75
1785218167.5779135,8,290.046875,4697.75
1785218167.5779135,13,293.34375,4431.75
1785218167.5779135,12,294.96875,4399.25
1785218167.5779135,15,341.625,277.0
1785218167.5779135,15,343.328125,276.25
1785218167.5779135,15,344.5625,275.5
1785218167.5779135,15,346.8125,275.25
1785218167.5779135,15,348.359375,275.75
1785218167.5779135,15,350.296875,276.0
1785218167.5779135,15,351.265625,276.0
1785218167.5779135,15,353.09375,276.0
1785218167.5779135,15,354.796875,276.5
1785218167.6896667,15,356.234375,276.75
1785218167.6896667,15,357.984375,277.5
1785218167.6896667,15,359.828125,278.25
1785218167.6896667,15,1.625,278.5
1785218167.6896667,15,2.84375,278.75
1785218167.6896667,15,4.453125,279.5
1785218167.6896667,15,6.015625,280.5
1785218167.6896667,15,8.21875,281.5
1785218167.6896667,15,9.921875,283.0
1785218167.6896667,15,11.21875,284.75
1785218167.6896667,15,12.640625,286.5
1785218167.6896667,15,14.375,288.5
1785218167.6896667,15,16.109375,291.0
1785218167.6896667,15,17.28125,293.25
1785218167.6896667,15,171.25,1347.0
1785218167.6896667,15,172.9375,1341.75
1785218167.6896667,15,174.5625,1335.25
1785218167.6896667,15,176.15625,1332.75
1785218167.6896667,15,177.84375,1331.5
1785218167.6896667,15,179.4375,1329.75
1785218167.6896667,15,181.109375,1332.0
1785218167.6896667,15,182.75,1329.5
1785218167.6896667,15,185.96875,1409.0
1785218167.6896667,15,189.265625,1357.0
1785218167.6896667,9,206.46875,12355.0
1785218167.6896667,9,208.125,12598.5
1785218167.6896667,14,229.484375,9908.5
1785218167.6896667,8,236.0625,9833.0
1785218167.6896667,7,237.71875,9792.25
1785218167.6896667,7,283.84375,5024.5
1785218167.6896667,11,287.140625,4783.5
1785218167.6896667,10,288.78125,4725.25
1785218167.6896667,12,293.71875,4433.5
1785218167.6896667,12,295.359375,4395.25
1785218167.6896667,15,310.234375,405.5
1785218167.6896667,15,341.546875,276.75
1785218167.6896667,15,343.28125,275.75
1785218167.6896667,15,345.234375,275.25
1785218167.6896667,15,347.1875,275.5
1785218167.6896667,15,348.265625,275.75
1785218167.6896667,15,350.5,276.0
1785218167.6896667,15,351.640625,276.25
1785218167.6896667,15,353.109375,276.75
1785218167.6896667,15,355.078125,277.0
1785218167.9145675,15,356.8125,277.5
1785218167.9145675,15,358.421875,278.0
1785218167.9145675,15,0.53125,278.5
1785218167.9145675,15,1.75,279.0
1785218167.9145675,15,3.171875,279.5
1785218167.9145675,15,5.5,280.5
1785218167.9145675,15,6.5,281.5
1785218167.9145675,15,8.625,282.5
1785218167.9145675,15,9.734375,284.0
1785218167.9145675,15,11.546875,285.75
1785218167.9145675,15,13.90625,287.5
1785218167.9145675,15,15.203125,289.75
1785218167.9145675,15,16.859375,292.0
1785218167.9145675,15,18.0625,294.75
1785218167.9145675,15,170.296875,1355.5
1785218167.9145675,15,171.953125,1344.0
1785218167.9145675,15,173.625,1340.5
1785218167.9145675,15,175.296875,1332.5
1785218167.9145675,15,176.9375,1330.25
1785218167.9145675,15,178.609375,1331.0
1785218167.9145675,15,180.21875,1331.0
1785218167.9145675,15,181.890625,1331.0
1785218167.9145675,15,183.59375,1332.0
1785218167.9145675,15,188.46875,1344.75
1785218167.9145675,12,203.96875,12207.0
1785218167.9145675,8,213.828125,14242.0
1785218167.9145675,15,228.65625,9986.75
1785218167.9145675,14,230.3125,9947.5
1785218167.9145675,8,235.25,9908.0
1785218167.9145675,15,248.421875,8806.5
1785218167.9145675,12,250.0625,8704.25
1785218167.9145675,8,251.734375,8602.25
1785218167.9145675,14,286.359375,4821.0
1785218167.9145675,13,288.03125,4749.5
1785218167.9145675,9,291.328125,4544.25
1785218167.9145675,15,292.96875,4454.25
1785218167.9145675,10,294.625,4397.5
1785218167.9145675,7,296.25,4379.25
1785218167.9145675,15,334.390625,302.0
1785218167.9145675,15,340.828125,276.25
1785218167.9145675,15,342.8125,275.5
1785218167.9145675,15,344.5,275.0
1785218167.9145675,15,345.84375,275.0
1785218167.9145675,15,348.296875,275.75
1785218167.9145675,15,349.96875,275.75
1785218167.9145675,15,350.671875,275.75
1785218167.9145675,15,352.171875,276.25
1785218167.9145675,15,354.25,276.5
1785218168.0266988,15,356.109375,276.75
1785218168.0266988,15,357.40625,277.0
1785218168.0266988,15,359.21875,277.5
1785218168.0266988,15,1.0625,278.25
1785218168.0266988,15,2.71875,279.0
1785218168.0266988,15,4.265625,279.5
1785218168.0266988,15,6.171875,280.5
1785218168.0266988,15,6.984375,281.75
1785218168.0266988,15,9.25,283.0
1785218168.0266988,15,10.796875,284.5
1785218168.0266988,15,12.65625,286.0
1785218168.0266988,15,13.625,288.0
1785218168.0266988,15,15.765625,290.5
1785218168.0266988,15,17.1875,293.0
1785218168.0266988,15,18.953125,295.5
1785218168.0266988,15,170.90625,1347.75
1785218168.0266988,15,172.515625,1342.5
1785218168.0266988,15,174.171875,1338.5
1785218168.0266988,15,175.828125,1334.25
1785218168.0266988,15,177.484375,1331.75
1785218168.0266988,15,179.140625,1330.75
1785218168.0266988,15,180.734375,1329.75
1785218168.0266988,15,182.4375,1327.0
1785218168.0266988,15,185.65625,1399.0
1785218168.0266988,15,188.9375,1352.0
1785218168.0266988,15,202.84375,12218.75
1785218168.0266988,8,204.5,12254.5
1785218168.0266988,7,206.125,12156.5
1785218168.0266988,13,229.21875,9988.25
1785218168.0266988,10,230.859375,10007.25
1785218168.0266988,11,232.515625,10060.25
1785218168.0266988,10,234.15625,9976.0
1785218168.0266988,10,235.8125,9931.5
1785218168.0266988,8,237.453125,9812.25
1785218168.0266988,8,239.09375,9675.25
1785218168.0266988,7,242.40625,9102.25
1785218168.0266988,8,244.0625,9021.75
1785218168.0266988,10,245.703125,8853.75
1785218168.0266988,13,249.0,8717.25
1785218168.0266988,8,255.609375,8556.75
1785218168.0266988,12,286.96875,4795.75
1785218168.0266988,11,288.609375,4723.25
1785218168.0266988,13,293.5625,4411.0
1785218168.0266988,15,295.203125,4389.5
1785218168.0266988,15,310.265625,402.75
1785218168.0266988,15,341.34375,276.75
1785218168.0266988,15,343.84375,276.0
1785218168.0266988,15,344.625,275.75
1785218168.0266988,15,346.5625,275.5
1785218168.0266988,15,349.09375,275.5
1785218168.0266988,15,350.71875,276.0
1785218168.0266988,15,351.9375,276.25
1785218168.0266988,15,353.609375,276.5
1785218168.0266988,15,355.109375,276.75
1785218168.1382318,15,357.1875,277.0
1785218168.1382318,15,358.359375,277.5
1785218168.1382318,15,0.296875,278.25
1785218168.1382318,15,1.125,278.75
1785218168.1382318,15,3.046875,279.25
1785218168.1382318,15,4.5625,280.0
1785218168.1382318,15,6.015625,281.25
1785218168.1382318,15,8.40625,282.0
1785218168.1382318,15,9.84375,283.5
1785218168.1382318,15,11.71875,285.25
1785218168.1382318,15,12.84375,286.75
1785218168.1382318,15,14.140625,289.0
1785218168.1382318,15,16.5,291.5
1785218168.1382318,15,17.9375,293.75
1785218168.1382318,15,171.453125,1347.0
1785218168.1382318,15,173.125,1340.25
1785218168.1382318,15,174.703125,1340.5
1785218168.1382318,15,176.34375,1338.0
1785218168.1382318,15,178.0,1331.0
1785218168.1382318,15,179.609375,1329.5
1785218168.1382318,15,181.265625,1329.75
1785218168.1382318,15,182.9375,1328.5
1785218168.1382318,15,186.125,1410.0
1785218168.1382318,15,189.453125,1359.0
1785218168.1382318,11,206.59375,12307.75
1785218168.1382318,12,229.703125,9934.5
1785218168.1382318,8,236.3125,9891.25
1785218168.1382318,10,239.609375,9717.5
1785218168.1382318,11,247.84375,8816.25
1785218168.1382318,9,249.5,8754.75
1785218168.1382318,12,251.125,8653.25
1785218168.1382318,8,256.0625,8619.25
1785218168.1382318,10,285.78125,4846.25
1785218168.1382318,13,287.40625,4765.75
1785218168.1382318,9,289.0625,4704.25
1785218168.1382318,9,292.359375,4446.25
1785218168.1382318,10,294.0,4398.0
1785218168.1382318,9,295.65625,4355.5
1785218168.1382318,15,341.875,276.25
1785218168.1382318,15,344.046875,275.5
1785218168.1382318,15,345.78125,275.5
1785218168.1382318,15,347.109375,275.5
1785218168.1382318,15,348.46875,275.75
1785218168.1382318,15,350.28125,276.25
1785218168.1382318,15,352.25,276.5
1785218168.1382318,15,354.328125,276.5
1785218168.1382318,15,356.0,276.75
1785218168.3609576,15,355.96875,276.75
1785218168.3609576,15,358.046875,277.25
1785218168.3609576,15,359.359375,277.75
1785218168.3609576,15,0.703125,278.5
1785218168.3609576,15,1.953125,278.75
1785218168.3609576,15,3.859375,279.25
1785218168.3609576,15,5.1875,280.5
1785218168.3609576,15,7.703125,281.5
1785218168.3609576,15,9.203125,282.75
1785218168.3609576,15,10.0625,284.5
1785218168.3609576,15,12.296875,285.75
1785218168.3609576,15,14.28125,287.5
1785218168.3609576,15,15.125,290.0
1785218168.3609576,15,16.859375,292.5
1785218168.3609576,15,18.40625,295.0
1785218168.3609576,15,170.59375,1351.25
1785218168.3609576,15,172.28125,1342.0
1785218168.3609576,15,173.921875,1337.25
1785218168.3609576,15,175.578125,1332.5
1785218168.3609576,15,177.15625,1331.0
1785218168.3609576,15,178.859375,1331.25
1785218168.3609576,15,180.515625,1329.25
1785218168.3609576,15,182.140625,1327.0
1785218168.3609576,15,185.359375,1388.75
1785218168.3609576,15,188.734375,1348.25
1785218168.3609576,14,202.578125,12243.0
1785218168.3609576,11,204.234375,12229.25
1785218168.3609576,12,230.578125,9931.75
1785218168.3609576,9,233.859375,9989.25
1785218168.3609576,8,235.515625,9848.0
1785218168.3609576,10,237.15625,9809.5
1785218168.3609576,9,243.75,8948.5
1785218168.3609576,13,247.03125,8850.75
1785218168.3609576,11,248.703125,8760.25
1785218168.3609576,15,250.296875,8660.75
1785218168.3609576,12,251.9375,8640.25
1785218168.3609576,13,284.9375,4920.5
1785218168.3609576,12,286.546875,4804.0
1785218168.3609576,15,288.21875,4729.25
1785218168.3609576,10,289.859375,4653.0
1785218168.3609576,14,293.140625,4417.75
1785218168.3609576,8,294.796875,4388.25
1785218168.3609576,15,341.0,276.25
1785218168.3609576,15,342.625,276.0
1785218168.3609576,15,344.8125,275.5
1785218168.3609576,15,346.109375,274.75
1785218168.3609576,15,347.53125,275.0
1785218168.3609576,15,349.40625,275.25
1785218168.3609576,15,350.859375,275.75
1785218168.3609576,15,353.40625,276.5
1785218168.3609576,15,354.78125,276.75
1785218168.5869462,15,356.4375,277.0
1785218168.5869462,15,358.171875,277.5
1785218168.5869462,15,359.609375,278.0
1785218168.5869462,15,1.078125,278.5
1785218168.5869462,15,2.65625,278.75
1785218168.5869462,15,4.96875,279.5
1785218168.5869462,15,6.203125,280.75
1785218168.5869462,15,8.21875,282.0
1785218168.5869462,15,9.640625,283.25
1785218168.5869462,15,10.734375,284.75
1785218168.5869462,15,12.3125,286.5
1785218168.5869462,15,14.796875,288.5
1785218168.5869462,15,16.328125,291.0
1785218168.5869462,15,17.125,293.25
1785218168.5869462,15,171.015625,1349.25
1785218168.5869462,15,172.71875,1342.75
1785218168.5869462,15,174.359375,1337.0
1785218168.5869462,15,176.015625,1332.5
1785218168.5869462,15,177.609375,1331.5
1785218168.5869462,15,179.28125,1331.0
1785218168.5869462,15,180.9375,1330.5
1785218168.5869462,15,182.640625,1328.0
1785218168.5869462,15,185.84375,1404.5
1785218168.5869462,15,189.1875,1353.0
1785218168.5869462,14,202.96875,12216.0
1785218168.5869462,8,204.625,12265.75
1785218168.5869462,7,216.109375,12557.75
1785218168.5869462,10,234.1875,10050.25
1785218168.5869462,7,237.484375,9837.25
1785218168.5869462,10,239.125,9630.75
1785218168.5869462,11,244.0625,8970.5
1785218168.5869462,9,245.703125,8865.25
1785218168.5869462,10,249.0,8761.0
1785218168.5869462,11,255.625,8594.5
1785218168.5869462,13,286.953125,4796.75
1785218168.5869462,12,288.59375,4724.5
1785218168.5869462,12,293.546875,4414.25
1785218168.5869462,15,295.1875,4385.5
1785218168.5869462,15,309.9375,402.75
1785218168.5869462,15,341.265625,276.75
1785218168.5869462,15,343.171875,276.0
1785218168.5869462,15,345.203125,275.75
1785218168.5869462,15,347.3125,275.5
1785218168.5869462,15,348.28125,275.75
1785218168.5869462,15,349.453125,276.0
1785218168.5869462,15,352.21875,276.25
1785218168.5869462,15,353.421875,276.5
1785218168.5869462,15,355.578125,276.75
1785218168.6984587,15,356.390625,277.0
1785218168.6984587,15,358.40625,277.5
1785218168.6984587,15,359.28125,278.0
1785218168.6984587,15,0.953125,278.5
1785218168.6984587,15,3.296875,279.25
1785218168.6984587,15,4.59375,280.0
1785218168.6984587,15,6.875,281.0
1785218168.6984587,15,8.0625,282.0
1785218168.6984587,15,10.15625,283.25
1785218168.6984587,15,10.734375,284.75
1785218168.6984587,15,13.078125,286.5
1785218168.6984587,15,13.90625,288.75
1785218168.6984587,15,15.671875,291.25
1785218168.6984587,15,17.859375,293.75
1785218168.6984587,15,171.296875,1346.75
1785218168.6984587,15,172.96875,1341.0
1785218168.6984587,15,174.59375,1338.25
1785218168.6984587,15,176.21875,1335.75
1785218168.6984587,15,177.890625,1331.5
1785218168.6984587,15,179.5625,1329.75
1785218168.6984587,15,181.15625,1330.0
1785218168.6984587,15,182.875,1328.0
1785218168.6984587,15,186.015625,1410.0
1785218168.6984587,15,189.421875,1357.0
1785218168.6984587,9,206.46875,12283.0
1785218168.6984587,9,208.125,12591.25
1785218168.6984587,15,229.484375,9863.5
1785218168.6984587,8,232.765625,10132.75
1785218168.6984587,7,234.421875,9944.25
1785218168.6984587,11,236.046875,9888.5
1785218168.6984587,7,283.875,5025.25
1785218168.6984587,10,285.515625,4905.75
1785218168.6984587,13,287.171875,4793.5
1785218168.6984587,12,293.75,4429.0
1785218168.6984587,10,295.40625,4388.5
1785218168.6984587,15,310.46875,405.5
1785218168.6984587,15,342.5,276.5
1785218168.6984587,15,343.859375,275.5
1785218168.6984587,15,345.703125,275.25
1785218168.6984587,15,346.859375,275.5
1785218168.6984587,15,348.65625,276.0
1785218168.6984587,15,350.109375,276.0
1785218168.6984587,15,351.8125,276.25
1785218168.6984587,15,353.140625,276.75
1785218168.6984587,15,355.609375,277.0
1785218168.9213588,15,356.84375,277.5
1785218168.9213588,15,358.625,278.0
1785218168.9213588,15,0.921875,278.5
1785218168.9213588,15,2.03125,278.75
1785218168.9213588,15,4.28125,279.25
1785218168.9213588,15,5.34375,280.75
1785218168.9213588,15,6.828125,281.75
1785218168.9213588,15,8.5,282.5
1785218168.9213588,15,10.5,284.0
1785218168.9213588,15,11.640625,285.5
1785218168.9213588,15,13.34375,287.25
1785218168.9213588,15,14.703125,289.5
1785218168.9213588,15,16.90625,292.0
1785218168.9213588,15,17.765625,294.5
1785218168.9213588,15,170.375,1354.5
1785218168.9213588,15,172.015625,1340.5
1785218168.9213588,15,173.6875,1338.25
1785218168.9213588,15,175.3125,1332.75
1785218168.9213588,15,176.984375,1330.25
1785218168.9213588,15,178.6875,1331.0
1785218168.9213588,15,180.328125,1330.75
1785218168.9213588,15,181.90625,1330.25
1785218168.9213588,15,183.578125,1331.5
1785218168.9213588,15,188.515625,1344.75
1785218168.9213588,11,203.953125,12142.75
1785218168.9213588,9,213.796875,14230.75
1785218168.9213588,15,228.671875,9996.75
1785218168.9213588,13,230.3125,9957.75
1785218168.9213588,9,235.25,9963.75
1785218168.9213588,10,236.890625,9860.5
1785218168.9213588,8,238.546875,9700.75
1785218168.9213588,15,248.4375,8806.0
1785218168.9213588,11,250.078125,8713.25
1785218168.9213588,11,251.703125,8623.75
1785218168.9213588,15,286.28125,4822.75
1785218168.9213588,15,287.921875,4748.75
1785218168.9213588,10,289.578125,4681.25
1785218168.9213588,8,294.5,4395.75
1785218168.9213588,7,296.140625,4369.25
1785218168.9213588,15,333.59375,301.5
1785218168.9213588,15,340.75,276.5
1785218168.9213588,15,342.90625,275.75
1785218168.9213588,15,344.5,275.25
1785218168.9213588,15,346.75,275.0
1785218168.9213588,15,348.15625,275.5
1785218168.9213588,15,349.703125,276.0
1785218168.9213588,15,351.1875,275.75
1785218168.9213588,15,352.34375,275.75
1785218168.9213588,15,354.203125,276.0
1785218169.0319626,15,355.953125,276.75
1785218169.0319626,15,357.953125,277.25
1785218169.0319626,15,359.640625,277.5
1785218169.0319626,15,0.734375,278.25
1785218169.0319626,15,2.109375,278.75
1785218169.0319626,15,3.796875,279.25
1785218169.0319626,15,5.453125,280.5
1785218169.0319626,15,7.765625,281.5
1785218169.0319626,15,8.609375,282.75
1785218169.0319626,15,11.03125,284.25
1785218169.0319626,15,12.171875,285.75
1785218169.0319626,15,13.265625,287.5
1785218169.0319626,15,15.125,290.0
1785218169.0319626,15,17.359375,292.5
1785218169.0319626,15,18.328125,295.0
1785218169.0319626,15,170.640625,1351.0
1785218169.0319626,15,172.328125,1342.0
1785218169.0319626,15,173.953125,1337.0
1785218169.0319626,15,175.625,1332.75
1785218169.0319626,15,177.234375,1331.0
1785218169.0319626,15,178.921875,1331.75
1785218169.0319626,15,180.484375,1330.5
1785218169.0319626,15,182.1875,1327.5
1785218169.0319626,15,185.40625,1388.5
1785218169.0319626,15,188.75,1347.75
1785218169.0319626,14,202.578125,12246.5
1785218169.0319626,10,204.21875,12227.0
1785218169.0319626,12,230.578125,9925.0
1785218169.0319626,7,233.875,9992.25
1785218169.0319626,9,237.171875,9873.25
1785218169.0319626,9,243.765625,8954.0
1785218169.0319626,11,247.046875,8847.25
1785218169.0319626,11,248.703125,8757.75
1785218169.0319626,15,250.328125,8669.75
1785218169.0319626,15,251.96875,8649.25
1785218169.0319626,10,284.90625,4924.25
1785218169.0319626,13,286.546875,4809.25
1785218169.0319626,15,288.1875,4732.75
1785218169.0319626,12,289.828125,4649.0
1785218169.0319626,13,293.125,4419.5
1785218169.0319626,9,294.765625,4388.75
1785218169.0319626,7,296.40625,4368.0
1785218169.0319626,15,341.1875,276.25
1785218169.0319626,15,343.359375,275.75
1785218169.0319626,15,344.953125,275.75
1785218169.0319626,15,346.609375,275.25
1785218169.0319626,15,348.109375,275.5
1785218169.0319626,15,349.53125,275.75
1785218169.0319626,15,350.953125,276.0
1785218169.0319626,15,353.296875,276.5
1785218169.0319626,15,354.546875,276.75
1785218169.1460445,15,355.9375,277.0
1785218169.1460445,15,357.75,277.5
1785218169.1460445,15,359.65625,277.75
1785218169.1460445,15,1.171875,278.25
1785218169.1460445,15,2.21875,278.75
1785218169.1460445,15,4.859375,279.5
1785218169.1460445,15,5.875,280.5
1785218169.1460445,15,7.8125,281.5
1785218169.1460445,15,9.109375,283.0
1785218169.1460445,15,10.90625,284.5
1785218169.1460445,15,12.453125,286.0
1785218169.1460445,15,14.15625,288.0
1785218169.1460445,15,15.609375,290.25
1785218169.1460445,15,16.875,293.0
1785218169.1460445,15,18.546875,295.75
1785218169.1460445,15,170.921875,1347.75
1785218169.1460445,15,172.578125,1342.75
1785218169.1460445,15,174.1875,1338.5
1785218169.1460445,15,175.8125,1334.0
1785218169.1460445,15,177.484375,1331.75
1785218169.1460445,15,179.1875,1330.5
1785218169.1460445,15,180.765625,1329.0
1785218169.1460445,15,182.40625,1326.75
1785218169.1460445,15,185.65625,1399.25
1785218169.1460445,15,189.03125,1351.75
1785218169.1460445,15,202.875,12221.25
1785218169.1460445,9,207.828125,12505.75
1785218169.1460445,12,229.25,9951.25
1785218169.1460445,11,232.53125,10067.25
1785218169.1460445,9,234.171875,9981.5
1785218169.1460445,8,235.8125,9925.5
1785218169.1460445,8,244.0625,9023.75
1785218169.1460445,11,245.703125,8867.75
1785218169.1460445,15,249.0,8760.5
1785218169.1460445,10,252.28125,8630.75
1785218169.1460445,9,283.59375,5026.25
1785218169.1460445,10,285.21875,4911.0
1785218169.1460445,13,286.890625,4791.0
1785218169.1460445,11,288.53125,4722.75
1785218169.1460445,13,293.484375,4427.25
1785218169.1460445,13,295.125,4382.5
1785218169.1460445,15,310.203125,402.25
1785218169.1460445,15,342.125,276.75
1785218169.1460445,15,342.796875,275.75
1785218169.1460445,15,345.328125,275.5
1785218169.1460445,15,346.265625,275.5
1785218169.1460445,15,348.53125,275.75
1785218169.1460445,15,349.5,276.0
1785218169.1460445,15,351.078125,276.0
1785218169.1460445,15,353.171875,276.0
1785218169.1460445,15,354.875,276.5
1785218169.3700497,15,356.3125,277.25
1785218169.3700497,15,358.34375,277.75
1785218169.3700497,15,359.546875,278.0
1785218169.3700497,15,1.96875,278.75
1785218169.3700497,15,3.71875,279.0
1785218169.3700497,15,5.0625,279.75
1785218169.3700497,15,6.140625,281.0
1785218169.3700497,15,7.734375,282.25
1785218169.3700497,15,10.140625,283.75
1785218169.3700497,15,10.9375,285.25
1785218169.3700497,15,12.90625,287.0
1785218169.3700497,15,15.125,289.0
1785218169.3700497,15,16.109375,291.5
1785218169.3700497,15,17.421875,294.0
1785218169.3700497,15,169.859375,1364.0
1785218169.3700497,15,171.515625,1345.75
1785218169.3700497,15,173.125,1340.25
1785218169.3700497,15,176.421875,1335.25
1785218169.3700497,15,178.09375,1331.0
1785218169.3700497,15,179.8125,1330.25
1785218169.3700497,15,181.40625,1331.25
1785218169.3700497,15,183.0625,1328.25
1785218169.3700497,15,186.34375,1406.25
1785218169.3700497,15,189.6875,1362.0
1785218169.3700497,12,206.765625,12322.5
1785218169.3700497,10,228.140625,9961.75
1785218169.3700497,10,234.703125,9979.0
1785218169.3700497,7,237.984375,9879.5
1785218169.3700497,8,239.640625,9674.75
1785218169.3700497,11,247.859375,8808.25
1785218169.3700497,12,249.5,8749.25
1785218169.3700497,15,251.203125,8657.5
1785218169.3700497,8,256.140625,8630.25
1785218169.3700497,7,284.21875,5001.75
1785218169.3700497,11,285.875,4865.25
1785218169.3700497,9,287.515625,4760.25
1785218169.3700497,10,289.1875,4697.25
1785218169.3700497,10,294.109375,4405.25
1785218169.3700497,12,295.78125,4351.25
1785218169.3700497,11,317.796875,336.5
1785218169.3700497,15,342.625,276.25
1785218169.3700497,15,344.328125,275.5
1785218169.3700497,15,345.109375,275.5
1785218169.3700497,15,346.921875,275.5
1785218169.3700497,15,349.421875,275.75
1785218169.3700497,15,350.8125,276.0
1785218169.3700497,15,352.3125,276.25
1785218169.3700497,15,354.1875,276.5
1785218169.3700497,15,355.609375,276.75
1785218169.4813018,15,357.453125,277.25
1785218169.4813018,15,358.59375,277.75
1785218169.4813018,15,0.53125,278.5
1785218169.4813018,15,1.6875,278.75
1785218169.4813018,15,3.78125,279.25
1785218169.4813018,15,5.53125,280.25
1785218169.4813018,15,6.5625,281.25
1785218169.4813018,15,8.625,282.25
1785218169.4813018,15,9.734375,284.0
1785218169.4813018,15,11.390625,285.5
1785218169.4813018,15,13.859375,287.25
1785218169.4813018,15,15.4375,289.5
1785218169.4813018,15,17.015625,292.0
1785218169.4813018,15,17.890625,294.5
1785218169.4813018,15,170.125,1360.5
1785218169.4813018,15,171.84375,1344.75
1785218169.4813018,15,173.4375,1339.25
1785218169.4813018,15,176.765625,1334.25
1785218169.4813018,15,178.390625,1331.75
1785218169.4813018,15,180.015625,1331.25
1785218169.4813018,15,181.75,1330.5
1785218169.4813018,15,183.3125,1329.25
1785218169.4813018,15,188.3125,1343.25
1785218169.4813018,15,189.875,1366.0
1785218169.4813018,9,205.375,12144.25
1785218169.4813018,8,208.671875,12607.5
1785218169.4813018,15,226.75,10311.25
1785218169.4813018,10,234.953125,9963.75
1785218169.4813018,9,236.59375,9895.0
1785218169.4813018,11,248.109375,8828.5
1785218169.4813018,15,249.75,8744.75
1785218169.4813018,13,251.4375,8623.0
1785218169.4813018,15,286.046875,4838.5
1785218169.4813018,12,287.671875,4755.75
1785218169.4813018,8,289.34375,4700.5
1785218169.4813018,7,292.640625,4446.75
1785218169.4813018,12,294.28125,4391.75
1785218169.4813018,14,295.90625,4336.75
1785218169.4813018,12,316.6875,344.5
1785218169.4813018,11,318.4375,336.75
1785218169.4813018,15,342.0,276.25
1785218169.4813018,15,344.140625,275.75
1785218169.4813018,15,345.65625,275.5
1785218169.4813018,15,347.09375,275.5
1785218169.4813018,15,348.921875,275.75
1785218169.4813018,15,350.375,276.25
1785218169.4813018,15,353.0,276.5
1785218169.4813018,15,353.671875,276.75
1785218169.7068582,15,355.546875,276.75
1785218169.7068582,15,357.78125,277.25
1785218169.7068582,15,359.5,277.5
1785218169.7068582,15,0.71875,278.25
1785218169.7068582,15,1.9375,278.75
1785218169.7068582,15,4.203125,279.25
1785218169.7068582,15,5.171875,280.5
1785218169.7068582,15,7.90625,281.5
1785218169.7068582,15,8.609375,282.75
1785218169.7068582,15,10.109375,284.25
1785218169.7068582,15,12.484375,285.75
1785218169.7068582,15,14.09375,287.5
1785218169.7068582,15,15.40625,290.0
1785218169.7068582,15,17.21875,292.5
1785218169.7068582,15,18.359375,295.0
1785218169.7068582,15,170.671875,1351.0
1785218169.7068582,15,172.34375,1342.0
1785218169.7068582,15,173.921875,1337.0
1785218169.7068582,15,175.578125,1334.5
1785218169.7068582,15,177.296875,1332.75
1785218169.7068582,15,178.890625,1331.5
1785218169.7068582,15,180.5,1330.25
1785218169.7068582,15,182.140625,1327.75
1785218169.7068582,15,185.375,1388.5
1785218169.7068582,15,188.671875,1348.25
1785218169.7068582,15,202.53125,12200.5
1785218169.7068582,13,204.171875,12233.5
1785218169.7068582,12,230.546875,9931.25
1785218169.7068582,10,233.84375,10003.0
1785218169.7068582,8,235.484375,9930.25
1785218169.7068582,9,237.140625,9882.5
1785218169.7068582,10,247.046875,8855.5
1785218169.7068582,14,248.671875,8762.75
1785218169.7068582,14,250.296875,8721.75
1785218169.7068582,15,251.953125,8697.5
1785218169.7068582,11,284.890625,4923.5
1785218169.7068582,15,286.53125,4809.75
1785218169.7068582,15,288.1875,4734.5
1785218169.7068582,12,289.84375,4648.75
1785218169.7068582,14,293.125,4421.0
1785218169.7068582,9,294.765625,4390.0
1785218169.7068582,15,341.171875,276.25
1785218169.7068582,15,343.03125,275.75
1785218169.7068582,15,345.046875,275.75
1785218169.7068582,15,345.828125,275.25
1785218169.7068582,15,348.046875,275.25
1785218169.7068582,15,349.34375,275.5
1785218169.7068582,15,350.9375,276.0
1785218169.7068582,15,352.53125,276.5
1785218169.7068582,15,354.34375,276.75
1785218169.81788,15,355.859375,277.0
1785218169.81788,15,358.015625,277.5
1785218169.81788,15,359.46875,277.75
1785218169.81788,15,1.34375,278.25
1785218169.81788,15,3.28125,278.75
1785218169.81788,15,4.75,279.5
1785218169.81788,15,5.671875,280.5
1785218169.81788,15,7.640625,281.5
1785218169.81788,15,9.140625,283.0
1785218169.81788,15,10.578125,284.5
1785218169.81788,15,12.484375,286.0
1785218169.81788,15,13.953125,287.75
1785218169.81788,15,15.171875,290.25
1785218169.81788,15,17.046875,293.0
1785218169.81788,15,18.859375,296.5
1785218169.81788,15,171.046875,1349.0
1785218169.81788,15,172.75,1342.25
1785218169.81788,15,174.34375,1336.75
1785218169.81788,15,176.015625,1333.0
1785218169.81788,15,177.6875,1331.75
1785218169.81788,15,179.296875,1330.5
1785218169.81788,15,180.96875,1330.0
1785218169.81788,15,182.640625,1328.0
1785218169.81788,15,185.796875,1402.5
1785218169.81788,15,189.171875,1352.75
1785218169.81788,12,203.0,12213.0
1785218169.81788,8,204.640625,12263.25
1785218169.81788,8,206.28125,12339.75
1785218169.81788,10,207.921875,12566.0
1785218169.81788,7,232.625,10092.5
1785218169.81788,8,234.265625,9950.0
1785218169.81788,9,235.921875,9876.0
1785218169.81788,10,245.8125,9003.75
1785218169.81788,8,249.09375,8758.75
1785218169.81788,12,255.65625,8570.75
1785218169.81788,11,287.0,4786.0
1785218169.81788,10,288.625,4721.75
1785218169.81788,11,293.5625,4416.5
1785218169.81788,10,295.234375,4382.5
1785218169.81788,15,310.359375,403.75
1785218169.81788,15,341.4375,276.75
1785218169.81788,15,343.03125,275.75
1785218169.81788,15,345.078125,275.25
1785218169.81788,15,347.1875,275.25
1785218169.81788,15,348.328125,275.5
1785218169.81788,15,350.28125,276.0
1785218169.81788,15,351.546875,276.25
1785218169.81788,15,353.390625,276.5
1785218169.81788,15,354.6875,276.75
1785218170.0416353,15,356.578125,277.25
1785218170.0416353,15,358.765625,277.75
1785218170.0416353,15,359.796875,278.25
1785218170.0416353,15,1.359375,279.0
1785218170.0416353,15,3.15625,279.5
1785218170.0416353,15,4.703125,280.25
1785218170.0416353,15,7.34375,281.25
1785218170.0416353,15,8.265625,282.25
1785218170.0416353,15,10.109375,283.75
1785218170.0416353,15,12.140625,285.5
1785218170.0416353,15,12.84375,287.25
1785218170.0416353,15,14.34375,289.5
1785218170.0416353,15,16.671875,291.75
1785218170.0416353,15,18.046875,294.25
1785218170.0416353,15,170.15625,1360.5
1785218170.0416353,15,171.828125,1344.5
1785218170.0416353,15,173.484375,1339.0
1785218170.0416353,15,175.15625,1326.0
1785218170.0416353,15,176.796875,1324.5
1785218170.0416353,15,178.4375,1331.75
1785218170.0416353,15,180.109375,1331.0
1785218170.0416353,15,181.734375,1329.75
1785218170.0416353,15,183.375,1329.0
1785218170.0416353,15,188.25,1343.25
1785218170.0416353,15,189.90625,1366.25
1785218170.0416353,8,203.796875,12147.0
1785218170.0416353,10,205.4375,12146.75
1785218170.0416353,11,207.078125,12317.25
1785218170.0416353,15,226.828125,10254.25
1785218170.0416353,11,235.015625,9909.75
1785218170.0416353,9,236.671875,9844.5
1785218170.0416353,12,246.546875,8835.0
1785218170.0416353,12,248.1875,8794.0
1785218170.0416353,14,249.828125,8722.5
1785218170.0416353,13,251.484375,8625.75
1785218170.0416353,12,286.140625,4829.25
1785218170.0416353,10,287.78125,4749.0
1785218170.0416353,7,289.4375,4701.5
1785218170.0416353,7,292.734375,4448.0
1785218170.0416353,11,294.390625,4397.0
1785218170.0416353,11,296.03125,4349.75
1785218170.0416353,11,318.484375,335.5
1785218170.0416353,15,342.4375,276.0
1785218170.0416353,15,343.953125,275.5
1785218170.0416353,15,346.21875,275.25
1785218170.0416353,15,347.296875,275.5
1785218170.0416353,15,349.078125,275.75
1785218170.0416353,15,350.578125,276.25
1785218170.0416353,15,351.9375,276.5
1785218170.0416353,15,354.546875,276.25
1785218170.1523657,15,355.71875,276.75
1785218170.1523657,15,357.046875,277.5
1785218170.1523657,15,358.515625,278.25
1785218170.1523657,15,0.90625,278.75
1785218170.1523657,15,2.515625,279.25
1785218170.1523657,15,4.203125,279.5
1785218170.1523657,15,5.140625,280.5
1785218170.1523657,15,7.765625,281.5
1785218170.1523657,15,8.359375,282.75
1785218170.1523657,15,10.046875,284.25
1785218170.1523657,15,11.953125,285.5
1785218170.1523657,15,13.546875,287.25
1785218170.1523657,15,15.3125,290.0
1785218170.1523657,15,16.4375,292.5
1785218170.1523657,15,17.96875,295.0
1785218170.1523657,15,170.578125,1351.0
1785218170.1523657,15,172.28125,1341.75
1785218170.1523657,15,173.875,1336.75
1785218170.1523657,15,175.546875,1332.75
1785218170.1523657,15,177.234375,1331.75
1785218170.1523657,15,178.84375,1332.0
1785218170.1523657,15,180.53125,1330.25
1785218170.1523657,15,182.1875,1328.0
1785218170.1523657,15,185.421875,1388.75
1785218170.1523657,15,188.75,1348.25
1785218170.1523657,15,202.609375,12239.75
1785218170.1523657,11,204.25,12262.5
1785218170.1523657,14,230.5625,9923.75
1785218170.1523657,8,233.828125,9998.5
1785218170.1523657,7,235.484375,9921.75
1785218170.1523657,10,243.703125,9048.25
1785218170.1523657,13,247.0,8861.25
1785218170.1523657,13,248.640625,8766.5
1785218170.1523657,13,250.3125,8725.0
1785218170.1523657,12,251.96875,8692.25
1785218170.1523657,13,284.953125,4923.25
1785218170.1523657,12,286.59375,4804.25
1785218170.1523657,15,288.234375,4729.25
1785218170.1523657,11,289.890625,4652.5
1785218170.1523657,13,293.1875,4421.25
1785218170.1523657,8,294.828125,4390.75
1785218170.1523657,15,341.03125,276.25
1785218170.1523657,15,342.796875,275.75
1785218170.1523657,15,344.921875,275.75
1785218170.1523657,15,345.9375,275.25
1785218170.1523657,15,347.9375,275.5
1785218170.1523657,15,349.125,275.75
1785218170.1523657,15,351.125,276.0
1785218170.1523657,15,353.53125,276.5
1785218170.1523657,15,354.4375,276.75
1785218170.3782039,15,357.453125,277.25
1785218170.3782039,15,358.1875,277.5
1785218170.3782039,15,0.59375,278.0
1785218170.3782039,15,1.859375,278.75
1785218170.3782039,15,2.9375,279.0
1785218170.3782039,15,4.921875,280.0
1785218170.3782039,15,6.21875,281.25
1785218170.3782039,15,8.0625,282.25
1785218170.3782039,15,10.34375,283.75
1785218170.3782039,15,11.71875,285.25
1785218170.3782039,15,12.765625,287.0
1785218170.3782039,15,14.4375,289.0
1785218170.3782039,15,16.1875,291.5
1785218170.3782039,15,17.46875,294.0
1785218170.3782039,15,169.96875,1363.5
1785218170.3782039,15,171.609375,1345.5
1785218170.3782039,15,173.296875,1339.0
1785218170.3782039,15,176.5625,1334.25
1785218170.3782039,15,178.21875,1331.0
1785218170.3782039,15,179.859375,1330.0
1785218170.3782039,15,181.5,1330.75
1785218170.3782039,15,183.125,1327.75
1785218170.3782039,15,186.359375,1388.25
1785218170.3782039,15,188.078125,1367.0
1785218170.3782039,15,189.71875,1362.0
1785218170.3782039,9,206.828125,12262.5
1785218170.3782039,14,226.640625,10230.0
1785218170.3782039,8,231.578125,10230.0
1785218170.3782039,7,234.875,9963.0
1785218170.3782039,11,248.0625,8824.25
1785218170.3782039,14,249.703125,8749.5
1785218170.3782039,11,251.359375,8621.5
1785218170.3782039,15,286.03125,4835.25
1785218170.3782039,15,287.671875,4756.5
1785218170.3782039,9,289.3125,4701.75
1785218170.3782039,15,295.921875,4342.25
1785218170.3782039,10,316.734375,343.25
1785218170.3782039,12,317.953125,336.75
1785218170.3782039,15,343.0625,276.0
1785218170.3782039,15,344.75,275.5
1785218170.3782039,15,345.359375,275.5
1785218170.3782039,15,348.109375,275.5
1785218170.3782039,15,348.78125,275.75
1785218170.3782039,15,351.171875,276.0
1785218170.3782039,15,352.578125,276.25
1785218170.3782039,15,354.21875,276.5
1785218170.489779,15,355.703125,277.0
1785218170.489779,15,356.859375,277.25
1785218170.489779,15,358.671875,277.75
1785218170.489779,15,1.015625,278.5
1785218170.489779,15,1.8125,279.0
1785218170.489779,15,4.34375,279.75
1785218170.489779,15,5.375,280.75
1785218170.489779,15,6.875,281.5
1785218170.489779,15,8.953125,282.5
1785218170.489779,15,10.3125,284.0
1785218170.489779,15,11.828125,285.5
1785218170.489779,15,13.109375,287.5
1785218170.489779,15,15.015625,289.75
1785218170.489779,15,16.359375,292.25
1785218170.489779,15,18.5,294.75
1785218170.489779,15,170.375,1356.0
1785218170.489779,15,171.984375,1342.5
1785218170.489779,15,173.640625,1338.25
1785218170.489779,15,175.328125,1332.5
1785218170.489779,15,176.984375,1330.0
1785218170.489779,15,178.5625,1331.0
1785218170.489779,15,180.203125,1330.5
1785218170.489779,15,181.84375,1329.25
1785218170.489779,15,183.46875,1329.25
1785218170.489779,15,188.421875,1344.75
1785218170.489779,8,189.984375,1367.25
1785218170.489779,9,207.140625,12326.75
1785218170.489779,8,213.6875,14085.0
1785218170.489779,15,226.921875,10215.75
1785218170.489779,15,228.5625,9978.25
1785218170.489779,8,233.515625,10071.75
1785218170.489779,8,236.8125,9837.5
1785218170.489779,8,238.453125,9658.0
1785218170.489779,13,248.328125,8810.25
1785218170.489779,12,250.0,8719.25
1785218170.489779,11,251.609375,8624.0
1785218170.489779,11,286.21875,4830.0
1785218170.489779,13,287.875,4752.75
1785218170.489779,8,289.5,4703.0
1785218170.489779,11,292.828125,4450.75
1785218170.489779,8,294.453125,4395.5
1785218170.489779,8,296.125,4350.5
1785218170.489779,14,333.796875,301.5
1785218170.489779,15,340.625,276.5
1785218170.489779,15,342.53125,275.75
1785218170.489779,15,344.171875,275.5
1785218170.489779,15,345.703125,275.25
1785218170.489779,15,348.1875,275.5
1785218170.489779,15,348.859375,276.0
1785218170.489779,15,350.515625,275.75
1785218170.489779,15,352.421875,275.75
1785218170.489779,15,354.359375,276.0
1785218170.7132218,15,355.640625,277.0
1785218170.7132218,15,357.328125,277.5
1785218170.7132218,15,359.125,277.75
1785218170.7132218,15,1.359375,278.25
1785218170.7132218,15,3.015625,279.0
1785218170.7132218,15,4.078125,279.5
1785218170.7132218,15,5.84375,280.5
1785218170.7132218,15,7.765625,281.5
1785218170.7132218,15,8.953125,283.0
1785218170.7132218,15,10.390625,284.5
1785218170.7132218,15,12.6875,286.0
1785218170.7132218,15,13.46875,288.0
1785218170.7132218,15,15.453125,290.25
1785218170.7132218,15,17.203125,292.75
1785218170.7132218,15,19.046875,295.5
1785218170.7132218,15,170.703125,1350.0
1785218170.7132218,15,172.375,1342.0
1785218170.7132218,15,174.0,1337.75
1785218170.7132218,15,175.640625,1334.75
1785218170.7132218,15,177.296875,1332.5
1785218170.7132218,15,178.921875,1331.25
1785218170.7132218,15,180.6875,1329.75
1785218170.7132218,15,182.28125,1326.5
1785218170.7132218,15,185.46875,1394.5
1785218170.7132218,15,188.796875,1348.5
1785218170.7132218,15,202.734375,12220.5
1785218170.7132218,9,204.390625,12200.5
1785218170.7132218,10,230.71875,9939.25
1785218170.7132218,9,234.0,9990.5
1785218170.7132218,9,237.28125,9863.75
1785218170.7132218,10,238.9375,9722.5
1785218170.7132218,9,243.875,9092.75
1785218170.7132218,9,245.515625,8902.5
1785218170.7132218,11,247.15625,8801.0
1785218170.7132218,10,248.8125,8754.25
1785218170.7132218,15,250.4375,8655.25
1785218170.7132218,13,252.09375,8617.0
1785218170.7132218,8,285.03125,4924.5
1785218170.7132218,13,286.6875,4801.75
1785218170.7132218,10,288.328125,4730.75
1785218170.7132218,15,293.265625,4422.5
1785218170.7132218,13,294.90625,4397.0
1785218170.7132218,15,342.171875,276.25
1785218170.7132218,15,343.25,275.75
1785218170.7132218,15,345.359375,275.5
1785218170.7132218,15,347.09375,274.75
1785218170.7132218,15,348.390625,275.0
1785218170.7132218,15,349.78125,275.75
1785218170.7132218,15,351.328125,275.75
1785218170.7132218,15,353.59375,276.0
1785218170.7132218,15,354.859375,276.5
1785218170.8245387,15,356.8125,276.75
1785218170.8245387,15,357.875,277.0
1785218170.8245387,15,359.34375,277.5
1785218170.8245387,15,1.453125,278.25
1785218170.8245387,15,3.171875,278.75
1785218170.8245387,15,4.46875,279.5
1785218170.8245387,15,6.109375,280.5
1785218170.8245387,15,7.5625,281.5
1785218170.8245387,15,9.296875,282.75
1785218170.8245387,15,11.4375,284.5
1785218170.8245387,15,12.4375,286.5
1785218170.8245387,15,14.34375,288.5
1785218170.8245387,15,15.53125,291.0
1785218170.8245387,15,17.296875,293.25
1785218170.8245387,15,18.5,298.75
1785218170.8245387,15,171.109375,1347.25
1785218170.8245387,15,172.78125,1342.0
1785218170.8245387,15,174.4375,1336.75
1785218170.8245387,15,176.03125,1333.25
1785218170.8245387,15,177.703125,1331.75
1785218170.8245387,15,179.34375,1330.25
1785218170.8245387,15,181.0625,1330.5
1785218170.8245387,15,182.734375,1328.5
1785218170.8245387,15,185.859375,1405.5
1785218170.8245387,15,189.234375,1353.75
1785218170.8245387,14,203.125,12187.25
1785218170.8245387,11,204.75,12290.5
1785218170.8245387,12,206.40625,12290.5
1785218170.8245387,9,236.015625,9881.75
1785218170.8245387,11,247.546875,8810.25
1785218170.8245387,8,285.5,4861.25
1785218170.8245387,13,287.140625,4786.75
1785218170.8245387,8,288.796875,4720.0
1785218170.8245387,12,293.71875,4423.25
1785218170.8245387,11,295.40625,4383.25
1785218170.8245387,15,342.375,276.5
1785218170.8245387,15,343.6875,275.5
1785218170.8245387,15,345.34375,275.25
1785218170.8245387,15,346.84375,275.25
1785218170.8245387,15,348.875,275.5
1785218170.8245387,15,350.515625,276.0
1785218170.8245387,15,352.03125,276.25
1785218170.8245387,15,354.0,276.5
1785218170.8245387,15,355.28125,276.75
1785218171.0499928,15,357.484375,277.25
1785218171.0499928,15,358.390625,277.75
1785218171.0499928,15,0.828125,278.25
1785218171.0499928,15,2.421875,278.75
1785218171.0499928,15,4.0,279.25
1785218171.0499928,15,4.953125,280.25
1785218171.0499928,15,6.34375,281.25
1785218171.0499928,15,8.515625,282.25
1785218171.0499928,15,10.15625,283.75
1785218171.0499928,15,11.671875,285.5
1785218171.0499928,15,13.078125,287.25
1785218171.0499928,15,14.859375,289.5
1785218171.0499928,15,16.734375,291.75
1785218171.0499928,15,18.125,294.25
1785218171.0499928,15,170.109375,1360.75
1785218171.0499928,15,171.8125,1345.0
1785218171.0499928,15,173.453125,1339.5
1785218171.0499928,15,176.734375,1334.75
1785218171.0499928,15,178.34375,1332.0
1785218171.0499928,15,180.046875,1330.75
1785218171.0499928,15,181.65625,1329.75
1785218171.0499928,15,183.3125,1327.0
1785218171.0499928,15,188.28125,1343.0
1785218171.0499928,15,189.90625,1365.5
1785218171.0499928,10,206.984375,12354.75
1785218171.0499928,15,226.734375,10261.75
1785218171.0499928,8,234.9375,9959.25
1785218171.0499928,9,243.1875,8950.25
1785218171.0499928,11,248.109375,8819.25
1785218171.0499928,15,249.75,8748.0
1785218171.0499928,11,251.4375,8637.25
1785218171.0499928,13,286.046875,4831.5
1785218171.0499928,12,287.71875,4750.5
1785218171.0499928,8,289.34375,4698.75
1785218171.0499928,7,292.65625,4449.0
1785218171.0499928,10,294.296875,4395.0
1785218171.0499928,10,295.953125,4342.5
1785218171.0499928,15,342.125,276.0
1785218171.0499928,15,344.453125,275.5
1785218171.0499928,15,345.9375,275.25
1785218171.0499928,15,347.03125,275.5
1785218171.0499928,15,349.03125,275.75
1785218171.0499928,15,351.453125,276.0
1785218171.0499928,15,353.125,276.25
1785218171.0499928,15,354.484375,276.25
1785218171.1619174,15,355.71875,276.75
1785218171.1619174,15,356.875,277.5
1785218171.1619174,15,359.03125,278.0
1785218171.1619174,15,0.515625,278.5
1785218171.1619174,15,2.21875,279.0
1785218171.1619174,15,3.75,279.5
1785218171.1619174,15,6.0625,280.25
1785218171.1619174,15,7.28125,281.5
1785218171.1619174,15,8.59375,282.75
1785218171.1619174,15,10.828125,284.25
1785218171.1619174,15,12.234375,285.5
1785218171.1619174,15,13.40625,287.5
1785218171.1619174,15,15.09375,290.0
1785218171.1619174,15,16.84375,292.5
1785218171.1619174,15,18.6875,295.0
1785218171.1619174,15,170.671875,1350.25
1785218171.1619174,15,172.328125,1341.75
1785218171.1619174,15,173.953125,1337.0
1785218171.1619174,15,175.59375,1334.25
1785218171.1619174,15,177.25,1332.5
1785218171.1619174,15,178.859375,1331.25
1785218171.1619174,15,180.515625,1330.25
1785218171.1619174,15,182.1875,1328.25
1785218171.1619174,15,185.375,1388.75
1785218171.1619174,15,188.703125,1348.25
1785218171.1619174,14,202.546875,12238.75
1785218171.1619174,12,204.1875,12270.0
1785218171.1619174,10,207.46875,12361.0
1785218171.1619174,11,230.515625,9927.25
1785218171.1619174,8,237.109375,9938.5
1785218171.1619174,7,238.765625,9663.75
1785218171.1619174,9,243.703125,8969.0
1785218171.1619174,13,246.984375,8856.25
1785218171.1619174,15,248.625,8767.0
1785218171.1619174,15,250.28125,8720.5
1785218171.1619174,14,251.9375,8679.25
1785218171.1619174,8,284.875,4923.25
1785218171.1619174,14,286.515625,4808.0
1785218171.1619174,13,288.171875,4733.25
1785218171.1619174,10,289.8125,4644.25
1785218171.1619174,12,291.46875,4514.75
1785218171.1619174,15,293.109375,4423.25
1785218171.1619174,8,294.75,4391.25
1785218171.1619174,8,296.40625,4368.75
1785218171.1619174,15,340.890625,276.25
1785218171.1619174,15,343.375,275.75
1785218171.1619174,15,344.828125,275.75
1785218171.1619174,15,346.96875,275.25
1785218171.1619174,15,347.5625,275.5
1785218171.1619174,15,350.265625,275.75
1785218171.1619174,15,350.984375,276.0
1785218171.1619174,15,352.453125,276.5
1785218171.1619174,15,354.546875,276.75
1785218171.3842363,15,356.390625,277.25
1785218171.3842363,15,358.171875,277.75
1785218171.3842363,15,359.59375,278.25
1785218171.3842363,15,1.578125,278.75
1785218171.3842363,15,3.203125,279.25
1785218171.3842363,15,4.984375,280.0
1785218171.3842363,15,5.875,281.0
1785218171.3842363,15,8.015625,282.0
1785218171.3842363,15,9.3125,283.5
1785218171.3842363,15,10.796875,285.0
1785218171.3842363,15,12.828125,286.5
1785218171.3842363,15,14.265625,288.75
1785218171.3842363,15,16.390625,291.25
1785218171.3842363,15,18.046875,293.75
1785218171.3842363,15,171.359375,1346.75
1785218171.3842363,15,173.0625,1340.75
1785218171.3842363,15,174.6875,1341.25
1785218171.3842363,15,176.34375,1338.25
1785218171.3842363,15,178.0,1331.0
1785218171.3842363,15,179.640625,1329.5
1785218171.3842363,15,181.28125,1329.5
1785218171.3842363,15,182.96875,1328.0
1785218171.3842363,15,189.453125,1359.5
1785218171.3842363,13,206.65625,12346.5
1785218171.3842363,8,208.296875,12597.25
1785218171.3842363,9,228.078125,10029.5
1785218171.3842363,11,229.734375,9928.75
1785218171.3842363,8,233.015625,9915.75
1785218171.3842363,10,236.328125,9892.25
1785218171.3842363,9,237.953125,9778.0
1785218171.3842363,8,239.609375,9723.25
1785218171.3842363,9,247.84375,8804.25
1785218171.3842363,9,249.5,8747.25
1785218171.3842363,15,251.109375,8643.75
1785218171.3842363,13,285.703125,4846.0
1785218171.3842363,13,287.34375,4766.75
1785218171.3842363,10,288.984375,4711.5
1785218171.3842363,8,292.28125,4469.75
1785218171.3842363,12,293.921875,4407.0
1785218171.3842363,15,295.578125,4369.75
1785218171.3842363,15,329.84375,292.25
1785218171.3842363,15,342.703125,276.5
1785218171.3842363,15,343.75,275.75
1785218171.3842363,15,346.109375,275.5
1785218171.3842363,15,347.21875,275.25
1785218171.3842363,15,348.21875,275.5
1785218171.3842363,15,349.953125,276.0
1785218171.3842363,15,352.546875,276.25
1785218171.3842363,15,353.125,276.5
1785218171.3842363,15,354.875,276.75
1785218171.6097476,15,357.484375,277.25
1785218171.6097476,15,359.03125,277.75
1785218171.6097476,15,0.671875,278.5
1785218171.6097476,15,2.09375,278.75
1785218171.6097476,15,3.515625,279.25
1785218171.6097476,15,5.421875,280.25
1785218171.6097476,15,6.625,281.25
1785218171.6097476,15,8.0625,282.25
1785218171.6097476,15,10.0,284.0
1785218171.6097476,15,12.234375,285.5
1785218171.6097476,15,13.703125,287.25
1785218171.6097476,15,15.09375,289.5
1785218171.6097476,15,16.125,292.0
1785218171.6097476,15,17.75,294.5
1785218171.6097476,15,170.171875,1360.75
1785218171.6097476,15,171.828125,1344.75
1785218171.6097476,15,173.484375,1339.5
1785218171.6097476,15,176.734375,1334.75
1785218171.6097476,15,178.34375,1332.0
1785218171.6097476,15,180.078125,1330.75
1785218171.6097476,15,181.71875,1329.75
1785218171.6097476,15,183.375,1329.5
1785218171.6097476,15,188.21875,1343.0
1785218171.6097476,15,189.875,1365.25
1785218171.6097476,8,203.75,12205.0
1785218171.6097476,9,207.03125,12324.0
1785218171.6097476,8,208.671875,12614.0
1785218171.6097476,15,226.765625,10254.0
1785218171.6097476,9,246.515625,8816.25
1785218171.6097476,12,248.15625,8791.25
1785218171.6097476,15,249.8125,8727.5
1785218171.6097476,11,251.46875,8635.25
1785218171.6097476,11,286.140625,4830.75
1785218171.6097476,14,287.78125,4751.0
1785218171.6097476,7,289.4375,4699.5
1785218171.6097476,7,292.734375,4450.75
1785218171.6097476,10,294.375,4398.75
1785218171.6097476,7,296.03125,4353.75
1785218171.6097476,15,342.90625,276.0
1785218171.6097476,15,343.703125,275.5
1785218171.6097476,15,345.75,275.25
1785218171.6097476,15,348.15625,275.5
1785218171.6097476,15,349.515625,275.75
1785218171.6097476,15,351.390625,276.0
1785218171.6097476,15,353.078125,276.25
1785218171.6097476,15,354.59375,276.5
1785218171.7215896,15,355.453125,277.0
1785218171.7215896,15,356.953125,277.5
1785218171.7215896,15,358.578125,278.0
1785218171.7215896,15,0.234375,278.5
1785218171.7215896,15,2.296875,279.0
1785218171.7215896,15,3.84375,279.75
1785218171.7215896,15,5.953125,280.5
1785218171.7215896,15,7.078125,281.5
1785218171.7215896,15,8.3125,282.75
1785218171.7215896,15,10.625,284.25
1785218171.7215896,15,12.078125,285.5
1785218171.7215896,15,14.0625,287.25
1785218171.7215896,15,15.046875,289.75
1785218171.7215896,15,16.734375,292.25
1785218171.7215896,15,18.171875,294.75
1785218171.7215896,15,170.390625,1353.25
1785218171.7215896,15,172.03125,1341.75
1785218171.7215896,15,173.671875,1338.5
1785218171.7215896,15,175.375,1333.0
1785218171.7215896,15,177.015625,1330.5
1785218171.7215896,15,178.671875,1331.0
1785218171.7215896,15,180.34375,1330.75
1785218171.7215896,15,181.953125,1330.0
1785218171.7215896,15,183.640625,1334.25
1785218171.7215896,15,188.578125,1347.5
1785218171.7215896,14,202.375,12203.0
1785218171.7215896,13,204.03125,12231.25
1785218171.7215896,9,213.875,14227.75
1785218171.7215896,15,230.328125,9950.25
1785218171.7215896,8,233.625,9955.25
1785218171.7215896,7,235.265625,9891.0
1785218171.7215896,15,248.40625,8801.5
1785218171.7215896,11,250.0625,8713.75
1785218171.7215896,10,251.765625,8607.25
1785218171.7215896,11,284.765625,4935.0
1785218171.7215896,15,286.40625,4818.25
1785218171.7215896,11,288.078125,4737.5
1785218171.7215896,13,289.703125,4645.5
1785218171.7215896,8,291.359375,4515.25
1785218171.7215896,15,293.015625,4428.25
1785218171.7215896,11,294.65625,4396.25
1785218171.7215896,8,296.328125,4374.75
1785218171.7215896,15,334.484375,302.25
1785218171.7215896,15,341.78125,276.25
1785218171.7215896,15,343.578125,275.5
1785218171.7215896,15,344.21875,275.25
1785218171.7215896,15,346.609375,275.0
1785218171.7215896,15,347.78125,275.5
1785218171.7215896,15,349.625,275.75
1785218171.7215896,15,351.796875,275.75
1785218171.7215896,15,352.9375,276.25
1785218171.7215896,15,354.65625,276.5
1785218171.8320498,15,355.90625,277.0
1785218171.8320498,15,357.65625,277.5
1785218171.8320498,15,358.9375,277.75
1785218171.8320498,15,1.578125,278.25
1785218171.8320498,15,2.890625,279.0
1785218171.8320498,15,4.171875,279.5
1785218171.8320498,15,5.421875,280.5
1785218171.8320498,15,7.8125,281.5
1785218171.8320498,15,9.265625,283.0
1785218171.8320498,15,10.53125,284.5
1785218171.8320498,15,12.171875,286.0
1785218171.8320498,15,13.890625,288.0
1785218171.8320498,15,15.453125,290.25
1785218171.8320498,15,17.5,292.75
1785218171.8320498,15,18.296875,296.0
1785218171.8320498,15,170.890625,1347.75
1785218171.8320498,15,172.484375,1342.25
1785218171.8320498,15,174.140625,1337.75
1785218171.8320498,15,175.765625,1334.0
1785218171.8320498,15,177.5,1332.0
1785218171.8320498,15,179.140625,1330.25
1785218171.8320498,15,180.765625,1328.75
1785218171.8320498,15,182.40625,1326.5
1785218171.8320498,15,185.625,1398.5
1785218171.8320498,15,188.96875,1351.75
1785218171.8320498,15,202.796875,12217.25
1785218171.8320498,9,204.453125,12252.25
1785218171.8320498,15,229.125,9899.5
1785218171.8320498,10,230.78125,9943.5
1785218171.8320498,8,232.421875,10046.5
1785218171.8320498,7,234.0625,9923.0
1785218171.8320498,8,235.703125,9862.25
1785218171.8320498,12,248.890625,8741.25
1785218171.8320498,11,252.203125,8656.75
1785218171.8320498,8,283.515625,5013.0
1785218171.8320498,10,285.171875,4892.25
1785218171.8320498,11,286.8125,4792.75
1785218171.8320498,9,288.46875,4723.25
1785218171.8320498,15,293.390625,4427.75
1785218171.8320498,12,295.046875,4396.5
1785218171.8320498,15,341.546875,276.75
1785218171.8320498,15,343.578125,275.75
1785218171.8320498,15,345.421875,275.5
1785218171.8320498,15,346.140625,275.25
1785218171.8320498,15,348.796875,275.75
1785218171.8320498,15,349.953125,276.0
1785218171.8320498,15,351.796875,276.25
1785218171.8320498,15,353.46875,276.5
1785218171.8320498,15,355.109375,276.75
1785218172.0566487,15,357.078125,277.25
1785218172.0566487,15,358.390625,277.5
1785218172.0566487,15,0.015625,278.0
1785218172.0566487,15,1.34375,278.75
1785218172.0566487,15,4.078125,279.25
1785218172.0566487,15,5.640625,280.0
1785218172.0566487,15,6.84375,281.25
1785218172.0566487,15,7.9375,282.25
1785218172.0566487,15,9.5625,283.5
1785218172.0566487,15,12.0,285.25
1785218172.0566487,15,13.734375,287.0
1785218172.0566487,15,15.078125,289.25
1785218172.0566487,15,16.421875,291.75
1785218172.0566487,15,17.90625,294.25
1785218172.0566487,15,170.09375,1361.0
1785218172.0566487,15,171.78125,1345.0
1785218172.0566487,15,173.421875,1339.25
1785218172.0566487,15,176.6875,1334.75
1785218172.0566487,15,178.359375,1332.25
1785218172.0566487,15,179.9375,1330.75
1785218172.0566487,15,181.609375,1329.75
1785218172.0566487,15,183.25,1327.25
1785218172.0566487,15,188.15625,1345.5
1785218172.0566487,15,189.828125,1363.5
1785218172.0566487,10,203.65625,12147.5
1785218172.0566487,11,206.9375,12279.25
1785218172.0566487,15,226.734375,10256.75
1785218172.0566487,11,243.234375,8919.75
1785218172.0566487,13,248.171875,8796.0
1785218172.0566487,14,249.8125,8730.25
1785218172.0566487,11,251.4375,8629.25
1785218172.0566487,12,286.046875,4834.75
1785218172.0566487,13,287.703125,4754.25
1785218172.0566487,9,289.34375,4700.0
1785218172.0566487,7,292.640625,4451.5
1785218172.0566487,10,294.296875,4395.75
1785218172.0566487,10,295.921875,4345.75
1785218172.0566487,11,318.671875,335.5
1785218172.0566487,15,342.34375,276.0
1785218172.0566487,15,344.8125,275.5
1785218172.0566487,15,346.34375,275.25
1785218172.0566487,15,347.21875,275.5
1785218172.0566487,15,349.53125,275.75
1785218172.0566487,15,351.3125,276.0
1785218172.0566487,15,351.9375,276.25
1785218172.0566487,15,353.609375,276.5
1785218172.169524,15,355.265625,277.0
1785218172.169524,15,357.75,277.25
1785218172.169524,15,358.953125,277.75
1785218172.169524,15,0.5625,278.5
1785218172.169524,15,2.203125,279.0
1785218172.169524,15,4.40625,279.5
1785218172.169524,15,5.890625,280.5
1785218172.169524,15,7.21875,281.5
1785218172.169524,15,8.3125,282.75
1785218172.169524,15,10.8125,284.25
1785218172.169524,15,11.796875,285.5
1785218172.169524,15,13.21875,287.25
1785218172.169524,15,15.15625,289.75
1785218172.169524,15,16.921875,292.25
1785218172.169524,15,18.296875,294.75
1785218172.169524,15,170.65625,1350.25
1785218172.169524,15,172.328125,1341.75
1785218172.169524,15,173.9375,1337.0
1785218172.169524,15,175.578125,1333.25
1785218172.169524,15,177.1875,1331.5
1785218172.169524,15,178.90625,1331.0
1785218172.169524,15,180.5,1330.0
1785218172.169524,15,182.1875,1328.5
1785218172.169524,15,185.390625,1388.5
1785218172.169524,15,188.71875,1348.25
1785218172.169524,14,202.578125,12242.0
1785218172.169524,12,204.21875,12189.0
1785218172.169524,12,230.5625,9925.25
1785218172.169524,7,233.859375,9989.5
1785218172.169524,12,235.5,9857.25
1785218172.169524,8,237.140625,9813.75
1785218172.169524,12,247.03125,8851.25
1785218172.169524,11,248.671875,8750.5
1785218172.169524,15,250.296875,8709.0
1785218172.169524,11,251.953125,8675.0
1785218172.169524,13,284.9375,4919.0
1785218172.169524,13,286.578125,4803.75
1785218172.169524,15,288.21875,4732.75
1785218172.169524,10,289.859375,4650.75
1785218172.169524,13,293.15625,4423.0
1785218172.169524,7,294.796875,4390.5
1785218172.169524,15,341.75,276.25
1785218172.169524,15,343.515625,275.75
1785218172.169524,15,344.640625,275.5
1785218172.169524,15,345.953125,274.75
1785218172.169524,15,348.5625,275.0
1785218172.169524,15,349.953125,275.5
1785218172.169524,15,351.828125,275.75
1785218172.169524,15,353.15625,276.5
1785218172.169524,15,354.734375,276.75
1785218172.392418,15,356.96875,277.25
1785218172.392418,15,357.78125,277.75
1785218172.392418,15,359.6875,278.25
1785218172.392418,15,1.171875,278.75
1785218172.392418,15,2.953125,279.0
1785218172.392418,15,5.0,279.75
1785218172.392418,15,6.078125,281.0
1785218172.392418,15,8.359375,282.0
1785218172.392418,15,9.328125,283.5
1785218172.392418,15,11.03125,285.0
1785218172.392418,15,12.5625,286.5
1785218172.392418,15,14.671875,288.75
1785218172.392418,15,15.828125,291.5
1785218172.392418,15,17.359375,294.0
1785218172.392418,15,169.90625,1364.0
1785218172.392418,15,171.578125,1345.75
1785218172.392418,15,173.1875,1340.0
1785218172.392418,15,176.515625,1334.75
1785218172.392418,15,178.125,1330.75
1785218172.392418,15,179.828125,1329.75
1785218172.392418,15,181.453125,1330.0
1785218172.392418,15,183.078125,1327.75
1785218172.392418,15,186.3125,1404.5
1785218172.392418,15,189.671875,1361.75
1785218172.392418,7,231.4375,10166.75
1785218172.392418,8,233.09375,10115.25
1785218172.392418,8,236.359375,9896.5
1785218172.392418,9,238.0,9780.25
1785218172.392418,8,239.65625,9703.25
1785218172.392418,11,247.875,8805.0
1785218172.392418,11,249.53125,8749.0
1785218172.392418,15,251.1875,8663.0
1785218172.392418,9,256.109375,8630.75
1785218172.392418,7,284.15625,4998.75
1785218172.392418,10,285.8125,4862.75
1785218172.392418,12,287.46875,4768.75
1785218172.392418,10,289.109375,4714.0
1785218172.392418,11,292.421875,4462.0
1785218172.392418,11,294.046875,4405.5
1785218172.392418,9,295.703125,4352.0
1785218172.392418,15,342.34375,276.25
1785218172.392418,15,343.5,275.5
1785218172.392418,15,346.09375,275.5
1785218172.392418,15,346.765625,275.25
1785218172.392418,15,348.71875,275.5
1785218172.392418,15,350.953125,276.0
1785218172.392418,15,352.40625,276.25
1785218172.392418,15,354.140625,276.5
1785218172.392418,15,355.78125,276.75
1785218172.5040238,15,357.59375,277.25
1785218172.5040238,15,359.015625,277.75
1785218172.5040238,15,359.78125,278.25
1785218172.5040238,15,2.34375,278.75
1785218172.5040238,15,3.109375,279.25
1785218172.5040238,15,5.703125,280.25
1785218172.5040238,15,6.328125,281.25
1785218172.5040238,15,8.75,282.25
1785218172.5040238,15,10.203125,283.75
1785218172.5040238,15,11.5,285.25
1785218172.5040238,15,13.453125,287.0
1785218172.5040238,15,15.078125,289.25
1785218172.5040238,15,16.578125,292.0
1785218172.5040238,15,17.65625,294.5
1785218172.5040238,15,170.125,1360.75
1785218172.5040238,15,171.828125,1344.75
1785218172.5040238,15,173.421875,1339.5
1785218172.5040238,15,175.078125,1326.25
1785218172.5040238,15,176.765625,1324.5
1785218172.5040238,15,178.375,1332.25
1785218172.5040238,15,180.0625,1330.5
1785218172.5040238,15,181.75,1329.25
1785218172.5040238,15,183.421875,1329.0
1785218172.5040238,15,188.328125,1342.75
1785218172.5040238,15,189.890625,1365.25
1785218172.5040238,8,203.78125,12150.5
1785218172.5040238,10,205.421875,12147.5
1785218172.5040238,12,207.0625,12316.75
1785218172.5040238,10,208.703125,12594.0
1785218172.5040238,15,226.796875,10243.75
1785218172.5040238,8,246.53125,8806.5
1785218172.5040238,15,248.171875,8791.75
1785218172.5040238,15,249.828125,8727.25
1785218172.5040238,13,251.46875,8629.75
1785218172.5040238,12,286.078125,4832.25
1785218172.5040238,12,287.71875,4750.5
1785218172.5040238,8,289.359375,4698.25
1785218172.5040238,8,292.65625,4449.5
1785218172.5040238,12,294.3125,4394.75
1785218172.5040238,11,295.953125,4346.0
1785218172.5040238,12,316.53125,344.5
1785218172.5040238,12,318.09375,336.5
1785218172.5040238,15,342.828125,276.0
1785218172.5040238,15,344.421875,275.5
1785218172.5040238,15,345.828125,275.5
1785218172.5040238,15,347.96875,275.5
1785218172.5040238,15,349.671875,275.5
1785218172.5040238,15,350.78125,276.0
1785218172.5040238,15,352.109375,276.25
1785218172.5040238,15,354.375,276.5
1785218172.7301424,15,355.921875,276.75
1785218172.7301424,15,357.265625,277.25
1785218172.7301424,15,358.609375,277.75
1785218172.7301424,15,0.84375,278.5
1785218172.7301424,15,2.46875,278.75
1785218172.7301424,15,3.6875,279.25
1785218172.7301424,15,5.203125,280.25
1785218172.7301424,15,7.53125,281.5
1785218172.7301424,15,8.640625,282.75
1785218172.7301424,15,10.328125,284.25
1785218172.7301424,15,11.890625,285.75
1785218172.7301424,15,13.8125,287.5
1785218172.7301424,15,15.0625,290.0
1785218172.7301424,15,16.6875,292.5
1785218172.7301424,15,18.140625,295.0
1785218172.7301424,15,170.40625,1353.25
1785218172.7301424,15,172.0625,1342.0
1785218172.7301424,15,173.734375,1338.75
1785218172.7301424,15,175.421875,1333.5
1785218172.7301424,15,177.046875,1331.25
1785218172.7301424,15,178.703125,1331.25
1785218172.7301424,15,180.28125,1330.5
1785218172.7301424,15,182.0,1329.75
1785218172.7301424,15,183.578125,1331.5
1785218172.7301424,15,188.5,1344.75
1785218172.7301424,13,203.96875,12207.0
1785218172.7301424,7,207.25,12301.5
1785218172.7301424,9,213.796875,14249.0
1785218172.7301424,9,227.03125,10244.5
1785218172.7301424,15,228.671875,9982.0
1785218172.7301424,12,230.328125,9949.0
1785218172.7301424,8,233.609375,9962.75
1785218172.7301424,7,235.265625,9846.5
1785218172.7301424,8,236.90625,9769.0
1785218172.7301424,7,238.546875,9665.0
1785218172.7301424,15,248.453125,8793.25
1785218172.7301424,12,250.078125,8723.5
1785218172.7301424,9,251.71875,8615.75
1785218172.7301424,11,284.6875,4938.5
1785218172.7301424,15,286.328125,4819.0
1785218172.7301424,12,287.96875,4741.0
1785218172.7301424,8,289.625,4653.0
1785218172.7301424,15,334.265625,301.5
1785218172.7301424,15,340.6875,276.5
1785218172.7301424,15,342.859375,275.75
1785218172.7301424,15,344.0625,275.25
1785218172.7301424,15,345.859375,275.0
1785218172.7301424,15,347.84375,275.5
1785218172.7301424,15,348.90625,276.0
1785218172.7301424,15,350.734375,275.75
1785218172.7301424,15,352.3125,275.75
1785218172.7301424,15,354.046875,276.0
1785218172.8409321,15,356.5,276.5
1785218172.8409321,15,358.140625,277.0
1785218172.8409321,15,358.703125,277.5
1785218172.8409321,15,0.84375,278.25
1785218172.8409321,15,1.953125,278.75
1785218172.8409321,15,4.671875,279.25
1785218172.8409321,15,5.203125,280.25
1785218172.8409321,15,7.59375,281.5
1785218172.8409321,15,8.421875,282.75
1785218172.8409321,15,10.078125,284.25
1785218172.8409321,15,12.125,285.75
1785218172.8409321,15,13.640625,287.5
1785218172.8409321,15,15.1875,290.0
1785218172.8409321,15,17.0,292.5
1785218172.8409321,15,18.90625,295.0
1785218172.8409321,15,170.453125,1353.25
1785218172.8409321,15,172.125,1342.25
1785218172.8409321,15,173.8125,1339.0
1785218172.8409321,15,175.453125,1334.5
1785218172.8409321,15,177.0625,1332.0
1785218172.8409321,15,178.734375,1331.25
1785218172.8409321,15,180.296875,1330.5
1785218172.8409321,15,181.984375,1329.5
1785218172.8409321,15,183.609375,1331.5
1785218172.8409321,15,188.484375,1345.0
1785218172.8409321,13,203.984375,12209.5
1785218172.8409321,8,213.8125,14256.25
1785218172.8409321,10,227.015625,10243.75
1785218172.8409321,15,228.671875,9987.75
1785218172.8409321,13,230.3125,9945.75
1785218172.8409321,11,235.25,9950.25
1785218172.8409321,8,236.890625,9853.75
1785218172.8409321,13,248.40625,8785.5
1785218172.8409321,13,250.046875,8719.5
1785218172.8409321,13,251.703125,8626.5
1785218172.8409321,9,284.640625,4942.0
1785218172.8409321,15,286.28125,4821.0
1785218172.8409321,13,287.90625,4740.0
1785218172.8409321,8,289.578125,4651.75
1785218172.8409321,8,294.515625,4392.5
1785218172.8409321,8,296.140625,4367.0
1785218172.8409321,15,333.8125,301.5
1785218172.8409321,15,341.15625,276.25
1785218172.8409321,15,343.15625,275.5
1785218172.8409321,15,345.078125,275.25
1785218172.8409321,15,345.96875,275.0
1785218172.8409321,15,348.3125,275.5
1785218172.8409321,15,348.953125,276.0
1785218172.8409321,15,351.28125,276.0
1785218172.8409321,15,353.171875,276.25
1785218172.8409321,15,354.1875,276.5
1785218173.0642822,15,356.328125,277.0
1785218173.0642822,15,357.96875,277.5
1785218173.0642822,15,359.03125,277.75
1785218173.0642822,15,0.59375,278.25
1785218173.0642822,15,2.3125,278.75
1785218173.0642822,15,3.9375,279.5
1785218173.0642822,15,5.515625,280.5
1785218173.0642822,15,8.078125,281.5
1785218173.0642822,15,9.234375,283.0
1785218173.0642822,15,10.828125,284.5
1785218173.0642822,15,12.703125,286.0
1785218173.0642822,15,13.875,287.75
1785218173.0642822,15,15.359375,290.25
1785218173.0642822,15,17.1875,293.0
1785218173.0642822,15,18.359375,296.75
1785218173.0642822,15,170.90625,1347.75
1785218173.0642822,15,172.515625,1342.5
1785218173.0642822,15,174.25,1338.0
1785218173.0642822,15,175.875,1334.0
1785218173.0642822,15,177.5,1332.25
1785218173.0642822,15,179.21875,1330.25
1785218173.0642822,15,180.8125,1328.5
1785218173.0642822,15,182.453125,1326.75
1785218173.0642822,15,185.703125,1399.0
1785218173.0642822,15,188.984375,1351.75
1785218173.0642822,15,202.921875,12203.75
1785218173.0642822,7,204.578125,12254.5
1785218173.0642822,7,206.21875,12328.75
1785218173.0642822,9,207.84375,12566.0
1785218173.0642822,11,229.265625,9954.0
1785218173.0642822,11,232.53125,10079.75
1785218173.0642822,7,234.1875,9998.75
1785218173.0642822,8,244.0625,8976.5
1785218173.0642822,9,245.703125,8829.75
1785218173.0642822,15,249.0,8717.75
1785218173.0642822,7,283.640625,5015.75
1785218173.0642822,10,285.28125,4896.75
1785218173.0642822,11,286.90625,4790.0
1785218173.0642822,11,288.5625,4723.5
1785218173.0642822,15,293.5,4418.25
1785218173.0642822,13,295.171875,4382.0
1785218173.0642822,15,310.140625,402.25
1785218173.0642822,15,341.640625,276.75
1785218173.0642822,15,343.671875,275.75
1785218173.0642822,15,345.34375,275.25
1785218173.0642822,15,346.328125,275.25
1785218173.0642822,15,348.5,275.75
1785218173.0642822,15,349.515625,276.0
1785218173.0642822,15,351.140625,276.25
1785218173.0642822,15,353.5,276.5
1785218173.0642822,15,355.515625,276.75
1785218173.176044,15,356.40625,277.0
1785218173.176044,15,357.875,277.5
1785218173.176044,15,0.046875,278.0
1785218173.176044,15,1.109375,278.5
1785218173.176044,15,3.375,279.25
1785218173.176044,15,4.390625,280.0
1785218173.176044,15,6.78125,281.0
1785218173.176044,15,8.140625,282.0
1785218173.176044,15,9.328125,283.25
1785218173.176044,15,11.359375,284.75
1785218173.176044,15,13.015625,286.5
1785218173.176044,15,13.953125,288.75
1785218173.176044,15,16.328125,291.25
1785218173.176044,15,17.984375,293.75
1785218173.176044,15,171.28125,1347.25
1785218173.176044,15,172.9375,1341.75
1785218173.176044,15,174.5,1338.0
1785218173.176044,15,176.234375,1335.25
1785218173.176044,15,177.8125,1332.0
1785218173.176044,15,179.484375,1329.75
1785218173.176044,15,181.125,1330.0
1785218173.176044,15,182.8125,1328.5
1785218173.176044,15,186.046875,1409.25
1785218173.176044,15,189.390625,1356.25
1785218173.176044,7,203.1875,12063.0
1785218173.176044,10,206.484375,12161.75
1785218173.176044,14,229.5,9862.0
1785218173.176044,8,232.796875,10092.75
1785218173.176044,8,234.4375,9941.5
1785218173.176044,8,236.0625,9857.0
1785218173.176044,10,237.71875,9784.75
1785218173.176044,11,247.578125,8862.5
1785218173.176044,11,285.5625,4852.25
1785218173.176044,11,287.21875,4780.5
1785218173.176044,11,288.859375,4717.25
1785218173.176044,12,293.796875,4420.25
1785218173.176044,11,295.453125,4370.75
1785218173.176044,15,341.8125,276.5
1785218173.176044,15,343.8125,275.5
1785218173.176044,15,344.859375,275.25
1785218173.176044,15,346.90625,275.5
1785218173.176044,15,348.75,275.75
1785218173.176044,15,350.234375,276.0
1785218173.176044,15,351.953125,276.25
1785218173.176044,15,353.453125,276.5
1785218173.176044,15,355.734375,276.75
1785218173.4011374,15,356.734375,277.25
1785218173.4011374,15,358.609375,277.75
1785218173.4011374,15,359.84375,278.25
1785218173.4011374,15,1.65625,278.75
1785218173.4011374,15,3.75,279.25
1785218173.4011374,15,5.765625,280.25
1785218173.4011374,15,7.359375,281.25
1785218173.4011374,15,8.03125,282.25
1785218173.4011374,15,10.671875,283.75
1785218173.4011374,15,11.40625,285.5
1785218173.4011374,15,13.40625,287.25
1785218173.4011374,15,14.9375,289.5
1785218173.4011374,15,16.9375,292.0
1785218173.4011374,15,18.140625,294.5
1785218173.4011374,15,170.25,1357.0
1785218173.4011374,15,171.890625,1344.0
1785218173.4011374,15,173.546875,1339.5
1785218173.4011374,15,175.15625,1331.75
1785218173.4011374,15,176.828125,1329.75
1785218173.4011374,15,178.453125,1331.75
1785218173.4011374,15,180.140625,1330.25
1785218173.4011374,15,181.765625,1329.25
1785218173.4011374,15,183.453125,1329.25
1785218173.4011374,15,188.296875,1343.0
1785218173.4011374,15,189.953125,1365.25
1785218173.4011374,8,203.78125,12149.0
1785218173.4011374,10,205.40625,12131.75
1785218173.4011374,11,207.0625,12352.0
1785218173.4011374,9,208.703125,12627.0
1785218173.4011374,15,226.796875,10249.0
1785218173.4011374,9,236.640625,9854.75
1785218173.4011374,11,243.25,8884.0
1785218173.4011374,10,246.53125,8805.0
1785218173.4011374,13,248.15625,8783.5
1785218173.4011374,15,249.796875,8720.25
1785218173.4011374,11,251.484375,8623.5
1785218173.4011374,13,286.046875,4835.25
1785218173.4011374,13,287.703125,4754.0
1785218173.4011374,8,289.34375,4679.75
1785218173.4011374,12,294.28125,4394.5
1785218173.4011374,13,295.90625,4345.0
1785218173.4011374,12,316.625,344.5
1785218173.4011374,11,318.140625,336.5
1785218173.4011374,15,342.1875,276.0
1785218173.4011374,15,344.8125,275.5
1785218173.4011374,15,345.71875,275.5
1785218173.4011374,15,347.15625,275.5
1785218173.4011374,15,348.890625,275.75
1785218173.4011374,15,350.5625,276.0
1785218173.4011374,15,352.671875,276.25
1785218173.4011374,15,354.046875,276.5
1785218173.513278,15,355.75,277.0
1785218173.513278,15,357.546875,277.25
1785218173.513278,15,358.796875,277.75
1785218173.513278,15,1.109375,278.5
1785218173.513278,15,2.25,279.0
1785218173.513278,15,4.453125,279.5
1785218173.513278,15,5.390625,280.25
1785218173.513278,15,6.796875,281.5
1785218173.513278,15,8.296875,282.75
1785218173.513278,15,10.8125,284.25
1785218173.513278,15,11.90625,285.5
1785218173.513278,15,13.84375,287.25
1785218173.513278,15,15.328125,289.75
1785218173.513278,15,17.15625,292.25
1785218173.513278,15,18.625,294.75
1785218173.513278,15,170.40625,1353.5
1785218173.513278,15,172.125,1342.5
1785218173.513278,15,173.703125,1339.0
1785218173.513278,15,175.421875,1333.75
1785218173.513278,15,177.078125,1331.0
1785218173.513278,15,178.671875,1331.0
1785218173.513278,15,180.328125,1330.5
1785218173.513278,15,182.0,1329.25
1785218173.513278,15,183.625,1331.25
1785218173.513278,15,188.515625,1345.0
1785218173.513278,11,203.953125,12204.25
1785218173.513278,15,226.96875,10246.5
1785218173.513278,15,228.609375,9992.0
1785218173.513278,10,230.265625,9904.75
1785218173.513278,10,235.1875,9904.5
1785218173.513278,7,236.828125,9846.75
1785218173.513278,7,238.484375,9703.25
1785218173.513278,13,248.359375,8786.75
1785218173.513278,15,250.0,8721.0
1785218173.513278,10,251.625,8621.5
1785218173.513278,10,286.171875,4831.0
1785218173.513278,12,287.796875,4750.5
1785218173.513278,7,289.453125,4701.25
1785218173.513278,7,292.765625,4447.0
1785218173.513278,8,294.390625,4391.25
1785218173.513278,12,296.046875,4333.5
1785218173.513278,15,342.8125,276.0
1785218173.513278,15,344.578125,275.5
1785218173.513278,15,345.921875,275.25
1785218173.513278,15,347.734375,275.5
1785218173.513278,15,349.09375,275.75
1785218173.513278,15,351.03125,276.0
1785218173.513278,15,353.078125,276.25
1785218173.513278,15,353.6875,276.5
1785218173.6244621,15,355.65625,277.0
1785218173.6244621,15,357.109375,277.25
1785218173.6244621,15,359.609375,277.75
1785218173.6244621,15,1.03125,278.25
1785218173.6244621,15,2.4375,279.0
1785218173.6244621,15,3.84375,279.5
1785218173.6244621,15,5.34375,280.25
1785218173.6244621,15,6.78125,281.5
1785218173.6244621,15,9.125,282.75
1785218173.6244621,15,10.640625,284.25
1785218173.6244621,15,11.578125,285.5
1785218173.6244621,15,13.671875,287.25
1785218173.6244621,15,15.421875,289.75
1785218173.6244621,15,16.953125,292.25
1785218173.6244621,15,18.515625,294.75
1785218173.6244621,15,170.28125,1357.0
1785218173.6244621,15,171.921875,1344.25
1785218173.6244621,15,173.578125,1339.5
1785218173.6244621,15,175.3125,1333.5
1785218173.6244621,15,176.9375,1330.75
1785218173.6244621,15,178.546875,1331.0
1785218173.6244621,15,180.1875,1330.25
1785218173.6244621,15,181.890625,1329.0
1785218173.6244621,15,183.515625,1329.25
1785218173.6244621,15,188.453125,1344.75
1785218173.6244621,10,190.046875,1367.0
1785218173.6244621,10,207.15625,12389.0
1785218173.6244621,9,208.796875,12638.0
1785218173.6244621,8,213.734375,14149.25
1785218173.6244621,15,226.921875,10236.5
1785218173.6244621,14,228.5625,9982.75
1785218173.6244621,8,236.78125,9850.25
1785218173.6244621,8,243.375,8961.0
1785218173.6244621,13,246.671875,8814.25
1785218173.6244621,14,248.3125,8778.5
1785218173.6244621,13,249.953125,8723.5
1785218173.6244621,13,251.578125,8627.5
1785218173.6244621,12,286.09375,4831.0
1785218173.6244621,12,287.75,4751.0
1785218173.6244621,8,292.6875,4449.5
1785218173.6244621,11,294.3125,4396.25
1785218173.6244621,10,295.953125,4349.0
1785218173.6244621,11,318.625,335.5
1785218173.6244621,15,342.15625,276.0
1785218173.6244621,15,343.796875,275.5
1785218173.6244621,15,345.921875,275.25
1785218173.6244621,15,347.265625,275.5
1785218173.6244621,15,349.796875,275.75
1785218173.6244621,15,350.421875,276.0
1785218173.6244621,15,352.734375,276.25
1785218173.6244621,15,353.65625,276.5
1785218173.850715,15,355.359375,277.0
1785218173.850715,15,356.921875,277.25
1785218173.850715,15,358.75,277.75
1785218173.850715,15,0.734375,278.5
1785218173.850715,15,2.359375,278.75
1785218173.850715,15,3.734375,279.25
1785218173.850715,15,5.46875,280.25
1785218173.850715,15,6.796875,281.25
1785218173.850715,15,9.140625,282.5
1785218173.850715,15,10.21875,283.75
1785218173.850715,15,11.65625,285.5
1785218173.850715,15,13.0,287.25
1785218173.850715,15,15.53125,289.5
1785218173.850715,15,16.234375,292.0
1785218173.850715,15,18.546875,294.5
1785218173.850715,15,170.125,1360.75
1785218173.850715,15,171.78125,1344.75
1785218173.850715,15,173.40625,1339.25
1785218173.850715,15,176.65625,1334.75
1785218173.850715,15,178.34375,1332.0
1785218173.850715,15,179.953125,1330.5
1785218173.850715,15,181.609375,1329.5
1785218173.850715,15,183.265625,1327.5
1785218173.850715,15,188.140625,1343.0
1785218173.850715,15,189.75,1364.5
1785218173.850715,8,203.71875,12150.5
1785218173.850715,15,226.75,10256.25
1785218173.850715,8,234.96875,9935.25
1785218173.850715,10,238.265625,9817.75
1785218173.850715,10,248.140625,8795.0
1785218173.850715,15,249.78125,8731.5
1785218173.850715,12,251.4375,8635.0
1785218173.850715,10,286.0625,4833.0
1785218173.850715,12,287.734375,4751.75
1785218173.850715,8,289.375,4705.0
1785218173.850715,7,292.671875,4449.5
1785218173.850715,11,294.3125,4397.25
1785218173.850715,9,295.96875,4349.5
1785218173.850715,15,342.1875,276.0
1785218173.850715,15,344.34375,275.5
1785218173.850715,15,346.03125,275.25
1785218173.850715,15,347.390625,275.5
1785218173.850715,15,348.96875,275.75
1785218173.850715,15,350.21875,276.0
1785218173.850715,15,352.125,276.25
1785218173.850715,15,353.78125,276.5
1785218173.9624815,15,355.609375,277.0
1785218173.9624815,15,357.84375,277.25
1785218173.9624815,15,359.3125,277.75
1785218173.9624815,15,1.109375,278.25
1785218173.9624815,15,1.9375,279.0
1785218173.9624815,15,3.546875,279.5
1785218173.9624815,15,5.109375,280.25
1785218173.9624815,15,7.015625,281.5
1785218173.9624815,15,8.375,282.5
1785218173.9624815,15,9.921875,284.0
1785218173.9624815,15,12.40625,285.5
1785218173.9624815,15,13.5625,287.25
1785218173.9624815,15,15.21875,289.75
1785218173.9624815,15,17.15625,292.25
1785218173.9624815,15,18.296875,294.75
1785218173.9624815,15,170.3125,1356.75
1785218173.9624815,15,172.0,1344.25
1785218173.9624815,15,173.59375,1339.75
1785218173.9624815,15,175.296875,1333.25
1785218173.9624815,15,176.90625,1330.5
1785218173.9624815,15,178.515625,1330.75
1785218173.9624815,15,180.28125,1330.25
1785218173.9624815,15,181.890625,1329.25
1785218173.9624815,15,183.53125,1331.25
1785218173.9624815,15,188.4375,1345.0
1785218173.9624815,11,203.921875,12143.25
1785218173.9624815,7,207.21875,12235.75
1785218173.9624815,7,208.84375,12619.75
1785218173.9624815,9,213.78125,14227.75
1785218173.9624815,15,226.953125,10243.0
1785218173.9624815,15,228.609375,9983.5
1785218173.9624815,8,230.25,9909.5
1785218173.9624815,8,233.515625,9966.25
1785218173.9624815,12,248.34375,8781.5
1785218173.9624815,12,249.96875,8723.25
1785218173.9624815,9,251.671875,8620.75
1785218173.9624815,15,286.328125,4822.0
1785218173.9624815,14,287.984375,4741.5
1785218173.9624815,9,289.625,4651.25
1785218173.9624815,9,294.59375,4395.75
1785218173.9624815,7,296.234375,4371.25
1785218173.9624815,15,333.703125,301.5
1785218173.9624815,15,340.96875,276.25
1785218173.9624815,15,342.71875,275.5
1785218173.9624815,15,344.046875,275.25
1785218173.9624815,15,346.609375,275.0
1785218173.9624815,15,347.296875,275.5
1785218173.9624815,15,349.125,276.0
1785218173.9624815,15,350.75,276.0
1785218173.9624815,15,353.0625,276.25
1785218173.9624815,15,354.4375,276.5
1785218174.1853251,15,355.984375,276.75
1785218174.1853251,15,357.65625,277.25
1785218174.1853251,15,359.59375,278.0
1785218174.1853251,15,1.359375,278.5
1785218174.1853251,15,3.140625,278.75
1785218174.1853251,15,4.109375,279.5
1785218174.1853251,15,6.40625,280.5
1785218174.1853251,15,8.3125,281.75
1785218174.1853251,15,9.6875,283.25
1785218174.1853251,15,11.359375,284.75
1785218174.1853251,15,13.109375,286.5
1785218174.1853251,15,14.390625,288.5
1785218174.1853251,15,15.5625,291.0
1785218174.1853251,15,17.375,293.25
1785218174.1853251,15,171.140625,1348.0
1785218174.1853251,15,172.78125,1341.5
1785218174.1853251,15,174.421875,1336.75
1785218174.1853251,15,176.109375,1333.25
1785218174.1853251,15,177.703125,1331.5
1785218174.1853251,15,179.3125,1329.75
1785218174.1853251,15,180.96875,1329.0
1785218174.1853251,15,182.671875,1327.25
1785218174.1853251,15,185.890625,1404.75
1785218174.1853251,15,189.21875,1353.75
1785218174.1853251,12,203.015625,12204.5
1785218174.1853251,9,204.6875,12267.5
1785218174.1853251,9,206.3125,12277.0
1785218174.1853251,10,234.296875,10109.0
1785218174.1853251,9,235.9375,9939.25
1785218174.1853251,7,237.578125,9797.0
1785218174.1853251,7,239.234375,9634.75
1785218174.1853251,7,244.171875,8969.25
1785218174.1853251,10,245.8125,8880.25
1785218174.1853251,11,287.046875,4787.75
1785218174.1853251,12,288.671875,4721.75
1785218174.1853251,12,293.609375,4417.0
1785218174.1853251,11,295.265625,4379.5
1785218174.1853251,15,310.015625,404.0
1785218174.1853251,15,342.15625,276.5
1785218174.1853251,15,343.34375,275.5
1785218174.1853251,15,345.3125,275.25
1785218174.1853251,15,346.90625,275.25
1785218174.1853251,15,347.984375,275.5
1785218174.1853251,15,350.609375,276.0
1785218174.1853251,15,352.0625,276.25
1785218174.1853251,15,353.84375,276.5
1785218174.1853251,15,355.234375,276.75
1785218174.410671,15,357.015625,277.25
1785218174.410671,15,358.265625,277.75
1785218174.410671,15,359.734375,278.25
1785218174.410671,15,2.5,278.75
1785218174.410671,15,4.0625,279.25
1785218174.410671,15,4.734375,280.0
1785218174.410671,15,6.484375,281.25
1785218174.410671,15,8.15625,282.25
1785218174.410671,15,10.140625,283.75
1785218174.410671,15,11.765625,285.25
1785218174.410671,15,13.5,287.0
1785218174.410671,15,15.015625,289.25
1785218174.410671,15,16.015625,291.75
1785218174.410671,15,18.359375,294.25
1785218174.410671,15,170.09375,1361.0
1785218174.410671,15,171.6875,1344.75
1785218174.410671,15,173.359375,1339.5
1785218174.410671,15,176.703125,1335.0
1785218174.410671,15,178.3125,1332.0
1785218174.410671,15,180.0,1330.75
1785218174.410671,15,181.578125,1329.75
1785218174.410671,15,183.25,1327.5
1785218174.410671,15,186.546875,1370.75
1785218174.410671,15,188.125,1349.25
1785218174.410671,15,189.8125,1361.75
1785218174.410671,9,206.90625,12367.5
1785218174.410671,15,226.65625,10257.0
1785218174.410671,8,231.609375,10193.0
1785218174.410671,9,236.546875,9885.5
1785218174.410671,8,238.1875,9794.25
1785218174.410671,13,248.0625,8795.25
1785218174.410671,15,249.703125,8736.0
1785218174.410671,11,251.328125,8651.75
1785218174.410671,11,285.90625,4832.5
1785218174.410671,13,287.546875,4756.75
1785218174.410671,10,289.1875,4704.0
1785218174.410671,8,292.5,4459.25
1785218174.410671,8,294.140625,4401.25
1785218174.410671,9,295.796875,4348.75
1785218174.410671,10,316.5625,342.5
1785218174.410671,11,318.328125,336.5
1785218174.410671,15,341.890625,276.0
1785218174.410671,15,344.625,275.5
1785218174.410671,15,345.796875,275.25
1785218174.410671,15,347.75,275.25
1785218174.410671,15,348.84375,275.5
1785218174.410671,15,351.140625,275.75
1785218174.410671,15,352.125,276.25
1785218174.410671,15,353.703125,276.5
1785218174.410671,15,355.359375,277.0
1785218174.521294,15,357.65625,277.25
1785218174.521294,15,358.46875,277.75
1785218174.521294,15,0.703125,278.5
1785218174.521294,15,2.109375,278.75
1785218174.521294,15,3.359375,279.25
1785218174.521294,15,5.46875,280.25
1785218174.521294,15,6.859375,281.25
1785218174.521294,15,8.09375,282.5
1785218174.521294,15,10.34375,284.0
1785218174.521294,15,11.765625,285.5
1785218174.521294,15,13.359375,287.25
1785218174.521294,15,15.484375,289.5
1785218174.521294,15,16.40625,292.0
1785218174.521294,15,17.71875,294.5
1785218174.521294,15,170.328125,1356.75
1785218174.521294,15,172.03125,1344.0
1785218174.521294,15,173.640625,1339.0
1785218174.521294,15,175.34375,1332.75
1785218174.521294,15,176.984375,1330.0
1785218174.521294,15,178.578125,1330.75
1785218174.521294,15,180.234375,1330.25
1785218174.521294,15,181.859375,1329.25
1785218174.521294,15,183.5,1329.75
1785218174.521294,15,188.375,1345.0
1785218174.521294,9,190.0,1367.5
1785218174.521294,10,203.90625,12143.75
1785218174.521294,9,213.75,14226.25
1785218174.521294,15,226.9375,10242.75
1785218174.521294,15,228.59375,9984.25
1785218174.521294,7,233.515625,9920.75
1785218174.521294,9,236.796875,9842.5
1785218174.521294,9,238.453125,9655.0
1785218174.521294,7,243.390625,8905.75
1785218174.521294,12,246.6875,8823.0
1785218174.521294,14,248.328125,8783.75
1785218174.521294,15,249.96875,8722.0
1785218174.521294,10,251.578125,8620.0
1785218174.521294,10,286.15625,4829.5
1785218174.521294,12,287.8125,4750.75
1785218174.521294,8,289.453125,4706.25
1785218174.521294,9,294.390625,4392.75
1785218174.521294,11,296.03125,4354.75
1785218174.521294,15,342.6875,276.0
1785218174.521294,15,344.578125,275.5
1785218174.521294,15,346.03125,275.25
1785218174.521294,15,347.34375,275.5
1785218174.521294,15,348.796875,275.75
1785218174.521294,15,350.375,276.0
1785218174.521294,15,351.953125,276.25
1785218174.521294,15,354.515625,276.25
1785218174.6335278,15,355.46875,276.75
1785218174.6335278,15,357.140625,277.25
1785218174.6335278,15,359.40625,277.75
1785218174.6335278,15,0.46875,278.25
1785218174.6335278,15,2.203125,279.0
1785218174.6335278,15,3.828125,279.5
1785218174.6335278,15,5.765625,280.25
1785218174.6335278,15,7.09375,281.5
1785218174.6335278,15,9.234375,282.75
1785218174.6335278,15,10.75,284.25
1785218174.6335278,15,11.859375,285.5
1785218174.6335278,15,13.8125,287.25
1785218174.6335278,15,15.078125,289.75
1785218174.6335278,15,16.90625,292.25
1785218174.6335278,15,18.46875,294.75
1785218174.6335278,15,170.5,1353.5
1785218174.6335278,15,172.109375,1342.75
1785218174.6335278,15,173.796875,1339.0
1785218174.6335278,15,175.421875,1333.25
1785218174.6335278,15,177.015625,1331.0
1785218174.6335278,15,178.6875,1331.25
1785218174.6335278,15,180.359375,1330.25
1785218174.6335278,15,181.96875,1329.25
1785218174.6335278,15,183.65625,1331.5
1785218174.6335278,15,188.578125,1347.0
1785218174.6335278,12,204.03125,12235.75
1785218174.6335278,9,213.875,14303.75
1785218174.6335278,9,227.03125,10290.5
1785218174.6335278,15,228.671875,10027.0
1785218174.6335278,14,230.3125,9952.75
1785218174.6335278,8,233.609375,10010.0
1785218174.6335278,11,235.234375,9927.25
1785218174.6335278,9,236.875,9859.0
1785218174.6335278,11,248.390625,8787.75
1785218174.6335278,15,250.03125,8727.0
1785218174.6335278,10,251.6875,8622.5
1785218174.6335278,15,286.265625,4823.25
1785218174.6335278,15,287.921875,4741.75
1785218174.6335278,8,289.5625,4651.75
1785218174.6335278,9,294.5,4393.0
1785218174.6335278,15,341.40625,276.25
1785218174.6335278,15,343.0625,275.75
1785218174.6335278,15,343.96875,275.5
1785218174.6335278,15,345.9375,275.25
1785218174.6335278,15,347.3125,275.5
1785218174.6335278,15,348.9375,275.75
1785218174.6335278,15,350.421875,275.75
1785218174.6335278,15,352.640625,275.75
1785218174.6335278,15,354.296875,276.0
1785218174.8553839,15,355.875,276.75
1785218174.8553839,15,357.4375,277.25
1785218174.8553839,15,358.875,277.75
1785218174.8553839,15,1.390625,278.25
1785218174.8553839,15,2.359375,279.0
1785218174.8553839,15,4.140625,279.5
1785218174.8553839,15,5.859375,280.5
1785218174.8553839,15,8.015625,281.5
1785218174.8553839,15,9.046875,283.0
1785218174.8553839,15,10.265625,284.5
1785218174.8553839,15,11.828125,286.0
1785218174.8553839,15,13.984375,288.0
1785218174.8553839,15,15.75,290.25
1785218174.8553839,15,17.265625,292.75
1785218174.8553839,15,18.484375,295.5
1785218174.8553839,15,170.671875,1349.5
1785218174.8553839,15,172.40625,1342.0
1785218174.8553839,15,174.0,1337.75
1785218174.8553839,15,175.6875,1334.75
1785218174.8553839,15,177.34375,1332.5
1785218174.8553839,15,178.984375,1331.0
1785218174.8553839,15,180.640625,1329.75
1785218174.8553839,15,182.296875,1326.75
1785218174.8553839,15,185.546875,1393.75
1785218174.8553839,15,188.828125,1348.75
1785218174.8553839,15,202.71875,12223.25
1785218174.8553839,9,204.359375,12166.5
1785218174.8553839,11,230.6875,9931.25
1785218174.8553839,10,235.609375,9950.5
1785218174.8553839,9,237.25,9787.25
1785218174.8553839,9,245.5,8905.0
1785218174.8553839,14,247.125,8791.0
1785218174.8553839,11,248.78125,8734.5
1785218174.8553839,12,250.453125,8647.75
1785218174.8553839,10,252.09375,8621.0
1785218174.8553839,13,286.703125,4798.5
1785218174.8553839,10,288.375,4729.5
1785218174.8553839,15,293.3125,4422.75
1785218174.8553839,11,294.953125,4391.0
1785218174.8553839,15,340.953125,276.25
1785218174.8553839,15,342.71875,275.5
1785218174.8553839,15,345.15625,275.25
1785218174.8553839,15,345.984375,274.75
1785218174.8553839,15,347.578125,275.0
1785218174.8553839,15,349.90625,275.5
1785218174.8553839,15,351.15625,275.75
1785218174.8553839,15,353.390625,276.5
1785218174.8553839,15,354.421875,276.75
1785218175.0821295,15,356.1875,277.0
1785218175.0821295,15,358.53125,277.5
1785218175.0821295,15,359.78125,278.0
1785218175.0821295,15,0.96875,278.5
1785218175.0821295,15,2.921875,279.0
1785218175.0821295,15,4.234375,280.0
1785218175.0821295,15,6.34375,281.0
1785218175.0821295,15,7.96875,282.0
1785218175.0821295,15,9.484375,283.25
1785218175.0821295,15,11.375,284.75
1785218175.0821295,15,12.359375,286.5
1785218175.0821295,15,14.140625,288.75
1785218175.0821295,15,16.28125,291.0
1785218175.0821295,15,17.25,293.5
1785218175.0821295,15,171.21875,1347.0
1785218175.0821295,15,172.875,1341.75
1785218175.0821295,15,174.5625,1337.75
1785218175.0821295,15,176.140625,1334.75
1785218175.0821295,15,177.796875,1332.0
1785218175.0821295,15,179.421875,1329.75
1785218175.0821295,15,181.0625,1330.0
1785218175.0821295,15,182.671875,1328.25
1785218175.0821295,15,185.890625,1405.25
1785218175.0821295,15,189.296875,1354.25
1785218175.0821295,12,203.09375,12175.25
1785218175.0821295,10,204.71875,12286.5
1785218175.0821295,11,206.359375,12316.25
1785218175.0821295,8,234.390625,10098.75
1785218175.0821295,8,236.03125,9923.25
1785218175.0821295,9,237.703125,9816.75
1785218175.0821295,13,247.578125,8827.25
1785218175.0821295,10,285.5,4863.0
1785218175.0821295,14,287.15625,4782.5
1785218175.0821295,9,288.796875,4718.0
1785218175.0821295,14,293.75,4418.25
1785218175.0821295,9,295.375,4380.25
1785218175.0821295,15,341.625,276.5
1785218175.0821295,15,343.6875,275.5
1785218175.0821295,15,344.953125,275.25
1785218175.0821295,15,346.5,275.5
1785218175.0821295,15,349.296875,275.75
1785218175.0821295,15,350.484375,276.0
1785218175.0821295,15,352.03125,276.25
1785218175.0821295,15,353.09375,276.5
1785218175.0821295,15,355.640625,276.75
1785218175.1935885,15,356.546875,277.25
1785218175.1935885,15,358.5,277.5
1785218175.1935885,15,0.65625,278.0
1785218175.1935885,15,1.96875,278.75
1785218175.1935885,15,3.453125,279.0
1785218175.1935885,15,4.8125,279.75
1785218175.1935885,15,6.203125,281.0
1785218175.1935885,15,8.4375,282.0
1785218175.1935885,15,10.125,283.5
1785218175.1935885,15,11.5,285.0
1785218175.1935885,15,12.75,286.75
1785218175.1935885,15,14.859375,289.0
1785218175.1935885,15,16.59375,291.5
1785218175.1935885,15,17.75,294.0
1785218175.1935885,15,171.484375,1346.0
1785218175.1935885,15,173.109375,1340.0
1785218175.1935885,15,174.71875,1341.5
1785218175.1935885,15,176.4375,1338.75
1785218175.1935885,15,178.09375,1331.0
1785218175.1935885,15,179.65625,1329.5
1785218175.1935885,15,181.296875,1329.5
1785218175.1935885,15,182.984375,1328.0
1785218175.1935885,15,186.125,1413.5
1785218175.1935885,15,189.515625,1359.5
1785218175.1935885,8,203.359375,12113.75
1785218175.1935885,8,208.28125,12586.25
1785218175.1935885,11,229.703125,9933.25
1785218175.1935885,8,232.984375,10125.5
1785218175.1935885,7,234.625,10023.0
1785218175.1935885,8,236.28125,9918.75
1785218175.1935885,11,247.796875,8778.5
1785218175.1935885,8,249.4375,8755.25
1785218175.1935885,12,251.078125,8652.0
1785218175.1935885,15,285.65625,4851.25
1785218175.1935885,14,287.3125,4778.75
1785218175.1935885,10,288.96875,4716.75
1785218175.1935885,10,292.25,4450.0
1785218175.1935885,10,293.890625,4405.75
1785218175.1935885,13,295.546875,4370.0
1785218175.1935885,15,342.625,276.0
1785218175.1935885,15,343.515625,275.5
1785218175.1935885,15,345.75,275.5
1785218175.1935885,15,347.453125,275.25
1785218175.1935885,15,349.46875,275.5
1785218175.1935885,15,350.90625,276.0
1785218175.1935885,15,352.390625,276.25
1785218175.1935885,15,354.203125,276.5
1785218175.1935885,15,355.5625,276.75
1785218175.304722,15,356.546875,277.25
1785218175.304722,15,359.25,277.5
1785218175.304722,15,0.734375,278.0
1785218175.304722,15,2.359375,278.75
1785218175.304722,15,3.90625,279.25
1785218175.304722,15,5.515625,280.0
1785218175.304722,15,6.671875,281.25
1785218175.304722,15,8.90625,282.25
1785218175.304722,15,10.53125,283.75
1785218175.304722,15,12.140625,285.25
1785218175.304722,15,12.875,287.0
1785218175.304722,15,14.671875,289.25
1785218175.304722,15,15.953125,291.75
1785218175.304722,15,18.296875,294.25
1785218175.304722,15,170.0625,1361.0
1785218175.304722,15,171.671875,1344.75
1785218175.304722,15,173.328125,1339.5
1785218175.304722,8,175.0,1336.5
1785218175.304722,15,176.59375,1334.75
1785218175.304722,15,178.296875,1331.25
1785218175.304722,15,179.953125,1330.25
1785218175.304722,15,181.609375,1330.0
1785218175.304722,15,183.234375,1327.5
1785218175.304722,15,186.453125,1375.0
1785218175.304722,15,188.15625,1353.75
1785218175.304722,15,189.75,1362.0
1785218175.304722,10,203.65625,12103.0
1785218175.304722,10,206.9375,12255.0
1785218175.304722,15,226.6875,10249.75
1785218175.304722,7,234.921875,9949.0
1785218175.304722,12,248.09375,8806.0
1785218175.304722,15,249.75,8737.75
1785218175.304722,11,251.359375,8612.25
1785218175.304722,13,285.9375,4834.75
1785218175.304722,14,287.578125,4759.75
1785218175.304722,9,289.21875,4706.75
1785218175.304722,10,294.140625,4401.75
1785218175.304722,13,295.8125,4351.25
1785218175.304722,11,316.203125,343.5
1785218175.304722,12,318.46875,336.5
1785218175.304722,15,342.703125,276.0
1785218175.304722,15,344.796875,275.5
1785218175.304722,15,345.828125,275.25
1785218175.304722,15,347.625,275.25
1785218175.304722,15,349.46875,275.5
1785218175.304722,15,350.28125,275.75
1785218175.304722,15,352.3125,276.25
1785218175.304722,15,354.53125,276.5
1785218175.4152102,15,355.359375,277.0
1785218175.4152102,15,356.875,277.25
1785218175.4152102,15,359.34375,277.75
1785218175.4152102,15,0.765625,278.25
1785218175.4152102,15,2.359375,278.75
1785218175.4152102,15,3.40625,279.25
1785218175.4152102,15,5.3125,280.25
1785218175.4152102,15,6.609375,281.5
1785218175.4152102,15,8.328125,282.5
1785218175.4152102,15,10.359375,284.0
1785218175.4152102,15,11.671875,285.5
1785218175.4152102,15,13.0625,287.25
1785218175.4152102,15,15.140625,289.75
1785218175.4152102,15,16.75,292.25
1785218175.4152102,15,17.765625,294.75
1785218175.4152102,15,170.203125,1360.0
1785218175.4152102,15,171.859375,1344.25
1785218175.4152102,15,173.515625,1339.5
1785218175.4152102,15,175.109375,1329.0
1785218175.4152102,15,176.765625,1327.0
1785218175.4152102,15,178.421875,1332.0
1785218175.4152102,15,180.0625,1330.5
1785218175.4152102,15,181.75,1329.0
1785218175.4152102,15,183.390625,1329.5
1785218175.4152102,15,188.328125,1342.75
1785218175.4152102,15,189.890625,1364.75
1785218175.4152102,8,203.8125,12145.25
1785218175.4152102,9,205.453125,12117.75
1785218175.4152102,9,207.109375,12255.0
1785218175.4152102,8,213.671875,14062.0
1785218175.4152102,15,226.84375,10254.5
1785218175.4152102,10,233.40625,10046.5
1785218175.4152102,10,235.0625,9939.75
1785218175.4152102,9,236.703125,9882.25
1785218175.4152102,12,246.578125,8813.75
1785218175.4152102,15,248.234375,8784.75
1785218175.4152102,15,249.875,8725.25
1785218175.4152102,13,251.5,8627.75
1785218175.4152102,9,286.109375,4831.25
1785218175.4152102,14,287.765625,4752.0
1785218175.4152102,8,292.703125,4449.75
1785218175.4152102,12,294.359375,4397.25
1785218175.4152102,13,296.03125,4354.0
1785218175.4152102,11,318.3125,335.5
1785218175.4152102,15,343.03125,276.0
1785218175.4152102,15,344.390625,275.5
1785218175.4152102,15,345.609375,275.25
1785218175.4152102,15,347.203125,275.5
1785218175.4152102,15,348.765625,275.75
1785218175.4152102,15,351.4375,276.0
1785218175.4152102,15,352.546875,276.25
1785218175.4152102,15,354.203125,276.5
1785218175.6410248,15,355.296875,277.0
1785218175.6410248,15,356.859375,277.25
1785218175.6410248,15,358.96875,277.75
1785218175.6410248,15,0.53125,278.25
1785218175.6410248,15,2.265625,279.0
1785218175.6410248,15,3.765625,279.5
1785218175.6410248,15,6.0,280.25
1785218175.6410248,15,7.4375,281.5
1785218175.6410248,15,9.25,282.5
1785218175.6410248,15,10.640625,284.0
1785218175.6410248,15,11.5625,285.5
1785218175.6410248,15,13.5,287.25
1785218175.6410248,15,15.59375,289.75
1785218175.6410248,15,16.421875,292.25
1785218175.6410248,15,18.3125,294.75
1785218175.6410248,15,170.375,1355.0
1785218175.6410248,15,172.046875,1343.0
1785218175.6410248,15,173.65625,1339.25
1785218175.6410248,15,175.328125,1333.0
1785218175.6410248,15,176.953125,1330.25
1785218175.6410248,15,178.609375,1330.5
1785218175.6410248,15,180.3125,1330.25
1785218175.6410248,15,181.953125,1329.0
1785218175.6410248,15,183.609375,1331.0
1785218175.6410248,15,188.515625,1345.5
1785218175.6410248,11,203.9375,12155.0
1785218175.6410248,8,207.203125,12237.75
1785218175.6410248,15,228.5625,9975.0
1785218175.6410248,8,235.140625,9889.75
1785218175.6410248,12,248.296875,8777.0
1785218175.6410248,14,249.9375,8732.25
1785218175.6410248,13,251.640625,8629.75
1785218175.6410248,12,286.25,4826.25
1785218175.6410248,12,287.890625,4742.75
1785218175.6410248,9,289.53125,4676.0
1785218175.6410248,9,292.84375,4448.5
1785218175.6410248,9,294.46875,4394.25
1785218175.6410248,10,296.140625,4354.25
1785218175.6410248,12,334.109375,301.5
1785218175.6410248,15,340.84375,276.25
1785218175.6410248,15,342.671875,275.75
1785218175.6410248,15,344.203125,275.5
1785218175.6410248,15,346.640625,275.25
1785218175.6410248,15,347.171875,275.5
1785218175.6410248,15,348.890625,276.0
1785218175.6410248,15,350.84375,275.75
1785218175.6410248,15,352.359375,275.75
1785218175.6410248,15,353.90625,276.0
1785218175.7526367,15,356.3125,276.5
1785218175.7526367,15,357.84375,277.0
1785218175.7526367,15,358.640625,277.5
1785218175.7526367,15,0.671875,278.25
1785218175.7526367,15,1.953125,278.75
1785218175.7526367,15,3.953125,279.25
1785218175.7526367,15,6.203125,280.25
1785218175.7526367,15,7.28125,281.5
1785218175.7526367,15,9.40625,282.75
1785218175.7526367,15,10.078125,284.25
1785218175.7526367,15,12.609375,285.75
1785218175.7526367,15,13.609375,287.5
1785218175.7526367,15,15.390625,290.0
1785218175.7526367,15,16.78125,292.5
1785218175.7526367,15,18.515625,295.0
1785218175.7526367,15,170.78125,1347.5
1785218175.7526367,15,172.390625,1342.0
1785218175.7526367,15,174.078125,1337.5
1785218175.7526367,15,175.765625,1334.5
1785218175.7526367,15,177.359375,1332.5
1785218175.7526367,15,179.078125,1330.25
1785218175.7526367,15,180.640625,1329.0
1785218175.7526367,15,182.28125,1327.0
1785218175.7526367,15,185.5,1393.75
1785218175.7526367,15,188.828125,1349.0
1785218175.7526367,15,202.6875,12249.5
1785218175.7526367,8,207.609375,12507.25
1785218175.7526367,10,230.65625,9924.25
1785218175.7526367,8,233.953125,9976.0
1785218175.7526367,11,235.578125,9864.5
1785218175.7526367,14,243.828125,9062.5
1785218175.7526367,10,245.46875,8913.75
1785218175.7526367,11,247.109375,8793.25
1785218175.7526367,12,248.75,8723.5
1785218175.7526367,13,250.4375,8635.75
1785218175.7526367,14,252.078125,8620.25
1785218175.7526367,11,285.03125,4894.5
1785218175.7526367,15,286.671875,4796.25
1785218175.7526367,13,288.3125,4727.75
1785218175.7526367,7,291.609375,4500.75
1785218175.7526367,13,293.265625,4421.0
1785218175.7526367,7,294.890625,4385.5
1785218175.7526367,15,341.1875,276.25
1785218175.7526367,15,342.859375,275.5
1785218175.7526367,15,344.578125,275.25
1785218175.7526367,15,346.03125,274.75
1785218175.7526367,15,348.140625,275.0
1785218175.7526367,15,349.84375,275.5
1785218175.7526367,15,351.09375,275.5
1785218175.7526367,15,353.234375,276.0
1785218175.7526367,15,354.53125,276.5
1785218175.9763074,15,357.359375,277.25
1785218175.9763074,15,358.671875,277.5
1785218175.9763074,15,359.515625,278.0
1785218175.9763074,15,1.203125,278.75
1785218175.9763074,15,3.046875,279.0
1785218175.9763074,15,5.078125,279.75
1785218175.9763074,15,6.140625,280.75
1785218175.9763074,15,7.703125,282.0
1785218175.9763074,15,9.6875,283.5
1785218175.9763074,15,11.046875,285.0
1785218175.9763074,15,12.53125,286.75
1785218175.9763074,15,14.828125,289.0
1785218175.9763074,15,15.8125,291.5
1785218175.9763074,15,17.578125,294.0
1785218175.9763074,15,169.859375,1368.25
1785218175.9763074,15,171.46875,1345.5
1785218175.9763074,15,173.15625,1340.0
1785218175.9763074,15,174.78125,1342.0
1785218175.9763074,15,176.4375,1339.25
1785218175.9763074,15,178.109375,1330.75
1785218175.9763074,15,179.78125,1329.5
1785218175.9763074,15,181.390625,1329.5
1785218175.9763074,15,183.03125,1327.25
1785218175.9763074,15,186.265625,1413.75
1785218175.9763074,15,189.59375,1360.25
1785218175.9763074,9,203.46875,12098.25
1785218175.9763074,8,231.484375,10139.5
1785218175.9763074,9,233.140625,10081.0
1785218175.9763074,11,249.640625,8741.25
1785218175.9763074,13,251.234375,8622.5
1785218175.9763074,7,256.15625,8597.25
1785218175.9763074,12,287.453125,4766.25
1785218175.9763074,9,289.109375,4714.0
1785218175.9763074,11,292.390625,4471.25
1785218175.9763074,12,294.03125,4403.0
1785218175.9763074,10,295.671875,4351.75
1785218175.9763074,15,342.515625,276.0
1785218175.9763074,15,344.265625,275.5
1785218175.9763074,15,345.6875,275.5
1785218175.9763074,15,347.140625,275.25
1785218175.9763074,15,348.5,275.5
1785218175.9763074,15,350.765625,275.75
1785218175.9763074,15,352.65625,276.25
1785218175.9763074,15,353.78125,276.5
1785218175.9763074,15,355.765625,276.75
1785218176.0896575,15,356.5,277.25
1785218176.0896575,15,359.109375,277.5
1785218176.0896575,15,0.90625,278.0
1785218176.0896575,15,2.25,278.75
1785218176.0896575,15,3.734375,279.25
1785218176.0896575,15,5.3125,280.0
1785218176.0896575,15,6.421875,281.25
1785218176.0896575,15,8.765625,282.25
1785218176.0896575,15,10.3125,283.75
1785218176.0896575,15,12.125,285.25
1785218176.0896575,15,12.96875,287.0
1785218176.0896575,15,14.53125,289.25
1785218176.0896575,15,16.015625,291.75
1785218176.0896575,15,18.15625,294.25
1785218176.0896575,15,170.0,1360.75
1785218176.0896575,15,171.671875,1344.75
1785218176.0896575,15,173.34375,1339.5
1785218176.0896575,8,174.9375,1336.25
1785218176.0896575,15,176.609375,1334.5
1785218176.0896575,15,178.296875,1331.25
1785218176.0896575,15,179.90625,1329.75
1785218176.0896575,15,181.578125,1329.5
1785218176.0896575,15,183.171875,1327.25
1785218176.0896575,15,186.453125,1380.0
1785218176.0896575,15,188.078125,1358.75
1785218176.0896575,15,189.734375,1361.75
1785218176.0896575,9,203.65625,12096.5
1785218176.0896575,15,226.703125,10253.75
1785218176.0896575,8,236.578125,9889.5
1785218176.0896575,15,249.765625,8740.5
1785218176.0896575,12,251.390625,8628.75
1785218176.0896575,14,285.984375,4834.5
1785218176.0896575,13,287.640625,4759.75
1785218176.0896575,9,289.296875,4707.5
1785218176.0896575,11,294.234375,4397.5
1785218176.0896575,11,295.875,4351.25
1785218176.0896575,12,316.34375,344.0
1785218176.0896575,13,318.5,336.5
1785218176.0896575,15,343.09375,276.0
1785218176.0896575,15,343.734375,275.5
1785218176.0896575,15,345.546875,275.25
1785218176.0896575,15,347.59375,275.25
1785218176.0896575,15,349.625,275.5
1785218176.0896575,15,350.75,275.75
1785218176.0896575,15,352.125,276.25
1785218176.0896575,15,353.390625,276.5
1785218176.3141847,15,355.890625,277.0
1785218176.3141847,15,357.75,277.25
1785218176.3141847,15,359.578125,277.75
1785218176.3141847,15,1.03125,278.25
1785218176.3141847,15,2.265625,279.0
1785218176.3141847,15,3.34375,279.5
1785218176.3141847,15,5.453125,280.25
1785218176.3141847,15,7.3125,281.25
1785218176.3141847,15,9.046875,282.5
1785218176.3141847,15,10.34375,284.0
1785218176.3141847,15,11.484375,285.5
1785218176.3141847,15,13.40625,287.25
1785218176.3141847,15,15.171875,289.75
1785218176.3141847,15,16.9375,292.25
1785218176.3141847,15,18.640625,294.75
1785218176.3141847,15,170.296875,1356.0
1785218176.3141847,15,171.921875,1344.0
1785218176.3141847,15,173.578125,1339.25
1785218176.3141847,15,175.203125,1333.0
1785218176.3141847,15,176.875,1330.25
1785218176.3141847,15,178.5625,1330.75
1785218176.3141847,15,180.21875,1330.0
1785218176.3141847,15,181.875,1329.0
1785218176.3141847,15,183.515625,1330.75
1785218176.3141847,15,188.46875,1345.25
1785218176.3141847,8,190.125,1368.0
1785218176.3141847,11,203.90625,12158.25
1785218176.3141847,8,208.828125,12654.25
1785218176.3141847,10,213.75,14188.5
1785218176.3141847,15,228.5625,9975.5
1785218176.3141847,8,233.484375,9970.5
1785218176.3141847,7,235.125,9979.5
1785218176.3141847,7,236.765625,9866.25
1785218176.3141847,8,238.421875,9714.5
1785218176.3141847,13,246.625,8824.5
1785218176.3141847,11,248.265625,8786.5
1785218176.3141847,13,249.921875,8721.0
1785218176.3141847,11,251.609375,8614.5
1785218176.3141847,11,286.25,4827.0
1785218176.3141847,12,287.90625,4743.5
1785218176.3141847,8,289.546875,4676.5
1785218176.3141847,8,292.859375,4448.0
1785218176.3141847,8,294.5,4393.25
1785218176.3141847,9,296.140625,4354.75
1785218176.3141847,15,340.921875,276.25
1785218176.3141847,15,342.96875,275.75
1785218176.3141847,15,344.359375,275.5
1785218176.3141847,15,345.578125,275.25
1785218176.3141847,15,347.40625,275.5
1785218176.3141847,15,348.8125,276.0
1785218176.3141847,15,350.421875,275.75
1785218176.3141847,15,352.625,275.75
1785218176.3141847,15,354.390625,276.0
1785218176.4245195,15,355.5625,276.75
1785218176.4245195,15,357.609375,277.25
1785218176.4245195,15,358.65625,277.5
1785218176.4245195,15,0.671875,278.25
1785218176.4245195,15,2.953125,278.75
1785218176.4245195,15,3.53125,279.25
1785218176.4245195,15,6.265625,280.25
1785218176.4245195,15,6.8125,281.5
1785218176.4245195,15,8.765625,282.75
1785218176.4245195,15,10.234375,284.25
1785218176.4245195,15,12.15625,285.75
1785218176.4245195,15,14.21875,287.5
1785218176.4245195,15,15.296875,290.0
1785218176.4245195,15,16.84375,292.5
1785218176.4245195,15,18.40625,295.0
1785218176.4245195,15,170.453125,1353.5
1785218176.4245195,15,172.09375,1343.0
1785218176.4245195,15,173.71875,1339.25
1785218176.4245195,15,175.375,1335.75
1785218176.4245195,15,177.0625,1333.0
1785218176.4245195,15,178.640625,1330.75
1785218176.4245195,15,180.40625,1330.25
1785218176.4245195,15,182.03125,1329.0
1785218176.4245195,15,183.703125,1334.25
1785218176.4245195,15,188.59375,1347.25
1785218176.4245195,14,202.375,12208.5
1785218176.4245195,12,204.03125,12237.5
1785218176.4245195,8,213.875,14286.25
1785218176.4245195,15,228.6875,9951.25
1785218176.4245195,13,230.328125,9938.5
1785218176.4245195,8,236.890625,9919.75
1785218176.4245195,13,248.40625,8786.5
1785218176.4245195,12,250.046875,8727.75
1785218176.4245195,9,251.71875,8627.25
1785218176.4245195,15,286.296875,4825.75
1785218176.4245195,15,287.953125,4743.5
1785218176.4245195,8,289.578125,4653.0
1785218176.4245195,7,291.25,4536.5
1785218176.4245195,10,292.875,4443.0
1785218176.4245195,10,294.53125,4393.0
1785218176.4245195,14,333.875,301.25
1785218176.4245195,15,341.453125,276.25
1785218176.4245195,15,343.234375,275.75
1785218176.4245195,15,344.125,275.5
1785218176.4245195,15,346.75,275.25
1785218176.4245195,15,347.828125,275.5
1785218176.4245195,15,349.875,276.0
1785218176.4245195,15,350.765625,275.75
1785218176.4245195,15,352.515625,275.75
1785218176.4245195,15,354.421875,276.0
1785218176.535036,15,356.53125,276.5
1785218176.535036,15,357.828125,277.0
1785218176.535036,15,359.53125,277.5
1785218176.535036,15,0.828125,278.25
1785218176.535036,15,2.28125,278.75
1785218176.535036,15,4.28125,279.25
1785218176.535036,15,5.296875,280.25
1785218176.535036,15,7.59375,281.5
1785218176.535036,15,8.5625,282.75
1785218176.535036,15,10.265625,284.25
1785218176.535036,15,11.703125,285.75
1785218176.535036,15,14.0,287.5
1785218176.535036,15,15.640625,290.0
1785218176.535036,15,17.0,292.5
1785218176.535036,15,18.140625,295.0
1785218176.535036,15,170.421875,1353.5
1785218176.535036,15,172.109375,1343.25
1785218176.535036,15,173.765625,1339.5
1785218176.535036,15,175.375,1335.25
1785218176.535036,15,177.0625,1332.25
1785218176.535036,15,178.703125,1330.75
1785218176.535036,15,180.328125,1330.25
1785218176.535036,15,181.921875,1328.75
1785218176.535036,15,183.546875,1330.75
1785218176.535036,15,188.453125,1345.25
1785218176.535036,12,203.9375,12154.0
1785218176.535036,8,207.21875,12236.75
1785218176.535036,8,213.78125,14259.0
1785218176.535036,15,226.96875,10233.75
1785218176.535036,15,228.59375,9979.75
1785218176.535036,8,230.25,9910.75
1785218176.535036,9,236.8125,9878.0
1785218176.535036,12,248.328125,8783.25
1785218176.535036,13,249.984375,8724.25
1785218176.535036,10,251.65625,8623.75
1785218176.535036,9,286.21875,4831.5
1785218176.535036,12,287.859375,4750.25
1785218176.535036,8,289.5,4705.25
1785218176.535036,7,292.78125,4445.25
1785218176.535036,8,294.4375,4393.0
1785218176.535036,9,296.078125,4351.5
1785218176.535036,15,342.53125,275.75
1785218176.535036,15,344.4375,275.5
1785218176.535036,15,345.546875,275.25
1785218176.535036,15,347.890625,275.5
1785218176.535036,15,349.078125,275.75
1785218176.535036,15,350.5,276.0
1785218176.535036,15,352.296875,276.25
1785218176.535036,15,354.65625,276.25
1785218176.7619894,15,355.734375,276.75
1785218176.7619894,15,357.0,277.25
1785218176.7619894,15,359.546875,277.75
1785218176.7619894,15,0.4375,278.25
1785218176.7619894,15,1.90625,278.75
1785218176.7619894,15,3.5625,279.25
1785218176.7619894,15,5.46875,280.25
1785218176.7619894,15,7.390625,281.5
1785218176.7619894,15,8.65625,282.5
1785218176.7619894,15,10.203125,284.0
1785218176.7619894,15,12.484375,285.75
1785218176.7619894,15,13.546875,287.5
1785218176.7619894,15,15.28125,290.0
1785218176.7619894,15,16.734375,292.5
1785218176.7619894,15,18.5625,295.0
1785218176.7619894,15,170.65625,1349.5
1785218176.7619894,15,172.34375,1341.5
1785218176.7619894,15,173.984375,1337.0
1785218176.7619894,15,175.65625,1334.25
1785218176.7619894,15,177.25,1332.5
1785218176.7619894,15,178.90625,1330.75
1785218176.7619894,15,180.578125,1329.75
1785218176.7619894,15,182.21875,1328.5
1785218176.7619894,15,185.4375,1389.25
1785218176.7619894,15,188.703125,1349.0
1785218176.7619894,15,202.59375,12246.5
1785218176.7619894,10,204.234375,12256.25
1785218176.7619894,13,230.578125,9925.25
1785218176.7619894,8,233.875,9992.75
1785218176.7619894,8,235.5,9873.75
1785218176.7619894,8,237.15625,9795.75
1785218176.7619894,8,243.75,9010.0
1785218176.7619894,10,247.046875,8852.25
1785218176.7619894,15,248.6875,8742.25
1785218176.7619894,12,250.3125,8700.25
1785218176.7619894,12,251.96875,8678.25
1785218176.7619894,11,284.90625,4921.75
1785218176.7619894,13,286.546875,4803.75
1785218176.7619894,15,288.1875,4733.75
1785218176.7619894,9,291.515625,4504.25
1785218176.7619894,14,293.15625,4420.5
1785218176.7619894,8,294.796875,4386.0
1785218176.7619894,15,341.265625,276.25
1785218176.7619894,15,343.625,275.5
1785218176.7619894,15,344.296875,275.5
1785218176.7619894,15,346.140625,275.0
1785218176.7619894,15,348.546875,275.0
1785218176.7619894,15,349.21875,275.5
1785218176.7619894,15,351.078125,275.75
1785218176.7619894,15,353.1875,276.5
1785218176.7619894,15,354.109375,276.75
1785218176.8729417,15,356.375,277.0
1785218176.8729417,15,358.203125,277.25
1785218176.8729417,15,0.0625,277.5
1785218176.8729417,15,1.6875,278.0
1785218176.8729417,15,2.5625,278.75
1785218176.8729417,15,4.078125,279.5
1785218176.8729417,15,5.875,280.5
1785218176.8729417,15,8.03125,281.5
1785218176.8729417,15,9.328125,282.75
1785218176.8729417,15,10.96875,284.25
1785218176.8729417,15,12.640625,286.0
1785218176.8729417,15,13.71875,287.75
1785218176.8729417,15,15.421875,290.25
1785218176.8729417,15,17.15625,293.0
1785218176.8729417,15,18.609375,296.75
1785218176.8729417,15,171.078125,1348.0
1785218176.8729417,15,172.75,1341.75
1785218176.8729417,15,174.40625,1337.0
1785218176.8729417,15,176.03125,1333.5
1785218176.8729417,15,177.65625,1331.5
1785218176.8729417,15,179.28125,1329.5
1785218176.8729417,15,181.0,1328.75
1785218176.8729417,15,182.578125,1327.0
1785218176.8729417,15,185.84375,1405.0
1785218176.8729417,15,189.1875,1353.75
1785218176.8729417,11,203.03125,12205.75
1785218176.8729417,9,204.6875,12294.75
1785218176.8729417,9,206.328125,12316.0
1785218176.8729417,9,232.640625,10119.75
1785218176.8729417,8,234.28125,10023.75
1785218176.8729417,8,237.578125,9859.5
1785218176.8729417,7,239.234375,9628.5
1785218176.8729417,7,244.171875,8971.25
1785218176.8729417,13,245.8125,8843.5
1785218176.8729417,11,285.328125,4853.75
1785218176.8729417,12,287.0,4785.0
1785218176.8729417,10,288.640625,4721.25
1785218176.8729417,11,293.578125,4419.25
1785218176.8729417,12,295.21875,4383.0
1785218176.8729417,15,310.15625,404.75
1785218176.8729417,15,341.515625,276.75
1785218176.8729417,15,343.484375,275.5
1785218176.8729417,15,345.171875,275.25
1785218176.8729417,15,346.390625,275.25
1785218176.8729417,15,348.28125,275.5
1785218176.8729417,15,350.140625,276.0
1785218176.8729417,15,351.4375,276.25
1785218176.8729417,15,353.546875,276.5
1785218176.8729417,15,354.578125,276.75
1785218177.0964735,15,357.375,277.25
1785218177.0964735,15,358.515625,277.5
1785218177.0964735,15,359.609375,278.0
1785218177.0964735,15,2.0,278.75
1785218177.0964735,15,3.515625,279.0
1785218177.0964735,15,5.203125,279.75
1785218177.0964735,15,6.234375,281.0
1785218177.0964735,15,8.46875,282.25
1785218177.0964735,15,9.484375,283.5
1785218177.0964735,15,11.65625,285.0
1785218177.0964735,15,12.875,286.75
1785218177.0964735,15,14.40625,289.0
1785218177.0964735,15,16.59375,291.5
1785218177.0964735,15,18.0,294.0
1785218177.0964735,15,169.875,1365.5
1785218177.0964735,15,171.484375,1345.5
1785218177.0964735,15,173.15625,1339.75
1785218177.0964735,15,176.46875,1334.75
1785218177.0964735,15,178.0625,1330.75
1785218177.0964735,15,179.734375,1329.5
1785218177.0964735,15,181.421875,1329.5
1785218177.0964735,15,183.09375,1327.5
1785218177.0964735,15,186.265625,1413.0
1785218177.0964735,15,189.59375,1361.75
1785218177.0964735,10,206.78125,12323.0
1785218177.0964735,8,231.453125,10136.25
1785218177.0964735,12,233.09375,10081.5
1785218177.0964735,11,236.375,9902.25
1785218177.0964735,7,239.671875,9774.25
1785218177.0964735,10,247.890625,8839.5
1785218177.0964735,13,249.546875,8755.5
1785218177.0964735,13,251.1875,8648.0
1785218177.0964735,9,256.09375,8611.25
1785218177.0964735,10,285.796875,4841.5
1785218177.0964735,12,287.4375,4764.5
1785218177.0964735,9,289.09375,4712.5
1785218177.0964735,8,292.390625,4469.5
1785218177.0964735,10,294.046875,4404.0
1785218177.0964735,8,295.6875,4352.25
1785218177.0964735,15,342.40625,276.0
1785218177.0964735,15,343.46875,275.5
1785218177.0964735,15,345.1875,275.5
1785218177.0964735,15,346.59375,275.25
1785218177.0964735,15,348.359375,275.5
1785218177.0964735,15,350.828125,276.0
1785218177.0964735,15,352.46875,276.25
1785218177.0964735,15,354.25,276.5
1785218177.0964735,15,355.953125,276.75
1785218177.2101488,15,356.5,277.25
1785218177.2101488,15,358.984375,277.5
1785218177.2101488,15,0.859375,278.0
1785218177.2101488,15,2.375,278.75
1785218177.2101488,15,3.859375,279.25
1785218177.2101488,15,4.90625,280.0
1785218177.2101488,15,6.578125,281.25
1785218177.2101488,15,8.25,282.25
1785218177.2101488,15,10.203125,283.75
1785218177.2101488,15,11.9375,285.25
1785218177.2101488,15,12.8125,287.0
1785218177.2101488,15,15.3125,289.25
1785218177.2101488,15,16.140625,291.75
1785218177.2101488,15,18.296875,294.25
1785218177.2101488,15,170.015625,1361.5
1785218177.2101488,15,171.6875,1344.75
1785218177.2101488,15,173.34375,1339.75
1785218177.2101488,15,176.640625,1335.0
1785218177.2101488,15,178.296875,1331.5
1785218177.2101488,15,180.0,1330.25
1785218177.2101488,15,181.625,1329.75
1785218177.2101488,15,183.28125,1327.25
1785218177.2101488,15,188.21875,1347.0
1785218177.2101488,15,189.796875,1363.25
1785218177.2101488,10,203.671875,12079.5
1785218177.2101488,11,206.96875,12253.0
1785218177.2101488,15,226.71875,10250.5
1785218177.2101488,7,238.21875,9768.75
1785218177.2101488,14,248.109375,8801.75
1785218177.2101488,15,249.75,8735.5
1785218177.2101488,12,251.4375,8625.75
1785218177.2101488,13,286.0625,4830.25
1785218177.2101488,12,287.71875,4749.25
1785218177.2101488,9,289.390625,4686.25
1785218177.2101488,8,292.65625,4449.0
1785218177.2101488,12,294.3125,4397.25
1785218177.2101488,12,295.953125,4350.0
1785218177.2101488,12,316.5,344.25
1785218177.2101488,11,318.015625,336.5
1785218177.2101488,15,342.140625,275.75
1785218177.2101488,15,344.453125,275.5
1785218177.2101488,15,346.125,275.25
1785218177.2101488,15,347.453125,275.25
1785218177.2101488,15,348.8125,275.75
1785218177.2101488,15,351.203125,276.0
1785218177.2101488,15,352.015625,276.25
1785218177.2101488,15,353.734375,276.5
1785218177.4335725,15,356.3125,276.75
1785218177.4335725,15,357.484375,277.0
1785218177.4335725,15,359.125,277.5
1785218177.4335725,15,1.296875,278.25
1785218177.4335725,15,2.0625,279.0
1785218177.4335725,15,3.84375,279.5
1785218177.4335725,15,5.4375,280.5
1785218177.4335725,15,7.65625,281.5
1785218177.4335725,15,8.625,282.75
1785218177.4335725,15,10.171875,284.25
1785218177.4335725,15,12.578125,285.75
1785218177.4335725,15,14.015625,287.75
1785218177.4335725,15,15.359375,290.25
1785218177.4335725,15,16.5,292.5
1785218177.4335725,15,18.109375,295.25
1785218177.4335725,15,170.578125,1349.75
1785218177.4335725,15,172.25,1341.5
1785218177.4335725,15,173.890625,1336.75
1785218177.4335725,15,175.5,1333.5
1785218177.4335725,15,177.171875,1331.75
1785218177.4335725,15,178.84375,1330.75
1785218177.4335725,15,180.453125,1330.0
1785218177.4335725,15,182.0625,1328.75
1785218177.4335725,15,183.75,1344.0
1785218177.4335725,15,185.296875,1381.5
1785218177.4335725,15,188.6875,1347.25
1785218177.4335725,15,202.453125,12204.0
1785218177.4335725,15,204.078125,12228.25
1785218177.4335725,9,207.375,12294.5
1785218177.4335725,12,230.421875,9885.0
1785218177.4335725,8,233.71875,9957.75
1785218177.4335725,7,235.359375,9854.5
1785218177.4335725,8,237.0,9802.25
1785218177.4335725,14,248.515625,8772.0
1785218177.4335725,11,250.171875,8712.25
1785218177.4335725,11,251.828125,8628.25
1785218177.4335725,12,284.796875,4934.25
1785218177.4335725,15,286.421875,4812.5
1785218177.4335725,10,288.078125,4735.0
1785218177.4335725,13,289.71875,4641.5
1785218177.4335725,9,291.375,4511.75
1785218177.4335725,15,293.015625,4428.0
1785218177.4335725,10,294.65625,4393.5
1785218177.4335725,8,296.3125,4371.0
1785218177.4335725,15,333.96875,302.25
1785218177.4335725,15,341.703125,276.25
1785218177.4335725,15,343.09375,275.5
1785218177.4335725,15,344.9375,275.5
1785218177.4335725,15,346.453125,275.25
1785218177.4335725,15,347.59375,275.5
1785218177.4335725,15,349.421875,275.75
1785218177.4335725,15,351.15625,275.75
1785218177.4335725,15,352.921875,276.25
1785218177.4335725,15,354.234375,276.5
1785218177.544111,15,355.65625,277.0
1785218177.544111,15,357.484375,277.5
1785218177.544111,15,359.890625,277.75
1785218177.544111,15,1.359375,278.25
1785218177.544111,15,2.265625,279.0
1785218177.544111,15,4.546875,279.5
1785218177.544111,15,6.015625,280.5
1785218177.544111,15,7.421875,281.5
1785218177.544111,15,8.734375,283.0
1785218177.544111,15,11.140625,284.5
1785218177.544111,15,12.828125,286.0
1785218177.544111,15,13.546875,288.0
1785218177.544111,15,15.625,290.25
1785218177.544111,15,17.109375,292.75
1785218177.544111,15,19.09375,295.5
1785218177.544111,15,170.734375,1349.5
1785218177.544111,15,172.421875,1341.75
1785218177.544111,15,174.0625,1337.0
1785218177.544111,15,175.6875,1334.0
1785218177.544111,15,177.359375,1332.25
1785218177.544111,15,178.953125,1330.75
1785218177.544111,15,180.5625,1329.5
1785218177.544111,15,182.1875,1328.25
1785218177.544111,15,185.390625,1390.25
1785218177.544111,15,188.78125,1349.0
1785218177.544111,14,202.625,12245.75
1785218177.544111,11,204.265625,12254.25
1785218177.544111,10,230.59375,9929.0
1785218177.544111,9,233.875,9984.25
1785218177.544111,11,235.546875,9862.75
1785218177.544111,8,237.1875,9801.75
1785218177.544111,8,242.125,9117.0
1785218177.544111,9,243.765625,9012.25
1785218177.544111,12,247.0625,8835.25
1785218177.544111,13,248.6875,8730.0
1785218177.544111,13,250.328125,8701.25
1785218177.544111,15,251.953125,8671.25
1785218177.544111,9,284.890625,4896.75
1785218177.544111,13,286.53125,4805.25
1785218177.544111,14,288.171875,4735.0
1785218177.544111,11,289.828125,4641.5
1785218177.544111,9,291.46875,4512.75
1785218177.544111,13,293.09375,4422.75
1785218177.544111,9,294.75,4388.0
1785218177.544111,7,296.390625,4368.75
1785218177.544111,15,340.90625,276.25
1785218177.544111,15,342.640625,275.5
1785218177.544111,15,345.046875,275.5
1785218177.544111,15,346.015625,275.0
1785218177.544111,15,347.5625,275.25
1785218177.544111,15,349.375,275.5
1785218177.544111,15,351.71875,275.75
1785218177.544111,15,353.375,276.5
1785218177.544111,15,354.4375,276.75
1785218177.7699294,15,356.15625,277.0
1785218177.7699294,15,358.53125,277.5
1785218177.7699294,15,359.859375,278.0
1785218177.7699294,15,1.09375,278.5
1785218177.7699294,15,2.71875,278.75
1785218177.7699294,15,5.171875,279.5
1785218177.7699294,15,5.921875,280.75
1785218177.7699294,15,8.046875,282.0
1785218177.7699294,15,9.859375,283.25
1785218177.7699294,15,11.25,284.75
1785218177.7699294,15,12.28125,286.5
1785218177.7699294,15,14.078125,288.5
1785218177.7699294,15,16.109375,290.75
1785218177.7699294,15,17.125,293.5
1785218177.7699294,15,171.21875,1347.0
1785218177.7699294,15,172.890625,1341.75
1785218177.7699294,15,174.546875,1336.5
1785218177.7699294,15,176.125,1333.75
1785218177.7699294,15,177.765625,1332.25
1785218177.7699294,15,179.5,1330.0
1785218177.7699294,15,181.109375,1329.75
1785218177.7699294,15,182.78125,1328.0
1785218177.7699294,15,185.96875,1408.25
1785218177.7699294,15,189.34375,1355.75
1785218177.7699294,9,206.484375,12212.25
1785218177.7699294,14,229.5,9859.25
1785218177.7699294,7,232.796875,10130.5
1785218177.7699294,8,234.4375,9993.0
1785218177.7699294,10,236.078125,9876.0
1785218177.7699294,9,237.734375,9795.5
1785218177.7699294,8,239.390625,9644.25
1785218177.7699294,11,285.5625,4848.25
1785218177.7699294,12,287.1875,4775.0
1785218177.7699294,11,288.859375,4717.25
1785218177.7699294,12,293.796875,4416.75
1785218177.7699294,11,295.4375,4372.0
1785218177.7699294,15,329.84375,291.25
1785218177.7699294,15,341.59375,276.5
1785218177.7699294,15,344.171875,275.5
1785218177.7699294,15,344.828125,275.25
1785218177.7699294,15,346.578125,275.5
1785218177.7699294,15,348.0625,275.75
1785218177.7699294,15,350.90625,276.0
1785218177.7699294,15,351.796875,276.25
1785218177.7699294,15,353.421875,276.5
1785218177.7699294,15,354.609375,276.75
1785218177.8817503,15,356.46875,277.25
1785218177.8817503,15,358.5625,277.5
1785218177.8817503,15,359.640625,278.0
1785218177.8817503,15,2.203125,278.75
1785218177.8817503,15,2.8125,279.0
1785218177.8817503,15,4.671875,279.75
1785218177.8817503,15,6.1875,280.75
1785218177.8817503,15,8.1875,282.0
1785218177.8817503,15,10.296875,283.5
1785218177.8817503,15,11.734375,285.0
1785218177.8817503,15,12.765625,286.75
1785218177.8817503,15,14.359375,289.0
1785218177.8817503,15,16.234375,291.5
1785218177.8817503,15,17.375,294.0
1785218177.8817503,15,169.859375,1362.75
1785218177.8817503,15,171.59375,1345.5
1785218177.8817503,15,173.15625,1340.0
1785218177.8817503,15,176.46875,1335.0
1785218177.8817503,15,178.140625,1331.0
1785218177.8817503,15,179.796875,1329.75
1785218177.8817503,15,181.4375,1329.25
1785218177.8817503,15,183.078125,1327.5
1785218177.8817503,15,186.34375,1404.5
1785218177.8817503,15,189.671875,1361.75
1785218177.8817503,12,206.765625,12319.5
1785218177.8817503,9,228.125,9962.75
1785218177.8817503,7,229.78125,9853.75
1785218177.8817503,7,236.328125,9846.75
1785218177.8817503,10,247.84375,8788.25
1785218177.8817503,14,249.484375,8760.5
1785218177.8817503,14,251.1875,8643.0
1785218177.8817503,8,256.109375,8606.0
1785218177.8817503,12,285.84375,4839.0
1785218177.8817503,13,287.484375,4763.25
1785218177.8817503,9,289.140625,4707.0
1785218177.8817503,11,292.453125,4460.0
1785218177.8817503,9,294.09375,4403.5
1785218177.8817503,9,295.734375,4351.75
1785218177.8817503,15,342.234375,276.25
1785218177.8817503,15,344.53125,275.5
1785218177.8817503,15,345.765625,275.5
1785218177.8817503,15,347.90625,275.25
1785218177.8817503,15,348.46875,275.5
1785218177.8817503,15,350.65625,276.0
1785218177.8817503,15,352.5,276.25
1785218177.8817503,15,354.3125,276.5
1785218177.8817503,15,355.59375,276.75
1785218177.9939609,15,356.9375,277.25
1785218177.9939609,15,359.1875,277.5
1785218177.9939609,15,0.765625,278.0
1785218177.9939609,15,2.53125,278.75
1785218177.9939609,15,3.671875,279.25
1785218177.9939609,15,5.546875,280.25
1785218177.9939609,15,6.40625,281.25
1785218177.9939609,15,7.984375,282.25
1785218177.9939609,15,10.53125,283.75
1785218177.9939609,15,11.28125,285.25
1785218177.9939609,15,13.625,287.0
1785218177.9939609,15,15.21875,289.5
1785218177.9939609,15,16.65625,292.0
1785218177.9939609,15,17.78125,294.5
1785218177.9939609,15,170.15625,1360.25
1785218177.9939609,15,171.84375,1344.5
1785218177.9939609,15,173.421875,1339.5
1785218177.9939609,15,176.796875,1334.75
1785218177.9939609,15,178.453125,1332.0
1785218177.9939609,15,180.015625,1330.5
1785218177.9939609,15,181.6875,1329.5
1785218177.9939609,15,183.3125,1329.5
1785218177.9939609,15,188.234375,1342.5
1785218177.9939609,15,189.90625,1364.0
1785218177.9939609,11,206.984375,12325.5
1785218177.9939609,15,226.71875,10247.5
1785218177.9939609,8,234.921875,9936.0
1785218177.9939609,11,236.5625,9817.0
1785218177.9939609,7,238.203125,9683.75
1785218177.9939609,15,248.078125,8802.5
1785218177.9939609,15,249.703125,8743.25
1785218177.9939609,10,251.40625,8634.5
1785218177.9939609,12,286.0,4835.0
1785218177.9939609,14,287.640625,4758.25
1785218177.9939609,8,289.28125,4705.5
1785218177.9939609,13,295.875,4350.5
1785218177.9939609,11,316.140625,343.5
1785218177.9939609,12,318.03125,336.5
1785218177.9939609,15,343.03125,275.75
1785218177.9939609,15,344.203125,275.5
1785218177.9939609,15,345.828125,275.25
1785218177.9939609,15,346.921875,275.25
1785218177.9939609,15,348.640625,275.5
1785218177.9939609,15,350.734375,275.75
1785218177.9939609,15,352.078125,276.25
1785218177.9939609,15,353.484375,276.5
1785218178.216119,15,355.4375,276.5
1785218178.216119,15,357.796875,277.0
1785218178.216119,15,358.71875,277.5
1785218178.216119,15,1.109375,278.25
1785218178.216119,15,2.09375,278.75
1785218178.216119,15,3.828125,279.5
1785218178.216119,15,5.5,280.5
1785218178.216119,15,7.65625,281.5
1785218178.216119,15,9.28125,282.75
1785218178.216119,15,10.15625,284.25
1785218178.216119,15,12.046875,285.75
1785218178.216119,15,14.03125,287.5
1785218178.216119,15,15.6875,290.0
1785218178.216119,15,16.59375,292.5
1785218178.216119,15,18.703125,295.0
1785218178.216119,15,170.703125,1349.5
1785218178.216119,15,172.359375,1342.0
1785218178.216119,15,174.09375,1337.25
1785218178.216119,15,175.6875,1334.25
1785218178.216119,15,177.34375,1332.25
1785218178.216119,15,178.96875,1330.5
1785218178.216119,15,180.65625,1329.5
1785218178.216119,15,182.265625,1326.75
1785218178.216119,15,185.578125,1393.5
1785218178.216119,15,188.8125,1349.0
1785218178.216119,14,202.6875,12254.5
1785218178.216119,8,204.34375,12258.25
1785218178.216119,10,230.703125,9925.25
1785218178.216119,12,234.0,9979.5
1785218178.216119,10,235.640625,9858.25
1785218178.216119,9,243.875,9048.25
1785218178.216119,10,245.53125,8910.0
1785218178.216119,11,247.171875,8787.0
1785218178.216119,11,248.828125,8722.5
1785218178.216119,11,250.453125,8642.75
1785218178.216119,13,252.09375,8618.5
1785218178.216119,10,285.03125,4888.75
1785218178.216119,15,286.671875,4793.25
1785218178.216119,14,288.3125,4725.5
1785218178.216119,8,291.625,4504.5
1785218178.216119,13,293.25,4420.75
1785218178.216119,9,294.890625,4383.25
1785218178.216119,15,341.765625,276.25
1785218178.216119,15,343.734375,275.5
1785218178.216119,15,344.828125,275.25
1785218178.216119,15,346.234375,274.75
1785218178.216119,15,348.65625,275.25
1785218178.216119,15,349.40625,275.5
1785218178.216119,15,351.015625,275.75
1785218178.216119,15,352.8125,276.5
1785218178.216119,15,354.84375,276.75
1785218178.4413345,15,356.03125,276.75
1785218178.4413345,15,357.421875,277.0
1785218178.4413345,15,359.328125,277.5
1785218178.4413345,15,0.84375,278.0
1785218178.4413345,15,2.65625,278.75
1785218178.4413345,15,4.171875,279.5
1785218178.4413345,15,5.78125,280.5
1785218178.4413345,15,7.8125,281.5
1785218178.4413345,15,9.03125,282.75
1785218178.4413345,15,11.4375,284.25
1785218178.4413345,15,12.3125,286.0
1785218178.4413345,15,14.3125,287.75
1785218178.4413345,15,15.953125,290.25
1785218178.4413345,15,17.171875,293.0
1785218178.4413345,15,18.78125,297.0
1785218178.4413345,15,170.78125,1347.5
1785218178.4413345,15,172.421875,1342.0
1785218178.4413345,15,174.125,1337.25
1785218178.4413345,15,175.734375,1334.25
1785218178.4413345,15,177.375,1332.25
1785218178.4413345,15,179.0625,1329.75
1785218178.4413345,15,180.625,1328.75
1785218178.4413345,15,182.328125,1326.75
1785218178.4413345,15,185.5625,1393.75
1785218178.4413345,15,188.796875,1349.0
1785218178.4413345,15,202.734375,12217.5
1785218178.4413345,9,204.375,12217.0
1785218178.4413345,12,230.703125,9918.25
1785218178.4413345,7,233.984375,9971.0
1785218178.4413345,9,237.28125,9828.5
1785218178.4413345,10,243.875,9054.75
1785218178.4413345,13,245.5,8909.0
1785218178.4413345,13,247.15625,8781.25
1785218178.4413345,11,248.796875,8718.5
1785218178.4413345,13,250.453125,8638.75
1785218178.4413345,11,252.09375,8619.0
1785218178.4413345,10,285.046875,4894.25
1785218178.4413345,15,286.6875,4795.0
1785218178.4413345,12,288.328125,4728.0
1785218178.4413345,15,293.296875,4420.25
1785218178.4413345,12,294.90625,4389.75
1785218178.4413345,15,342.078125,276.25
1785218178.4413345,15,343.625,275.5
1785218178.4413345,15,344.296875,275.25
1785218178.4413345,15,346.171875,274.75
1785218178.4413345,15,348.5,275.25
1785218178.4413345,15,349.78125,275.5
1785218178.4413345,15,352.015625,275.75
1785218178.4413345,15,353.109375,276.5
1785218178.4413345,15,354.5625,276.75
1785218178.553989,15,356.546875,277.0
1785218178.553989,15,358.265625,277.25
1785218178.553989,15,0.125,277.5
1785218178.553989,15,1.515625,278.0
1785218178.553989,15,2.71875,278.75
1785218178.553989,15,3.90625,279.5
1785218178.553989,15,5.6875,280.5
1785218178.553989,15,7.375,281.5
1785218178.553989,15,9.0,282.75
1785218178.553989,15,10.953125,284.25
1785218178.553989,15,12.3125,286.0
1785218178.553989,15,14.09375,287.75
1785218178.553989,15,15.75,290.25
1785218178.553989,15,17.140625,293.0
1785218178.553989,15,18.640625,297.0
1785218178.553989,15,170.8125,1347.75
1785218178.553989,15,172.453125,1342.25
1785218178.553989,15,174.109375,1337.5
1785218178.553989,15,175.765625,1334.0
1785218178.553989,15,177.390625,1332.25
1785218178.553989,15,179.125,1330.25
1785218178.553989,15,180.703125,1329.0
1785218178.553989,15,182.421875,1326.75
1785218178.553989,15,185.640625,1394.5
1785218178.553989,15,188.96875,1351.5
1785218178.553989,13,202.765625,12240.0
1785218178.553989,8,204.421875,12233.75
1785218178.553989,11,230.703125,9911.5
1785218178.553989,7,237.28125,9911.25
1785218178.553989,12,245.5,8907.25
1785218178.553989,12,247.140625,8781.0
1785218178.553989,12,248.78125,8719.25
1785218178.553989,13,250.453125,8636.0
1785218178.553989,12,252.078125,8618.75
1785218178.553989,11,285.0625,4895.75
1785218178.553989,13,286.734375,4791.75
1785218178.553989,10,288.375,4726.5
1785218178.553989,13,293.328125,4419.25
1785218178.553989,11,294.96875,4387.0
1785218178.553989,15,341.921875,276.25
1785218178.553989,15,343.390625,275.5
1785218178.553989,15,344.3125,275.25
1785218178.553989,15,346.140625,274.75
1785218178.553989,15,347.671875,275.25
1785218178.553989,15,349.5,275.5
1785218178.553989,15,351.03125,275.75
1785218178.553989,15,353.171875,276.5
1785218178.553989,15,354.671875,276.75
1785218178.6656342,15,356.875,276.75
1785218178.6656342,15,357.9375,277.0
1785218178.6656342,15,359.34375,277.5
1785218178.6656342,15,0.734375,278.0
1785218178.6656342,15,2.359375,278.75
1785218178.6656342,15,4.09375,279.5
1785218178.6656342,15,5.90625,280.5
1785218178.6656342,15,7.828125,281.5
1785218178.6656342,15,8.953125,282.75
1785218178.6656342,15,10.8125,284.25
1785218178.6656342,15,12.5625,286.0
1785218178.6656342,15,14.578125,287.75
1785218178.6656342,15,15.75,290.25
1785218178.6656342,15,16.984375,293.0
1785218178.6656342,15,18.65625,297.75
1785218178.6656342,15,170.734375,1347.5
1785218178.6656342,15,172.421875,1342.25
1785218178.6656342,15,174.078125,1337.5
1785218178.6656342,15,175.671875,1334.25
1785218178.6656342,15,177.359375,1332.25
1785218178.6656342,15,179.0,1330.25
1785218178.6656342,15,180.671875,1329.5
1785218178.6656342,15,182.375,1327.0
1785218178.6656342,15,185.609375,1394.25
1785218178.6656342,15,188.9375,1350.5
1785218178.6656342,15,202.734375,12242.75
1785218178.6656342,9,204.375,12172.5
1785218178.6656342,9,230.65625,9913.25
1785218178.6656342,11,232.296875,10029.5
1785218178.6656342,7,233.9375,9961.75
1785218178.6656342,7,235.578125,9868.5
1785218178.6656342,7,237.234375,9802.5
1785218178.6656342,9,243.796875,9008.5
1785218178.6656342,8,245.4375,8853.5
1785218178.6656342,12,247.078125,8789.5
1785218178.6656342,12,248.71875,8724.0
1785218178.6656342,12,250.390625,8636.75
1785218178.6656342,13,252.03125,8618.0
1785218178.6656342,12,285.03125,4896.5
1785218178.6656342,15,286.671875,4790.5
1785218178.6656342,14,288.328125,4726.75
1785218178.6656342,8,291.625,4500.75
1785218178.6656342,13,293.265625,4418.0
1785218178.6656342,7,294.9375,4385.25
1785218178.6656342,15,341.1875,276.25
1785218178.6656342,15,343.515625,275.5
1785218178.6656342,15,345.21875,275.25
1785218178.6656342,15,346.53125,274.75
1785218178.6656342,15,348.671875,275.25
1785218178.6656342,15,349.1875,275.5
1785218178.6656342,15,350.96875,275.75
1785218178.6656342,15,353.453125,276.5
1785218178.6656342,15,354.90625,276.75
