timestamp,elapsed_s,scan_index,quality,angle_deg,distance_mm
1785217971.966873884,0.020143,0,15,352.031250,3812.250
1785217971.966873884,0.020143,0,15,353.671875,3885.750
1785217971.966873884,0.020143,0,15,355.312500,3929.500
1785217971.966873884,0.020143,0,13,356.968750,3966.000
1785217971.966873884,0.020143,0,13,358.625000,3998.250
1785217971.966873884,0.020143,0,11,0.250000,4031.250
1785217971.966873884,0.020143,0,15,1.890625,4068.250
1785217971.966873884,0.020143,0,15,3.531250,4108.500
1785217971.966873884,0.020143,0,15,5.203125,4136.000
1785217971.966873884,0.020143,0,12,6.812500,4183.000
1785217971.966873884,0.020143,0,13,8.484375,4266.750
1785217971.966873884,0.020143,0,15,10.109375,4363.750
1785217971.966873884,0.020143,0,11,11.734375,4432.250
1785217971.966873884,0.020143,0,15,199.062500,10140.000
1785217971.966873884,0.020143,0,15,200.718750,10275.250
1785217971.966873884,0.020143,0,15,223.906250,5155.750
1785217971.966873884,0.020143,0,15,225.546875,5010.500
1785217971.966873884,0.020143,0,15,227.156250,4877.000
1785217971.966873884,0.020143,0,15,228.796875,4758.500
1785217971.966873884,0.020143,0,15,233.875000,3440.500
1785217971.966873884,0.020143,0,13,235.500000,3423.250
1785217971.966873884,0.020143,0,15,238.718750,3939.750
1785217971.966873884,0.020143,0,15,240.375000,3870.250
1785217971.966873884,0.020143,0,15,242.046875,3799.750
1785217971.966873884,0.020143,0,15,243.687500,3742.750
1785217971.966873884,0.020143,0,15,245.312500,3679.000
1785217971.966873884,0.020143,0,15,246.953125,3613.500
1785217971.966873884,0.020143,0,15,248.625000,3575.500
1785217971.966873884,0.020143,0,15,250.265625,3539.750
1785217971.966873884,0.020143,0,15,251.906250,3496.250
1785217971.966873884,0.020143,0,15,253.546875,3506.500
1785217971.966873884,0.020143,0,15,255.187500,3549.500
1785217971.966873884,0.020143,0,15,256.812500,3551.000
1785217971.966873884,0.020143,0,15,260.093750,3772.750
1785217971.966873884,0.020143,0,15,261.718750,3802.750
1785217971.966873884,0.020143,0,15,263.359375,3796.000
1785217971.966873884,0.020143,0,15,265.015625,3793.750
1785217971.966873884,0.020143,0,15,266.656250,3784.250
1785217971.966873884,0.020143,0,15,268.281250,3779.750
1785217971.966873884,0.020143,0,15,269.937500,3782.000
1785217971.966873884,0.020143,0,15,271.578125,3778.250
1785217971.966873884,0.020143,0,15,273.218750,3776.500
1785217971.966873884,0.020143,0,15,274.890625,3782.000
1785217971.966873884,0.020143,0,15,276.546875,3781.000
1785217971.966873884,0.020143,0,15,278.187500,3782.250
1785217971.966873884,0.020143,0,15,279.796875,3792.250
1785217971.966873884,0.020143,0,15,281.453125,3800.000
1785217971.966873884,0.020143,0,15,283.093750,3817.000
1785217971.966873884,0.020143,0,15,284.734375,3846.000
1785217971.966873884,0.020143,0,15,286.375000,3874.750
1785217971.966873884,0.020143,0,15,288.015625,3905.500
1785217971.966873884,0.020143,0,15,291.343750,3697.000
1785217971.966873884,0.020143,0,15,296.281250,3345.750
1785217971.966873884,0.020143,0,15,297.937500,3383.250
1785217971.966873884,0.020143,0,15,299.671875,3428.750
1785217971.966873884,0.020143,0,15,301.312500,3490.750
1785217971.966873884,0.020143,0,15,302.968750,3562.500
1785217971.966873884,0.020143,0,15,304.609375,3634.250
1785217971.966873884,0.020143,0,15,306.265625,3695.250
1785217971.966873884,0.020143,0,12,314.500000,3715.250
1785217971.966873884,0.020143,0,10,316.171875,3698.250
1785217971.966873884,0.020143,0,13,317.828125,3673.500
1785217971.966873884,0.020143,0,15,319.468750,3649.750
1785217971.966873884,0.020143,0,14,321.109375,3631.500
1785217971.966873884,0.020143,0,11,322.765625,3608.000
1785217971.966873884,0.020143,0,10,324.406250,3597.750
1785217971.966873884,0.020143,0,9,326.046875,3596.500
1785217971.966873884,0.020143,0,7,327.718750,3577.500
1785217971.966873884,0.020143,0,8,329.343750,3566.000
1785217971.966873884,0.020143,0,8,331.000000,3563.000
1785217971.966873884,0.020143,0,8,332.640625,3566.500
1785217971.966873884,0.020143,0,9,334.296875,3573.000
1785217971.966873884,0.020143,0,9,335.937500,3578.250
1785217971.966873884,0.020143,0,11,337.593750,3584.000
1785217971.966873884,0.020143,0,9,339.250000,3575.250
1785217971.966873884,0.020143,0,15,340.890625,3593.500
1785217971.966873884,0.020143,0,15,342.546875,3624.750
1785217971.966873884,0.020143,0,12,344.203125,3623.500
1785217971.966873884,0.020143,0,15,345.828125,3609.250
1785217971.966873884,0.020143,0,15,347.468750,3598.250
1785217971.966873884,0.020143,0,15,349.109375,3593.250
1785217972.079638004,0.198229,1,15,352.406250,3836.500
1785217972.079638004,0.198229,1,15,354.031250,3886.250
1785217972.079638004,0.198229,1,15,355.687500,3947.000
1785217972.079638004,0.198229,1,9,357.312500,3984.750
1785217972.079638004,0.198229,1,15,358.984375,4010.000
1785217972.079638004,0.198229,1,12,0.609375,4045.250
1785217972.079638004,0.198229,1,13,2.265625,4074.250
1785217972.079638004,0.198229,1,15,3.906250,4113.750
1785217972.079638004,0.198229,1,15,5.546875,4145.750
1785217972.079638004,0.198229,1,14,7.203125,4197.500
1785217972.079638004,0.198229,1,15,8.828125,4287.250
1785217972.079638004,0.198229,1,12,10.421875,4380.000
1785217972.079638004,0.198229,1,15,12.078125,4458.750
1785217972.079638004,0.198229,1,13,199.406250,10195.750
1785217972.079638004,0.198229,1,15,217.578125,5952.750
1785217972.079638004,0.198229,1,15,222.546875,5315.750
1785217972.079638004,0.198229,1,15,225.843750,5002.750
1785217972.079638004,0.198229,1,15,229.109375,4734.250
1785217972.079638004,0.198229,1,15,234.140625,3436.000
1785217972.079638004,0.198229,1,15,239.031250,3917.000
1785217972.079638004,0.198229,1,15,240.687500,3855.750
1785217972.079638004,0.198229,1,15,242.312500,3794.500
1785217972.079638004,0.198229,1,15,243.984375,3736.750
1785217972.079638004,0.198229,1,15,245.625000,3689.500
1785217972.079638004,0.198229,1,15,247.265625,3627.250
1785217972.079638004,0.198229,1,15,248.906250,3568.000
1785217972.079638004,0.198229,1,15,250.578125,3526.250
1785217972.079638004,0.198229,1,15,252.218750,3477.500
1785217972.079638004,0.198229,1,15,255.484375,3561.750
1785217972.079638004,0.198229,1,15,257.156250,3545.500
1785217972.079638004,0.198229,1,15,260.406250,3787.750
1785217972.079638004,0.198229,1,15,262.031250,3800.000
1785217972.079638004,0.198229,1,15,263.671875,3797.250
1785217972.079638004,0.198229,1,15,265.312500,3795.000
1785217972.079638004,0.198229,1,15,266.968750,3784.000
1785217972.079638004,0.198229,1,15,268.593750,3778.500
1785217972.079638004,0.198229,1,15,270.250000,3769.750
1785217972.079638004,0.198229,1,15,271.906250,3761.750
1785217972.079638004,0.198229,1,15,273.531250,3769.750
1785217972.079638004,0.198229,1,15,275.171875,3779.000
1785217972.079638004,0.198229,1,15,276.828125,3777.000
1785217972.079638004,0.198229,1,15,278.468750,3783.750
1785217972.079638004,0.198229,1,15,280.109375,3793.500
1785217972.079638004,0.198229,1,15,281.750000,3807.750
1785217972.079638004,0.198229,1,15,283.359375,3833.250
1785217972.079638004,0.198229,1,15,285.015625,3856.000
1785217972.079638004,0.198229,1,15,286.656250,3880.000
1785217972.079638004,0.198229,1,15,288.296875,3873.000
1785217972.079638004,0.198229,1,15,291.609375,3656.000
1785217972.079638004,0.198229,1,15,294.937500,3381.000
1785217972.079638004,0.198229,1,15,296.546875,3349.250
1785217972.079638004,0.198229,1,15,298.187500,3384.500
1785217972.079638004,0.198229,1,15,299.921875,3439.000
1785217972.079638004,0.198229,1,15,301.546875,3500.000
1785217972.079638004,0.198229,1,15,303.187500,3571.250
1785217972.079638004,0.198229,1,15,304.828125,3653.750
1785217972.079638004,0.198229,1,15,306.484375,3709.250
1785217972.079638004,0.198229,1,8,313.046875,3760.750
1785217972.079638004,0.198229,1,13,314.703125,3744.250
1785217972.079638004,0.198229,1,13,316.375000,3686.500
1785217972.079638004,0.198229,1,12,318.031250,3671.750
1785217972.079638004,0.198229,1,13,319.656250,3653.750
1785217972.079638004,0.198229,1,8,321.312500,3617.250
1785217972.079638004,0.198229,1,12,322.984375,3584.750
1785217972.079638004,0.198229,1,11,324.640625,3597.250
1785217972.079638004,0.198229,1,7,326.281250,3589.500
1785217972.079638004,0.198229,1,9,327.921875,3561.500
1785217972.079638004,0.198229,1,9,329.578125,3558.750
1785217972.079638004,0.198229,1,14,331.218750,3557.500
1785217972.079638004,0.198229,1,11,332.859375,3559.750
1785217972.079638004,0.198229,1,10,334.500000,3569.000
1785217972.079638004,0.198229,1,8,336.171875,3573.500
1785217972.079638004,0.198229,1,9,337.796875,3580.750
1785217972.079638004,0.198229,1,15,339.437500,3600.500
1785217972.079638004,0.198229,1,15,341.109375,3622.500
1785217972.079638004,0.198229,1,15,342.734375,3642.500
1785217972.079638004,0.198229,1,12,344.390625,3638.500
1785217972.079638004,0.198229,1,15,346.046875,3615.250
1785217972.079638004,0.198229,1,15,347.734375,3603.000
1785217972.079638004,0.198229,1,15,349.359375,3591.750
1785217972.189845085,0.276411,2,15,352.625000,3842.500
1785217972.189845085,0.276411,2,15,354.265625,3891.750
1785217972.189845085,0.276411,2,15,355.921875,3939.250
1785217972.189845085,0.276411,2,11,357.562500,3974.000
1785217972.189845085,0.276411,2,13,359.218750,4011.000
1785217972.189845085,0.276411,2,11,0.859375,4043.750
1785217972.189845085,0.276411,2,15,2.500000,4080.500
1785217972.189845085,0.276411,2,15,4.171875,4121.250
1785217972.189845085,0.276411,2,15,5.812500,4149.750
1785217972.189845085,0.276411,2,13,7.437500,4220.250
1785217972.189845085,0.276411,2,15,9.078125,4310.500
1785217972.189845085,0.276411,2,15,10.687500,4392.000
1785217972.189845085,0.276411,2,13,12.328125,4471.500
1785217972.189845085,0.276411,2,15,226.093750,4982.000
1785217972.189845085,0.276411,2,15,229.343750,4710.500
1785217972.189845085,0.276411,2,15,234.375000,3421.750
1785217972.189845085,0.276411,2,15,239.250000,3917.500
1785217972.189845085,0.276411,2,15,240.906250,3854.000
1785217972.189845085,0.276411,2,15,242.562500,3780.500
1785217972.189845085,0.276411,2,15,244.187500,3725.500
1785217972.189845085,0.276411,2,15,245.843750,3671.000
1785217972.189845085,0.276411,2,15,247.484375,3613.000
1785217972.189845085,0.276411,2,15,249.125000,3569.750
1785217972.189845085,0.276411,2,15,250.812500,3524.500
1785217972.189845085,0.276411,2,15,252.453125,3479.000
1785217972.189845085,0.276411,2,15,255.750000,3569.250
1785217972.189845085,0.276411,2,15,257.375000,3561.250
1785217972.189845085,0.276411,2,15,260.656250,3808.000
1785217972.189845085,0.276411,2,15,262.281250,3797.500
1785217972.189845085,0.276411,2,15,263.937500,3795.000
1785217972.189845085,0.276411,2,15,265.578125,3787.250
1785217972.189845085,0.276411,2,15,267.218750,3784.500
1785217972.189845085,0.276411,2,15,268.859375,3782.250
1785217972.189845085,0.276411,2,15,270.515625,3771.750
1785217972.189845085,0.276411,2,15,272.140625,3764.500
1785217972.189845085,0.276411,2,15,273.781250,3770.000
1785217972.189845085,0.276411,2,15,275.406250,3775.750
1785217972.189845085,0.276411,2,15,277.062500,3783.250
1785217972.189845085,0.276411,2,15,278.687500,3789.250
1785217972.189845085,0.276411,2,15,280.328125,3792.750
1785217972.189845085,0.276411,2,15,281.968750,3803.000
1785217972.189845085,0.276411,2,15,283.625000,3824.250
1785217972.189845085,0.276411,2,15,285.250000,3853.000
1785217972.189845085,0.276411,2,15,286.890625,3884.750
1785217972.189845085,0.276411,2,15,288.515625,3856.250
1785217972.189845085,0.276411,2,15,291.828125,3642.500
1785217972.189845085,0.276411,2,15,295.171875,3372.250
1785217972.189845085,0.276411,2,15,296.781250,3352.000
1785217972.189845085,0.276411,2,15,298.500000,3394.500
1785217972.189845085,0.276411,2,15,300.140625,3455.000
1785217972.189845085,0.276411,2,15,301.796875,3515.000
1785217972.189845085,0.276411,2,15,303.406250,3586.500
1785217972.189845085,0.276411,2,15,305.046875,3669.000
1785217972.189845085,0.276411,2,15,306.687500,3720.500
1785217972.189845085,0.276411,2,11,313.296875,3742.500
1785217972.189845085,0.276411,2,14,314.921875,3731.750
1785217972.189845085,0.276411,2,13,316.593750,3694.500
1785217972.189845085,0.276411,2,15,318.250000,3669.250
1785217972.189845085,0.276411,2,15,319.875000,3653.750
1785217972.189845085,0.276411,2,15,321.515625,3631.250
1785217972.189845085,0.276411,2,13,323.203125,3607.000
1785217972.189845085,0.276411,2,8,324.828125,3591.000
1785217972.189845085,0.276411,2,7,326.500000,3576.000
1785217972.189845085,0.276411,2,15,328.156250,3567.750
1785217972.189845085,0.276411,2,15,329.796875,3561.250
1785217972.189845085,0.276411,2,11,331.437500,3555.250
1785217972.189845085,0.276411,2,9,333.093750,3571.250
1785217972.189845085,0.276411,2,9,334.734375,3581.500
1785217972.189845085,0.276411,2,9,336.359375,3589.750
1785217972.189845085,0.276411,2,9,338.000000,3594.000
1785217972.189845085,0.276411,2,8,339.640625,3599.250
1785217972.189845085,0.276411,2,15,341.312500,3612.500
1785217972.189845085,0.276411,2,15,342.953125,3624.500
1785217972.189845085,0.276411,2,11,344.593750,3628.250
1785217972.189845085,0.276411,2,14,346.234375,3612.500
1785217972.189845085,0.276411,2,15,347.953125,3600.250
1785217972.189845085,0.276411,2,15,349.578125,3590.500
1785217972.301517963,0.430624,3,15,352.843750,3854.000
1785217972.301517963,0.430624,3,15,354.500000,3902.750
1785217972.301517963,0.430624,3,15,356.140625,3949.750
1785217972.301517963,0.430624,3,10,357.796875,3989.750
1785217972.301517963,0.430624,3,13,359.421875,4013.750
1785217972.301517963,0.430624,3,14,1.078125,4052.500
1785217972.301517963,0.430624,3,15,2.718750,4091.000
1785217972.301517963,0.430624,3,15,4.375000,4117.000
1785217972.301517963,0.430624,3,15,6.031250,4148.250
1785217972.301517963,0.430624,3,11,7.656250,4228.750
1785217972.301517963,0.430624,3,15,9.296875,4335.250
1785217972.301517963,0.430624,3,13,10.859375,4409.000
1785217972.301517963,0.430624,3,10,12.500000,4490.750
1785217972.301517963,0.430624,3,15,229.468750,4703.000
1785217972.301517963,0.430624,3,15,234.515625,3421.750
1785217972.301517963,0.430624,3,15,239.390625,3906.250
1785217972.301517963,0.430624,3,15,241.046875,3845.500
1785217972.301517963,0.430624,3,15,242.656250,3775.500
1785217972.301517963,0.430624,3,15,244.312500,3717.500
1785217972.301517963,0.430624,3,15,245.968750,3667.000
1785217972.301517963,0.430624,3,15,247.609375,3611.250
1785217972.301517963,0.430624,3,15,249.250000,3566.000
1785217972.301517963,0.430624,3,15,250.937500,3520.750
1785217972.301517963,0.430624,3,15,252.578125,3476.250
1785217972.301517963,0.430624,3,15,255.859375,3570.000
1785217972.301517963,0.430624,3,13,257.484375,3564.250
1785217972.301517963,0.430624,3,15,260.781250,3808.750
1785217972.301517963,0.430624,3,15,262.406250,3797.000
1785217972.301517963,0.430624,3,15,264.046875,3794.500
1785217972.301517963,0.430624,3,15,265.703125,3786.000
1785217972.301517963,0.430624,3,15,267.328125,3782.000
1785217972.301517963,0.430624,3,15,268.984375,3780.250
1785217972.301517963,0.430624,3,15,270.640625,3771.500
1785217972.301517963,0.430624,3,15,272.281250,3765.250
1785217972.301517963,0.430624,3,15,273.921875,3759.250
1785217972.301517963,0.430624,3,15,275.500000,3764.750
1785217972.301517963,0.430624,3,15,277.156250,3786.250
1785217972.301517963,0.430624,3,15,278.781250,3792.250
1785217972.301517963,0.430624,3,15,280.421875,3793.500
1785217972.301517963,0.430624,3,15,282.062500,3800.500
1785217972.301517963,0.430624,3,15,283.703125,3819.750
1785217972.301517963,0.430624,3,15,285.343750,3851.000
1785217972.301517963,0.430624,3,15,286.984375,3884.500
1785217972.301517963,0.430624,3,15,288.625000,3855.250
1785217972.301517963,0.430624,3,15,291.921875,3659.750
1785217972.301517963,0.430624,3,15,295.250000,3364.500
1785217972.301517963,0.430624,3,15,296.890625,3359.250
1785217972.301517963,0.430624,3,15,298.593750,3398.750
1785217972.301517963,0.430624,3,15,300.218750,3463.500
1785217972.301517963,0.430624,3,15,301.859375,3527.250
1785217972.301517963,0.430624,3,15,303.500000,3584.750
1785217972.301517963,0.430624,3,15,305.140625,3662.250
1785217972.301517963,0.430624,3,15,306.796875,3720.750
1785217972.301517963,0.430624,3,9,313.359375,3742.750
1785217972.301517963,0.430624,3,12,315.015625,3716.750
1785217972.301517963,0.430624,3,13,316.656250,3680.500
1785217972.301517963,0.430624,3,13,318.296875,3670.750
1785217972.301517963,0.430624,3,14,319.937500,3655.250
1785217972.301517963,0.430624,3,8,321.593750,3629.250
1785217972.301517963,0.430624,3,10,323.296875,3595.750
1785217972.301517963,0.430624,3,7,324.953125,3581.750
1785217972.301517963,0.430624,3,11,326.593750,3591.750
1785217972.301517963,0.430624,3,11,328.265625,3584.250
1785217972.301517963,0.430624,3,8,329.906250,3562.750
1785217972.301517963,0.430624,3,11,331.546875,3558.000
1785217972.301517963,0.430624,3,8,333.203125,3573.750
1785217972.301517963,0.430624,3,12,334.843750,3585.500
1785217972.301517963,0.430624,3,9,336.484375,3582.750
1785217972.301517963,0.430624,3,15,338.140625,3587.250
1785217972.301517963,0.430624,3,7,339.781250,3599.500
1785217972.301517963,0.430624,3,15,341.437500,3618.000
1785217972.301517963,0.430624,3,15,343.062500,3639.750
1785217972.301517963,0.430624,3,11,344.718750,3637.750
1785217972.301517963,0.430624,3,15,346.375000,3611.750
1785217972.301517963,0.430624,3,15,348.031250,3597.250
1785217972.301517963,0.430624,3,15,349.656250,3590.750
1785217972.415468216,0.509730,4,15,352.921875,3860.750
1785217972.415468216,0.509730,4,15,354.562500,3916.000
1785217972.415468216,0.509730,4,15,356.203125,3953.250
1785217972.415468216,0.509730,4,10,357.859375,3987.500
1785217972.415468216,0.509730,4,14,359.484375,4014.000
1785217972.415468216,0.509730,4,11,1.140625,4051.750
1785217972.415468216,0.509730,4,15,2.781250,4088.500
1785217972.415468216,0.509730,4,15,4.421875,4119.500
1785217972.415468216,0.509730,4,15,6.093750,4161.250
1785217972.415468216,0.509730,4,11,7.718750,4219.750
1785217972.415468216,0.509730,4,14,9.359375,4316.250
1785217972.415468216,0.509730,4,14,10.937500,4407.750
1785217972.415468216,0.509730,4,10,12.562500,4488.250
1785217972.415468216,0.509730,4,9,181.671875,10202.750
1785217972.415468216,0.509730,4,15,234.531250,3417.000
1785217972.415468216,0.509730,4,15,239.421875,3905.750
1785217972.415468216,0.509730,4,15,241.078125,3844.500
1785217972.415468216,0.509730,4,15,242.718750,3776.500
1785217972.415468216,0.509730,4,15,244.359375,3718.500
1785217972.415468216,0.509730,4,15,246.000000,3662.000
1785217972.415468216,0.509730,4,15,247.640625,3601.250
1785217972.415468216,0.509730,4,15,249.312500,3561.500
1785217972.415468216,0.509730,4,15,250.968750,3521.750
1785217972.415468216,0.509730,4,15,252.593750,3476.750
1785217972.415468216,0.509730,4,15,255.890625,3569.000
1785217972.415468216,0.509730,4,11,257.515625,3565.000
1785217972.415468216,0.509730,4,15,260.781250,3809.000
1785217972.415468216,0.509730,4,15,262.437500,3798.000
1785217972.415468216,0.509730,4,15,264.062500,3794.750
1785217972.415468216,0.509730,4,15,265.718750,3786.250
1785217972.415468216,0.509730,4,15,267.359375,3780.250
1785217972.415468216,0.509730,4,15,269.000000,3778.250
1785217972.415468216,0.509730,4,15,270.640625,3770.750
1785217972.415468216,0.509730,4,15,272.296875,3770.250
1785217972.415468216,0.509730,4,15,273.953125,3764.750
1785217972.415468216,0.509730,4,15,275.515625,3765.000
1785217972.415468216,0.509730,4,15,277.171875,3786.500
1785217972.415468216,0.509730,4,15,278.812500,3793.250
1785217972.415468216,0.509730,4,15,280.453125,3793.500
1785217972.415468216,0.509730,4,15,282.078125,3799.750
1785217972.415468216,0.509730,4,15,283.718750,3818.750
1785217972.415468216,0.509730,4,15,285.375000,3850.000
1785217972.415468216,0.509730,4,15,287.000000,3883.750
1785217972.415468216,0.509730,4,15,288.625000,3855.000
1785217972.415468216,0.509730,4,15,291.937500,3664.500
1785217972.415468216,0.509730,4,15,295.250000,3363.750
1785217972.415468216,0.509730,4,15,296.875000,3357.750
1785217972.415468216,0.509730,4,15,298.593750,3399.000
1785217972.415468216,0.509730,4,15,300.218750,3464.500
1785217972.415468216,0.509730,4,15,301.859375,3528.000
1785217972.415468216,0.509730,4,15,303.484375,3584.000
1785217972.415468216,0.509730,4,15,305.140625,3660.500
1785217972.415468216,0.509730,4,15,306.781250,3720.250
1785217972.415468216,0.509730,4,9,313.328125,3743.250
1785217972.415468216,0.509730,4,12,315.000000,3718.500
1785217972.415468216,0.509730,4,12,316.625000,3683.500
1785217972.415468216,0.509730,4,13,318.281250,3673.750
1785217972.415468216,0.509730,4,15,319.921875,3657.250
1785217972.415468216,0.509730,4,8,321.562500,3628.500
1785217972.415468216,0.509730,4,12,323.312500,3597.000
1785217972.415468216,0.509730,4,9,324.953125,3584.000
1785217972.415468216,0.509730,4,10,326.578125,3592.000
1785217972.415468216,0.509730,4,12,328.250000,3585.750
1785217972.415468216,0.509730,4,8,329.875000,3566.250
1785217972.415468216,0.509730,4,14,331.531250,3560.500
1785217972.415468216,0.509730,4,8,333.171875,3573.250
1785217972.415468216,0.509730,4,12,334.828125,3587.500
1785217972.415468216,0.509730,4,10,336.484375,3586.000
1785217972.415468216,0.509730,4,15,338.140625,3589.750
1785217972.415468216,0.509730,4,8,339.796875,3601.750
1785217972.415468216,0.509730,4,15,341.421875,3617.750
1785217972.415468216,0.509730,4,15,343.062500,3639.250
1785217972.415468216,0.509730,4,11,344.718750,3639.000
1785217972.415468216,0.509730,4,14,346.375000,3612.250
1785217972.415468216,0.509730,4,15,347.953125,3597.000
1785217972.415468216,0.509730,4,15,349.609375,3591.000
1785217972.526744127,0.588008,5,15,352.890625,3853.750
1785217972.526744127,0.588008,5,15,354.500000,3904.000
1785217972.526744127,0.588008,5,15,356.156250,3947.750
1785217972.526744127,0.588008,5,9,357.812500,3986.750
1785217972.526744127,0.588008,5,14,359.453125,4014.250
1785217972.526744127,0.588008,5,12,1.078125,4051.500
1785217972.526744127,0.588008,5,15,2.734375,4087.500
1785217972.526744127,0.588008,5,15,4.359375,4117.000
1785217972.526744127,0.588008,5,15,6.015625,4148.750
1785217972.526744127,0.588008,5,11,7.656250,4210.000
1785217972.526744127,0.588008,5,15,9.296875,4314.500
1785217972.526744127,0.588008,5,15,10.843750,4404.750
1785217972.526744127,0.588008,5,11,12.500000,4485.250
1785217972.526744127,0.588008,5,7,181.468750,10247.750
1785217972.526744127,0.588008,5,8,183.109375,10293.000
1785217972.526744127,0.588008,5,15,229.296875,4714.000
1785217972.526744127,0.588008,5,15,234.359375,3421.250
1785217972.526744127,0.588008,5,15,239.250000,3917.750
1785217972.526744127,0.588008,5,15,240.906250,3854.500
1785217972.526744127,0.588008,5,15,242.562500,3781.250
1785217972.526744127,0.588008,5,15,244.218750,3722.000
1785217972.526744127,0.588008,5,15,245.859375,3668.000
1785217972.526744127,0.588008,5,15,247.500000,3613.000
1785217972.526744127,0.588008,5,15,249.156250,3570.250
1785217972.526744127,0.588008,5,15,250.796875,3525.250
1785217972.526744127,0.588008,5,15,252.453125,3478.250
1785217972.526744127,0.588008,5,15,255.718750,3568.500
1785217972.526744127,0.588008,5,15,257.390625,3551.000
1785217972.526744127,0.588008,5,15,260.640625,3792.250
1785217972.526744127,0.588008,5,15,262.265625,3797.750
1785217972.526744127,0.588008,5,15,263.937500,3794.500
1785217972.526744127,0.588008,5,15,265.562500,3786.000
1785217972.526744127,0.588008,5,15,267.203125,3783.750
1785217972.526744127,0.588008,5,15,268.875000,3780.750
1785217972.526744127,0.588008,5,15,270.484375,3771.250
1785217972.526744127,0.588008,5,15,272.140625,3764.500
1785217972.526744127,0.588008,5,15,273.781250,3769.750
1785217972.526744127,0.588008,5,15,275.375000,3777.250
1785217972.526744127,0.588008,5,15,277.000000,3784.000
1785217972.526744127,0.588008,5,15,278.656250,3788.750
1785217972.526744127,0.588008,5,15,280.296875,3792.750
1785217972.526744127,0.588008,5,15,281.921875,3802.500
1785217972.526744127,0.588008,5,15,283.562500,3820.000
1785217972.526744127,0.588008,5,15,285.187500,3853.000
1785217972.526744127,0.588008,5,15,286.843750,3887.250
1785217972.526744127,0.588008,5,15,288.484375,3854.750
1785217972.526744127,0.588008,5,15,291.812500,3646.500
1785217972.526744127,0.588008,5,15,295.109375,3373.250
1785217972.526744127,0.588008,5,15,296.750000,3353.250
1785217972.526744127,0.588008,5,15,298.515625,3396.250
1785217972.526744127,0.588008,5,15,300.140625,3457.000
1785217972.526744127,0.588008,5,15,301.765625,3515.000
1785217972.526744127,0.588008,5,15,303.406250,3585.500
1785217972.526744127,0.588008,5,15,305.062500,3668.750
1785217972.526744127,0.588008,5,15,306.687500,3720.250
1785217972.526744127,0.588008,5,7,313.296875,3745.500
1785217972.526744127,0.588008,5,12,314.953125,3736.000
1785217972.526744127,0.588008,5,11,316.593750,3698.250
1785217972.526744127,0.588008,5,15,318.234375,3674.000
1785217972.526744127,0.588008,5,13,319.906250,3657.500
1785217972.526744127,0.588008,5,15,321.562500,3631.000
1785217972.526744127,0.588008,5,11,323.203125,3606.250
1785217972.526744127,0.588008,5,8,324.859375,3590.750
1785217972.526744127,0.588008,5,13,326.484375,3592.250
1785217972.526744127,0.588008,5,15,328.140625,3586.500
1785217972.526744127,0.588008,5,10,329.796875,3566.500
1785217972.526744127,0.588008,5,12,331.468750,3559.500
1785217972.526744127,0.588008,5,8,333.109375,3570.750
1785217972.526744127,0.588008,5,8,334.750000,3585.750
1785217972.526744127,0.588008,5,7,336.390625,3586.250
1785217972.526744127,0.588008,5,9,338.046875,3589.500
1785217972.526744127,0.588008,5,6,339.703125,3599.000
1785217972.526744127,0.588008,5,15,341.359375,3609.000
1785217972.526744127,0.588008,5,15,342.984375,3626.750
1785217972.526744127,0.588008,5,10,344.640625,3630.000
1785217972.526744127,0.588008,5,15,346.281250,3608.750
1785217972.526744127,0.588008,5,15,347.906250,3598.500
1785217972.526744127,0.588008,5,15,349.546875,3593.250
1785217972.638546467,0.729974,6,15,352.812500,3855.750
1785217972.638546467,0.729974,6,15,354.453125,3904.250
1785217972.638546467,0.729974,6,14,356.078125,3948.750
1785217972.638546467,0.729974,6,10,357.718750,3992.000
1785217972.638546467,0.729974,6,13,359.390625,4019.750
1785217972.638546467,0.729974,6,11,1.000000,4054.000
1785217972.638546467,0.729974,6,14,2.656250,4090.000
1785217972.638546467,0.729974,6,15,4.296875,4117.000
1785217972.638546467,0.729974,6,15,5.937500,4150.000
1785217972.638546467,0.729974,6,9,7.593750,4207.250
1785217972.638546467,0.729974,6,15,9.203125,4297.500
1785217972.638546467,0.729974,6,15,10.796875,4391.500
1785217972.638546467,0.729974,6,11,12.453125,4470.750
1785217972.638546467,0.729974,6,8,181.421875,10176.000
1785217972.638546467,0.729974,6,15,204.468750,8617.000
1785217972.638546467,0.729974,6,15,229.250000,4717.000
1785217972.638546467,0.729974,6,15,234.281250,3421.750
1785217972.638546467,0.729974,6,15,239.156250,3918.750
1785217972.638546467,0.729974,6,15,240.812500,3854.250
1785217972.638546467,0.729974,6,15,242.437500,3783.250
1785217972.638546467,0.729974,6,15,244.093750,3728.250
1785217972.638546467,0.729974,6,15,245.750000,3677.250
1785217972.638546467,0.729974,6,15,247.390625,3615.500
1785217972.638546467,0.729974,6,15,249.046875,3565.500
1785217972.638546467,0.729974,6,15,250.687500,3523.750
1785217972.638546467,0.729974,6,15,252.328125,3479.000
1785217972.638546467,0.729974,6,15,255.593750,3571.000
1785217972.638546467,0.729974,6,15,257.234375,3559.000
1785217972.638546467,0.729974,6,15,260.500000,3796.500
1785217972.638546467,0.729974,6,15,262.156250,3795.000
1785217972.638546467,0.729974,6,15,263.765625,3798.000
1785217972.638546467,0.729974,6,15,265.421875,3794.000
1785217972.638546467,0.729974,6,15,267.062500,3784.000
1785217972.638546467,0.729974,6,15,268.703125,3781.500
1785217972.638546467,0.729974,6,15,270.343750,3776.750
1785217972.638546467,0.729974,6,15,272.000000,3765.500
1785217972.638546467,0.729974,6,15,273.609375,3766.250
1785217972.638546467,0.729974,6,15,275.265625,3776.500
1785217972.638546467,0.729974,6,15,276.906250,3778.000
1785217972.638546467,0.729974,6,15,278.546875,3784.000
1785217972.638546467,0.729974,6,15,280.156250,3794.000
1785217972.638546467,0.729974,6,15,281.812500,3808.250
1785217972.638546467,0.729974,6,15,283.437500,3826.000
1785217972.638546467,0.729974,6,15,285.078125,3852.750
1785217972.638546467,0.729974,6,15,286.718750,3884.750
1785217972.638546467,0.729974,6,15,288.359375,3856.750
1785217972.638546467,0.729974,6,15,291.656250,3654.000
1785217972.638546467,0.729974,6,15,294.984375,3378.500
1785217972.638546467,0.729974,6,15,296.609375,3349.000
1785217972.638546467,0.729974,6,15,298.250000,3399.000
1785217972.638546467,0.729974,6,15,300.015625,3455.000
1785217972.638546467,0.729974,6,15,301.656250,3507.750
1785217972.638546467,0.729974,6,15,303.296875,3584.500
1785217972.638546467,0.729974,6,15,304.937500,3668.250
1785217972.638546467,0.729974,6,15,306.578125,3722.000
1785217972.638546467,0.729974,6,13,314.812500,3724.000
1785217972.638546467,0.729974,6,15,316.484375,3698.750
1785217972.638546467,0.729974,6,15,318.125000,3675.250
1785217972.638546467,0.729974,6,15,319.796875,3652.250
1785217972.638546467,0.729974,6,15,321.421875,3618.750
1785217972.638546467,0.729974,6,11,323.078125,3597.000
1785217972.638546467,0.729974,6,11,324.734375,3593.500
1785217972.638546467,0.729974,6,8,326.390625,3588.250
1785217972.638546467,0.729974,6,13,328.046875,3573.000
1785217972.638546467,0.729974,6,10,329.687500,3559.750
1785217972.638546467,0.729974,6,9,331.343750,3558.750
1785217972.638546467,0.729974,6,10,333.000000,3570.000
1785217972.638546467,0.729974,6,9,334.640625,3580.750
1785217972.638546467,0.729974,6,15,336.296875,3590.000
1785217972.638546467,0.729974,6,9,337.953125,3600.000
1785217972.638546467,0.729974,6,15,339.593750,3605.250
1785217972.638546467,0.729974,6,15,341.218750,3622.250
1785217972.638546467,0.729974,6,15,342.875000,3636.500
1785217972.638546467,0.729974,6,14,344.531250,3630.250
1785217972.638546467,0.729974,6,15,346.171875,3612.000
1785217972.638546467,0.729974,6,15,347.765625,3601.750
1785217972.638546467,0.729974,6,15,349.437500,3591.750
1785217972.749578953,0.808876,7,15,352.687500,3843.750
1785217972.749578953,0.808876,7,15,354.328125,3892.000
1785217972.749578953,0.808876,7,15,355.968750,3943.250
1785217972.749578953,0.808876,7,10,357.625000,3988.250
1785217972.749578953,0.808876,7,12,359.250000,4019.750
1785217972.749578953,0.808876,7,11,0.890625,4042.000
1785217972.749578953,0.808876,7,15,2.562500,4079.750
1785217972.749578953,0.808876,7,15,4.187500,4120.500
1785217972.749578953,0.808876,7,15,5.828125,4149.750
1785217972.749578953,0.808876,7,15,7.453125,4207.750
1785217972.749578953,0.808876,7,15,9.109375,4297.000
1785217972.749578953,0.808876,7,15,10.671875,4391.250
1785217972.749578953,0.808876,7,12,12.328125,4471.500
1785217972.749578953,0.808876,7,15,199.343750,10247.250
1785217972.749578953,0.808876,7,15,222.515625,5315.500
1785217972.749578953,0.808876,7,15,225.843750,5003.500
1785217972.749578953,0.808876,7,15,229.093750,4734.750
1785217972.749578953,0.808876,7,15,234.140625,3435.500
1785217972.749578953,0.808876,7,15,239.015625,3918.250
1785217972.749578953,0.808876,7,15,240.656250,3855.500
1785217972.749578953,0.808876,7,15,242.296875,3793.250
1785217972.749578953,0.808876,7,15,243.968750,3735.500
1785217972.749578953,0.808876,7,15,245.609375,3688.750
1785217972.749578953,0.808876,7,15,247.250000,3627.250
1785217972.749578953,0.808876,7,15,248.906250,3568.500
1785217972.749578953,0.808876,7,15,250.515625,3533.000
1785217972.749578953,0.808876,7,15,252.156250,3485.750
1785217972.749578953,0.808876,7,15,253.781250,3494.250
1785217972.749578953,0.808876,7,15,255.421875,3541.750
1785217972.749578953,0.808876,7,15,257.093750,3545.500
1785217972.749578953,0.808876,7,15,260.343750,3786.750
1785217972.749578953,0.808876,7,15,261.984375,3801.250
1785217972.749578953,0.808876,7,15,263.625000,3797.250
1785217972.749578953,0.808876,7,15,265.265625,3790.750
1785217972.749578953,0.808876,7,15,266.906250,3781.250
1785217972.749578953,0.808876,7,15,268.546875,3777.000
1785217972.749578953,0.808876,7,15,270.187500,3768.500
1785217972.749578953,0.808876,7,15,271.828125,3760.500
1785217972.749578953,0.808876,7,15,273.468750,3772.250
1785217972.749578953,0.808876,7,15,275.093750,3786.250
1785217972.749578953,0.808876,7,15,276.734375,3782.750
1785217972.749578953,0.808876,7,15,278.390625,3787.250
1785217972.749578953,0.808876,7,15,280.031250,3796.000
1785217972.749578953,0.808876,7,15,281.671875,3806.750
1785217972.749578953,0.808876,7,15,283.312500,3829.750
1785217972.749578953,0.808876,7,15,284.937500,3856.000
1785217972.749578953,0.808876,7,15,286.593750,3881.000
1785217972.749578953,0.808876,7,14,288.218750,3890.250
1785217972.749578953,0.808876,7,15,291.531250,3674.250
1785217972.749578953,0.808876,7,15,294.859375,3379.500
1785217972.749578953,0.808876,7,15,296.484375,3349.500
1785217972.749578953,0.808876,7,15,298.109375,3387.000
1785217972.749578953,0.808876,7,15,299.875000,3443.500
1785217972.749578953,0.808876,7,15,301.531250,3503.500
1785217972.749578953,0.808876,7,15,303.171875,3570.750
1785217972.749578953,0.808876,7,15,304.812500,3653.000
1785217972.749578953,0.808876,7,15,306.437500,3709.000
1785217972.749578953,0.808876,7,10,314.687500,3709.750
1785217972.749578953,0.808876,7,15,316.343750,3687.500
1785217972.749578953,0.808876,7,13,318.000000,3673.500
1785217972.749578953,0.808876,7,13,319.656250,3654.250
1785217972.749578953,0.808876,7,15,321.296875,3622.000
1785217972.749578953,0.808876,7,14,322.953125,3592.000
1785217972.749578953,0.808876,7,12,324.625000,3597.250
1785217972.749578953,0.808876,7,11,326.250000,3591.000
1785217972.749578953,0.808876,7,9,327.921875,3572.000
1785217972.749578953,0.808876,7,8,329.578125,3567.500
1785217972.749578953,0.808876,7,9,331.203125,3559.750
1785217972.749578953,0.808876,7,11,332.875000,3560.500
1785217972.749578953,0.808876,7,10,334.515625,3570.250
1785217972.749578953,0.808876,7,7,336.171875,3576.500
1785217972.749578953,0.808876,7,15,337.812500,3584.250
1785217972.749578953,0.808876,7,15,339.468750,3603.750
1785217972.749578953,0.808876,7,15,341.109375,3625.250
1785217972.749578953,0.808876,7,15,342.765625,3643.500
1785217972.749578953,0.808876,7,13,344.406250,3638.000
1785217972.749578953,0.808876,7,15,346.046875,3615.000
1785217972.749578953,0.808876,7,15,347.671875,3601.250
1785217972.749578953,0.808876,7,15,349.328125,3593.000
1785217972.865278482,0.950227,8,15,352.609375,3847.500
1785217972.865278482,0.950227,8,15,354.234375,3892.750
1785217972.865278482,0.950227,8,14,355.890625,3937.750
1785217972.865278482,0.950227,8,10,357.546875,3973.250
1785217972.865278482,0.950227,8,14,359.171875,4006.000
1785217972.865278482,0.950227,8,15,0.812500,4041.250
1785217972.865278482,0.950227,8,15,2.453125,4079.750
1785217972.865278482,0.950227,8,15,4.109375,4118.500
1785217972.865278482,0.950227,8,15,5.765625,4149.250
1785217972.865278482,0.950227,8,15,7.390625,4215.500
1785217972.865278482,0.950227,8,15,9.031250,4310.250
1785217972.865278482,0.950227,8,14,10.640625,4390.750
1785217972.865278482,0.950227,8,9,12.281250,4469.750
1785217972.865278482,0.950227,8,13,204.375000,8818.000
1785217972.865278482,0.950227,8,15,222.578125,5313.500
1785217972.865278482,0.950227,8,9,225.875000,5057.250
1785217972.865278482,0.950227,8,15,229.140625,4733.750
1785217972.865278482,0.950227,8,15,234.171875,3424.500
1785217972.865278482,0.950227,8,15,239.062500,3917.750
1785217972.865278482,0.950227,8,15,240.718750,3854.750
1785217972.865278482,0.950227,8,15,242.343750,3793.000
1785217972.865278482,0.950227,8,15,244.000000,3735.750
1785217972.865278482,0.950227,8,15,245.640625,3687.750
1785217972.865278482,0.950227,8,15,247.312500,3625.750
1785217972.865278482,0.950227,8,15,248.953125,3563.000
1785217972.865278482,0.950227,8,15,250.625000,3522.000
1785217972.865278482,0.950227,8,15,252.250000,3479.250
1785217972.865278482,0.950227,8,15,253.906250,3509.000
1785217972.865278482,0.950227,8,15,255.546875,3557.750
1785217972.865278482,0.950227,8,15,257.171875,3547.250
1785217972.865278482,0.950227,8,15,260.453125,3795.000
1785217972.865278482,0.950227,8,15,262.078125,3795.000
1785217972.865278482,0.950227,8,15,263.718750,3797.500
1785217972.865278482,0.950227,8,15,265.359375,3792.000
1785217972.865278482,0.950227,8,15,267.000000,3780.000
1785217972.865278482,0.950227,8,15,268.656250,3775.000
1785217972.865278482,0.950227,8,15,270.296875,3768.750
1785217972.865278482,0.950227,8,15,271.953125,3760.000
1785217972.865278482,0.950227,8,15,273.578125,3766.250
1785217972.865278482,0.950227,8,15,275.203125,3777.500
1785217972.865278482,0.950227,8,15,276.859375,3780.250
1785217972.865278482,0.950227,8,15,278.500000,3785.750
1785217972.865278482,0.950227,8,15,280.156250,3791.500
1785217972.865278482,0.950227,8,15,281.796875,3804.750
1785217972.865278482,0.950227,8,15,283.421875,3827.500
1785217972.865278482,0.950227,8,15,285.062500,3856.000
1785217972.865278482,0.950227,8,15,286.703125,3885.000
1785217972.865278482,0.950227,8,15,288.343750,3859.750
1785217972.865278482,0.950227,8,15,291.656250,3656.000
1785217972.865278482,0.950227,8,15,295.000000,3376.750
1785217972.865278482,0.950227,8,15,296.625000,3348.250
1785217972.865278482,0.950227,8,15,298.250000,3398.500
1785217972.865278482,0.950227,8,15,299.968750,3455.500
1785217972.865278482,0.950227,8,15,301.593750,3503.750
1785217972.865278482,0.950227,8,15,303.250000,3571.250
1785217972.865278482,0.950227,8,15,304.875000,3659.000
1785217972.865278482,0.950227,8,15,306.515625,3718.750
1785217972.865278482,0.950227,8,8,313.078125,3766.500
1785217972.865278482,0.950227,8,11,314.765625,3745.500
1785217972.865278482,0.950227,8,12,316.406250,3688.750
1785217972.865278482,0.950227,8,12,318.031250,3673.750
1785217972.865278482,0.950227,8,13,319.703125,3653.500
1785217972.865278482,0.950227,8,8,321.343750,3621.000
1785217972.865278482,0.950227,8,12,323.015625,3589.750
1785217972.865278482,0.950227,8,10,324.656250,3594.750
1785217972.865278482,0.950227,8,8,326.296875,3595.000
1785217972.865278482,0.950227,8,10,327.953125,3570.500
1785217972.865278482,0.950227,8,12,329.593750,3558.750
1785217972.865278482,0.950227,8,9,331.265625,3558.000
1785217972.865278482,0.950227,8,10,332.890625,3559.750
1785217972.865278482,0.950227,8,8,334.546875,3571.250
1785217972.865278482,0.950227,8,9,336.187500,3578.250
1785217972.865278482,0.950227,8,14,337.843750,3588.250
1785217972.865278482,0.950227,8,15,339.484375,3608.000
1785217972.865278482,0.950227,8,15,341.140625,3626.500
1785217972.865278482,0.950227,8,15,342.765625,3643.250
1785217972.865278482,0.950227,8,15,344.421875,3635.500
1785217972.865278482,0.950227,8,15,346.078125,3613.250
1785217972.865278482,0.950227,8,15,347.765625,3601.500
1785217972.865278482,0.950227,8,15,349.421875,3592.500
1785217972.975315571,1.028373,9,15,352.671875,3849.250
1785217972.975315571,1.028373,9,15,354.328125,3894.000
1785217972.975315571,1.028373,9,15,355.968750,3943.750
1785217972.975315571,1.028373,9,12,357.609375,3990.000
1785217972.975315571,1.028373,9,12,359.265625,4021.000
1785217972.975315571,1.028373,9,15,0.906250,4047.500
1785217972.975315571,1.028373,9,15,2.578125,4084.750
1785217972.975315571,1.028373,9,15,4.203125,4120.750
1785217972.975315571,1.028373,9,15,5.843750,4154.250
1785217972.975315571,1.028373,9,13,7.484375,4212.000
1785217972.975315571,1.028373,9,15,9.156250,4299.000
1785217972.975315571,1.028373,9,15,10.718750,4391.750
1785217972.975315571,1.028373,9,12,12.375000,4474.250
1785217972.975315571,1.028373,9,14,204.531250,8685.750
1785217972.975315571,1.028373,9,15,227.640625,4840.500
1785217972.975315571,1.028373,9,15,229.281250,4720.750
1785217972.975315571,1.028373,9,15,234.328125,3422.500
1785217972.975315571,1.028373,9,15,239.218750,3919.250
1785217972.975315571,1.028373,9,15,240.859375,3856.000
1785217972.975315571,1.028373,9,15,242.500000,3783.750
1785217972.975315571,1.028373,9,15,244.156250,3727.250
1785217972.975315571,1.028373,9,15,245.796875,3676.000
1785217972.975315571,1.028373,9,15,247.437500,3616.000
1785217972.975315571,1.028373,9,15,249.093750,3569.000
1785217972.975315571,1.028373,9,15,250.796875,3525.250
1785217972.975315571,1.028373,9,15,252.453125,3477.000
1785217972.975315571,1.028373,9,15,255.750000,3569.750
1785217972.975315571,1.028373,9,15,257.375000,3551.000
1785217972.975315571,1.028373,9,15,260.640625,3792.750
1785217972.975315571,1.028373,9,15,262.281250,3796.750
1785217972.975315571,1.028373,9,15,263.937500,3793.250
1785217972.975315571,1.028373,9,15,265.578125,3784.000
1785217972.975315571,1.028373,9,15,267.234375,3781.250
1785217972.975315571,1.028373,9,15,268.890625,3778.500
1785217972.975315571,1.028373,9,15,270.531250,3770.500
1785217972.975315571,1.028373,9,15,272.187500,3763.750
1785217972.975315571,1.028373,9,15,273.812500,3769.000
1785217972.975315571,1.028373,9,15,275.421875,3777.000
1785217972.975315571,1.028373,9,15,277.046875,3783.500
1785217972.975315571,1.028373,9,15,278.703125,3787.750
1785217972.975315571,1.028373,9,15,280.343750,3791.250
1785217972.975315571,1.028373,9,15,281.984375,3801.250
1785217972.975315571,1.028373,9,15,283.609375,3820.250
1785217972.975315571,1.028373,9,15,285.265625,3851.000
1785217972.975315571,1.028373,9,15,286.890625,3883.250
1785217972.975315571,1.028373,9,15,288.546875,3854.500
1785217972.975315571,1.028373,9,15,291.859375,3650.000
1785217972.975315571,1.028373,9,15,295.171875,3374.000
1785217972.975315571,1.028373,9,15,296.796875,3355.500
1785217972.975315571,1.028373,9,15,298.515625,3396.750
1785217972.975315571,1.028373,9,15,300.171875,3457.500
1785217972.975315571,1.028373,9,15,301.796875,3518.000
1785217972.975315571,1.028373,9,15,303.453125,3581.500
1785217972.975315571,1.028373,9,15,305.093750,3662.500
1785217972.975315571,1.028373,9,15,306.734375,3720.750
1785217972.975315571,1.028373,9,11,313.312500,3745.500
1785217972.975315571,1.028373,9,12,314.968750,3735.500
1785217972.975315571,1.028373,9,11,316.625000,3697.750
1785217972.975315571,1.028373,9,15,318.250000,3672.750
1785217972.975315571,1.028373,9,14,319.921875,3656.250
1785217972.975315571,1.028373,9,15,321.578125,3630.250
1785217972.975315571,1.028373,9,12,323.234375,3603.750
1785217972.975315571,1.028373,9,9,324.875000,3587.250
1785217972.975315571,1.028373,9,11,326.515625,3590.750
1785217972.975315571,1.028373,9,14,328.156250,3585.750
1785217972.975315571,1.028373,9,9,329.812500,3566.250
1785217972.975315571,1.028373,9,10,331.468750,3559.500
1785217972.975315571,1.028373,9,7,333.109375,3568.750
1785217972.975315571,1.028373,9,8,334.765625,3580.750
1785217972.975315571,1.028373,9,9,336.406250,3583.500
1785217972.975315571,1.028373,9,8,338.031250,3588.500
1785217972.975315571,1.028373,9,7,339.703125,3597.500
1785217972.975315571,1.028373,9,15,341.343750,3610.250
1785217972.975315571,1.028373,9,15,342.984375,3628.000
1785217972.975315571,1.028373,9,11,344.625000,3630.500
1785217972.975315571,1.028373,9,14,346.281250,3608.000
1785217972.975315571,1.028373,9,15,347.953125,3595.750
1785217972.975315571,1.028373,9,15,349.609375,3591.750
1785217973.087420464,1.183264,10,15,352.890625,3856.750
1785217973.087420464,1.183264,10,15,354.531250,3909.500
1785217973.087420464,1.183264,10,15,356.156250,3951.000
1785217973.087420464,1.183264,10,11,357.796875,3987.750
1785217973.087420464,1.183264,10,12,359.468750,4017.000
1785217973.087420464,1.183264,10,10,1.093750,4054.500
1785217973.087420464,1.183264,10,15,2.750000,4088.750
1785217973.087420464,1.183264,10,15,4.406250,4116.250
1785217973.087420464,1.183264,10,15,6.046875,4157.250
1785217973.087420464,1.183264,10,11,7.687500,4219.500
1785217973.087420464,1.183264,10,15,9.328125,4315.750
1785217973.087420464,1.183264,10,15,10.906250,4407.250
1785217973.087420464,1.183264,10,11,12.546875,4488.250
1785217973.087420464,1.183264,10,15,221.250000,5433.250
1785217973.087420464,1.183264,10,15,222.890625,5276.500
1785217973.087420464,1.183264,10,15,234.562500,3417.000
1785217973.087420464,1.183264,10,15,236.187500,3428.500
1785217973.087420464,1.183264,10,15,239.406250,3905.250
1785217973.087420464,1.183264,10,15,241.062500,3842.750
1785217973.087420464,1.183264,10,15,242.703125,3776.500
1785217973.087420464,1.183264,10,15,244.343750,3718.250
1785217973.087420464,1.183264,10,15,246.015625,3666.500
1785217973.087420464,1.183264,10,15,247.656250,3606.250
1785217973.087420464,1.183264,10,15,249.296875,3561.750
1785217973.087420464,1.183264,10,15,251.000000,3520.000
1785217973.087420464,1.183264,10,15,252.640625,3474.500
1785217973.087420464,1.183264,10,15,255.921875,3560.250
1785217973.087420464,1.183264,10,12,257.562500,3566.250
1785217973.087420464,1.183264,10,15,260.843750,3809.250
1785217973.087420464,1.183264,10,15,262.484375,3798.000
1785217973.087420464,1.183264,10,15,264.125000,3795.250
1785217973.087420464,1.183264,10,15,265.765625,3786.750
1785217973.087420464,1.183264,10,15,267.421875,3779.000
1785217973.087420464,1.183264,10,15,269.078125,3768.500
1785217973.087420464,1.183264,10,15,270.703125,3769.500
1785217973.087420464,1.183264,10,15,272.375000,3777.000
1785217973.087420464,1.183264,10,15,274.000000,3765.000
1785217973.087420464,1.183264,10,15,275.609375,3764.750
1785217973.087420464,1.183264,10,15,277.218750,3784.500
1785217973.087420464,1.183264,10,15,278.875000,3792.750
1785217973.087420464,1.183264,10,15,280.484375,3795.000
1785217973.087420464,1.183264,10,15,282.140625,3801.250
1785217973.087420464,1.183264,10,15,283.781250,3818.000
1785217973.087420464,1.183264,10,15,285.437500,3861.000
1785217973.087420464,1.183264,10,15,287.062500,3896.250
1785217973.087420464,1.183264,10,15,292.000000,3637.250
1785217973.087420464,1.183264,10,15,295.328125,3346.500
1785217973.087420464,1.183264,10,15,296.953125,3357.500
1785217973.087420464,1.183264,10,15,298.671875,3403.000
1785217973.087420464,1.183264,10,15,300.312500,3469.000
1785217973.087420464,1.183264,10,15,301.968750,3527.500
1785217973.087420464,1.183264,10,15,303.593750,3587.750
1785217973.087420464,1.183264,10,15,305.218750,3657.250
1785217973.087420464,1.183264,10,15,306.875000,3722.250
1785217973.087420464,1.183264,10,8,313.453125,3751.000
1785217973.087420464,1.183264,10,15,315.109375,3729.500
1785217973.087420464,1.183264,10,15,316.765625,3691.250
1785217973.087420464,1.183264,10,15,318.390625,3666.750
1785217973.087420464,1.183264,10,14,320.046875,3650.750
1785217973.087420464,1.183264,10,14,321.687500,3620.500
1785217973.087420464,1.183264,10,15,323.390625,3595.000
1785217973.087420464,1.183264,10,6,325.078125,3590.750
1785217973.087420464,1.183264,10,8,326.703125,3579.000
1785217973.087420464,1.183264,10,13,328.375000,3560.000
1785217973.087420464,1.183264,10,9,330.015625,3557.500
1785217973.087420464,1.183264,10,12,331.656250,3560.250
1785217973.087420464,1.183264,10,9,333.328125,3572.500
1785217973.087420464,1.183264,10,8,334.968750,3586.500
1785217973.087420464,1.183264,10,9,336.593750,3590.000
1785217973.087420464,1.183264,10,10,338.250000,3594.750
1785217973.087420464,1.183264,10,7,339.906250,3595.250
1785217973.087420464,1.183264,10,15,341.562500,3609.000
1785217973.087420464,1.183264,10,15,343.218750,3636.750
1785217973.087420464,1.183264,10,14,344.843750,3644.250
1785217973.087420464,1.183264,10,15,346.500000,3631.250
1785217973.087420464,1.183264,10,15,348.125000,3606.250
1785217973.087420464,1.183264,10,15,349.765625,3594.500
1785217973.197784901,1.259441,11,15,353.046875,3863.750
1785217973.197784901,1.259441,11,15,354.687500,3912.250
1785217973.197784901,1.259441,11,14,356.328125,3951.250
1785217973.197784901,1.259441,11,12,357.984375,3979.750
1785217973.197784901,1.259441,11,12,359.609375,4012.500
1785217973.197784901,1.259441,11,13,1.265625,4066.500
1785217973.197784901,1.259441,11,15,2.906250,4099.750
1785217973.197784901,1.259441,11,15,4.546875,4122.000
1785217973.197784901,1.259441,11,15,6.203125,4162.000
1785217973.197784901,1.259441,11,13,7.843750,4244.000
1785217973.197784901,1.259441,11,15,9.484375,4342.750
1785217973.197784901,1.259441,11,15,11.062500,4401.500
1785217973.197784901,1.259441,11,13,12.687500,4476.750
1785217973.197784901,1.259441,11,15,221.343750,5429.750
1785217973.197784901,1.259441,11,15,223.000000,5275.750
1785217973.197784901,1.259441,11,15,234.656250,3419.000
1785217973.197784901,1.259441,11,15,239.531250,3906.500
1785217973.197784901,1.259441,11,15,241.171875,3842.250
1785217973.197784901,1.259441,11,15,242.843750,3779.500
1785217973.197784901,1.259441,11,15,244.468750,3723.250
1785217973.197784901,1.259441,11,15,246.109375,3656.000
1785217973.197784901,1.259441,11,15,247.765625,3601.750
1785217973.197784901,1.259441,11,15,249.406250,3563.250
1785217973.197784901,1.259441,11,15,251.062500,3518.250
1785217973.197784901,1.259441,11,15,252.718750,3458.500
1785217973.197784901,1.259441,11,15,256.000000,3559.250
1785217973.197784901,1.259441,11,15,257.640625,3568.000
1785217973.197784901,1.259441,11,15,260.906250,3811.000
1785217973.197784901,1.259441,11,15,262.531250,3800.250
1785217973.197784901,1.259441,11,15,264.187500,3794.000
1785217973.197784901,1.259441,11,15,265.828125,3787.500
1785217973.197784901,1.259441,11,15,267.468750,3781.000
1785217973.197784901,1.259441,11,15,269.109375,3768.250
1785217973.197784901,1.259441,11,15,270.750000,3768.750
1785217973.197784901,1.259441,11,15,272.406250,3777.000
1785217973.197784901,1.259441,11,15,274.031250,3768.000
1785217973.197784901,1.259441,11,15,275.656250,3766.750
1785217973.197784901,1.259441,11,15,277.281250,3783.500
1785217973.197784901,1.259441,11,15,278.906250,3792.250
1785217973.197784901,1.259441,11,15,280.531250,3795.750
1785217973.197784901,1.259441,11,15,282.187500,3804.000
1785217973.197784901,1.259441,11,15,283.812500,3822.250
1785217973.197784901,1.259441,11,15,285.453125,3861.500
1785217973.197784901,1.259441,11,15,287.078125,3895.000
1785217973.197784901,1.259441,11,15,292.046875,3636.500
1785217973.197784901,1.259441,11,15,295.343750,3348.500
1785217973.197784901,1.259441,11,15,296.968750,3360.250
1785217973.197784901,1.259441,11,15,298.734375,3403.000
1785217973.197784901,1.259441,11,15,300.359375,3466.750
1785217973.197784901,1.259441,11,15,302.015625,3523.250
1785217973.197784901,1.259441,11,15,303.640625,3591.500
1785217973.197784901,1.259441,11,15,305.296875,3665.000
1785217973.197784901,1.259441,11,15,306.906250,3722.500
1785217973.197784901,1.259441,11,7,313.484375,3748.750
1785217973.197784901,1.259441,11,13,315.156250,3716.750
1785217973.197784901,1.259441,11,14,316.812500,3680.750
1785217973.197784901,1.259441,11,15,318.453125,3666.750
1785217973.197784901,1.259441,11,15,320.109375,3647.750
1785217973.197784901,1.259441,11,9,321.750000,3616.500
1785217973.197784901,1.259441,11,12,323.468750,3594.250
1785217973.197784901,1.259441,11,6,325.125000,3589.250
1785217973.197784901,1.259441,11,8,326.781250,3577.500
1785217973.197784901,1.259441,11,12,328.437500,3562.250
1785217973.197784901,1.259441,11,9,330.078125,3560.500
1785217973.197784901,1.259441,11,15,331.734375,3564.250
1785217973.197784901,1.259441,11,10,333.375000,3572.500
1785217973.197784901,1.259441,11,7,335.031250,3583.500
1785217973.197784901,1.259441,11,10,336.687500,3589.000
1785217973.197784901,1.259441,11,9,338.328125,3592.750
1785217973.197784901,1.259441,11,9,339.984375,3598.000
1785217973.197784901,1.259441,11,15,341.625000,3618.500
1785217973.197784901,1.259441,11,15,343.296875,3636.500
1785217973.197784901,1.259441,11,15,344.921875,3638.500
1785217973.197784901,1.259441,11,15,346.531250,3630.500
1785217973.197784901,1.259441,11,15,348.156250,3606.500
1785217973.197784901,1.259441,11,15,349.796875,3593.750
1785217973.309850931,1.414369,12,15,353.078125,3864.000
1785217973.309850931,1.414369,12,15,354.734375,3913.000
1785217973.309850931,1.414369,12,15,356.375000,3950.500
1785217973.309850931,1.414369,12,12,358.015625,3978.000
1785217973.309850931,1.414369,12,11,359.671875,4012.000
1785217973.309850931,1.414369,12,12,1.281250,4064.000
1785217973.309850931,1.414369,12,15,2.937500,4097.000
1785217973.309850931,1.414369,12,15,4.562500,4119.000
1785217973.309850931,1.414369,12,15,6.218750,4159.000
1785217973.309850931,1.414369,12,12,7.859375,4242.500
1785217973.309850931,1.414369,12,14,9.515625,4342.750
1785217973.309850931,1.414369,12,14,11.078125,4405.750
1785217973.309850931,1.414369,12,10,12.703125,4482.500
1785217973.309850931,1.414369,12,8,181.828125,10240.750
1785217973.309850931,1.414369,12,15,221.328125,5427.500
1785217973.309850931,1.414369,12,15,222.984375,5273.750
1785217973.309850931,1.414369,12,15,234.640625,3419.000
1785217973.309850931,1.414369,12,15,239.515625,3909.500
1785217973.309850931,1.414369,12,15,241.171875,3840.000
1785217973.309850931,1.414369,12,15,242.812500,3778.000
1785217973.309850931,1.414369,12,15,244.468750,3722.500
1785217973.309850931,1.414369,12,15,246.109375,3655.750
1785217973.309850931,1.414369,12,15,247.750000,3600.750
1785217973.309850931,1.414369,12,15,249.406250,3562.750
1785217973.309850931,1.414369,12,15,251.015625,3520.000
1785217973.309850931,1.414369,12,15,252.671875,3473.500
1785217973.309850931,1.414369,12,15,255.937500,3558.750
1785217973.309850931,1.414369,12,14,257.578125,3569.000
1785217973.309850931,1.414369,12,15,260.828125,3811.500
1785217973.309850931,1.414369,12,15,262.500000,3800.500
1785217973.309850931,1.414369,12,15,264.109375,3795.500
1785217973.309850931,1.414369,12,15,265.765625,3787.000
1785217973.309850931,1.414369,12,15,267.390625,3780.250
1785217973.309850931,1.414369,12,15,269.062500,3770.000
1785217973.309850931,1.414369,12,15,270.687500,3769.750
1785217973.309850931,1.414369,12,15,272.328125,3777.500
1785217973.309850931,1.414369,12,15,273.968750,3768.750
1785217973.309850931,1.414369,12,15,275.562500,3767.000
1785217973.309850931,1.414369,12,15,277.203125,3784.500
1785217973.309850931,1.414369,12,15,278.859375,3792.500
1785217973.309850931,1.414369,12,15,280.484375,3795.500
1785217973.309850931,1.414369,12,15,282.125000,3802.250
1785217973.309850931,1.414369,12,15,283.765625,3817.250
1785217973.309850931,1.414369,12,15,285.390625,3847.250
1785217973.309850931,1.414369,12,15,287.031250,3884.000
1785217973.309850931,1.414369,12,15,291.968750,3636.750
1785217973.309850931,1.414369,12,15,295.265625,3349.500
1785217973.309850931,1.414369,12,15,296.906250,3360.250
1785217973.309850931,1.414369,12,15,298.656250,3403.250
1785217973.309850931,1.414369,12,15,300.296875,3467.000
1785217973.309850931,1.414369,12,15,301.937500,3527.250
1785217973.309850931,1.414369,12,15,303.578125,3589.000
1785217973.309850931,1.414369,12,15,305.187500,3664.250
1785217973.309850931,1.414369,12,15,306.875000,3728.500
1785217973.309850931,1.414369,12,9,313.453125,3748.500
1785217973.309850931,1.414369,12,13,315.078125,3723.750
1785217973.309850931,1.414369,12,13,316.718750,3692.500
1785217973.309850931,1.414369,12,15,318.375000,3671.750
1785217973.309850931,1.414369,12,15,320.015625,3650.250
1785217973.309850931,1.414369,12,15,321.671875,3619.750
1785217973.309850931,1.414369,12,11,323.343750,3597.250
1785217973.309850931,1.414369,12,7,325.015625,3587.750
1785217973.309850931,1.414369,12,7,326.656250,3575.500
1785217973.309850931,1.414369,12,13,328.296875,3564.250
1785217973.309850931,1.414369,12,9,329.953125,3560.500
1785217973.309850931,1.414369,12,13,331.609375,3560.000
1785217973.309850931,1.414369,12,9,333.265625,3571.750
1785217973.309850931,1.414369,12,8,334.890625,3586.000
1785217973.309850931,1.414369,12,15,336.546875,3589.250
1785217973.309850931,1.414369,12,8,338.187500,3591.500
1785217973.309850931,1.414369,12,15,339.828125,3596.000
1785217973.309850931,1.414369,12,15,341.484375,3612.750
1785217973.309850931,1.414369,12,15,343.125000,3637.250
1785217973.309850931,1.414369,12,13,344.781250,3638.000
1785217973.309850931,1.414369,12,15,346.406250,3610.750
1785217973.309850931,1.414369,12,15,348.062500,3595.750
1785217973.309850931,1.414369,12,15,349.687500,3596.000
1785217973.424638987,1.492375,13,15,352.937500,3861.000
1785217973.424638987,1.492375,13,15,354.593750,3910.250
1785217973.424638987,1.492375,13,13,356.250000,3949.250
1785217973.424638987,1.492375,13,12,357.875000,3985.000
1785217973.424638987,1.492375,13,12,359.531250,4013.750
1785217973.424638987,1.492375,13,13,1.156250,4057.750
1785217973.424638987,1.492375,13,15,2.796875,4096.250
1785217973.424638987,1.492375,13,15,4.453125,4121.000
1785217973.424638987,1.492375,13,15,6.093750,4159.750
1785217973.424638987,1.492375,13,11,7.734375,4223.250
1785217973.424638987,1.492375,13,13,9.375000,4317.250
1785217973.424638987,1.492375,13,15,10.968750,4405.000
1785217973.424638987,1.492375,13,10,12.625000,4486.500
1785217973.424638987,1.492375,13,8,173.484375,10185.000
1785217973.424638987,1.492375,13,8,175.125000,10143.250
1785217973.424638987,1.492375,13,8,183.343750,10172.500
1785217973.424638987,1.492375,13,15,221.296875,5426.500
1785217973.424638987,1.492375,13,15,224.593750,5073.500
1785217973.424638987,1.492375,13,15,234.562500,3417.750
1785217973.424638987,1.492375,13,15,239.453125,3905.000
1785217973.424638987,1.492375,13,15,241.093750,3842.250
1785217973.424638987,1.492375,13,15,242.765625,3775.500
1785217973.424638987,1.492375,13,15,244.406250,3713.250
1785217973.424638987,1.492375,13,15,246.046875,3657.000
1785217973.424638987,1.492375,13,15,247.687500,3602.250
1785217973.424638987,1.492375,13,15,249.343750,3563.500
1785217973.424638987,1.492375,13,15,250.968750,3521.250
1785217973.424638987,1.492375,13,15,252.593750,3473.500
1785217973.424638987,1.492375,13,15,255.859375,3568.250
1785217973.424638987,1.492375,13,13,257.500000,3572.500
1785217973.424638987,1.492375,13,15,260.750000,3816.000
1785217973.424638987,1.492375,13,15,262.406250,3799.250
1785217973.424638987,1.492375,13,15,264.046875,3795.250
1785217973.424638987,1.492375,13,15,265.671875,3786.500
1785217973.424638987,1.492375,13,15,267.312500,3780.250
1785217973.424638987,1.492375,13,15,268.953125,3778.250
1785217973.424638987,1.492375,13,15,270.625000,3771.000
1785217973.424638987,1.492375,13,15,272.250000,3764.500
1785217973.424638987,1.492375,13,15,273.890625,3767.500
1785217973.424638987,1.492375,13,15,275.484375,3774.250
1785217973.424638987,1.492375,13,15,277.140625,3786.500
1785217973.424638987,1.492375,13,15,278.781250,3793.000
1785217973.424638987,1.492375,13,15,280.421875,3794.250
1785217973.424638987,1.492375,13,15,282.046875,3800.000
1785217973.424638987,1.492375,13,15,283.703125,3815.750
1785217973.424638987,1.492375,13,15,285.343750,3846.500
1785217973.424638987,1.492375,13,15,286.968750,3881.500
1785217973.424638987,1.492375,13,15,288.593750,3853.250
1785217973.424638987,1.492375,13,15,291.875000,3653.000
1785217973.424638987,1.492375,13,15,295.218750,3364.750
1785217973.424638987,1.492375,13,15,296.843750,3360.250
1785217973.424638987,1.492375,13,15,298.593750,3404.250
1785217973.424638987,1.492375,13,15,300.250000,3469.250
1785217973.424638987,1.492375,13,15,301.890625,3527.750
1785217973.424638987,1.492375,13,15,303.531250,3586.750
1785217973.424638987,1.492375,13,15,305.171875,3662.250
1785217973.424638987,1.492375,13,15,306.812500,3719.750
1785217973.424638987,1.492375,13,8,313.375000,3741.750
1785217973.424638987,1.492375,13,14,315.046875,3725.500
1785217973.424638987,1.492375,13,14,316.687500,3692.000
1785217973.424638987,1.492375,13,13,318.343750,3673.000
1785217973.424638987,1.492375,13,15,319.984375,3655.250
1785217973.424638987,1.492375,13,8,321.625000,3621.500
1785217973.424638987,1.492375,13,10,323.296875,3593.000
1785217973.424638987,1.492375,13,7,324.921875,3584.750
1785217973.424638987,1.492375,13,12,326.562500,3591.500
1785217973.424638987,1.492375,13,12,328.218750,3586.750
1785217973.424638987,1.492375,13,7,329.859375,3567.000
1785217973.424638987,1.492375,13,13,331.531250,3560.250
1785217973.424638987,1.492375,13,7,333.171875,3570.000
1785217973.424638987,1.492375,13,14,334.812500,3586.250
1785217973.424638987,1.492375,13,10,336.453125,3590.250
1785217973.424638987,1.492375,13,8,338.093750,3590.250
1785217973.424638987,1.492375,13,7,339.750000,3596.500
1785217973.424638987,1.492375,13,15,341.375000,3609.750
1785217973.424638987,1.492375,13,15,343.031250,3631.750
1785217973.424638987,1.492375,13,11,344.671875,3636.500
1785217973.424638987,1.492375,13,13,346.328125,3610.250
1785217973.424638987,1.492375,13,15,347.937500,3594.750
1785217973.424638987,1.492375,13,15,349.593750,3591.250
1785217973.535994768,1.647210,14,15,352.843750,3855.500
1785217973.535994768,1.647210,14,14,354.484375,3904.750
1785217973.535994768,1.647210,14,15,356.109375,3947.000
1785217973.535994768,1.647210,14,10,357.765625,3985.750
1785217973.535994768,1.647210,14,15,359.406250,4014.250
1785217973.535994768,1.647210,14,11,1.031250,4052.750
1785217973.535994768,1.647210,14,15,2.687500,4088.000
1785217973.535994768,1.647210,14,15,4.328125,4116.750
1785217973.535994768,1.647210,14,15,5.984375,4154.000
1785217973.535994768,1.647210,14,11,7.593750,4229.750
1785217973.535994768,1.647210,14,15,9.234375,4320.250
1785217973.535994768,1.647210,14,13,10.859375,4395.500
1785217973.535994768,1.647210,14,8,12.484375,4485.500
1785217973.535994768,1.647210,14,13,204.546875,8752.000
1785217973.535994768,1.647210,14,15,221.109375,5472.250
1785217973.535994768,1.647210,14,15,229.343750,4719.000
1785217973.535994768,1.647210,14,15,234.375000,3422.000
1785217973.535994768,1.647210,14,15,239.265625,3917.750
1785217973.535994768,1.647210,14,15,240.906250,3855.500
1785217973.535994768,1.647210,14,15,242.562500,3783.500
1785217973.535994768,1.647210,14,15,244.203125,3722.500
1785217973.535994768,1.647210,14,15,245.875000,3667.750
1785217973.535994768,1.647210,14,15,247.531250,3612.750
1785217973.535994768,1.647210,14,15,249.156250,3570.500
1785217973.535994768,1.647210,14,15,250.781250,3525.000
1785217973.535994768,1.647210,14,15,252.437500,3477.000
1785217973.535994768,1.647210,14,15,255.734375,3569.250
1785217973.535994768,1.647210,14,15,257.359375,3557.000
1785217973.535994768,1.647210,14,15,260.609375,3790.250
1785217973.535994768,1.647210,14,15,262.265625,3798.250
1785217973.535994768,1.647210,14,15,263.890625,3794.250
1785217973.535994768,1.647210,14,15,265.546875,3785.500
1785217973.535994768,1.647210,14,15,267.171875,3783.000
1785217973.535994768,1.647210,14,15,268.812500,3783.500
1785217973.535994768,1.647210,14,15,270.468750,3778.250
1785217973.535994768,1.647210,14,15,272.125000,3768.750
1785217973.535994768,1.647210,14,15,273.734375,3768.500
1785217973.535994768,1.647210,14,15,275.375000,3776.250
1785217973.535994768,1.647210,14,15,277.000000,3784.750
1785217973.535994768,1.647210,14,15,278.640625,3788.250
1785217973.535994768,1.647210,14,15,280.296875,3792.250
1785217973.535994768,1.647210,14,15,281.921875,3802.000
1785217973.535994768,1.647210,14,15,283.562500,3818.250
1785217973.535994768,1.647210,14,15,285.187500,3853.500
1785217973.535994768,1.647210,14,15,286.843750,3887.000
1785217973.535994768,1.647210,14,15,288.484375,3853.250
1785217973.535994768,1.647210,14,15,291.765625,3652.250
1785217973.535994768,1.647210,14,15,295.125000,3374.250
1785217973.535994768,1.647210,14,15,296.750000,3354.500
1785217973.535994768,1.647210,14,15,298.453125,3395.000
1785217973.535994768,1.647210,14,15,300.078125,3456.250
1785217973.535994768,1.647210,14,15,301.734375,3517.750
1785217973.535994768,1.647210,14,15,303.390625,3588.250
1785217973.535994768,1.647210,14,15,305.000000,3668.750
1785217973.535994768,1.647210,14,15,306.640625,3720.500
1785217973.535994768,1.647210,14,9,313.218750,3744.250
1785217973.535994768,1.647210,14,15,314.890625,3730.250
1785217973.535994768,1.647210,14,13,316.531250,3695.000
1785217973.535994768,1.647210,14,15,318.203125,3672.000
1785217973.535994768,1.647210,14,15,319.828125,3651.750
1785217973.535994768,1.647210,14,15,321.468750,3627.750
1785217973.535994768,1.647210,14,10,323.125000,3603.500
1785217973.535994768,1.647210,14,12,324.781250,3592.500
1785217973.535994768,1.647210,14,7,326.421875,3586.500
1785217973.535994768,1.647210,14,11,328.078125,3570.000
1785217973.535994768,1.647210,14,14,329.718750,3557.000
1785217973.535994768,1.647210,14,7,331.375000,3556.500
1785217973.535994768,1.647210,14,9,333.000000,3568.250
1785217973.535994768,1.647210,14,10,334.640625,3579.500
1785217973.535994768,1.647210,14,14,336.312500,3590.500
1785217973.535994768,1.647210,14,12,337.937500,3598.750
1785217973.535994768,1.647210,14,15,339.593750,3607.000
1785217973.535994768,1.647210,14,15,341.218750,3625.500
1785217973.535994768,1.647210,14,15,342.890625,3636.500
1785217973.535994768,1.647210,14,12,344.515625,3630.750
1785217973.535994768,1.647210,14,14,346.156250,3612.000
1785217973.535994768,1.647210,14,15,347.812500,3600.500
1785217973.535994768,1.647210,14,15,349.437500,3591.500
1785217973.646557331,1.738631,15,15,352.718750,3846.750
1785217973.646557331,1.738631,15,15,354.359375,3896.500
1785217973.646557331,1.738631,15,13,355.984375,3946.500
1785217973.646557331,1.738631,15,11,357.640625,3990.500
1785217973.646557331,1.738631,15,12,359.281250,4021.000
1785217973.646557331,1.738631,15,15,0.921875,4049.000
1785217973.646557331,1.738631,15,15,2.562500,4088.250
1785217973.646557331,1.738631,15,15,4.203125,4121.750
1785217973.646557331,1.738631,15,15,5.859375,4154.750
1785217973.646557331,1.738631,15,13,7.484375,4227.000
1785217973.646557331,1.738631,15,15,9.109375,4315.250
1785217973.646557331,1.738631,15,15,10.734375,4394.000
1785217973.646557331,1.738631,15,14,12.375000,4475.500
1785217973.646557331,1.738631,15,15,222.546875,5313.750
1785217973.646557331,1.738631,15,15,225.843750,5016.500
1785217973.646557331,1.738631,15,15,229.125000,4732.500
1785217973.646557331,1.738631,15,15,234.171875,3428.500
1785217973.646557331,1.738631,15,15,239.031250,3917.750
1785217973.646557331,1.738631,15,15,240.671875,3856.000
1785217973.646557331,1.738631,15,15,242.328125,3793.000
1785217973.646557331,1.738631,15,15,243.968750,3736.000
1785217973.646557331,1.738631,15,15,245.625000,3689.500
1785217973.646557331,1.738631,15,15,247.281250,3627.500
1785217973.646557331,1.738631,15,15,248.937500,3563.500
1785217973.646557331,1.738631,15,15,250.593750,3522.500
1785217973.646557331,1.738631,15,15,252.234375,3479.000
1785217973.646557331,1.738631,15,15,253.859375,3507.250
1785217973.646557331,1.738631,15,15,255.515625,3557.500
1785217973.646557331,1.738631,15,15,257.156250,3547.750
1785217973.646557331,1.738631,15,15,260.406250,3783.750
1785217973.646557331,1.738631,15,15,262.062500,3795.000
1785217973.646557331,1.738631,15,15,263.718750,3797.000
1785217973.646557331,1.738631,15,15,265.343750,3790.750
1785217973.646557331,1.738631,15,15,266.984375,3778.750
1785217973.646557331,1.738631,15,15,268.625000,3775.500
1785217973.646557331,1.738631,15,15,270.281250,3771.750
1785217973.646557331,1.738631,15,15,271.906250,3762.750
1785217973.646557331,1.738631,15,15,273.562500,3767.750
1785217973.646557331,1.738631,15,15,275.218750,3777.750
1785217973.646557331,1.738631,15,15,276.843750,3779.750
1785217973.646557331,1.738631,15,15,278.468750,3786.500
1785217973.646557331,1.738631,15,15,280.140625,3792.000
1785217973.646557331,1.738631,15,15,281.781250,3805.000
1785217973.646557331,1.738631,15,15,283.406250,3828.250
1785217973.646557331,1.738631,15,15,285.046875,3855.250
1785217973.646557331,1.738631,15,15,286.687500,3884.250
1785217973.646557331,1.738631,15,15,288.312500,3862.000
1785217973.646557331,1.738631,15,15,291.640625,3654.250
1785217973.646557331,1.738631,15,15,294.953125,3375.500
1785217973.646557331,1.738631,15,15,296.609375,3346.500
1785217973.646557331,1.738631,15,15,298.234375,3387.000
1785217973.646557331,1.738631,15,15,299.937500,3444.500
1785217973.646557331,1.738631,15,15,301.593750,3503.500
1785217973.646557331,1.738631,15,15,303.218750,3571.000
1785217973.646557331,1.738631,15,15,304.859375,3658.750
1785217973.646557331,1.738631,15,15,306.500000,3717.250
1785217973.646557331,1.738631,15,9,313.078125,3745.500
1785217973.646557331,1.738631,15,11,314.765625,3726.000
1785217973.646557331,1.738631,15,15,316.406250,3687.500
1785217973.646557331,1.738631,15,13,318.031250,3672.250
1785217973.646557331,1.738631,15,14,319.703125,3652.250
1785217973.646557331,1.738631,15,7,321.343750,3619.000
1785217973.646557331,1.738631,15,12,322.984375,3586.750
1785217973.646557331,1.738631,15,11,324.625000,3592.750
1785217973.646557331,1.738631,15,6,326.265625,3588.750
1785217973.646557331,1.738631,15,8,327.937500,3564.750
1785217973.646557331,1.738631,15,7,329.562500,3558.000
1785217973.646557331,1.738631,15,8,331.203125,3557.500
1785217973.646557331,1.738631,15,10,332.859375,3560.000
1785217973.646557331,1.738631,15,10,334.484375,3571.750
1785217973.646557331,1.738631,15,9,336.156250,3579.250
1785217973.646557331,1.738631,15,15,337.781250,3586.500
1785217973.646557331,1.738631,15,15,339.421875,3606.250
1785217973.646557331,1.738631,15,15,341.062500,3626.750
1785217973.646557331,1.738631,15,15,342.734375,3643.750
1785217973.646557331,1.738631,15,12,344.359375,3637.750
1785217973.646557331,1.738631,15,15,346.031250,3615.250
1785217973.646557331,1.738631,15,15,347.671875,3602.000
1785217973.646557331,1.738631,15,15,349.312500,3592.750
1785217973.758087873,1.816468,16,15,352.578125,3849.750
1785217973.758087873,1.816468,16,15,354.218750,3893.750
1785217973.758087873,1.816468,16,14,355.875000,3939.250
1785217973.758087873,1.816468,16,10,357.531250,3974.750
1785217973.758087873,1.816468,16,15,359.156250,4007.250
1785217973.758087873,1.816468,16,11,0.796875,4041.750
1785217973.758087873,1.816468,16,15,2.437500,4080.750
1785217973.758087873,1.816468,16,15,4.093750,4120.250
1785217973.758087873,1.816468,16,15,5.734375,4149.750
1785217973.758087873,1.816468,16,15,7.375000,4214.000
1785217973.758087873,1.816468,16,15,9.031250,4309.250
1785217973.758087873,1.816468,16,15,10.593750,4392.250
1785217973.758087873,1.816468,16,13,12.234375,4470.500
1785217973.758087873,1.816468,16,15,222.468750,5315.500
1785217973.758087873,1.816468,16,15,225.765625,5015.750
1785217973.758087873,1.816468,16,15,229.031250,4735.000
1785217973.758087873,1.816468,16,15,234.078125,3434.500
1785217973.758087873,1.816468,16,15,235.687500,3441.250
1785217973.758087873,1.816468,16,15,238.921875,3928.250
1785217973.758087873,1.816468,16,15,240.578125,3860.250
1785217973.758087873,1.816468,16,15,242.250000,3790.750
1785217973.758087873,1.816468,16,15,243.875000,3735.500
1785217973.758087873,1.816468,16,15,245.531250,3689.250
1785217973.758087873,1.816468,16,15,247.156250,3627.750
1785217973.758087873,1.816468,16,15,248.796875,3568.000
1785217973.758087873,1.816468,16,15,250.546875,3528.500
1785217973.758087873,1.816468,16,15,252.187500,3479.750
1785217973.758087873,1.816468,16,15,253.843750,3504.750
1785217973.758087873,1.816468,16,15,255.453125,3555.000
1785217973.758087873,1.816468,16,15,257.109375,3544.750
1785217973.758087873,1.816468,16,15,260.375000,3788.750
1785217973.758087873,1.816468,16,15,262.015625,3799.500
1785217973.758087873,1.816468,16,15,263.656250,3797.250
1785217973.758087873,1.816468,16,15,265.296875,3792.000
1785217973.758087873,1.816468,16,15,266.953125,3780.000
1785217973.758087873,1.816468,16,15,268.593750,3775.000
1785217973.758087873,1.816468,16,15,270.250000,3771.250
1785217973.758087873,1.816468,16,15,271.906250,3763.000
1785217973.758087873,1.816468,16,15,273.531250,3768.750
1785217973.758087873,1.816468,16,15,275.140625,3782.750
1785217973.758087873,1.816468,16,15,276.796875,3783.750
1785217973.758087873,1.816468,16,15,278.437500,3786.250
1785217973.758087873,1.816468,16,15,280.093750,3792.000
1785217973.758087873,1.816468,16,15,281.718750,3804.750
1785217973.758087873,1.816468,16,15,283.375000,3826.750
1785217973.758087873,1.816468,16,15,284.984375,3855.000
1785217973.758087873,1.816468,16,15,286.640625,3883.000
1785217973.758087873,1.816468,16,14,288.296875,3888.000
1785217973.758087873,1.816468,16,15,291.609375,3654.750
1785217973.758087873,1.816468,16,15,294.921875,3377.250
1785217973.758087873,1.816468,16,15,296.578125,3347.750
1785217973.758087873,1.816468,16,15,298.203125,3387.000
1785217973.758087873,1.816468,16,15,299.921875,3444.500
1785217973.758087873,1.816468,16,15,301.546875,3502.500
1785217973.758087873,1.816468,16,15,303.203125,3569.250
1785217973.758087873,1.816468,16,15,304.828125,3652.250
1785217973.758087873,1.816468,16,15,306.468750,3710.500
1785217973.758087873,1.816468,16,11,313.062500,3743.500
1785217973.758087873,1.816468,16,11,314.734375,3725.000
1785217973.758087873,1.816468,16,15,316.359375,3686.750
1785217973.758087873,1.816468,16,12,318.015625,3672.000
1785217973.758087873,1.816468,16,14,319.687500,3653.000
1785217973.758087873,1.816468,16,7,321.312500,3618.250
1785217973.758087873,1.816468,16,12,323.000000,3585.250
1785217973.758087873,1.816468,16,9,324.625000,3592.500
1785217973.758087873,1.816468,16,7,326.296875,3588.500
1785217973.758087873,1.816468,16,11,327.937500,3564.250
1785217973.758087873,1.816468,16,8,329.578125,3559.000
1785217973.758087873,1.816468,16,9,331.250000,3558.250
1785217973.758087873,1.816468,16,12,332.875000,3560.750
1785217973.758087873,1.816468,16,15,334.531250,3575.500
1785217973.758087873,1.816468,16,7,336.171875,3583.250
1785217973.758087873,1.816468,16,15,337.828125,3589.750
1785217973.758087873,1.816468,16,15,339.468750,3609.750
1785217973.758087873,1.816468,16,15,341.125000,3630.250
1785217973.758087873,1.816468,16,15,342.765625,3645.500
1785217973.758087873,1.816468,16,13,344.406250,3639.500
1785217973.758087873,1.816468,16,14,346.078125,3617.250
1785217973.758087873,1.816468,16,15,347.750000,3601.750
1785217973.758087873,1.816468,16,15,349.359375,3591.750
1785217973.869492054,1.971104,17,15,352.640625,3849.000
1785217973.869492054,1.971104,17,15,354.296875,3893.750
1785217973.869492054,1.971104,17,15,355.937500,3939.250
1785217973.869492054,1.971104,17,10,357.578125,3983.750
1785217973.869492054,1.971104,17,14,359.234375,4019.000
1785217973.869492054,1.971104,17,15,0.875000,4049.500
1785217973.869492054,1.971104,17,15,2.531250,4084.500
1785217973.869492054,1.971104,17,15,4.171875,4118.000
1785217973.869492054,1.971104,17,15,5.812500,4148.500
1785217973.869492054,1.971104,17,14,7.468750,4216.750
1785217973.869492054,1.971104,17,15,9.109375,4311.000
1785217973.869492054,1.971104,17,15,10.656250,4390.250
1785217973.869492054,1.971104,17,10,12.296875,4473.250
1785217973.869492054,1.971104,17,7,181.390625,10178.500
1785217973.869492054,1.971104,17,13,204.421875,8645.000
1785217973.869492054,1.971104,17,15,225.921875,4981.750
1785217973.869492054,1.971104,17,15,227.562500,4839.250
1785217973.869492054,1.971104,17,15,229.203125,4722.000
1785217973.869492054,1.971104,17,15,234.265625,3423.500
1785217973.869492054,1.971104,17,15,239.125000,3919.250
1785217973.869492054,1.971104,17,15,240.781250,3857.750
1785217973.869492054,1.971104,17,15,242.437500,3785.750
1785217973.869492054,1.971104,17,15,244.062500,3727.500
1785217973.869492054,1.971104,17,15,245.718750,3677.000
1785217973.869492054,1.971104,17,15,247.359375,3616.500
1785217973.869492054,1.971104,17,15,249.015625,3563.750
1785217973.869492054,1.971104,17,15,250.703125,3523.250
1785217973.869492054,1.971104,17,15,252.359375,3481.000
1785217973.869492054,1.971104,17,15,255.625000,3571.500
1785217973.869492054,1.971104,17,15,257.281250,3558.250
1785217973.869492054,1.971104,17,15,260.531250,3796.250
1785217973.869492054,1.971104,17,15,262.187500,3796.250
1785217973.869492054,1.971104,17,15,263.812500,3793.250
1785217973.869492054,1.971104,17,15,265.468750,3786.750
1785217973.869492054,1.971104,17,15,267.109375,3781.750
1785217973.869492054,1.971104,17,15,268.765625,3779.750
1785217973.869492054,1.971104,17,15,270.390625,3776.250
1785217973.869492054,1.971104,17,15,272.046875,3765.000
1785217973.869492054,1.971104,17,15,273.687500,3767.250
1785217973.869492054,1.971104,17,15,275.281250,3777.500
1785217973.869492054,1.971104,17,15,276.937500,3780.500
1785217973.869492054,1.971104,17,15,278.578125,3786.750
1785217973.869492054,1.971104,17,15,280.234375,3794.250
1785217973.869492054,1.971104,17,15,281.859375,3803.500
1785217973.869492054,1.971104,17,15,283.500000,3821.250
1785217973.869492054,1.971104,17,15,285.125000,3855.000
1785217973.869492054,1.971104,17,15,286.765625,3885.750
1785217973.869492054,1.971104,17,15,288.421875,3859.750
1785217973.869492054,1.971104,17,15,291.718750,3637.250
1785217973.869492054,1.971104,17,15,295.031250,3376.000
1785217973.869492054,1.971104,17,15,296.687500,3354.750
1785217973.869492054,1.971104,17,15,298.328125,3398.250
1785217973.869492054,1.971104,17,15,300.031250,3459.500
1785217973.869492054,1.971104,17,15,301.687500,3516.000
1785217973.869492054,1.971104,17,15,303.328125,3586.250
1785217973.869492054,1.971104,17,15,304.953125,3667.250
1785217973.869492054,1.971104,17,15,306.593750,3716.250
1785217973.869492054,1.971104,17,7,313.187500,3744.000
1785217973.869492054,1.971104,17,14,314.843750,3733.500
1785217973.869492054,1.971104,17,11,316.484375,3695.250
1785217973.869492054,1.971104,17,15,318.140625,3673.000
1785217973.869492054,1.971104,17,15,319.781250,3653.500
1785217973.869492054,1.971104,17,15,321.468750,3630.750
1785217973.869492054,1.971104,17,11,323.156250,3606.750
1785217973.869492054,1.971104,17,13,324.796875,3595.000
1785217973.869492054,1.971104,17,6,326.453125,3589.000
1785217973.869492054,1.971104,17,15,328.125000,3577.250
1785217973.869492054,1.971104,17,10,329.781250,3566.750
1785217973.869492054,1.971104,17,12,331.421875,3560.250
1785217973.869492054,1.971104,17,8,333.062500,3569.500
1785217973.869492054,1.971104,17,10,334.718750,3582.000
1785217973.869492054,1.971104,17,6,336.359375,3591.250
1785217973.869492054,1.971104,17,8,338.015625,3595.000
1785217973.869492054,1.971104,17,7,339.671875,3596.000
1785217973.869492054,1.971104,17,15,341.312500,3609.500
1785217973.869492054,1.971104,17,15,342.984375,3629.250
1785217973.869492054,1.971104,17,12,344.640625,3630.500
1785217973.869492054,1.971104,17,14,346.281250,3606.000
1785217973.869492054,1.971104,17,15,347.906250,3594.500
1785217973.869492054,1.971104,17,15,349.562500,3591.500
1785217973.984414816,2.049027,18,15,352.843750,3856.750
1785217973.984414816,2.049027,18,13,354.468750,3904.500
1785217973.984414816,2.049027,18,15,356.140625,3947.000
1785217973.984414816,2.049027,18,11,357.765625,3987.500
1785217973.984414816,2.049027,18,14,359.421875,4015.750
1785217973.984414816,2.049027,18,11,1.046875,4051.750
1785217973.984414816,2.049027,18,15,2.718750,4087.500
1785217973.984414816,2.049027,18,15,4.375000,4116.750
1785217973.984414816,2.049027,18,15,6.015625,4153.500
1785217973.984414816,2.049027,18,12,7.656250,4221.000
1785217973.984414816,2.049027,18,15,9.281250,4318.500
1785217973.984414816,2.049027,18,14,10.875000,4402.500
1785217973.984414816,2.049027,18,10,12.515625,4484.750
1785217973.984414816,2.049027,18,15,221.250000,5428.000
1785217973.984414816,2.049027,18,15,224.578125,5075.250
1785217973.984414816,2.049027,18,15,234.593750,3415.500
1785217973.984414816,2.049027,18,15,239.484375,3905.500
1785217973.984414816,2.049027,18,15,241.125000,3836.250
1785217973.984414816,2.049027,18,15,242.781250,3778.000
1785217973.984414816,2.049027,18,15,244.453125,3722.000
1785217973.984414816,2.049027,18,15,246.093750,3656.750
1785217973.984414816,2.049027,18,15,247.765625,3602.000
1785217973.984414816,2.049027,18,15,249.406250,3563.750
1785217973.984414816,2.049027,18,15,251.031250,3521.000
1785217973.984414816,2.049027,18,15,252.687500,3462.750
1785217973.984414816,2.049027,18,15,255.984375,3557.000
1785217973.984414816,2.049027,18,15,257.609375,3566.000
1785217973.984414816,2.049027,18,15,260.890625,3812.250
1785217973.984414816,2.049027,18,15,262.531250,3800.250
1785217973.984414816,2.049027,18,15,264.156250,3795.750
1785217973.984414816,2.049027,18,15,265.812500,3789.250
1785217973.984414816,2.049027,18,15,267.453125,3782.750
1785217973.984414816,2.049027,18,15,269.125000,3771.000
1785217973.984414816,2.049027,18,15,270.765625,3770.250
1785217973.984414816,2.049027,18,15,272.390625,3778.250
1785217973.984414816,2.049027,18,15,274.031250,3770.000
1785217973.984414816,2.049027,18,15,275.625000,3766.750
1785217973.984414816,2.049027,18,15,277.250000,3783.000
1785217973.984414816,2.049027,18,15,278.906250,3792.500
1785217973.984414816,2.049027,18,15,280.531250,3795.750
1785217973.984414816,2.049027,18,15,282.187500,3804.000
1785217973.984414816,2.049027,18,15,283.828125,3821.500
1785217973.984414816,2.049027,18,15,285.453125,3859.000
1785217973.984414816,2.049027,18,15,287.078125,3893.250
1785217973.984414816,2.049027,18,15,292.046875,3636.500
1785217973.984414816,2.049027,18,15,295.343750,3346.250
1785217973.984414816,2.049027,18,15,296.984375,3365.250
1785217973.984414816,2.049027,18,15,298.734375,3406.250
1785217973.984414816,2.049027,18,15,300.343750,3467.000
1785217973.984414816,2.049027,18,15,301.984375,3526.250
1785217973.984414816,2.049027,18,15,303.625000,3594.250
1785217973.984414816,2.049027,18,15,305.281250,3665.250
1785217973.984414816,2.049027,18,15,306.906250,3722.500
1785217973.984414816,2.049027,18,7,313.515625,3750.250
1785217973.984414816,2.049027,18,14,315.125000,3720.500
1785217973.984414816,2.049027,18,14,316.812500,3683.250
1785217973.984414816,2.049027,18,14,318.437500,3667.500
1785217973.984414816,2.049027,18,15,320.109375,3648.250
1785217973.984414816,2.049027,18,9,321.750000,3615.500
1785217973.984414816,2.049027,18,12,323.484375,3595.250
1785217973.984414816,2.049027,18,6,325.125000,3589.250
1785217973.984414816,2.049027,18,7,326.812500,3576.750
1785217973.984414816,2.049027,18,13,328.453125,3565.500
1785217973.984414816,2.049027,18,9,330.093750,3563.000
1785217973.984414816,2.049027,18,15,331.750000,3564.000
1785217973.984414816,2.049027,18,12,333.406250,3572.250
1785217973.984414816,2.049027,18,7,335.062500,3583.000
1785217973.984414816,2.049027,18,12,336.703125,3587.000
1785217973.984414816,2.049027,18,9,338.359375,3597.000
1785217973.984414816,2.049027,18,9,340.000000,3601.750
1785217973.984414816,2.049027,18,15,341.656250,3616.250
1785217973.984414816,2.049027,18,15,343.296875,3635.750
1785217973.984414816,2.049027,18,15,344.968750,3634.250
1785217973.984414816,2.049027,18,15,346.578125,3627.000
1785217973.984414816,2.049027,18,15,348.234375,3606.000
1785217973.984414816,2.049027,18,15,349.875000,3588.250
1785217974.095708847,2.159042,19,15,353.156250,3867.000
1785217974.095708847,2.159042,19,15,354.781250,3909.250
1785217974.095708847,2.159042,19,12,356.421875,3949.000
1785217974.095708847,2.159042,19,13,358.078125,3980.750
1785217974.095708847,2.159042,19,11,359.734375,4015.000
1785217974.095708847,2.159042,19,15,1.375000,4056.750
1785217974.095708847,2.159042,19,15,3.031250,4087.000
1785217974.095708847,2.159042,19,15,4.671875,4120.000
1785217974.095708847,2.159042,19,15,6.312500,4161.750
1785217974.095708847,2.159042,19,12,7.937500,4241.500
1785217974.095708847,2.159042,19,15,9.593750,4342.250
1785217974.095708847,2.159042,19,14,11.171875,4407.750
1785217974.095708847,2.159042,19,12,12.812500,4484.750
1785217974.095708847,2.159042,19,15,218.171875,5880.000
1785217974.095708847,2.159042,19,15,221.484375,5433.250
1785217974.095708847,2.159042,19,15,229.765625,4690.000
1785217974.095708847,2.159042,19,15,233.156250,3440.750
1785217974.095708847,2.159042,19,15,234.828125,3429.750
1785217974.095708847,2.159042,19,15,239.703125,3906.000
1785217974.095708847,2.159042,19,15,241.328125,3839.250
1785217974.095708847,2.159042,19,15,243.015625,3780.500
1785217974.095708847,2.159042,19,15,244.640625,3736.000
1785217974.095708847,2.159042,19,15,246.296875,3657.500
1785217974.095708847,2.159042,19,15,247.953125,3588.750
1785217974.095708847,2.159042,19,15,249.609375,3550.500
1785217974.095708847,2.159042,19,15,251.218750,3510.000
1785217974.095708847,2.159042,19,15,252.890625,3458.000
1785217974.095708847,2.159042,19,15,256.171875,3566.750
1785217974.095708847,2.159042,19,15,261.062500,3811.750
1785217974.095708847,2.159042,19,15,262.718750,3804.000
1785217974.095708847,2.159042,19,15,264.359375,3796.500
1785217974.095708847,2.159042,19,15,266.000000,3790.500
1785217974.095708847,2.159042,19,15,267.625000,3782.250
1785217974.095708847,2.159042,19,15,269.281250,3776.500
1785217974.095708847,2.159042,19,15,270.921875,3768.500
1785217974.095708847,2.159042,19,15,272.562500,3765.000
1785217974.095708847,2.159042,19,15,274.218750,3770.750
1785217974.095708847,2.159042,19,15,275.812500,3778.250
1785217974.095708847,2.159042,19,15,277.437500,3788.000
1785217974.095708847,2.159042,19,15,279.093750,3790.250
1785217974.095708847,2.159042,19,15,280.718750,3798.750
1785217974.095708847,2.159042,19,15,282.343750,3802.500
1785217974.095708847,2.159042,19,15,284.000000,3820.750
1785217974.095708847,2.159042,19,15,285.640625,3861.250
1785217974.095708847,2.159042,19,15,287.265625,3894.250
1785217974.095708847,2.159042,19,15,288.906250,3854.500
1785217974.095708847,2.159042,19,15,292.203125,3626.500
1785217974.095708847,2.159042,19,15,295.515625,3335.250
1785217974.095708847,2.159042,19,15,297.171875,3364.500
1785217974.095708847,2.159042,19,15,298.921875,3401.000
1785217974.095708847,2.159042,19,15,300.562500,3461.750
1785217974.095708847,2.159042,19,15,302.218750,3526.750
1785217974.095708847,2.159042,19,15,303.859375,3609.500
1785217974.095708847,2.159042,19,15,305.500000,3685.000
1785217974.095708847,2.159042,19,9,313.718750,3722.500
1785217974.095708847,2.159042,19,15,315.359375,3731.000
1785217974.095708847,2.159042,19,15,317.015625,3699.000
1785217974.095708847,2.159042,19,15,318.671875,3668.250
1785217974.095708847,2.159042,19,10,320.312500,3653.750
1785217974.095708847,2.159042,19,9,321.984375,3618.250
1785217974.095708847,2.159042,19,12,323.640625,3594.750
1785217974.095708847,2.159042,19,6,325.328125,3592.000
1785217974.095708847,2.159042,19,8,326.953125,3577.500
1785217974.095708847,2.159042,19,9,328.593750,3569.250
1785217974.095708847,2.159042,19,8,330.265625,3566.250
1785217974.095708847,2.159042,19,12,331.906250,3563.500
1785217974.095708847,2.159042,19,9,333.546875,3571.750
1785217974.095708847,2.159042,19,9,335.203125,3579.250
1785217974.095708847,2.159042,19,9,336.875000,3580.750
1785217974.095708847,2.159042,19,12,338.500000,3593.500
1785217974.095708847,2.159042,19,15,340.171875,3604.250
1785217974.095708847,2.159042,19,9,341.812500,3613.500
1785217974.095708847,2.159042,19,8,343.484375,3624.500
1785217974.095708847,2.159042,19,14,345.109375,3623.500
1785217974.095708847,2.159042,19,15,346.734375,3617.000
1785217974.095708847,2.159042,19,15,348.359375,3608.000
1785217974.095708847,2.159042,19,15,350.015625,3592.500
1785217974.207135439,2.316114,20,15,353.265625,3869.500
1785217974.207135439,2.316114,20,15,354.906250,3923.500
1785217974.207135439,2.316114,20,14,356.562500,3955.750
1785217974.207135439,2.316114,20,12,358.203125,3979.750
1785217974.207135439,2.316114,20,10,359.843750,4013.000
1785217974.207135439,2.316114,20,11,1.484375,4053.000
1785217974.207135439,2.316114,20,15,3.140625,4086.250
1785217974.207135439,2.316114,20,15,4.781250,4114.250
1785217974.207135439,2.316114,20,15,6.421875,4159.500
1785217974.207135439,2.316114,20,15,8.046875,4242.250
1785217974.207135439,2.316114,20,15,9.687500,4342.250
1785217974.207135439,2.316114,20,15,11.328125,4414.250
1785217974.207135439,2.316114,20,8,183.734375,10156.500
1785217974.207135439,2.316114,20,15,221.734375,5401.750
1785217974.207135439,2.316114,20,15,229.937500,4685.000
1785217974.207135439,2.316114,20,15,233.312500,3451.750
1785217974.207135439,2.316114,20,15,234.968750,3424.750
1785217974.207135439,2.316114,20,15,239.843750,3902.750
1785217974.207135439,2.316114,20,15,241.500000,3844.000
1785217974.207135439,2.316114,20,15,243.140625,3779.250
1785217974.207135439,2.316114,20,15,244.796875,3721.250
1785217974.207135439,2.316114,20,15,246.437500,3661.000
1785217974.207135439,2.316114,20,15,248.093750,3604.750
1785217974.207135439,2.316114,20,15,249.718750,3557.750
1785217974.207135439,2.316114,20,15,251.406250,3521.500
1785217974.207135439,2.316114,20,15,253.031250,3467.250
1785217974.207135439,2.316114,20,15,256.328125,3560.500
1785217974.207135439,2.316114,20,15,257.953125,3604.000
1785217974.207135439,2.316114,20,15,261.218750,3813.250
1785217974.207135439,2.316114,20,15,262.843750,3797.500
1785217974.207135439,2.316114,20,15,264.500000,3791.000
1785217974.207135439,2.316114,20,15,266.140625,3790.750
1785217974.207135439,2.316114,20,15,267.765625,3785.500
1785217974.207135439,2.316114,20,15,269.437500,3776.500
1785217974.207135439,2.316114,20,15,271.078125,3768.500
1785217974.207135439,2.316114,20,15,272.703125,3776.500
1785217974.207135439,2.316114,20,15,274.343750,3781.000
1785217974.207135439,2.316114,20,15,275.953125,3780.250
1785217974.207135439,2.316114,20,15,277.578125,3786.000
1785217974.207135439,2.316114,20,15,279.234375,3790.500
1785217974.207135439,2.316114,20,15,280.875000,3805.500
1785217974.207135439,2.316114,20,15,282.500000,3826.000
1785217974.207135439,2.316114,20,15,284.156250,3842.750
1785217974.207135439,2.316114,20,15,285.781250,3865.250
1785217974.207135439,2.316114,20,13,287.421875,3902.250
1785217974.207135439,2.316114,20,15,292.375000,3615.750
1785217974.207135439,2.316114,20,15,295.687500,3327.750
1785217974.207135439,2.316114,20,15,297.312500,3384.250
1785217974.207135439,2.316114,20,15,299.078125,3428.500
1785217974.207135439,2.316114,20,15,300.734375,3465.750
1785217974.207135439,2.316114,20,15,302.359375,3524.750
1785217974.207135439,2.316114,20,15,305.656250,3528.000
1785217974.207135439,2.316114,20,15,307.328125,3479.750
1785217974.207135439,2.316114,20,15,308.968750,3467.000
1785217974.207135439,2.316114,20,15,310.625000,3443.000
1785217974.207135439,2.316114,20,14,312.250000,3431.000
1785217974.207135439,2.316114,20,6,313.937500,3411.750
1785217974.207135439,2.316114,20,7,315.562500,3371.250
1785217974.207135439,2.316114,20,13,317.218750,3354.750
1785217974.207135439,2.316114,20,14,318.875000,3345.500
1785217974.207135439,2.316114,20,15,320.500000,3345.250
1785217974.207135439,2.316114,20,8,322.156250,3352.000
1785217974.207135439,2.316114,20,15,323.765625,3343.000
1785217974.207135439,2.316114,20,6,325.406250,3350.500
1785217974.207135439,2.316114,20,7,327.031250,3369.000
1785217974.207135439,2.316114,20,8,328.687500,3374.500
1785217974.207135439,2.316114,20,9,330.343750,3386.000
1785217974.207135439,2.316114,20,6,332.000000,3401.500
1785217974.207135439,2.316114,20,15,333.609375,3429.750
1785217974.207135439,2.316114,20,15,335.265625,3470.750
1785217974.207135439,2.316114,20,15,336.906250,3497.750
1785217974.207135439,2.316114,20,15,338.562500,3516.000
1785217974.207135439,2.316114,20,11,340.203125,3535.000
1785217974.207135439,2.316114,20,10,341.828125,3560.250
1785217974.207135439,2.316114,20,15,343.468750,3602.000
1785217974.207135439,2.316114,20,15,345.125000,3619.250
1785217974.207135439,2.316114,20,15,346.687500,3613.250
1785217974.207135439,2.316114,20,15,348.312500,3605.500
1785217974.207135439,2.316114,20,15,349.968750,3590.250
1785217974.318634510,2.392422,21,15,353.234375,3847.750
1785217974.318634510,2.392422,21,15,354.843750,3892.750
1785217974.318634510,2.392422,21,15,356.484375,3948.750
1785217974.318634510,2.392422,21,15,358.125000,3981.750
1785217974.318634510,2.392422,21,12,359.750000,4008.250
1785217974.318634510,2.392422,21,11,1.406250,4046.750
1785217974.318634510,2.392422,21,15,3.015625,4082.500
1785217974.318634510,2.392422,21,15,4.671875,4117.000
1785217974.318634510,2.392422,21,15,6.296875,4157.500
1785217974.318634510,2.392422,21,14,7.937500,4219.000
1785217974.318634510,2.392422,21,14,9.578125,4303.000
1785217974.318634510,2.392422,21,15,11.234375,4388.750
1785217974.318634510,2.392422,21,15,12.875000,4461.500
1785217974.318634510,2.392422,21,15,225.984375,4988.250
1785217974.318634510,2.392422,21,15,227.750000,4856.750
1785217974.318634510,2.392422,21,15,229.390625,4727.250
1785217974.318634510,2.392422,21,15,234.421875,3447.250
1785217974.318634510,2.392422,21,11,236.062500,3466.500
1785217974.318634510,2.392422,21,15,239.281250,3922.250
1785217974.318634510,2.392422,21,15,240.937500,3859.750
1785217974.318634510,2.392422,21,15,242.593750,3800.500
1785217974.318634510,2.392422,21,15,244.234375,3741.250
1785217974.318634510,2.392422,21,15,245.890625,3695.000
1785217974.318634510,2.392422,21,15,247.515625,3653.250
1785217974.318634510,2.392422,21,15,249.171875,3590.000
1785217974.318634510,2.392422,21,15,250.828125,3548.750
1785217974.318634510,2.392422,21,15,252.468750,3515.000
1785217974.318634510,2.392422,21,15,254.109375,3534.000
1785217974.318634510,2.392422,21,15,255.750000,3569.750
1785217974.318634510,2.392422,21,15,257.406250,3551.250
1785217974.318634510,2.392422,21,15,260.640625,3791.500
1785217974.318634510,2.392422,21,15,262.296875,3799.250
1785217974.318634510,2.392422,21,15,263.953125,3797.250
1785217974.318634510,2.392422,21,15,265.578125,3792.250
1785217974.318634510,2.392422,21,15,267.234375,3787.250
1785217974.318634510,2.392422,21,15,268.859375,3781.000
1785217974.318634510,2.392422,21,15,270.500000,3787.750
1785217974.318634510,2.392422,21,15,272.156250,3784.000
1785217974.318634510,2.392422,21,15,273.796875,3771.500
1785217974.318634510,2.392422,21,15,275.406250,3791.750
1785217974.318634510,2.392422,21,15,277.046875,3800.500
1785217974.318634510,2.392422,21,15,278.687500,3790.500
1785217974.318634510,2.392422,21,15,280.312500,3796.750
1785217974.318634510,2.392422,21,15,281.968750,3809.500
1785217974.318634510,2.392422,21,15,283.578125,3827.000
1785217974.318634510,2.392422,21,15,285.203125,3859.250
1785217974.318634510,2.392422,21,15,286.875000,3892.500
1785217974.318634510,2.392422,21,13,288.515625,3885.750
1785217974.318634510,2.392422,21,15,291.812500,3655.750
1785217974.318634510,2.392422,21,15,295.140625,3380.750
1785217974.318634510,2.392422,21,15,296.750000,3358.250
1785217974.318634510,2.392422,21,15,298.390625,3400.000
1785217974.318634510,2.392422,21,15,300.031250,3461.000
1785217974.318634510,2.392422,21,15,301.656250,3537.250
1785217974.318634510,2.392422,21,15,303.296875,3607.750
1785217974.318634510,2.392422,21,15,304.921875,3671.750
1785217974.318634510,2.392422,21,7,306.562500,3697.750
1785217974.318634510,2.392422,21,13,311.515625,3666.500
1785217974.318634510,2.392422,21,9,313.156250,3612.000
1785217974.318634510,2.392422,21,15,314.781250,3559.500
1785217974.318634510,2.392422,21,15,316.437500,3532.000
1785217974.318634510,2.392422,21,15,318.093750,3507.500
1785217974.318634510,2.392422,21,7,319.718750,3465.750
1785217974.318634510,2.392422,21,13,321.359375,3428.250
1785217974.318634510,2.392422,21,15,322.968750,3427.500
1785217974.318634510,2.392422,21,7,324.593750,3420.500
1785217974.318634510,2.392422,21,9,326.250000,3398.000
1785217974.318634510,2.392422,21,15,327.906250,3406.250
1785217974.318634510,2.392422,21,15,329.515625,3423.500
1785217974.318634510,2.392422,21,15,331.156250,3428.000
1785217974.318634510,2.392422,21,15,332.796875,3429.500
1785217974.318634510,2.392422,21,7,334.421875,3423.000
1785217974.318634510,2.392422,21,15,336.062500,3427.000
1785217974.318634510,2.392422,21,15,337.687500,3439.750
1785217974.318634510,2.392422,21,15,339.328125,3449.750
1785217974.318634510,2.392422,21,15,340.968750,3470.500
1785217974.318634510,2.392422,21,15,342.609375,3503.500
1785217974.318634510,2.392422,21,15,344.234375,3533.250
1785217974.318634510,2.392422,21,15,345.890625,3545.750
1785217974.318634510,2.392422,21,12,347.578125,3558.500
1785217974.318634510,2.392422,21,15,349.234375,3574.750
1785217974.432533026,2.546703,22,15,350.875000,3558.000
1785217974.432533026,2.546703,22,15,355.750000,3848.000
1785217974.432533026,2.546703,22,15,357.406250,3899.500
1785217974.432533026,2.546703,22,15,359.031250,3929.500
1785217974.432533026,2.546703,22,10,0.656250,3967.750
1785217974.432533026,2.546703,22,11,2.296875,3992.000
1785217974.432533026,2.546703,22,15,3.921875,4040.000
1785217974.432533026,2.546703,22,15,5.578125,4115.500
1785217974.432533026,2.546703,22,14,7.218750,4171.500
1785217974.432533026,2.546703,22,12,8.859375,4242.750
1785217974.432533026,2.546703,22,15,10.468750,4354.000
1785217974.432533026,2.546703,22,14,12.109375,4427.250
1785217974.432533026,2.546703,22,9,179.125000,10230.750
1785217974.432533026,2.546703,22,10,180.765625,10149.500
1785217974.432533026,2.546703,22,8,182.406250,10146.500
1785217974.432533026,2.546703,22,15,200.437500,10264.500
1785217974.432533026,2.546703,22,15,230.078125,4768.000
1785217974.432533026,2.546703,22,15,235.078125,3463.500
1785217974.432533026,2.546703,22,15,239.953125,3957.000
1785217974.432533026,2.546703,22,15,241.578125,3900.000
1785217974.432533026,2.546703,22,15,243.234375,3843.000
1785217974.432533026,2.546703,22,15,244.843750,3770.250
1785217974.432533026,2.546703,22,15,246.515625,3720.500
1785217974.432533026,2.546703,22,15,248.140625,3663.000
1785217974.432533026,2.546703,22,15,249.796875,3600.250
1785217974.432533026,2.546703,22,15,251.500000,3570.250
1785217974.432533026,2.546703,22,15,253.140625,3541.500
1785217974.432533026,2.546703,22,15,254.781250,3579.750
1785217974.432533026,2.546703,22,15,256.421875,3609.250
1785217974.432533026,2.546703,22,15,258.078125,3623.750
1785217974.432533026,2.546703,22,15,261.312500,3864.750
1785217974.432533026,2.546703,22,15,262.953125,3847.000
1785217974.432533026,2.546703,22,15,264.609375,3821.000
1785217974.432533026,2.546703,22,15,266.250000,3801.000
1785217974.432533026,2.546703,22,15,267.875000,3810.500
1785217974.432533026,2.546703,22,15,269.531250,3820.000
1785217974.432533026,2.546703,22,15,271.171875,3821.000
1785217974.432533026,2.546703,22,15,272.812500,3807.000
1785217974.432533026,2.546703,22,15,274.437500,3800.250
1785217974.432533026,2.546703,22,15,276.062500,3807.750
1785217974.432533026,2.546703,22,15,277.703125,3804.250
1785217974.432533026,2.546703,22,15,279.328125,3817.500
1785217974.432533026,2.546703,22,15,280.968750,3843.750
1785217974.432533026,2.546703,22,15,282.609375,3875.000
1785217974.432533026,2.546703,22,15,284.234375,3906.750
1785217974.432533026,2.546703,22,15,285.875000,3923.750
1785217974.432533026,2.546703,22,15,287.515625,3944.750
1785217974.432533026,2.546703,22,15,290.796875,3754.750
1785217974.432533026,2.546703,22,15,292.468750,3659.250
1785217974.432533026,2.546703,22,15,295.750000,3385.250
1785217974.432533026,2.546703,22,15,297.390625,3423.250
1785217974.432533026,2.546703,22,15,299.062500,3486.250
1785217974.432533026,2.546703,22,15,300.703125,3546.000
1785217974.432533026,2.546703,22,15,302.359375,3612.000
1785217974.432533026,2.546703,22,15,303.968750,3679.500
1785217974.432533026,2.546703,22,15,305.609375,3730.250
1785217974.432533026,2.546703,22,8,312.156250,3812.750
1785217974.432533026,2.546703,22,15,317.093750,3680.000
1785217974.432533026,2.546703,22,15,318.750000,3667.250
1785217974.432533026,2.546703,22,9,320.406250,3624.000
1785217974.432533026,2.546703,22,6,322.015625,3588.000
1785217974.432533026,2.546703,22,9,323.703125,3574.750
1785217974.432533026,2.546703,22,11,325.343750,3545.500
1785217974.432533026,2.546703,22,14,326.968750,3537.500
1785217974.432533026,2.546703,22,15,328.625000,3540.750
1785217974.432533026,2.546703,22,10,330.265625,3548.500
1785217974.432533026,2.546703,22,15,331.906250,3540.750
1785217974.432533026,2.546703,22,15,333.562500,3520.500
1785217974.432533026,2.546703,22,15,335.187500,3508.000
1785217974.432533026,2.546703,22,15,336.843750,3500.500
1785217974.432533026,2.546703,22,15,338.468750,3512.000
1785217974.432533026,2.546703,22,15,340.125000,3519.500
1785217974.432533026,2.546703,22,15,341.765625,3525.750
1785217974.432533026,2.546703,22,15,343.421875,3537.500
1785217974.432533026,2.546703,22,15,345.046875,3542.250
1785217974.432533026,2.546703,22,13,346.671875,3551.500
1785217974.432533026,2.546703,22,15,348.312500,3577.750
1785217974.432533026,2.546703,22,8,349.953125,3586.500
1785217974.544461966,2.625110,23,13,351.593750,3552.750
1785217974.544461966,2.625110,23,13,354.859375,3701.250
1785217974.544461966,2.625110,23,9,356.484375,3774.500
1785217974.544461966,2.625110,23,15,358.140625,3830.000
1785217974.544461966,2.625110,23,15,359.765625,3855.250
1785217974.544461966,2.625110,23,15,1.421875,3874.250
1785217974.544461966,2.625110,23,15,3.046875,3918.750
1785217974.544461966,2.625110,23,15,4.687500,3971.750
1785217974.544461966,2.625110,23,15,6.312500,4044.500
1785217974.544461966,2.625110,23,15,7.953125,4117.750
1785217974.544461966,2.625110,23,12,9.578125,4181.500
1785217974.544461966,2.625110,23,11,11.250000,4282.750
1785217974.544461966,2.625110,23,12,12.875000,4377.500
1785217974.544461966,2.625110,23,15,219.375000,5920.000
1785217974.544461966,2.625110,23,15,227.593750,4999.000
1785217974.544461966,2.625110,23,15,229.250000,4864.000
1785217974.544461966,2.625110,23,15,230.890625,4752.000
1785217974.544461966,2.625110,23,15,235.906250,3483.750
1785217974.544461966,2.625110,23,15,240.765625,3970.750
1785217974.544461966,2.625110,23,15,242.406250,3908.000
1785217974.544461966,2.625110,23,15,244.046875,3855.500
1785217974.544461966,2.625110,23,15,245.687500,3811.250
1785217974.544461966,2.625110,23,15,247.328125,3759.750
1785217974.544461966,2.625110,23,15,248.984375,3706.750
1785217974.544461966,2.625110,23,15,250.734375,3650.750
1785217974.544461966,2.625110,23,15,252.390625,3603.000
1785217974.544461966,2.625110,23,15,254.031250,3561.500
1785217974.544461966,2.625110,23,15,257.296875,3669.750
1785217974.544461966,2.625110,23,15,260.562500,3843.750
1785217974.544461966,2.625110,23,15,262.218750,3890.000
1785217974.544461966,2.625110,23,15,263.859375,3869.750
1785217974.544461966,2.625110,23,15,265.515625,3850.750
1785217974.544461966,2.625110,23,15,267.156250,3845.000
1785217974.544461966,2.625110,23,15,268.812500,3842.750
1785217974.544461966,2.625110,23,15,270.437500,3842.750
1785217974.544461966,2.625110,23,15,272.093750,3842.750
1785217974.544461966,2.625110,23,15,273.734375,3848.750
1785217974.544461966,2.625110,23,15,275.312500,3859.500
1785217974.544461966,2.625110,23,15,276.953125,3861.750
1785217974.544461966,2.625110,23,15,278.578125,3865.250
1785217974.544461966,2.625110,23,15,280.234375,3877.250
1785217974.544461966,2.625110,23,15,281.859375,3903.750
1785217974.544461966,2.625110,23,15,283.500000,3923.750
1785217974.544461966,2.625110,23,15,285.156250,3939.500
1785217974.544461966,2.625110,23,15,286.781250,3963.000
1785217974.544461966,2.625110,23,15,288.406250,3997.000
1785217974.544461966,2.625110,23,15,291.734375,3773.000
1785217974.544461966,2.625110,23,15,296.656250,3433.750
1785217974.544461966,2.625110,23,15,298.296875,3484.000
1785217974.544461966,2.625110,23,15,299.953125,3543.000
1785217974.544461966,2.625110,23,15,301.593750,3609.000
1785217974.544461966,2.625110,23,15,303.203125,3680.250
1785217974.544461966,2.625110,23,15,304.843750,3739.750
1785217974.544461966,2.625110,23,15,306.468750,3808.750
1785217974.544461966,2.625110,23,8,311.375000,3834.500
1785217974.544461966,2.625110,23,15,313.031250,3765.000
1785217974.544461966,2.625110,23,15,314.671875,3704.750
1785217974.544461966,2.625110,23,14,316.328125,3682.500
1785217974.544461966,2.625110,23,13,317.984375,3623.500
1785217974.544461966,2.625110,23,13,319.625000,3590.750
1785217974.544461966,2.625110,23,10,321.234375,3613.000
1785217974.544461966,2.625110,23,8,322.937500,3579.000
1785217974.544461966,2.625110,23,14,324.562500,3532.250
1785217974.544461966,2.625110,23,9,326.203125,3540.750
1785217974.544461966,2.625110,23,15,327.828125,3554.250
1785217974.544461966,2.625110,23,12,329.484375,3540.000
1785217974.544461966,2.625110,23,15,331.109375,3535.500
1785217974.544461966,2.625110,23,14,332.765625,3543.500
1785217974.544461966,2.625110,23,9,334.390625,3558.250
1785217974.544461966,2.625110,23,9,336.046875,3571.750
1785217974.544461966,2.625110,23,9,337.671875,3566.500
1785217974.544461966,2.625110,23,8,339.312500,3573.000
1785217974.544461966,2.625110,23,7,340.953125,3592.000
1785217974.544461966,2.625110,23,15,342.593750,3617.000
1785217974.544461966,2.625110,23,8,344.250000,3636.750
1785217974.544461966,2.625110,23,15,345.875000,3627.250
1785217974.544461966,2.625110,23,15,347.562500,3616.250
1785217974.544461966,2.625110,23,15,349.203125,3601.250
1785217974.655434608,2.783897,24,15,352.468750,3871.750
1785217974.655434608,2.783897,24,15,354.109375,3914.750
1785217974.655434608,2.783897,24,14,355.750000,3951.500
1785217974.655434608,2.783897,24,10,357.390625,3975.750
1785217974.655434608,2.783897,24,12,359.031250,3996.000
1785217974.655434608,2.783897,24,10,0.687500,4025.250
1785217974.655434608,2.783897,24,11,2.328125,4046.250
1785217974.655434608,2.783897,24,15,3.984375,4070.750
1785217974.655434608,2.783897,24,15,5.609375,4117.750
1785217974.655434608,2.783897,24,11,7.234375,4169.750
1785217974.655434608,2.783897,24,12,8.875000,4241.750
1785217974.655434608,2.783897,24,15,10.484375,4350.250
1785217974.655434608,2.783897,24,15,12.109375,4421.250
1785217974.655434608,2.783897,24,15,223.656250,5424.250
1785217974.655434608,2.783897,24,15,226.953125,5139.000
1785217974.655434608,2.783897,24,15,235.265625,3523.000
1785217974.655434608,2.783897,24,15,236.906250,3516.750
1785217974.655434608,2.783897,24,15,241.781250,3987.500
1785217974.655434608,2.783897,24,15,243.437500,3921.750
1785217974.655434608,2.783897,24,15,245.078125,3862.250
1785217974.655434608,2.783897,24,15,246.718750,3819.250
1785217974.655434608,2.783897,24,15,248.359375,3772.750
1785217974.655434608,2.783897,24,15,250.015625,3712.000
1785217974.655434608,2.783897,24,15,251.718750,3663.500
1785217974.655434608,2.783897,24,15,253.375000,3615.500
1785217974.655434608,2.783897,24,15,255.015625,3628.500
1785217974.655434608,2.783897,24,15,256.640625,3689.750
1785217974.655434608,2.783897,24,15,258.296875,3690.750
1785217974.655434608,2.783897,24,15,261.562500,3908.000
1785217974.655434608,2.783897,24,15,263.218750,3943.250
1785217974.655434608,2.783897,24,15,264.859375,3927.500
1785217974.655434608,2.783897,24,15,266.515625,3902.250
1785217974.655434608,2.783897,24,15,268.156250,3884.000
1785217974.655434608,2.783897,24,15,269.796875,3879.500
1785217974.655434608,2.783897,24,15,271.421875,3881.750
1785217974.655434608,2.783897,24,15,273.078125,3881.750
1785217974.655434608,2.783897,24,15,274.625000,3880.000
1785217974.655434608,2.783897,24,15,276.265625,3890.000
1785217974.655434608,2.783897,24,15,277.906250,3896.750
1785217974.655434608,2.783897,24,15,279.531250,3900.750
1785217974.655434608,2.783897,24,15,281.171875,3913.250
1785217974.655434608,2.783897,24,15,282.796875,3932.250
1785217974.655434608,2.783897,24,15,284.437500,3955.500
1785217974.655434608,2.783897,24,15,286.078125,3971.000
1785217974.655434608,2.783897,24,15,287.718750,4001.250
1785217974.655434608,2.783897,24,14,292.671875,3708.750
1785217974.655434608,2.783897,24,15,295.953125,3471.000
1785217974.655434608,2.783897,24,15,297.609375,3513.250
1785217974.655434608,2.783897,24,15,299.234375,3567.250
1785217974.655434608,2.783897,24,15,300.875000,3640.250
1785217974.655434608,2.783897,24,15,302.515625,3697.000
1785217974.655434608,2.783897,24,15,304.156250,3749.500
1785217974.655434608,2.783897,24,15,305.781250,3830.750
1785217974.655434608,2.783897,24,9,312.328125,3843.500
1785217974.655434608,2.783897,24,15,313.984375,3772.750
1785217974.655434608,2.783897,24,14,315.640625,3708.000
1785217974.655434608,2.783897,24,15,317.281250,3650.750
1785217974.655434608,2.783897,24,14,318.921875,3641.500
1785217974.655434608,2.783897,24,15,320.562500,3641.750
1785217974.655434608,2.783897,24,13,322.187500,3619.000
1785217974.655434608,2.783897,24,13,323.906250,3586.250
1785217974.655434608,2.783897,24,7,325.562500,3568.500
1785217974.655434608,2.783897,24,8,327.218750,3570.000
1785217974.655434608,2.783897,24,11,328.859375,3560.000
1785217974.655434608,2.783897,24,15,330.515625,3555.500
1785217974.655434608,2.783897,24,15,332.156250,3553.500
1785217974.655434608,2.783897,24,15,333.796875,3546.000
1785217974.655434608,2.783897,24,12,335.421875,3535.250
1785217974.655434608,2.783897,24,15,337.093750,3530.500
1785217974.655434608,2.783897,24,15,338.718750,3528.000
1785217974.655434608,2.783897,24,15,340.375000,3529.750
1785217974.655434608,2.783897,24,12,342.015625,3540.250
1785217974.655434608,2.783897,24,11,343.671875,3553.000
1785217974.655434608,2.783897,24,8,345.312500,3569.000
1785217974.655434608,2.783897,24,11,346.921875,3589.000
1785217974.655434608,2.783897,24,15,348.562500,3598.250
1785217974.655434608,2.783897,24,15,350.218750,3586.250
1785217974.770871639,2.862827,25,15,355.093750,3843.750
1785217974.770871639,2.862827,25,15,356.750000,3888.500
1785217974.770871639,2.862827,25,15,358.375000,3899.000
1785217974.770871639,2.862827,25,15,0.031250,3925.250
1785217974.770871639,2.862827,25,15,1.687500,3964.500
1785217974.770871639,2.862827,25,14,3.312500,4005.500
1785217974.770871639,2.862827,25,11,4.953125,4040.000
1785217974.770871639,2.862827,25,15,6.593750,4106.000
1785217974.770871639,2.862827,25,11,8.218750,4192.500
1785217974.770871639,2.862827,25,11,9.843750,4292.500
1785217974.770871639,2.862827,25,15,11.437500,4400.750
1785217974.770871639,2.862827,25,7,183.500000,10276.500
1785217974.770871639,2.862827,25,15,224.625000,5414.500
1785217974.770871639,2.862827,25,15,226.328125,5260.500
1785217974.770871639,2.862827,25,15,231.281250,4834.750
1785217974.770871639,2.862827,25,15,236.328125,3581.250
1785217974.770871639,2.862827,25,15,237.953125,3557.250
1785217974.770871639,2.862827,25,15,241.203125,4069.500
1785217974.770871639,2.862827,25,15,242.843750,3988.000
1785217974.770871639,2.862827,25,15,244.484375,3931.750
1785217974.770871639,2.862827,25,15,246.140625,3885.750
1785217974.770871639,2.862827,25,15,247.781250,3830.000
1785217974.770871639,2.862827,25,15,249.421875,3776.250
1785217974.770871639,2.862827,25,15,251.093750,3731.500
1785217974.770871639,2.862827,25,15,252.734375,3690.250
1785217974.770871639,2.862827,25,15,254.390625,3637.500
1785217974.770871639,2.862827,25,15,257.656250,3757.250
1785217974.770871639,2.862827,25,15,259.312500,3787.250
1785217974.770871639,2.862827,25,15,262.593750,3978.500
1785217974.770871639,2.862827,25,15,264.218750,3953.250
1785217974.770871639,2.862827,25,15,265.890625,3931.750
1785217974.770871639,2.862827,25,15,267.515625,3926.000
1785217974.770871639,2.862827,25,15,269.171875,3931.250
1785217974.770871639,2.862827,25,15,270.796875,3927.500
1785217974.770871639,2.862827,25,15,272.453125,3915.500
1785217974.770871639,2.862827,25,15,274.109375,3923.750
1785217974.770871639,2.862827,25,15,275.640625,3929.250
1785217974.770871639,2.862827,25,15,277.281250,3931.250
1785217974.770871639,2.862827,25,15,278.906250,3945.750
1785217974.770871639,2.862827,25,15,280.546875,3954.000
1785217974.770871639,2.862827,25,15,282.171875,3964.500
1785217974.770871639,2.862827,25,15,283.812500,3985.000
1785217974.770871639,2.862827,25,15,285.437500,4007.500
1785217974.770871639,2.862827,25,15,287.078125,4039.500
1785217974.770871639,2.862827,25,15,288.734375,4025.500
1785217974.770871639,2.862827,25,15,292.031250,3811.750
1785217974.770871639,2.862827,25,15,295.312500,3514.000
1785217974.770871639,2.862827,25,15,296.968750,3545.750
1785217974.770871639,2.862827,25,15,298.640625,3604.000
1785217974.770871639,2.862827,25,15,300.281250,3654.000
1785217974.770871639,2.862827,25,15,301.906250,3701.000
1785217974.770871639,2.862827,25,15,303.531250,3753.000
1785217974.770871639,2.862827,25,15,305.156250,3832.500
1785217974.770871639,2.862827,25,8,313.359375,3903.250
1785217974.770871639,2.862827,25,12,314.984375,3917.500
1785217974.770871639,2.862827,25,12,316.625000,3906.500
1785217974.770871639,2.862827,25,11,318.281250,3889.500
1785217974.770871639,2.862827,25,15,319.921875,3859.000
1785217974.770871639,2.862827,25,13,321.562500,3823.500
1785217974.770871639,2.862827,25,8,323.265625,3800.500
1785217974.770871639,2.862827,25,15,324.906250,3772.750
1785217974.770871639,2.862827,25,15,326.562500,3742.250
1785217974.770871639,2.862827,25,15,328.203125,3716.500
1785217974.770871639,2.862827,25,15,329.875000,3701.250
1785217974.770871639,2.862827,25,15,331.500000,3692.750
1785217974.770871639,2.862827,25,14,333.156250,3680.250
1785217974.770871639,2.862827,25,15,334.812500,3673.500
1785217974.770871639,2.862827,25,9,336.437500,3632.000
1785217974.770871639,2.862827,25,15,338.093750,3611.750
1785217974.770871639,2.862827,25,15,339.750000,3615.750
1785217974.770871639,2.862827,25,10,341.390625,3593.750
1785217974.770871639,2.862827,25,10,343.015625,3574.500
1785217974.770871639,2.862827,25,12,344.671875,3565.250
1785217974.770871639,2.862827,25,10,346.328125,3578.000
1785217974.770871639,2.862827,25,11,347.953125,3577.500
1785217974.770871639,2.862827,25,15,349.593750,3573.750
1785217974.882530451,2.942069,26,8,352.890625,3555.500
1785217974.882530451,2.942069,26,6,354.531250,3544.750
1785217974.882530451,2.942069,26,15,6.000000,3926.750
1785217974.882530451,2.942069,26,12,7.625000,3990.750
1785217974.882530451,2.942069,26,15,9.281250,4067.750
1785217974.882530451,2.942069,26,15,10.875000,4130.750
1785217974.882530451,2.942069,26,13,12.500000,4178.750
1785217974.882530451,2.942069,26,7,184.515625,10195.500
1785217974.882530451,2.942069,26,15,217.359375,6536.000
1785217974.882530451,2.942069,26,15,223.968750,5561.250
1785217974.882530451,2.942069,26,15,225.609375,5401.500
1785217974.882530451,2.942069,26,15,227.343750,5256.750
1785217974.882530451,2.942069,26,15,229.000000,5111.500
1785217974.882530451,2.942069,26,15,230.640625,4961.750
1785217974.882530451,2.942069,26,15,232.281250,4826.250
1785217974.882530451,2.942069,26,15,237.328125,3604.750
1785217974.882530451,2.942069,26,15,242.203125,4065.250
1785217974.882530451,2.942069,26,15,243.859375,3979.500
1785217974.882530451,2.942069,26,15,245.515625,3933.000
1785217974.882530451,2.942069,26,15,247.156250,3885.500
1785217974.882530451,2.942069,26,15,248.812500,3830.750
1785217974.882530451,2.942069,26,15,250.468750,3792.000
1785217974.882530451,2.942069,26,15,252.109375,3753.000
1785217974.882530451,2.942069,26,15,253.781250,3707.500
1785217974.882530451,2.942069,26,15,255.390625,3698.250
1785217974.882530451,2.942069,26,15,257.046875,3742.500
1785217974.882530451,2.942069,26,15,258.671875,3770.250
1785217974.882530451,2.942069,26,15,261.937500,3974.500
1785217974.882530451,2.942069,26,15,263.609375,4011.750
1785217974.882530451,2.942069,26,15,265.234375,3983.000
1785217974.882530451,2.942069,26,15,266.875000,3961.000
1785217974.882530451,2.942069,26,15,268.515625,3961.500
1785217974.882530451,2.942069,26,15,270.171875,3969.500
1785217974.882530451,2.942069,26,15,271.812500,3966.750
1785217974.882530451,2.942069,26,15,273.453125,3967.750
1785217974.882530451,2.942069,26,15,275.062500,3976.250
1785217974.882530451,2.942069,26,15,276.687500,3976.250
1785217974.882530451,2.942069,26,15,278.328125,3971.000
1785217974.882530451,2.942069,26,15,279.984375,3983.500
1785217974.882530451,2.942069,26,15,281.609375,3999.000
1785217974.882530451,2.942069,26,15,283.234375,4013.250
1785217974.882530451,2.942069,26,15,284.875000,4049.000
1785217974.882530451,2.942069,26,15,286.515625,4076.750
1785217974.882530451,2.942069,26,15,288.156250,4099.250
1785217974.882530451,2.942069,26,15,291.468750,3893.500
1785217974.882530451,2.942069,26,15,294.765625,3581.000
1785217974.882530451,2.942069,26,15,296.406250,3565.500
1785217974.882530451,2.942069,26,15,298.046875,3615.250
1785217974.882530451,2.942069,26,15,299.765625,3680.250
1785217974.882530451,2.942069,26,15,301.390625,3731.500
1785217974.882530451,2.942069,26,15,303.046875,3788.250
1785217974.882530451,2.942069,26,15,304.687500,3855.000
1785217974.882530451,2.942069,26,8,309.640625,3845.250
1785217974.882530451,2.942069,26,9,311.281250,3769.750
1785217974.882530451,2.942069,26,15,312.953125,3705.750
1785217974.882530451,2.942069,26,15,314.593750,3660.750
1785217974.882530451,2.942069,26,7,316.234375,3609.750
1785217974.882530451,2.942069,26,12,317.890625,3575.250
1785217974.882530451,2.942069,26,8,319.531250,3564.250
1785217974.882530451,2.942069,26,15,321.187500,3521.250
1785217974.882530451,2.942069,26,15,322.875000,3502.000
1785217974.882530451,2.942069,26,15,324.515625,3521.250
1785217974.882530451,2.942069,26,15,326.171875,3498.500
1785217974.882530451,2.942069,26,15,327.812500,3477.000
1785217974.882530451,2.942069,26,15,329.453125,3469.500
1785217974.882530451,2.942069,26,15,331.093750,3454.750
1785217974.882530451,2.942069,26,12,332.781250,3408.250
1785217974.882530451,2.942069,26,7,334.406250,3389.250
1785217974.882530451,2.942069,26,4,336.062500,3398.750
1785217974.882530451,2.942069,26,7,337.703125,3386.000
1785217974.882530451,2.942069,26,5,339.343750,3391.750
1785217974.882530451,2.942069,26,15,341.015625,3410.750
1785217974.882530451,2.942069,26,15,342.640625,3430.000
1785217974.993456841,3.099151,27,8,352.453125,3477.500
1785217974.993456841,3.099151,27,15,3.937500,3917.000
1785217974.993456841,3.099151,27,10,5.562500,3979.750
1785217974.993456841,3.099151,27,15,7.203125,4048.250
1785217974.993456841,3.099151,27,15,8.843750,4114.750
1785217974.993456841,3.099151,27,15,10.437500,4155.500
1785217974.993456841,3.099151,27,13,12.062500,4192.500
1785217974.993456841,3.099151,27,9,181.000000,10124.000
1785217974.993456841,3.099151,27,15,218.921875,6367.250
1785217974.993456841,3.099151,27,15,222.234375,5875.500
1785217974.993456841,3.099151,27,15,225.531250,5469.750
1785217974.993456841,3.099151,27,15,237.109375,3672.250
1785217974.993456841,3.099151,27,15,238.765625,3645.750
1785217974.993456841,3.099151,27,15,242.000000,4134.750
1785217974.993456841,3.099151,27,15,243.656250,4058.000
1785217974.993456841,3.099151,27,15,245.265625,3991.250
1785217974.993456841,3.099151,27,15,246.937500,3948.000
1785217974.993456841,3.099151,27,15,248.578125,3890.750
1785217974.993456841,3.099151,27,15,250.218750,3842.250
1785217974.993456841,3.099151,27,15,251.859375,3808.750
1785217974.993456841,3.099151,27,15,253.531250,3765.000
1785217974.993456841,3.099151,27,15,255.171875,3711.000
1785217974.993456841,3.099151,27,15,258.437500,3807.750
1785217974.993456841,3.099151,27,15,260.078125,3844.750
1785217974.993456841,3.099151,27,15,263.343750,4046.000
1785217974.993456841,3.099151,27,15,264.968750,4025.250
1785217974.993456841,3.099151,27,15,266.625000,4023.000
1785217974.993456841,3.099151,27,15,268.250000,4014.750
1785217974.993456841,3.099151,27,15,269.921875,4005.000
1785217974.993456841,3.099151,27,15,271.546875,4001.500
1785217974.993456841,3.099151,27,15,273.203125,4008.750
1785217974.993456841,3.099151,27,15,274.843750,3999.250
1785217974.993456841,3.099151,27,15,276.484375,3995.250
1785217974.993456841,3.099151,27,15,278.125000,4017.000
1785217974.993456841,3.099151,27,15,279.781250,4024.250
1785217974.993456841,3.099151,27,15,281.390625,4039.500
1785217974.993456841,3.099151,27,15,283.031250,4065.750
1785217974.993456841,3.099151,27,15,284.656250,4080.750
1785217974.993456841,3.099151,27,15,286.312500,4104.000
1785217974.993456841,3.099151,27,15,287.953125,4141.250
1785217974.993456841,3.099151,27,15,291.265625,3951.250
1785217974.993456841,3.099151,27,15,296.203125,3595.750
1785217974.993456841,3.099151,27,15,297.859375,3664.000
1785217974.993456841,3.099151,27,15,299.640625,3717.500
1785217974.993456841,3.099151,27,15,301.281250,3759.750
1785217974.993456841,3.099151,27,15,302.921875,3813.000
1785217974.993456841,3.099151,27,13,309.546875,3682.750
1785217974.993456841,3.099151,27,11,311.187500,3665.000
1785217974.993456841,3.099151,27,15,312.859375,3628.000
1785217974.993456841,3.099151,27,11,314.515625,3580.000
1785217974.993456841,3.099151,27,9,316.171875,3536.500
1785217974.993456841,3.099151,27,11,317.812500,3519.000
1785217974.993456841,3.099151,27,15,319.453125,3527.250
1785217974.993456841,3.099151,27,15,321.109375,3511.000
1785217974.993456841,3.099151,27,15,322.765625,3503.250
1785217974.993456841,3.099151,27,15,324.421875,3501.500
1785217974.993456841,3.099151,27,15,326.046875,3480.750
1785217974.993456841,3.099151,27,15,327.703125,3464.500
1785217974.993456841,3.099151,27,15,329.359375,3460.000
1785217974.993456841,3.099151,27,15,331.000000,3459.250
1785217974.993456841,3.099151,27,7,332.671875,3410.500
1785217974.993456841,3.099151,27,5,334.328125,3389.000
1785217974.993456841,3.099151,27,6,335.968750,3401.250
1785217974.993456841,3.099151,27,15,337.593750,3421.250
1785217974.993456841,3.099151,27,15,339.250000,3454.000
1785217974.993456841,3.099151,27,15,340.890625,3478.250
1785217974.993456841,3.099151,27,15,342.531250,3502.500
1785217974.993456841,3.099151,27,15,344.203125,3521.000
1785217974.993456841,3.099151,27,14,345.843750,3548.500
1785217974.993456841,3.099151,27,8,347.453125,3576.000
1785217974.993456841,3.099151,27,9,349.093750,3576.500
1785217975.104817629,3.163151,28,8,352.375000,3573.250
1785217975.104817629,3.163151,28,9,355.625000,3788.750
1785217975.104817629,3.163151,28,14,357.281250,3819.750
1785217975.104817629,3.163151,28,15,358.937500,3854.750
1785217975.104817629,3.163151,28,15,0.562500,3886.250
1785217975.104817629,3.163151,28,15,2.218750,3924.250
1785217975.104817629,3.163151,28,11,3.828125,3982.750
1785217975.104817629,3.163151,28,15,5.484375,4067.250
1785217975.104817629,3.163151,28,15,7.140625,4133.000
1785217975.104817629,3.163151,28,13,8.765625,4182.500
1785217975.104817629,3.163151,28,11,10.375000,4261.250
1785217975.104817629,3.163151,28,15,11.984375,4358.750
1785217975.104817629,3.163151,28,13,13.625000,4460.500
1785217975.104817629,3.163151,28,8,187.515625,10220.750
1785217975.104817629,3.163151,28,8,207.281250,8708.000
1785217975.104817629,3.163151,28,15,218.859375,6471.250
1785217975.104817629,3.163151,28,15,230.375000,5068.750
1785217975.104817629,3.163151,28,15,232.015625,4947.750
1785217975.104817629,3.163151,28,15,233.671875,4834.500
1785217975.104817629,3.163151,28,15,238.671875,3669.000
1785217975.104817629,3.163151,28,15,243.562500,4114.500
1785217975.104817629,3.163151,28,15,245.218750,4043.000
1785217975.104817629,3.163151,28,15,246.859375,3971.500
1785217975.104817629,3.163151,28,15,248.500000,3936.750
1785217975.104817629,3.163151,28,15,250.140625,3894.500
1785217975.104817629,3.163151,28,15,251.812500,3828.250
1785217975.104817629,3.163151,28,15,253.468750,3770.500
1785217975.104817629,3.163151,28,15,255.140625,3746.750
1785217975.104817629,3.163151,28,15,258.390625,3862.250
1785217975.104817629,3.163151,28,15,261.640625,4018.250
1785217975.104817629,3.163151,28,15,263.296875,4069.500
1785217975.104817629,3.163151,28,15,264.937500,4075.250
1785217975.104817629,3.163151,28,15,266.593750,4053.250
1785217975.104817629,3.163151,28,15,268.234375,4019.250
1785217975.104817629,3.163151,28,15,269.875000,4029.750
1785217975.104817629,3.163151,28,15,271.515625,4032.750
1785217975.104817629,3.163151,28,15,273.171875,4021.000
1785217975.104817629,3.163151,28,15,274.765625,4033.750
1785217975.104817629,3.163151,28,15,276.421875,4031.250
1785217975.104817629,3.163151,28,15,278.062500,4039.750
1785217975.104817629,3.163151,28,15,279.703125,4062.750
1785217975.104817629,3.163151,28,15,281.328125,4060.750
1785217975.104817629,3.163151,28,15,282.968750,4084.000
1785217975.104817629,3.163151,28,15,284.625000,4127.250
1785217975.104817629,3.163151,28,15,286.250000,4159.250
1785217975.104817629,3.163151,28,15,287.906250,4168.250
1785217975.104817629,3.163151,28,15,291.218750,3955.750
1785217975.104817629,3.163151,28,15,296.171875,3627.750
1785217975.104817629,3.163151,28,15,297.796875,3682.000
1785217975.104817629,3.163151,28,15,299.531250,3736.500
1785217975.104817629,3.163151,28,15,301.156250,3783.500
1785217975.104817629,3.163151,28,15,302.812500,3861.500
1785217975.104817629,3.163151,28,15,304.453125,3930.000
1785217975.104817629,3.163151,28,14,311.031250,3919.000
1785217975.104817629,3.163151,28,9,312.687500,3849.750
1785217975.104817629,3.163151,28,10,314.343750,3773.000
1785217975.104817629,3.163151,28,11,316.000000,3710.000
1785217975.104817629,3.163151,28,15,317.656250,3676.500
1785217975.104817629,3.163151,28,15,319.281250,3672.250
1785217975.104817629,3.163151,28,15,320.937500,3676.000
1785217975.104817629,3.163151,28,15,322.562500,3660.500
1785217975.104817629,3.163151,28,15,324.218750,3645.750
1785217975.104817629,3.163151,28,13,325.875000,3614.000
1785217975.104817629,3.163151,28,7,327.515625,3580.000
1785217975.104817629,3.163151,28,7,329.156250,3568.500
1785217975.104817629,3.163151,28,7,330.796875,3569.500
1785217975.104817629,3.163151,28,14,335.750000,3541.500
1785217975.104817629,3.163151,28,14,337.390625,3525.250
1785217975.104817629,3.163151,28,12,339.046875,3534.000
1785217975.104817629,3.163151,28,13,340.671875,3543.750
1785217975.104817629,3.163151,28,10,342.343750,3553.000
1785217975.104817629,3.163151,28,11,343.968750,3558.000
1785217975.104817629,3.163151,28,15,345.625000,3582.000
1785217975.104817629,3.163151,28,12,347.296875,3591.500
1785217975.104817629,3.163151,28,10,348.953125,3585.500
1785217975.219268560,3.318010,29,7,352.234375,3587.250
1785217975.219268560,3.318010,29,12,355.515625,3802.000
1785217975.219268560,3.318010,29,10,357.156250,3817.750
1785217975.219268560,3.318010,29,9,358.796875,3824.250
1785217975.219268560,3.318010,29,9,0.437500,3843.250
1785217975.219268560,3.318010,29,13,2.093750,3897.000
1785217975.219268560,3.318010,29,12,3.718750,3958.250
1785217975.219268560,3.318010,29,14,5.359375,4029.500
1785217975.219268560,3.318010,29,15,7.000000,4107.500
1785217975.219268560,3.318010,29,15,8.640625,4148.000
1785217975.219268560,3.318010,29,11,10.312500,4183.500
1785217975.219268560,3.318010,29,12,11.890625,4263.000
1785217975.219268560,3.318010,29,11,13.500000,4375.000
1785217975.219268560,3.318010,29,15,223.531250,5842.500
1785217975.219268560,3.318010,29,15,226.859375,5447.500
1785217975.219268560,3.318010,29,15,228.515625,5303.750
1785217975.219268560,3.318010,29,15,233.453125,4923.500
1785217975.219268560,3.318010,29,15,238.453125,3696.750
1785217975.219268560,3.318010,29,15,243.359375,4171.500
1785217975.219268560,3.318010,29,15,244.984375,4107.000
1785217975.219268560,3.318010,29,15,246.656250,4034.250
1785217975.219268560,3.318010,29,15,248.281250,3973.500
1785217975.219268560,3.318010,29,15,249.953125,3941.000
1785217975.219268560,3.318010,29,15,251.640625,3894.000
1785217975.219268560,3.318010,29,15,253.265625,3852.000
1785217975.219268560,3.318010,29,15,254.921875,3816.500
1785217975.219268560,3.318010,29,15,256.562500,3827.250
1785217975.219268560,3.318010,29,15,258.203125,3873.750
1785217975.219268560,3.318010,29,15,259.843750,3885.500
1785217975.219268560,3.318010,29,15,263.109375,4124.250
1785217975.219268560,3.318010,29,15,264.750000,4103.750
1785217975.219268560,3.318010,29,15,266.390625,4084.250
1785217975.219268560,3.318010,29,15,268.031250,4075.250
1785217975.219268560,3.318010,29,15,269.703125,4063.750
1785217975.219268560,3.318010,29,15,271.328125,4057.750
1785217975.219268560,3.318010,29,15,272.953125,4070.750
1785217975.219268560,3.318010,29,15,274.593750,4065.250
1785217975.219268560,3.318010,29,15,276.234375,4068.250
1785217975.219268560,3.318010,29,15,277.859375,4080.750
1785217975.219268560,3.318010,29,15,279.515625,4091.250
1785217975.219268560,3.318010,29,15,281.156250,4107.750
1785217975.219268560,3.318010,29,15,282.796875,4136.000
1785217975.219268560,3.318010,29,15,284.437500,4158.750
1785217975.219268560,3.318010,29,15,286.078125,4183.500
1785217975.219268560,3.318010,29,15,287.703125,4212.500
1785217975.219268560,3.318010,29,15,291.015625,4003.750
1785217975.219268560,3.318010,29,15,295.968750,3678.750
1785217975.219268560,3.318010,29,15,297.609375,3717.750
1785217975.219268560,3.318010,29,15,299.312500,3754.750
1785217975.219268560,3.318010,29,15,300.937500,3815.250
1785217975.219268560,3.318010,29,15,302.578125,3885.500
1785217975.219268560,3.318010,29,14,304.203125,3916.000
1785217975.219268560,3.318010,29,11,307.500000,3876.000
1785217975.219268560,3.318010,29,15,312.468750,3690.000
1785217975.219268560,3.318010,29,15,314.109375,3655.000
1785217975.219268560,3.318010,29,12,315.750000,3626.000
1785217975.219268560,3.318010,29,7,317.406250,3604.750
1785217975.219268560,3.318010,29,14,319.062500,3580.500
1785217975.219268560,3.318010,29,15,320.703125,3559.750
1785217975.219268560,3.318010,29,12,322.343750,3542.750
1785217975.219268560,3.318010,29,11,323.968750,3530.000
1785217975.219268560,3.318010,29,15,325.625000,3526.500
1785217975.219268560,3.318010,29,14,327.250000,3522.250
1785217975.219268560,3.318010,29,15,328.906250,3521.500
1785217975.219268560,3.318010,29,15,330.546875,3527.000
1785217975.219268560,3.318010,29,5,332.218750,3475.000
1785217975.219268560,3.318010,29,15,333.828125,3463.000
1785217975.219268560,3.318010,29,15,335.484375,3479.000
1785217975.219268560,3.318010,29,15,337.125000,3474.500
1785217975.219268560,3.318010,29,15,338.781250,3506.750
1785217975.219268560,3.318010,29,15,340.406250,3526.750
1785217975.219268560,3.318010,29,15,342.062500,3523.750
1785217975.219268560,3.318010,29,15,343.703125,3533.500
1785217975.219268560,3.318010,29,15,345.328125,3564.000
1785217975.219268560,3.318010,29,7,347.046875,3583.000
1785217975.219268560,3.318010,29,11,348.687500,3595.250
1785217975.330438375,3.396492,30,5,351.968750,3581.250
1785217975.330438375,3.396492,30,10,355.234375,3797.000
1785217975.330438375,3.396492,30,8,356.875000,3798.750
1785217975.330438375,3.396492,30,11,358.515625,3834.250
1785217975.330438375,3.396492,30,10,0.171875,3878.500
1785217975.330438375,3.396492,30,15,1.796875,3898.250
1785217975.330438375,3.396492,30,15,3.468750,3933.750
1785217975.330438375,3.396492,30,11,5.109375,3980.000
1785217975.330438375,3.396492,30,9,6.734375,4028.250
1785217975.330438375,3.396492,30,15,8.390625,4085.750
1785217975.330438375,3.396492,30,15,10.031250,4130.750
1785217975.330438375,3.396492,30,15,11.593750,4158.750
1785217975.330438375,3.396492,30,15,219.984375,6458.250
1785217975.330438375,3.396492,30,15,223.281250,5950.750
1785217975.330438375,3.396492,30,15,231.562500,5137.250
1785217975.330438375,3.396492,30,15,233.187500,5024.250
1785217975.330438375,3.396492,30,15,238.218750,3712.500
1785217975.330438375,3.396492,30,15,239.859375,3693.500
1785217975.330438375,3.396492,30,15,243.109375,4206.750
1785217975.330438375,3.396492,30,15,244.718750,4160.000
1785217975.330438375,3.396492,30,15,246.359375,4101.000
1785217975.330438375,3.396492,30,15,248.031250,4031.000
1785217975.330438375,3.396492,30,15,249.656250,3973.000
1785217975.330438375,3.396492,30,15,251.375000,3940.500
1785217975.330438375,3.396492,30,15,253.031250,3904.500
1785217975.330438375,3.396492,30,15,254.671875,3854.750
1785217975.330438375,3.396492,30,15,256.312500,3825.250
1785217975.330438375,3.396492,30,15,257.953125,3870.250
1785217975.330438375,3.396492,30,15,259.593750,3910.000
1785217975.330438375,3.396492,30,15,262.843750,4115.250
1785217975.330438375,3.396492,30,15,264.500000,4163.500
1785217975.330438375,3.396492,30,15,266.171875,4139.000
1785217975.330438375,3.396492,30,15,267.796875,4109.750
1785217975.330438375,3.396492,30,15,269.437500,4097.750
1785217975.330438375,3.396492,30,15,271.062500,4090.750
1785217975.330438375,3.396492,30,15,272.734375,4101.250
1785217975.330438375,3.396492,30,15,274.359375,4116.000
1785217975.330438375,3.396492,30,15,275.953125,4103.750
1785217975.330438375,3.396492,30,15,277.609375,4111.500
1785217975.330438375,3.396492,30,15,279.250000,4130.250
1785217975.330438375,3.396492,30,15,280.875000,4149.500
1785217975.330438375,3.396492,30,15,282.500000,4168.250
1785217975.330438375,3.396492,30,15,284.140625,4173.000
1785217975.330438375,3.396492,30,15,285.812500,4195.500
1785217975.330438375,3.396492,30,15,287.421875,4230.250
1785217975.330438375,3.396492,30,15,295.671875,3706.250
1785217975.330438375,3.396492,30,15,297.328125,3741.000
1785217975.330438375,3.396492,30,15,299.015625,3794.000
1785217975.330438375,3.396492,30,15,300.625000,3862.250
1785217975.330438375,3.396492,30,15,302.296875,3912.500
1785217975.330438375,3.396492,30,9,303.906250,3974.750
1785217975.330438375,3.396492,30,9,308.859375,3952.750
1785217975.330438375,3.396492,30,11,310.500000,3865.000
1785217975.330438375,3.396492,30,11,312.171875,3781.000
1785217975.330438375,3.396492,30,14,313.828125,3704.000
1785217975.330438375,3.396492,30,14,315.453125,3684.250
1785217975.330438375,3.396492,30,15,317.093750,3675.250
1785217975.330438375,3.396492,30,15,318.734375,3658.500
1785217975.330438375,3.396492,30,15,320.406250,3616.250
1785217975.330438375,3.396492,30,6,322.031250,3586.000
1785217975.330438375,3.396492,30,9,323.750000,3577.250
1785217975.330438375,3.396492,30,7,325.406250,3551.250
1785217975.330438375,3.396492,30,8,327.031250,3550.250
1785217975.330438375,3.396492,30,15,328.671875,3549.500
1785217975.330438375,3.396492,30,15,330.343750,3544.500
1785217975.330438375,3.396492,30,15,332.000000,3518.000
1785217975.330438375,3.396492,30,15,333.625000,3499.500
1785217975.330438375,3.396492,30,15,335.265625,3506.500
1785217975.330438375,3.396492,30,15,336.921875,3500.000
1785217975.330438375,3.396492,30,15,338.562500,3513.250
1785217975.330438375,3.396492,30,15,340.218750,3530.500
1785217975.330438375,3.396492,30,15,341.859375,3519.500
1785217975.330438375,3.396492,30,9,346.781250,3501.250
1785217975.330438375,3.396492,30,6,350.093750,3534.500
1785217975.442385912,3.556142,31,15,209.859375,8683.000
1785217975.442385912,3.556142,31,15,219.765625,6549.750
1785217975.442385912,3.556142,31,15,227.968750,5476.250
1785217975.442385912,3.556142,31,15,229.609375,5328.000
1785217975.442385912,3.556142,31,15,234.562500,4931.000
1785217975.442385912,3.556142,31,15,239.562500,3746.000
1785217975.442385912,3.556142,31,15,241.203125,3779.000
1785217975.442385912,3.556142,31,15,244.421875,4206.500
1785217975.442385912,3.556142,31,15,246.062500,4157.750
1785217975.442385912,3.556142,31,15,247.703125,4109.250
1785217975.442385912,3.556142,31,15,249.343750,4035.000
1785217975.442385912,3.556142,31,15,251.046875,3978.750
1785217975.442385912,3.556142,31,15,252.671875,3950.750
1785217975.442385912,3.556142,31,15,254.328125,3908.000
1785217975.442385912,3.556142,31,15,255.968750,3863.250
1785217975.442385912,3.556142,31,15,257.609375,3905.500
1785217975.442385912,3.556142,31,15,259.234375,3949.750
1785217975.442385912,3.556142,31,15,260.875000,3983.500
1785217975.442385912,3.556142,31,15,264.125000,4205.750
1785217975.442385912,3.556142,31,15,265.781250,4196.000
1785217975.442385912,3.556142,31,15,267.421875,4180.250
1785217975.442385912,3.556142,31,15,269.046875,4167.000
1785217975.442385912,3.556142,31,15,270.687500,4162.000
1785217975.442385912,3.556142,31,15,272.343750,4168.750
1785217975.442385912,3.556142,31,15,273.968750,4164.000
1785217975.442385912,3.556142,31,15,275.578125,4153.000
1785217975.442385912,3.556142,31,15,277.218750,4162.750
1785217975.442385912,3.556142,31,15,278.859375,4178.000
1785217975.442385912,3.556142,31,15,280.500000,4201.750
1785217975.442385912,3.556142,31,15,282.109375,4209.750
1785217975.442385912,3.556142,31,15,283.750000,4215.750
1785217975.442385912,3.556142,31,15,285.375000,4242.250
1785217975.442385912,3.556142,31,15,287.046875,4267.750
1785217975.442385912,3.556142,31,15,291.968750,3972.500
1785217975.442385912,3.556142,31,15,295.265625,3734.500
1785217975.442385912,3.556142,31,15,296.875000,3784.750
1785217975.442385912,3.556142,31,15,298.640625,3845.250
1785217975.442385912,3.556142,31,15,300.296875,3899.250
1785217975.442385912,3.556142,31,15,301.937500,3941.000
1785217975.442385912,3.556142,31,15,303.593750,3992.250
1785217975.442385912,3.556142,31,15,305.218750,4065.500
1785217975.442385912,3.556142,31,9,313.453125,3910.500
1785217975.442385912,3.556142,31,8,315.109375,3890.250
1785217975.442385912,3.556142,31,10,316.765625,3837.500
1785217975.442385912,3.556142,31,10,318.406250,3759.750
1785217975.442385912,3.556142,31,11,320.062500,3708.000
1785217975.442385912,3.556142,31,15,321.718750,3679.750
1785217975.442385912,3.556142,31,15,323.437500,3671.250
1785217975.442385912,3.556142,31,15,325.093750,3656.500
1785217975.442385912,3.556142,31,15,326.734375,3633.500
1785217975.442385912,3.556142,31,15,328.406250,3617.250
1785217975.442385912,3.556142,31,8,330.062500,3590.000
1785217975.442385912,3.556142,31,13,331.703125,3563.750
1785217975.442385912,3.556142,31,15,333.343750,3542.250
1785217975.442385912,3.556142,31,15,335.000000,3515.250
1785217975.442385912,3.556142,31,15,336.656250,3512.500
1785217975.442385912,3.556142,31,13,338.312500,3516.250
1785217975.442385912,3.556142,31,15,339.968750,3528.000
1785217975.442385912,3.556142,31,15,341.625000,3534.000
1785217975.442385912,3.556142,31,7,349.828125,3562.250
1785217975.553513288,3.634776,32,7,353.140625,3562.500
1785217975.553513288,3.634776,32,7,359.703125,3678.750
1785217975.553513288,3.634776,32,13,12.734375,4120.750
1785217975.553513288,3.634776,32,15,221.250000,6414.250
1785217975.553513288,3.634776,32,15,224.546875,5940.750
1785217975.553513288,3.634776,32,15,239.484375,3805.000
1785217975.553513288,3.634776,32,15,241.125000,3819.500
1785217975.553513288,3.634776,32,15,244.390625,4275.250
1785217975.553513288,3.634776,32,15,246.031250,4191.250
1785217975.553513288,3.634776,32,15,247.656250,4136.500
1785217975.553513288,3.634776,32,15,249.312500,4089.000
1785217975.553513288,3.634776,32,15,250.984375,4025.500
1785217975.553513288,3.634776,32,15,252.609375,3976.000
1785217975.553513288,3.634776,32,15,254.281250,3942.500
1785217975.553513288,3.634776,32,15,255.921875,3917.000
1785217975.553513288,3.634776,32,15,257.546875,3951.500
1785217975.553513288,3.634776,32,15,259.203125,3972.750
1785217975.553513288,3.634776,32,15,264.109375,4245.500
1785217975.553513288,3.634776,32,15,265.765625,4224.250
1785217975.553513288,3.634776,32,15,267.390625,4211.500
1785217975.553513288,3.634776,32,15,269.031250,4193.000
1785217975.553513288,3.634776,32,15,270.687500,4189.750
1785217975.553513288,3.634776,32,15,272.328125,4209.250
1785217975.553513288,3.634776,32,15,273.968750,4222.250
1785217975.553513288,3.634776,32,15,275.562500,4198.250
1785217975.553513288,3.634776,32,15,277.203125,4192.750
1785217975.553513288,3.634776,32,15,278.843750,4206.000
1785217975.553513288,3.634776,32,15,280.484375,4204.750
1785217975.553513288,3.634776,32,15,282.125000,4213.750
1785217975.553513288,3.634776,32,15,283.765625,4237.000
1785217975.553513288,3.634776,32,15,285.406250,4264.750
1785217975.553513288,3.634776,32,15,287.031250,4303.250
1785217975.553513288,3.634776,32,15,292.000000,4016.250
1785217975.553513288,3.634776,32,15,295.296875,3758.000
1785217975.553513288,3.634776,32,15,296.921875,3821.250
1785217975.553513288,3.634776,32,15,298.671875,3863.500
1785217975.553513288,3.634776,32,15,300.343750,3912.000
1785217975.553513288,3.634776,32,13,301.984375,3969.250
1785217975.553513288,3.634776,32,14,311.906250,3700.000
1785217975.553513288,3.634776,32,15,313.578125,3668.000
1785217975.553513288,3.634776,32,11,315.218750,3643.000
1785217975.553513288,3.634776,32,14,316.859375,3623.000
1785217975.553513288,3.634776,32,10,318.515625,3588.500
1785217975.553513288,3.634776,32,8,320.156250,3564.500
1785217975.553513288,3.634776,32,15,321.796875,3555.000
1785217975.553513288,3.634776,32,15,323.515625,3529.750
1785217975.553513288,3.634776,32,15,325.156250,3519.500
1785217975.553513288,3.634776,32,12,326.812500,3516.250
1785217975.553513288,3.634776,32,15,328.468750,3522.750
1785217975.553513288,3.634776,32,15,330.109375,3522.000
1785217975.553513288,3.634776,32,15,331.750000,3503.250
1785217975.553513288,3.634776,32,15,333.421875,3507.000
1785217975.553513288,3.634776,32,15,335.046875,3510.000
1785217975.553513288,3.634776,32,15,336.734375,3495.000
1785217975.553513288,3.634776,32,15,338.375000,3502.250
1785217975.553513288,3.634776,32,15,340.031250,3516.000
1785217975.664274931,3.791821,33,11,351.437500,3610.000
1785217975.664274931,3.791821,33,15,2.921875,3943.500
1785217975.664274931,3.791821,33,12,4.531250,4000.250
1785217975.664274931,3.791821,33,10,6.187500,4036.000
1785217975.664274931,3.791821,33,15,7.828125,4095.000
1785217975.664274931,3.791821,33,15,9.468750,4131.750
1785217975.664274931,3.791821,33,15,11.015625,4149.500
1785217975.664274931,3.791821,33,15,221.250000,6500.750
1785217975.664274931,3.791821,33,15,224.531250,6018.750
1785217975.664274931,3.791821,33,15,229.468750,5462.250
1785217975.664274931,3.791821,33,15,231.109375,5312.000
1785217975.664274931,3.791821,33,15,232.765625,5180.500
1785217975.664274931,3.791821,33,15,234.406250,5076.500
1785217975.664274931,3.791821,33,15,241.062500,3820.000
1785217975.664274931,3.791821,33,15,244.296875,4319.000
1785217975.664274931,3.791821,33,15,245.968750,4254.000
1785217975.664274931,3.791821,33,15,247.593750,4186.000
1785217975.664274931,3.791821,33,15,249.234375,4142.250
1785217975.664274931,3.791821,33,15,250.890625,4088.500
1785217975.664274931,3.791821,33,15,252.515625,4039.500
1785217975.664274931,3.791821,33,15,254.156250,3999.750
1785217975.664274931,3.791821,33,15,255.796875,3954.250
1785217975.664274931,3.791821,33,15,257.421875,3971.500
1785217975.664274931,3.791821,33,15,259.078125,4006.500
1785217975.664274931,3.791821,33,15,260.734375,3998.750
1785217975.664274931,3.791821,33,15,263.984375,4275.750
1785217975.664274931,3.791821,33,15,265.625000,4231.750
1785217975.664274931,3.791821,33,15,267.281250,4236.500
1785217975.664274931,3.791821,33,15,268.906250,4241.500
1785217975.664274931,3.791821,33,15,270.562500,4223.250
1785217975.664274931,3.791821,33,15,272.171875,4223.750
1785217975.664274931,3.791821,33,15,273.812500,4233.500
1785217975.664274931,3.791821,33,15,275.453125,4228.000
1785217975.664274931,3.791821,33,15,277.093750,4232.250
1785217975.664274931,3.791821,33,15,278.703125,4249.250
1785217975.664274931,3.791821,33,15,280.359375,4254.750
1785217975.664274931,3.791821,33,15,281.984375,4258.000
1785217975.664274931,3.791821,33,15,283.640625,4282.250
1785217975.664274931,3.791821,33,15,285.265625,4323.000
1785217975.664274931,3.791821,33,15,286.890625,4357.750
1785217975.664274931,3.791821,33,15,288.531250,4311.000
1785217975.664274931,3.791821,33,15,291.828125,4064.000
1785217975.664274931,3.791821,33,15,295.140625,3812.500
1785217975.664274931,3.791821,33,15,296.765625,3868.500
1785217975.664274931,3.791821,33,15,298.562500,3905.000
1785217975.664274931,3.791821,33,15,300.187500,3925.250
1785217975.664274931,3.791821,33,15,301.828125,3980.250
1785217975.664274931,3.791821,33,11,306.781250,3977.000
1785217975.664274931,3.791821,33,10,308.421875,3918.750
1785217975.664274931,3.791821,33,11,310.078125,3905.000
1785217975.664274931,3.791821,33,14,311.734375,3871.000
1785217975.664274931,3.791821,33,8,313.390625,3824.750
1785217975.664274931,3.791821,33,12,315.046875,3763.000
1785217975.664274931,3.791821,33,15,316.687500,3724.250
1785217975.664274931,3.791821,33,15,318.359375,3714.250
1785217975.664274931,3.791821,33,15,320.000000,3691.000
1785217975.664274931,3.791821,33,15,321.656250,3678.000
1785217975.664274931,3.791821,33,13,323.312500,3668.250
1785217975.664274931,3.791821,33,15,324.968750,3658.500
1785217975.664274931,3.791821,33,13,326.625000,3651.750
1785217975.664274931,3.791821,33,14,328.250000,3636.750
1785217975.664274931,3.791821,33,15,329.906250,3595.750
1785217975.664274931,3.791821,33,12,331.546875,3561.500
1785217975.664274931,3.791821,33,13,333.203125,3551.750
1785217975.664274931,3.791821,33,13,334.859375,3539.000
1785217975.664274931,3.791821,33,12,336.515625,3537.500
1785217975.664274931,3.791821,33,13,338.156250,3542.500
1785217975.664274931,3.791821,33,15,339.796875,3541.500
1785217975.664274931,3.791821,33,14,341.468750,3537.000
1785217975.664274931,3.791821,33,15,347.984375,3579.000
1785217975.780189037,3.869329,34,8,352.921875,3615.250
1785217975.780189037,3.869329,34,6,6.046875,3954.500
1785217975.780189037,3.869329,34,15,7.687500,4038.750
1785217975.780189037,3.869329,34,15,9.343750,4088.500
1785217975.780189037,3.869329,34,15,10.921875,4139.000
1785217975.780189037,3.869329,34,9,12.546875,4205.250
1785217975.780189037,3.869329,34,15,226.109375,5911.250
1785217975.780189037,3.869329,34,15,231.031250,5387.500
1785217975.780189037,3.869329,34,15,235.968750,5018.250
1785217975.780189037,3.869329,34,15,240.968750,3853.000
1785217975.780189037,3.869329,34,15,245.875000,4320.750
1785217975.780189037,3.869329,34,15,247.515625,4239.750
1785217975.780189037,3.869329,34,15,249.156250,4186.250
1785217975.780189037,3.869329,34,15,250.812500,4131.000
1785217975.780189037,3.869329,34,15,252.453125,4066.750
1785217975.780189037,3.869329,34,15,254.109375,4026.250
1785217975.780189037,3.869329,34,15,255.750000,3979.500
1785217975.780189037,3.869329,34,15,257.375000,3943.500
1785217975.780189037,3.869329,34,15,259.015625,4004.000
1785217975.780189037,3.869329,34,15,260.687500,4048.250
1785217975.780189037,3.869329,34,15,263.937500,4307.250
1785217975.780189037,3.869329,34,15,265.578125,4316.750
1785217975.780189037,3.869329,34,15,267.218750,4280.750
1785217975.780189037,3.869329,34,15,268.859375,4248.000
1785217975.780189037,3.869329,34,15,270.500000,4262.500
1785217975.780189037,3.869329,34,15,272.156250,4277.750
1785217975.780189037,3.869329,34,15,273.796875,4270.000
1785217975.780189037,3.869329,34,15,275.421875,4264.500
1785217975.780189037,3.869329,34,15,277.046875,4269.500
1785217975.780189037,3.869329,34,15,278.687500,4280.500
1785217975.780189037,3.869329,34,15,280.328125,4293.250
1785217975.780189037,3.869329,34,15,281.968750,4311.500
1785217975.780189037,3.869329,34,15,283.609375,4333.750
1785217975.780189037,3.869329,34,15,285.234375,4366.750
1785217975.780189037,3.869329,34,15,286.859375,4398.250
1785217975.780189037,3.869329,34,15,290.171875,4198.500
1785217975.780189037,3.869329,34,15,291.812500,4086.750
1785217975.780189037,3.869329,34,15,295.140625,3838.250
1785217975.780189037,3.869329,34,15,296.765625,3878.750
1785217975.780189037,3.869329,34,15,298.546875,3924.250
1785217975.780189037,3.869329,34,15,300.187500,3973.000
1785217975.780189037,3.869329,34,15,301.812500,4034.500
1785217975.780189037,3.869329,34,9,308.437500,3917.500
1785217975.780189037,3.869329,34,10,310.093750,3901.250
1785217975.780189037,3.869329,34,8,311.750000,3845.500
1785217975.780189037,3.869329,34,8,313.406250,3758.750
1785217975.780189037,3.869329,34,12,315.046875,3716.750
1785217975.780189037,3.869329,34,15,316.703125,3702.500
1785217975.780189037,3.869329,34,14,318.359375,3692.500
1785217975.780189037,3.869329,34,15,320.015625,3649.750
1785217975.780189037,3.869329,34,15,321.671875,3624.000
1785217975.780189037,3.869329,34,15,323.296875,3633.500
1785217975.780189037,3.869329,34,15,324.953125,3621.000
1785217975.780189037,3.869329,34,7,326.578125,3601.000
1785217975.780189037,3.869329,34,9,328.234375,3578.750
1785217975.780189037,3.869329,34,14,329.906250,3567.250
1785217975.780189037,3.869329,34,15,331.562500,3541.500
1785217975.780189037,3.869329,34,15,333.187500,3531.000
1785217975.780189037,3.869329,34,15,334.828125,3533.500
1785217975.780189037,3.869329,34,15,336.500000,3533.500
1785217975.780189037,3.869329,34,15,338.125000,3539.000
1785217975.890503407,3.947708,35,8,351.203125,3639.000
1785217975.890503407,3.947708,35,15,2.687500,3941.500
1785217975.890503407,3.947708,35,13,4.328125,4010.000
1785217975.890503407,3.947708,35,15,5.984375,4066.500
1785217975.890503407,3.947708,35,15,7.625000,4124.250
1785217975.890503407,3.947708,35,12,9.250000,4172.500
1785217975.890503407,3.947708,35,11,12.515625,4395.250
1785217975.890503407,3.947708,35,8,181.453125,10164.750
1785217975.890503407,3.947708,35,7,186.375000,10224.250
1785217975.890503407,3.947708,35,11,204.500000,10312.750
1785217975.890503407,3.947708,35,15,222.703125,6412.000
1785217975.890503407,3.947708,35,15,225.984375,5957.250
1785217975.890503407,3.947708,35,15,227.640625,5807.250
1785217975.890503407,3.947708,35,15,232.609375,5293.500
1785217975.890503407,3.947708,35,15,240.906250,3875.250
1785217975.890503407,3.947708,35,15,245.812500,4365.000
1785217975.890503407,3.947708,35,15,247.468750,4301.000
1785217975.890503407,3.947708,35,15,249.093750,4224.250
1785217975.890503407,3.947708,35,15,250.750000,4163.000
1785217975.890503407,3.947708,35,15,252.390625,4144.250
1785217975.890503407,3.947708,35,15,254.031250,4096.500
1785217975.890503407,3.947708,35,15,255.687500,4042.000
1785217975.890503407,3.947708,35,15,257.343750,3985.250
1785217975.890503407,3.947708,35,15,260.609375,4067.750
1785217975.890503407,3.947708,35,15,263.875000,4273.000
1785217975.890503407,3.947708,35,15,265.515625,4343.500
1785217975.890503407,3.947708,35,15,267.156250,4332.500
1785217975.890503407,3.947708,35,15,268.812500,4319.500
1785217975.890503407,3.947708,35,15,270.453125,4308.500
1785217975.890503407,3.947708,35,15,272.093750,4302.250
1785217975.890503407,3.947708,35,15,273.734375,4294.500
1785217975.890503407,3.947708,35,15,275.375000,4287.750
1785217975.890503407,3.947708,35,15,277.031250,4294.500
1785217975.890503407,3.947708,35,15,278.671875,4310.750
1785217975.890503407,3.947708,35,15,280.328125,4322.750
1785217975.890503407,3.947708,35,15,281.953125,4345.750
1785217975.890503407,3.947708,35,15,283.578125,4368.000
1785217975.890503407,3.947708,35,15,286.875000,4357.250
1785217975.890503407,3.947708,35,12,291.828125,4132.250
1785217975.890503407,3.947708,35,15,295.109375,3892.750
1785217975.890503407,3.947708,35,15,296.781250,3930.750
1785217975.890503407,3.947708,35,7,298.484375,3946.000
1785217975.890503407,3.947708,35,8,303.437500,3916.500
1785217975.890503407,3.947708,35,8,305.078125,3882.000
1785217975.890503407,3.947708,35,8,308.375000,3842.750
1785217975.890503407,3.947708,35,8,310.031250,3777.750
1785217975.890503407,3.947708,35,15,311.703125,3740.500
1785217975.890503407,3.947708,35,13,313.359375,3721.000
1785217975.890503407,3.947708,35,11,315.000000,3711.500
1785217975.890503407,3.947708,35,15,316.656250,3699.250
1785217975.890503407,3.947708,35,11,318.296875,3689.250
1785217975.890503407,3.947708,35,13,319.968750,3650.250
1785217975.890503407,3.947708,35,15,321.609375,3632.250
1785217975.890503407,3.947708,35,15,323.187500,3646.500
1785217975.890503407,3.947708,35,15,324.812500,3632.250
1785217975.890503407,3.947708,35,14,326.468750,3608.000
1785217975.890503407,3.947708,35,10,328.125000,3581.250
1785217975.890503407,3.947708,35,11,329.781250,3559.250
1785217975.890503407,3.947708,35,12,331.406250,3541.750
1785217975.890503407,3.947708,35,15,333.046875,3536.250
1785217975.890503407,3.947708,35,12,334.718750,3521.750
1785217975.890503407,3.947708,35,12,336.343750,3521.750
1785217975.890503407,3.947708,35,11,337.984375,3535.500
1785217975.890503407,3.947708,35,12,347.812500,3591.500
1785217975.890503407,3.947708,35,8,349.437500,3646.750
1785217976.001906395,4.101570,36,15,2.531250,3933.000
1785217976.001906395,4.101570,36,10,4.171875,4010.000
1785217976.001906395,4.101570,36,15,5.796875,4073.250
1785217976.001906395,4.101570,36,15,7.437500,4113.000
1785217976.001906395,4.101570,36,15,9.078125,4140.000
1785217976.001906395,4.101570,36,10,13.968750,4422.250
1785217976.001906395,4.101570,36,8,179.515625,10114.750
1785217976.001906395,4.101570,36,9,184.437500,10149.750
1785217976.001906395,4.101570,36,9,186.078125,10133.750
1785217976.001906395,4.101570,36,15,222.218750,6583.000
1785217976.001906395,4.101570,36,15,227.171875,5902.750
1785217976.001906395,4.101570,36,15,228.828125,5733.500
1785217976.001906395,4.101570,36,15,230.484375,5574.750
1785217976.001906395,4.101570,36,15,232.125000,5430.500
1785217976.001906395,4.101570,36,15,235.437500,5152.500
1785217976.001906395,4.101570,36,12,238.734375,4798.000
1785217976.001906395,4.101570,36,15,242.062500,3910.000
1785217976.001906395,4.101570,36,15,245.312500,4414.500
1785217976.001906395,4.101570,36,15,246.968750,4359.750
1785217976.001906395,4.101570,36,15,248.593750,4280.250
1785217976.001906395,4.101570,36,15,250.250000,4233.500
1785217976.001906395,4.101570,36,15,251.937500,4188.500
1785217976.001906395,4.101570,36,15,253.609375,4136.500
1785217976.001906395,4.101570,36,15,255.234375,4100.250
1785217976.001906395,4.101570,36,15,256.890625,4062.750
1785217976.001906395,4.101570,36,15,260.171875,4174.750
1785217976.001906395,4.101570,36,15,261.812500,4183.500
1785217976.001906395,4.101570,36,15,265.093750,4405.750
1785217976.001906395,4.101570,36,15,266.718750,4387.000
1785217976.001906395,4.101570,36,15,268.375000,4378.250
1785217976.001906395,4.101570,36,15,270.015625,4369.750
1785217976.001906395,4.101570,36,15,271.656250,4352.000
1785217976.001906395,4.101570,36,15,273.296875,4344.000
1785217976.001906395,4.101570,36,15,274.921875,4332.500
1785217976.001906395,4.101570,36,15,276.562500,4338.750
1785217976.001906395,4.101570,36,15,278.203125,4363.250
1785217976.001906395,4.101570,36,15,279.843750,4387.500
1785217976.001906395,4.101570,36,15,281.468750,4398.750
1785217976.001906395,4.101570,36,15,283.125000,4417.000
1785217976.001906395,4.101570,36,15,286.390625,4445.500
1785217976.001906395,4.101570,36,7,288.046875,4424.250
1785217976.001906395,4.101570,36,9,291.343750,4180.750
1785217976.001906395,4.101570,36,15,294.656250,3917.000
1785217976.001906395,4.101570,36,15,296.296875,3953.250
1785217976.001906395,4.101570,36,12,301.296875,3931.000
1785217976.001906395,4.101570,36,12,302.921875,3873.250
1785217976.001906395,4.101570,36,10,304.609375,3844.250
1785217976.001906395,4.101570,36,7,306.250000,3794.500
1785217976.001906395,4.101570,36,8,307.890625,3724.000
1785217976.001906395,4.101570,36,11,309.515625,3686.500
1785217976.001906395,4.101570,36,15,311.187500,3668.500
1785217976.001906395,4.101570,36,10,312.828125,3629.750
1785217976.001906395,4.101570,36,9,314.484375,3603.250
1785217976.001906395,4.101570,36,10,316.125000,3599.000
1785217976.001906395,4.101570,36,15,317.765625,3604.750
1785217976.001906395,4.101570,36,11,319.421875,3610.000
1785217976.001906395,4.101570,36,7,321.062500,3591.250
1785217976.001906395,4.101570,36,11,322.609375,3558.250
1785217976.001906395,4.101570,36,13,324.281250,3533.250
1785217976.001906395,4.101570,36,12,325.921875,3516.250
1785217976.001906395,4.101570,36,11,327.546875,3497.000
1785217976.001906395,4.101570,36,15,329.187500,3480.250
1785217976.001906395,4.101570,36,15,330.843750,3475.500
1785217976.001906395,4.101570,36,14,332.468750,3463.750
1785217976.114004374,4.180240,37,7,353.781250,3480.000
1785217976.114004374,4.180240,37,8,183.750000,10146.750
1785217976.114004374,4.180240,37,8,188.671875,10150.000
1785217976.114004374,4.180240,37,15,223.140625,6533.000
1785217976.114004374,4.180240,37,15,228.062500,5898.250
1785217976.114004374,4.180240,37,15,231.375000,5533.250
1785217976.114004374,4.180240,37,15,233.015625,5397.500
1785217976.114004374,4.180240,37,15,234.671875,5267.250
1785217976.114004374,4.180240,37,15,236.296875,5144.000
1785217976.114004374,4.180240,37,15,241.312500,3958.000
1785217976.114004374,4.180240,37,15,242.937500,3953.250
1785217976.114004374,4.180240,37,15,246.156250,4440.750
1785217976.114004374,4.180240,37,15,247.812500,4393.500
1785217976.114004374,4.180240,37,15,249.468750,4322.250
1785217976.114004374,4.180240,37,15,251.156250,4256.250
1785217976.114004374,4.180240,37,15,252.812500,4207.000
1785217976.114004374,4.180240,37,15,254.468750,4160.750
1785217976.114004374,4.180240,37,15,256.093750,4135.500
1785217976.114004374,4.180240,37,15,257.750000,4088.000
1785217976.114004374,4.180240,37,15,261.015625,4174.000
1785217976.114004374,4.180240,37,15,264.296875,4372.000
1785217976.114004374,4.180240,37,15,265.937500,4418.500
1785217976.114004374,4.180240,37,15,267.562500,4411.000
1785217976.114004374,4.180240,37,15,269.218750,4388.750
1785217976.114004374,4.180240,37,15,270.843750,4380.000
1785217976.114004374,4.180240,37,15,272.500000,4384.750
1785217976.114004374,4.180240,37,15,274.125000,4385.250
1785217976.114004374,4.180240,37,15,275.718750,4388.750
1785217976.114004374,4.180240,37,15,277.359375,4370.250
1785217976.114004374,4.180240,37,15,278.984375,4379.750
1785217976.114004374,4.180240,37,15,280.625000,4418.750
1785217976.114004374,4.180240,37,15,282.250000,4427.000
1785217976.114004374,4.180240,37,15,283.906250,4426.250
1785217976.114004374,4.180240,37,15,285.531250,4479.000
1785217976.114004374,4.180240,37,15,287.156250,4504.750
1785217976.114004374,4.180240,37,15,290.468750,4290.500
1785217976.114004374,4.180240,37,15,293.765625,3983.000
1785217976.114004374,4.180240,37,15,295.390625,3962.750
1785217976.114004374,4.180240,37,6,302.078125,3811.000
1785217976.114004374,4.180240,37,7,303.703125,3745.500
1785217976.114004374,4.180240,37,10,305.359375,3683.750
1785217976.114004374,4.180240,37,13,307.000000,3665.000
1785217976.114004374,4.180240,37,11,311.937500,3479.750
1785217976.114004374,4.180240,37,15,313.578125,3468.250
1785217976.114004374,4.180240,37,15,315.234375,3469.000
1785217976.114004374,4.180240,37,15,316.859375,3464.750
1785217976.114004374,4.180240,37,15,320.171875,3440.750
1785217976.114004374,4.180240,37,4,321.812500,3402.250
1785217976.114004374,4.180240,37,15,323.500000,3361.250
1785217976.228163958,4.338546,38,9,359.671875,3678.500
1785217976.228163958,4.338546,38,15,212.687500,8649.500
1785217976.228163958,4.338546,38,15,224.234375,6485.000
1785217976.228163958,4.338546,38,15,227.546875,6009.750
1785217976.228163958,4.338546,38,15,229.187500,5858.250
1785217976.228163958,4.338546,38,15,232.484375,5489.250
1785217976.228163958,4.338546,38,15,234.140625,5359.750
1785217976.228163958,4.338546,38,15,242.406250,3970.750
1785217976.228163958,4.338546,38,15,247.281250,4433.750
1785217976.228163958,4.338546,38,15,248.953125,4384.250
1785217976.228163958,4.338546,38,15,250.578125,4330.000
1785217976.228163958,4.338546,38,15,252.218750,4263.250
1785217976.228163958,4.338546,38,15,253.859375,4214.750
1785217976.228163958,4.338546,38,15,255.531250,4176.000
1785217976.228163958,4.338546,38,15,257.171875,4141.500
1785217976.228163958,4.338546,38,15,258.796875,4164.750
1785217976.228163958,4.338546,38,15,260.437500,4205.500
1785217976.228163958,4.338546,38,10,262.078125,4217.250
1785217976.228163958,4.338546,38,15,265.343750,4470.500
1785217976.228163958,4.338546,38,15,266.968750,4451.750
1785217976.228163958,4.338546,38,15,268.609375,4450.000
1785217976.228163958,4.338546,38,15,270.265625,4438.250
1785217976.228163958,4.338546,38,15,271.875000,4421.500
1785217976.228163958,4.338546,38,15,273.515625,4425.750
1785217976.228163958,4.338546,38,15,275.078125,4427.500
1785217976.228163958,4.338546,38,15,276.703125,4430.000
1785217976.228163958,4.338546,38,15,278.343750,4444.750
1785217976.228163958,4.338546,38,15,279.968750,4454.250
1785217976.228163958,4.338546,38,15,281.593750,4454.250
1785217976.228163958,4.338546,38,15,283.234375,4464.000
1785217976.228163958,4.338546,38,15,286.484375,4476.000
1785217976.228163958,4.338546,38,10,291.421875,4230.750
1785217976.228163958,4.338546,38,15,294.718750,3978.250
1785217976.228163958,4.338546,38,9,296.343750,4017.500
1785217976.228163958,4.338546,38,11,301.359375,3842.000
1785217976.228163958,4.338546,38,7,304.656250,3734.750
1785217976.228163958,4.338546,38,14,306.296875,3683.250
1785217976.228163958,4.338546,38,10,307.953125,3670.000
1785217976.228163958,4.338546,38,9,309.578125,3639.250
1785217976.228163958,4.338546,38,15,311.250000,3581.000
1785217976.228163958,4.338546,38,15,312.875000,3534.750
1785217976.228163958,4.338546,38,15,314.500000,3527.000
1785217976.228163958,4.338546,38,15,316.156250,3524.250
1785217976.228163958,4.338546,38,14,317.796875,3514.750
1785217976.228163958,4.338546,38,13,319.453125,3495.750
1785217976.228163958,4.338546,38,15,321.093750,3478.750
1785217976.228163958,4.338546,38,15,322.812500,3466.000
1785217976.228163958,4.338546,38,0,326.125000,3411.750
1785217976.339276314,4.414635,39,13,13.718750,4335.750
1785217976.339276314,4.414635,39,9,172.609375,9206.750
1785217976.339276314,4.414635,39,15,228.484375,5958.000
1785217976.339276314,4.414635,39,15,233.437500,5479.750
1785217976.339276314,4.414635,39,15,241.750000,4069.000
1785217976.339276314,4.414635,39,15,243.406250,4016.000
1785217976.339276314,4.414635,39,15,246.656250,4498.250
1785217976.339276314,4.414635,39,15,248.296875,4446.500
1785217976.339276314,4.414635,39,15,249.937500,4402.000
1785217976.339276314,4.414635,39,15,251.546875,4337.250
1785217976.339276314,4.414635,39,15,253.218750,4270.750
1785217976.339276314,4.414635,39,15,254.843750,4229.750
1785217976.339276314,4.414635,39,15,256.468750,4199.000
1785217976.339276314,4.414635,39,15,258.140625,4154.750
1785217976.339276314,4.414635,39,15,259.765625,4192.000
1785217976.339276314,4.414635,39,15,261.406250,4238.500
1785217976.339276314,4.414635,39,15,264.687500,4463.000
1785217976.339276314,4.414635,39,15,266.328125,4505.250
1785217976.339276314,4.414635,39,15,267.968750,4491.750
1785217976.339276314,4.414635,39,15,269.593750,4477.250
1785217976.339276314,4.414635,39,15,271.234375,4468.250
1785217976.339276314,4.414635,39,15,272.875000,4461.500
1785217976.339276314,4.414635,39,15,274.453125,4465.250
1785217976.339276314,4.414635,39,15,276.109375,4470.500
1785217976.339276314,4.414635,39,15,277.734375,4477.750
1785217976.339276314,4.414635,39,15,279.375000,4495.000
1785217976.339276314,4.414635,39,15,282.671875,4485.250
1785217976.339276314,4.414635,39,15,300.843750,3697.500
1785217976.339276314,4.414635,39,15,302.500000,3648.000
1785217976.339276314,4.414635,39,15,305.796875,3614.500
1785217976.339276314,4.414635,39,11,307.421875,3612.750
1785217976.339276314,4.414635,39,9,309.093750,3574.250
1785217976.339276314,4.414635,39,9,310.718750,3525.250
1785217976.339276314,4.414635,39,11,312.375000,3512.500
1785217976.339276314,4.414635,39,9,314.015625,3502.750
1785217976.339276314,4.414635,39,14,315.640625,3504.750
1785217976.339276314,4.414635,39,10,317.296875,3507.000
1785217976.339276314,4.414635,39,11,318.937500,3500.750
1785217976.339276314,4.414635,39,13,320.593750,3492.000
1785217976.339276314,4.414635,39,15,322.218750,3485.750
1785217976.339276314,4.414635,39,15,323.921875,3473.750
1785217976.339276314,4.414635,39,15,325.593750,3462.250
1785217976.451220751,4.570469,40,15,11.468750,4136.500
1785217976.451220751,4.570469,40,8,13.093750,4208.250
1785217976.451220751,4.570469,40,15,170.578125,10163.750
1785217976.451220751,4.570469,40,8,185.296875,10137.750
1785217976.451220751,4.570469,40,15,224.765625,6543.000
1785217976.451220751,4.570469,40,15,229.750000,5902.500
1785217976.451220751,4.570469,40,15,236.343750,5316.250
1785217976.451220751,4.570469,40,15,238.031250,5186.500
1785217976.451220751,4.570469,40,15,243.000000,4050.500
1785217976.451220751,4.570469,40,15,247.921875,4521.000
1785217976.451220751,4.570469,40,15,249.546875,4455.000
1785217976.451220751,4.570469,40,15,251.171875,4397.250
1785217976.451220751,4.570469,40,15,252.828125,4342.750
1785217976.451220751,4.570469,40,15,254.453125,4295.000
1785217976.451220751,4.570469,40,15,256.109375,4248.750
1785217976.451220751,4.570469,40,15,257.750000,4212.000
1785217976.451220751,4.570469,40,15,259.390625,4214.250
1785217976.451220751,4.570469,40,15,261.015625,4244.250
1785217976.451220751,4.570469,40,15,264.296875,4460.500
1785217976.451220751,4.570469,40,15,265.937500,4513.250
1785217976.451220751,4.570469,40,15,267.562500,4510.250
1785217976.451220751,4.570469,40,15,269.203125,4513.250
1785217976.451220751,4.570469,40,15,270.859375,4507.750
1785217976.451220751,4.570469,40,15,272.500000,4504.000
1785217976.451220751,4.570469,40,15,274.125000,4496.000
1785217976.451220751,4.570469,40,15,275.703125,4484.500
1785217976.451220751,4.570469,40,15,277.343750,4496.250
1785217976.451220751,4.570469,40,15,278.984375,4509.500
1785217976.451220751,4.570469,40,15,280.625000,4501.000
1785217976.451220751,4.570469,40,15,282.250000,4530.750
1785217976.451220751,4.570469,40,15,285.515625,4564.250
1785217976.451220751,4.570469,40,15,293.734375,4099.500
1785217976.451220751,4.570469,40,15,295.375000,4080.250
1785217976.451220751,4.570469,40,11,302.093750,3889.000
1785217976.451220751,4.570469,40,9,305.375000,3861.250
1785217976.451220751,4.570469,40,12,308.703125,3686.750
1785217976.451220751,4.570469,40,13,311.984375,3660.750
1785217976.451220751,4.570469,40,8,313.625000,3614.750
1785217976.451220751,4.570469,40,10,315.281250,3618.750
1785217976.451220751,4.570469,40,9,316.921875,3641.750
1785217976.451220751,4.570469,40,6,318.562500,3605.250
1785217976.451220751,4.570469,40,13,320.218750,3554.250
1785217976.451220751,4.570469,40,14,321.859375,3535.250
1785217976.451220751,4.570469,40,15,323.562500,3514.500
1785217976.451220751,4.570469,40,15,325.203125,3485.000
1785217976.566325903,4.646368,41,13,9.609375,4122.000
1785217976.566325903,4.646368,41,15,12.812500,4366.500
1785217976.566325903,4.646368,41,8,188.437500,10175.500
1785217976.566325903,4.646368,41,15,226.265625,6442.500
1785217976.566325903,4.646368,41,15,229.562500,5978.500
1785217976.566325903,4.646368,41,15,231.203125,5824.000
1785217976.566325903,4.646368,41,15,232.828125,5674.250
1785217976.566325903,4.646368,41,15,234.484375,5524.500
1785217976.566325903,4.646368,41,15,236.140625,5389.250
1785217976.566325903,4.646368,41,15,237.781250,5267.000
1785217976.566325903,4.646368,41,15,244.406250,4064.250
1785217976.566325903,4.646368,41,15,247.656250,4571.000
1785217976.566325903,4.646368,41,15,249.296875,4505.000
1785217976.566325903,4.646368,41,15,250.953125,4451.500
1785217976.566325903,4.646368,41,15,252.578125,4412.750
1785217976.566325903,4.646368,41,15,254.218750,4367.000
1785217976.566325903,4.646368,41,15,255.875000,4308.500
1785217976.566325903,4.646368,41,15,257.515625,4250.500
1785217976.566325903,4.646368,41,15,259.140625,4235.250
1785217976.566325903,4.646368,41,15,260.781250,4294.250
1785217976.566325903,4.646368,41,15,262.421875,4326.250
1785217976.566325903,4.646368,41,15,265.687500,4557.500
1785217976.566325903,4.646368,41,15,267.328125,4542.500
1785217976.566325903,4.646368,41,15,268.968750,4542.500
1785217976.566325903,4.646368,41,15,270.609375,4540.500
1785217976.566325903,4.646368,41,15,272.234375,4540.500
1785217976.566325903,4.646368,41,15,273.890625,4532.500
1785217976.566325903,4.646368,41,15,275.546875,4532.000
1785217976.566325903,4.646368,41,15,277.187500,4540.500
1785217976.566325903,4.646368,41,15,278.843750,4530.000
1785217976.566325903,4.646368,41,15,280.468750,4538.000
1785217976.566325903,4.646368,41,15,282.125000,4560.500
1785217976.566325903,4.646368,41,15,283.765625,4584.000
1785217976.566325903,4.646368,41,15,285.390625,4633.000
1785217976.566325903,4.646368,41,15,287.031250,4649.250
1785217976.566325903,4.646368,41,15,290.328125,4432.000
1785217976.566325903,4.646368,41,15,293.640625,4132.000
1785217976.566325903,4.646368,41,15,295.265625,4112.000
1785217976.566325903,4.646368,41,10,301.984375,3891.000
1785217976.566325903,4.646368,41,10,308.640625,3657.250
1785217976.566325903,4.646368,41,11,310.265625,3632.750
1785217976.566325903,4.646368,41,4,311.937500,3585.750
1785217976.566325903,4.646368,41,15,313.578125,3539.250
1785217976.566325903,4.646368,41,12,315.234375,3493.750
1785217976.566325903,4.646368,41,15,316.890625,3466.000
1785217976.676624537,4.800196,42,11,1.359375,3996.500
1785217976.676624537,4.800196,42,15,3.015625,4066.500
1785217976.676624537,4.800196,42,15,4.656250,4125.750
1785217976.676624537,4.800196,42,15,6.296875,4175.000
1785217976.676624537,4.800196,42,12,9.578125,4401.250
1785217976.676624537,4.800196,42,15,11.140625,4474.500
1785217976.676624537,4.800196,42,9,12.765625,4582.500
1785217976.676624537,4.800196,42,15,214.796875,8576.250
1785217976.676624537,4.800196,42,15,218.093750,7862.000
1785217976.676624537,4.800196,42,15,226.328125,6470.250
1785217976.676624537,4.800196,42,15,229.625000,6051.000
1785217976.676624537,4.800196,42,15,231.281250,5886.250
1785217976.676624537,4.800196,42,15,232.921875,5729.250
1785217976.676624537,4.800196,42,15,234.578125,5566.250
1785217976.676624537,4.800196,42,15,244.515625,4088.000
1785217976.676624537,4.800196,42,15,247.765625,4610.750
1785217976.676624537,4.800196,42,15,249.421875,4543.000
1785217976.676624537,4.800196,42,15,251.046875,4486.000
1785217976.676624537,4.800196,42,15,252.703125,4435.750
1785217976.676624537,4.800196,42,15,254.343750,4383.250
1785217976.676624537,4.800196,42,15,255.984375,4333.250
1785217976.676624537,4.800196,42,15,257.640625,4292.250
1785217976.676624537,4.800196,42,15,259.281250,4251.000
1785217976.676624537,4.800196,42,15,262.562500,4352.000
1785217976.676624537,4.800196,42,15,265.812500,4621.250
1785217976.676624537,4.800196,42,15,267.468750,4590.000
1785217976.676624537,4.800196,42,15,269.093750,4551.250
1785217976.676624537,4.800196,42,15,270.734375,4542.500
1785217976.676624537,4.800196,42,15,272.375000,4541.000
1785217976.676624537,4.800196,42,15,274.031250,4543.500
1785217976.676624537,4.800196,42,15,275.671875,4546.250
1785217976.676624537,4.800196,42,15,277.312500,4551.750
1785217976.676624537,4.800196,42,15,278.953125,4567.000
1785217976.676624537,4.800196,42,15,280.593750,4599.500
1785217976.676624537,4.800196,42,15,282.234375,4623.250
1785217976.676624537,4.800196,42,15,283.875000,4648.000
1785217976.676624537,4.800196,42,15,287.171875,4652.500
1785217976.676624537,4.800196,42,12,288.796875,4590.250
1785217976.676624537,4.800196,42,15,290.453125,4492.500
1785217976.676624537,4.800196,42,15,293.750000,4136.000
1785217976.676624537,4.800196,42,15,295.390625,4163.750
1785217976.676624537,4.800196,42,15,300.468750,3986.500
1785217976.676624537,4.800196,42,9,302.078125,3919.500
1785217976.676624537,4.800196,42,10,303.750000,3880.000
1785217976.676624537,4.800196,42,12,308.703125,3681.250
1785217976.676624537,4.800196,42,12,310.359375,3646.500
1785217976.676624537,4.800196,42,9,312.031250,3616.000
1785217976.676624537,4.800196,42,15,313.687500,3567.500
1785217976.676624537,4.800196,42,15,315.312500,3519.750
1785217976.676624537,4.800196,42,15,316.953125,3498.250
1785217976.676624537,4.800196,42,15,321.937500,3301.500
1785217976.788738012,4.862388,43,14,3.156250,4013.750
1785217976.788738012,4.862388,43,15,4.796875,4089.250
1785217976.788738012,4.862388,43,15,6.453125,4129.750
1785217976.788738012,4.862388,43,10,11.328125,4407.750
1785217976.788738012,4.862388,43,9,12.968750,4487.250
1785217976.788738012,4.862388,43,7,183.781250,10185.750
1785217976.788738012,4.862388,43,8,185.437500,10211.250
1785217976.788738012,4.862388,43,8,187.078125,10130.500
1785217976.788738012,4.862388,43,15,215.031250,8601.750
1785217976.788738012,4.862388,43,15,226.578125,6503.750
1785217976.788738012,4.862388,43,15,231.531250,5911.750
1785217976.788738012,4.862388,43,15,233.171875,5768.750
1785217976.788738012,4.862388,43,15,234.843750,5608.750
1785217976.788738012,4.862388,43,15,243.109375,4189.750
1785217976.788738012,4.862388,43,15,244.765625,4153.000
1785217976.788738012,4.862388,43,15,248.031250,4659.250
1785217976.788738012,4.862388,43,15,249.671875,4586.250
1785217976.788738012,4.862388,43,15,251.312500,4500.250
1785217976.788738012,4.862388,43,15,252.968750,4455.500
1785217976.788738012,4.862388,43,15,254.609375,4427.500
1785217976.788738012,4.862388,43,15,256.250000,4376.750
1785217976.788738012,4.862388,43,15,257.875000,4340.000
1785217976.788738012,4.862388,43,15,259.531250,4298.000
1785217976.788738012,4.862388,43,15,262.812500,4398.000
1785217976.788738012,4.862388,43,15,266.062500,4663.000
1785217976.788738012,4.862388,43,15,267.718750,4633.500
1785217976.788738012,4.862388,43,15,269.359375,4607.000
1785217976.788738012,4.862388,43,15,271.000000,4591.000
1785217976.788738012,4.862388,43,15,272.640625,4589.750
1785217976.788738012,4.862388,43,15,274.296875,4587.750
1785217976.788738012,4.862388,43,15,275.921875,4594.250
1785217976.788738012,4.862388,43,15,277.562500,4605.750
1785217976.788738012,4.862388,43,2,279.203125,4623.750
1785217976.788738012,4.862388,43,10,280.843750,4639.250
1785217976.788738012,4.862388,43,15,282.468750,4633.000
1785217976.788738012,4.862388,43,13,295.671875,3909.500
1785217976.788738012,4.862388,43,8,297.328125,3875.500
1785217976.788738012,4.862388,43,13,300.687500,3678.250
1785217976.788738012,4.862388,43,15,302.312500,3638.500
1785217976.788738012,4.862388,43,9,303.968750,3569.500
1785217976.788738012,4.862388,43,11,307.296875,3525.250
1785217976.788738012,4.862388,43,10,308.921875,3489.000
1785217976.788738012,4.862388,43,14,313.859375,3464.500
1785217976.788738012,4.862388,43,15,315.500000,3469.000
1785217976.788738012,4.862388,43,15,317.156250,3448.750
1785217976.899361849,5.016885,44,14,9.859375,4128.250
1785217976.899361849,5.016885,44,15,172.265625,10006.250
1785217976.899361849,5.016885,44,10,185.437500,10215.500
1785217976.899361849,5.016885,44,7,190.390625,10147.250
1785217976.899361849,5.016885,44,15,226.593750,6596.250
1785217976.899361849,5.016885,44,15,231.546875,5923.000
1785217976.899361849,5.016885,44,15,233.203125,5803.750
1785217976.899361849,5.016885,44,15,234.843750,5683.000
1785217976.899361849,5.016885,44,15,244.781250,4159.500
1785217976.899361849,5.016885,44,15,249.656250,4611.750
1785217976.899361849,5.016885,44,15,251.359375,4552.750
1785217976.899361849,5.016885,44,15,253.000000,4494.500
1785217976.899361849,5.016885,44,15,254.656250,4454.500
1785217976.899361849,5.016885,44,15,256.296875,4423.500
1785217976.899361849,5.016885,44,15,257.953125,4389.500
1785217976.899361849,5.016885,44,15,259.593750,4348.000
1785217976.899361849,5.016885,44,15,261.234375,4372.000
1785217976.899361849,5.016885,44,15,262.875000,4417.500
1785217976.899361849,5.016885,44,15,266.156250,4696.250
1785217976.899361849,5.016885,44,15,267.796875,4656.250
1785217976.899361849,5.016885,44,15,269.437500,4632.000
1785217976.899361849,5.016885,44,15,271.093750,4615.250
1785217976.899361849,5.016885,44,15,272.734375,4595.000
1785217976.899361849,5.016885,44,15,274.343750,4634.750
1785217976.899361849,5.016885,44,15,277.625000,4630.000
1785217976.899361849,5.016885,44,11,279.265625,4605.250
1785217976.899361849,5.016885,44,9,292.453125,3908.250
1785217976.899361849,5.016885,44,10,297.406250,3672.500
1785217976.899361849,5.016885,44,5,300.781250,3610.750
1785217976.899361849,5.016885,44,9,302.453125,3525.500
1785217976.899361849,5.016885,44,15,304.062500,3495.500
1785217976.899361849,5.016885,44,12,305.734375,3478.250
1785217976.899361849,5.016885,44,15,309.015625,3459.250
1785217977.010376215,5.093698,45,15,172.328125,10043.750
1785217977.010376215,5.093698,45,8,187.046875,10131.750
1785217977.010376215,5.093698,45,7,188.687500,10185.500
1785217977.010376215,5.093698,45,15,226.546875,6636.250
1785217977.010376215,5.093698,45,15,231.500000,6025.500
1785217977.010376215,5.093698,45,15,233.156250,5896.750
1785217977.010376215,5.093698,45,15,244.734375,4226.000
1785217977.010376215,5.093698,45,15,249.609375,4676.250
1785217977.010376215,5.093698,45,15,251.375000,4615.750
1785217977.010376215,5.093698,45,15,253.000000,4542.500
1785217977.010376215,5.093698,45,15,254.671875,4476.500
1785217977.010376215,5.093698,45,15,256.312500,4427.500
1785217977.010376215,5.093698,45,15,257.968750,4395.750
1785217977.010376215,5.093698,45,15,259.609375,4378.500
1785217977.010376215,5.093698,45,15,261.250000,4429.750
1785217977.010376215,5.093698,45,15,262.906250,4450.500
1785217977.010376215,5.093698,45,15,266.171875,4701.000
1785217977.010376215,5.093698,45,15,267.812500,4696.000
1785217977.010376215,5.093698,45,15,269.484375,4699.500
1785217977.010376215,5.093698,45,15,271.125000,4694.000
1785217977.010376215,5.093698,45,15,272.765625,4654.750
1785217977.010376215,5.093698,45,12,274.312500,4675.000
1785217977.010376215,5.093698,45,11,292.437500,3699.000
1785217977.010376215,5.093698,45,8,294.093750,3655.250
1785217977.010376215,5.093698,45,7,295.734375,3609.000
1785217977.010376215,5.093698,45,10,297.375000,3526.000
1785217977.010376215,5.093698,45,15,315.562500,3155.750
1785217977.127115726,5.246520,46,8,4.859375,3917.500
1785217977.127115726,5.246520,46,14,9.765625,4164.000
1785217977.127115726,5.246520,46,10,11.312500,4269.000
1785217977.127115726,5.246520,46,15,12.921875,4359.500
1785217977.127115726,5.246520,46,15,172.093750,10044.750
1785217977.127115726,5.246520,46,7,186.859375,10121.000
1785217977.127115726,5.246520,46,15,228.031250,6535.750
1785217977.127115726,5.246520,46,15,232.968750,5965.750
1785217977.127115726,5.246520,46,15,234.625000,5833.750
1785217977.127115726,5.246520,46,15,236.281250,5675.500
1785217977.127115726,5.246520,46,15,242.890625,4962.750
1785217977.127115726,5.246520,46,15,246.218750,4253.750
1785217977.127115726,5.246520,46,15,249.484375,4718.500
1785217977.127115726,5.246520,46,15,251.140625,4673.000
1785217977.127115726,5.246520,46,15,252.796875,4624.750
1785217977.127115726,5.246520,46,15,254.453125,4557.750
1785217977.127115726,5.246520,46,15,256.093750,4497.500
1785217977.127115726,5.246520,46,15,257.734375,4454.500
1785217977.127115726,5.246520,46,15,259.406250,4418.750
1785217977.127115726,5.246520,46,15,261.031250,4457.500
1785217977.127115726,5.246520,46,15,262.671875,4499.750
1785217977.127115726,5.246520,46,15,264.312500,4557.250
1785217977.127115726,5.246520,46,15,265.937500,4686.250
1785217977.127115726,5.246520,46,15,267.609375,4736.000
1785217977.127115726,5.246520,46,15,269.265625,4730.500
1785217977.127115726,5.246520,46,15,270.875000,4734.500
1785217977.127115726,5.246520,46,15,272.546875,4684.750
1785217977.127115726,5.246520,46,6,292.328125,3611.500
1785217977.127115726,5.246520,46,9,293.968750,3520.250
1785217977.127115726,5.246520,46,6,313.906250,3098.250
1785217977.127115726,5.246520,46,10,330.406250,3062.000
1785217977.127115726,5.246520,46,9,341.890625,3264.500
1785217977.236501455,5.325827,47,10,11.250000,4223.500
1785217977.236501455,5.325827,47,10,12.890625,4336.500
1785217977.236501455,5.325827,47,15,172.031250,10085.250
1785217977.236501455,5.325827,47,8,188.406250,10174.500
1785217977.236501455,5.325827,47,15,216.343750,8657.250
1785217977.236501455,5.325827,47,15,229.531250,6443.500
1785217977.236501455,5.325827,47,15,232.812500,6042.250
1785217977.236501455,5.325827,47,15,244.406250,4303.750
1785217977.236501455,5.325827,47,15,246.046875,4279.500
1785217977.236501455,5.325827,47,15,249.328125,4764.750
1785217977.236501455,5.325827,47,15,250.968750,4703.500
1785217977.236501455,5.325827,47,15,252.625000,4641.000
1785217977.236501455,5.325827,47,15,254.265625,4592.250
1785217977.236501455,5.325827,47,15,255.921875,4549.500
1785217977.236501455,5.325827,47,15,257.546875,4506.500
1785217977.236501455,5.325827,47,15,259.187500,4473.750
1785217977.236501455,5.325827,47,15,260.843750,4479.250
1785217977.236501455,5.325827,47,15,262.484375,4504.500
1785217977.236501455,5.325827,47,15,264.109375,4560.750
1785217977.236501455,5.325827,47,15,267.390625,4762.000
1785217977.236501455,5.325827,47,15,269.015625,4745.500
1785217977.236501455,5.325827,47,15,270.687500,4743.500
1785217977.236501455,5.325827,47,15,272.312500,4773.000
1785217977.236501455,5.325827,47,15,273.953125,4744.000
1785217977.236501455,5.325827,47,15,275.562500,4726.750
1785217977.236501455,5.325827,47,11,295.328125,3667.500
1785217977.236501455,5.325827,47,9,296.968750,3627.250
1785217977.348170757,5.405512,48,8,354.703125,3494.750
1785217977.348170757,5.405512,48,12,9.453125,4150.250
1785217977.348170757,5.405512,48,13,12.609375,4376.750
1785217977.348170757,5.405512,48,15,173.203125,10013.500
1785217977.348170757,5.405512,48,8,186.343750,10224.000
1785217977.348170757,5.405512,48,7,188.000000,10310.250
1785217977.348170757,5.405512,48,10,214.296875,8851.750
1785217977.348170757,5.405512,48,15,220.890625,7850.250
1785217977.348170757,5.405512,48,15,229.156250,6540.750
1785217977.348170757,5.405512,48,15,232.453125,6139.000
1785217977.348170757,5.405512,48,15,245.671875,4303.750
1785217977.348170757,5.405512,48,15,250.531250,4748.250
1785217977.348170757,5.405512,48,15,252.171875,4713.750
1785217977.348170757,5.405512,48,15,253.828125,4666.250
1785217977.348170757,5.405512,48,15,255.468750,4613.500
1785217977.348170757,5.405512,48,15,257.109375,4576.250
1785217977.348170757,5.405512,48,15,258.734375,4539.500
1785217977.348170757,5.405512,48,15,260.375000,4488.250
1785217977.348170757,5.405512,48,15,262.015625,4522.750
1785217977.348170757,5.405512,48,15,263.656250,4568.750
1785217977.348170757,5.405512,48,15,266.921875,4780.500
1785217977.348170757,5.405512,48,15,268.546875,4801.000
1785217977.348170757,5.405512,48,15,270.203125,4789.250
1785217977.348170757,5.405512,48,15,271.843750,4771.500
1785217977.348170757,5.405512,48,14,291.562500,3654.250
1785217977.348170757,5.405512,48,8,293.218750,3613.000
1785217977.459033489,5.560587,49,4,352.703125,3529.250
1785217977.459033489,5.560587,49,11,0.890625,3894.250
1785217977.459033489,5.560587,49,12,5.796875,4132.750
1785217977.459033489,5.560587,49,15,9.078125,4397.000
1785217977.459033489,5.560587,49,10,10.671875,4478.750
1785217977.459033489,5.560587,49,15,172.921875,9977.250
1785217977.459033489,5.560587,49,15,230.468750,6477.250
1785217977.459033489,5.560587,49,15,233.781250,6101.750
1785217977.459033489,5.560587,49,15,243.656250,5112.500
1785217977.459033489,5.560587,49,11,246.984375,4358.000
1785217977.459033489,5.560587,49,15,250.234375,4801.750
1785217977.459033489,5.560587,49,15,251.937500,4749.000
1785217977.459033489,5.560587,49,15,253.562500,4719.000
1785217977.459033489,5.560587,49,15,255.218750,4671.250
1785217977.459033489,5.560587,49,15,256.859375,4618.750
1785217977.459033489,5.560587,49,15,258.515625,4579.000
1785217977.459033489,5.560587,49,15,260.156250,4538.750
1785217977.459033489,5.560587,49,15,261.781250,4582.250
1785217977.459033489,5.560587,49,15,263.421875,4626.500
1785217977.459033489,5.560587,49,15,265.062500,4680.000
1785217977.459033489,5.560587,49,15,268.343750,4857.000
1785217977.459033489,5.560587,49,15,269.984375,4820.000
1785217977.459033489,5.560587,49,15,291.421875,3653.750
1785217977.459033489,5.560587,49,6,293.062500,3608.000
1785217977.459033489,5.560587,49,11,294.703125,3547.250
1785217977.459033489,5.560587,49,12,296.343750,3490.250
1785217977.570559978,5.640949,50,12,3.859375,4087.250
1785217977.570559978,5.640949,50,11,5.500000,4145.500
1785217977.570559978,5.640949,50,15,8.781250,4397.500
1785217977.570559978,5.640949,50,15,10.375000,4487.750
1785217977.570559978,5.640949,50,15,13.640625,4746.000
1785217977.570559978,5.640949,50,15,174.406250,9945.500
1785217977.570559978,5.640949,50,8,182.656250,10207.750
1785217977.570559978,5.640949,50,7,187.593750,10212.750
1785217977.570559978,5.640949,50,15,223.734375,7575.500
1785217977.570559978,5.640949,50,15,230.312500,6569.500
1785217977.570559978,5.640949,50,15,231.953125,6398.750
1785217977.570559978,5.640949,50,15,238.531250,5752.750
1785217977.570559978,5.640949,50,15,241.828125,5464.250
1785217977.570559978,5.640949,50,15,246.796875,4366.500
1785217977.570559978,5.640949,50,15,250.046875,4869.250
1785217977.570559978,5.640949,50,15,251.718750,4794.000
1785217977.570559978,5.640949,50,15,253.375000,4752.500
1785217977.570559978,5.640949,50,15,255.031250,4721.000
1785217977.570559978,5.640949,50,15,256.671875,4677.000
1785217977.570559978,5.640949,50,15,258.328125,4623.750
1785217977.570559978,5.640949,50,15,259.953125,4577.750
1785217977.570559978,5.640949,50,10,261.578125,4583.500
1785217977.570559978,5.640949,50,15,263.234375,4644.250
1785217977.570559978,5.640949,50,15,264.875000,4707.750
1785217977.570559978,5.640949,50,15,268.156250,4900.000
1785217977.570559978,5.640949,50,15,269.781250,4880.250
1785217977.570559978,5.640949,50,15,292.843750,3725.500
1785217977.570559978,5.640949,50,10,294.500000,3664.500
1785217977.570559978,5.640949,50,11,296.140625,3628.750
1785217977.570559978,5.640949,50,14,299.500000,3469.750
1785217977.570559978,5.640949,50,9,317.656250,3161.000
1785217977.570559978,5.640949,50,7,335.781250,3174.250
1785217977.685953140,5.800830,51,13,3.718750,4103.250
1785217977.685953140,5.800830,51,11,6.968750,4383.750
1785217977.685953140,5.800830,51,14,11.812500,4722.250
1785217977.685953140,5.800830,51,10,13.437500,4806.500
1785217977.685953140,5.800830,51,15,174.250000,9999.250
1785217977.685953140,5.800830,51,7,189.046875,10198.500
1785217977.685953140,5.800830,51,15,218.578125,8643.000
1785217977.685953140,5.800830,51,15,223.531250,7706.750
1785217977.685953140,5.800830,51,15,226.796875,7170.500
1785217977.685953140,5.800830,51,15,231.734375,6484.000
1785217977.685953140,5.800830,51,15,238.328125,5834.250
1785217977.685953140,5.800830,51,14,241.703125,4158.250
1785217977.685953140,5.800830,51,15,244.906250,5145.500
1785217977.685953140,5.800830,51,15,251.531250,4853.500
1785217977.685953140,5.800830,51,15,253.171875,4776.000
1785217977.685953140,5.800830,51,15,254.828125,4739.250
1785217977.685953140,5.800830,51,15,256.468750,4722.250
1785217977.685953140,5.800830,51,15,258.109375,4689.500
1785217977.685953140,5.800830,51,15,259.750000,4644.750
1785217977.685953140,5.800830,51,15,261.406250,4594.250
1785217977.685953140,5.800830,51,15,264.687500,4681.000
1785217977.685953140,5.800830,51,15,267.937500,4922.000
1785217977.685953140,5.800830,51,15,269.593750,4893.500
1785217977.685953140,5.800830,51,11,271.234375,4889.750
1785217977.685953140,5.800830,51,15,292.609375,3692.000
1785217977.685953140,5.800830,51,11,294.265625,3662.750
1785217977.797291517,5.877317,52,14,10.062500,4406.500
1785217977.797291517,5.877317,52,7,11.625000,4490.000
1785217977.797291517,5.877317,52,15,174.140625,10052.250
1785217977.797291517,5.877317,52,11,177.453125,9214.000
1785217977.797291517,5.877317,52,15,221.750000,8093.500
1785217977.797291517,5.877317,52,15,226.718750,7273.000
1785217977.797291517,5.877317,52,15,231.671875,6573.250
1785217977.797291517,5.877317,52,15,233.328125,6414.250
1785217977.797291517,5.877317,52,15,236.609375,6020.750
1785217977.797291517,5.877317,52,15,244.859375,5210.750
1785217977.797291517,5.877317,52,15,251.500000,4912.750
1785217977.797291517,5.877317,52,15,253.125000,4837.000
1785217977.797291517,5.877317,52,15,254.781250,4770.250
1785217977.797291517,5.877317,52,15,256.421875,4727.750
1785217977.797291517,5.877317,52,15,258.078125,4696.750
1785217977.797291517,5.877317,52,15,259.718750,4680.500
1785217977.797291517,5.877317,52,15,261.359375,4652.750
1785217977.797291517,5.877317,52,15,263.000000,4676.250
1785217977.797291517,5.877317,52,15,264.625000,4723.000
1785217977.797291517,5.877317,52,8,282.765625,3908.750
1785217977.797291517,5.877317,52,9,287.703125,3694.500
1785217977.797291517,5.877317,52,8,291.000000,3662.000
1785217977.797291517,5.877317,52,14,310.843750,3155.250
1785217977.797291517,5.877317,52,12,329.031250,3192.250
1785217977.908398151,6.035477,53,15,5.109375,4107.500
1785217977.908398151,6.035477,53,14,8.359375,4325.750
1785217977.908398151,6.035477,53,14,9.984375,4405.000
1785217977.908398151,6.035477,53,8,11.609375,4463.000
1785217977.908398151,6.035477,53,9,182.281250,10073.250
1785217977.908398151,6.035477,53,7,188.812500,10185.500
1785217977.908398151,6.035477,53,15,221.593750,8235.250
1785217977.908398151,6.035477,53,15,233.218750,6485.000
1785217977.908398151,6.035477,53,15,239.812500,5839.500
1785217977.908398151,6.035477,53,15,251.343750,4920.000
1785217977.908398151,6.035477,53,15,253.000000,4920.000
1785217977.908398151,6.035477,53,15,254.625000,4837.000
1785217977.908398151,6.035477,53,15,256.265625,4773.750
1785217977.908398151,6.035477,53,15,257.906250,4742.750
1785217977.908398151,6.035477,53,15,259.562500,4725.750
1785217977.908398151,6.035477,53,15,261.218750,4698.750
1785217977.908398151,6.035477,53,15,262.859375,4710.500
1785217977.908398151,6.035477,53,15,264.484375,4728.500
1785217977.908398151,6.035477,53,5,267.750000,4949.750
1785217977.908398151,6.035477,53,14,289.093750,3668.750
1785217977.908398151,6.035477,53,7,330.312500,3238.750
1785217978.023369551,6.114042,54,14,6.328125,4112.000
1785217978.023369551,6.114042,54,12,7.968750,4221.000
1785217978.023369551,6.114042,54,15,9.593750,4338.250
1785217978.023369551,6.114042,54,12,11.218750,4420.000
1785217978.023369551,6.114042,54,15,175.125000,10001.250
1785217978.023369551,6.114042,54,7,191.484375,10121.000
1785217978.023369551,6.114042,54,15,224.375000,7846.250
1785217978.023369551,6.114042,54,15,227.671875,7302.500
1785217978.023369551,6.114042,54,15,229.296875,7126.250
1785217978.023369551,6.114042,54,15,232.625000,6617.000
1785217978.023369551,6.114042,54,15,234.265625,6464.250
1785217978.023369551,6.114042,54,15,237.546875,6067.750
1785217978.023369551,6.114042,54,15,242.500000,5695.250
1785217978.023369551,6.114042,54,15,245.796875,5303.750
1785217978.023369551,6.114042,54,15,249.125000,4547.500
1785217978.023369551,6.114042,54,15,252.359375,5001.250
1785217978.023369551,6.114042,54,15,253.984375,4943.750
1785217978.023369551,6.114042,54,15,255.625000,4862.750
1785217978.023369551,6.114042,54,15,257.265625,4811.250
1785217978.023369551,6.114042,54,15,258.906250,4775.250
1785217978.023369551,6.114042,54,15,260.546875,4730.000
1785217978.023369551,6.114042,54,15,262.203125,4705.500
1785217978.023369551,6.114042,54,15,263.828125,4733.500
1785217978.023369551,6.114042,54,15,265.484375,4755.750
1785217978.023369551,6.114042,54,8,268.718750,4989.250
1785217978.023369551,6.114042,54,10,295.000000,3671.750
1785217978.023369551,6.114042,54,8,296.640625,3638.250
1785217978.134443045,6.192537,55,12,7.343750,4311.500
1785217978.134443045,6.192537,55,15,8.984375,4413.750
1785217978.134443045,6.192537,55,7,10.593750,4493.500
1785217978.134443045,6.192537,55,15,13.859375,4761.750
1785217978.134443045,6.192537,55,15,176.093750,9977.250
1785217978.134443045,6.192537,55,15,225.468750,7756.750
1785217978.134443045,6.192537,55,15,228.734375,7268.250
1785217978.134443045,6.192537,55,15,233.687500,6551.500
1785217978.134443045,6.192537,55,15,235.328125,6421.500
1785217978.134443045,6.192537,55,15,236.968750,6284.500
1785217978.134443045,6.192537,55,15,240.265625,5927.000
1785217978.134443045,6.192537,55,15,246.859375,5273.250
1785217978.134443045,6.192537,55,15,253.453125,5007.500
1785217978.134443045,6.192537,55,15,255.093750,4940.000
1785217978.134443045,6.192537,55,15,256.734375,4878.250
1785217978.134443045,6.192537,55,15,258.390625,4819.250
1785217978.134443045,6.192537,55,15,260.031250,4776.250
1785217978.134443045,6.192537,55,15,261.656250,4751.750
1785217978.134443045,6.192537,55,15,263.296875,4777.500
1785217978.134443045,6.192537,55,15,264.937500,4803.750
1785217978.134443045,6.192537,55,14,266.578125,4857.250
1785217978.134443045,6.192537,55,15,268.218750,4987.000
1785217978.134443045,6.192537,55,11,294.500000,3665.500
1785217978.134443045,6.192537,55,7,330.843750,3226.750
1785217978.246199369,6.346361,56,15,3.609375,4095.500
1785217978.246199369,6.346361,56,14,6.875000,4371.000
1785217978.246199369,6.346361,56,14,8.515625,4452.250
1785217978.246199369,6.346361,56,12,10.156250,4562.250
1785217978.246199369,6.346361,56,14,11.765625,4684.750
1785217978.246199369,6.346361,56,15,13.390625,4786.000
1785217978.246199369,6.346361,56,10,187.171875,10054.000
1785217978.246199369,6.346361,56,8,190.453125,10214.250
1785217978.246199369,6.346361,56,15,223.250000,8178.500
1785217978.246199369,6.346361,56,15,229.843750,7144.000
1785217978.246199369,6.346361,56,15,234.781250,6528.750
1785217978.246199369,6.346361,56,15,236.437500,6402.250
1785217978.246199369,6.346361,56,15,239.734375,6004.500
1785217978.246199369,6.346361,56,15,241.390625,5906.250
1785217978.246199369,6.346361,56,15,243.015625,5795.000
1785217978.246199369,6.346361,56,15,252.968750,5075.750
1785217978.246199369,6.346361,56,15,254.593750,5015.750
1785217978.246199369,6.346361,56,15,256.265625,4945.250
1785217978.246199369,6.346361,56,15,257.906250,4876.750
1785217978.246199369,6.346361,56,15,259.546875,4824.750
1785217978.246199369,6.346361,56,15,261.187500,4769.000
1785217978.246199369,6.346361,56,15,262.843750,4744.000
1785217978.246199369,6.346361,56,15,264.468750,4818.750
1785217978.357469797,6.424463,57,11,4.734375,4149.000
1785217978.357469797,6.424463,57,15,8.000000,4377.250
1785217978.357469797,6.424463,57,13,9.609375,4443.250
1785217978.357469797,6.424463,57,12,12.921875,4694.250
1785217978.357469797,6.424463,57,15,176.812500,9995.000
1785217978.357469797,6.424463,57,15,227.671875,7611.750
1785217978.357469797,6.424463,57,15,235.890625,6495.750
1785217978.357469797,6.424463,57,15,242.484375,5897.500
1785217978.357469797,6.424463,57,15,244.125000,5800.250
1785217978.357469797,6.424463,57,15,254.093750,5065.250
1785217978.357469797,6.424463,57,15,255.765625,5007.500
1785217978.357469797,6.424463,57,15,257.406250,4948.000
1785217978.357469797,6.424463,57,15,259.046875,4891.500
1785217978.357469797,6.424463,57,15,260.687500,4841.000
1785217978.357469797,6.424463,57,15,262.343750,4803.000
1785217978.357469797,6.424463,57,15,263.984375,4840.250
1785217978.357469797,6.424463,57,15,265.640625,4896.250
1785217978.470894575,6.566711,58,15,4.343750,4118.500
1785217978.470894575,6.566711,58,11,5.984375,4228.500
1785217978.470894575,6.566711,58,13,7.625000,4336.250
1785217978.470894575,6.566711,58,13,9.265625,4409.250
1785217978.470894575,6.566711,58,13,12.453125,4670.750
1785217978.470894575,6.566711,58,15,14.078125,4784.750
1785217978.470894575,6.566711,58,13,177.968750,10008.750
1785217978.470894575,6.566711,58,15,223.921875,8299.000
1785217978.470894575,6.566711,58,15,230.453125,7218.750
1785217978.470894575,6.566711,58,15,235.406250,6567.750
1785217978.470894575,6.566711,58,15,237.046875,6434.250
1785217978.470894575,6.566711,58,12,240.312500,6113.750
1785217978.470894575,6.566711,58,15,241.968750,6004.750
1785217978.470894575,6.566711,58,15,253.546875,5125.250
1785217978.470894575,6.566711,58,15,255.203125,5075.750
1785217978.470894575,6.566711,58,15,256.843750,5019.750
1785217978.470894575,6.566711,58,15,258.484375,4972.000
1785217978.470894575,6.566711,58,15,260.140625,4921.500
1785217978.470894575,6.566711,58,15,261.781250,4869.750
1785217978.470894575,6.566711,58,15,263.437500,4807.250
1785217978.470894575,6.566711,58,8,288.078125,3915.250
1785217978.470894575,6.566711,58,8,289.734375,3866.250
1785217978.582612753,6.644444,59,12,7.015625,4354.750
1785217978.582612753,6.644444,59,11,8.671875,4461.750
1785217978.582612753,6.644444,59,15,10.281250,4573.750
1785217978.582612753,6.644444,59,8,216.765625,9927.250
1785217978.582612753,6.644444,59,15,231.593750,7175.250
1785217978.582612753,6.644444,59,15,234.890625,6666.500
1785217978.582612753,6.644444,59,15,236.531250,6514.250
1785217978.582612753,6.644444,59,15,238.187500,6384.500
1785217978.582612753,6.644444,59,15,241.468750,6014.750
1785217978.582612753,6.644444,59,9,243.093750,5988.750
1785217978.582612753,6.644444,59,15,254.640625,5105.000
1785217978.582612753,6.644444,59,15,256.281250,5066.750
1785217978.582612753,6.644444,59,15,257.921875,5021.250
1785217978.582612753,6.644444,59,15,259.578125,4974.750
1785217978.582612753,6.644444,59,15,261.203125,4935.250
1785217978.582612753,6.644444,59,15,262.843750,4909.500
1785217978.694710732,6.801805,60,10,6.500000,4164.250
1785217978.694710732,6.801805,60,11,9.765625,4380.500
1785217978.694710732,6.801805,60,15,235.984375,6577.250
1785217978.694710732,6.801805,60,15,237.640625,6449.750
1785217978.694710732,6.801805,60,15,254.078125,5171.750
1785217978.694710732,6.801805,60,15,255.750000,5116.000
1785217978.694710732,6.801805,60,15,257.375000,5061.250
1785217978.694710732,6.801805,60,15,326.468750,3105.250
1785217978.694710732,6.801805,60,10,328.093750,3112.000
1785217978.694710732,6.801805,60,11,329.750000,3124.000
1785217978.809197664,6.864364,61,9,355.953125,3624.250
1785217978.809197664,6.864364,61,8,7.375000,4188.000
1785217978.809197664,6.864364,61,8,10.625000,4467.750
1785217978.809197664,6.864364,61,15,177.687500,9761.750
1785217978.809197664,6.864364,61,9,217.156250,9846.750
1785217978.809197664,6.864364,61,15,220.437500,8811.500
1785217978.809197664,6.864364,61,15,222.078125,8596.000
1785217978.809197664,6.864364,61,15,230.281250,7272.750
1785217978.809197664,6.864364,61,15,235.203125,6600.750
1785217978.809197664,6.864364,61,15,236.859375,6484.750
1785217978.809197664,6.864364,61,15,253.281250,5177.750
1785217978.809197664,6.864364,61,15,254.921875,5132.750
1785217978.809197664,6.864364,61,15,256.546875,5093.000
1785217978.809197664,6.864364,61,8,258.187500,5072.250
1785217978.809197664,6.864364,61,11,309.359375,2958.750
1785217978.809197664,6.864364,61,15,325.703125,3092.750
1785217978.809197664,6.864364,61,15,327.328125,3118.750
1785217978.809197664,6.864364,61,15,328.968750,3138.500
1785217978.920340300,7.017809,62,10,359.968750,3643.250
1785217978.920340300,7.017809,62,12,12.937500,4367.500
1785217978.920340300,7.017809,62,15,174.984375,9918.000
1785217978.920340300,7.017809,62,11,215.875000,9763.000
1785217978.920340300,7.017809,62,15,220.796875,8516.750
1785217978.920340300,7.017809,62,15,227.328125,7466.250
1785217978.920340300,7.017809,62,15,228.968750,7268.000
1785217978.920340300,7.017809,62,15,233.890625,6593.500
1785217978.920340300,7.017809,62,15,235.500000,6478.250
1785217978.920340300,7.017809,62,15,237.140625,6358.250
1785217978.920340300,7.017809,62,15,240.421875,6022.750
1785217978.920340300,7.017809,62,15,242.062500,5914.250
1785217978.920340300,7.017809,62,15,250.281250,5255.750
1785217978.920340300,7.017809,62,15,251.906250,5172.500
1785217978.920340300,7.017809,62,15,253.546875,5131.000
1785217978.920340300,7.017809,62,15,255.187500,5082.000
1785217978.920340300,7.017809,62,15,256.828125,5051.500
1785217978.920340300,7.017809,62,15,258.453125,5031.250
1785217978.920340300,7.017809,62,15,260.093750,4985.500
1785217978.920340300,7.017809,62,10,309.656250,3019.750
1785217978.920340300,7.017809,62,8,337.515625,3118.000
1785217978.920340300,7.017809,62,15,339.171875,3149.750
1785217978.920340300,7.017809,62,8,340.796875,3205.000
1785217978.920340300,7.017809,62,11,342.437500,3242.500
1785217978.920340300,7.017809,62,9,344.078125,3260.250
1785217979.031350851,7.096098,63,15,11.796875,4384.750
1785217979.031350851,7.096098,63,15,174.078125,9960.750
1785217979.031350851,7.096098,63,8,188.734375,10011.250
1785217979.031350851,7.096098,63,8,211.734375,10067.000
1785217979.031350851,7.096098,63,15,226.515625,7331.500
1785217979.031350851,7.096098,63,15,228.156250,7168.250
1785217979.031350851,7.096098,63,15,233.093750,6547.500
1785217979.031350851,7.096098,63,15,234.734375,6443.250
1785217979.031350851,7.096098,63,15,239.656250,5974.500
1785217979.031350851,7.096098,63,15,249.531250,5221.000
1785217979.031350851,7.096098,63,15,251.156250,5171.750
1785217979.031350851,7.096098,63,15,252.796875,5142.750
1785217979.031350851,7.096098,63,15,254.421875,5109.000
1785217979.031350851,7.096098,63,15,256.078125,5074.750
1785217979.031350851,7.096098,63,15,257.703125,5035.750
1785217979.031350851,7.096098,63,15,259.343750,5066.750
1785217979.031350851,7.096098,63,15,260.968750,5099.250
1785217979.031350851,7.096098,63,11,307.171875,3015.500
1785217979.031350851,7.096098,63,8,326.906250,2994.250
1785217979.031350851,7.096098,63,10,335.140625,3112.500
1785217979.031350851,7.096098,63,15,336.796875,3121.500
1785217979.031350851,7.096098,63,15,338.421875,3151.500
1785217979.031350851,7.096098,63,8,340.062500,3183.250
1785217979.031350851,7.096098,63,8,341.703125,3222.000
1785217979.031350851,7.096098,63,7,343.328125,3256.250
1785217979.143117428,7.237974,64,15,11.171875,4368.250
1785217979.143117428,7.237974,64,15,172.000000,10023.750
1785217979.143117428,7.237974,64,15,216.437500,8667.000
1785217979.143117428,7.237974,64,15,218.078125,8446.250
1785217979.143117428,7.237974,64,15,223.031250,7706.250
1785217979.143117428,7.237974,64,15,226.296875,7263.250
1785217979.143117428,7.237974,64,15,227.921875,7068.000
1785217979.143117428,7.237974,64,15,231.203125,6634.500
1785217979.143117428,7.237974,64,13,232.843750,6504.750
1785217979.143117428,7.237974,64,15,234.515625,6390.750
1785217979.143117428,7.237974,64,15,247.656250,5300.000
1785217979.143117428,7.237974,64,15,249.328125,5236.000
1785217979.143117428,7.237974,64,15,251.000000,5190.250
1785217979.143117428,7.237974,64,15,252.656250,5146.000
1785217979.143117428,7.237974,64,15,254.312500,5122.750
1785217979.143117428,7.237974,64,15,255.953125,5080.500
1785217979.143117428,7.237974,64,15,257.578125,5108.500
1785217979.143117428,7.237974,64,15,259.234375,5142.500
1785217979.143117428,7.237974,64,10,305.390625,2989.750
1785217979.143117428,7.237974,64,9,308.656250,3013.750
1785217979.143117428,7.237974,64,9,320.171875,2990.250
1785217979.143117428,7.237974,64,10,331.687500,3102.250
1785217979.143117428,7.237974,64,8,335.015625,3108.000
1785217979.143117428,7.237974,64,15,336.640625,3135.250
1785217979.143117428,7.237974,64,15,338.281250,3170.250
1785217979.143117428,7.237974,64,8,339.906250,3196.750
1785217979.143117428,7.237974,64,8,341.546875,3226.250
1785217979.143117428,7.237974,64,8,343.218750,3253.250
1785217979.143117428,7.237974,64,8,344.843750,3266.250
1785217979.258071184,7.315006,65,8,358.015625,3657.250
1785217979.258071184,7.315006,65,9,359.687500,3668.750
1785217979.258071184,7.315006,65,10,1.328125,3668.250
1785217979.258071184,7.315006,65,15,172.203125,9927.500
1785217979.258071184,7.315006,65,8,182.046875,10020.500
1785217979.258071184,7.315006,65,10,183.687500,10199.500
1785217979.258071184,7.315006,65,8,186.984375,10270.250
1785217979.258071184,7.315006,65,15,221.640625,7861.250
1785217979.258071184,7.315006,65,15,223.281250,7678.500
1785217979.258071184,7.315006,65,15,226.562500,7200.500
1785217979.258071184,7.315006,65,15,231.515625,6570.250
1785217979.258071184,7.315006,65,15,233.171875,6419.500
1785217979.258071184,7.315006,65,15,234.828125,6299.750
1785217979.258071184,7.315006,65,15,238.125000,5988.000
1785217979.258071184,7.315006,65,15,241.406250,5625.000
1785217979.258071184,7.315006,65,15,248.031250,5309.500
1785217979.258071184,7.315006,65,15,249.671875,5227.000
1785217979.258071184,7.315006,65,15,251.359375,5171.750
1785217979.258071184,7.315006,65,15,253.031250,5140.500
1785217979.258071184,7.315006,65,15,254.671875,5105.500
1785217979.258071184,7.315006,65,15,256.312500,5069.250
1785217979.258071184,7.315006,65,15,257.953125,5106.750
1785217979.258071184,7.315006,65,15,259.609375,5149.250
1785217979.258071184,7.315006,65,9,330.671875,2967.250
1785217979.258071184,7.315006,65,8,340.531250,3093.750
1785217979.258071184,7.315006,65,15,342.187500,3129.500
1785217979.258071184,7.315006,65,8,343.843750,3146.250
1785217979.258071184,7.315006,65,6,345.468750,3175.000
1785217979.258071184,7.315006,65,8,347.078125,3232.250
1785217979.369475126,7.457236,66,8,355.281250,3496.000
1785217979.369475126,7.457236,66,15,172.593750,9951.500
1785217979.369475126,7.457236,66,8,185.765625,10185.750
1785217979.369475126,7.457236,66,15,220.281250,8130.000
1785217979.369475126,7.457236,66,15,221.921875,7919.250
1785217979.369475126,7.457236,66,15,223.578125,7699.250
1785217979.369475126,7.457236,66,15,226.890625,7233.000
1785217979.369475126,7.457236,66,15,231.812500,6630.250
1785217979.369475126,7.457236,66,15,236.765625,6059.250
1785217979.369475126,7.457236,66,15,245.031250,4922.000
1785217979.369475126,7.457236,66,15,248.312500,5369.750
1785217979.369475126,7.457236,66,15,249.953125,5286.000
1785217979.369475126,7.457236,66,15,251.609375,5221.250
1785217979.369475126,7.457236,66,15,253.250000,5180.750
1785217979.369475126,7.457236,66,15,254.890625,5143.500
1785217979.369475126,7.457236,66,15,256.546875,5124.500
1785217979.369475126,7.457236,66,15,258.171875,5146.000
1785217979.369475126,7.457236,66,15,259.828125,5156.750
1785217979.369475126,7.457236,66,8,340.859375,3089.500
1785217979.369475126,7.457236,66,12,342.531250,3110.250
1785217979.369475126,7.457236,66,10,344.156250,3118.250
1785217979.369475126,7.457236,66,9,345.812500,3129.750
1785217979.369475126,7.457236,66,8,347.375000,3186.000
1785217979.369475126,7.457236,66,12,349.015625,3246.500
1785217979.479760885,7.535435,67,11,350.656250,3266.250
1785217979.479760885,7.535435,67,15,172.687500,9898.000
1785217979.479760885,7.535435,67,8,184.171875,10113.000
1785217979.479760885,7.535435,67,11,212.000000,10001.750
1785217979.479760885,7.535435,67,15,223.531250,7739.500
1785217979.479760885,7.535435,67,15,226.859375,7300.250
1785217979.479760885,7.535435,67,15,228.515625,7128.750
1785217979.479760885,7.535435,67,15,233.453125,6543.500
1785217979.479760885,7.535435,67,15,236.750000,6252.000
1785217979.479760885,7.535435,67,15,248.281250,5418.000
1785217979.479760885,7.535435,67,15,249.921875,5338.750
1785217979.479760885,7.535435,67,15,251.562500,5276.750
1785217979.479760885,7.535435,67,15,253.218750,5210.000
1785217979.479760885,7.535435,67,15,254.843750,5147.250
1785217979.479760885,7.535435,67,15,256.500000,5130.250
1785217979.479760885,7.535435,67,15,258.125000,5183.250
1785217979.479760885,7.535435,67,15,259.765625,5252.500
1785217979.479760885,7.535435,67,7,306.062500,2962.750
1785217979.479760885,7.535435,67,8,319.234375,2960.250
1785217979.479760885,7.535435,67,10,334.093750,2962.750
1785217979.479760885,7.535435,67,7,335.750000,2981.250
1785217979.479760885,7.535435,67,8,339.046875,3038.000
1785217979.479760885,7.535435,67,11,340.687500,3084.250
1785217979.479760885,7.535435,67,10,342.312500,3100.750
1785217979.479760885,7.535435,67,10,343.984375,3115.000
1785217979.479760885,7.535435,67,9,345.640625,3124.500
1785217979.479760885,7.535435,67,15,347.218750,3157.250
1785217979.479760885,7.535435,67,10,348.875000,3222.250
1785217979.591737509,7.691116,68,4,357.046875,3514.500
1785217979.591737509,7.691116,68,15,172.484375,9973.000
1785217979.591737509,7.691116,68,8,213.500000,9779.750
1785217979.591737509,7.691116,68,15,221.750000,8098.500
1785217979.591737509,7.691116,68,15,225.046875,7647.500
1785217979.591737509,7.691116,68,15,228.343750,7210.000
1785217979.591737509,7.691116,68,15,231.640625,6815.500
1785217979.591737509,7.691116,68,15,233.296875,6634.750
1785217979.591737509,7.691116,68,15,234.937500,6500.750
1785217979.591737509,7.691116,68,15,248.109375,5496.000
1785217979.591737509,7.691116,68,15,249.781250,5396.000
1785217979.591737509,7.691116,68,15,251.390625,5334.000
1785217979.591737509,7.691116,68,15,253.031250,5277.500
1785217979.591737509,7.691116,68,15,254.671875,5222.500
1785217979.591737509,7.691116,68,15,256.312500,5178.500
1785217979.591737509,7.691116,68,11,257.968750,5163.000
1785217979.591737509,7.691116,68,15,259.609375,5216.750
1785217979.591737509,7.691116,68,11,333.906250,2962.500
1785217979.591737509,7.691116,68,7,337.187500,2985.750
1785217979.591737509,7.691116,68,7,338.843750,3043.500
1785217979.591737509,7.691116,68,11,342.140625,3093.250
1785217979.591737509,7.691116,68,15,343.796875,3114.250
1785217979.591737509,7.691116,68,8,345.421875,3129.750
1785217979.591737509,7.691116,68,8,347.062500,3178.500
1785217979.591737509,7.691116,68,9,348.703125,3242.250
1785217979.703694582,7.767148,69,15,172.187500,10050.250
1785217979.703694582,7.767148,69,15,173.828125,9899.750
1785217979.703694582,7.767148,69,15,224.890625,7739.750
1785217979.703694582,7.767148,69,15,228.171875,7284.500
1785217979.703694582,7.767148,69,15,229.812500,7116.250
1785217979.703694582,7.767148,69,15,231.468750,6936.500
1785217979.703694582,7.767148,69,15,238.046875,6261.500
1785217979.703694582,7.767148,69,15,249.578125,5454.000
1785217979.703694582,7.767148,69,15,251.187500,5398.750
1785217979.703694582,7.767148,69,15,252.828125,5328.750
1785217979.703694582,7.767148,69,15,254.453125,5261.250
1785217979.703694582,7.767148,69,15,256.109375,5222.500
1785217979.703694582,7.767148,69,15,257.750000,5187.000
1785217979.703694582,7.767148,69,15,259.375000,5223.000
1785217979.703694582,7.767148,69,7,333.750000,2992.500
1785217979.703694582,7.767148,69,9,337.015625,3045.750
1785217979.703694582,7.767148,69,10,340.312500,3101.000
1785217979.703694582,7.767148,69,9,341.937500,3119.000
1785217979.703694582,7.767148,69,9,346.859375,3253.750
1785217979.818401814,7.924327,70,15,11.640625,2604.250
1785217979.818401814,7.924327,70,12,13.265625,2573.250
1785217979.818401814,7.924327,70,15,173.671875,9826.500
1785217979.818401814,7.924327,70,9,176.968750,8918.750
1785217979.818401814,7.924327,70,15,218.125000,8823.750
1785217979.818401814,7.924327,70,15,224.718750,7785.250
1785217979.818401814,7.924327,70,15,226.312500,7598.250
1785217979.818401814,7.924327,70,15,232.890625,6850.000
1785217979.818401814,7.924327,70,15,234.546875,6675.250
1785217979.818401814,7.924327,70,15,237.828125,6342.000
1785217979.818401814,7.924327,70,15,249.328125,5483.000
1785217979.818401814,7.924327,70,15,250.984375,5432.750
1785217979.818401814,7.924327,70,15,252.625000,5383.250
1785217979.818401814,7.924327,70,15,254.281250,5316.500
1785217979.818401814,7.924327,70,15,255.921875,5261.750
1785217979.818401814,7.924327,70,15,257.546875,5235.250
1785217979.818401814,7.924327,70,10,259.187500,5242.250
1785217979.818401814,7.924327,70,9,326.875000,2982.500
1785217979.818401814,7.924327,70,7,331.812500,2992.000
1785217979.818401814,7.924327,70,8,333.468750,3040.750
1785217979.818401814,7.924327,70,9,335.093750,3074.500
1785217979.818401814,7.924327,70,9,338.375000,3098.000
1785217979.818401814,7.924327,70,9,340.031250,3114.000
1785217979.818401814,7.924327,70,8,341.687500,3126.750
1785217979.928717852,8.002484,71,9,13.031250,2577.500
1785217979.928717852,8.002484,71,15,14.656250,2596.750
1785217979.928717852,8.002484,71,13,173.562500,9800.750
1785217979.928717852,8.002484,71,10,176.875000,9056.500
1785217979.928717852,8.002484,71,7,212.921875,10053.500
1785217979.928717852,8.002484,71,10,214.562500,9861.250
1785217979.928717852,8.002484,71,15,226.078125,7686.250
1785217979.928717852,8.002484,71,15,227.734375,7470.000
1785217979.928717852,8.002484,71,8,229.375000,7245.500
1785217979.928717852,8.002484,71,15,231.000000,7120.000
1785217979.928717852,8.002484,71,15,234.296875,6717.750
1785217979.928717852,8.002484,71,15,235.953125,6579.000
1785217979.928717852,8.002484,71,15,240.875000,6210.750
1785217979.928717852,8.002484,71,15,250.859375,5502.750
1785217979.928717852,8.002484,71,15,252.500000,5448.250
1785217979.928717852,8.002484,71,15,254.156250,5408.750
1785217979.928717852,8.002484,71,15,255.796875,5345.750
1785217979.928717852,8.002484,71,15,257.437500,5266.000
1785217979.928717852,8.002484,71,9,273.984375,4122.000
1785217979.928717852,8.002484,71,13,306.968750,2965.000
1785217979.928717852,8.002484,71,7,316.828125,2970.000
1785217979.928717852,8.002484,71,10,333.265625,3109.250
1785217979.928717852,8.002484,71,11,339.843750,3155.000
1785217980.040986776,8.158336,72,7,11.140625,2578.250
1785217980.040986776,8.158336,72,14,12.781250,2585.750
1785217980.040986776,8.158336,72,15,173.312500,9918.250
1785217980.040986776,8.158336,72,15,174.968750,9794.000
1785217980.040986776,8.158336,72,8,188.093750,10130.500
1785217980.040986776,8.158336,72,15,219.281250,8728.000
1785217980.040986776,8.158336,72,15,225.859375,7790.750
1785217980.040986776,8.158336,72,15,227.500000,7595.250
1785217980.040986776,8.158336,72,15,232.421875,7046.250
1785217980.040986776,8.158336,72,15,239.000000,6431.500
1785217980.040986776,8.158336,72,15,250.562500,5570.500
1785217980.040986776,8.158336,72,15,252.203125,5515.500
1785217980.040986776,8.158336,72,15,253.859375,5455.750
1785217980.040986776,8.158336,72,15,255.500000,5406.250
1785217980.040986776,8.158336,72,15,257.156250,5353.500
1785217980.040986776,8.158336,72,10,258.796875,5289.250
1785217980.040986776,8.158336,72,8,304.875000,3130.250
1785217980.040986776,8.158336,72,8,323.015625,3151.750
1785217980.151983976,8.238578,73,14,2.359375,4140.750
1785217980.151983976,8.238578,73,14,5.625000,4367.000
1785217980.151983976,8.238578,73,15,9.187500,2590.000
1785217980.151983976,8.238578,73,9,10.750000,2551.250
1785217980.151983976,8.238578,73,15,12.390625,2559.000
1785217980.151983976,8.238578,73,9,203.875000,11906.500
1785217980.151983976,8.238578,73,15,220.296875,8680.500
1785217980.151983976,8.238578,73,15,221.937500,8447.250
1785217980.151983976,8.238578,73,15,223.593750,8210.000
1785217980.151983976,8.238578,73,15,225.234375,7969.250
1785217980.151983976,8.238578,73,15,226.890625,7755.000
1785217980.151983976,8.238578,73,15,236.765625,6593.000
1785217980.151983976,8.238578,73,15,249.921875,5608.000
1785217980.151983976,8.238578,73,15,251.593750,5548.750
1785217980.151983976,8.238578,73,15,253.234375,5489.500
1785217980.151983976,8.238578,73,15,254.875000,5430.000
1785217980.151983976,8.238578,73,15,256.531250,5392.250
1785217980.151983976,8.238578,73,15,258.171875,5358.000
1785217980.151983976,8.238578,73,11,338.828125,3287.500
1785217980.266231537,8.396437,74,14,1.828125,4136.500
1785217980.266231537,8.396437,74,8,3.468750,4200.000
1785217980.266231537,8.396437,74,12,5.109375,4313.750
1785217980.266231537,8.396437,74,15,8.656250,2592.000
1785217980.266231537,8.396437,74,15,10.328125,2549.750
1785217980.266231537,8.396437,74,15,11.828125,2561.250
1785217980.266231537,8.396437,74,15,13.468750,2573.000
1785217980.266231537,8.396437,74,13,214.859375,9980.750
1785217980.266231537,8.396437,74,15,219.796875,8784.750
1785217980.266231537,8.396437,74,15,228.046875,7653.500
1785217980.266231537,8.396437,74,15,234.625000,6924.000
1785217980.266231537,8.396437,74,15,237.906250,6590.250
1785217980.266231537,8.396437,74,15,239.546875,6504.750
1785217980.266231537,8.396437,74,15,251.062500,5608.750
1785217980.266231537,8.396437,74,15,252.703125,5554.500
1785217980.266231537,8.396437,74,15,254.359375,5502.750
1785217980.266231537,8.396437,74,15,255.984375,5477.250
1785217980.266231537,8.396437,74,15,257.625000,5437.500
1785217980.266231537,8.396437,74,9,259.265625,5405.000
1785217980.266231537,8.396437,74,8,315.234375,3116.500
1785217980.378225088,8.475641,75,13,1.109375,4141.000
1785217980.378225088,8.475641,75,13,4.359375,4360.000
1785217980.378225088,8.475641,75,15,7.875000,2582.750
1785217980.378225088,8.475641,75,14,9.515625,2542.000
1785217980.378225088,8.475641,75,15,11.125000,2553.250
1785217980.378225088,8.475641,75,15,12.734375,2573.250
1785217980.378225088,8.475641,75,15,14.375000,2597.750
1785217980.378225088,8.475641,75,10,215.656250,9961.500
1785217980.378225088,8.475641,75,15,218.937500,9060.000
1785217980.378225088,8.475641,75,15,220.578125,8798.250
1785217980.378225088,8.475641,75,15,228.843750,7643.500
1785217980.378225088,8.475641,75,15,233.765625,7102.250
1785217980.378225088,8.475641,75,15,235.421875,6924.250
1785217980.378225088,8.475641,75,15,242.015625,6394.500
1785217980.378225088,8.475641,75,15,251.843750,5641.500
1785217980.378225088,8.475641,75,15,253.468750,5590.250
1785217980.378225088,8.475641,75,15,255.109375,5527.500
1785217980.378225088,8.475641,75,15,256.765625,5473.500
1785217980.378225088,8.475641,75,15,258.390625,5442.750
1785217980.378225088,8.475641,75,8,304.421875,3223.750
1785217980.378225088,8.475641,75,8,315.906250,3242.250
1785217980.378225088,8.475641,75,8,319.187500,3243.500
1785217980.378225088,8.475641,75,1,330.687500,3319.750
1785217980.378225088,8.475641,75,11,332.312500,3387.750
1785217980.489822865,8.554778,76,12,1.718750,4158.000
1785217980.489822865,8.554778,76,14,4.968750,4368.000
1785217980.489822865,8.554778,76,15,10.140625,2544.000
1785217980.489822865,8.554778,76,5,11.781250,2551.250
1785217980.489822865,8.554778,76,15,13.406250,2574.000
1785217980.489822865,8.554778,76,10,216.156250,9938.250
1785217980.489822865,8.554778,76,15,221.093750,8698.500
1785217980.489822865,8.554778,76,15,231.000000,7366.750
1785217980.489822865,8.554778,76,15,232.640625,7227.750
1785217980.489822865,8.554778,76,15,234.281250,7096.000
1785217980.489822865,8.554778,76,15,235.921875,6912.250
1785217980.489822865,8.554778,76,15,237.562500,6751.750
1785217980.489822865,8.554778,76,15,239.218750,6607.000
1785217980.489822865,8.554778,76,15,240.859375,6488.750
1785217980.489822865,8.554778,76,15,242.500000,6402.000
1785217980.489822865,8.554778,76,15,250.734375,5699.000
1785217980.489822865,8.554778,76,15,252.390625,5626.500
1785217980.489822865,8.554778,76,15,254.015625,5579.500
1785217980.489822865,8.554778,76,15,255.656250,5526.500
1785217980.489822865,8.554778,76,15,257.296875,5488.500
1785217980.489822865,8.554778,76,15,258.953125,5431.250
1785217980.489822865,8.554778,76,5,333.000000,3317.750
1785217980.489822865,8.554778,76,10,334.640625,3380.750
1785217980.604185581,8.711471,77,10,0.781250,4163.500
1785217980.604185581,8.711471,77,12,4.031250,4366.250
1785217980.604185581,8.711471,77,15,9.171875,2553.250
1785217980.604185581,8.711471,77,15,10.843750,2550.500
1785217980.604185581,8.711471,77,8,185.796875,10115.000
1785217980.604185581,8.711471,77,14,216.968750,9798.000
1785217980.604185581,8.711471,77,15,221.906250,8670.000
1785217980.604185581,8.711471,77,15,228.468750,7780.750
1785217980.604185581,8.711471,77,15,230.125000,7592.000
1785217980.604185581,8.711471,77,15,231.765625,7368.750
1785217980.604185581,8.711471,77,15,233.421875,7210.000
1785217980.604185581,8.711471,77,15,235.062500,7072.500
1785217980.604185581,8.711471,77,15,236.703125,6897.250
1785217980.604185581,8.711471,77,15,238.343750,6710.000
1785217980.604185581,8.711471,77,15,240.000000,6554.000
1785217980.604185581,8.711471,77,15,241.640625,6475.500
1785217980.604185581,8.711471,77,15,251.562500,5711.250
1785217980.604185581,8.711471,77,15,253.203125,5625.000
1785217980.604185581,8.711471,77,15,254.843750,5591.250
1785217980.604185581,8.711471,77,15,256.500000,5575.750
1785217980.604185581,8.711471,77,15,258.156250,5518.000
1785217980.604185581,8.711471,77,15,259.796875,5482.750
1785217980.604185581,8.711471,77,15,261.421875,5530.750
1785217980.604185581,8.711471,77,7,335.609375,3375.750
1785217980.714719296,8.789747,78,15,10.234375,2547.250
1785217980.714719296,8.789747,78,15,13.453125,2618.250
1785217980.714719296,8.789747,78,15,169.687500,1522.000
1785217980.714719296,8.789747,78,8,211.546875,11812.750
1785217980.714719296,8.789747,78,15,221.437500,8823.500
1785217980.714719296,8.789747,78,15,223.093750,8601.000
1785217980.714719296,8.789747,78,15,227.984375,7947.500
1785217980.714719296,8.789747,78,15,229.609375,7728.750
1785217980.714719296,8.789747,78,15,231.250000,7519.000
1785217980.714719296,8.789747,78,15,241.109375,6586.250
1785217980.714719296,8.789747,78,15,252.687500,5732.750
1785217980.714719296,8.789747,78,15,254.328125,5663.500
1785217980.714719296,8.789747,78,15,255.984375,5615.750
1785217980.714719296,8.789747,78,15,257.609375,5572.750
1785217980.714719296,8.789747,78,15,259.265625,5540.000
1785217980.714719296,8.789747,78,15,260.906250,5574.000
1785217980.714719296,8.789747,78,15,262.531250,5646.500
1785217980.826282024,8.928406,79,13,3.078125,4155.500
1785217980.826282024,8.928406,79,11,6.578125,2539.750
1785217980.826282024,8.928406,79,15,8.250000,2542.000
1785217980.826282024,8.928406,79,15,11.421875,2566.000
1785217980.826282024,8.928406,79,15,13.078125,2587.000
1785217980.826282024,8.928406,79,7,14.703125,2622.500
1785217980.826282024,8.928406,79,15,171.109375,1491.000
1785217980.826282024,8.928406,79,8,186.718750,10179.000
1785217980.826282024,8.928406,79,15,222.859375,8684.250
1785217980.826282024,8.928406,79,15,231.062500,7593.000
1785217980.826282024,8.928406,79,15,232.687500,7395.750
1785217980.826282024,8.928406,79,15,234.343750,7226.500
1785217980.826282024,8.928406,79,15,235.984375,7087.750
1785217980.826282024,8.928406,79,15,237.640625,6928.500
1785217980.826282024,8.928406,79,12,239.281250,6794.250
1785217980.826282024,8.928406,79,15,240.906250,6660.750
1785217980.826282024,8.928406,79,15,252.453125,5784.500
1785217980.826282024,8.928406,79,15,254.109375,5708.000
1785217980.826282024,8.928406,79,15,255.750000,5649.500
1785217980.826282024,8.928406,79,15,257.406250,5611.750
1785217980.826282024,8.928406,79,15,259.046875,5598.000
1785217980.826282024,8.928406,79,15,260.671875,5622.750
1785217980.826282024,8.928406,79,15,262.312500,5636.500
1785217980.826282024,8.928406,79,14,265.593750,5944.500
1785217980.938976288,9.006446,80,13,358.046875,4157.750
1785217980.938976288,9.006446,80,10,359.687500,4230.500
1785217980.938976288,9.006446,80,13,1.328125,4335.750
1785217980.938976288,9.006446,80,15,4.859375,2559.750
1785217980.938976288,9.006446,80,15,6.515625,2538.000
1785217980.938976288,9.006446,80,15,8.156250,2546.750
1785217980.938976288,9.006446,80,15,13.031250,2582.500
1785217980.938976288,9.006446,80,6,14.656250,2614.000
1785217980.938976288,9.006446,80,15,171.171875,1475.250
1785217980.938976288,9.006446,80,15,172.781250,1486.500
1785217980.938976288,9.006446,80,14,217.968750,9789.000
1785217980.938976288,9.006446,80,15,222.906250,8691.000
1785217980.938976288,9.006446,80,15,224.562500,8508.500
1785217980.938976288,9.006446,80,15,227.843750,8032.250
1785217980.938976288,9.006446,80,15,229.500000,7862.000
1785217980.938976288,9.006446,80,15,231.156250,7656.500
1785217980.938976288,9.006446,80,8,234.453125,7234.750
1785217980.938976288,9.006446,80,15,236.109375,7140.750
1785217980.938976288,9.006446,80,15,239.406250,6786.000
1785217980.938976288,9.006446,80,15,241.046875,6661.500
1785217980.938976288,9.006446,80,15,249.312500,5343.250
1785217980.938976288,9.006446,80,15,252.578125,5838.250
1785217980.938976288,9.006446,80,15,254.218750,5747.000
1785217980.938976288,9.006446,80,15,255.843750,5678.500
1785217980.938976288,9.006446,80,15,257.515625,5633.750
1785217980.938976288,9.006446,80,15,259.171875,5598.000
1785217980.938976288,9.006446,80,15,260.796875,5622.000
1785217980.938976288,9.006446,80,15,262.421875,5663.250
1785217980.938976288,9.006446,80,15,265.703125,5983.000
1785217980.938976288,9.006446,80,15,267.359375,5984.250
1785217980.938976288,9.006446,80,15,268.984375,5973.000
1785217980.938976288,9.006446,80,15,270.640625,5963.000
1785217980.938976288,9.006446,80,8,272.281250,5900.750
1785217980.938976288,9.006446,80,0,273.921875,5846.500
1785217981.052142143,9.150903,81,13,359.828125,4151.000
1785217981.052142143,9.150903,81,7,1.484375,4207.750
1785217981.052142143,9.150903,81,15,6.687500,2544.500
1785217981.052142143,9.150903,81,15,10.000000,2554.250
1785217981.052142143,9.150903,81,15,11.531250,2576.000
1785217981.052142143,9.150903,81,15,13.187500,2589.500
1785217981.052142143,9.150903,81,5,14.812500,2622.000
1785217981.052142143,9.150903,81,15,171.328125,1460.000
1785217981.052142143,9.150903,81,15,173.000000,1464.250
1785217981.052142143,9.150903,81,12,218.093750,9884.750
1785217981.052142143,9.150903,81,15,223.046875,8724.500
1785217981.052142143,9.150903,81,15,224.687500,8525.750
1785217981.052142143,9.150903,81,15,226.406250,8332.500
1785217981.052142143,9.150903,81,15,229.718750,7884.750
1785217981.052142143,9.150903,81,15,231.359375,7707.750
1785217981.052142143,9.150903,81,15,237.968750,7037.000
1785217981.052142143,9.150903,81,15,239.609375,6861.750
1785217981.052142143,9.150903,81,15,252.781250,5876.500
1785217981.052142143,9.150903,81,15,254.421875,5818.000
1785217981.052142143,9.150903,81,15,256.078125,5741.750
1785217981.052142143,9.150903,81,15,257.718750,5692.500
1785217981.052142143,9.150903,81,15,259.375000,5650.500
1785217981.052142143,9.150903,81,15,261.015625,5680.000
1785217981.052142143,9.150903,81,15,262.656250,5715.000
1785217981.052142143,9.150903,81,10,265.921875,6041.750
1785217981.163380623,9.229658,82,15,358.109375,4142.250
1785217981.163380623,9.229658,82,15,3.281250,2561.000
1785217981.163380623,9.229658,82,15,4.921875,2536.750
1785217981.163380623,9.229658,82,15,6.546875,2538.250
1785217981.163380623,9.229658,82,15,9.859375,2554.000
1785217981.163380623,9.229658,82,15,11.437500,2578.250
1785217981.163380623,9.229658,82,15,13.093750,2590.250
1785217981.163380623,9.229658,82,15,14.734375,2623.000
1785217981.163380623,9.229658,82,15,171.406250,1454.750
1785217981.163380623,9.229658,82,15,173.015625,1451.500
1785217981.163380623,9.229658,82,15,174.687500,1458.250
1785217981.163380623,9.229658,82,10,218.125000,9933.750
1785217981.163380623,9.229658,82,15,224.718750,8535.250
1785217981.163380623,9.229658,82,15,231.312500,7717.000
1785217981.163380623,9.229658,82,15,234.609375,7341.500
1785217981.163380623,9.229658,82,15,236.250000,7226.250
1785217981.163380623,9.229658,82,15,237.906250,7097.250
1785217981.163380623,9.229658,82,15,239.546875,6943.500
1785217981.163380623,9.229658,82,15,242.843750,6617.500
1785217981.163380623,9.229658,82,15,244.484375,6531.250
1785217981.163380623,9.229658,82,15,249.468750,5397.750
1785217981.163380623,9.229658,82,15,252.703125,5911.250
1785217981.163380623,9.229658,82,15,254.359375,5826.750
1785217981.163380623,9.229658,82,15,255.984375,5779.500
1785217981.163380623,9.229658,82,15,257.640625,5731.000
1785217981.163380623,9.229658,82,15,259.281250,5659.000
1785217981.163380623,9.229658,82,14,260.921875,5694.250
1785217981.163380623,9.229658,82,15,262.546875,5735.500
1785217981.163380623,9.229658,82,15,265.828125,6041.750
1785217981.163380623,9.229658,82,12,267.468750,5972.750
1785217981.163380623,9.229658,82,15,269.109375,5941.000
1785217981.275717735,9.370845,83,11,353.125000,4168.250
1785217981.275717735,9.370845,83,7,354.781250,4207.500
1785217981.275717735,9.370845,83,13,356.390625,4302.000
1785217981.275717735,9.370845,83,10,358.031250,4394.250
1785217981.275717735,9.370845,83,12,359.671875,4469.250
1785217981.275717735,9.370845,83,15,4.859375,2548.750
1785217981.275717735,9.370845,83,15,6.500000,2539.250
1785217981.275717735,9.370845,83,15,11.359375,2585.250
1785217981.275717735,9.370845,83,15,12.984375,2596.000
1785217981.275717735,9.370845,83,15,14.609375,2626.750
1785217981.275717735,9.370845,83,15,170.984375,1461.500
1785217981.275717735,9.370845,83,15,172.640625,1453.000
1785217981.275717735,9.370845,83,15,174.296875,1449.250
1785217981.275717735,9.370845,83,15,175.968750,1455.000
1785217981.275717735,9.370845,83,14,211.250000,11763.750
1785217981.275717735,9.370845,83,14,219.484375,9754.250
1785217981.275717735,9.370845,83,15,224.437500,8684.500
1785217981.275717735,9.370845,83,15,227.562500,8227.250
1785217981.275717735,9.370845,83,15,229.203125,8071.000
1785217981.275717735,9.370845,83,15,232.484375,7667.000
1785217981.275717735,9.370845,83,15,235.765625,7284.000
1785217981.275717735,9.370845,83,15,237.390625,7171.250
1785217981.275717735,9.370845,83,15,239.031250,7055.000
1785217981.275717735,9.370845,83,15,253.734375,5904.750
1785217981.275717735,9.370845,83,15,255.375000,5857.250
1785217981.275717735,9.370845,83,15,257.000000,5814.500
1785217981.275717735,9.370845,83,15,258.640625,5755.250
1785217981.275717735,9.370845,83,15,260.250000,5688.750
1785217981.275717735,9.370845,83,15,261.890625,5733.250
1785217981.275717735,9.370845,83,15,263.515625,5845.750
1785217981.275717735,9.370845,83,15,266.781250,6107.500
1785217981.275717735,9.370845,83,15,268.421875,6086.500
1785217981.275717735,9.370845,83,15,270.046875,6086.500
1785217981.275717735,9.370845,83,15,271.656250,6069.250
1785217981.275717735,9.370845,83,15,273.296875,6033.750
1785217981.275717735,9.370845,83,11,276.640625,6002.250
1785217981.386252403,9.448414,84,8,352.484375,4176.000
1785217981.386252403,9.448414,84,7,354.109375,4242.000
1785217981.386252403,9.448414,84,13,355.765625,4341.250
1785217981.386252403,9.448414,84,11,357.406250,4396.250
1785217981.386252403,9.448414,84,15,359.046875,4440.000
1785217981.386252403,9.448414,84,15,4.203125,2543.750
1785217981.386252403,9.448414,84,15,5.812500,2528.250
1785217981.386252403,9.448414,84,15,10.750000,2584.250
1785217981.386252403,9.448414,84,15,12.375000,2594.250
1785217981.386252403,9.448414,84,15,14.000000,2608.000
1785217981.386252403,9.448414,84,15,170.406250,1463.500
1785217981.386252403,9.448414,84,15,172.062500,1446.500
1785217981.386252403,9.448414,84,15,173.734375,1442.750
1785217981.386252403,9.448414,84,15,175.343750,1442.750
1785217981.386252403,9.448414,84,15,177.015625,1450.000
1785217981.386252403,9.448414,84,15,218.812500,9842.750
1785217981.386252403,9.448414,84,15,225.406250,8614.750
1785217981.386252403,9.448414,84,15,231.953125,7731.500
1785217981.386252403,9.448414,84,15,233.609375,7572.250
1785217981.386252403,9.448414,84,15,235.250000,7378.250
1785217981.386252403,9.448414,84,15,236.890625,7233.000
1785217981.386252403,9.448414,84,15,238.531250,7097.000
1785217981.386252403,9.448414,84,15,246.750000,6228.750
1785217981.386252403,9.448414,84,15,250.062500,5448.250
1785217981.386252403,9.448414,84,15,253.343750,5935.500
1785217981.386252403,9.448414,84,15,254.968750,5881.000
1785217981.386252403,9.448414,84,15,256.625000,5814.750
1785217981.386252403,9.448414,84,15,258.265625,5741.750
1785217981.386252403,9.448414,84,15,259.906250,5698.500
1785217981.386252403,9.448414,84,15,261.531250,5766.250
1785217981.386252403,9.448414,84,15,263.171875,5804.250
1785217981.386252403,9.448414,84,15,266.437500,6116.750
1785217981.386252403,9.448414,84,15,268.078125,6116.750
1785217981.386252403,9.448414,84,15,269.718750,6097.000
1785217981.386252403,9.448414,84,15,273.000000,6044.500
1785217981.386252403,9.448414,84,15,274.640625,6057.250
1785217981.497745752,9.603345,85,12,353.734375,4186.000
1785217981.497745752,9.603345,85,7,355.375000,4261.500
1785217981.497745752,9.603345,85,15,357.000000,4346.500
1785217981.497745752,9.603345,85,11,358.656250,4406.000
1785217981.497745752,9.603345,85,15,3.843750,2527.500
1785217981.497745752,9.603345,85,15,5.500000,2536.750
1785217981.497745752,9.603345,85,15,8.781250,2554.500
1785217981.497745752,9.603345,85,15,10.421875,2581.000
1785217981.497745752,9.603345,85,15,12.046875,2593.250
1785217981.497745752,9.603345,85,15,13.687500,2610.000
1785217981.497745752,9.603345,85,15,170.140625,1473.500
1785217981.497745752,9.603345,85,15,171.828125,1451.000
1785217981.497745752,9.603345,85,15,173.421875,1444.750
1785217981.497745752,9.603345,85,15,175.125000,1444.750
1785217981.497745752,9.603345,85,15,176.781250,1451.500
1785217981.497745752,9.603345,85,11,218.687500,9943.750
1785217981.497745752,9.603345,85,15,223.625000,8794.000
1785217981.497745752,9.603345,85,15,225.281250,8604.250
1785217981.497745752,9.603345,85,15,233.468750,7575.500
1785217981.497745752,9.603345,85,15,235.109375,7375.000
1785217981.497745752,9.603345,85,15,236.750000,7242.500
1785217981.497745752,9.603345,85,15,238.406250,7150.500
1785217981.497745752,9.603345,85,15,241.703125,6760.000
1785217981.497745752,9.603345,85,15,243.359375,6640.000
1785217981.497745752,9.603345,85,15,246.625000,6248.750
1785217981.497745752,9.603345,85,15,253.250000,5934.000
1785217981.497745752,9.603345,85,15,254.890625,5879.000
1785217981.497745752,9.603345,85,15,256.546875,5815.500
1785217981.497745752,9.603345,85,15,258.187500,5744.000
1785217981.497745752,9.603345,85,15,259.828125,5700.000
1785217981.497745752,9.603345,85,15,261.468750,5752.000
1785217981.497745752,9.603345,85,15,263.125000,5803.000
1785217981.497745752,9.603345,85,15,266.390625,6103.750
1785217981.497745752,9.603345,85,15,268.031250,6086.500
1785217981.612706423,9.744453,86,15,353.750000,4145.750
1785217981.612706423,9.744453,86,15,355.375000,4192.000
1785217981.612706423,9.744453,86,11,357.031250,4272.250
1785217981.612706423,9.744453,86,12,358.656250,4359.000
1785217981.612706423,9.744453,86,15,3.859375,2528.250
1785217981.612706423,9.744453,86,15,5.484375,2537.000
1785217981.612706423,9.744453,86,15,8.781250,2554.500
1785217981.612706423,9.744453,86,15,10.421875,2580.500
1785217981.612706423,9.744453,86,15,12.000000,2593.250
1785217981.612706423,9.744453,86,15,13.671875,2610.000
1785217981.612706423,9.744453,86,15,170.187500,1473.000
1785217981.612706423,9.744453,86,15,171.843750,1450.500
1785217981.612706423,9.744453,86,15,173.515625,1444.750
1785217981.612706423,9.744453,86,15,175.187500,1444.000
1785217981.612706423,9.744453,86,15,176.812500,1450.750
1785217981.612706423,9.744453,86,14,218.750000,9942.750
1785217981.612706423,9.744453,86,15,222.062500,9114.000
1785217981.612706423,9.744453,86,15,225.343750,8604.000
1785217981.612706423,9.744453,86,15,231.921875,7775.250
1785217981.612706423,9.744453,86,15,233.578125,7575.250
1785217981.612706423,9.744453,86,15,235.218750,7378.750
1785217981.612706423,9.744453,86,15,236.875000,7230.500
1785217981.612706423,9.744453,86,15,238.515625,7095.750
1785217981.612706423,9.744453,86,15,240.171875,6933.500
1785217981.612706423,9.744453,86,15,253.390625,5932.000
1785217981.612706423,9.744453,86,15,255.046875,5868.500
1785217981.612706423,9.744453,86,15,256.703125,5782.500
1785217981.612706423,9.744453,86,15,258.343750,5720.000
1785217981.612706423,9.744453,86,15,259.984375,5693.500
1785217981.612706423,9.744453,86,15,261.640625,5757.750
1785217981.612706423,9.744453,86,15,263.296875,5803.000
1785217981.612706423,9.744453,86,15,266.546875,6091.250
1785217981.612706423,9.744453,86,15,268.218750,6040.750
1785217981.724820137,9.823240,87,15,353.859375,4183.250
1785217981.724820137,9.823240,87,8,355.515625,4271.250
1785217981.724820137,9.823240,87,13,357.140625,4352.000
1785217981.724820137,9.823240,87,13,358.781250,4392.500
1785217981.724820137,9.823240,87,15,2.312500,2571.000
1785217981.724820137,9.823240,87,15,3.984375,2536.000
1785217981.724820137,9.823240,87,15,5.609375,2533.000
1785217981.724820137,9.823240,87,15,8.906250,2553.000
1785217981.724820137,9.823240,87,15,10.531250,2580.000
1785217981.724820137,9.823240,87,15,12.187500,2592.500
1785217981.724820137,9.823240,87,15,13.828125,2610.750
1785217981.724820137,9.823240,87,15,170.281250,1472.250
1785217981.724820137,9.823240,87,15,171.937500,1449.500
1785217981.724820137,9.823240,87,15,173.562500,1443.500
1785217981.724820137,9.823240,87,15,175.218750,1444.000
1785217981.724820137,9.823240,87,15,176.812500,1451.000
1785217981.724820137,9.823240,87,10,218.656250,9944.750
1785217981.724820137,9.823240,87,15,223.609375,8790.750
1785217981.724820137,9.823240,87,15,225.250000,8613.000
1785217981.724820137,9.823240,87,15,231.890625,7773.750
1785217981.724820137,9.823240,87,15,233.546875,7571.250
1785217981.724820137,9.823240,87,15,238.484375,7096.250
1785217981.724820137,9.823240,87,15,240.140625,6929.500
1785217981.724820137,9.823240,87,15,241.781250,6800.250
1785217981.724820137,9.823240,87,8,243.437500,6732.750
1785217981.724820137,9.823240,87,15,253.312500,5933.000
1785217981.724820137,9.823240,87,15,254.968750,5880.000
1785217981.724820137,9.823240,87,15,256.593750,5818.250
1785217981.724820137,9.823240,87,15,258.234375,5750.250
1785217981.724820137,9.823240,87,15,259.890625,5705.250
1785217981.724820137,9.823240,87,15,261.531250,5763.250
1785217981.724820137,9.823240,87,15,263.187500,5806.500
1785217981.834872246,9.900125,88,13,353.750000,4147.500
1785217981.834872246,9.900125,88,14,355.390625,4195.250
1785217981.834872246,9.900125,88,10,357.031250,4279.750
1785217981.834872246,9.900125,88,15,358.671875,4368.500
1785217981.834872246,9.900125,88,15,3.859375,2527.750
1785217981.834872246,9.900125,88,15,5.468750,2536.500
1785217981.834872246,9.900125,88,15,8.781250,2554.750
1785217981.834872246,9.900125,88,15,10.406250,2580.000
1785217981.834872246,9.900125,88,15,12.015625,2591.750
1785217981.834872246,9.900125,88,15,13.640625,2608.750
1785217981.834872246,9.900125,88,15,171.765625,1450.750
1785217981.834872246,9.900125,88,15,173.406250,1444.500
1785217981.834872246,9.900125,88,15,175.046875,1441.750
1785217981.834872246,9.900125,88,15,176.687500,1445.000
1785217981.834872246,9.900125,88,15,178.250000,1469.000
1785217981.834872246,9.900125,88,14,211.843750,11775.750
1785217981.834872246,9.900125,88,13,218.421875,10021.000
1785217981.834872246,9.900125,88,15,225.000000,8635.500
1785217981.834872246,9.900125,88,15,226.687500,8414.250
1785217981.834872246,9.900125,88,15,228.343750,8198.500
1785217981.834872246,9.900125,88,15,229.984375,8032.000
1785217981.834872246,9.900125,88,15,231.625000,7855.750
1785217981.834872246,9.900125,88,15,233.281250,7674.750
1785217981.834872246,9.900125,88,15,234.921875,7495.750
1785217981.834872246,9.900125,88,10,244.812500,6516.000
1785217981.834872246,9.900125,88,9,246.453125,6354.250
1785217981.834872246,9.900125,88,13,248.093750,6241.000
1785217981.834872246,9.900125,88,15,253.046875,5951.750
1785217981.834872246,9.900125,88,15,254.687500,5924.250
1785217981.834872246,9.900125,88,15,256.343750,5869.250
1785217981.834872246,9.900125,88,15,257.984375,5819.750
1785217981.834872246,9.900125,88,15,259.625000,5765.750
1785217981.834872246,9.900125,88,15,261.265625,5721.000
1785217981.834872246,9.900125,88,15,262.906250,5760.500
1785217981.834872246,9.900125,88,12,266.171875,6112.000
1785217981.834872246,9.900125,88,15,267.828125,6050.500
1785217981.834872246,9.900125,88,11,314.046875,3682.750
1785217981.946684361,10.043338,89,15,355.203125,4169.750
1785217981.946684361,10.043338,89,11,356.859375,4226.750
1785217981.946684361,10.043338,89,15,358.468750,4325.750
1785217981.946684361,10.043338,89,15,5.312500,2539.000
1785217981.946684361,10.043338,89,15,6.937500,2552.250
1785217981.946684361,10.043338,89,15,8.593750,2558.750
1785217981.946684361,10.043338,89,15,10.250000,2574.750
1785217981.946684361,10.043338,89,15,11.781250,2592.500
1785217981.946684361,10.043338,89,15,13.421875,2599.750
1785217981.946684361,10.043338,89,15,171.453125,1457.250
1785217981.946684361,10.043338,89,15,173.156250,1447.250
1785217981.946684361,10.043338,89,15,174.750000,1441.500
1785217981.946684361,10.043338,89,15,176.390625,1438.750
1785217981.946684361,10.043338,89,15,178.031250,1445.000
1785217981.946684361,10.043338,89,7,215.015625,11774.500
1785217981.946684361,10.043338,89,12,219.968750,9792.500
1785217981.946684361,10.043338,89,15,224.921875,8726.750
1785217981.946684361,10.043338,89,15,226.546875,8521.250
1785217981.946684361,10.043338,89,15,233.125000,7734.000
1785217981.946684361,10.043338,89,15,239.718750,7074.000
1785217981.946684361,10.043338,89,15,241.359375,6926.500
1785217981.946684361,10.043338,89,15,243.015625,6787.750
1785217981.946684361,10.043338,89,15,254.500000,5957.500
1785217981.946684361,10.043338,89,15,256.125000,5905.000
1785217981.946684361,10.043338,89,15,257.781250,5836.000
1785217981.946684361,10.043338,89,15,259.406250,5807.250
1785217981.946684361,10.043338,89,15,261.062500,5750.500
1785217981.946684361,10.043338,89,15,262.687500,5757.750
1785217981.946684361,10.043338,89,15,264.312500,5869.250
1785217981.946684361,10.043338,89,14,267.593750,6154.500
1785217981.946684361,10.043338,89,15,269.234375,6055.750
1785217981.946684361,10.043338,89,8,341.859375,3862.750
1785217982.061565161,10.121975,90,11,355.000000,4164.500
1785217982.061565161,10.121975,90,8,356.656250,4206.750
1785217982.061565161,10.121975,90,15,358.281250,4301.500
1785217982.061565161,10.121975,90,14,359.921875,4398.250
1785217982.061565161,10.121975,90,15,3.453125,2532.750
1785217982.061565161,10.121975,90,15,5.109375,2533.500
1785217982.061565161,10.121975,90,15,6.765625,2543.500
1785217982.061565161,10.121975,90,15,8.406250,2547.250
1785217982.061565161,10.121975,90,15,10.062500,2570.250
1785217982.061565161,10.121975,90,15,11.656250,2589.000
1785217982.061565161,10.121975,90,15,13.312500,2589.500
1785217982.061565161,10.121975,90,15,171.187500,1463.750
1785217982.061565161,10.121975,90,15,172.875000,1445.500
1785217982.061565161,10.121975,90,15,174.515625,1436.750
1785217982.061565161,10.121975,90,15,176.156250,1433.750
1785217982.061565161,10.121975,90,15,177.781250,1436.500
1785217982.061565161,10.121975,90,15,179.437500,1451.500
1785217982.061565161,10.121975,90,15,224.687500,8848.250
1785217982.061565161,10.121975,90,15,226.265625,8637.500
1785217982.061565161,10.121975,90,15,234.500000,7609.250
1785217982.061565161,10.121975,90,15,237.796875,7257.250
1785217982.061565161,10.121975,90,15,239.437500,7165.000
1785217982.061565161,10.121975,90,15,241.078125,7012.250
1785217982.061565161,10.121975,90,15,244.375000,6663.000
1785217982.061565161,10.121975,90,15,247.656250,6334.500
1785217982.061565161,10.121975,90,15,254.218750,5993.250
1785217982.061565161,10.121975,90,15,255.859375,5937.500
1785217982.061565161,10.121975,90,15,257.500000,5898.250
1785217982.061565161,10.121975,90,15,259.140625,5834.000
1785217982.061565161,10.121975,90,15,260.765625,5774.750
1785217982.061565161,10.121975,90,15,262.406250,5830.250
1785217982.061565161,10.121975,90,15,264.062500,5884.000
1785217982.061565161,10.121975,90,15,267.328125,6096.000
1785217982.061565161,10.121975,90,15,268.953125,6112.250
1785217982.172640562,10.261106,91,12,354.562500,4206.500
1785217982.172640562,10.261106,91,14,356.203125,4295.750
1785217982.172640562,10.261106,91,14,357.843750,4382.500
1785217982.172640562,10.261106,91,14,359.484375,4450.500
1785217982.172640562,10.261106,91,15,4.656250,2544.500
1785217982.172640562,10.261106,91,15,6.328125,2530.000
1785217982.172640562,10.261106,91,15,11.234375,2578.750
1785217982.172640562,10.261106,91,15,12.828125,2591.250
1785217982.172640562,10.261106,91,15,14.484375,2615.500
1785217982.172640562,10.261106,91,15,172.484375,1449.250
1785217982.172640562,10.261106,91,15,174.046875,1436.250
1785217982.172640562,10.261106,91,15,175.765625,1426.000
1785217982.172640562,10.261106,91,15,177.343750,1426.500
1785217982.172640562,10.261106,91,15,179.046875,1435.500
1785217982.172640562,10.261106,91,13,212.640625,11793.000
1785217982.172640562,10.261106,91,13,220.875000,9706.750
1785217982.172640562,10.261106,91,15,225.812500,8743.500
1785217982.172640562,10.261106,91,15,227.421875,8542.000
1785217982.172640562,10.261106,91,15,232.359375,7870.500
1785217982.172640562,10.261106,91,15,234.015625,7719.000
1785217982.172640562,10.261106,91,15,240.593750,7089.000
1785217982.172640562,10.261106,91,15,243.890625,6764.000
1785217982.172640562,10.261106,91,15,255.421875,5954.250
1785217982.172640562,10.261106,91,15,257.046875,5899.250
1785217982.172640562,10.261106,91,15,258.703125,5855.000
1785217982.172640562,10.261106,91,15,260.343750,5807.250
1785217982.172640562,10.261106,91,15,261.984375,5755.000
1785217982.172640562,10.261106,91,15,263.625000,5811.750
1785217982.172640562,10.261106,91,15,265.265625,5958.500
1785217982.172640562,10.261106,91,15,266.890625,6062.250
1785217982.283457041,10.338534,92,12,352.609375,4197.250
1785217982.283457041,10.338534,92,9,354.234375,4270.500
1785217982.283457041,10.338534,92,12,355.859375,4348.750
1785217982.283457041,10.338534,92,12,357.500000,4399.000
1785217982.283457041,10.338534,92,14,359.140625,4466.500
1785217982.283457041,10.338534,92,15,4.328125,2553.250
1785217982.283457041,10.338534,92,15,6.000000,2540.500
1785217982.283457041,10.338534,92,15,10.890625,2585.000
1785217982.283457041,10.338534,92,15,12.515625,2593.500
1785217982.283457041,10.338534,92,15,14.187500,2607.250
1785217982.283457041,10.338534,92,15,172.296875,1460.000
1785217982.283457041,10.338534,92,15,173.984375,1441.750
1785217982.283457041,10.338534,92,15,175.609375,1430.250
1785217982.283457041,10.338534,92,15,177.281250,1425.250
1785217982.283457041,10.338534,92,15,178.953125,1428.500
1785217982.283457041,10.338534,92,15,180.593750,1443.250
1785217982.283457041,10.338534,92,7,212.515625,11801.500
1785217982.283457041,10.338534,92,7,214.156250,11827.750
1785217982.283457041,10.338534,92,7,215.796875,11898.000
1785217982.283457041,10.338534,92,15,227.296875,8621.000
1785217982.283457041,10.338534,92,15,240.437500,7126.500
1785217982.283457041,10.338534,92,15,242.093750,6986.500
1785217982.283457041,10.338534,92,10,243.750000,6806.500
1785217982.283457041,10.338534,92,15,245.390625,6653.750
1785217982.283457041,10.338534,92,15,255.328125,5967.000
1785217982.283457041,10.338534,92,15,256.953125,5932.000
1785217982.283457041,10.338534,92,15,258.593750,5888.500
1785217982.283457041,10.338534,92,15,260.234375,5839.250
1785217982.283457041,10.338534,92,15,261.906250,5770.500
1785217982.283457041,10.338534,92,15,263.515625,5806.000
1785217982.283457041,10.338534,92,15,265.156250,5925.000
1785217982.283457041,10.338534,92,15,266.796875,6031.250
1785217982.396231413,10.494272,93,14,354.093750,4188.250
1785217982.396231413,10.494272,93,9,355.734375,4244.250
1785217982.396231413,10.494272,93,13,357.375000,4331.250
1785217982.396231413,10.494272,93,11,359.031250,4416.500
1785217982.396231413,10.494272,93,15,4.203125,2577.250
1785217982.396231413,10.494272,93,15,5.828125,2545.000
1785217982.396231413,10.494272,93,15,10.750000,2583.250
1785217982.396231413,10.494272,93,15,12.359375,2594.000
1785217982.396231413,10.494272,93,15,14.015625,2607.500
1785217982.396231413,10.494272,93,15,172.250000,1469.000
1785217982.396231413,10.494272,93,15,173.875000,1445.500
1785217982.396231413,10.494272,93,15,175.515625,1429.500
1785217982.396231413,10.494272,93,15,177.140625,1417.750
1785217982.396231413,10.494272,93,15,178.859375,1419.000
1785217982.396231413,10.494272,93,15,180.468750,1429.250
1785217982.396231413,10.494272,93,15,220.640625,9961.750
1785217982.396231413,10.494272,93,15,225.578125,8831.000
1785217982.396231413,10.494272,93,15,227.234375,8628.000
1785217982.396231413,10.494272,93,15,230.515625,8188.000
1785217982.396231413,10.494272,93,15,232.171875,8020.000
1785217982.396231413,10.494272,93,15,233.796875,7834.000
1785217982.396231413,10.494272,93,15,235.453125,7672.000
1785217982.396231413,10.494272,93,15,242.031250,7024.500
1785217982.396231413,10.494272,93,15,243.687500,6831.250
1785217982.396231413,10.494272,93,15,245.312500,6690.250
1785217982.396231413,10.494272,93,15,255.218750,5980.250
1785217982.396231413,10.494272,93,15,256.859375,5937.750
1785217982.396231413,10.494272,93,15,258.515625,5897.500
1785217982.396231413,10.494272,93,15,260.156250,5847.750
1785217982.396231413,10.494272,93,15,261.796875,5810.000
1785217982.396231413,10.494272,93,15,263.437500,5856.750
1785217982.396231413,10.494272,93,15,265.078125,5921.000
1785217982.510179996,10.571364,94,10,354.078125,4192.000
1785217982.510179996,10.571364,94,14,355.703125,4271.500
1785217982.510179996,10.571364,94,15,357.343750,4359.000
1785217982.510179996,10.571364,94,10,358.984375,4419.250
1785217982.510179996,10.571364,94,15,4.171875,2539.250
1785217982.510179996,10.571364,94,15,5.828125,2535.250
1785217982.510179996,10.571364,94,15,10.687500,2582.500
1785217982.510179996,10.571364,94,15,12.328125,2593.750
1785217982.510179996,10.571364,94,15,14.000000,2608.000
1785217982.510179996,10.571364,94,15,173.828125,1448.500
1785217982.510179996,10.571364,94,15,175.500000,1429.500
1785217982.510179996,10.571364,94,15,177.234375,1415.000
1785217982.510179996,10.571364,94,15,178.796875,1411.750
1785217982.510179996,10.571364,94,15,180.453125,1418.000
1785217982.510179996,10.571364,94,15,182.031250,1436.750
1785217982.510179996,10.571364,94,8,215.593750,11724.750
1785217982.510179996,10.571364,94,12,222.187500,9783.500
1785217982.510179996,10.571364,94,15,227.156250,8705.500
1785217982.510179996,10.571364,94,15,228.812500,8525.500
1785217982.510179996,10.571364,94,15,230.453125,8309.500
1785217982.510179996,10.571364,94,15,232.109375,8095.250
1785217982.510179996,10.571364,94,15,243.625000,6888.000
1785217982.510179996,10.571364,94,15,245.281250,6763.250
1785217982.510179996,10.571364,94,15,255.156250,5995.750
1785217982.510179996,10.571364,94,15,256.796875,5974.250
1785217982.510179996,10.571364,94,15,258.453125,5937.750
1785217982.510179996,10.571364,94,15,260.093750,5869.250
1785217982.510179996,10.571364,94,15,261.750000,5814.000
1785217982.510179996,10.571364,94,15,265.031250,5860.250
1785217982.510179996,10.571364,94,7,314.437500,3733.500
1785217982.621351242,10.728805,95,9,352.312500,4244.750
1785217982.621351242,10.728805,95,9,353.968750,4316.000
1785217982.621351242,10.728805,95,12,355.609375,4380.250
1785217982.621351242,10.728805,95,10,357.265625,4428.750
1785217982.621351242,10.728805,95,9,358.906250,4514.250
1785217982.621351242,10.728805,95,15,2.437500,2573.500
1785217982.621351242,10.728805,95,15,4.093750,2546.250
1785217982.621351242,10.728805,95,15,5.750000,2545.750
1785217982.621351242,10.728805,95,15,10.578125,2579.500
1785217982.621351242,10.728805,95,15,12.234375,2592.500
1785217982.621351242,10.728805,95,15,13.875000,2609.500
1785217982.621351242,10.728805,95,15,173.687500,1457.250
1785217982.621351242,10.728805,95,15,175.390625,1430.500
1785217982.621351242,10.728805,95,15,177.093750,1414.500
1785217982.621351242,10.728805,95,15,178.734375,1408.750
1785217982.621351242,10.728805,95,15,180.281250,1412.250
1785217982.621351242,10.728805,95,15,181.953125,1422.000
1785217982.621351242,10.728805,95,11,222.171875,9843.500
1785217982.621351242,10.728805,95,15,227.109375,8713.000
1785217982.621351242,10.728805,95,15,228.750000,8531.000
1785217982.621351242,10.728805,95,15,235.359375,7728.500
1785217982.621351242,10.728805,95,15,241.937500,7117.500
1785217982.621351242,10.728805,95,15,243.593750,6972.000
1785217982.621351242,10.728805,95,15,245.234375,6825.000
1785217982.621351242,10.728805,95,15,256.765625,5975.500
1785217982.621351242,10.728805,95,15,258.406250,5939.750
1785217982.621351242,10.728805,95,15,260.046875,5907.500
1785217982.621351242,10.728805,95,15,261.671875,5864.000
1785217982.621351242,10.728805,95,15,263.328125,5803.500
1785217982.621351242,10.728805,95,15,264.968750,5848.500
1785217982.732542276,10.808760,96,14,357.281250,4427.500
1785217982.732542276,10.808760,96,11,358.906250,4514.000
1785217982.732542276,10.808760,96,15,2.468750,2575.250
1785217982.732542276,10.808760,96,15,4.078125,2545.250
1785217982.732542276,10.808760,96,15,5.750000,2544.750
1785217982.732542276,10.808760,96,15,9.046875,2556.750
1785217982.732542276,10.808760,96,15,10.609375,2580.000
1785217982.732542276,10.808760,96,15,12.234375,2592.000
1785217982.732542276,10.808760,96,15,13.890625,2608.250
1785217982.732542276,10.808760,96,15,175.390625,1436.000
1785217982.732542276,10.808760,96,15,177.093750,1415.000
1785217982.732542276,10.808760,96,15,178.671875,1409.250
1785217982.732542276,10.808760,96,15,180.406250,1409.500
1785217982.732542276,10.808760,96,15,181.968750,1413.250
1785217982.732542276,10.808760,96,15,183.625000,1434.500
1785217982.732542276,10.808760,96,15,215.656250,11692.750
1785217982.732542276,10.808760,96,12,222.265625,9851.750
1785217982.732542276,10.808760,96,15,227.203125,8773.250
1785217982.732542276,10.808760,96,15,228.859375,8584.250
1785217982.732542276,10.808760,96,15,242.031250,7153.000
1785217982.732542276,10.808760,96,15,243.687500,7009.500
1785217982.732542276,10.808760,96,15,245.328125,6839.500
1785217982.732542276,10.808760,96,15,246.984375,6761.000
1785217982.732542276,10.808760,96,15,256.859375,5963.000
1785217982.732542276,10.808760,96,15,258.500000,5927.500
1785217982.732542276,10.808760,96,15,260.156250,5903.750
1785217982.732542276,10.808760,96,15,261.781250,5872.250
1785217982.732542276,10.808760,96,15,263.437500,5856.000
1785217982.732542276,10.808760,96,15,265.078125,5887.000
1785217982.844034910,10.965206,97,8,352.390625,4266.500
1785217982.844034910,10.965206,97,11,354.015625,4329.250
1785217982.844034910,10.965206,97,12,355.656250,4383.250
1785217982.844034910,10.965206,97,7,357.296875,4460.500
1785217982.844034910,10.965206,97,9,358.937500,4582.000
1785217982.844034910,10.965206,97,15,4.125000,2548.000
1785217982.844034910,10.965206,97,15,5.765625,2544.500
1785217982.844034910,10.965206,97,15,10.687500,2581.500
1785217982.844034910,10.965206,97,15,12.328125,2593.500
1785217982.844034910,10.965206,97,15,13.937500,2607.750
1785217982.844034910,10.965206,97,15,175.390625,1443.000
1785217982.844034910,10.965206,97,15,177.046875,1421.250
1785217982.844034910,10.965206,97,15,178.734375,1412.000
1785217982.844034910,10.965206,97,15,180.343750,1409.500
1785217982.844034910,10.965206,97,15,182.031250,1410.000
1785217982.844034910,10.965206,97,15,183.640625,1420.750
1785217982.844034910,10.965206,97,11,185.234375,1449.000
1785217982.844034910,10.965206,97,14,215.656250,11730.500
1785217982.844034910,10.965206,97,15,222.250000,9972.000
1785217982.844034910,10.965206,97,15,228.843750,8647.000
1785217982.844034910,10.965206,97,15,243.687500,7020.250
1785217982.844034910,10.965206,97,15,256.859375,6017.000
1785217982.844034910,10.965206,97,15,258.500000,5955.500
1785217982.844034910,10.965206,97,15,260.156250,5909.500
1785217982.844034910,10.965206,97,15,261.781250,5878.250
1785217982.844034910,10.965206,97,15,263.437500,5835.500
1785217982.956484318,11.043481,98,11,354.062500,4384.250
1785217982.956484318,11.043481,98,15,355.718750,4442.500
1785217982.956484318,11.043481,98,10,357.343750,4534.500
1785217982.956484318,11.043481,98,15,358.984375,4646.500
1785217982.956484318,11.043481,98,15,4.171875,2547.250
1785217982.956484318,11.043481,98,15,5.796875,2545.000
1785217982.956484318,11.043481,98,15,10.750000,2582.000
1785217982.956484318,11.043481,98,15,12.359375,2593.000
1785217982.956484318,11.043481,98,15,14.000000,2607.500
1785217982.956484318,11.043481,98,15,175.421875,1457.000
1785217982.956484318,11.043481,98,15,177.078125,1425.250
1785217982.956484318,11.043481,98,15,178.734375,1412.500
1785217982.956484318,11.043481,98,15,180.406250,1408.000
1785217982.956484318,11.043481,98,15,182.078125,1408.000
1785217982.956484318,11.043481,98,15,183.687500,1412.250
1785217982.956484318,11.043481,98,14,222.296875,9972.750
1785217982.956484318,11.043481,98,10,223.937500,9691.250
1785217982.956484318,11.043481,98,15,228.875000,8699.250
1785217982.956484318,11.043481,98,15,247.000000,6800.250
1785217982.956484318,11.043481,98,11,248.640625,6714.000
1785217982.956484318,11.043481,98,15,256.906250,6019.500
1785217982.956484318,11.043481,98,15,258.562500,5960.500
1785217982.956484318,11.043481,98,15,260.187500,5919.750
1785217982.956484318,11.043481,98,15,261.843750,5888.000
1785217982.956484318,11.043481,98,15,263.500000,5882.250
1785217983.069931507,11.198490,99,9,352.453125,4319.000
1785217983.069931507,11.198490,99,11,354.093750,4360.750
1785217983.069931507,11.198490,99,15,355.750000,4413.750
1785217983.069931507,11.198490,99,9,357.406250,4471.500
1785217983.069931507,11.198490,99,12,359.015625,4585.500
1785217983.069931507,11.198490,99,15,4.218750,2547.000
1785217983.069931507,11.198490,99,15,5.859375,2543.750
1785217983.069931507,11.198490,99,15,10.734375,2582.750
1785217983.069931507,11.198490,99,15,12.406250,2593.750
1785217983.069931507,11.198490,99,15,14.046875,2607.000
1785217983.069931507,11.198490,99,15,177.031250,1433.000
1785217983.069931507,11.198490,99,15,178.703125,1413.500
1785217983.069931507,11.198490,99,15,180.421875,1409.750
1785217983.069931507,11.198490,99,15,182.015625,1408.750
1785217983.069931507,11.198490,99,15,183.703125,1408.250
1785217983.069931507,11.198490,99,15,185.296875,1420.250
1785217983.069931507,11.198490,99,9,217.234375,11854.000
1785217983.069931507,11.198490,99,14,223.843750,9757.250
1785217983.069931507,11.198490,99,15,227.109375,8978.500
1785217983.069931507,11.198490,99,15,228.765625,8758.500
1785217983.069931507,11.198490,99,15,230.406250,8534.500
1785217983.069931507,11.198490,99,7,233.906250,3545.500
1785217983.069931507,11.198490,99,15,243.546875,7155.250
1785217983.069931507,11.198490,99,15,245.187500,7031.750
1785217983.069931507,11.198490,99,15,246.843750,6866.500
1785217983.069931507,11.198490,99,15,255.109375,6188.000
1785217983.069931507,11.198490,99,15,256.750000,6087.000
1785217983.069931507,11.198490,99,15,258.390625,6012.250
1785217983.069931507,11.198490,99,15,260.046875,5979.750
1785217983.069931507,11.198490,99,15,261.687500,5938.750
1785217983.181676149,11.261527,100,15,352.250000,4366.250
1785217983.181676149,11.261527,100,15,353.921875,4384.750
1785217983.181676149,11.261527,100,15,355.562500,4408.000
1785217983.181676149,11.261527,100,11,357.203125,4477.000
1785217983.181676149,11.261527,100,11,358.843750,4588.000
1785217983.181676149,11.261527,100,15,4.031250,2537.250
1785217983.181676149,11.261527,100,15,5.687500,2534.750
1785217983.181676149,11.261527,100,13,7.328125,2562.500
1785217983.181676149,11.261527,100,15,8.984375,2581.500
1785217983.181676149,11.261527,100,15,10.578125,2582.250
1785217983.181676149,11.261527,100,15,12.203125,2593.500
1785217983.181676149,11.261527,100,15,13.828125,2607.000
1785217983.181676149,11.261527,100,15,176.796875,1456.000
1785217983.181676149,11.261527,100,15,178.515625,1422.250
1785217983.181676149,11.261527,100,15,180.109375,1409.750
1785217983.181676149,11.261527,100,15,181.718750,1406.250
1785217983.181676149,11.261527,100,15,183.343750,1406.750
1785217983.181676149,11.261527,100,15,184.984375,1410.500
1785217983.181676149,11.261527,100,15,186.609375,1431.000
1785217983.181676149,11.261527,100,13,216.890625,11737.250
1785217983.181676149,11.261527,100,15,223.484375,9903.750
1785217983.181676149,11.261527,100,15,228.437500,8815.500
1785217983.181676149,11.261527,100,15,230.093750,8604.000
1785217983.181676149,11.261527,100,15,231.750000,8372.000
1785217983.181676149,11.261527,100,15,244.906250,7083.500
1785217983.181676149,11.261527,100,15,246.562500,6907.500
1785217983.181676149,11.261527,100,15,258.125000,6021.250
1785217983.181676149,11.261527,100,15,259.765625,6003.250
1785217983.181676149,11.261527,100,15,261.406250,5958.500
1785217983.181676149,11.261527,100,10,263.046875,5917.750
1785217983.293180943,11.403988,101,11,353.546875,4296.500
1785217983.293180943,11.403988,101,11,355.218750,4361.250
1785217983.293180943,11.403988,101,12,356.843750,4411.250
1785217983.293180943,11.403988,101,8,358.484375,4481.250
1785217983.293180943,11.403988,101,15,3.687500,2544.000
1785217983.293180943,11.403988,101,15,5.328125,2540.750
1785217983.293180943,11.403988,101,15,6.953125,2554.500
1785217983.293180943,11.403988,101,15,8.625000,2561.000
1785217983.293180943,11.403988,101,15,10.250000,2573.500
1785217983.293180943,11.403988,101,15,11.859375,2587.750
1785217983.293180943,11.403988,101,15,13.500000,2596.000
1785217983.293180943,11.403988,101,15,178.109375,1438.500
1785217983.293180943,11.403988,101,15,179.656250,1419.500
1785217983.293180943,11.403988,101,15,181.250000,1410.000
1785217983.293180943,11.403988,101,15,182.921875,1408.750
1785217983.293180943,11.403988,101,15,184.562500,1410.250
1785217983.293180943,11.403988,101,15,186.203125,1412.000
1785217983.293180943,11.403988,101,9,187.812500,1431.250
1785217983.293180943,11.403988,101,14,224.687500,9744.750
1785217983.293180943,11.403988,101,15,229.687500,8700.250
1785217983.293180943,11.403988,101,15,231.328125,8512.500
1785217983.293180943,11.403988,101,15,247.812500,6817.500
1785217983.293180943,11.403988,101,15,249.453125,6718.750
1785217983.293180943,11.403988,101,15,257.671875,6072.750
1785217983.293180943,11.403988,101,15,259.312500,6020.250
1785217983.293180943,11.403988,101,15,260.968750,5977.500
1785217983.293180943,11.403988,101,15,262.609375,5936.500
1785217983.404979467,11.466779,102,13,353.015625,4364.000
1785217983.404979467,11.466779,102,12,354.671875,4388.750
1785217983.404979467,11.466779,102,8,356.312500,4443.250
1785217983.404979467,11.466779,102,8,357.937500,4544.750
1785217983.404979467,11.466779,102,13,359.578125,4658.250
1785217983.404979467,11.466779,102,5,3.125000,2546.750
1785217983.404979467,11.466779,102,15,4.765625,2535.250
1785217983.404979467,11.466779,102,15,6.406250,2534.000
1785217983.404979467,11.466779,102,15,11.312500,2583.750
1785217983.404979467,11.466779,102,15,12.968750,2593.750
1785217983.404979467,11.466779,102,15,14.578125,2625.000
1785217983.404979467,11.466779,102,15,179.234375,1426.250
1785217983.404979467,11.466779,102,15,180.828125,1410.000
1785217983.404979467,11.466779,102,15,182.468750,1408.500
1785217983.404979467,11.466779,102,14,184.125000,1406.750
1785217983.404979467,11.466779,102,15,185.750000,1409.500
1785217983.404979467,11.466779,102,15,187.343750,1418.500
1785217983.404979467,11.466779,102,15,217.656250,11775.750
1785217983.404979467,11.466779,102,7,219.296875,11729.000
1785217983.404979467,11.466779,102,13,224.250000,9885.750
1785217983.404979467,11.466779,102,15,229.218750,8810.750
1785217983.404979467,11.466779,102,15,230.859375,8626.250
1785217983.404979467,11.466779,102,15,232.515625,8412.000
1785217983.404979467,11.466779,102,12,245.687500,7086.000
1785217983.404979467,11.466779,102,15,247.328125,6937.500
1785217983.404979467,11.466779,102,15,253.890625,6334.000
1785217983.404979467,11.466779,102,15,257.171875,6178.000
1785217983.404979467,11.466779,102,15,258.796875,6068.250
1785217983.404979467,11.466779,102,15,260.453125,6009.000
1785217983.404979467,11.466779,102,15,262.093750,5966.250
1785217983.404979467,11.466779,102,15,263.718750,5946.500
1785217983.404979467,11.466779,102,11,265.359375,5928.750
1785217983.519280672,11.624381,103,12,355.890625,4346.750
1785217983.519280672,11.624381,103,10,357.531250,4413.500
1785217983.519280672,11.624381,103,9,359.156250,4482.250
1785217983.519280672,11.624381,103,15,2.687500,2647.250
1785217983.519280672,11.624381,103,15,5.984375,2550.500
1785217983.519280672,11.624381,103,15,10.859375,2580.000
1785217983.519280672,11.624381,103,15,12.484375,2591.750
1785217983.519280672,11.624381,103,15,14.125000,2605.750
1785217983.519280672,11.624381,103,15,180.468750,1418.000
1785217983.519280672,11.624381,103,15,182.140625,1407.500
1785217983.519280672,11.624381,103,15,183.750000,1408.000
1785217983.519280672,11.624381,103,15,185.390625,1407.250
1785217983.519280672,11.624381,103,15,187.078125,1407.250
1785217983.519280672,11.624381,103,15,188.625000,1425.250
1785217983.519280672,11.624381,103,12,223.937500,10022.000
1785217983.519280672,11.624381,103,15,225.593750,9759.250
1785217983.519280672,11.624381,103,15,230.500000,8721.750
1785217983.519280672,11.624381,103,15,232.140625,8548.500
1785217983.519280672,11.624381,103,15,246.937500,7129.500
1785217983.519280672,11.624381,103,15,248.593750,6942.250
1785217983.519280672,11.624381,103,15,250.234375,6781.750
1785217983.519280672,11.624381,103,15,258.421875,6108.000
1785217983.519280672,11.624381,103,15,260.062500,6013.750
1785217983.519280672,11.624381,103,15,261.703125,5972.000
1785217983.519280672,11.624381,103,15,263.343750,5963.000
1785217983.519280672,11.624381,103,15,264.968750,5940.500
1785217983.629747152,11.702734,104,11,354.015625,4190.250
1785217983.629747152,11.702734,104,13,355.656250,4304.750
1785217983.629747152,11.702734,104,15,357.296875,4397.000
1785217983.629747152,11.702734,104,10,358.921875,4478.500
1785217983.629747152,11.702734,104,15,4.140625,2549.500
1785217983.629747152,11.702734,104,15,5.765625,2546.250
1785217983.629747152,11.702734,104,10,7.421875,2552.250
1785217983.629747152,11.702734,104,15,9.062500,2567.000
1785217983.629747152,11.702734,104,15,10.656250,2580.750
1785217983.629747152,11.702734,104,15,12.296875,2592.250
1785217983.629747152,11.702734,104,15,13.921875,2604.750
1785217983.629747152,11.702734,104,15,180.421875,1425.250
1785217983.629747152,11.702734,104,15,182.062500,1407.500
1785217983.629747152,11.702734,104,15,183.750000,1399.250
1785217983.629747152,11.702734,104,13,185.312500,1398.750
1785217983.629747152,11.702734,104,15,187.000000,1410.500
1785217983.629747152,11.702734,104,15,188.640625,1414.500
1785217983.629747152,11.702734,104,12,217.328125,11817.500
1785217983.629747152,11.702734,104,8,218.968750,11779.250
1785217983.629747152,11.702734,104,15,223.921875,10119.750
1785217983.629747152,11.702734,104,15,230.484375,8769.500
1785217983.629747152,11.702734,104,15,232.140625,8556.750
1785217983.629747152,11.702734,104,15,245.296875,7201.750
1785217983.629747152,11.702734,104,15,246.937500,7085.250
1785217983.629747152,11.702734,104,15,248.593750,6935.000
1785217983.629747152,11.702734,104,15,258.453125,6121.000
1785217983.629747152,11.702734,104,15,260.093750,6041.000
1785217983.629747152,11.702734,104,15,261.734375,5986.750
1785217983.629747152,11.702734,104,15,263.390625,5967.000
1785217983.629747152,11.702734,104,10,265.031250,5972.500
1785217983.742539883,11.842607,105,13,355.734375,4310.500
1785217983.742539883,11.842607,105,12,357.390625,4405.750
1785217983.742539883,11.842607,105,9,359.031250,4498.750
1785217983.742539883,11.842607,105,15,4.203125,2551.500
1785217983.742539883,11.842607,105,15,5.859375,2550.750
1785217983.742539883,11.842607,105,15,7.500000,2558.750
1785217983.742539883,11.842607,105,15,9.171875,2571.500
1785217983.742539883,11.842607,105,15,10.781250,2579.500
1785217983.742539883,11.842607,105,15,12.421875,2591.750
1785217983.742539883,11.842607,105,15,14.062500,2604.000
1785217983.742539883,11.842607,105,15,180.546875,1434.000
1785217983.742539883,11.842607,105,15,182.281250,1411.250
1785217983.742539883,11.842607,105,11,183.875000,1407.500
1785217983.742539883,11.842607,105,15,185.578125,1406.750
1785217983.742539883,11.842607,105,15,188.828125,1407.250
1785217983.742539883,11.842607,105,15,217.500000,11856.250
1785217983.742539883,11.842607,105,15,224.109375,10089.500
1785217983.742539883,11.842607,105,10,225.765625,9874.000
1785217983.742539883,11.842607,105,15,230.656250,8794.500
1785217983.742539883,11.842607,105,15,232.312500,8587.000
1785217983.742539883,11.842607,105,15,243.828125,7315.500
1785217983.742539883,11.842607,105,15,245.468750,7206.750
1785217983.742539883,11.842607,105,15,247.109375,7094.000
1785217983.742539883,11.842607,105,15,248.765625,6937.750
1785217983.742539883,11.842607,105,15,258.671875,6177.250
1785217983.742539883,11.842607,105,15,260.312500,6089.250
1785217983.742539883,11.842607,105,15,261.953125,6019.250
1785217983.742539883,11.842607,105,15,263.593750,6004.500
1785217983.853690624,11.920605,106,11,354.218750,4356.500
1785217983.853690624,11.920605,106,13,355.875000,4401.000
1785217983.853690624,11.920605,106,13,357.515625,4473.500
1785217983.853690624,11.920605,106,15,2.703125,2610.500
1785217983.853690624,11.920605,106,15,4.328125,2560.750
1785217983.853690624,11.920605,106,15,5.968750,2549.000
1785217983.853690624,11.920605,106,15,10.921875,2580.250
1785217983.853690624,11.920605,106,15,12.546875,2590.000
1785217983.853690624,11.920605,106,15,14.171875,2605.500
1785217983.853690624,11.920605,106,15,182.328125,1421.250
1785217983.853690624,11.920605,106,15,183.921875,1415.750
1785217983.853690624,11.920605,106,15,185.609375,1410.500
1785217983.853690624,11.920605,106,15,187.250000,1407.250
1785217983.853690624,11.920605,106,15,188.937500,1409.500
1785217983.853690624,11.920605,106,15,190.515625,1421.000
1785217983.853690624,11.920605,106,15,217.593750,11759.000
1785217983.853690624,11.920605,106,15,225.859375,9854.750
1785217983.853690624,11.920605,106,15,230.765625,8792.750
1785217983.853690624,11.920605,106,15,242.296875,7500.500
1785217983.853690624,11.920605,106,15,247.250000,7094.250
1785217983.853690624,11.920605,106,15,248.890625,6935.000
1785217983.853690624,11.920605,106,15,258.796875,6173.250
1785217983.853690624,11.920605,106,15,260.453125,6080.000
1785217983.853690624,11.920605,106,15,262.078125,6036.000
1785217983.967462301,12.060655,107,13,352.656250,4375.000
1785217983.967462301,12.060655,107,12,354.281250,4414.000
1785217983.967462301,12.060655,107,9,355.921875,4472.250
1785217983.967462301,12.060655,107,10,357.562500,4579.250
1785217983.967462301,12.060655,107,15,359.203125,4679.750
1785217983.967462301,12.060655,107,15,2.734375,2641.000
1785217983.967462301,12.060655,107,15,6.046875,2549.750
1785217983.967462301,12.060655,107,15,10.921875,2579.750
1785217983.967462301,12.060655,107,15,12.531250,2585.250
1785217983.967462301,12.060655,107,15,14.218750,2602.500
1785217983.967462301,12.060655,107,15,182.281250,1429.500
1785217983.967462301,12.060655,107,15,185.562500,1409.750
1785217983.967462301,12.060655,107,15,187.265625,1409.750
1785217983.967462301,12.060655,107,15,188.890625,1405.750
1785217983.967462301,12.060655,107,15,190.500000,1403.500
1785217983.967462301,12.060655,107,13,192.125000,1426.500
1785217983.967462301,12.060655,107,8,212.593750,11863.750
1785217983.967462301,12.060655,107,15,215.890625,11828.750
1785217983.967462301,12.060655,107,13,219.171875,11902.500
1785217983.967462301,12.060655,107,9,220.812500,11859.250
1785217983.967462301,12.060655,107,15,225.765625,9940.500
1785217983.967462301,12.060655,107,15,230.718750,8867.000
1785217983.967462301,12.060655,107,15,232.375000,8675.000
1785217983.967462301,12.060655,107,15,247.218750,7128.500
1785217983.967462301,12.060655,107,15,248.843750,6950.250
1785217983.967462301,12.060655,107,15,260.437500,6113.250
1785217983.967462301,12.060655,107,15,262.062500,6062.750
1785217983.967462301,12.060655,107,15,263.718750,5987.500
1785217983.967462301,12.060655,107,15,265.359375,5982.750
1785217984.079596519,12.138521,108,15,354.296875,4405.000
1785217984.079596519,12.138521,108,7,357.578125,4481.250
1785217984.079596519,12.138521,108,15,359.218750,4613.750
1785217984.079596519,12.138521,108,15,2.781250,2630.000
1785217984.079596519,12.138521,108,15,4.437500,2580.250
1785217984.079596519,12.138521,108,15,6.062500,2550.000
1785217984.079596519,12.138521,108,15,10.953125,2580.250
1785217984.079596519,12.138521,108,15,12.562500,2586.000
1785217984.079596519,12.138521,108,15,14.203125,2602.500
1785217984.079596519,12.138521,108,15,182.296875,1433.000
1785217984.079596519,12.138521,108,15,183.937500,1417.250
1785217984.079596519,12.138521,108,15,185.593750,1411.250
1785217984.079596519,12.138521,108,15,187.296875,1408.000
1785217984.079596519,12.138521,108,15,188.875000,1404.250
1785217984.079596519,12.138521,108,9,190.546875,1408.500
1785217984.079596519,12.138521,108,15,192.187500,1425.750
1785217984.079596519,12.138521,108,12,227.421875,9700.250
1785217984.079596519,12.138521,108,15,230.718750,8976.750
1785217984.079596519,12.138521,108,15,232.375000,8723.000
1785217984.079596519,12.138521,108,15,234.015625,8527.000
1785217984.079596519,12.138521,108,15,247.187500,7129.250
1785217984.079596519,12.138521,108,15,260.375000,6192.500
1785217984.079596519,12.138521,108,15,262.015625,6111.500
1785217984.079596519,12.138521,108,15,263.656250,6034.500
1785217984.079596519,12.138521,108,15,265.312500,5992.500
1785217984.079596519,12.138521,108,11,266.937500,6011.250
1785217984.190356255,12.295564,109,10,354.390625,4400.750
1785217984.190356255,12.295564,109,10,356.031250,4463.500
1785217984.190356255,12.295564,109,9,357.656250,4580.750
1785217984.190356255,12.295564,109,15,359.312500,4685.000
1785217984.190356255,12.295564,109,15,2.843750,2635.250
1785217984.190356255,12.295564,109,15,4.515625,2584.000
1785217984.190356255,12.295564,109,15,6.171875,2554.750
1785217984.190356255,12.295564,109,15,10.984375,2579.750
1785217984.190356255,12.295564,109,15,12.656250,2585.500
1785217984.190356255,12.295564,109,15,14.296875,2601.500
1785217984.190356255,12.295564,109,15,183.890625,1424.250
1785217984.190356255,12.295564,109,15,185.625000,1411.250
1785217984.190356255,12.295564,109,15,187.218750,1409.750
1785217984.190356255,12.295564,109,15,188.875000,1405.000
1785217984.190356255,12.295564,109,15,190.515625,1407.750
1785217984.190356255,12.295564,109,15,192.187500,1414.250
1785217984.190356255,12.295564,109,12,227.406250,9715.750
1785217984.190356255,12.295564,109,15,232.359375,8722.000
1785217984.190356255,12.295564,109,15,234.015625,8527.000
1785217984.190356255,12.295564,109,15,248.843750,7122.250
1785217984.190356255,12.295564,109,15,250.484375,6961.250
1785217984.190356255,12.295564,109,15,252.125000,6823.750
1785217984.190356255,12.295564,109,15,260.359375,6198.250
1785217984.190356255,12.295564,109,15,262.000000,6112.000
1785217984.190356255,12.295564,109,15,263.640625,6038.000
1785217984.190356255,12.295564,109,15,265.296875,5992.250
1785217984.190356255,12.295564,109,13,266.921875,6009.000
1785217984.302221537,12.357871,110,9,354.406250,4397.250
1785217984.302221537,12.357871,110,8,356.046875,4443.500
1785217984.302221537,12.357871,110,15,359.343750,4674.750
1785217984.302221537,12.357871,110,15,2.875000,2651.250
1785217984.302221537,12.357871,110,15,6.171875,2554.000
1785217984.302221537,12.357871,110,15,11.031250,2580.250
1785217984.302221537,12.357871,110,15,12.671875,2584.750
1785217984.302221537,12.357871,110,15,14.281250,2599.250
1785217984.302221537,12.357871,110,15,183.968750,1431.000
1785217984.302221537,12.357871,110,15,185.609375,1413.000
1785217984.302221537,12.357871,110,15,187.218750,1409.500
1785217984.302221537,12.357871,110,15,188.921875,1398.750
1785217984.302221537,12.357871,110,15,190.593750,1403.000
1785217984.302221537,12.357871,110,15,192.187500,1421.000
1785217984.302221537,12.357871,110,15,193.796875,1434.000
1785217984.302221537,12.357871,110,9,222.562500,11591.250
1785217984.302221537,12.357871,110,13,227.453125,9854.250
1785217984.302221537,12.357871,110,15,232.390625,8791.500
1785217984.302221537,12.357871,110,15,248.859375,7148.750
1785217984.302221537,12.357871,110,15,250.468750,7005.750
1785217984.302221537,12.357871,110,15,258.703125,6299.500
1785217984.302221537,12.357871,110,15,260.328125,6203.250
1785217984.302221537,12.357871,110,15,261.984375,6121.000
1785217984.302221537,12.357871,110,15,263.625000,6041.500
1785217984.302221537,12.357871,110,15,265.265625,6019.000
1785217984.302221537,12.357871,110,15,266.906250,5998.750
1785217984.412501097,12.512856,111,10,352.718750,4384.500
1785217984.412501097,12.512856,111,10,354.375000,4418.500
1785217984.412501097,12.512856,111,15,359.281250,4711.000
1785217984.412501097,12.512856,111,15,2.843750,2610.750
1785217984.412501097,12.512856,111,15,4.500000,2565.000
1785217984.412501097,12.512856,111,15,6.125000,2565.000
1785217984.412501097,12.512856,111,15,11.000000,2580.000
1785217984.412501097,12.512856,111,15,12.640625,2584.500
1785217984.412501097,12.512856,111,15,14.281250,2599.000
1785217984.412501097,12.512856,111,15,187.203125,1418.750
1785217984.412501097,12.512856,111,15,188.875000,1408.250
1785217984.412501097,12.512856,111,15,190.515625,1404.000
1785217984.412501097,12.512856,111,15,192.125000,1418.000
1785217984.412501097,12.512856,111,15,193.828125,1422.500
1785217984.412501097,12.512856,111,14,227.390625,9933.750
1785217984.412501097,12.512856,111,15,250.437500,7097.750
1785217984.412501097,12.512856,111,15,261.953125,6155.250
1785217984.412501097,12.512856,111,15,263.593750,6084.000
1785217984.412501097,12.512856,111,15,265.250000,6060.000
1785217984.412501097,12.512856,111,15,266.875000,6002.750
1785217984.412501097,12.512856,111,8,319.750000,3902.250
1785217984.527540922,12.590983,112,11,352.656250,4425.750
1785217984.527540922,12.590983,112,7,354.296875,4496.500
1785217984.527540922,12.590983,112,9,355.953125,4598.000
1785217984.527540922,12.590983,112,11,357.578125,4676.750
1785217984.527540922,12.590983,112,15,359.234375,4734.750
1785217984.527540922,12.590983,112,15,4.453125,2564.250
1785217984.527540922,12.590983,112,15,6.078125,2564.250
1785217984.527540922,12.590983,112,15,9.390625,2573.250
1785217984.527540922,12.590983,112,15,11.000000,2579.000
1785217984.527540922,12.590983,112,15,12.656250,2585.000
1785217984.527540922,12.590983,112,15,14.328125,2599.500
1785217984.527540922,12.590983,112,15,185.718750,1434.750
1785217984.527540922,12.590983,112,15,187.343750,1409.500
1785217984.527540922,12.590983,112,15,189.000000,1401.250
1785217984.527540922,12.590983,112,15,190.625000,1403.250
1785217984.527540922,12.590983,112,15,192.234375,1408.500
1785217984.527540922,12.590983,112,15,193.906250,1421.000
1785217984.527540922,12.590983,112,15,195.562500,1442.000
1785217984.527540922,12.590983,112,12,220.953125,11924.500
1785217984.527540922,12.590983,112,11,229.156250,9704.250
1785217984.527540922,12.590983,112,15,243.984375,7615.750
1785217984.527540922,12.590983,112,12,245.625000,7547.500
1785217984.527540922,12.590983,112,15,248.890625,7173.250
1785217984.527540922,12.590983,112,15,250.593750,7060.500
1785217984.527540922,12.590983,112,15,252.234375,6953.750
1785217984.527540922,12.590983,112,15,262.109375,6218.250
1785217984.527540922,12.590983,112,15,263.765625,6128.750
1785217984.527540922,12.590983,112,15,265.406250,6087.750
1785217984.639193535,12.748282,113,15,352.812500,4418.500
1785217984.639193535,12.748282,113,12,354.437500,4493.500
1785217984.639193535,12.748282,113,10,356.093750,4601.000
1785217984.639193535,12.748282,113,15,357.734375,4691.000
1785217984.639193535,12.748282,113,15,359.390625,4738.000
1785217984.639193535,12.748282,113,15,2.906250,2691.000
1785217984.639193535,12.748282,113,15,6.218750,2556.250
1785217984.639193535,12.748282,113,15,11.140625,2577.750
1785217984.639193535,12.748282,113,15,12.796875,2590.000
1785217984.639193535,12.748282,113,15,14.468750,2612.250
1785217984.639193535,12.748282,113,15,187.625000,1408.000
1785217984.639193535,12.748282,113,15,189.312500,1409.000
1785217984.639193535,12.748282,113,15,190.906250,1410.750
1785217984.639193535,12.748282,113,15,192.562500,1411.500
1785217984.639193535,12.748282,113,15,194.171875,1415.250
1785217984.639193535,12.748282,113,15,195.859375,1425.750
1785217984.639193535,12.748282,113,8,221.187500,11772.750
1785217984.639193535,12.748282,113,15,229.406250,9700.250
1785217984.639193535,12.748282,113,15,245.875000,7483.500
1785217984.639193535,12.748282,113,15,247.515625,7310.750
1785217984.639193535,12.748282,113,15,249.171875,7213.000
1785217984.639193535,12.748282,113,15,252.500000,6890.250
1785217984.639193535,12.748282,113,15,262.390625,6224.000
1785217984.639193535,12.748282,113,15,264.031250,6148.500
1785217984.639193535,12.748282,113,15,265.671875,6090.000
1785217984.750513315,12.826857,114,12,353.125000,4427.750
1785217984.750513315,12.826857,114,15,358.078125,4704.250
1785217984.750513315,12.826857,114,15,359.734375,4768.250
1785217984.750513315,12.826857,114,15,6.578125,2542.750
1785217984.750513315,12.826857,114,15,11.421875,2577.000
1785217984.750513315,12.826857,114,15,13.078125,2588.250
1785217984.750513315,12.826857,114,15,14.718750,2609.000
1785217984.750513315,12.826857,114,15,186.296875,1440.250
1785217984.750513315,12.826857,114,15,187.921875,1417.250
1785217984.750513315,12.826857,114,15,189.578125,1412.250
1785217984.750513315,12.826857,114,15,191.218750,1398.000
1785217984.750513315,12.826857,114,15,192.859375,1397.250
1785217984.750513315,12.826857,114,9,194.468750,1416.000
1785217984.750513315,12.826857,114,15,196.156250,1420.000
1785217984.750513315,12.826857,114,14,228.078125,9990.500
1785217984.750513315,12.826857,114,15,239.828125,3660.250
1785217984.750513315,12.826857,114,15,247.859375,7285.250
1785217984.750513315,12.826857,114,15,249.500000,7205.000
1785217984.750513315,12.826857,114,15,252.828125,6917.250
1785217984.750513315,12.826857,114,15,262.703125,6242.250
1785217984.750513315,12.826857,114,15,264.343750,6159.500
1785217984.750513315,12.826857,114,15,266.000000,6118.000
1785217984.861406565,12.982529,115,15,356.687500,4700.750
1785217984.861406565,12.982529,115,11,358.328125,4734.750
1785217984.861406565,12.982529,115,15,359.968750,4799.750
1785217984.861406565,12.982529,115,8,3.531250,2591.500
1785217984.861406565,12.982529,115,15,5.187500,2570.750
1785217984.861406565,12.982529,115,15,6.828125,2551.000
1785217984.861406565,12.982529,115,15,8.468750,2566.250
1785217984.861406565,12.982529,115,15,10.125000,2578.750
1785217984.861406565,12.982529,115,15,11.687500,2585.000
1785217984.861406565,12.982529,115,15,13.375000,2588.500
1785217984.861406565,12.982529,115,15,189.812500,1423.750
1785217984.861406565,12.982529,115,15,191.406250,1406.250
1785217984.861406565,12.982529,115,15,193.046875,1409.500
1785217984.861406565,12.982529,115,11,194.656250,1416.000
1785217984.861406565,12.982529,115,15,196.343750,1418.750
1785217984.861406565,12.982529,115,15,229.906250,9789.250
1785217984.861406565,12.982529,115,15,248.031250,7344.000
1785217984.861406565,12.982529,115,15,249.687500,7232.750
1785217984.861406565,12.982529,115,15,262.859375,6264.750
1785217984.861406565,12.982529,115,15,264.500000,6179.250
1785217984.861406565,12.982529,115,15,266.140625,6137.500
1785217984.861406565,12.982529,115,15,267.781250,6103.250
1785217984.973454237,13.062440,116,8,351.812500,4429.250
1785217984.973454237,13.062440,116,12,355.078125,4675.500
1785217984.973454237,13.062440,116,15,356.718750,4705.250
1785217984.973454237,13.062440,116,11,358.375000,4740.000
1785217984.973454237,13.062440,116,13,0.031250,4807.500
1785217984.973454237,13.062440,116,15,5.250000,2571.500
1785217984.973454237,13.062440,116,15,6.859375,2554.750
1785217984.973454237,13.062440,116,15,8.484375,2568.500
1785217984.973454237,13.062440,116,15,10.171875,2578.000
1785217984.973454237,13.062440,116,15,11.750000,2582.250
1785217984.973454237,13.062440,116,15,13.406250,2586.750
1785217984.973454237,13.062440,116,15,189.703125,1408.500
1785217984.973454237,13.062440,116,15,191.375000,1406.250
1785217984.973454237,13.062440,116,9,192.968750,1411.750
1785217984.973454237,13.062440,116,15,194.578125,1415.750
1785217984.973454237,13.062440,116,15,196.312500,1414.750
1785217984.973454237,13.062440,116,15,197.937500,1422.000
1785217984.973454237,13.062440,116,11,229.906250,9785.250
1785217984.973454237,13.062440,116,10,244.734375,7705.750
1785217984.973454237,13.062440,116,15,246.390625,7530.750
1785217984.973454237,13.062440,116,15,262.781250,6326.500
1785217984.973454237,13.062440,116,15,264.421875,6234.750
1785217984.973454237,13.062440,116,15,266.078125,6140.750
1785217985.087990761,13.141389,117,12,353.328125,4436.000
1785217985.087990761,13.141389,117,8,354.968750,4497.000
1785217985.087990761,13.141389,117,14,356.609375,4595.000
1785217985.087990761,13.141389,117,14,358.250000,4691.000
1785217985.087990761,13.141389,117,15,359.890625,4742.750
1785217985.087990761,13.141389,117,15,6.734375,2557.500
1785217985.087990761,13.141389,117,15,11.625000,2580.250
1785217985.087990761,13.141389,117,15,13.281250,2585.000
1785217985.087990761,13.141389,117,15,14.906250,2596.250
1785217985.087990761,13.141389,117,15,189.453125,1428.250
1785217985.087990761,13.141389,117,15,191.140625,1406.750
1785217985.087990761,13.141389,117,15,192.828125,1402.500
1785217985.087990761,13.141389,117,15,194.437500,1412.250
1785217985.087990761,13.141389,117,15,197.718750,1417.500
1785217985.087990761,13.141389,117,9,216.562500,11911.500
1785217985.087990761,13.141389,117,15,221.515625,11851.250
1785217985.087990761,13.141389,117,8,224.796875,11614.500
1785217985.087990761,13.141389,117,15,244.515625,7750.250
1785217985.087990761,13.141389,117,11,246.171875,7621.750
1785217985.087990761,13.141389,117,15,251.093750,7195.250
1785217985.087990761,13.141389,117,15,252.734375,7115.500
1785217985.087990761,13.141389,117,15,262.625000,6377.500
1785217985.087990761,13.141389,117,15,264.265625,6294.250
1785217985.087990761,13.141389,117,15,265.906250,6175.750
1785217985.087990761,13.141389,117,13,267.546875,6127.500
1785217985.199400187,13.297528,118,15,356.437500,4690.250
1785217985.199400187,13.297528,118,14,358.078125,4726.250
1785217985.199400187,13.297528,118,15,359.718750,4774.750
1785217985.199400187,13.297528,118,15,6.546875,2545.750
1785217985.199400187,13.297528,118,15,11.468750,2575.500
1785217985.199400187,13.297528,118,15,13.078125,2586.000
1785217985.199400187,13.297528,118,15,14.734375,2607.250
1785217985.199400187,13.297528,118,15,192.531250,1411.250
1785217985.199400187,13.297528,118,15,194.234375,1401.750
1785217985.199400187,13.297528,118,15,195.843750,1398.000
1785217985.199400187,13.297528,118,15,197.421875,1414.750
1785217985.199400187,13.297528,118,15,199.140625,1423.500
1785217985.199400187,13.297528,118,10,222.875000,11715.500
1785217985.199400187,13.297528,118,13,231.109375,9717.750
1785217985.199400187,13.297528,118,15,245.921875,7680.000
1785217985.199400187,13.297528,118,15,247.562500,7515.000
1785217985.199400187,13.297528,118,15,249.234375,7346.000
1785217985.199400187,13.297528,118,15,250.843750,7245.500
1785217985.199400187,13.297528,118,15,254.140625,6913.750
1785217985.199400187,13.297528,118,15,264.015625,6289.750
1785217985.311252117,13.375673,119,8,351.343750,4424.500
1785217985.311252117,13.375673,119,10,354.609375,4692.000
1785217985.311252117,13.375673,119,12,356.250000,4712.250
1785217985.311252117,13.375673,119,13,357.906250,4753.000
1785217985.311252117,13.375673,119,15,359.531250,4816.500
1785217985.311252117,13.375673,119,15,3.031250,2705.750
1785217985.311252117,13.375673,119,15,6.375000,2560.500
1785217985.311252117,13.375673,119,15,9.640625,2568.000
1785217985.311252117,13.375673,119,15,11.312500,2579.750
1785217985.311252117,13.375673,119,15,12.937500,2589.750
1785217985.311252117,13.375673,119,15,14.593750,2601.500
1785217985.311252117,13.375673,119,15,194.078125,1412.750
1785217985.311252117,13.375673,119,14,195.687500,1407.500
1785217985.311252117,13.375673,119,15,197.296875,1403.000
1785217985.311252117,13.375673,119,13,198.984375,1421.250
1785217985.311252117,13.375673,119,15,200.578125,1444.750
1785217985.311252117,13.375673,119,13,229.218750,10115.500
1785217985.311252117,13.375673,119,15,230.859375,9870.750
1785217985.311252117,13.375673,119,15,245.656250,7737.500
1785217985.311252117,13.375673,119,10,262.171875,6230.500
1785217985.311252117,13.375673,119,8,349.500000,4430.000
1785217985.421903372,13.533665,120,11,354.437500,4732.500
1785217985.421903372,13.533665,120,12,356.062500,4768.250
1785217985.421903372,13.533665,120,15,357.718750,4821.250
1785217985.421903372,13.533665,120,9,359.359375,4874.750
1785217985.421903372,13.533665,120,15,4.562500,2568.500
1785217985.421903372,13.533665,120,15,6.203125,2564.750
1785217985.421903372,13.533665,120,15,9.484375,2563.750
1785217985.421903372,13.533665,120,15,11.093750,2567.000
1785217985.421903372,13.533665,120,15,12.750000,2578.250
1785217985.421903372,13.533665,120,15,14.390625,2598.500
1785217985.421903372,13.533665,120,15,195.468750,1411.500
1785217985.421903372,13.533665,120,15,197.109375,1416.250
1785217985.421903372,13.533665,120,15,198.750000,1420.000
1785217985.421903372,13.533665,120,11,200.375000,1426.750
1785217985.421903372,13.533665,120,11,230.671875,9998.500
1785217985.421903372,13.533665,120,15,247.125000,7589.750
1785217985.421903372,13.533665,120,15,252.078125,7217.750
1785217985.421903372,13.533665,120,15,253.718750,7138.000
1785217985.421903372,13.533665,120,12,261.968750,6373.250
1785217985.421903372,13.533665,120,10,263.609375,6238.750
1785217985.421903372,13.533665,120,7,349.328125,4444.750
1785217985.535622835,13.610890,121,12,352.593750,4722.500
1785217985.535622835,13.610890,121,10,354.234375,4760.000
1785217985.535622835,13.610890,121,12,355.906250,4815.000
1785217985.535622835,13.610890,121,13,357.546875,4871.750
1785217985.535622835,13.610890,121,9,359.171875,4960.500
1785217985.535622835,13.610890,121,15,4.406250,2562.500
1785217985.535622835,13.610890,121,15,6.062500,2559.750
1785217985.535622835,13.610890,121,15,9.343750,2570.000
1785217985.535622835,13.610890,121,15,10.984375,2576.250
1785217985.535622835,13.610890,121,15,12.578125,2582.750
1785217985.535622835,13.610890,121,15,14.250000,2596.500
1785217985.535622835,13.610890,121,15,193.640625,1412.250
1785217985.535622835,13.610890,121,15,195.312500,1417.000
1785217985.535622835,13.610890,121,15,197.000000,1414.000
1785217985.535622835,13.610890,121,15,198.609375,1414.000
1785217985.535622835,13.610890,121,15,200.265625,1428.000
1785217985.535622835,13.610890,121,15,201.890625,1444.750
1785217985.535622835,13.610890,121,9,223.984375,11789.750
1785217985.535622835,13.610890,121,9,232.250000,9709.250
1785217985.535622835,13.610890,121,15,247.078125,7702.000
1785217985.535622835,13.610890,121,15,248.734375,7576.500
1785217985.535622835,13.610890,121,15,250.406250,7402.500
1785217985.535622835,13.610890,121,15,252.062500,7248.250
1785217985.535622835,13.610890,121,15,253.687500,7140.250
1785217985.535622835,13.610890,121,15,255.359375,7032.750
1785217985.535622835,13.610890,121,14,261.937500,6378.500
1785217985.535622835,13.610890,121,7,263.593750,6276.750
1785217985.535622835,13.610890,121,7,349.281250,4478.000
1785217985.647109270,13.767131,122,12,352.562500,4724.250
1785217985.647109270,13.767131,122,11,354.203125,4762.000
1785217985.647109270,13.767131,122,11,355.859375,4827.250
1785217985.647109270,13.767131,122,9,357.515625,4915.000
1785217985.647109270,13.767131,122,9,359.140625,4996.000
1785217985.647109270,13.767131,122,8,0.796875,5067.750
1785217985.647109270,13.767131,122,15,4.390625,2565.500
1785217985.647109270,13.767131,122,15,6.015625,2555.500
1785217985.647109270,13.767131,122,15,9.343750,2562.500
1785217985.647109270,13.767131,122,15,10.937500,2574.250
1785217985.647109270,13.767131,122,15,12.562500,2581.500
1785217985.647109270,13.767131,122,15,14.234375,2594.250
1785217985.647109270,13.767131,122,15,195.437500,1414.750
1785217985.647109270,13.767131,122,15,197.093750,1420.000
1785217985.647109270,13.767131,122,15,198.718750,1419.250
1785217985.647109270,13.767131,122,15,200.296875,1423.250
1785217985.647109270,13.767131,122,15,201.953125,1439.250
1785217985.647109270,13.767131,122,14,232.375000,9833.750
1785217985.647109270,13.767131,122,15,242.281250,8187.750
1785217985.647109270,13.767131,122,15,245.578125,7829.250
1785217985.647109270,13.767131,122,15,247.234375,7732.250
1785217985.647109270,13.767131,122,15,248.875000,7578.250
1785217985.647109270,13.767131,122,15,250.515625,7425.750
1785217985.647109270,13.767131,122,15,252.171875,7291.500
1785217985.647109270,13.767131,122,15,263.671875,6391.000
1785217985.647109270,13.767131,122,9,265.343750,6324.500
1785217985.758746862,13.843837,123,12,352.640625,4730.000
1785217985.758746862,13.843837,123,13,354.296875,4769.000
1785217985.758746862,13.843837,123,15,355.937500,4847.250
1785217985.758746862,13.843837,123,15,357.578125,4952.750
1785217985.758746862,13.843837,123,14,359.218750,5038.250
1785217985.758746862,13.843837,123,9,0.859375,5086.750
1785217985.758746862,13.843837,123,10,4.421875,2567.250
1785217985.758746862,13.843837,123,15,6.109375,2561.500
1785217985.758746862,13.843837,123,15,9.406250,2565.750
1785217985.758746862,13.843837,123,15,10.968750,2571.250
1785217985.758746862,13.843837,123,15,12.609375,2578.250
1785217985.758746862,13.843837,123,15,14.281250,2590.250
1785217985.758746862,13.843837,123,13,193.875000,1424.500
1785217985.758746862,13.843837,123,15,195.531250,1415.750
1785217985.758746862,13.843837,123,15,197.156250,1416.500
1785217985.758746862,13.843837,123,15,198.859375,1411.500
1785217985.758746862,13.843837,123,15,200.421875,1415.750
1785217985.758746862,13.843837,123,14,202.062500,1428.750
1785217985.758746862,13.843837,123,15,203.687500,1453.000
1785217985.758746862,13.843837,123,11,230.781250,10019.250
1785217985.758746862,13.843837,123,12,232.437500,9821.500
1785217985.758746862,13.843837,123,15,240.671875,8472.250
1785217985.758746862,13.843837,123,11,247.265625,7764.750
1785217985.758746862,13.843837,123,9,248.906250,7614.250
1785217985.758746862,13.843837,123,15,255.484375,7102.750
1785217985.870302677,13.997157,124,9,352.765625,4768.250
1785217985.870302677,13.997157,124,11,354.421875,4827.500
1785217985.870302677,13.997157,124,13,356.062500,4881.250
1785217985.870302677,13.997157,124,12,357.703125,4984.250
1785217985.870302677,13.997157,124,11,359.343750,5065.250
1785217985.870302677,13.997157,124,15,6.234375,2568.250
1785217985.870302677,13.997157,124,15,7.875000,2563.750
1785217985.870302677,13.997157,124,15,9.500000,2564.500
1785217985.870302677,13.997157,124,15,11.093750,2566.750
1785217985.870302677,13.997157,124,15,12.703125,2576.250
1785217985.870302677,13.997157,124,15,14.375000,2586.500
1785217985.870302677,13.997157,124,15,192.437500,1471.750
1785217985.870302677,13.997157,124,12,194.078125,1442.000
1785217985.870302677,13.997157,124,15,195.750000,1414.750
1785217985.870302677,13.997157,124,15,197.390625,1411.000
1785217985.870302677,13.997157,124,15,199.093750,1422.750
1785217985.870302677,13.997157,124,15,200.703125,1429.000
1785217985.870302677,13.997157,124,15,202.375000,1434.250
1785217985.870302677,13.997157,124,15,204.015625,1446.500
1785217985.870302677,13.997157,124,12,232.687500,9824.250
1785217985.870302677,13.997157,124,15,247.500000,7772.000
1785217985.870302677,13.997157,124,15,249.140625,7614.000
1785217985.870302677,13.997157,124,15,255.718750,7090.000
1785217985.982137680,14.060893,125,13,353.000000,4798.250
1785217985.982137680,14.060893,125,10,354.640625,4861.750
1785217985.982137680,14.060893,125,12,356.265625,4945.750
1785217985.982137680,14.060893,125,10,357.921875,5036.000
1785217985.982137680,14.060893,125,12,359.578125,5082.500
1785217985.982137680,14.060893,125,15,3.125000,2684.500
1785217985.982137680,14.060893,125,15,6.453125,2554.750
1785217985.982137680,14.060893,125,15,9.750000,2562.250
1785217985.982137680,14.060893,125,15,11.375000,2563.000
1785217985.982137680,14.060893,125,15,13.000000,2564.000
1785217985.982137680,14.060893,125,15,14.640625,2590.500
1785217985.982137680,14.060893,125,15,195.953125,1421.000
1785217985.982137680,14.060893,125,15,197.593750,1422.750
1785217985.982137680,14.060893,125,15,199.250000,1422.250
1785217985.982137680,14.060893,125,15,200.875000,1421.250
1785217985.982137680,14.060893,125,15,202.515625,1430.000
1785217985.982137680,14.060893,125,15,204.062500,1446.750
1785217985.982137680,14.060893,125,10,232.781250,9870.250
1785217985.982137680,14.060893,125,15,239.359375,8597.500
1785217985.982137680,14.060893,125,11,241.000000,8515.750
1785217985.982137680,14.060893,125,15,247.578125,7773.250
1785217985.982137680,14.060893,125,15,249.234375,7630.250
1785217985.982137680,14.060893,125,9,252.500000,7521.500
1785217986.096088648,14.218128,126,14,351.296875,4746.000
1785217986.096088648,14.218128,126,10,352.921875,4795.750
1785217986.096088648,14.218128,126,11,357.859375,5054.500
1785217986.096088648,14.218128,126,12,359.515625,5088.500
1785217986.096088648,14.218128,126,6,4.750000,2585.250
1785217986.096088648,14.218128,126,15,6.375000,2557.500
1785217986.096088648,14.218128,126,15,9.687500,2564.250
1785217986.096088648,14.218128,126,15,11.328125,2561.250
1785217986.096088648,14.218128,126,15,12.953125,2564.000
1785217986.096088648,14.218128,126,15,14.578125,2590.250
1785217986.096088648,14.218128,126,15,195.906250,1431.000
1785217986.096088648,14.218128,126,15,197.562500,1423.000
1785217986.096088648,14.218128,126,15,199.203125,1421.750
1785217986.096088648,14.218128,126,15,200.812500,1420.750
1785217986.096088648,14.218128,126,15,202.484375,1425.250
1785217986.096088648,14.218128,126,11,204.078125,1435.000
1785217986.096088648,14.218128,126,15,205.734375,1457.250
1785217986.096088648,14.218128,126,13,224.593750,11854.250
1785217986.096088648,14.218128,126,8,234.406250,9684.000
1785217986.096088648,14.218128,126,15,241.000000,8553.750
1785217986.096088648,14.218128,126,15,249.203125,7688.000
1785217986.096088648,14.218128,126,15,250.890625,7557.750
1785217986.096088648,14.218128,126,15,252.531250,7431.750
1785217986.096088648,14.218128,126,15,254.171875,7275.500
1785217986.096088648,14.218128,126,7,347.937500,4702.250
1785217986.208594084,14.296232,127,13,351.218750,4768.500
1785217986.208594084,14.296232,127,9,352.875000,4855.750
1785217986.208594084,14.296232,127,12,354.515625,4949.000
1785217986.208594084,14.296232,127,11,356.140625,5020.000
1785217986.208594084,14.296232,127,15,357.781250,5081.750
1785217986.208594084,14.296232,127,14,359.437500,5133.500
1785217986.208594084,14.296232,127,7,4.640625,2573.250
1785217986.208594084,14.296232,127,15,6.312500,2559.000
1785217986.208594084,14.296232,127,15,9.578125,2561.500
1785217986.208594084,14.296232,127,15,11.187500,2569.250
1785217986.208594084,14.296232,127,15,12.812500,2575.500
1785217986.208594084,14.296232,127,15,14.468750,2585.750
1785217986.208594084,14.296232,127,15,197.234375,1420.750
1785217986.208594084,14.296232,127,15,198.890625,1417.000
1785217986.208594084,14.296232,127,15,200.531250,1425.000
1785217986.208594084,14.296232,127,15,202.218750,1428.000
1785217986.208594084,14.296232,127,15,203.781250,1429.750
1785217986.208594084,14.296232,127,10,205.406250,1440.000
1785217986.208594084,14.296232,127,11,234.125000,9770.500
1785217986.208594084,14.296232,127,15,244.015625,8185.250
1785217986.208594084,14.296232,127,14,248.921875,7752.500
1785217986.208594084,14.296232,127,15,250.625000,7632.250
1785217986.208594084,14.296232,127,15,252.281250,7485.250
1785217986.208594084,14.296232,127,15,253.921875,7332.000
1785217986.319063902,14.437745,128,11,352.687500,4765.500
1785217986.319063902,14.437745,128,11,354.328125,4821.750
1785217986.319063902,14.437745,128,12,355.984375,4877.000
1785217986.319063902,14.437745,128,13,357.593750,4960.500
1785217986.319063902,14.437745,128,11,359.250000,5041.000
1785217986.319063902,14.437745,128,12,0.906250,5086.500
1785217986.319063902,14.437745,128,15,4.484375,2571.000
1785217986.319063902,14.437745,128,15,6.109375,2561.000
1785217986.319063902,14.437745,128,15,9.406250,2562.500
1785217986.319063902,14.437745,128,15,10.984375,2567.500
1785217986.319063902,14.437745,128,15,12.625000,2575.000
1785217986.319063902,14.437745,128,15,14.250000,2588.250
1785217986.319063902,14.437745,128,9,171.453125,11902.500
1785217986.319063902,14.437745,128,15,191.171875,9687.250
1785217986.319063902,14.437745,128,15,195.265625,1475.250
1785217986.319063902,14.437745,128,15,196.921875,1442.500
1785217986.319063902,14.437745,128,15,198.625000,1419.500
1785217986.319063902,14.437745,128,15,200.234375,1416.000
1785217986.319063902,14.437745,128,14,201.859375,1423.250
1785217986.319063902,14.437745,128,15,203.515625,1435.500
1785217986.319063902,14.437745,128,15,205.140625,1441.250
1785217986.319063902,14.437745,128,15,206.750000,1454.250
1785217986.319063902,14.437745,128,14,232.250000,10154.750
1785217986.319063902,14.437745,128,15,233.890625,9912.500
1785217986.319063902,14.437745,128,15,240.484375,8658.000
1785217986.319063902,14.437745,128,13,242.140625,8538.250
1785217986.319063902,14.437745,128,15,250.375000,7669.000
1785217986.319063902,14.437745,128,14,256.968750,7130.250
1785217986.430893421,14.515797,129,11,354.093750,4758.750
1785217986.430893421,14.515797,129,10,355.734375,4798.000
1785217986.430893421,14.515797,129,13,357.375000,4852.750
1785217986.430893421,14.515797,129,13,359.031250,4932.500
1785217986.430893421,14.515797,129,12,0.656250,5022.500
1785217986.430893421,14.515797,129,10,4.250000,2572.250
1785217986.430893421,14.515797,129,15,5.875000,2554.250
1785217986.430893421,14.515797,129,15,7.546875,2549.500
1785217986.430893421,14.515797,129,15,9.187500,2559.500
1785217986.430893421,14.515797,129,15,10.734375,2577.250
1785217986.430893421,14.515797,129,15,12.390625,2579.250
1785217986.430893421,14.515797,129,15,14.015625,2572.750
1785217986.430893421,14.515797,129,15,198.437500,1435.750
1785217986.430893421,14.515797,129,15,200.078125,1426.750
1785217986.430893421,14.515797,129,15,201.765625,1423.000
1785217986.430893421,14.515797,129,15,203.312500,1431.500
1785217986.430893421,14.515797,129,15,204.953125,1445.250
1785217986.430893421,14.515797,129,15,206.593750,1457.000
1785217986.430893421,14.515797,129,15,233.703125,9964.750
1785217986.430893421,14.515797,129,8,235.359375,9744.750
1785217986.430893421,14.515797,129,15,250.203125,7747.000
1785217986.430893421,14.515797,129,15,251.843750,7556.250
1785217986.430893421,14.515797,129,15,253.500000,7392.750
1785217986.430893421,14.515797,129,15,255.140625,7279.000
1785217986.545332432,14.658797,130,12,352.421875,4720.750
1785217986.545332432,14.658797,130,12,354.078125,4758.750
1785217986.545332432,14.658797,130,9,355.703125,4825.000
1785217986.545332432,14.658797,130,13,357.343750,4885.750
1785217986.545332432,14.658797,130,14,359.000000,4976.000
1785217986.545332432,14.658797,130,12,0.640625,5061.000
1785217986.545332432,14.658797,130,15,4.187500,2574.000
1785217986.545332432,14.658797,130,15,5.859375,2554.250
1785217986.545332432,14.658797,130,15,7.484375,2549.000
1785217986.545332432,14.658797,130,15,9.156250,2559.250
1785217986.545332432,14.658797,130,15,10.718750,2555.750
1785217986.545332432,14.658797,130,15,12.375000,2557.500
1785217986.545332432,14.658797,130,15,13.984375,2572.000
1785217986.545332432,14.658797,130,15,198.437500,1454.250
1785217986.545332432,14.658797,130,15,200.046875,1429.500
1785217986.545332432,14.658797,130,15,201.703125,1421.750
1785217986.545332432,14.658797,130,15,203.390625,1431.250
1785217986.545332432,14.658797,130,15,204.953125,1441.250
1785217986.545332432,14.658797,130,15,206.656250,1453.000
1785217986.545332432,14.658797,130,15,208.234375,1468.500
1785217986.545332432,14.658797,130,11,233.718750,9972.250
1785217986.545332432,14.658797,130,10,235.359375,9743.500
1785217986.545332432,14.658797,130,15,238.671875,9019.000
1785217986.545332432,14.658797,130,9,240.312500,8772.750
1785217986.545332432,14.658797,130,15,241.953125,8600.000
1785217986.545332432,14.658797,130,15,243.625000,8429.500
1785217986.545332432,14.658797,130,15,245.250000,8219.750
1785217986.545332432,14.658797,130,15,246.906250,8058.000
1785217986.545332432,14.658797,130,15,248.546875,7914.500
1785217986.545332432,14.658797,130,13,250.203125,7746.250
1785217986.545332432,14.658797,130,15,251.828125,7597.500
1785217986.545332432,14.658797,130,15,253.468750,7442.250
1785217986.545332432,14.658797,130,15,255.109375,7285.500
1785217986.545332432,14.658797,130,15,256.765625,7207.750
1785217986.656002283,14.736781,131,11,352.359375,4724.500
1785217986.656002283,14.736781,131,9,354.000000,4767.000
1785217986.656002283,14.736781,131,12,355.656250,4830.250
1785217986.656002283,14.736781,131,9,357.296875,4939.000
1785217986.656002283,14.736781,131,12,358.937500,5037.500
1785217986.656002283,14.736781,131,13,0.578125,5073.000
1785217986.656002283,14.736781,131,15,4.140625,2572.750
1785217986.656002283,14.736781,131,15,5.828125,2565.250
1785217986.656002283,14.736781,131,15,7.437500,2565.000
1785217986.656002283,14.736781,131,15,9.078125,2564.750
1785217986.656002283,14.736781,131,15,10.703125,2556.250
1785217986.656002283,14.736781,131,15,12.359375,2556.500
1785217986.656002283,14.736781,131,15,14.000000,2572.000
1785217986.656002283,14.736781,131,15,200.000000,1425.750
1785217986.656002283,14.736781,131,15,201.671875,1422.500
1785217986.656002283,14.736781,131,15,203.296875,1431.750
1785217986.656002283,14.736781,131,15,204.984375,1438.000
1785217986.656002283,14.736781,131,15,206.593750,1446.250
1785217986.656002283,14.736781,131,15,235.328125,9842.500
1785217986.656002283,14.736781,131,12,253.421875,7542.500
1785217986.768369436,14.893354,132,12,353.921875,4727.250
1785217986.768369436,14.893354,132,12,355.562500,4778.000
1785217986.768369436,14.893354,132,10,357.203125,4836.250
1785217986.768369436,14.893354,132,10,358.859375,4915.000
1785217986.768369436,14.893354,132,13,0.484375,5016.250
1785217986.768369436,14.893354,132,14,4.046875,2595.000
1785217986.768369436,14.893354,132,15,5.734375,2576.250
1785217986.768369436,14.893354,132,12,7.343750,2551.250
1785217986.768369436,14.893354,132,15,9.000000,2552.500
1785217986.768369436,14.893354,132,15,10.609375,2557.250
1785217986.768369436,14.893354,132,15,12.250000,2555.750
1785217986.768369436,14.893354,132,15,13.859375,2574.750
1785217986.768369436,14.893354,132,15,196.500000,1564.250
1785217986.768369436,14.893354,132,15,201.515625,1431.000
1785217986.768369436,14.893354,132,15,203.234375,1429.000
1785217986.768369436,14.893354,132,15,204.812500,1437.000
1785217986.768369436,14.893354,132,15,206.500000,1446.000
1785217986.768369436,14.893354,132,15,208.078125,1466.250
1785217986.768369436,14.893354,132,15,209.765625,1488.250
1785217986.768369436,14.893354,132,8,231.875000,10169.000
1785217986.768369436,14.893354,132,10,233.515625,10083.750
1785217986.768369436,14.893354,132,11,235.171875,9868.500
1785217986.768369436,14.893354,132,15,251.625000,7694.750
1785217986.768369436,14.893354,132,15,258.203125,7216.250
1785217986.878942013,14.972359,133,13,355.421875,4758.500
1785217986.878942013,14.972359,133,9,357.062500,4785.500
1785217986.878942013,14.972359,133,15,358.703125,4846.750
1785217986.878942013,14.972359,133,10,0.359375,4956.750
1785217986.878942013,14.972359,133,15,5.578125,2574.000
1785217986.878942013,14.972359,133,12,7.203125,2551.000
1785217986.878942013,14.972359,133,15,8.875000,2564.000
1785217986.878942013,14.972359,133,15,10.500000,2557.000
1785217986.878942013,14.972359,133,15,12.140625,2549.750
1785217986.878942013,14.972359,133,15,13.781250,2560.750
1785217986.878942013,14.972359,133,13,194.140625,9777.500
1785217986.878942013,14.972359,133,15,201.546875,1431.500
1785217986.878942013,14.972359,133,15,203.140625,1435.500
1785217986.878942013,14.972359,133,15,204.828125,1443.250
1785217986.878942013,14.972359,133,15,206.421875,1447.000
1785217986.878942013,14.972359,133,15,208.046875,1455.750
1785217986.878942013,14.972359,133,11,209.718750,1471.250
1785217986.878942013,14.972359,133,8,230.171875,11763.250
1785217986.878942013,14.972359,133,11,235.109375,9974.250
1785217986.878942013,14.972359,133,13,236.750000,9738.750
1785217986.878942013,14.972359,133,11,243.343750,8596.000
1785217986.878942013,14.972359,133,15,244.984375,8387.750
1785217986.878942013,14.972359,133,15,251.609375,7726.000
1785217986.878942013,14.972359,133,15,253.265625,7597.250
1785217986.878942013,14.972359,133,15,254.906250,7470.750
1785217986.993603945,15.049292,134,13,355.375000,4767.250
1785217986.993603945,15.049292,134,13,357.031250,4823.250
1785217986.993603945,15.049292,134,12,358.671875,4888.500
1785217986.993603945,15.049292,134,12,0.312500,4964.750
1785217986.993603945,15.049292,134,15,7.156250,2552.000
1785217986.993603945,15.049292,134,15,8.796875,2562.250
1785217986.993603945,15.049292,134,15,10.468750,2554.000
1785217986.993603945,15.049292,134,15,12.078125,2548.500
1785217986.993603945,15.049292,134,15,13.687500,2561.000
1785217986.993603945,15.049292,134,15,194.015625,9655.250
1785217986.993603945,15.049292,134,15,203.046875,1435.000
1785217986.993603945,15.049292,134,15,204.718750,1442.250
1785217986.993603945,15.049292,134,15,206.312500,1443.500
1785217986.993603945,15.049292,134,15,207.968750,1447.500
1785217986.993603945,15.049292,134,7,230.031250,11840.750
1785217986.993603945,15.049292,134,11,236.609375,9818.500
1785217986.993603945,15.049292,134,15,241.562500,8816.500
1785217986.993603945,15.049292,134,15,243.203125,8623.250
1785217986.993603945,15.049292,134,15,244.843750,8469.000
1785217986.993603945,15.049292,134,9,246.484375,8340.500
1785217986.993603945,15.049292,134,13,263.000000,5998.750
1785217986.993603945,15.049292,134,15,264.640625,6038.250
1785217986.993603945,15.049292,134,8,266.281250,5966.750
1785217987.104669809,15.205857,135,11,353.484375,4732.000
1785217987.104669809,15.205857,135,12,355.125000,4771.750
1785217987.104669809,15.205857,135,10,356.765625,4820.000
1785217987.104669809,15.205857,135,11,358.421875,4896.000
1785217987.104669809,15.205857,135,14,0.046875,4999.750
1785217987.104669809,15.205857,135,15,3.593750,2725.500
1785217987.104669809,15.205857,135,15,6.906250,2569.500
1785217987.104669809,15.205857,135,15,10.187500,2559.750
1785217987.104669809,15.205857,135,15,11.796875,2569.500
1785217987.104669809,15.205857,135,15,13.437500,2582.250
1785217987.104669809,15.205857,135,15,195.296875,9646.500
1785217987.104669809,15.205857,135,15,202.750000,1445.750
1785217987.104669809,15.205857,135,15,204.343750,1429.000
1785217987.104669809,15.205857,135,15,205.921875,1432.250
1785217987.104669809,15.205857,135,15,207.562500,1451.750
1785217987.104669809,15.205857,135,15,209.203125,1461.250
1785217987.104669809,15.205857,135,14,236.265625,9940.250
1785217987.104669809,15.205857,135,13,244.484375,8545.750
1785217987.104669809,15.205857,135,15,247.984375,3892.250
1785217987.104669809,15.205857,135,13,252.734375,7691.000
1785217987.216705322,15.283365,136,10,356.328125,4811.500
1785217987.216705322,15.283365,136,12,357.968750,4869.000
1785217987.216705322,15.283365,136,12,359.625000,4962.250
1785217987.216705322,15.283365,136,15,1.250000,5049.000
1785217987.216705322,15.283365,136,11,4.812500,2580.750
1785217987.216705322,15.283365,136,15,6.468750,2573.000
1785217987.216705322,15.283365,136,15,9.781250,2570.750
1785217987.216705322,15.283365,136,15,11.328125,2560.750
1785217987.216705322,15.283365,136,15,12.953125,2563.250
1785217987.216705322,15.283365,136,15,14.578125,2576.500
1785217987.216705322,15.283365,136,15,194.890625,9672.750
1785217987.216705322,15.283365,136,15,203.875000,1444.250
1785217987.216705322,15.283365,136,15,205.515625,1445.750
1785217987.216705322,15.283365,136,15,207.187500,1450.500
1785217987.216705322,15.283365,136,15,208.812500,1452.500
1785217987.216705322,15.283365,136,8,210.453125,1463.750
1785217987.216705322,15.283365,136,15,212.031250,1479.500
1785217987.216705322,15.283365,136,9,230.921875,11754.250
1785217987.216705322,15.283365,136,12,237.515625,9747.500
1785217987.216705322,15.283365,136,15,240.812500,9017.000
1785217987.216705322,15.283365,136,8,242.453125,8786.750
1785217987.216705322,15.283365,136,15,244.109375,8639.250
1785217987.216705322,15.283365,136,15,245.750000,8482.750
1785217987.216705322,15.283365,136,15,247.390625,8268.500
1785217987.216705322,15.283365,136,15,249.046875,8076.750
1785217987.216705322,15.283365,136,15,250.687500,7922.750
1785217987.216705322,15.283365,136,15,252.328125,7773.250
1785217987.216705322,15.283365,136,15,253.984375,7644.750
1785217987.216705322,15.283365,136,15,255.609375,7533.750
1785217987.216705322,15.283365,136,15,257.281250,7376.750
1785217987.328091383,15.438069,137,9,354.421875,4713.750
1785217987.328091383,15.438069,137,11,356.046875,4766.750
1785217987.328091383,15.438069,137,9,357.687500,4828.500
1785217987.328091383,15.438069,137,10,359.328125,4925.000
1785217987.328091383,15.438069,137,11,0.968750,5024.500
1785217987.328091383,15.438069,137,8,4.546875,2587.750
1785217987.328091383,15.438069,137,15,6.187500,2578.000
1785217987.328091383,15.438069,137,8,7.812500,2554.500
1785217987.328091383,15.438069,137,15,9.484375,2554.000
1785217987.328091383,15.438069,137,15,11.078125,2555.750
1785217987.328091383,15.438069,137,15,12.718750,2548.500
1785217987.328091383,15.438069,137,15,14.328125,2571.750
1785217987.328091383,15.438069,137,15,194.703125,9740.000
1785217987.328091383,15.438069,137,15,196.343750,9734.250
1785217987.328091383,15.438069,137,15,203.765625,1453.500
1785217987.328091383,15.438069,137,15,205.437500,1446.000
1785217987.328091383,15.438069,137,15,207.062500,1446.500
1785217987.328091383,15.438069,137,15,208.718750,1445.000
1785217987.328091383,15.438069,137,15,210.312500,1460.500
1785217987.328091383,15.438069,137,15,212.000000,1472.000
1785217987.328091383,15.438069,137,11,237.453125,9837.250
1785217987.328091383,15.438069,137,15,242.406250,8791.500
1785217987.328091383,15.438069,137,15,244.062500,8641.500
1785217987.328091383,15.438069,137,15,245.703125,8489.250
1785217987.328091383,15.438069,137,12,257.203125,7562.000
1785217987.328091383,15.438069,137,7,267.109375,6002.250
1785217987.439802170,15.517272,138,12,355.953125,4740.500
1785217987.439802170,15.517272,138,14,357.578125,4773.000
1785217987.439802170,15.517272,138,10,359.203125,4840.000
1785217987.439802170,15.517272,138,9,0.859375,4909.000
1785217987.439802170,15.517272,138,15,4.437500,2581.500
1785217987.439802170,15.517272,138,15,6.046875,2574.750
1785217987.439802170,15.517272,138,12,7.718750,2554.750
1785217987.439802170,15.517272,138,15,9.328125,2551.500
1785217987.439802170,15.517272,138,15,10.953125,2555.000
1785217987.439802170,15.517272,138,15,12.578125,2551.500
1785217987.439802170,15.517272,138,15,14.234375,2572.000
1785217987.439802170,15.517272,138,15,194.500000,9687.250
1785217987.439802170,15.517272,138,15,196.140625,9681.500
1785217987.439802170,15.517272,138,15,205.265625,1448.250
1785217987.439802170,15.517272,138,15,206.906250,1451.250
1785217987.439802170,15.517272,138,15,208.531250,1457.250
1785217987.439802170,15.517272,138,15,210.171875,1457.500
1785217987.439802170,15.517272,138,9,211.828125,1469.250
1785217987.439802170,15.517272,138,15,213.468750,1489.000
1785217987.439802170,15.517272,138,13,237.296875,9930.250
1785217987.439802170,15.517272,138,10,238.953125,9736.000
1785217987.439802170,15.517272,138,15,263.703125,5984.250
1785217987.439802170,15.517272,138,15,265.359375,6028.500
1785217987.554377556,15.673380,139,12,355.859375,4791.250
1785217987.554377556,15.673380,139,11,357.500000,4850.250
1785217987.554377556,15.673380,139,12,359.140625,4921.250
1785217987.554377556,15.673380,139,12,0.781250,5005.750
1785217987.554377556,15.673380,139,15,4.328125,2583.250
1785217987.554377556,15.673380,139,15,5.984375,2566.000
1785217987.554377556,15.673380,139,15,7.625000,2551.000
1785217987.554377556,15.673380,139,15,9.265625,2559.250
1785217987.554377556,15.673380,139,15,10.921875,2558.000
1785217987.554377556,15.673380,139,15,12.562500,2551.000
1785217987.554377556,15.673380,139,15,14.218750,2570.000
1785217987.554377556,15.673380,139,15,197.656250,9626.250
1785217987.554377556,15.673380,139,15,206.765625,1447.000
1785217987.554377556,15.673380,139,15,208.390625,1454.750
1785217987.554377556,15.673380,139,15,210.000000,1462.500
1785217987.554377556,15.673380,139,15,211.671875,1469.000
1785217987.554377556,15.673380,139,10,237.078125,9859.750
1785217987.554377556,15.673380,139,12,238.718750,9785.500
1785217987.554377556,15.673380,139,15,243.656250,8769.250
1785217987.554377556,15.673380,139,15,245.312500,8658.250
1785217987.554377556,15.673380,139,15,248.609375,8240.250
1785217987.554377556,15.673380,139,15,250.265625,8086.750
1785217987.554377556,15.673380,139,15,251.906250,7923.000
1785217987.554377556,15.673380,139,15,263.453125,6133.750
1785217987.554377556,15.673380,139,15,265.078125,6024.250
1785217987.665544748,15.751945,140,12,355.656250,4778.250
1785217987.665544748,15.751945,140,9,357.296875,4835.500
1785217987.665544748,15.751945,140,12,358.937500,4916.000
1785217987.665544748,15.751945,140,12,0.578125,5020.750
1785217987.665544748,15.751945,140,15,4.140625,2592.250
1785217987.665544748,15.751945,140,15,5.781250,2563.250
1785217987.665544748,15.751945,140,9,7.406250,2569.500
1785217987.665544748,15.751945,140,15,9.093750,2570.250
1785217987.665544748,15.751945,140,15,10.687500,2556.750
1785217987.665544748,15.751945,140,15,12.343750,2556.250
1785217987.665544748,15.751945,140,15,13.984375,2567.500
1785217987.665544748,15.751945,140,15,197.515625,9719.500
1785217987.665544748,15.751945,140,15,206.484375,1459.000
1785217987.665544748,15.751945,140,15,208.125000,1457.500
1785217987.665544748,15.751945,140,15,209.796875,1464.000
1785217987.665544748,15.751945,140,15,211.437500,1472.000
1785217987.665544748,15.751945,140,15,213.046875,1481.750
1785217987.665544748,15.751945,140,15,214.671875,1502.500
1785217987.665544748,15.751945,140,11,238.453125,9873.250
1785217987.665544748,15.751945,140,15,243.390625,8867.750
1785217987.665544748,15.751945,140,15,245.015625,8674.500
1785217987.665544748,15.751945,140,10,246.671875,8556.500
1785217987.665544748,15.751945,140,15,264.843750,6038.500
1785217987.665544748,15.751945,140,15,266.468750,6039.500
1785217987.665544748,15.751945,140,9,268.125000,6000.000
1785217987.777418137,15.830746,141,8,353.906250,4719.750
1785217987.777418137,15.830746,141,11,355.546875,4770.750
1785217987.777418137,15.830746,141,8,357.187500,4833.250
1785217987.777418137,15.830746,141,11,358.859375,4914.500
1785217987.777418137,15.830746,141,10,0.468750,5016.750
1785217987.777418137,15.830746,141,15,7.375000,2570.250
1785217987.777418137,15.830746,141,15,9.015625,2569.250
1785217987.777418137,15.830746,141,15,10.609375,2556.000
1785217987.777418137,15.830746,141,15,12.234375,2544.000
1785217987.777418137,15.830746,141,15,13.890625,2550.250
1785217987.777418137,15.830746,141,15,197.453125,9761.500
1785217987.777418137,15.830746,141,15,208.109375,1458.000
1785217987.777418137,15.830746,141,15,209.781250,1463.500
1785217987.777418137,15.830746,141,9,211.343750,1471.750
1785217987.777418137,15.830746,141,15,212.984375,1481.500
1785217987.777418137,15.830746,141,11,238.484375,9883.000
1785217987.777418137,15.830746,141,13,240.125000,9656.500
1785217987.777418137,15.830746,141,15,246.703125,8556.500
1785217987.777418137,15.830746,141,10,250.171875,3985.250
1785217987.777418137,15.830746,141,15,261.609375,6205.750
1785217987.777418137,15.830746,141,11,263.265625,6140.250
1785217987.777418137,15.830746,141,15,264.890625,6054.750
1785217987.777418137,15.830746,141,12,266.546875,6049.000
1785217987.887297869,15.971733,142,11,355.562500,4767.750
1785217987.887297869,15.971733,142,9,357.203125,4828.250
1785217987.887297869,15.971733,142,11,358.843750,4908.250
1785217987.887297869,15.971733,142,15,0.484375,5013.000
1785217987.887297869,15.971733,142,15,4.046875,2716.500
1785217987.887297869,15.971733,142,15,7.343750,2570.750
1785217987.887297869,15.971733,142,15,9.031250,2568.500
1785217987.887297869,15.971733,142,15,10.625000,2555.750
1785217987.887297869,15.971733,142,15,12.265625,2546.000
1785217987.887297869,15.971733,142,15,13.890625,2552.000
1785217987.887297869,15.971733,142,15,197.453125,9699.750
1785217987.887297869,15.971733,142,15,199.093750,9725.750
1785217987.887297869,15.971733,142,15,208.093750,1458.250
1785217987.887297869,15.971733,142,15,209.734375,1463.000
1785217987.887297869,15.971733,142,15,211.406250,1475.750
1785217987.887297869,15.971733,142,15,213.000000,1481.250
1785217987.887297869,15.971733,142,15,216.281250,1505.000
1785217987.887297869,15.971733,142,10,236.859375,10270.750
1785217987.887297869,15.971733,142,10,238.500000,10034.000
1785217987.887297869,15.971733,142,15,245.109375,8724.000
1785217987.887297869,15.971733,142,14,246.750000,8580.500
1785217988.003217936,16.129132,143,9,355.437500,4760.750
1785217988.003217936,16.129132,143,8,357.078125,4820.750
1785217988.003217936,16.129132,143,8,358.718750,4887.500
1785217988.003217936,16.129132,143,13,0.343750,4990.750
1785217988.003217936,16.129132,143,15,3.875000,2730.000
1785217988.003217936,16.129132,143,15,7.203125,2568.750
1785217988.003217936,16.129132,143,15,10.515625,2555.750
1785217988.003217936,16.129132,143,15,12.093750,2549.750
1785217988.003217936,16.129132,143,15,13.765625,2550.750
1785217988.003217936,16.129132,143,15,198.796875,9758.000
1785217988.003217936,16.129132,143,15,200.437500,9784.750
1785217988.003217936,16.129132,143,15,207.828125,1478.250
1785217988.003217936,16.129132,143,15,209.453125,1464.750
1785217988.003217936,16.129132,143,15,211.109375,1472.000
1785217988.003217936,16.129132,143,15,214.375000,1486.500
1785217988.003217936,16.129132,143,11,238.187500,10043.000
1785217988.003217936,16.129132,143,12,239.843750,9848.250
1785217988.003217936,16.129132,143,15,244.781250,8852.500
1785217988.003217936,16.129132,143,15,246.421875,8688.500
1785217988.003217936,16.129132,143,13,248.078125,8543.500
1785217988.003217936,16.129132,143,15,266.171875,6019.000
1785217988.003217936,16.129132,143,10,267.812500,6062.750
1785217988.114252806,16.208520,144,10,356.718750,4771.750
1785217988.114252806,16.208520,144,7,358.359375,4845.000
1785217988.114252806,16.208520,144,11,0.000000,4961.000
1785217988.114252806,16.208520,144,13,1.640625,5056.000
1785217988.114252806,16.208520,144,15,5.218750,2589.750
1785217988.114252806,16.208520,144,15,10.156250,2576.500
1785217988.114252806,16.208520,144,15,11.734375,2566.000
1785217988.114252806,16.208520,144,15,13.359375,2546.750
1785217988.114252806,16.208520,144,15,15.000000,2569.750
1785217988.114252806,16.208520,144,15,198.484375,9717.500
1785217988.114252806,16.208520,144,15,209.156250,1475.750
1785217988.114252806,16.208520,144,15,210.765625,1471.000
1785217988.114252806,16.208520,144,15,212.421875,1474.750
1785217988.114252806,16.208520,144,15,215.656250,1495.250
1785217988.114252806,16.208520,144,15,217.343750,1515.750
1785217988.114252806,16.208520,144,9,239.500000,9907.000
1785217988.114252806,16.208520,144,11,241.140625,9708.250
1785217988.226330996,16.286371,145,9,357.937500,4785.000
1785217988.226330996,16.286371,145,7,359.562500,4854.000
1785217988.226330996,16.286371,145,12,1.203125,4944.000
1785217988.226330996,16.286371,145,10,4.750000,2591.250
1785217988.226330996,16.286371,145,15,6.437500,2588.250
1785217988.226330996,16.286371,145,14,8.031250,2568.500
1785217988.226330996,16.286371,145,15,9.718750,2549.000
1785217988.226330996,16.286371,145,15,11.296875,2547.500
1785217988.226330996,16.286371,145,15,12.937500,2552.000
1785217988.226330996,16.286371,145,15,14.546875,2565.500
1785217988.226330996,16.286371,145,15,198.046875,9721.500
1785217988.226330996,16.286371,145,15,199.687500,9740.000
1785217988.226330996,16.286371,145,15,210.406250,1481.750
1785217988.226330996,16.286371,145,15,212.046875,1483.500
1785217988.226330996,16.286371,145,15,213.640625,1486.750
1785217988.226330996,16.286371,145,15,216.937500,1502.750
1785217988.226330996,16.286371,145,15,218.562500,1542.750
1785217988.226330996,16.286371,145,8,234.156250,11911.000
1785217988.226330996,16.286371,145,13,240.750000,9809.250
1785217988.226330996,16.286371,145,14,244.031250,9117.250
1785217988.226330996,16.286371,145,14,245.671875,8857.750
1785217988.226330996,16.286371,145,15,247.328125,8670.000
1785217988.336679697,16.444150,146,11,357.656250,4771.750
1785217988.336679697,16.444150,146,8,359.312500,4832.750
1785217988.336679697,16.444150,146,15,0.937500,4906.750
1785217988.336679697,16.444150,146,15,4.500000,2607.750
1785217988.336679697,16.444150,146,15,6.156250,2577.750
1785217988.336679697,16.444150,146,15,7.781250,2554.750
1785217988.336679697,16.444150,146,15,9.421875,2552.500
1785217988.336679697,16.444150,146,15,11.078125,2555.750
1785217988.336679697,16.444150,146,15,12.718750,2548.500
1785217988.336679697,16.444150,146,15,14.375000,2567.750
1785217988.336679697,16.444150,146,7,176.609375,11867.000
1785217988.336679697,16.444150,146,15,198.031250,9767.750
1785217988.336679697,16.444150,146,15,199.656250,9775.750
1785217988.336679697,16.444150,146,15,210.375000,1482.250
1785217988.336679697,16.444150,146,15,211.937500,1483.000
1785217988.336679697,16.444150,146,15,213.656250,1483.250
1785217988.336679697,16.444150,146,15,215.296875,1488.500
1785217988.336679697,16.444150,146,13,240.671875,9865.250
1785217988.336679697,16.444150,146,15,248.890625,8550.250
1785217988.450617552,16.522620,147,9,357.562500,4769.250
1785217988.450617552,16.522620,147,7,359.218750,4830.500
1785217988.450617552,16.522620,147,12,0.843750,4909.500
1785217988.450617552,16.522620,147,9,7.703125,2562.250
1785217988.450617552,16.522620,147,15,9.343750,2553.500
1785217988.450617552,16.522620,147,15,10.968750,2555.000
1785217988.450617552,16.522620,147,15,12.593750,2550.500
1785217988.450617552,16.522620,147,15,14.265625,2555.500
1785217988.450617552,16.522620,147,15,199.421875,9655.250
1785217988.450617552,16.522620,147,15,201.046875,9713.750
1785217988.450617552,16.522620,147,15,211.671875,1476.500
1785217988.450617552,16.522620,147,8,213.343750,1485.000
1785217988.450617552,16.522620,147,15,216.593750,1504.000
1785217988.450617552,16.522620,147,8,218.250000,1519.500
1785217988.450617552,16.522620,147,15,219.875000,1545.750
1785217988.450617552,16.522620,147,14,240.390625,10058.750
1785217988.450617552,16.522620,147,15,246.968750,8777.250
1785217988.450617552,16.522620,147,15,250.281250,8566.500
1785217988.450617552,16.522620,147,11,271.703125,5565.000
1785217988.562783957,16.679535,148,8,358.953125,4846.500
1785217988.562783957,16.679535,148,15,4.125000,2739.750
1785217988.562783957,16.679535,148,15,7.453125,2570.750
1785217988.562783957,16.679535,148,15,10.703125,2563.000
1785217988.562783957,16.679535,148,15,12.328125,2548.500
1785217988.562783957,16.679535,148,15,13.968750,2552.250
1785217988.562783957,16.679535,148,15,199.156250,9766.750
1785217988.562783957,16.679535,148,15,202.421875,9919.750
1785217988.562783957,16.679535,148,12,211.453125,1493.250
1785217988.562783957,16.679535,148,15,213.109375,1484.250
1785217988.562783957,16.679535,148,11,214.750000,1488.750
1785217988.562783957,16.679535,148,15,218.000000,1517.500
1785217988.562783957,16.679535,148,15,219.656250,1536.500
1785217988.562783957,16.679535,148,12,240.203125,10017.250
1785217988.562783957,16.679535,148,12,241.859375,9848.500
1785217988.562783957,16.679535,148,15,246.812500,8869.500
1785217988.562783957,16.679535,148,15,248.453125,8691.000
1785217988.562783957,16.679535,148,12,250.093750,8529.750
1785217988.675048113,16.758321,149,9,357.218750,4768.250
1785217988.675048113,16.758321,149,15,7.375000,2583.750
1785217988.675048113,16.758321,149,15,10.625000,2563.250
1785217988.675048113,16.758321,149,15,12.218750,2547.750
1785217988.675048113,16.758321,149,15,13.890625,2541.500
1785217988.675048113,16.758321,149,15,199.078125,9829.750
1785217988.675048113,16.758321,149,15,200.718750,9799.500
1785217988.675048113,16.758321,149,15,214.609375,1494.250
1785217988.675048113,16.758321,149,8,216.281250,1504.250
1785217988.675048113,16.758321,149,15,217.937500,1514.000
1785217988.675048113,16.758321,149,9,219.515625,1537.250
1785217988.675048113,16.758321,149,15,221.171875,1563.500
1785217988.675048113,16.758321,149,11,241.812500,9945.750
1785217988.784852505,16.838129,150,9,357.203125,4773.500
1785217988.784852505,16.838129,150,8,358.828125,4845.500
1785217988.784852505,16.838129,150,12,0.468750,4946.000
1785217988.784852505,16.838129,150,11,2.125000,5049.000
1785217988.784852505,16.838129,150,15,5.687500,2630.500
1785217988.784852505,16.838129,150,15,7.343750,2581.000
1785217988.784852505,16.838129,150,15,10.578125,2562.500
1785217988.784852505,16.838129,150,15,12.203125,2549.250
1785217988.784852505,16.838129,150,15,13.875000,2541.250
1785217988.784852505,16.838129,150,15,199.171875,9675.500
1785217988.784852505,16.838129,150,15,200.812500,9707.750
1785217988.784852505,16.838129,150,15,213.078125,1497.000
1785217988.784852505,16.838129,150,15,214.765625,1492.250
1785217988.784852505,16.838129,150,15,216.406250,1509.250
1785217988.784852505,16.838129,150,15,218.046875,1516.250
1785217988.784852505,16.838129,150,9,219.609375,1539.750
1785217988.784852505,16.838129,150,8,243.546875,9725.750
1785217988.784852505,16.838129,150,10,253.578125,4089.000
1785217988.897120714,16.994387,151,9,354.031250,4729.000
1785217988.897120714,16.994387,151,10,355.687500,4803.750
1785217988.897120714,16.994387,151,9,357.328125,4922.250
1785217988.897120714,16.994387,151,14,358.984375,5019.000
1785217988.897120714,16.994387,151,11,0.625000,5060.000
1785217988.897120714,16.994387,151,10,2.265625,5109.500
1785217988.897120714,16.994387,151,7,7.500000,2578.500
1785217988.897120714,16.994387,151,15,10.718750,2560.500
1785217988.897120714,16.994387,151,15,12.328125,2549.000
1785217988.897120714,16.994387,151,15,13.968750,2543.000
1785217988.897120714,16.994387,151,15,202.484375,9801.000
1785217988.897120714,16.994387,151,15,214.812500,1505.750
1785217988.897120714,16.994387,151,11,216.453125,1506.500
1785217988.897120714,16.994387,151,15,218.093750,1512.750
1785217988.897120714,16.994387,151,15,221.359375,1538.250
1785217988.897120714,16.994387,151,15,222.953125,1581.750
1785217988.897120714,16.994387,151,12,243.546875,9734.250
1785217989.010974884,17.071415,152,7,357.203125,4918.250
1785217989.010974884,17.071415,152,12,358.859375,5026.000
1785217989.010974884,17.071415,152,12,0.500000,5075.250
1785217989.010974884,17.071415,152,11,2.140625,5127.250
1785217989.010974884,17.071415,152,7,5.718750,2596.250
1785217989.010974884,17.071415,152,15,7.359375,2579.500
1785217989.010974884,17.071415,152,15,10.578125,2561.250
1785217989.010974884,17.071415,152,15,12.250000,2550.500
1785217989.010974884,17.071415,152,15,13.859375,2541.500
1785217989.010974884,17.071415,152,15,200.609375,9725.750
1785217989.010974884,17.071415,152,15,202.296875,9775.750
1785217989.010974884,17.071415,152,15,203.937500,9734.250
1785217989.010974884,17.071415,152,15,214.593750,1507.000
1785217989.010974884,17.071415,152,15,216.234375,1504.000
1785217989.010974884,17.071415,152,15,219.562500,1523.000
1785217989.010974884,17.071415,152,10,241.671875,10044.000
1785217989.010974884,17.071415,152,11,243.312500,9839.000
1785217989.122682571,17.228444,153,8,357.031250,4823.750
1785217989.122682571,17.228444,153,8,358.671875,4940.250
1785217989.122682571,17.228444,153,10,0.328125,5039.500
1785217989.122682571,17.228444,153,10,1.953125,5090.750
1785217989.122682571,17.228444,153,15,5.531250,2588.750
1785217989.122682571,17.228444,153,15,7.171875,2570.500
1785217989.122682571,17.228444,153,9,8.812500,2577.500
1785217989.122682571,17.228444,153,15,10.468750,2571.750
1785217989.122682571,17.228444,153,15,12.093750,2552.000
1785217989.122682571,17.228444,153,15,13.765625,2549.250
1785217989.122682571,17.228444,153,15,169.765625,2620.250
1785217989.122682571,17.228444,153,15,200.625000,9811.500
1785217989.122682571,17.228444,153,15,202.250000,9820.500
1785217989.122682571,17.228444,153,15,216.234375,1511.750
1785217989.122682571,17.228444,153,11,217.859375,1518.250
1785217989.122682571,17.228444,153,15,219.468750,1518.250
1785217989.122682571,17.228444,153,15,224.343750,1594.250
1785217989.122682571,17.228444,153,9,254.968750,4115.750
1785217989.234757900,17.307950,154,8,355.250000,4752.750
1785217989.234757900,17.307950,154,9,356.859375,4862.000
1785217989.234757900,17.307950,154,14,358.515625,4990.000
1785217989.234757900,17.307950,154,12,0.171875,5057.000
1785217989.234757900,17.307950,154,13,1.796875,5115.000
1785217989.234757900,17.307950,154,10,5.375000,2600.250
1785217989.234757900,17.307950,154,15,7.000000,2580.000
1785217989.234757900,17.307950,154,13,8.687500,2561.750
1785217989.234757900,17.307950,154,15,10.312500,2558.750
1785217989.234757900,17.307950,154,15,11.953125,2549.250
1785217989.234757900,17.307950,154,15,13.609375,2543.000
1785217989.234757900,17.307950,154,7,179.046875,11968.750
1785217989.234757900,17.307950,154,15,203.718750,9754.750
1785217989.234757900,17.307950,154,15,215.968750,1522.750
1785217989.234757900,17.307950,154,15,217.671875,1516.000
1785217989.234757900,17.307950,154,11,219.265625,1524.500
1785217989.234757900,17.307950,154,15,220.906250,1536.000
1785217989.345037222,17.461089,155,8,355.031250,4770.750
1785217989.345037222,17.461089,155,12,359.968750,5071.500
1785217989.345037222,17.461089,155,12,1.609375,5129.750
1785217989.345037222,17.461089,155,15,6.812500,2612.500
1785217989.345037222,17.461089,155,2,8.484375,2562.750
1785217989.345037222,17.461089,155,15,10.125000,2556.750
1785217989.345037222,17.461089,155,15,11.734375,2565.500
1785217989.345037222,17.461089,155,15,13.375000,2548.500
1785217989.345037222,17.461089,155,15,14.984375,2569.250
1785217989.345037222,17.461089,155,14,193.625000,9209.250
1785217989.345037222,17.461089,155,15,201.812500,9812.000
1785217989.345037222,17.461089,155,15,203.421875,9820.750
1785217989.345037222,17.461089,155,9,205.062500,9702.500
1785217989.345037222,17.461089,155,15,215.718750,1543.250
1785217989.345037222,17.461089,155,15,217.375000,1523.000
1785217989.345037222,17.461089,155,15,218.968750,1519.500
1785217989.345037222,17.461089,155,15,222.296875,1534.500
1785217989.345037222,17.461089,155,15,223.843750,1569.250
1785217989.345037222,17.461089,155,15,225.531250,1598.750
1785217989.460044861,17.539063,156,11,353.203125,4736.250
1785217989.460044861,17.539063,156,8,354.859375,4803.000
1785217989.460044861,17.539063,156,15,358.140625,5045.000
1785217989.460044861,17.539063,156,10,359.765625,5066.250
1785217989.460044861,17.539063,156,8,1.421875,5143.000
1785217989.460044861,17.539063,156,15,8.281250,2573.250
1785217989.460044861,17.539063,156,15,9.937500,2568.500
1785217989.460044861,17.539063,156,15,11.515625,2575.750
1785217989.460044861,17.539063,156,15,13.140625,2560.250
1785217989.460044861,17.539063,156,15,14.812500,2551.500
1785217989.460044861,17.539063,156,12,193.593750,9146.750
1785217989.460044861,17.539063,156,15,201.812500,9675.750
1785217989.460044861,17.539063,156,15,203.375000,9641.000
1785217989.460044861,17.539063,156,15,220.531250,1538.250
1785217989.460044861,17.539063,156,15,227.062500,1641.750
1785217989.460044861,17.539063,156,15,256.140625,4185.500
1785217989.571773767,17.697726,157,8,354.812500,4756.750
1785217989.571773767,17.697726,157,12,358.093750,4996.000
1785217989.571773767,17.697726,157,11,359.734375,5067.500
1785217989.571773767,17.697726,157,8,1.390625,5138.000
1785217989.571773767,17.697726,157,15,8.250000,2574.000
1785217989.571773767,17.697726,157,15,11.453125,2567.750
1785217989.571773767,17.697726,157,15,13.125000,2558.250
1785217989.571773767,17.697726,157,15,14.765625,2552.000
1785217989.571773767,17.697726,157,11,193.500000,9260.500
1785217989.571773767,17.697726,157,15,205.000000,9741.000
1785217989.571773767,17.697726,157,15,217.312500,1552.250
1785217989.571773767,17.697726,157,15,218.937500,1535.500
1785217989.571773767,17.697726,157,15,220.562500,1540.250
1785217989.571773767,17.697726,157,12,222.234375,1548.500
1785217989.571773767,17.697726,157,15,223.828125,1562.500
1785217989.571773767,17.697726,157,15,225.437500,1586.250
1785217989.571773767,17.697726,157,15,227.125000,1619.500
1785217989.682800055,17.776679,158,13,358.093750,4998.750
1785217989.682800055,17.776679,158,12,359.750000,5072.500
1785217989.682800055,17.776679,158,8,1.390625,5137.000
1785217989.682800055,17.776679,158,8,3.046875,5230.500
1785217989.682800055,17.776679,158,10,8.281250,2572.250
1785217989.682800055,17.776679,158,15,11.484375,2566.500
1785217989.682800055,17.776679,158,15,13.156250,2557.500
1785217989.682800055,17.776679,158,15,14.750000,2554.000
1785217989.682800055,17.776679,158,15,203.296875,9711.750
1785217989.682800055,17.776679,158,15,204.937500,9748.750
1785217989.682800055,17.776679,158,13,206.593750,9849.500
1785217989.682800055,17.776679,158,15,217.234375,1553.250
1785217989.682800055,17.776679,158,15,218.875000,1546.500
1785217989.682800055,17.776679,158,15,220.531250,1540.750
1785217989.682800055,17.776679,158,12,222.187500,1544.000
1785217989.682800055,17.776679,158,15,223.859375,1559.000
1785217989.682800055,17.776679,158,9,225.468750,1570.250
1785217989.682800055,17.776679,158,15,227.093750,1593.500
1785217989.794039488,17.855318,159,7,354.765625,4780.250
1785217989.794039488,17.855318,159,15,358.046875,5026.750
1785217989.794039488,17.855318,159,12,359.687500,5072.750
1785217989.794039488,17.855318,159,8,1.328125,5138.000
1785217989.794039488,17.855318,159,15,6.531250,2591.500
1785217989.794039488,17.855318,159,11,8.171875,2566.500
1785217989.794039488,17.855318,159,15,11.421875,2556.000
1785217989.794039488,17.855318,159,15,13.078125,2553.000
1785217989.794039488,17.855318,159,15,14.687500,2559.000
1785217989.794039488,17.855318,159,14,195.000000,9246.500
1785217989.794039488,17.855318,159,15,203.265625,9808.500
1785217989.794039488,17.855318,159,15,204.906250,9784.750
1785217989.794039488,17.855318,159,15,217.203125,1574.000
1785217989.794039488,17.855318,159,15,218.843750,1548.750
1785217989.794039488,17.855318,159,15,220.484375,1546.000
1785217989.794039488,17.855318,159,15,222.109375,1550.750
1785217989.794039488,17.855318,159,15,223.781250,1560.000
1785217989.794039488,17.855318,159,15,225.406250,1587.500
1785217989.794039488,17.855318,159,15,257.687500,4166.000
1785217989.908940792,18.012428,160,7,351.468750,4769.500
1785217989.908940792,18.012428,160,11,356.390625,5067.500
1785217989.908940792,18.012428,160,15,358.046875,5069.000
1785217989.908940792,18.012428,160,9,359.671875,5099.000
1785217989.908940792,18.012428,160,15,6.531250,2593.250
1785217989.908940792,18.012428,160,10,8.171875,2581.000
1785217989.908940792,18.012428,160,15,11.437500,2576.500
1785217989.908940792,18.012428,160,15,13.109375,2556.750
1785217989.908940792,18.012428,160,15,14.734375,2555.250
1785217989.908940792,18.012428,160,10,195.046875,9213.750
1785217989.908940792,18.012428,160,11,203.250000,9809.250
1785217989.908940792,18.012428,160,15,204.890625,9834.000
1785217989.908940792,18.012428,160,15,206.546875,9862.750
1785217989.908940792,18.012428,160,15,217.156250,1598.000
1785217989.908940792,18.012428,160,15,218.843750,1566.750
1785217989.908940792,18.012428,160,15,220.421875,1556.750
1785217989.908940792,18.012428,160,15,222.078125,1545.500
1785217989.908940792,18.012428,160,15,223.750000,1554.250
1785217989.908940792,18.012428,160,15,225.390625,1570.750
1785217989.908940792,18.012428,160,9,226.937500,1587.000
1785217989.908940792,18.012428,160,15,228.562500,1620.000
1785217990.019596100,18.090063,161,7,351.343750,4790.000
1785217990.019596100,18.090063,161,13,356.250000,5072.500
1785217990.019596100,18.090063,161,15,357.890625,5100.500
1785217990.019596100,18.090063,161,8,359.546875,5142.750
1785217990.019596100,18.090063,161,15,6.421875,2591.250
1785217990.019596100,18.090063,161,15,8.015625,2587.750
1785217990.019596100,18.090063,161,8,9.671875,2592.000
1785217990.019596100,18.090063,161,15,11.296875,2584.500
1785217990.019596100,18.090063,161,15,12.968750,2563.500
1785217990.019596100,18.090063,161,15,14.562500,2563.500
1785217990.019596100,18.090063,161,15,170.531250,2299.750
1785217990.019596100,18.090063,161,15,204.562500,9800.250
1785217990.019596100,18.090063,161,15,206.203125,9770.000
1785217990.019596100,18.090063,161,15,207.828125,9844.750
1785217990.019596100,18.090063,161,15,218.468750,1586.750
1785217990.019596100,18.090063,161,15,220.093750,1562.750
1785217990.019596100,18.090063,161,15,221.718750,1556.250
1785217990.019596100,18.090063,161,15,223.375000,1557.750
1785217990.019596100,18.090063,161,9,225.046875,1566.500
1785217990.019596100,18.090063,161,15,226.703125,1589.250
1785217990.019596100,18.090063,161,15,228.234375,1606.500
1785217990.019596100,18.090063,161,15,229.843750,1641.500
1785217990.130840540,18.245698,162,7,352.656250,4787.500
1785217990.130840540,18.245698,162,12,359.234375,5105.000
1785217990.130840540,18.245698,162,15,6.093750,2615.250
1785217990.130840540,18.245698,162,15,7.718750,2591.750
1785217990.130840540,18.245698,162,10,9.375000,2569.500
1785217990.130840540,18.245698,162,15,11.000000,2554.500
1785217990.130840540,18.245698,162,15,12.640625,2552.250
1785217990.130840540,18.245698,162,15,14.265625,2544.750
1785217990.130840540,18.245698,162,15,170.265625,2250.250
1785217990.130840540,18.245698,162,12,196.093750,9146.250
1785217990.130840540,18.245698,162,15,204.250000,9735.000
1785217990.130840540,18.245698,162,15,205.890625,9735.000
1785217990.130840540,18.245698,162,15,207.531250,9838.500
1785217990.130840540,18.245698,162,15,219.765625,1586.750
1785217990.130840540,18.245698,162,15,221.406250,1564.750
1785217990.130840540,18.245698,162,15,223.062500,1559.750
1785217990.130840540,18.245698,162,15,224.703125,1564.750
1785217990.130840540,18.245698,162,15,229.609375,1630.750
1785217990.130840540,18.245698,162,15,231.187500,1674.250
1785217990.242983341,18.324215,163,15,358.937500,5072.750
1785217990.242983341,18.324215,163,9,0.578125,5110.750
1785217990.242983341,18.324215,163,15,9.062500,2565.000
1785217990.242983341,18.324215,163,15,10.671875,2558.000
1785217990.242983341,18.324215,163,15,12.328125,2552.250
1785217990.242983341,18.324215,163,15,13.953125,2543.250
1785217990.242983341,18.324215,163,15,205.562500,9833.000
1785217990.242983341,18.324215,163,15,219.453125,1612.750
1785217990.242983341,18.324215,163,15,221.046875,1584.500
1785217990.242983341,18.324215,163,15,222.703125,1573.750
1785217990.242983341,18.324215,163,15,224.328125,1576.000
1785217990.242983341,18.324215,163,14,225.984375,1587.250
1785217990.242983341,18.324215,163,15,230.921875,1656.500
1785217990.242983341,18.324215,163,13,274.625000,5115.750
1785217990.357291460,18.482617,164,14,0.218750,5065.250
1785217990.357291460,18.482617,164,9,1.875000,5095.750
1785217990.357291460,18.482617,164,11,8.765625,2572.750
1785217990.357291460,18.482617,164,15,11.953125,2552.750
1785217990.357291460,18.482617,164,15,13.609375,2545.250
1785217990.357291460,18.482617,164,14,197.156250,9210.000
1785217990.357291460,18.482617,164,15,205.343750,9823.250
1785217990.357291460,18.482617,164,15,206.984375,9856.750
1785217990.357291460,18.482617,164,15,220.875000,1601.250
1785217990.357291460,18.482617,164,15,222.531250,1585.500
1785217990.357291460,18.482617,164,15,224.156250,1570.250
1785217990.357291460,18.482617,164,15,225.812500,1577.250
1785217990.357291460,18.482617,164,15,227.484375,1602.750
1785217990.357291460,18.482617,164,15,229.140625,1618.000
1785217990.357291460,18.482617,164,15,230.734375,1639.250
1785217990.469113588,18.561172,165,11,355.203125,4767.250
1785217990.469113588,18.561172,165,15,0.109375,5059.250
1785217990.469113588,18.561172,165,9,1.765625,5092.500
1785217990.469113588,18.561172,165,7,3.390625,5147.750
1785217990.469113588,18.561172,165,15,6.968750,2600.750
1785217990.469113588,18.561172,165,12,8.640625,2574.500
1785217990.469113588,18.561172,165,15,11.843750,2554.500
1785217990.469113588,18.561172,165,15,13.484375,2544.000
1785217990.469113588,18.561172,165,10,197.218750,9164.500
1785217990.469113588,18.561172,165,15,205.406250,9886.250
1785217990.469113588,18.561172,165,15,207.046875,9867.250
1785217990.469113588,18.561172,165,12,208.703125,9781.000
1785217990.469113588,18.561172,165,15,220.937500,1616.000
1785217990.469113588,18.561172,165,15,222.625000,1594.000
1785217990.469113588,18.561172,165,15,224.234375,1581.500
1785217990.469113588,18.561172,165,12,225.859375,1587.250
1785217990.469113588,18.561172,165,15,227.515625,1609.750
1785217990.469113588,18.561172,165,15,229.140625,1622.000
1785217990.469113588,18.561172,165,15,230.781250,1629.750
1785217990.580615759,18.705428,166,10,0.171875,5020.500
1785217990.580615759,18.705428,166,14,1.796875,5088.000
1785217990.580615759,18.705428,166,10,3.437500,5132.000
1785217990.580615759,18.705428,166,8,8.656250,2589.500
1785217990.580615759,18.705428,166,15,11.937500,2555.500
1785217990.580615759,18.705428,166,15,13.593750,2544.000
1785217990.580615759,18.705428,166,13,197.218750,9264.500
1785217990.580615759,18.705428,166,15,208.734375,9796.000
1785217990.580615759,18.705428,166,15,222.609375,1606.750
1785217990.580615759,18.705428,166,15,224.296875,1588.750
1785217990.580615759,18.705428,166,15,225.890625,1592.500
1785217990.580615759,18.705428,166,15,227.546875,1603.750
1785217990.580615759,18.705428,166,15,229.156250,1603.500
1785217990.692315340,18.782567,167,7,356.890625,4758.000
1785217990.692315340,18.782567,167,8,358.546875,4870.750
1785217990.692315340,18.782567,167,11,0.171875,4998.000
1785217990.692315340,18.782567,167,12,1.812500,5092.250
1785217990.692315340,18.782567,167,9,3.453125,5134.000
1785217990.692315340,18.782567,167,9,7.031250,2603.000
1785217990.692315340,18.782567,167,9,8.656250,2575.250
1785217990.692315340,18.782567,167,15,11.968750,2556.000
1785217990.692315340,18.782567,167,15,13.593750,2544.000
1785217990.692315340,18.782567,167,15,169.906250,2089.750
1785217990.692315340,18.782567,167,15,207.203125,9798.250
1785217990.692315340,18.782567,167,10,208.843750,9844.750
1785217990.692315340,18.782567,167,15,222.781250,1621.250
1785217990.692315340,18.782567,167,15,224.406250,1602.500
1785217990.692315340,18.782567,167,15,226.015625,1598.750
1785217990.692315340,18.782567,167,15,227.640625,1601.750
1785217990.692315340,18.782567,167,15,229.250000,1602.750
1785217990.802291632,18.860929,168,10,358.671875,5040.750
1785217990.802291632,18.860929,168,14,0.328125,5028.750
1785217990.802291632,18.860929,168,11,1.968750,5090.750
1785217990.802291632,18.860929,168,8,3.609375,5145.500
1785217990.802291632,18.860929,168,4,7.218750,2591.750
1785217990.802291632,18.860929,168,10,8.828125,2562.500
1785217990.802291632,18.860929,168,15,12.125000,2555.500
1785217990.802291632,18.860929,168,15,13.765625,2548.250
1785217990.802291632,18.860929,168,15,169.984375,2077.250
1785217990.802291632,18.860929,168,15,171.625000,2085.250
1785217990.802291632,18.860929,168,15,199.140625,9316.250
1785217990.802291632,18.860929,168,15,207.343750,9790.750
1785217990.802291632,18.860929,168,15,208.984375,9858.000
1785217990.802291632,18.860929,168,15,210.625000,9866.750
1785217990.802291632,18.860929,168,15,222.875000,1639.500
1785217990.802291632,18.860929,168,15,224.531250,1613.750
1785217990.802291632,18.860929,168,9,226.187500,1607.000
1785217990.802291632,18.860929,168,15,227.796875,1618.750
1785217990.802291632,18.860929,168,15,229.468750,1621.750
1785217990.802291632,18.860929,168,12,232.703125,1636.250
1785217990.917934418,19.020233,169,14,0.531250,5048.000
1785217990.917934418,19.020233,169,12,2.171875,5097.500
1785217990.917934418,19.020233,169,8,3.828125,5128.500
1785217990.917934418,19.020233,169,13,7.390625,2609.000
1785217990.917934418,19.020233,169,9,9.046875,2578.500
1785217990.917934418,19.020233,169,15,12.250000,2553.500
1785217990.917934418,19.020233,169,15,13.906250,2543.250
1785217990.917934418,19.020233,169,15,170.203125,2063.000
1785217990.917934418,19.020233,169,15,171.796875,2073.000
1785217990.917934418,19.020233,169,10,199.265625,9223.250
1785217990.917934418,19.020233,169,15,207.437500,9912.250
1785217990.917934418,19.020233,169,15,209.078125,9850.750
1785217990.917934418,19.020233,169,15,224.640625,1629.750
1785217990.917934418,19.020233,169,15,226.234375,1618.000
1785217990.917934418,19.020233,169,15,227.906250,1616.750
1785217990.917934418,19.020233,169,15,229.578125,1620.000
1785217991.028877735,19.097591,170,10,355.593750,4761.250
1785217991.028877735,19.097591,170,9,0.500000,5045.000
1785217991.028877735,19.097591,170,15,2.140625,5093.500
1785217991.028877735,19.097591,170,11,3.796875,5138.500
1785217991.028877735,19.097591,170,7,9.015625,2590.500
1785217991.028877735,19.097591,170,15,12.218750,2554.500
1785217991.028877735,19.097591,170,15,13.859375,2543.000
1785217991.028877735,19.097591,170,15,171.625000,2041.500
1785217991.028877735,19.097591,170,15,173.281250,2080.500
1785217991.028877735,19.097591,170,15,208.765625,9914.000
1785217991.028877735,19.097591,170,15,210.390625,9901.750
1785217991.028877735,19.097591,170,15,224.281250,1652.250
1785217991.028877735,19.097591,170,15,225.890625,1628.750
1785217991.028877735,19.097591,170,13,227.609375,1620.250
1785217991.028877735,19.097591,170,15,229.218750,1629.750
1785217991.028877735,19.097591,170,15,230.843750,1635.250
1785217991.028877735,19.097591,170,15,232.546875,1639.000
1785217991.028877735,19.097591,170,15,234.093750,1667.750
1785217991.141150236,19.256416,171,9,356.890625,4795.250
1785217991.141150236,19.256416,171,10,0.171875,5028.250
1785217991.141150236,19.256416,171,15,1.812500,5084.250
1785217991.141150236,19.256416,171,13,3.437500,5124.750
1785217991.141150236,19.256416,171,10,7.031250,2620.000
1785217991.141150236,19.256416,171,15,8.656250,2593.500
1785217991.141150236,19.256416,171,8,10.296875,2592.500
1785217991.141150236,19.256416,171,15,11.890625,2570.000
1785217991.141150236,19.256416,171,15,13.531250,2543.250
1785217991.141150236,19.256416,171,15,171.218750,2049.750
1785217991.141150236,19.256416,171,15,172.828125,2052.250
1785217991.141150236,19.256416,171,15,200.187500,9225.500
1785217991.141150236,19.256416,171,15,208.375000,9879.000
1785217991.141150236,19.256416,171,15,210.031250,9814.750
1785217991.141150236,19.256416,171,15,225.515625,1648.250
1785217991.141150236,19.256416,171,15,227.171875,1629.250
1785217991.141150236,19.256416,171,15,228.796875,1624.000
1785217991.141150236,19.256416,171,15,230.437500,1635.000
1785217991.141150236,19.256416,171,15,232.078125,1642.250
1785217991.141150236,19.256416,171,13,233.750000,1650.750
1785217991.141150236,19.256416,171,15,235.359375,1683.250
1785217991.250943899,19.335032,172,12,1.453125,5035.250
1785217991.250943899,19.335032,172,15,3.093750,5083.250
1785217991.250943899,19.335032,172,15,6.625000,2790.500
1785217991.250943899,19.335032,172,15,9.937500,2579.500
1785217991.250943899,19.335032,172,15,11.484375,2570.000
1785217991.250943899,19.335032,172,15,13.156250,2554.750
1785217991.250943899,19.335032,172,15,14.812500,2554.250
1785217991.250943899,19.335032,172,15,170.906250,2032.750
1785217991.250943899,19.335032,172,15,172.500000,2030.750
1785217991.250943899,19.335032,172,15,174.125000,2060.750
1785217991.250943899,19.335032,172,12,199.890625,9273.750
1785217991.250943899,19.335032,172,15,211.406250,9911.750
1785217991.250943899,19.335032,172,15,228.609375,1635.500
1785217991.250943899,19.335032,172,12,230.187500,1624.250
1785217991.250943899,19.335032,172,15,231.843750,1646.750
1785217991.250943899,19.335032,172,15,233.484375,1665.000
1785217991.250943899,19.335032,172,15,235.062500,1684.500
1785217991.250943899,19.335032,172,15,236.703125,1721.250
1785217991.366430044,19.498939,173,9,357.906250,4719.750
1785217991.366430044,19.498939,173,7,359.531250,4781.500
1785217991.366430044,19.498939,173,14,2.828125,5024.000
1785217991.366430044,19.498939,173,12,4.453125,5069.000
1785217991.366430044,19.498939,173,15,9.656250,2602.500
1785217991.366430044,19.498939,173,15,14.578125,2560.250
1785217991.366430044,19.498939,173,15,170.687500,2054.750
1785217991.366430044,19.498939,173,15,172.312500,2035.000
1785217991.366430044,19.498939,173,15,173.968750,2040.000
1785217991.366430044,19.498939,173,12,175.593750,2087.750
1785217991.366430044,19.498939,173,15,201.359375,9310.750
1785217991.366430044,19.498939,173,15,209.593750,9893.750
1785217991.366430044,19.498939,173,15,211.250000,9872.000
1785217991.366430044,19.498939,173,15,212.875000,9905.250
1785217991.366430044,19.498939,173,15,226.750000,1667.000
1785217991.366430044,19.498939,173,15,228.359375,1648.500
1785217991.366430044,19.498939,173,15,230.015625,1645.500
1785217991.366430044,19.498939,173,15,231.687500,1646.000
1785217991.478390455,19.572711,174,8,0.937500,4819.000
1785217991.478390455,19.572711,174,15,4.218750,5031.000
1785217991.478390455,19.572711,174,12,7.781250,2595.750
1785217991.478390455,19.572711,174,15,9.421875,2584.750
1785217991.478390455,19.572711,174,15,12.765625,2565.750
1785217991.478390455,19.572711,174,15,14.390625,2550.500
1785217991.478390455,19.572711,174,15,170.546875,2061.000
1785217991.478390455,19.572711,174,15,172.203125,2025.500
1785217991.478390455,19.572711,174,15,173.843750,2021.500
1785217991.478390455,19.572711,174,15,175.484375,2057.750
1785217991.478390455,19.572711,174,10,201.265625,9189.500
1785217991.478390455,19.572711,174,15,209.437500,9878.250
1785217991.478390455,19.572711,174,15,211.078125,9814.500
1785217991.478390455,19.572711,174,15,229.859375,1646.500
1785217991.478390455,19.572711,174,15,233.125000,1642.250
1785217991.478390455,19.572711,174,15,234.781250,1669.250
1785217991.478390455,19.572711,174,15,236.375000,1701.250
1785217991.478390455,19.572711,174,15,237.984375,1746.000
1785217991.478390455,19.572711,174,15,263.812500,4282.500
1785217991.478390455,19.572711,174,15,268.609375,6772.750
1785217991.589985371,19.653550,175,7,359.187500,4723.000
1785217991.589985371,19.653550,175,8,0.828125,4804.750
1785217991.589985371,19.653550,175,9,2.453125,4887.250
1785217991.589985371,19.653550,175,12,4.093750,5000.000
1785217991.589985371,19.653550,175,10,7.656250,2621.250
1785217991.589985371,19.653550,175,12,9.343750,2597.250
1785217991.589985371,19.653550,175,8,10.937500,2591.000
1785217991.589985371,19.653550,175,15,12.593750,2576.750
1785217991.589985371,19.653550,175,15,14.250000,2544.750
1785217991.589985371,19.653550,175,15,172.078125,2045.000
1785217991.589985371,19.653550,175,15,173.718750,2031.500
1785217991.589985371,19.653550,175,15,175.343750,2036.750
1785217991.589985371,19.653550,175,15,210.953125,9850.750
1785217991.589985371,19.653550,175,15,212.593750,9826.750
1785217991.589985371,19.653550,175,15,228.078125,1681.500
1785217991.589985371,19.653550,175,15,229.750000,1663.750
1785217991.589985371,19.653550,175,15,231.328125,1658.750
1785217991.589985371,19.653550,175,15,232.968750,1661.250
1785217991.589985371,19.653550,175,10,251.984375,10086.250
1785217991.700850964,19.811646,176,9,0.843750,4796.250
1785217991.700850964,19.811646,176,7,2.484375,4909.000
1785217991.700850964,19.811646,176,11,4.125000,5024.750
1785217991.700850964,19.811646,176,9,7.703125,2624.250
1785217991.700850964,19.811646,176,15,9.359375,2598.000
1785217991.700850964,19.811646,176,15,12.562500,2564.750
1785217991.700850964,19.811646,176,15,14.218750,2541.250
1785217991.700850964,19.811646,176,15,172.187500,2046.500
1785217991.700850964,19.811646,176,15,173.843750,2018.750
1785217991.700850964,19.811646,176,15,175.468750,2027.000
1785217991.700850964,19.811646,176,15,177.109375,2067.250
1785217991.700850964,19.811646,176,15,211.093750,9822.000
1785217991.700850964,19.811646,176,15,228.234375,1701.250
1785217991.700850964,19.811646,176,15,229.828125,1675.000
1785217991.700850964,19.811646,176,14,231.515625,1664.250
1785217991.700850964,19.811646,176,15,233.156250,1664.750
1785217991.700850964,19.811646,176,15,234.796875,1670.750
1785217991.811537743,19.890778,177,11,7.859375,2622.250
1785217991.811537743,19.890778,177,15,9.531250,2590.250
1785217991.811537743,19.890778,177,15,12.718750,2557.250
1785217991.811537743,19.890778,177,15,14.343750,2551.000
1785217991.811537743,19.890778,177,15,172.375000,2037.250
1785217991.811537743,19.890778,177,15,174.031250,2012.750
1785217991.811537743,19.890778,177,15,175.687500,2015.750
1785217991.811537743,19.890778,177,15,177.343750,2049.000
1785217991.811537743,19.890778,177,15,203.062500,9325.000
1785217991.811537743,19.890778,177,15,211.265625,9936.750
1785217991.811537743,19.890778,177,15,212.890625,9906.750
1785217991.811537743,19.890778,177,9,214.531250,9924.500
1785217991.811537743,19.890778,177,15,234.984375,1695.250
1785217991.811537743,19.890778,177,15,236.640625,1706.750
1785217991.811537743,19.890778,177,15,239.875000,1790.500
1785217991.927408218,20.046403,178,6,9.640625,2601.000
1785217991.927408218,20.046403,178,15,12.875000,2557.750
1785217991.927408218,20.046403,178,15,14.500000,2551.000
1785217991.927408218,20.046403,178,15,172.515625,2062.500
1785217991.927408218,20.046403,178,15,174.187500,2035.750
1785217991.927408218,20.046403,178,15,175.828125,2022.000
1785217991.927408218,20.046403,178,15,177.484375,2033.000
1785217991.927408218,20.046403,178,15,203.234375,9259.750
1785217991.927408218,20.046403,178,15,211.453125,9846.000
1785217991.927408218,20.046403,178,15,213.078125,9847.750
1785217991.927408218,20.046403,178,15,230.265625,1696.000
1785217991.927408218,20.046403,178,15,231.906250,1679.500
1785217992.037837982,20.123843,179,9,2.859375,4751.750
1785217992.037837982,20.123843,179,10,4.515625,4821.500
1785217992.037837982,20.123843,179,5,9.687500,2599.250
1785217992.037837982,20.123843,179,15,12.937500,2555.250
1785217992.037837982,20.123843,179,15,14.578125,2550.750
1785217992.037837982,20.123843,179,15,174.046875,2042.750
1785217992.037837982,20.123843,179,15,175.718750,2009.000
1785217992.037837982,20.123843,179,15,177.375000,2013.000
1785217992.037837982,20.123843,179,15,179.000000,2059.000
1785217992.037837982,20.123843,179,15,211.359375,9932.750
1785217992.037837982,20.123843,179,15,213.000000,9907.750
1785217992.037837982,20.123843,179,15,214.640625,9885.250
1785217992.037837982,20.123843,179,15,230.140625,1726.250
1785217992.037837982,20.123843,179,15,231.796875,1693.000
1785217992.037837982,20.123843,179,11,233.453125,1691.500
1785217992.037837982,20.123843,179,15,235.093750,1709.000
1785217992.037837982,20.123843,179,15,236.718750,1710.250
1785217992.037837982,20.123843,179,15,238.359375,1717.750
1785217992.037837982,20.123843,179,15,265.781250,4531.000
1785217992.150760651,20.279423,180,8,4.468750,4791.500
1785217992.150760651,20.279423,180,12,8.015625,2623.500
1785217992.150760651,20.279423,180,15,9.671875,2589.000
1785217992.150760651,20.279423,180,12,11.281250,2567.500
1785217992.150760651,20.279423,180,15,12.937500,2559.000
1785217992.150760651,20.279423,180,15,14.562500,2549.750
1785217992.150760651,20.279423,180,15,174.078125,2044.250
1785217992.150760651,20.279423,180,15,175.750000,2029.500
1785217992.150760651,20.279423,180,15,177.375000,2022.000
1785217992.150760651,20.279423,180,15,179.000000,2031.500
1785217992.150760651,20.279423,180,15,212.937500,9821.000
1785217992.150760651,20.279423,180,15,214.578125,9776.000
1785217992.150760651,20.279423,180,15,233.375000,1705.250
1785217992.150760651,20.279423,180,15,234.984375,1692.500
1785217992.150760651,20.279423,180,15,236.656250,1703.750
1785217992.150760651,20.279423,180,15,238.234375,1719.000
1785217992.150760651,20.279423,180,15,239.906250,1748.250
1785217992.150760651,20.279423,180,15,241.531250,1801.250
1785217992.150760651,20.279423,180,8,254.015625,10028.000
1785217992.259822369,20.372248,181,8,4.500000,4791.500
1785217992.259822369,20.372248,181,12,8.015625,2622.000
1785217992.259822369,20.372248,181,13,9.687500,2588.500
1785217992.259822369,20.372248,181,8,11.343750,2557.000
1785217992.259822369,20.372248,181,15,12.984375,2547.500
1785217992.259822369,20.372248,181,15,14.625000,2549.500
1785217992.259822369,20.372248,181,15,174.203125,2061.250
1785217992.259822369,20.372248,181,15,175.859375,2022.750
1785217992.259822369,20.372248,181,15,177.484375,2007.750
1785217992.259822369,20.372248,181,15,179.140625,2025.500
1785217992.259822369,20.372248,181,15,180.781250,2077.750
1785217992.259822369,20.372248,181,15,213.125000,9941.000
1785217992.259822369,20.372248,181,15,214.765625,9874.000
1785217992.259822369,20.372248,181,15,233.484375,1721.000
1785217992.259822369,20.372248,181,15,236.812500,1708.500
1785217992.259822369,20.372248,181,15,238.437500,1729.500
1785217992.259822369,20.372248,181,15,240.078125,1754.000
1785217992.259822369,20.372248,181,15,241.656250,1792.000
1785217992.259822369,20.372248,181,8,254.187500,10128.250
1785217992.259822369,20.372248,181,15,270.703125,6871.250
1785217992.374554873,20.453482,182,12,8.281250,2617.500
1785217992.374554873,20.453482,182,10,9.906250,2590.000
1785217992.374554873,20.453482,182,15,13.171875,2559.000
1785217992.374554873,20.453482,182,15,14.843750,2554.750
1785217992.374554873,20.453482,182,15,175.937500,2025.250
1785217992.374554873,20.453482,182,15,177.578125,2002.000
1785217992.374554873,20.453482,182,15,179.265625,2004.250
1785217992.374554873,20.453482,182,15,180.890625,2049.500
1785217992.374554873,20.453482,182,15,213.171875,9926.750
1785217992.374554873,20.453482,182,15,214.812500,9931.250
1785217992.374554873,20.453482,182,15,231.953125,1744.250
1785217992.374554873,20.453482,182,15,233.609375,1718.500
1785217992.374554873,20.453482,182,15,235.218750,1719.000
1785217992.374554873,20.453482,182,15,236.890625,1732.250
1785217992.374554873,20.453482,182,15,238.500000,1745.500
1785217992.374554873,20.453482,182,15,240.156250,1761.000
1785217992.487251282,20.547449,183,9,8.218750,2617.000
1785217992.487251282,20.547449,183,7,9.906250,2587.500
1785217992.487251282,20.547449,183,9,11.484375,2579.250
1785217992.487251282,20.547449,183,15,13.125000,2568.500
1785217992.487251282,20.547449,183,10,14.781250,2556.500
1785217992.487251282,20.547449,183,15,175.875000,2049.250
1785217992.487251282,20.547449,183,15,177.515625,2022.750
1785217992.487251282,20.547449,183,15,179.156250,2015.750
1785217992.487251282,20.547449,183,15,180.796875,2027.750
1785217992.487251282,20.547449,183,15,213.125000,9915.250
1785217992.487251282,20.547449,183,15,214.765625,9870.000
1785217992.487251282,20.547449,183,15,235.187500,1733.500
1785217992.487251282,20.547449,183,15,236.812500,1719.250
1785217992.487251282,20.547449,183,15,238.453125,1728.000
1785217992.487251282,20.547449,183,15,240.046875,1749.500
1785217992.487251282,20.547449,183,15,243.296875,1848.500
1785217992.487251282,20.547449,183,11,255.859375,9999.500
1785217992.487251282,20.547449,183,11,257.500000,9753.500
1785217992.597944260,20.717168,184,13,8.281250,2618.250
1785217992.597944260,20.717168,184,13,9.953125,2587.750
1785217992.597944260,20.717168,184,15,13.140625,2559.750
1785217992.597944260,20.717168,184,15,14.812500,2556.250
1785217992.597944260,20.717168,184,15,177.609375,2040.250
1785217992.597944260,20.717168,184,15,179.296875,2008.500
1785217992.597944260,20.717168,184,15,180.921875,2008.750
1785217992.597944260,20.717168,184,15,214.828125,9987.500
1785217992.597944260,20.717168,184,15,216.468750,10011.000
1785217992.597944260,20.717168,184,15,235.281250,1748.250
1785217992.597944260,20.717168,184,15,236.875000,1736.500
1785217992.597944260,20.717168,184,15,238.578125,1748.250
1785217992.597944260,20.717168,184,15,240.187500,1764.500
1785217992.597944260,20.717168,184,11,255.968750,10002.750
1785217992.597944260,20.717168,184,15,257.625000,9815.000
1785217992.710274935,20.793113,185,15,10.046875,2604.250
1785217992.710274935,20.793113,185,9,11.656250,2582.000
1785217992.710274935,20.793113,185,15,13.312500,2564.250
1785217992.710274935,20.793113,185,15,178.000000,2024.250
1785217992.710274935,20.793113,185,15,179.640625,2014.750
1785217992.710274935,20.793113,185,15,181.312500,2012.750
1785217992.710274935,20.793113,185,15,182.937500,2051.500
1785217992.710274935,20.793113,185,15,215.234375,9970.750
1785217992.710274935,20.793113,185,15,216.890625,9924.000
1785217992.710274935,20.793113,185,15,234.015625,1773.500
1785217992.710274935,20.793113,185,15,235.687500,1751.000
1785217992.710274935,20.793113,185,15,237.328125,1733.750
1785217992.710274935,20.793113,185,15,238.953125,1745.250
1785217992.710274935,20.793113,185,15,240.593750,1761.000
1785217992.710274935,20.793113,185,15,242.265625,1780.500
1785217992.710274935,20.793113,185,15,243.828125,1824.500
1785217992.710274935,20.793113,185,12,258.015625,9839.000
1785217992.821500301,20.948984,186,15,8.750000,2618.750
1785217992.821500301,20.948984,186,9,10.406250,2575.500
1785217992.821500301,20.948984,186,15,13.593750,2545.500
1785217992.821500301,20.948984,186,15,178.234375,2049.250
1785217992.821500301,20.948984,186,15,179.859375,2027.250
1785217992.821500301,20.948984,186,15,181.484375,2013.750
1785217992.821500301,20.948984,186,15,183.140625,2031.000
1785217992.821500301,20.948984,186,15,215.468750,9890.500
1785217992.821500301,20.948984,186,15,217.109375,9912.250
1785217992.821500301,20.948984,186,15,234.156250,1794.750
1785217992.821500301,20.948984,186,15,235.843750,1763.250
1785217992.821500301,20.948984,186,15,237.500000,1755.750
1785217992.821500301,20.948984,186,15,239.093750,1752.250
1785217992.821500301,20.948984,186,15,240.765625,1764.500
1785217992.821500301,20.948984,186,15,242.343750,1792.750
1785217992.821500301,20.948984,186,10,256.468750,10078.000
1785217992.821500301,20.948984,186,11,258.125000,9852.250
1785217992.932399988,21.025835,187,15,8.812500,2621.000
1785217992.932399988,21.025835,187,7,10.453125,2579.500
1785217992.932399988,21.025835,187,15,13.734375,2548.500
1785217992.932399988,21.025835,187,15,179.921875,2040.250
1785217992.932399988,21.025835,187,15,181.546875,2011.250
1785217992.932399988,21.025835,187,15,183.171875,2020.000
1785217992.932399988,21.025835,187,15,215.484375,9981.000
1785217992.932399988,21.025835,187,15,217.125000,10015.000
1785217992.932399988,21.025835,187,11,235.796875,1781.250
1785217992.932399988,21.025835,187,15,237.500000,1763.250
1785217992.932399988,21.025835,187,15,239.109375,1759.750
1785217992.932399988,21.025835,187,15,240.750000,1772.000
1785217992.932399988,21.025835,187,15,242.375000,1792.250
1785217992.932399988,21.025835,187,15,244.000000,1818.500
1785217992.932399988,21.025835,187,12,256.484375,10193.750
1785217992.932399988,21.025835,187,11,258.125000,9964.250
1785217992.932399988,21.025835,187,13,259.765625,9756.750
1785217993.045898676,21.104774,188,15,13.734375,2549.750
1785217993.045898676,21.104774,188,10,181.453125,2054.000
1785217993.045898676,21.104774,188,15,183.109375,2037.250
1785217993.045898676,21.104774,188,15,184.781250,2056.750
1785217993.045898676,21.104774,188,15,215.453125,9976.500
1785217993.045898676,21.104774,188,15,217.093750,10056.000
1785217993.045898676,21.104774,188,15,237.437500,1786.500
1785217993.045898676,21.104774,188,15,239.109375,1767.750
1785217993.045898676,21.104774,188,15,240.718750,1777.750
1785217993.045898676,21.104774,188,15,242.375000,1797.250
1785217993.045898676,21.104774,188,10,258.093750,9964.250
1785217993.045898676,21.104774,188,14,259.750000,9794.250
1785217993.045898676,21.104774,188,15,263.031250,9129.250
1785217993.045898676,21.104774,188,15,264.671875,8926.750
1785217993.045898676,21.104774,188,15,266.312500,8731.250
1785217993.045898676,21.104774,188,15,267.953125,8598.000
1785217993.045898676,21.104774,188,15,269.609375,8453.250
1785217993.045898676,21.104774,188,8,282.796875,6244.000
1785217993.045898676,21.104774,188,7,322.515625,3835.250
1785217993.045898676,21.104774,188,9,327.453125,3746.750
1785217993.158641815,21.259501,189,9,10.500000,2600.250
1785217993.158641815,21.259501,189,15,13.750000,2552.500
1785217993.158641815,21.259501,189,15,183.125000,2032.250
1785217993.158641815,21.259501,189,15,184.781250,2031.000
1785217993.158641815,21.259501,189,15,215.468750,9978.500
1785217993.158641815,21.259501,189,15,217.125000,9975.750
1785217993.158641815,21.259501,189,15,237.500000,1812.750
1785217993.158641815,21.259501,189,15,239.140625,1785.250
1785217993.158641815,21.259501,189,15,240.750000,1784.500
1785217993.158641815,21.259501,189,15,242.406250,1806.000
1785217993.158641815,21.259501,189,11,258.203125,10069.250
1785217993.158641815,21.259501,189,12,259.843750,9836.250
1785217993.158641815,21.259501,189,15,264.796875,8955.500
1785217993.268610001,21.337131,190,8,10.593750,2608.500
1785217993.268610001,21.337131,190,15,13.796875,2557.750
1785217993.268610001,21.337131,190,11,181.593750,2041.000
1785217993.268610001,21.337131,190,15,183.234375,2030.250
1785217993.268610001,21.337131,190,15,184.875000,2039.250
1785217993.268610001,21.337131,190,15,215.562500,9966.750
1785217993.268610001,21.337131,190,15,217.203125,9982.250
1785217993.268610001,21.337131,190,13,237.609375,1808.250
1785217993.268610001,21.337131,190,15,239.250000,1798.500
1785217993.268610001,21.337131,190,9,240.906250,1795.750
1785217993.268610001,21.337131,190,15,244.203125,1809.500
1785217993.268610001,21.337131,190,11,258.359375,10047.250
1785217993.268610001,21.337131,190,13,260.000000,9795.500
1785217993.268610001,21.337131,190,15,264.953125,8940.500
1785217993.268610001,21.337131,190,15,266.609375,8793.750
1785217993.381206274,21.494208,191,10,9.093750,2625.500
1785217993.381206274,21.494208,191,15,13.953125,2562.000
1785217993.381206274,21.494208,191,13,183.312500,2040.750
1785217993.381206274,21.494208,191,15,185.000000,2033.250
1785217993.381206274,21.494208,191,15,186.609375,2054.250
1785217993.381206274,21.494208,191,15,217.218750,9931.500
1785217993.381206274,21.494208,191,15,218.859375,9954.750
1785217993.381206274,21.494208,191,15,239.234375,1810.000
1785217993.381206274,21.494208,191,9,242.562500,1784.750
1785217993.381206274,21.494208,191,15,244.156250,1805.000
1785217993.381206274,21.494208,191,12,258.343750,10101.000
1785217993.381206274,21.494208,191,15,259.984375,9882.250
1785217993.381206274,21.494208,191,14,261.640625,9628.000
1785217993.381206274,21.494208,191,15,266.578125,8804.500
1785217993.495571375,21.557731,192,7,10.812500,2592.250
1785217993.495571375,21.557731,192,15,14.078125,2560.750
1785217993.495571375,21.557731,192,15,185.234375,2040.250
1785217993.495571375,21.557731,192,15,186.875000,2041.500
1785217993.495571375,21.557731,192,15,219.234375,9952.500
1785217993.495571375,21.557731,192,15,239.671875,1822.000
1785217993.495571375,21.557731,192,12,241.312500,1805.000
1785217993.495571375,21.557731,192,14,260.359375,9887.750
1785217993.495571375,21.557731,192,15,262.000000,9682.750
1785217993.495571375,21.557731,192,14,266.937500,8786.500
1785217993.495571375,21.557731,192,14,323.250000,3872.500
1785217993.606317759,21.713015,193,10,11.187500,2555.000
1785217993.606317759,21.713015,193,15,12.828125,2545.250
1785217993.606317759,21.713015,193,10,14.500000,2541.000
1785217993.606317759,21.713015,193,15,185.609375,2033.250
1785217993.606317759,21.713015,193,15,187.265625,2035.750
1785217993.606317759,21.713015,193,15,219.656250,10082.750
1785217993.606317759,21.713015,193,15,240.015625,1834.500
1785217993.606317759,21.713015,193,15,241.640625,1820.250
1785217993.606317759,21.713015,193,15,243.296875,1838.000
1785217993.606317759,21.713015,193,15,246.546875,1868.750
1785217993.606317759,21.713015,193,11,259.125000,10085.000
1785217993.606317759,21.713015,193,13,260.765625,9851.250
1785217993.606317759,21.713015,193,13,262.406250,9673.500
1785217993.606317759,21.713015,193,15,267.359375,8839.750
1785217993.718371153,21.789781,194,15,13.234375,2558.500
1785217993.718371153,21.789781,194,9,186.046875,2036.000
1785217993.718371153,21.789781,194,15,187.656250,2038.500
1785217993.718371153,21.789781,194,15,220.015625,10095.500
1785217993.718371153,21.789781,194,15,240.421875,1845.750
1785217993.718371153,21.789781,194,15,242.031250,1818.750
1785217993.718371153,21.789781,194,15,243.656250,1827.000
1785217993.718371153,21.789781,194,15,245.328125,1849.000
1785217993.718371153,21.789781,194,14,261.109375,9863.500
1785217993.718371153,21.789781,194,9,262.750000,9665.250
1785217993.718371153,21.789781,194,15,267.703125,8875.250
1785217993.828857422,21.946316,195,15,13.500000,2568.250
1785217993.828857422,21.946316,195,15,187.875000,2045.500
1785217993.828857422,21.946316,195,8,218.562500,10004.500
1785217993.828857422,21.946316,195,15,220.203125,10039.250
1785217993.828857422,21.946316,195,15,243.781250,1834.500
1785217993.828857422,21.946316,195,15,245.390625,1863.500
1785217993.828857422,21.946316,195,13,261.218750,9907.500
1785217993.828857422,21.946316,195,15,262.875000,9691.500
1785217993.828857422,21.946316,195,15,267.812500,8939.500
1785217993.940285206,22.024617,196,15,188.046875,2049.250
1785217993.940285206,22.024617,196,15,218.609375,10095.500
1785217993.940285206,22.024617,196,15,220.265625,10041.750
1785217993.940285206,22.024617,196,15,242.234375,1847.500
1785217993.940285206,22.024617,196,15,243.875000,1843.750
1785217993.940285206,22.024617,196,12,247.125000,1874.500
1785217993.940285206,22.024617,196,15,248.734375,1916.750
1785217993.940285206,22.024617,196,13,259.671875,10156.250
1785217993.940285206,22.024617,196,15,261.312500,9992.750
1785217993.940285206,22.024617,196,15,262.953125,9745.750
1785217993.940285206,22.024617,196,12,264.609375,9486.250
1785217994.054601669,22.182650,197,15,13.578125,2545.500
1785217994.054601669,22.182650,197,15,189.625000,2058.500
1785217994.054601669,22.182650,197,15,218.562500,10011.500
1785217994.054601669,22.182650,197,15,220.203125,10050.250
1785217994.054601669,22.182650,197,15,237.171875,2184.500
1785217994.054601669,22.182650,197,15,242.171875,1872.000
1785217994.054601669,22.182650,197,10,259.625000,10256.750
1785217994.054601669,22.182650,197,15,261.265625,10007.750
1785217994.054601669,22.182650,197,13,262.921875,9813.000
1785217994.054601669,22.182650,197,13,264.562500,9593.500
1785217994.054601669,22.182650,197,15,267.859375,8893.250
1785217994.054601669,22.182650,197,15,269.515625,8815.500
1785217994.054601669,22.182650,197,11,324.015625,3887.750
1785217994.054601669,22.182650,197,12,325.640625,3889.500
1785217994.054601669,22.182650,197,10,327.296875,3891.000
1785217994.167520523,22.259569,198,15,13.578125,2546.500
1785217994.167520523,22.259569,198,15,218.609375,10086.000
1785217994.167520523,22.259569,198,15,220.250000,10060.500
1785217994.167520523,22.259569,198,15,247.125000,1916.750
1785217994.167520523,22.259569,198,13,261.312500,10016.250
1785217994.167520523,22.259569,198,15,262.953125,9821.000
1785217994.167520523,22.259569,198,12,264.593750,9655.000
1785217994.167520523,22.259569,198,15,267.890625,9021.750
1785217994.167520523,22.259569,198,15,269.546875,8832.250
1785217994.167520523,22.259569,198,15,271.171875,8672.500
1785217994.167520523,22.259569,198,15,272.828125,8513.750
1785217994.167520523,22.259569,198,15,274.421875,8375.750
1785217994.167520523,22.259569,198,15,276.046875,8280.250
1785217994.167520523,22.259569,198,7,325.671875,3890.500
1785217994.167520523,22.259569,198,15,327.343750,3889.750
1785217994.278066635,22.338195,199,15,13.562500,2544.750
1785217994.278066635,22.338195,199,15,189.531250,2035.500
1785217994.278066635,22.338195,199,14,191.140625,2040.750
1785217994.278066635,22.338195,199,15,220.218750,10071.000
1785217994.278066635,22.338195,199,15,221.859375,10105.750
1785217994.278066635,22.338195,199,15,243.859375,1880.500
1785217994.278066635,22.338195,199,14,261.312500,10183.750
1785217994.278066635,22.338195,199,15,262.953125,9888.500
1785217994.278066635,22.338195,199,13,264.593750,9651.000
1785217994.278066635,22.338195,199,15,272.843750,8554.500
1785217994.278066635,22.338195,199,15,274.390625,8444.000
1785217994.278066635,22.338195,199,9,276.046875,8357.750
1785217994.278066635,22.338195,199,9,324.046875,3900.500
1785217994.278066635,22.338195,199,9,327.343750,3880.750
1785217994.278066635,22.338195,199,7,329.000000,3819.250
1785217994.390591383,22.497584,200,15,10.406250,2583.250
1785217994.390591383,22.497584,200,15,13.593750,2547.500
1785217994.390591383,22.497584,200,15,175.890625,8439.500
1785217994.390591383,22.497584,200,15,220.328125,10064.250
1785217994.390591383,22.497584,200,15,221.968750,10102.500
1785217994.390591383,22.497584,200,15,238.937500,2216.250
1785217994.390591383,22.497584,200,15,243.953125,1895.500
1785217994.390591383,22.497584,200,15,245.625000,1873.500
1785217994.390591383,22.497584,200,15,247.250000,1889.250
1785217994.390591383,22.497584,200,15,250.531250,1939.500
1785217994.390591383,22.497584,200,7,256.484375,11764.750
1785217994.390591383,22.497584,200,7,258.125000,11438.750
1785217994.390591383,22.497584,200,14,263.093750,9896.750
1785217994.390591383,22.497584,200,11,264.718750,9726.250
1785217994.390591383,22.497584,200,15,269.671875,8938.500
1785217994.390591383,22.497584,200,10,325.968750,3900.250
1785217994.390591383,22.497584,200,11,327.593750,3891.250
1785217994.500526667,22.560059,201,15,13.937500,2543.000
1785217994.500526667,22.560059,201,9,219.203125,10050.250
1785217994.500526667,22.560059,201,15,220.843750,10097.750
1785217994.500526667,22.560059,201,15,222.500000,10143.250
1785217994.500526667,22.560059,201,15,239.406250,2221.000
1785217994.500526667,22.560059,201,15,244.500000,1904.000
1785217994.500526667,22.560059,201,15,246.078125,1887.750
1785217994.500526667,22.560059,201,15,247.718750,1904.250
1785217994.500526667,22.560059,201,10,261.953125,10126.250
1785217994.500526667,22.560059,201,15,263.593750,9903.000
1785217994.500526667,22.560059,201,12,265.250000,9726.500
1785217994.500526667,22.560059,201,15,268.546875,9085.250
1785217994.500526667,22.560059,201,10,271.843750,8623.250
1785217994.500526667,22.560059,201,8,273.500000,8549.250
1785217994.500526667,22.560059,201,10,324.921875,3875.000
1785217994.500526667,22.560059,201,9,331.531250,3728.750
1785217994.615555763,22.714640,202,15,12.890625,2572.000
1785217994.615555763,22.714640,202,11,14.531250,2538.250
1785217994.615555763,22.714640,202,15,221.390625,10076.250
1785217994.615555763,22.714640,202,15,245.000000,1913.750
1785217994.615555763,22.714640,202,15,246.656250,1899.000
1785217994.615555763,22.714640,202,15,248.296875,1917.500
1785217994.615555763,22.714640,202,15,249.890625,1944.000
1785217994.615555763,22.714640,202,12,262.468750,10051.750
1785217994.615555763,22.714640,202,14,264.109375,9878.750
1785217994.615555763,22.714640,202,15,265.765625,9705.750
1785217994.615555763,22.714640,202,9,323.750000,3932.500
1785217994.615555763,22.714640,202,10,328.703125,3860.250
1785217994.615555763,22.714640,202,10,333.671875,3775.250
1785217994.726570129,22.792940,203,15,13.406250,2555.250
1785217994.726570129,22.792940,203,15,221.812500,10073.250
1785217994.726570129,22.792940,203,15,240.359375,2242.500
1785217994.726570129,22.792940,203,15,245.406250,1926.000
1785217994.726570129,22.792940,203,15,247.015625,1909.000
1785217994.726570129,22.792940,203,15,248.687500,1935.750
1785217994.726570129,22.792940,203,15,250.281250,1963.750
1785217994.726570129,22.792940,203,15,264.546875,9911.500
1785217994.726570129,22.792940,203,15,269.500000,9116.500
1785217994.726570129,22.792940,203,15,271.140625,8880.000
1785217994.726570129,22.792940,203,8,272.796875,8686.250
1785217994.726570129,22.792940,203,8,324.109375,3865.750
1785217994.726570129,22.792940,203,7,332.359375,3700.750
1785217994.726570129,22.792940,203,10,334.015625,3692.750
1785217994.837943792,22.933581,204,15,193.046875,2049.750
1785217994.837943792,22.933581,204,15,222.031250,10185.250
1785217994.837943792,22.933581,204,10,223.671875,10143.750
1785217994.837943792,22.933581,204,15,240.656250,2272.750
1785217994.837943792,22.933581,204,15,245.671875,1940.250
1785217994.837943792,22.933581,204,15,248.937500,1923.000
1785217994.837943792,22.933581,204,14,263.218750,10183.250
1785217994.837943792,22.933581,204,13,264.859375,9955.500
1785217994.837943792,22.933581,204,10,266.515625,9715.500
1785217994.837943792,22.933581,204,15,269.812500,9114.500
1785217994.837943792,22.933581,204,9,329.328125,3742.250
1785217994.837943792,22.933581,204,14,334.281250,3715.500
1785217994.950473309,23.012640,205,15,13.953125,2539.500
1785217994.950473309,23.012640,205,15,193.296875,2030.250
1785217994.950473309,23.012640,205,15,222.250000,10114.500
1785217994.950473309,23.012640,205,15,223.906250,10202.500
1785217994.950473309,23.012640,205,15,245.906250,1954.250
1785217994.950473309,23.012640,205,15,247.546875,1927.750
1785217994.950473309,23.012640,205,15,249.187500,1947.000
1785217994.950473309,23.012640,205,15,250.859375,1961.250
1785217994.950473309,23.012640,205,15,263.406250,10157.250
1785217994.950473309,23.012640,205,15,265.046875,9940.250
1785217994.950473309,23.012640,205,12,266.687500,9729.500
1785217994.950473309,23.012640,205,15,270.000000,9131.750
1785217994.950473309,23.012640,205,9,329.468750,3745.750
1785217994.950473309,23.012640,205,9,332.765625,3708.000
1785217994.950473309,23.012640,205,10,334.437500,3685.750
1785217995.060474634,23.167094,206,8,10.718750,2576.750
1785217995.060474634,23.167094,206,15,14.015625,2534.750
1785217995.060474634,23.167094,206,14,222.281250,10105.750
1785217995.060474634,23.167094,206,15,223.921875,10118.500
1785217995.060474634,23.167094,206,15,245.906250,1957.250
1785217995.060474634,23.167094,206,15,247.531250,1947.250
1785217995.060474634,23.167094,206,15,249.203125,1957.000
1785217995.060474634,23.167094,206,10,250.796875,1982.250
1785217995.060474634,23.167094,206,14,264.984375,9954.750
1785217995.060474634,23.167094,206,13,266.625000,9725.750
1785217995.060474634,23.167094,206,10,327.828125,3725.500
1785217995.060474634,23.167094,206,15,329.484375,3682.750
1785217995.060474634,23.167094,206,11,331.125000,3654.500
1785217995.174713135,23.243235,207,7,10.734375,2576.250
1785217995.174713135,23.243235,207,15,14.031250,2534.250
1785217995.174713135,23.243235,207,7,171.265625,14435.000
1785217995.174713135,23.243235,207,15,194.859375,2035.500
1785217995.174713135,23.243235,207,15,222.250000,10115.750
1785217995.174713135,23.243235,207,15,223.875000,10123.750
1785217995.174713135,23.243235,207,15,247.421875,1966.000
1785217995.174713135,23.243235,207,15,249.078125,1950.000
1785217995.174713135,23.243235,207,13,266.468750,9858.500
1785217995.174713135,23.243235,207,9,325.968750,3689.250
1785217995.174713135,23.243235,207,12,327.625000,3695.250
1785217995.174713135,23.243235,207,15,329.281250,3697.500
1785217995.174713135,23.243235,207,15,330.906250,3683.000
1785217995.174713135,23.243235,207,10,334.234375,3680.500
1785217995.286112547,23.398329,208,15,13.875000,2556.000
1785217995.286112547,23.398329,208,14,193.140625,2038.250
1785217995.286112547,23.398329,208,15,194.796875,2010.750
1785217995.286112547,23.398329,208,15,196.406250,2021.000
1785217995.286112547,23.398329,208,15,222.156250,10156.250
1785217995.286112547,23.398329,208,15,223.796875,10133.750
1785217995.286112547,23.398329,208,15,242.281250,2305.250
1785217995.286112547,23.398329,208,15,245.656250,2001.250
1785217995.286112547,23.398329,208,15,247.328125,1973.250
1785217995.286112547,23.398329,208,15,248.937500,1962.500
1785217995.286112547,23.398329,208,15,250.578125,1978.750
1785217995.286112547,23.398329,208,15,252.234375,2009.500
1785217995.286112547,23.398329,208,15,253.812500,2047.750
1785217995.286112547,23.398329,208,12,264.765625,10059.250
1785217995.286112547,23.398329,208,12,266.406250,9911.750
1785217995.286112547,23.398329,208,15,268.046875,9747.750
1785217995.286112547,23.398329,208,15,327.609375,3712.500
1785217995.286112547,23.398329,208,15,329.281250,3718.500
1785217995.286112547,23.398329,208,9,334.234375,3693.500
1785217995.398021698,23.476681,209,15,13.906250,2538.500
1785217995.398021698,23.476681,209,12,194.906250,2038.500
1785217995.398021698,23.476681,209,15,196.578125,2039.750
1785217995.398021698,23.476681,209,15,223.937500,10227.750
1785217995.398021698,23.476681,209,15,247.500000,1988.250
1785217995.398021698,23.476681,209,15,250.812500,1982.000
1785217995.398021698,23.476681,209,11,266.671875,9897.500
1785217995.398021698,23.476681,209,15,268.328125,9637.000
1785217995.398021698,23.476681,209,9,326.250000,3700.000
1785217995.398021698,23.476681,209,15,327.906250,3717.000
1785217995.398021698,23.476681,209,15,329.546875,3718.750
1785217995.398021698,23.476681,209,15,331.203125,3696.250
1785217995.398021698,23.476681,209,10,334.500000,3686.500
1785217995.509761095,23.634569,210,8,10.843750,2577.250
1785217995.509761095,23.634569,210,15,14.156250,2534.000
1785217995.509761095,23.634569,210,15,193.515625,2033.750
1785217995.509761095,23.634569,210,15,195.125000,2029.250
1785217995.509761095,23.634569,210,15,196.796875,2025.000
1785217995.509761095,23.634569,210,15,224.156250,10144.000
1785217995.509761095,23.634569,210,11,225.812500,10127.250
1785217995.509761095,23.634569,210,15,247.734375,1993.000
1785217995.509761095,23.634569,210,15,249.390625,1985.250
1785217995.509761095,23.634569,210,15,252.671875,2015.250
1785217995.509761095,23.634569,210,15,254.312500,2060.250
1785217995.509761095,23.634569,210,13,265.265625,10129.000
1785217995.509761095,23.634569,210,15,266.906250,9912.250
1785217995.509761095,23.634569,210,14,268.546875,9709.250
1785217995.509761095,23.634569,210,13,270.203125,9471.500
1785217995.509761095,23.634569,210,8,329.734375,3811.750
1785217995.509761095,23.634569,210,10,331.406250,3731.250
1785217995.509761095,23.634569,210,11,336.359375,3679.500
1785217995.620796680,23.711966,211,8,359.437500,3713.250
1785217995.620796680,23.711966,211,15,14.406250,2563.500
1785217995.620796680,23.711966,211,14,192.078125,2090.750
1785217995.620796680,23.711966,211,15,193.734375,2049.500
1785217995.620796680,23.711966,211,12,195.406250,2037.250
1785217995.620796680,23.711966,211,15,197.046875,2026.000
1785217995.620796680,23.711966,211,15,224.359375,10211.000
1785217995.620796680,23.711966,211,15,226.015625,10263.250
1785217995.620796680,23.711966,211,15,248.000000,2008.000
1785217995.620796680,23.711966,211,10,249.656250,1991.000
1785217995.620796680,23.711966,211,15,251.312500,2002.250
1785217995.620796680,23.711966,211,15,254.640625,2048.000
1785217995.620796680,23.711966,211,8,326.812500,3881.500
1785217995.620796680,23.711966,211,5,330.125000,3823.250
1785217995.620796680,23.711966,211,10,335.062500,3752.750
1785217995.734808207,23.790074,212,13,11.437500,2556.000
1785217995.734808207,23.790074,212,15,13.062500,2521.000
1785217995.734808207,23.790074,212,15,14.703125,2522.750
1785217995.734808207,23.790074,212,15,190.125000,12047.000
1785217995.734808207,23.790074,212,15,194.015625,2059.000
1785217995.734808207,23.790074,212,13,195.656250,2039.250
1785217995.734808207,23.790074,212,15,197.281250,2017.500
1785217995.734808207,23.790074,212,15,198.906250,2032.000
1785217995.734808207,23.790074,212,15,222.984375,10224.000
1785217995.734808207,23.790074,212,15,224.625000,10243.500
1785217995.734808207,23.790074,212,15,226.296875,10220.750
1785217995.734808207,23.790074,212,15,248.234375,2026.500
1785217995.734808207,23.790074,212,15,249.859375,2013.500
1785217995.734808207,23.790074,212,15,253.171875,2035.000
1785217995.734808207,23.790074,212,15,254.781250,2072.000
1785217995.734808207,23.790074,212,15,256.390625,2119.750
1785217995.734808207,23.790074,212,15,328.593750,3740.000
1785217995.734808207,23.790074,212,15,330.234375,3731.000
1785217995.734808207,23.790074,212,11,331.875000,3694.500
1785217995.734808207,23.790074,212,8,336.828125,3678.250
1785217995.846904278,23.945916,213,6,11.484375,2554.250
1785217995.846904278,23.945916,213,15,13.125000,2529.000
1785217995.846904278,23.945916,213,15,14.765625,2520.750
1785217995.846904278,23.945916,213,8,172.031250,14310.500
1785217995.846904278,23.945916,213,8,173.687500,14524.250
1785217995.846904278,23.945916,213,15,190.109375,12127.500
1785217995.846904278,23.945916,213,15,195.640625,2039.250
1785217995.846904278,23.945916,213,15,197.281250,2038.500
1785217995.846904278,23.945916,213,15,198.906250,2040.250
1785217995.846904278,23.945916,213,15,224.671875,10167.500
1785217995.846904278,23.945916,213,15,226.328125,10231.750
1785217995.846904278,23.945916,213,15,248.250000,2040.250
1785217995.846904278,23.945916,213,15,249.953125,2017.500
1785217995.846904278,23.945916,213,15,253.187500,2037.000
1785217995.846904278,23.945916,213,15,254.828125,2071.000
1785217995.846904278,23.945916,213,10,325.281250,3684.500
1785217995.846904278,23.945916,213,12,326.937500,3672.250
1785217995.846904278,23.945916,213,13,330.234375,3668.750
1785217995.846904278,23.945916,213,9,331.906250,3622.750
1785217995.846904278,23.945916,213,14,338.500000,3608.000
1785217995.958631277,24.025256,214,8,11.531250,2553.250
1785217995.958631277,24.025256,214,15,13.171875,2527.750
1785217995.958631277,24.025256,214,8,173.718750,14486.250
1785217995.958631277,24.025256,214,15,195.687500,2036.750
1785217995.958631277,24.025256,214,15,197.359375,2023.250
1785217995.958631277,24.025256,214,15,198.984375,2013.000
1785217995.958631277,24.025256,214,15,224.765625,10211.500
1785217995.958631277,24.025256,214,15,226.390625,10133.500
1785217995.958631277,24.025256,214,15,249.968750,2030.250
1785217995.958631277,24.025256,214,15,251.578125,2014.750
1785217995.958631277,24.025256,214,15,253.234375,2032.000
1785217995.958631277,24.025256,214,15,254.859375,2073.000
1785217995.958631277,24.025256,214,8,326.953125,3684.000
1785217995.958631277,24.025256,214,12,330.234375,3669.000
1785217995.958631277,24.025256,214,7,331.906250,3624.500
1785217995.958631277,24.025256,214,15,338.468750,3609.750
1785217996.069470644,24.181810,215,11,11.546875,2553.750
1785217996.069470644,24.181810,215,15,13.203125,2527.250
1785217996.069470644,24.181810,215,7,173.640625,14461.000
1785217996.069470644,24.181810,215,15,195.609375,2037.250
1785217996.069470644,24.181810,215,15,197.281250,2021.500
1785217996.069470644,24.181810,215,15,198.937500,2004.500
1785217996.069470644,24.181810,215,15,200.562500,2019.250
1785217996.069470644,24.181810,215,15,224.671875,10230.000
1785217996.069470644,24.181810,215,15,226.281250,10260.000
1785217996.069470644,24.181810,215,15,249.812500,2046.750
1785217996.069470644,24.181810,215,15,253.078125,2048.500
1785217996.069470644,24.181810,215,10,330.156250,3674.250
1785217996.069470644,24.181810,215,9,331.828125,3640.250
1785217996.069470644,24.181810,215,15,338.406250,3626.250
1785217996.183458567,24.260037,216,15,13.078125,2558.000
1785217996.183458567,24.260037,216,15,197.234375,2020.250
1785217996.183458567,24.260037,216,15,198.859375,2023.750
1785217996.183458567,24.260037,216,15,200.546875,2024.500
1785217996.183458567,24.260037,216,15,226.203125,10270.250
1785217996.183458567,24.260037,216,15,227.843750,10247.750
1785217996.183458567,24.260037,216,15,249.718750,2066.500
1785217996.183458567,24.260037,216,15,251.375000,2046.500
1785217996.183458567,24.260037,216,15,253.046875,2040.500
1785217996.183458567,24.260037,216,8,325.156250,3698.500
1785217996.183458567,24.260037,216,15,330.078125,3673.000
1785217996.183458567,24.260037,216,15,331.750000,3644.000
1785217996.295936346,24.417144,217,13,14.671875,2491.750
1785217996.295936346,24.417144,217,8,173.671875,14210.500
1785217996.295936346,24.417144,217,8,175.312500,14558.750
1785217996.295936346,24.417144,217,15,197.312500,2020.500
1785217996.295936346,24.417144,217,15,198.968750,2011.750
1785217996.295936346,24.417144,217,15,200.625000,2007.250
1785217996.295936346,24.417144,217,15,202.265625,2032.250
1785217996.295936346,24.417144,217,15,226.250000,10196.500
1785217996.295936346,24.417144,217,15,227.906250,10254.250
1785217996.295936346,24.417144,217,15,251.468750,2061.500
1785217996.295936346,24.417144,217,15,253.140625,2064.250
1785217996.295936346,24.417144,217,15,330.156250,3697.000
1785217996.295936346,24.417144,217,12,331.828125,3647.750
1785217996.407108307,24.493528,218,15,13.093750,2551.000
1785217996.407108307,24.493528,218,7,173.781250,14317.000
1785217996.407108307,24.493528,218,8,175.406250,14408.250
1785217996.407108307,24.493528,218,15,197.437500,2030.500
1785217996.407108307,24.493528,218,15,199.078125,2012.250
1785217996.407108307,24.493528,218,15,200.718750,2004.250
1785217996.407108307,24.493528,218,15,202.343750,2022.000
1785217996.407108307,24.493528,218,15,226.375000,10319.250
1785217996.407108307,24.493528,218,15,228.015625,10269.750
1785217996.407108307,24.493528,218,15,251.609375,2070.750
1785217996.407108307,24.493528,218,15,254.859375,2078.500
1785217996.407108307,24.493528,218,11,256.515625,2105.500
1785217996.407108307,24.493528,218,8,326.968750,3683.500
1785217996.407108307,24.493528,218,7,328.578125,3668.750
1785217996.407108307,24.493528,218,15,330.265625,3676.000
1785217996.407108307,24.493528,218,15,331.906250,3681.000
1785217996.518221617,24.573871,219,8,175.421875,14404.750
1785217996.518221617,24.573871,219,15,197.468750,2032.250
1785217996.518221617,24.573871,219,15,199.078125,2011.750
1785217996.518221617,24.573871,219,15,200.734375,2018.750
1785217996.518221617,24.573871,219,15,202.390625,2035.750
1785217996.518221617,24.573871,219,15,203.953125,2066.750
1785217996.518221617,24.573871,219,15,226.453125,10310.750
1785217996.518221617,24.573871,219,15,228.093750,10315.000
1785217996.518221617,24.573871,219,15,251.625000,2073.500
1785217996.518221617,24.573871,219,15,254.937500,2091.250
1785217996.518221617,24.573871,219,15,256.546875,2125.000
1785217996.518221617,24.573871,219,15,328.687500,3688.500
1785217996.518221617,24.573871,219,15,331.984375,3673.750
1785217996.629316092,24.727283,220,15,13.234375,2551.750
1785217996.629316092,24.727283,220,10,175.359375,14444.000
1785217996.629316092,24.727283,220,15,198.921875,2024.750
1785217996.629316092,24.727283,220,15,200.578125,2012.750
1785217996.629316092,24.727283,220,15,202.218750,2012.000
1785217996.629316092,24.727283,220,15,203.906250,2036.500
1785217996.629316092,24.727283,220,15,226.359375,10253.750
1785217996.629316092,24.727283,220,15,228.000000,10264.500
1785217996.629316092,24.727283,220,15,251.562500,2101.000
1785217996.629316092,24.727283,220,15,253.218750,2086.500
1785217996.629316092,24.727283,220,15,254.859375,2101.250
1785217996.629316092,24.727283,220,15,256.515625,2120.250
1785217996.629316092,24.727283,220,9,338.531250,3607.250
1785217996.629316092,24.727283,220,9,340.203125,3628.750
1785217996.629316092,24.727283,220,7,341.843750,3627.750
1785217996.743841887,24.803705,221,15,13.187500,2551.750
1785217996.743841887,24.803705,221,15,193.453125,12053.000
1785217996.743841887,24.803705,221,15,200.609375,2013.250
1785217996.743841887,24.803705,221,15,202.265625,2003.500
1785217996.743841887,24.803705,221,15,228.000000,10345.500
1785217996.743841887,24.803705,221,15,253.203125,2088.500
1785217996.743841887,24.803705,221,15,256.484375,2107.250
1785217996.743841887,24.803705,221,15,259.750000,2225.750
1785217996.743841887,24.803705,221,9,341.843750,3581.750
1785217996.855314970,24.960645,222,9,1.546875,3643.500
1785217996.855314970,24.960645,222,15,13.218750,2523.250
1785217996.855314970,24.960645,222,7,173.703125,13958.750
1785217996.855314970,24.960645,222,8,175.343750,14234.750
1785217996.855314970,24.960645,222,8,176.984375,14459.000
1785217996.855314970,24.960645,222,14,193.421875,12070.250
1785217996.855314970,24.960645,222,15,200.578125,2025.750
1785217996.855314970,24.960645,222,15,202.234375,2022.250
1785217996.855314970,24.960645,222,15,203.890625,2030.000
1785217996.855314970,24.960645,222,15,227.953125,10291.500
1785217996.855314970,24.960645,222,15,229.593750,10344.250
1785217996.855314970,24.960645,222,15,253.140625,2110.250
1785217996.855314970,24.960645,222,15,254.750000,2109.500
1785217996.855314970,24.960645,222,14,256.375000,2119.500
1785217996.855314970,24.960645,222,10,259.671875,2226.500
1785217996.855314970,24.960645,222,14,333.531250,3635.500
1785217996.855314970,24.960645,222,9,341.765625,3628.250
1785217996.967524290,25.038438,223,10,1.468750,3669.500
1785217996.967524290,25.038438,223,12,14.812500,2516.750
1785217996.967524290,25.038438,223,15,200.500000,2039.500
1785217996.967524290,25.038438,223,15,202.171875,2014.000
1785217996.967524290,25.038438,223,15,203.750000,2009.750
1785217996.967524290,25.038438,223,15,205.406250,2033.250
1785217996.967524290,25.038438,223,15,227.812500,10365.000
1785217996.967524290,25.038438,223,15,252.953125,2132.750
1785217996.967524290,25.038438,223,15,254.625000,2118.500
1785217997.078707695,25.195583,224,7,176.625000,14297.750
1785217997.078707695,25.195583,224,15,200.250000,2059.000
1785217997.078707695,25.195583,224,15,201.921875,2026.000
1785217997.078707695,25.195583,224,15,203.546875,2028.250
1785217997.078707695,25.195583,224,15,205.156250,2042.250
1785217997.078707695,25.195583,224,15,206.812500,2072.500
1785217997.078707695,25.195583,224,15,227.593750,10277.500
1785217997.078707695,25.195583,224,15,229.234375,10257.500
1785217997.078707695,25.195583,224,15,254.453125,2130.500
1785217997.078707695,25.195583,224,15,257.703125,2169.000
1785217997.078707695,25.195583,224,8,321.578125,3662.000
1785217997.078707695,25.195583,224,15,334.828125,3452.750
1785217997.078707695,25.195583,224,12,344.718750,3452.000
1785217997.189575434,25.274747,225,4,11.203125,2569.000
1785217997.189575434,25.274747,225,15,14.515625,2522.000
1785217997.189575434,25.274747,225,15,194.843750,12095.250
1785217997.189575434,25.274747,225,15,202.031250,2028.000
1785217997.189575434,25.274747,225,15,203.593750,2027.000
1785217997.189575434,25.274747,225,15,205.234375,2031.000
1785217997.189575434,25.274747,225,15,206.875000,2049.500
1785217997.189575434,25.274747,225,15,229.328125,10320.750
1785217997.189575434,25.274747,225,15,254.562500,2145.500
1785217997.189575434,25.274747,225,7,290.234375,4764.750
1785217997.189575434,25.274747,225,15,334.921875,3456.250
1785217997.304051399,25.429170,226,7,11.234375,2570.500
1785217997.304051399,25.429170,226,15,14.546875,2528.250
1785217997.304051399,25.429170,226,15,193.343750,12256.250
1785217997.304051399,25.429170,226,15,195.000000,12106.250
1785217997.304051399,25.429170,226,15,202.140625,2040.250
1785217997.304051399,25.429170,226,15,203.765625,2023.500
1785217997.304051399,25.429170,226,15,205.390625,2011.500
1785217997.304051399,25.429170,226,15,207.000000,2038.250
1785217997.304051399,25.429170,226,15,227.828125,10371.000
1785217997.304051399,25.429170,226,15,229.468750,10361.750
1785217997.304051399,25.429170,226,15,231.109375,10376.000
1785217997.304051399,25.429170,226,15,254.671875,2160.750
1785217997.304051399,25.429170,226,15,259.578125,2182.500
1785217997.415063143,25.509631,227,15,14.765625,2550.500
1785217997.415063143,25.509631,227,8,172.203125,12662.000
1785217997.415063143,25.509631,227,15,195.234375,12009.000
1785217997.415063143,25.509631,227,15,196.875000,11964.250
1785217997.415063143,25.509631,227,15,202.375000,2050.000
1785217997.415063143,25.509631,227,15,204.031250,2028.250
1785217997.415063143,25.509631,227,15,205.656250,2020.750
1785217997.415063143,25.509631,227,15,229.765625,10433.750
1785217997.415063143,25.509631,227,15,231.406250,10409.750
1785217997.415063143,25.509631,227,13,254.890625,2177.250
1785217997.415063143,25.509631,227,14,258.171875,2186.250
1785217997.415063143,25.509631,227,15,259.828125,2217.500
1785217997.415063143,25.509631,227,15,335.359375,3327.750
1785217997.415063143,25.509631,227,0,338.625000,3342.500
1785217997.526599407,25.584881,228,15,13.328125,2511.750
1785217997.526599407,25.584881,228,10,14.953125,2498.750
1785217997.526599407,25.584881,228,9,177.281250,14216.000
1785217997.526599407,25.584881,228,15,195.421875,12040.750
1785217997.526599407,25.584881,228,15,197.078125,11898.000
1785217997.526599407,25.584881,228,15,202.609375,2058.750
1785217997.526599407,25.584881,228,15,204.234375,2030.250
1785217997.526599407,25.584881,228,15,205.859375,2033.500
1785217997.526599407,25.584881,228,15,207.500000,2058.000
1785217997.526599407,25.584881,228,15,209.140625,2084.000
1785217997.526599407,25.584881,228,15,229.937500,10404.250
1785217997.526599407,25.584881,228,15,231.562500,10369.250
1785217997.526599407,25.584881,228,15,255.062500,2204.750
1785217997.526599407,25.584881,228,15,256.718750,2185.750
1785217997.526599407,25.584881,228,15,258.375000,2185.250
1785217997.526599407,25.584881,228,15,259.968750,2213.750
1785217997.526599407,25.584881,228,12,261.609375,2260.750
1785217997.526599407,25.584881,228,15,335.562500,3326.250
1785217997.639002800,25.742237,229,15,13.546875,2527.250
1785217997.639002800,25.742237,229,15,195.671875,12136.500
1785217997.639002800,25.742237,229,14,197.343750,11973.500
1785217997.639002800,25.742237,229,15,202.859375,2073.500
1785217997.639002800,25.742237,229,15,204.531250,2035.250
1785217997.639002800,25.742237,229,15,206.171875,2028.500
1785217997.639002800,25.742237,229,15,207.765625,2044.000
1785217997.639002800,25.742237,229,15,209.406250,2071.000
1785217997.639002800,25.742237,229,15,222.046875,9649.500
1785217997.639002800,25.742237,229,15,230.218750,10323.000
1785217997.639002800,25.742237,229,15,231.859375,10316.250
1785217997.639002800,25.742237,229,15,255.328125,2220.000
1785217997.639002800,25.742237,229,15,256.984375,2201.750
1785217997.639002800,25.742237,229,7,289.453125,4778.000
1785217997.749509573,25.820931,230,15,13.859375,2524.500
1785217997.749509573,25.820931,230,15,197.593750,11924.500
1785217997.749509573,25.820931,230,15,204.734375,2046.750
1785217997.749509573,25.820931,230,15,206.390625,2029.250
1785217997.749509573,25.820931,230,15,208.015625,2033.250
1785217997.749509573,25.820931,230,15,209.687500,2057.750
1785217997.749509573,25.820931,230,14,222.265625,9612.000
1785217997.749509573,25.820931,230,14,230.484375,10297.250
1785217997.749509573,25.820931,230,15,232.125000,10300.750
1785217997.749509573,25.820931,230,15,255.687500,2233.000
1785217997.749509573,25.820931,230,15,257.328125,2209.250
1785217997.749509573,25.820931,230,15,281.578125,4931.500
1785217997.749509573,25.820931,230,8,321.156250,3632.500
1785217997.749509573,25.820931,230,15,336.000000,3341.000
1785217997.863617182,25.975121,231,15,204.640625,2066.250
1785217997.863617182,25.975121,231,15,206.265625,2040.500
1785217997.863617182,25.975121,231,15,207.937500,2029.500
1785217997.863617182,25.975121,231,15,230.343750,10372.500
1785217997.863617182,25.975121,231,15,231.984375,10349.000
1785217997.863617182,25.975121,231,15,258.828125,2219.500
1785217997.863617182,25.975121,231,15,260.468750,2247.000
1785217997.863617182,25.975121,231,15,262.140625,2284.750
1785217997.863617182,25.975121,231,8,283.078125,5082.500
1785217997.863617182,25.975121,231,8,284.734375,5068.250
1785217997.863617182,25.975121,231,10,288.015625,4757.500
1785217997.863617182,25.975121,231,8,332.609375,3365.750
1785217997.863617182,25.975121,231,15,334.234375,3343.250
1785217997.863617182,25.975121,231,11,335.906250,3340.250
1785217997.863617182,25.975121,231,10,337.531250,3304.000
1785217997.976528883,26.052420,232,15,13.843750,2525.500
1785217997.976528883,26.052420,232,8,174.234375,12593.500
1785217997.976528883,26.052420,232,15,197.187500,12050.250
1785217997.976528883,26.052420,232,15,198.843750,11880.500
1785217997.976528883,26.052420,232,15,204.281250,2086.000
1785217997.976528883,26.052420,232,15,205.953125,2054.500
1785217997.976528883,26.052420,232,15,207.562500,2039.500
1785217997.976528883,26.052420,232,15,209.218750,2040.500
1785217997.976528883,26.052420,232,15,210.828125,2066.250
1785217997.976528883,26.052420,232,15,229.984375,10433.250
1785217997.976528883,26.052420,232,15,231.625000,10412.000
1785217997.976528883,26.052420,232,12,233.265625,10368.500
1785217997.976528883,26.052420,232,15,256.796875,2254.750
1785217997.976528883,26.052420,232,15,258.453125,2249.750
1785217997.976528883,26.052420,232,15,260.093750,2243.000
1785217997.976528883,26.052420,232,15,261.718750,2267.000
1785217997.976528883,26.052420,232,15,333.875000,3309.000
1785217997.976528883,26.052420,232,15,335.531250,3299.250
1785217997.976528883,26.052420,232,15,337.203125,3252.000
1785217997.976528883,26.052420,232,14,340.468750,3245.500
1785217998.087889671,26.207227,233,9,11.812500,2553.750
1785217998.087889671,26.207227,233,15,13.468750,2508.750
1785217998.087889671,26.207227,233,15,205.578125,2068.000
1785217998.087889671,26.207227,233,15,207.218750,2040.500
1785217998.087889671,26.207227,233,15,208.843750,2043.000
1785217998.087889671,26.207227,233,13,212.062500,2084.500
1785217998.087889671,26.207227,233,11,223.046875,9586.000
1785217998.087889671,26.207227,233,15,231.265625,10450.500
1785217998.087889671,26.207227,233,15,259.656250,2251.250
1785217998.087889671,26.207227,233,15,261.312500,2266.500
1785217998.087889671,26.207227,233,15,262.921875,2304.750
1785217998.087889671,26.207227,233,15,335.125000,3343.750
1785217998.087889671,26.207227,233,15,336.781250,3343.500
1785217998.087889671,26.207227,233,1,343.375000,3357.750
1785217998.198893547,26.284922,234,6,11.406250,2555.000
1785217998.198893547,26.284922,234,15,14.734375,2518.250
1785217998.198893547,26.284922,234,15,196.421875,12303.500
1785217998.198893547,26.284922,234,15,198.062500,12051.250
1785217998.198893547,26.284922,234,12,199.703125,11832.250
1785217998.198893547,26.284922,234,15,206.875000,2050.250
1785217998.198893547,26.284922,234,15,208.531250,2032.500
1785217998.198893547,26.284922,234,15,210.156250,2041.250
1785217998.198893547,26.284922,234,15,232.625000,10387.250
1785217998.198893547,26.284922,234,9,257.750000,2271.000
1785217998.198893547,26.284922,234,15,259.390625,2262.750
1785217998.198893547,26.284922,234,15,261.015625,2275.750
1785217998.198893547,26.284922,234,15,262.640625,2301.250
1785217998.198893547,26.284922,234,3,331.375000,3415.500
1785217998.198893547,26.284922,234,15,333.000000,3341.750
1785217998.198893547,26.284922,234,4,334.656250,3334.750
1785217998.198893547,26.284922,234,15,337.968750,3235.000
1785217998.313657999,26.442882,235,15,14.234375,2516.000
1785217998.313657999,26.442882,235,7,181.109375,14306.500
1785217998.313657999,26.442882,235,15,206.343750,2076.500
1785217998.313657999,26.442882,235,15,208.015625,2046.750
1785217998.313657999,26.442882,235,15,209.671875,2042.250
1785217998.313657999,26.442882,235,15,212.906250,2075.250
1785217998.313657999,26.442882,235,12,223.906250,9646.500
1785217998.313657999,26.442882,235,15,232.062500,10368.250
1785217998.313657999,26.442882,235,7,233.718750,10369.250
1785217998.313657999,26.442882,235,15,260.437500,2276.500
1785217998.313657999,26.442882,235,15,262.062500,2294.750
1785217998.313657999,26.442882,235,15,263.671875,2329.250
1785217998.313657999,26.442882,235,15,331.000000,3269.500
1785217998.313657999,26.442882,235,15,334.312500,3234.250
1785217998.313657999,26.442882,235,15,335.968750,3199.750
1785217998.313657999,26.442882,235,7,337.609375,3209.000
1785217998.313657999,26.442882,235,10,339.250000,3244.000
1785217998.313657999,26.442882,235,12,340.906250,3267.250
1785217998.313657999,26.442882,235,11,342.546875,3266.250
1785217998.313657999,26.442882,235,11,345.828125,3267.000
1785217998.313657999,26.442882,235,9,347.453125,3270.000
1785217998.313657999,26.442882,235,14,349.093750,3271.750
1785217998.423760414,26.522108,236,15,13.921875,2526.500
1785217998.423760414,26.522108,236,15,207.859375,2059.750
1785217998.423760414,26.522108,236,15,209.515625,2044.750
1785217998.423760414,26.522108,236,15,211.171875,2042.250
1785217998.423760414,26.522108,236,15,231.890625,10422.250
1785217998.423760414,26.522108,236,15,233.531250,10442.750
1785217998.423760414,26.522108,236,10,258.609375,2290.750
1785217998.423760414,26.522108,236,15,260.281250,2286.000
1785217998.423760414,26.522108,236,15,261.937500,2296.750
1785217998.423760414,26.522108,236,15,263.531250,2326.250
1785217998.423760414,26.522108,236,7,282.953125,5106.500
1785217998.423760414,26.522108,236,15,329.265625,3288.000
1785217998.423760414,26.522108,236,15,334.218750,3257.250
1785217998.423760414,26.522108,236,14,335.843750,3210.750
1785217998.423760414,26.522108,236,6,337.500000,3214.250
1785217998.423760414,26.522108,236,10,339.140625,3243.000
1785217998.423760414,26.522108,236,11,340.781250,3266.500
1785217998.423760414,26.522108,236,12,342.437500,3267.000
1785217998.423760414,26.522108,236,13,345.734375,3270.500
1785217998.423760414,26.522108,236,14,349.015625,3270.750
1785217998.536046743,26.599531,237,15,199.140625,11993.500
1785217998.536046743,26.599531,237,15,207.859375,2062.250
1785217998.536046743,26.599531,237,15,209.531250,2045.250
1785217998.536046743,26.599531,237,15,211.171875,2034.250
1785217998.536046743,26.599531,237,15,233.562500,10482.000
1785217998.536046743,26.599531,237,8,258.656250,2298.750
1785217998.536046743,26.599531,237,15,260.312500,2294.250
1785217998.536046743,26.599531,237,15,261.953125,2298.250
1785217998.536046743,26.599531,237,15,263.578125,2326.750
1785217998.536046743,26.599531,237,12,337.484375,3225.000
1785217998.647570848,26.754213,238,13,12.187500,2536.000
1785217998.647570848,26.754213,238,15,13.843750,2494.750
1785217998.647570848,26.754213,238,15,199.218750,12041.750
1785217998.647570848,26.754213,238,15,208.000000,2077.000
1785217998.647570848,26.754213,238,15,209.625000,2050.750
1785217998.647570848,26.754213,238,15,211.281250,2044.500
1785217998.647570848,26.754213,238,15,214.531250,2074.750
1785217998.647570848,26.754213,238,15,232.046875,10470.750
1785217998.647570848,26.754213,238,15,233.687500,10481.000
1785217998.647570848,26.754213,238,10,235.328125,10430.250
1785217998.647570848,26.754213,238,10,245.156250,11826.500
1785217998.647570848,26.754213,238,15,262.125000,2324.000
1785217998.647570848,26.754213,238,15,263.750000,2343.250
1785217998.647570848,26.754213,238,15,319.359375,3479.250
1785217998.647570848,26.754213,238,15,332.593750,3327.250
1785217998.647570848,26.754213,238,15,335.921875,3286.750
1785217998.647570848,26.754213,238,15,337.562500,3265.000
1785217998.762232542,26.831885,239,7,182.640625,14458.500
1785217998.762232542,26.831885,239,15,207.859375,2086.500
1785217998.762232542,26.831885,239,15,209.515625,2056.500
1785217998.762232542,26.831885,239,15,211.171875,2035.750
1785217998.762232542,26.831885,239,15,212.781250,2053.750
1785217998.762232542,26.831885,239,12,225.406250,9690.250
1785217998.762232542,26.831885,239,15,233.531250,10567.000
1785217998.762232542,26.831885,239,15,235.187500,10542.750
1785217998.762232542,26.831885,239,11,249.921875,11915.750
1785217998.762232542,26.831885,239,15,261.921875,2326.250
1785217998.762232542,26.831885,239,15,263.562500,2345.750
1785217998.762232542,26.831885,239,15,265.171875,2370.250
1785217998.762232542,26.831885,239,10,335.734375,3213.500
1785217998.762232542,26.831885,239,7,337.390625,3227.500
1785217998.762232542,26.831885,239,9,339.046875,3247.250
1785217998.762232542,26.831885,239,11,343.984375,3264.000
1785217998.873292685,26.988791,240,15,209.156250,2072.750
1785217998.873292685,26.988791,240,15,210.796875,2047.500
1785217998.873292685,26.988791,240,15,212.421875,2047.250
1785217998.873292685,26.988791,240,15,215.687500,2080.750
1785217998.873292685,26.988791,240,15,233.250000,10460.500
1785217998.873292685,26.988791,240,15,234.890625,10477.500
1785217998.873292685,26.988791,240,0,259.984375,2344.250
1785217998.873292685,26.988791,240,15,261.656250,2340.000
1785217998.873292685,26.988791,240,15,263.296875,2343.750
1785217998.873292685,26.988791,240,15,264.906250,2370.000
1785217998.873292685,26.988791,240,9,337.093750,3247.000
1785217998.873292685,26.988791,240,13,338.734375,3243.750
1785217998.985183477,27.067674,241,13,200.015625,12204.750
1785217998.985183477,27.067674,241,15,208.843750,2096.750
1785217998.985183477,27.067674,241,15,210.484375,2064.000
1785217998.985183477,27.067674,241,15,212.140625,2047.250
1785217998.985183477,27.067674,241,15,213.734375,2050.250
1785217998.985183477,27.067674,241,8,226.343750,9823.750
1785217998.985183477,27.067674,241,15,234.546875,10536.000
1785217998.985183477,27.067674,241,15,236.203125,10553.250
1785217998.985183477,27.067674,241,15,262.906250,2347.000
1785217998.985183477,27.067674,241,15,264.515625,2368.500
1785217998.985183477,27.067674,241,15,266.140625,2402.750
1785217998.985183477,27.067674,241,9,335.046875,3204.750
1785217998.985183477,27.067674,241,6,336.671875,3211.000
1785217998.985183477,27.067674,241,9,338.359375,3229.000
1785217998.985183477,27.067674,241,12,339.984375,3254.250
1785217998.985183477,27.067674,241,15,341.625000,3269.750
1785217998.985183477,27.067674,241,13,343.281250,3270.750
1785217999.096917152,27.225249,242,15,14.593750,2503.750
1785217999.096917152,27.225249,242,14,199.609375,12272.500
1785217999.096917152,27.225249,242,15,210.062500,2083.250
1785217999.096917152,27.225249,242,15,211.718750,2056.250
1785217999.096917152,27.225249,242,15,213.328125,2044.250
1785217999.096917152,27.225249,242,9,229.203125,8813.750
1785217999.096917152,27.225249,242,15,234.109375,10494.500
1785217999.096917152,27.225249,242,15,235.750000,10484.250
1785217999.096917152,27.225249,242,6,260.812500,2365.250
1785217999.096917152,27.225249,242,13,262.421875,2379.250
1785217999.096917152,27.225249,242,15,264.078125,2381.250
1785217999.096917152,27.225249,242,15,265.750000,2385.250
1785217999.096917152,27.225249,242,13,334.765625,3285.500
1785217999.096917152,27.225249,242,9,336.437500,3246.000
1785217999.096917152,27.225249,242,15,338.078125,3267.750
1785217999.096917152,27.225249,242,11,339.734375,3278.500
1785217999.211139679,27.302870,243,15,14.328125,2515.250
1785217999.211139679,27.302870,243,7,182.953125,14329.000
1785217999.211139679,27.302870,243,14,201.062500,12077.000
1785217999.211139679,27.302870,243,15,209.843750,2100.500
1785217999.211139679,27.302870,243,15,211.484375,2065.250
1785217999.211139679,27.302870,243,15,213.109375,2049.250
1785217999.211139679,27.302870,243,15,214.750000,2055.500
1785217999.211139679,27.302870,243,15,233.875000,10469.750
1785217999.211139679,27.302870,243,15,235.515625,10500.500
1785217999.211139679,27.302870,243,15,265.468750,2377.250
1785217999.211139679,27.302870,243,9,313.062500,3467.500
1785217999.211139679,27.302870,243,11,334.562500,3244.750
1785217999.211139679,27.302870,243,8,336.218750,3230.000
1785217999.211139679,27.302870,243,15,337.859375,3251.500
1785217999.211139679,27.302870,243,15,339.500000,3256.000
1785217999.211139679,27.302870,243,8,347.718750,3294.000
1785217999.211139679,27.302870,243,3,349.390625,3355.500
1785217999.321995735,27.443537,244,15,14.250000,2517.500
1785217999.321995735,27.443537,244,15,201.109375,12150.750
1785217999.321995735,27.443537,244,15,211.468750,2080.500
1785217999.321995735,27.443537,244,15,213.093750,2052.500
1785217999.321995735,27.443537,244,15,214.750000,2048.000
1785217999.321995735,27.443537,244,15,216.390625,2072.500
1785217999.321995735,27.443537,244,15,218.031250,2113.250
1785217999.321995735,27.443537,244,15,235.531250,10529.000
1785217999.321995735,27.443537,244,15,237.171875,10563.750
1785217999.321995735,27.443537,244,11,250.296875,11866.000
1785217999.321995735,27.443537,244,14,251.937500,12022.500
1785217999.321995735,27.443537,244,15,260.656250,2395.750
1785217999.321995735,27.443537,244,13,262.250000,2385.250
1785217999.321995735,27.443537,244,15,265.531250,2404.000
1785217999.321995735,27.443537,244,15,267.203125,2436.500
1785217999.321995735,27.443537,244,10,331.312500,3270.250
1785217999.321995735,27.443537,244,8,332.937500,3242.500
1785217999.321995735,27.443537,244,15,334.609375,3222.000
1785217999.321995735,27.443537,244,9,336.281250,3224.500
1785217999.321995735,27.443537,244,15,337.890625,3234.250
1785217999.321995735,27.443537,244,14,339.562500,3244.000
1785217999.321995735,27.443537,244,9,341.203125,3254.500
1785217999.432723284,27.521796,245,15,14.281250,2514.750
1785217999.432723284,27.521796,245,13,201.171875,12280.500
1785217999.432723284,27.521796,245,15,211.578125,2091.500
1785217999.432723284,27.521796,245,15,213.218750,2062.000
1785217999.432723284,27.521796,245,15,214.875000,2049.500
1785217999.432723284,27.521796,245,15,235.671875,10544.500
1785217999.432723284,27.521796,245,15,237.296875,10559.250
1785217999.432723284,27.521796,245,12,250.500000,11920.750
1785217999.432723284,27.521796,245,10,262.500000,2390.750
1785217999.432723284,27.521796,245,15,265.812500,2399.250
1785217999.432723284,27.521796,245,15,267.453125,2432.250
1785217999.432723284,27.521796,245,15,333.125000,3298.000
1785217999.432723284,27.521796,245,7,334.781250,3243.500
1785217999.432723284,27.521796,245,7,336.421875,3233.750
1785217999.432723284,27.521796,245,14,338.062500,3267.250
1785217999.432723284,27.521796,245,15,339.718750,3274.750
1785217999.544627190,27.598006,246,15,211.703125,2099.500
1785217999.544627190,27.598006,246,15,213.375000,2063.250
1785217999.544627190,27.598006,246,15,215.031250,2050.250
1785217999.544627190,27.598006,246,15,235.828125,10491.000
1785217999.544627190,27.598006,246,11,237.468750,10441.250
1785217999.544627190,27.598006,246,15,248.953125,11858.500
1785217999.544627190,27.598006,246,11,262.640625,2403.750
1785217999.544627190,27.598006,246,15,265.953125,2417.250
1785217999.544627190,27.598006,246,15,267.562500,2440.750
1785217999.544627190,27.598006,246,15,336.593750,3281.000
1785217999.544627190,27.598006,246,15,338.265625,3310.250
1785217999.656121016,27.753191,247,11,14.531250,2509.750
1785217999.656121016,27.753191,247,15,211.843750,2106.750
1785217999.656121016,27.753191,247,15,213.484375,2095.000
1785217999.656121016,27.753191,247,15,215.156250,2078.500
1785217999.656121016,27.753191,247,15,216.812500,2067.000
1785217999.656121016,27.753191,247,15,236.000000,10515.500
1785217999.656121016,27.753191,247,15,237.640625,10515.500
1785217999.656121016,27.753191,247,15,249.109375,11867.500
1785217999.656121016,27.753191,247,15,262.734375,2430.250
1785217999.656121016,27.753191,247,15,266.046875,2430.000
1785217999.656121016,27.753191,247,15,267.656250,2448.750
1785217999.656121016,27.753191,247,1,330.109375,3387.500
1785217999.656121016,27.753191,247,15,336.750000,3290.250
1785217999.656121016,27.753191,247,13,338.390625,3320.500
1785217999.770580292,27.832179,248,15,236.218750,10566.250
1785217999.770580292,27.832179,248,15,237.843750,10639.000
1785217999.770580292,27.832179,248,14,249.328125,11814.750
1785217999.770580292,27.832179,248,4,264.546875,2448.750
1785217999.770580292,27.832179,248,15,266.156250,2435.250
1785217999.770580292,27.832179,248,15,267.812500,2453.000
1785217999.770580292,27.832179,248,15,335.234375,3292.000
1785217999.770580292,27.832179,248,15,336.875000,3311.500
1785217999.770580292,27.832179,248,9,341.812500,3324.250
1785217999.882585287,27.990274,249,9,11.468750,2558.250
1785217999.882585287,27.990274,249,15,217.156250,2089.000
1785217999.882585287,27.990274,249,15,237.890625,10573.000
1785217999.882585287,27.990274,249,15,249.375000,11823.250
1785217999.882585287,27.990274,249,14,264.609375,2435.750
1785217999.882585287,27.990274,249,15,266.250000,2458.000
1785217999.882585287,27.990274,249,15,267.890625,2474.250
1785217999.882585287,27.990274,249,15,333.656250,3337.250
1785217999.882585287,27.990274,249,15,335.265625,3291.500
1785217999.882585287,27.990274,249,15,336.953125,3309.500
1785217999.882585287,27.990274,249,8,340.234375,3299.750
1785217999.993705988,28.067810,250,15,215.468750,2121.500
1785217999.993705988,28.067810,250,15,236.281250,10633.500
1785217999.993705988,28.067810,250,15,237.937500,10609.000
1785217999.993705988,28.067810,250,15,249.421875,11821.000
1785217999.993705988,28.067810,250,15,263.000000,2454.000
1785217999.993705988,28.067810,250,15,267.875000,2453.500
1785217999.993705988,28.067810,250,10,330.296875,3271.000
1785217999.993705988,28.067810,250,15,331.937500,3293.750
1785217999.993705988,28.067810,250,15,333.578125,3287.250
1785217999.993705988,28.067810,250,11,335.218750,3255.000
1785217999.993705988,28.067810,250,15,336.890625,3242.000
1785217999.993705988,28.067810,250,15,338.515625,3268.750
1785217999.993705988,28.067810,250,15,340.171875,3279.500
1785218000.104626656,28.226046,251,7,11.515625,2560.250
1785218000.104626656,28.226046,251,7,185.187500,14337.000
1785218000.104626656,28.226046,251,8,186.843750,14576.500
1785218000.104626656,28.226046,251,15,218.671875,2093.750
1785218000.104626656,28.226046,251,15,221.921875,2121.000
1785218000.104626656,28.226046,251,15,237.781250,10688.000
1785218000.104626656,28.226046,251,15,239.421875,10726.250
1785218000.104626656,28.226046,251,13,249.265625,11820.000
1785218000.104626656,28.226046,251,15,267.843750,2467.000
1785218000.104626656,28.226046,251,14,328.703125,3286.750
1785218000.104626656,28.226046,251,15,331.968750,3304.500
1785218000.104626656,28.226046,251,15,333.625000,3286.500
1785218000.104626656,28.226046,251,15,335.265625,3257.000
1785218000.104626656,28.226046,251,15,336.921875,3243.750
1785218000.104626656,28.226046,251,11,338.578125,3254.500
1785218000.104626656,28.226046,251,15,340.203125,3271.500
1785218000.219255447,28.302038,252,15,237.953125,10607.250
1785218000.219255447,28.302038,252,15,239.609375,10602.000
1785218000.219255447,28.302038,252,15,246.156250,11828.500
1785218000.219255447,28.302038,252,12,247.796875,11760.500
1785218000.219255447,28.302038,252,15,268.093750,2489.250
1785218000.219255447,28.302038,252,15,335.578125,3323.500
1785218000.219255447,28.302038,252,15,337.187500,3330.750
1785218000.219255447,28.302038,252,15,338.843750,3340.250
1785218000.330277681,28.459835,253,15,219.140625,2106.500
1785218000.330277681,28.459835,253,11,233.406250,9687.250
1785218000.330277681,28.459835,253,15,238.328125,10577.500
1785218000.330277681,28.459835,253,15,239.968750,10612.500
1785218000.330277681,28.459835,253,15,268.359375,2507.250
1785218000.330277681,28.459835,253,15,270.015625,2552.750
1785218000.330277681,28.459835,253,8,337.484375,3335.250
1785218000.330277681,28.459835,253,15,339.109375,3357.250
1785218000.443356752,28.540735,254,15,220.968750,2111.750
1785218000.443356752,28.540735,254,13,238.546875,10581.000
1785218000.443356752,28.540735,254,15,265.234375,2505.500
1785218000.443356752,28.540735,254,15,268.546875,2518.250
1785218000.443356752,28.540735,254,15,270.171875,2553.750
1785218000.443356752,28.540735,254,15,334.250000,3478.250
1785218000.443356752,28.540735,254,15,335.921875,3474.250
1785218000.443356752,28.540735,254,15,339.218750,3417.000
1785218000.553406954,28.617138,255,15,12.250000,2539.250
1785218000.553406954,28.617138,255,15,13.859375,2494.000
1785218000.553406954,28.617138,255,12,171.125000,11336.000
1785218000.553406954,28.617138,255,7,182.578125,12525.250
1785218000.553406954,28.617138,255,15,220.953125,2110.250
1785218000.553406954,28.617138,255,15,238.515625,10613.250
1785218000.553406954,28.617138,255,15,240.156250,10574.250
1785218000.553406954,28.617138,255,15,265.234375,2525.750
1785218000.553406954,28.617138,255,8,266.890625,2509.750
1785218000.553406954,28.617138,255,15,268.500000,2518.750
1785218000.553406954,28.617138,255,15,270.140625,2553.500
1785218000.553406954,28.617138,255,12,327.609375,3421.500
1785218000.553406954,28.617138,255,11,329.250000,3466.250
1785218000.553406954,28.617138,255,14,332.562500,3472.000
1785218000.553406954,28.617138,255,15,334.187500,3487.750
1785218000.553406954,28.617138,255,15,335.843750,3520.500
1785218000.553406954,28.617138,255,15,337.500000,3530.500
1785218000.553406954,28.617138,255,15,339.140625,3490.500
1785218000.664125204,28.772896,256,15,13.859375,2491.750
1785218000.664125204,28.772896,256,12,171.125000,11321.000
1785218000.664125204,28.772896,256,15,221.015625,2111.250
1785218000.664125204,28.772896,256,15,224.281250,2135.250
1785218000.664125204,28.772896,256,8,240.140625,10662.750
1785218000.664125204,28.772896,256,15,261.875000,2833.250
1785218000.664125204,28.772896,256,15,268.468750,2517.500
1785218000.664125204,28.772896,256,15,270.109375,2552.000
1785218000.664125204,28.772896,256,15,271.718750,2612.750
1785218000.664125204,28.772896,256,15,337.437500,3512.500
1785218000.664125204,28.772896,256,15,339.078125,3534.500
1785218000.780217648,28.850671,257,14,171.062500,11404.750
1785218000.780217648,28.850671,257,13,220.843750,2136.500
1785218000.780217648,28.850671,257,15,222.531250,2122.250
1785218000.780217648,28.850671,257,15,240.000000,10618.250
1785218000.780217648,28.850671,257,15,244.906250,11725.250
1785218000.780217648,28.850671,257,15,268.359375,2527.500
1785218000.780217648,28.850671,257,15,269.953125,2553.250
1785218000.780217648,28.850671,257,15,271.609375,2608.500
1785218000.780217648,28.850671,257,8,327.375000,3461.000
1785218000.780217648,28.850671,257,8,329.000000,3468.750
1785218000.780217648,28.850671,257,9,332.296875,3468.250
1785218000.780217648,28.850671,257,15,333.953125,3481.250
1785218000.780217648,28.850671,257,15,335.578125,3500.750
1785218000.780217648,28.850671,257,15,337.250000,3491.500
1785218000.780217648,28.850671,257,12,338.875000,3488.500
1785218000.890712261,29.022566,258,13,170.781250,11233.500
1785218000.890712261,29.022566,258,15,225.484375,2199.500
1785218000.890712261,29.022566,258,15,239.734375,10644.250
1785218000.890712261,29.022566,258,11,266.453125,2575.500
1785218000.890712261,29.022566,258,15,269.718750,2563.500
1785218000.890712261,29.022566,258,15,271.328125,2592.500
1785218000.890712261,29.022566,258,13,337.046875,3416.750
1785218000.890712261,29.022566,258,10,338.703125,3370.750
1785218000.890712261,29.022566,258,8,340.359375,3373.250
1785218001.001580238,29.099117,259,12,172.265625,11254.000
1785218001.001580238,29.099117,259,12,205.125000,12336.250
1785218001.001580238,29.099117,259,15,223.750000,2137.000
1785218001.001580238,29.099117,259,13,241.218750,10704.500
1785218001.001580238,29.099117,259,15,266.296875,2563.750
1785218001.001580238,29.099117,259,13,267.921875,2553.250
1785218001.001580238,29.099117,259,15,269.562500,2568.500
1785218001.001580238,29.099117,259,15,271.218750,2592.000
1785218001.001580238,29.099117,259,7,279.109375,5083.500
1785218001.001580238,29.099117,259,10,336.906250,3417.250
1785218001.001580238,29.099117,259,9,338.546875,3368.250
1785218001.001580238,29.099117,259,7,340.187500,3375.250
1785218001.001580238,29.099117,259,9,341.843750,3421.750
1785218001.114181519,29.179514,260,10,172.140625,11249.500
1785218001.114181519,29.179514,260,7,177.046875,13989.500
1785218001.114181519,29.179514,260,15,239.531250,10725.000
1785218001.114181519,29.179514,260,15,241.171875,10823.750
1785218001.114181519,29.179514,260,15,269.515625,2553.250
1785218001.114181519,29.179514,260,15,271.171875,2588.250
1785218001.114181519,29.179514,260,11,338.515625,3371.500
1785218001.114181519,29.179514,260,13,340.187500,3379.500
1785218001.227650404,29.334315,261,12,172.109375,11171.500
1785218001.227650404,29.334315,261,8,190.140625,14303.000
1785218001.227650404,29.334315,261,15,241.218750,10679.000
1785218001.227650404,29.334315,261,8,267.984375,2581.000
1785218001.227650404,29.334315,261,15,269.625000,2579.750
1785218001.227650404,29.334315,261,15,271.281250,2592.250
1785218001.227650404,29.334315,261,15,272.890625,2644.250
1785218001.227650404,29.334315,261,11,327.078125,3485.500
1785218001.227650404,29.334315,261,8,328.734375,3475.250
1785218001.227650404,29.334315,261,11,332.046875,3472.000
1785218001.227650404,29.334315,261,15,333.671875,3486.500
1785218001.227650404,29.334315,261,15,335.328125,3519.000
1785218001.227650404,29.334315,261,7,336.984375,3553.250
1785218001.227650404,29.334315,261,15,338.625000,3548.250
1785218001.227650404,29.334315,261,15,340.296875,3505.000
1785218001.339962959,29.413283,262,12,172.312500,11070.000
1785218001.339962959,29.413283,262,15,225.453125,2167.500
1785218001.339962959,29.413283,262,15,227.078125,2180.500
1785218001.339962959,29.413283,262,11,241.359375,10748.000
1785218001.339962959,29.413283,262,15,269.750000,2579.500
1785218001.339962959,29.413283,262,15,271.390625,2599.250
1785218001.339962959,29.413283,262,15,273.000000,2651.750
1785218001.339962959,29.413283,262,8,322.328125,3463.250
1785218001.339962959,29.413283,262,8,333.843750,3492.000
1785218001.339962959,29.413283,262,15,335.468750,3529.250
1785218001.339962959,29.413283,262,15,337.125000,3533.750
1785218001.339962959,29.413283,262,15,338.796875,3542.000
1785218001.339962959,29.413283,262,15,340.421875,3536.750
1785218001.450304747,29.566897,263,14,172.312500,11177.750
1785218001.450304747,29.566897,263,15,220.515625,2230.750
1785218001.450304747,29.566897,263,10,223.843750,2191.000
1785218001.450304747,29.566897,263,15,225.484375,2165.250
1785218001.450304747,29.566897,263,10,242.968750,10753.250
1785218001.450304747,29.566897,263,9,268.000000,2613.250
1785218001.450304747,29.566897,263,15,269.656250,2593.000
1785218001.450304747,29.566897,263,15,271.296875,2605.250
1785218001.450304747,29.566897,263,15,272.921875,2644.750
1785218001.450304747,29.566897,263,12,337.140625,3465.000
1785218001.450304747,29.566897,263,15,338.796875,3449.000
1785218001.450304747,29.566897,263,11,340.468750,3460.000
1785218001.562094688,29.648399,264,11,172.312500,11074.250
1785218001.562094688,29.648399,264,14,173.937500,11310.000
1785218001.562094688,29.648399,264,7,192.062500,14599.000
1785218001.562094688,29.648399,264,15,223.843750,2187.500
1785218001.562094688,29.648399,264,14,242.953125,10686.500
1785218001.562094688,29.648399,264,15,268.000000,2624.000
1785218001.562094688,29.648399,264,15,269.671875,2595.500
1785218001.562094688,29.648399,264,15,271.265625,2609.000
1785218001.562094688,29.648399,264,15,272.906250,2645.750
1785218001.562094688,29.648399,264,8,335.515625,3461.000
1785218001.562094688,29.648399,264,9,337.171875,3457.000
1785218001.562094688,29.648399,264,15,338.828125,3449.000
1785218001.562094688,29.648399,264,13,340.484375,3460.000
1785218001.562094688,29.648399,264,11,348.687500,3661.000
1785218001.673218012,29.802357,265,14,172.453125,11043.500
1785218001.673218012,29.802357,265,9,208.656250,12168.000
1785218001.673218012,29.802357,265,15,224.000000,2207.500
1785218001.673218012,29.802357,265,15,225.625000,2197.250
1785218001.673218012,29.802357,265,15,228.875000,2213.250
1785218001.673218012,29.802357,265,15,268.265625,2645.500
1785218001.673218012,29.802357,265,15,269.937500,2606.500
1785218001.673218012,29.802357,265,15,271.562500,2622.250
1785218001.673218012,29.802357,265,9,287.781250,4133.500
1785218001.673218012,29.802357,265,10,329.093750,3441.000
1785218001.673218012,29.802357,265,8,330.750000,3468.250
1785218001.673218012,29.802357,265,11,332.390625,3479.750
1785218001.673218012,29.802357,265,15,334.046875,3501.000
1785218001.673218012,29.802357,265,15,335.687500,3522.750
1785218001.673218012,29.802357,265,14,337.328125,3550.500
1785218001.673218012,29.802357,265,15,338.953125,3566.250
1785218001.673218012,29.802357,265,14,340.625000,3546.500
1785218001.785264969,29.880138,266,8,172.796875,10942.500
1785218001.785264969,29.880138,266,15,174.437500,11215.000
1785218001.785264969,29.880138,266,15,208.906250,12140.500
1785218001.785264969,29.880138,266,15,210.546875,12027.000
1785218001.785264969,29.880138,266,15,225.843750,2204.000
1785218001.785264969,29.880138,266,15,227.531250,2190.250
1785218001.785264969,29.880138,266,15,229.171875,2212.500
1785218001.785264969,29.880138,266,15,268.593750,2641.500
1785218001.785264969,29.880138,266,15,270.250000,2620.000
1785218001.785264969,29.880138,266,15,271.906250,2638.000
1785218001.785264969,29.880138,266,1,273.546875,2649.750
1785218001.785264969,29.880138,266,8,326.062500,3497.750
1785218001.785264969,29.880138,266,12,335.937500,3540.750
1785218001.785264969,29.880138,266,15,337.578125,3568.250
1785218001.785264969,29.880138,266,15,339.234375,3574.500
1785218001.785264969,29.880138,266,6,340.890625,3569.250
1785218001.899570227,29.958096,267,9,215.593750,11973.250
1785218001.899570227,29.958096,267,15,222.687500,2245.250
1785218001.899570227,29.958096,267,15,225.984375,2220.250
1785218001.899570227,29.958096,267,15,227.640625,2192.250
1785218001.899570227,29.958096,267,15,229.281250,2203.750
1785218001.899570227,29.958096,267,15,241.906250,10740.250
1785218001.899570227,29.958096,267,15,270.281250,2621.500
1785218001.899570227,29.958096,267,15,271.921875,2636.750
1785218001.899570227,29.958096,267,9,331.031250,3497.750
1785218001.899570227,29.958096,267,9,334.359375,3527.750
1785218001.899570227,29.958096,267,9,336.000000,3548.250
1785218001.899570227,29.958096,267,15,337.640625,3563.000
1785218001.899570227,29.958096,267,12,339.296875,3565.000
1785218001.899570227,29.958096,267,10,340.953125,3547.000
1785218001.899570227,29.958096,267,9,342.593750,3579.250
1785218002.010722876,30.111682,268,13,174.703125,11230.500
1785218002.010722876,30.111682,268,11,179.593750,14049.000
1785218002.010722876,30.111682,268,15,210.828125,12018.000
1785218002.010722876,30.111682,268,15,226.156250,2246.750
1785218002.010722876,30.111682,268,15,227.781250,2202.250
1785218002.010722876,30.111682,268,15,229.453125,2211.750
1785218002.010722876,30.111682,268,15,231.031250,2261.750
1785218002.010722876,30.111682,268,15,243.703125,10798.250
1785218002.010722876,30.111682,268,15,270.328125,2652.000
1785218002.010722876,30.111682,268,15,271.953125,2666.000
1785218002.010722876,30.111682,268,15,273.609375,2690.250
1785218002.010722876,30.111682,268,8,336.218750,3441.750
1785218002.010722876,30.111682,268,5,337.859375,3402.750
1785218002.010722876,30.111682,268,5,339.531250,3410.000
1785218002.010722876,30.111682,268,5,341.156250,3437.500
1785218002.010722876,30.111682,268,7,342.828125,3459.500
1785218002.121865273,30.187261,269,12,174.953125,11238.750
1785218002.121865273,30.187261,269,8,186.437500,12559.750
1785218002.121865273,30.187261,269,13,211.109375,12099.500
1785218002.121865273,30.187261,269,15,226.468750,2224.250
1785218002.121865273,30.187261,269,9,228.062500,2216.500
1785218002.121865273,30.187261,269,10,229.687500,2217.500
1785218002.121865273,30.187261,269,15,231.343750,2253.750
1785218002.121865273,30.187261,269,15,242.359375,10699.250
1785218002.121865273,30.187261,269,14,243.984375,10820.000
1785218002.121865273,30.187261,269,15,270.687500,2652.750
1785218002.121865273,30.187261,269,15,272.328125,2657.250
1785218002.121865273,30.187261,269,15,334.875000,3452.500
1785218002.121865273,30.187261,269,15,336.531250,3440.500
1785218002.121865273,30.187261,269,7,338.218750,3430.250
1785218002.121865273,30.187261,269,7,339.859375,3421.250
1785218002.121865273,30.187261,269,15,341.500000,3446.000
1785218002.233516455,30.339840,270,15,14.531250,2484.750
1785218002.233516455,30.339840,270,14,172.046875,6979.750
1785218002.233516455,30.339840,270,12,175.234375,11207.250
1785218002.233516455,30.339840,270,7,186.750000,12451.000
1785218002.233516455,30.339840,270,15,211.468750,12054.250
1785218002.233516455,30.339840,270,15,226.765625,2244.500
1785218002.233516455,30.339840,270,15,228.453125,2223.250
1785218002.233516455,30.339840,270,15,230.062500,2228.500
1785218002.233516455,30.339840,270,15,231.703125,2262.250
1785218002.233516455,30.339840,270,7,244.343750,10698.000
1785218002.233516455,30.339840,270,15,271.000000,2666.750
1785218002.233516455,30.339840,270,15,272.656250,2669.250
1785218002.233516455,30.339840,270,15,333.500000,3459.500
1785218002.233516455,30.339840,270,15,336.812500,3450.250
1785218002.233516455,30.339840,270,3,338.453125,3429.750
1785218002.233516455,30.339840,270,8,340.109375,3426.250
1785218002.233516455,30.339840,270,15,341.765625,3451.000
1785218002.347897530,30.417159,271,12,175.328125,11201.250
1785218002.347897530,30.417159,271,8,193.531250,14458.750
1785218002.347897530,30.417159,271,14,227.000000,2239.750
1785218002.347897530,30.417159,271,15,228.625000,2227.500
1785218002.347897530,30.417159,271,15,230.265625,2243.750
1785218002.347897530,30.417159,271,15,231.875000,2260.000
1785218002.347897530,30.417159,271,15,271.218750,2690.000
1785218002.347897530,30.417159,271,15,272.828125,2687.250
1785218002.347897530,30.417159,271,9,312.203125,3520.250
1785218002.347897530,30.417159,271,7,333.609375,3470.000
1785218002.347897530,30.417159,271,10,338.562500,3477.000
1785218002.347897530,30.417159,271,15,340.187500,3485.000
1785218002.347897530,30.417159,271,15,341.843750,3492.000
1785218002.459165096,30.572822,272,12,175.328125,10954.500
1785218002.459165096,30.572822,272,12,176.953125,11270.500
1785218002.459165096,30.572822,272,15,225.140625,2260.750
1785218002.459165096,30.572822,272,10,226.796875,2234.500
1785218002.459165096,30.572822,272,15,228.437500,2227.500
1785218002.459165096,30.572822,272,15,230.078125,2219.500
1785218002.459165096,30.572822,272,15,231.718750,2249.000
1785218002.459165096,30.572822,272,15,272.765625,2687.000
1785218002.459165096,30.572822,272,15,312.109375,3452.750
1785218002.459165096,30.572822,272,14,328.546875,3452.000
1785218002.459165096,30.572822,272,15,330.218750,3461.500
1785218002.459165096,30.572822,272,11,333.500000,3462.500
1785218002.459165096,30.572822,272,15,335.140625,3472.000
1785218002.459165096,30.572822,272,15,336.781250,3465.000
1785218002.459165096,30.572822,272,3,338.453125,3433.250
1785218002.459165096,30.572822,272,15,340.062500,3448.000
1785218002.459165096,30.572822,272,15,341.703125,3499.000
1785218002.459165096,30.572822,272,7,343.375000,3508.250
1785218002.571181536,30.649351,273,15,172.125000,6957.750
1785218002.571181536,30.649351,273,10,177.000000,11336.250
1785218002.571181536,30.649351,273,8,188.500000,12481.500
1785218002.571181536,30.649351,273,15,228.421875,2250.000
1785218002.571181536,30.649351,273,15,230.078125,2238.000
1785218002.571181536,30.649351,273,15,231.750000,2256.750
1785218002.571181536,30.649351,273,15,233.343750,2298.750
1785218002.571181536,30.649351,273,15,272.812500,2694.500
1785218002.571181536,30.649351,273,5,307.171875,3609.000
1785218002.571181536,30.649351,273,13,308.812500,3509.000
1785218002.571181536,30.649351,273,2,312.125000,3436.500
1785218002.571181536,30.649351,273,15,331.906250,3445.500
1785218002.571181536,30.649351,273,9,333.562500,3468.500
1785218002.571181536,30.649351,273,15,335.218750,3470.750
1785218002.571181536,30.649351,273,15,336.859375,3466.750
1785218002.571181536,30.649351,273,15,338.500000,3455.500
1785218002.571181536,30.649351,273,15,340.140625,3468.750
1785218002.571181536,30.649351,273,15,341.812500,3494.250
1785218002.682607651,30.804453,274,15,172.296875,6834.500
1785218002.682607651,30.804453,274,12,177.156250,11280.500
1785218002.682607651,30.804453,274,8,182.015625,14329.250
1785218002.682607651,30.804453,274,11,211.609375,12191.000
1785218002.682607651,30.804453,274,13,213.265625,12067.750
1785218002.682607651,30.804453,274,15,228.578125,2272.750
1785218002.682607651,30.804453,274,15,230.234375,2240.750
1785218002.682607651,30.804453,274,15,231.875000,2255.000
1785218002.682607651,30.804453,274,15,233.468750,2288.000
1785218002.682607651,30.804453,274,15,272.843750,2703.750
1785218002.682607651,30.804453,274,10,288.968750,4155.750
1785218002.682607651,30.804453,274,13,312.156250,3481.000
1785218002.682607651,30.804453,274,9,333.640625,3461.750
1785218002.682607651,30.804453,274,15,336.937500,3469.000
1785218002.682607651,30.804453,274,15,338.609375,3484.000
1785218002.682607651,30.804453,274,15,340.234375,3483.750
1785218002.682607651,30.804453,274,15,341.906250,3494.500
1785218002.794118643,30.884394,275,13,175.562500,10910.000
1785218002.794118643,30.884394,275,13,211.718750,12202.500
1785218002.794118643,30.884394,275,15,213.359375,12077.500
1785218002.794118643,30.884394,275,15,227.062500,2302.750
1785218002.794118643,30.884394,275,15,230.375000,2268.500
1785218002.794118643,30.884394,275,15,232.015625,2259.250
1785218002.794118643,30.884394,275,15,233.656250,2286.500
1785218002.794118643,30.884394,275,15,271.328125,2774.250
1785218002.794118643,30.884394,275,14,272.953125,2733.750
1785218002.794118643,30.884394,275,13,312.281250,3459.500
1785218002.794118643,30.884394,275,9,330.468750,3469.000
1785218002.794118643,30.884394,275,12,333.765625,3470.500
1785218002.794118643,30.884394,275,10,335.390625,3475.250
1785218002.794118643,30.884394,275,15,337.062500,3481.500
1785218002.794118643,30.884394,275,15,338.703125,3480.750
1785218002.794118643,30.884394,275,15,340.359375,3483.500
1785218002.794118643,30.884394,275,15,342.000000,3484.500
1785218002.905432224,30.963666,276,10,177.390625,11152.000
1785218002.905432224,30.963666,276,14,213.562500,12022.750
1785218002.905432224,30.963666,276,11,227.234375,2279.000
1785218002.905432224,30.963666,276,15,228.875000,2260.500
1785218002.905432224,30.963666,276,15,230.515625,2260.500
1785218002.905432224,30.963666,276,15,232.156250,2265.250
1785218002.905432224,30.963666,276,15,233.812500,2283.500
1785218002.905432224,30.963666,276,12,312.625000,3467.000
1785218002.905432224,30.963666,276,14,332.406250,3461.000
1785218002.905432224,30.963666,276,13,334.062500,3476.000
1785218002.905432224,30.963666,276,15,335.718750,3493.750
1785218002.905432224,30.963666,276,15,337.343750,3480.750
1785218002.905432224,30.963666,276,15,339.015625,3467.500
1785218002.905432224,30.963666,276,15,340.656250,3494.250
1785218002.905432224,30.963666,276,15,342.312500,3502.250
1785218003.019168854,31.118976,277,11,176.062500,10857.750
1785218003.019168854,31.118976,277,9,182.640625,14061.500
1785218003.019168854,31.118976,277,7,189.234375,12562.750
1785218003.019168854,31.118976,277,15,212.250000,12168.500
1785218003.019168854,31.118976,277,15,213.890625,12027.000
1785218003.019168854,31.118976,277,15,229.203125,2262.000
1785218003.019168854,31.118976,277,15,230.812500,2260.000
1785218003.019168854,31.118976,277,15,232.437500,2271.750
1785218003.019168854,31.118976,277,15,234.078125,2287.500
1785218003.019168854,31.118976,277,11,286.375000,4144.500
1785218003.019168854,31.118976,277,11,289.703125,3940.000
1785218003.019168854,31.118976,277,15,339.250000,3479.250
1785218003.019168854,31.118976,277,15,340.875000,3527.000
1785218003.019168854,31.118976,277,15,342.531250,3532.500
1785218003.130404949,31.198795,278,13,178.031250,11194.250
1785218003.130404949,31.198795,278,15,227.906250,2294.750
1785218003.130404949,31.198795,278,15,229.546875,2275.000
1785218003.130404949,31.198795,278,15,231.187500,2267.750
1785218003.130404949,31.198795,278,15,232.812500,2274.250
1785218003.130404949,31.198795,278,15,234.468750,2293.000
1785218003.130404949,31.198795,278,15,272.125000,2777.250
1785218003.130404949,31.198795,278,11,291.734375,3923.000
1785218003.130404949,31.198795,278,15,329.703125,3480.250
1785218003.130404949,31.198795,278,13,331.343750,3486.750
1785218003.130404949,31.198795,278,8,333.015625,3480.500
1785218003.130404949,31.198795,278,15,336.312500,3493.500
1785218003.130404949,31.198795,278,15,337.953125,3498.500
1785218003.130404949,31.198795,278,15,339.593750,3505.000
1785218003.130404949,31.198795,278,15,341.265625,3509.750
1785218003.242557287,31.357860,279,15,14.359375,2466.500
1785218003.242557287,31.357860,279,15,173.421875,6939.750
1785218003.242557287,31.357860,279,11,176.625000,10942.500
1785218003.242557287,31.357860,279,15,178.296875,11211.000
1785218003.242557287,31.357860,279,15,211.156250,12398.000
1785218003.242557287,31.357860,279,7,217.718750,11982.250
1785218003.242557287,31.357860,279,15,231.359375,2276.500
1785218003.242557287,31.357860,279,15,232.953125,2285.000
1785218003.242557287,31.357860,279,15,234.625000,2307.750
1785218003.242557287,31.357860,279,12,318.312500,3282.500
1785218003.242557287,31.357860,279,8,324.921875,3269.500
1785218003.242557287,31.357860,279,0,338.093750,3317.500
1785218003.242557287,31.357860,279,3,339.750000,3381.750
1785218003.242557287,31.357860,279,14,341.390625,3434.250
1785218003.242557287,31.357860,279,12,349.609375,3634.500
1785218003.354011536,31.435261,280,13,176.671875,10972.500
1785218003.354011536,31.435261,280,12,178.328125,11231.250
1785218003.354011536,31.435261,280,15,229.750000,2286.000
1785218003.354011536,31.435261,280,15,231.406250,2274.000
1785218003.354011536,31.435261,280,15,233.046875,2271.750
1785218003.354011536,31.435261,280,15,234.718750,2307.750
1785218003.354011536,31.435261,280,15,311.843750,3366.500
1785218003.354011536,31.435261,280,6,339.859375,3372.000
1785218003.354011536,31.435261,280,15,341.515625,3443.500
1785218003.354011536,31.435261,280,8,344.796875,3464.750
1785218003.468514442,31.589308,281,15,14.531250,2469.500
1785218003.468514442,31.589308,281,15,173.703125,6927.250
1785218003.468514442,31.589308,281,12,176.921875,10966.000
1785218003.468514442,31.589308,281,15,178.546875,11229.500
1785218003.468514442,31.589308,281,15,230.046875,2299.750
1785218003.468514442,31.589308,281,15,231.671875,2276.250
1785218003.468514442,31.589308,281,15,233.312500,2277.250
1785218003.468514442,31.589308,281,15,234.921875,2315.250
1785218003.468514442,31.589308,281,9,298.828125,3662.000
1785218003.468514442,31.589308,281,1,308.718750,3437.000
1785218003.468514442,31.589308,281,8,326.906250,3272.500
1785218003.468514442,31.589308,281,15,341.734375,3433.250
1785218003.468514442,31.589308,281,9,346.656250,3463.000
1785218003.579828978,31.666341,282,9,351.593750,3630.500
1785218003.579828978,31.666341,282,15,173.734375,6926.250
1785218003.579828978,31.666341,282,12,176.921875,11041.500
1785218003.579828978,31.666341,282,9,228.453125,2286.250
1785218003.579828978,31.666341,282,14,230.093750,2277.250
1785218003.579828978,31.666341,282,15,231.687500,2276.250
1785218003.579828978,31.666341,282,15,233.359375,2278.250
1785218003.579828978,31.666341,282,15,234.984375,2315.500
1785218003.579828978,31.666341,282,15,326.984375,3272.500
1785218003.579828978,31.666341,282,13,328.625000,3269.250
1785218003.579828978,31.666341,282,7,336.890625,3268.500
1785218003.579828978,31.666341,282,12,340.171875,3301.750
1785218003.691445827,31.821221,283,11,177.031250,11031.750
1785218003.691445827,31.821221,283,7,195.015625,14428.500
1785218003.691445827,31.821221,283,8,228.437500,2289.250
1785218003.691445827,31.821221,283,15,230.093750,2275.500
1785218003.691445827,31.821221,283,15,231.734375,2290.250
1785218003.691445827,31.821221,283,15,233.375000,2293.250
1785218003.691445827,31.821221,283,15,235.015625,2314.750
1785218003.691445827,31.821221,283,9,285.687500,3922.500
1785218003.691445827,31.821221,283,9,295.562500,3669.000
1785218003.691445827,31.821221,283,8,297.203125,3647.000
1785218003.691445827,31.821221,283,15,325.406250,3272.750
1785218003.691445827,31.821221,283,11,327.062500,3269.000
1785218003.691445827,31.821221,283,0,338.593750,3315.500
1785218003.803277731,31.896348,284,15,170.578125,10423.000
1785218003.803277731,31.896348,284,15,173.937500,6949.500
1785218003.803277731,31.896348,284,15,177.140625,10972.250
1785218003.803277731,31.896348,284,15,226.937500,2328.500
1785218003.803277731,31.896348,284,15,230.203125,2300.000
1785218003.803277731,31.896348,284,15,231.875000,2278.000
1785218003.803277731,31.896348,284,15,233.515625,2285.500
1785218003.803277731,31.896348,284,9,318.906250,3269.750
1785218003.803277731,31.896348,284,9,320.546875,3268.500
1785218003.803277731,31.896348,284,8,322.234375,3267.750
1785218003.803277731,31.896348,284,7,325.531250,3265.000
1785218003.803277731,31.896348,284,9,327.187500,3266.500
1785218003.803277731,31.896348,284,15,328.828125,3266.000
1785218003.803277731,31.896348,284,9,330.484375,3269.250
1785218003.803277731,31.896348,284,13,332.125000,3264.750
1785218003.803277731,31.896348,284,8,340.375000,3300.750
1785218003.913469076,31.973081,285,15,170.593750,10421.250
1785218003.913469076,31.973081,285,15,177.171875,11096.500
1785218003.913469076,31.973081,285,7,188.765625,12500.000
1785218003.913469076,31.973081,285,8,195.343750,14570.250
1785218003.913469076,31.973081,285,15,213.406250,12087.750
1785218003.913469076,31.973081,285,15,227.062500,2327.250
1785218003.913469076,31.973081,285,15,228.687500,2292.750
1785218003.913469076,31.973081,285,15,230.328125,2265.500
1785218003.913469076,31.973081,285,15,231.984375,2279.000
1785218003.913469076,31.973081,285,15,233.625000,2297.000
1785218003.913469076,31.973081,285,12,297.437500,3659.000
1785218003.913469076,31.973081,285,15,342.046875,3457.000
1785218003.913469076,31.973081,285,8,345.343750,3480.000
1785218004.028897285,32.129951,286,15,170.828125,10396.000
1785218004.028897285,32.129951,286,12,177.375000,11149.750
1785218004.028897285,32.129951,286,15,213.546875,12037.250
1785218004.028897285,32.129951,286,14,227.218750,2309.750
1785218004.028897285,32.129951,286,15,228.859375,2273.500
1785218004.028897285,32.129951,286,15,230.500000,2262.500
1785218004.028897285,32.129951,286,13,232.109375,2268.000
1785218004.028897285,32.129951,286,15,233.765625,2285.750
1785218004.028897285,32.129951,286,8,286.109375,3948.000
1785218004.028897285,32.129951,286,11,301.000000,3492.500
1785218004.028897285,32.129951,286,3,338.890625,3430.250
1785218004.028897285,32.129951,286,15,340.515625,3427.750
1785218004.028897285,32.129951,286,3,342.171875,3470.000
1785218004.139391899,32.208623,287,14,350.453125,3661.500
1785218004.139391899,32.208623,287,11,175.984375,10950.250
1785218004.139391899,32.208623,287,10,177.640625,11166.500
1785218004.139391899,32.208623,287,7,182.515625,14042.750
1785218004.139391899,32.208623,287,14,213.718750,12039.250
1785218004.139391899,32.208623,287,15,227.359375,2320.000
1785218004.139391899,32.208623,287,15,229.031250,2285.500
1785218004.139391899,32.208623,287,15,230.671875,2263.500
1785218004.139391899,32.208623,287,15,232.328125,2273.000
1785218004.139391899,32.208623,287,15,233.968750,2293.500
1785218004.139391899,32.208623,287,8,286.296875,3938.750
1785218004.139391899,32.208623,287,12,296.171875,3689.750
1785218004.139391899,32.208623,287,8,297.828125,3654.500
1785218004.139391899,32.208623,287,8,317.703125,3262.000
1785218004.139391899,32.208623,287,3,339.156250,3400.000
1785218004.139391899,32.208623,287,12,342.437500,3421.250
1785218004.251400471,32.361173,288,13,176.234375,10912.750
1785218004.251400471,32.361173,288,11,210.656250,12345.250
1785218004.251400471,32.361173,288,15,227.625000,2296.500
1785218004.251400471,32.361173,288,15,229.265625,2276.250
1785218004.251400471,32.361173,288,15,230.890625,2268.750
1785218004.251400471,32.361173,288,15,232.546875,2272.250
1785218004.251400471,32.361173,288,15,234.171875,2291.250
1785218004.251400471,32.361173,288,7,288.093750,3899.500
1785218004.251400471,32.361173,288,11,293.015625,3685.000
1785218004.251400471,32.361173,288,10,294.656250,3672.250
1785218004.251400471,32.361173,288,13,312.968750,3289.250
1785218004.251400471,32.361173,288,12,317.890625,3271.000
1785218004.251400471,32.361173,288,9,321.203125,3271.000
1785218004.251400471,32.361173,288,14,326.203125,3269.250
1785218004.251400471,32.361173,288,13,327.843750,3266.250
1785218004.251400471,32.361173,288,13,342.687500,3404.250
1785218004.251400471,32.361173,288,11,344.328125,3442.750
1785218004.251400471,32.361173,288,7,345.984375,3467.250
