timestamp,elapsed_s,scan_index,quality,angle_deg,distance_mm
1785209558.329859018,0.026649,0,15,351.140625,4145.250
1785209558.329859018,0.026649,0,15,352.781250,4155.750
1785209558.329859018,0.026649,0,15,354.437500,4166.750
1785209558.329859018,0.026649,0,14,356.062500,4191.000
1785209558.329859018,0.026649,0,14,357.703125,4226.750
1785209558.329859018,0.026649,0,13,359.343750,4248.250
1785209558.329859018,0.026649,0,8,0.984375,4283.750
1785209558.329859018,0.026649,0,8,2.609375,4326.500
1785209558.329859018,0.026649,0,11,4.234375,4353.500
1785209558.329859018,0.026649,0,12,5.875000,4394.250
1785209558.329859018,0.026649,0,13,7.515625,4430.000
1785209558.329859018,0.026649,0,8,9.156250,4494.750
1785209558.329859018,0.026649,0,8,10.734375,4596.750
1785209558.329859018,0.026649,0,7,180.265625,10185.750
1785209558.329859018,0.026649,0,15,222.828125,5005.750
1785209558.329859018,0.026649,0,15,226.093750,4732.500
1785209558.329859018,0.026649,0,15,231.140625,3387.500
1785209558.329859018,0.026649,0,6,232.750000,3365.500
1785209558.329859018,0.026649,0,15,235.953125,3921.250
1785209558.329859018,0.026649,0,15,237.593750,3855.250
1785209558.329859018,0.026649,0,15,239.234375,3790.250
1785209558.329859018,0.026649,0,15,240.890625,3725.250
1785209558.329859018,0.026649,0,15,242.500000,3649.500
1785209558.329859018,0.026649,0,15,244.156250,3583.000
1785209558.329859018,0.026649,0,15,245.781250,3546.500
1785209558.329859018,0.026649,0,15,247.421875,3510.500
1785209558.329859018,0.026649,0,15,249.046875,3460.750
1785209558.329859018,0.026649,0,15,250.750000,3415.000
1785209558.329859018,0.026649,0,15,254.000000,3523.250
1785209558.329859018,0.026649,0,15,255.656250,3498.750
1785209558.329859018,0.026649,0,15,258.890625,3763.500
1785209558.329859018,0.026649,0,15,260.500000,3766.500
1785209558.329859018,0.026649,0,15,262.171875,3751.250
1785209558.329859018,0.026649,0,15,263.781250,3747.000
1785209558.329859018,0.026649,0,15,265.421875,3730.000
1785209558.329859018,0.026649,0,15,267.078125,3707.250
1785209558.329859018,0.026649,0,15,268.718750,3709.000
1785209558.329859018,0.026649,0,15,270.328125,3733.000
1785209558.329859018,0.026649,0,15,271.984375,3731.250
1785209558.329859018,0.026649,0,15,273.593750,3722.500
1785209558.329859018,0.026649,0,15,275.187500,3735.750
1785209558.329859018,0.026649,0,15,276.796875,3751.000
1785209558.329859018,0.026649,0,15,278.421875,3772.500
1785209558.329859018,0.026649,0,15,280.062500,3793.250
1785209558.329859018,0.026649,0,15,281.687500,3796.750
1785209558.329859018,0.026649,0,15,283.328125,3802.750
1785209558.329859018,0.026649,0,15,284.937500,3835.500
1785209558.329859018,0.026649,0,15,286.562500,3867.500
1785209558.329859018,0.026649,0,15,294.796875,3315.500
1785209558.329859018,0.026649,0,15,296.421875,3361.750
1785209558.329859018,0.026649,0,15,298.031250,3401.250
1785209558.329859018,0.026649,0,15,299.734375,3466.000
1785209558.329859018,0.026649,0,15,301.359375,3530.750
1785209558.329859018,0.026649,0,15,302.984375,3589.500
1785209558.329859018,0.026649,0,15,304.609375,3670.500
1785209558.329859018,0.026649,0,15,307.843750,4304.000
1785209558.329859018,0.026649,0,11,320.906250,4151.000
1785209558.329859018,0.026649,0,15,322.593750,4125.250
1785209558.329859018,0.026649,0,9,324.250000,4083.000
1785209558.329859018,0.026649,0,7,325.890625,4037.250
1785209558.329859018,0.026649,0,12,327.531250,3999.750
1785209558.329859018,0.026649,0,13,329.171875,3975.250
1785209558.329859018,0.026649,0,11,330.796875,3976.750
1785209558.329859018,0.026649,0,15,332.437500,3990.500
1785209558.329859018,0.026649,0,15,334.062500,4000.250
1785209558.329859018,0.026649,0,10,335.687500,4022.750
1785209558.329859018,0.026649,0,10,337.343750,4045.250
1785209558.329859018,0.026649,0,11,338.984375,4050.500
1785209558.329859018,0.026649,0,12,340.609375,4057.250
1785209558.329859018,0.026649,0,15,342.234375,4075.750
1785209558.329859018,0.026649,0,10,343.875000,4097.750
1785209558.329859018,0.026649,0,15,345.515625,4114.000
1785209558.329859018,0.026649,0,15,347.171875,4112.000
1785209558.329859018,0.026649,0,15,348.796875,4121.750
1785209558.554407597,0.190883,1,15,351.359375,4152.000
1785209558.554407597,0.190883,1,15,352.968750,4166.750
1785209558.554407597,0.190883,1,12,354.609375,4181.000
1785209558.554407597,0.190883,1,15,356.250000,4197.250
1785209558.554407597,0.190883,1,15,357.890625,4235.750
1785209558.554407597,0.190883,1,15,359.531250,4266.000
1785209558.554407597,0.190883,1,13,1.171875,4278.250
1785209558.554407597,0.190883,1,10,2.812500,4309.500
1785209558.554407597,0.190883,1,12,4.437500,4355.250
1785209558.554407597,0.190883,1,15,6.062500,4402.250
1785209558.554407597,0.190883,1,14,7.703125,4422.750
1785209558.554407597,0.190883,1,9,9.343750,4474.000
1785209558.554407597,0.190883,1,12,10.875000,4590.000
1785209558.554407597,0.190883,1,9,180.531250,10230.500
1785209558.554407597,0.190883,1,15,214.906250,5959.750
1785209558.554407597,0.190883,1,15,218.187500,5485.750
1785209558.554407597,0.190883,1,15,223.109375,4998.750
1785209558.554407597,0.190883,1,15,226.406250,4708.750
1785209558.554407597,0.190883,1,15,228.046875,4593.750
1785209558.554407597,0.190883,1,15,231.437500,3385.500
1785209558.554407597,0.190883,1,15,233.062500,3379.750
1785209558.554407597,0.190883,1,15,237.921875,3845.500
1785209558.554407597,0.190883,1,15,239.546875,3772.250
1785209558.554407597,0.190883,1,15,241.171875,3709.750
1785209558.554407597,0.190883,1,15,242.812500,3649.250
1785209558.554407597,0.190883,1,15,244.468750,3595.000
1785209558.554407597,0.190883,1,15,246.109375,3540.250
1785209558.554407597,0.190883,1,15,247.734375,3492.500
1785209558.554407597,0.190883,1,15,249.375000,3454.000
1785209558.554407597,0.190883,1,15,251.000000,3403.750
1785209558.554407597,0.190883,1,15,254.250000,3509.000
1785209558.554407597,0.190883,1,15,255.875000,3499.000
1785209558.554407597,0.190883,1,15,259.125000,3780.500
1785209558.554407597,0.190883,1,15,260.734375,3755.500
1785209558.554407597,0.190883,1,15,262.375000,3753.500
1785209558.554407597,0.190883,1,15,264.015625,3739.750
1785209558.554407597,0.190883,1,15,265.656250,3710.500
1785209558.554407597,0.190883,1,15,267.265625,3707.000
1785209558.554407597,0.190883,1,15,268.906250,3724.000
1785209558.554407597,0.190883,1,15,270.562500,3717.000
1785209558.554407597,0.190883,1,15,272.171875,3698.750
1785209558.554407597,0.190883,1,15,273.812500,3715.750
1785209558.554407597,0.190883,1,15,275.390625,3733.000
1785209558.554407597,0.190883,1,15,277.031250,3739.750
1785209558.554407597,0.190883,1,15,278.656250,3756.500
1785209558.554407597,0.190883,1,15,280.281250,3775.750
1785209558.554407597,0.190883,1,15,281.906250,3796.500
1785209558.554407597,0.190883,1,15,283.515625,3816.000
1785209558.554407597,0.190883,1,15,285.156250,3835.000
1785209558.554407597,0.190883,1,15,286.781250,3847.500
1785209558.554407597,0.190883,1,15,290.078125,3657.000
1785209558.554407597,0.190883,1,15,295.000000,3325.500
1785209558.554407597,0.190883,1,15,296.609375,3376.000
1785209558.554407597,0.190883,1,15,298.234375,3414.500
1785209558.554407597,0.190883,1,15,300.000000,3473.000
1785209558.554407597,0.190883,1,15,301.609375,3542.750
1785209558.554407597,0.190883,1,15,303.265625,3604.250
1785209558.554407597,0.190883,1,15,304.875000,3682.750
1785209558.554407597,0.190883,1,15,308.093750,4310.500
1785209558.554407597,0.190883,1,8,319.578125,4159.750
1785209558.554407597,0.190883,1,10,321.203125,4144.750
1785209558.554407597,0.190883,1,13,322.906250,4115.500
1785209558.554407597,0.190883,1,7,324.546875,4068.250
1785209558.554407597,0.190883,1,9,326.187500,4021.000
1785209558.554407597,0.190883,1,8,327.859375,3985.250
1785209558.554407597,0.190883,1,13,329.500000,3973.250
1785209558.554407597,0.190883,1,13,331.125000,3982.250
1785209558.554407597,0.190883,1,15,332.750000,4000.000
1785209558.554407597,0.190883,1,10,336.031250,4037.750
1785209558.554407597,0.190883,1,7,337.687500,4053.250
1785209558.554407597,0.190883,1,13,339.328125,4039.750
1785209558.554407597,0.190883,1,11,340.968750,4047.500
1785209558.554407597,0.190883,1,15,342.593750,4053.000
1785209558.554407597,0.190883,1,12,344.234375,4074.500
1785209558.554407597,0.190883,1,15,345.875000,4100.500
1785209558.554407597,0.190883,1,15,347.453125,4091.000
1785209558.554407597,0.190883,1,15,349.093750,4109.500
1785209558.668817997,0.269579,2,15,350.718750,4141.750
1785209558.668817997,0.269579,2,15,352.359375,4154.750
1785209558.668817997,0.269579,2,15,354.015625,4177.750
1785209558.668817997,0.269579,2,14,355.656250,4194.750
1785209558.668817997,0.269579,2,13,357.281250,4214.250
1785209558.668817997,0.269579,2,15,358.906250,4251.500
1785209558.668817997,0.269579,2,12,0.531250,4279.250
1785209558.668817997,0.269579,2,9,2.187500,4306.750
1785209558.668817997,0.269579,2,11,3.828125,4332.250
1785209558.668817997,0.269579,2,14,5.437500,4377.500
1785209558.668817997,0.269579,2,13,7.078125,4428.250
1785209558.668817997,0.269579,2,11,8.734375,4470.750
1785209558.668817997,0.269579,2,9,10.343750,4542.500
1785209558.668817997,0.269579,2,8,173.468750,10159.250
1785209558.668817997,0.269579,2,7,176.734375,10143.250
1785209558.668817997,0.269579,2,15,219.250000,5360.750
1785209558.668817997,0.269579,2,15,222.531250,5039.250
1785209558.668817997,0.269579,2,15,224.156250,4902.250
1785209558.668817997,0.269579,2,15,225.812500,4776.500
1785209558.668817997,0.269579,2,15,230.828125,3407.000
1785209558.668817997,0.269579,2,15,232.468750,3357.500
1785209558.668817997,0.269579,2,15,237.296875,3869.500
1785209558.668817997,0.269579,2,15,238.937500,3787.750
1785209558.668817997,0.269579,2,15,240.578125,3727.500
1785209558.668817997,0.269579,2,15,242.218750,3662.500
1785209558.668817997,0.269579,2,15,243.875000,3595.000
1785209558.668817997,0.269579,2,15,245.500000,3548.500
1785209558.668817997,0.269579,2,15,247.125000,3510.000
1785209558.668817997,0.269579,2,15,248.765625,3463.500
1785209558.668817997,0.269579,2,15,250.406250,3421.000
1785209558.668817997,0.269579,2,15,252.000000,3452.000
1785209558.668817997,0.269579,2,15,253.625000,3497.250
1785209558.668817997,0.269579,2,15,255.265625,3491.250
1785209558.668817997,0.269579,2,15,258.484375,3718.000
1785209558.668817997,0.269579,2,15,260.109375,3766.750
1785209558.668817997,0.269579,2,15,261.750000,3759.500
1785209558.668817997,0.269579,2,15,263.375000,3733.500
1785209558.668817997,0.269579,2,15,265.000000,3722.250
1785209558.668817997,0.269579,2,15,266.625000,3717.500
1785209558.668817997,0.269579,2,15,268.250000,3717.500
1785209558.668817997,0.269579,2,15,269.906250,3725.250
1785209558.668817997,0.269579,2,15,271.546875,3722.000
1785209558.668817997,0.269579,2,15,273.156250,3717.250
1785209558.668817997,0.269579,2,15,274.765625,3727.500
1785209558.668817997,0.269579,2,15,276.390625,3749.000
1785209558.668817997,0.269579,2,15,278.015625,3753.250
1785209558.668817997,0.269579,2,15,279.640625,3763.500
1785209558.668817997,0.269579,2,15,281.265625,3784.250
1785209558.668817997,0.269579,2,15,282.890625,3799.250
1785209558.668817997,0.269579,2,15,284.500000,3829.000
1785209558.668817997,0.269579,2,15,286.125000,3867.500
1785209558.668817997,0.269579,2,15,289.437500,3664.000
1785209558.668817997,0.269579,2,15,291.046875,3581.250
1785209558.668817997,0.269579,2,15,294.359375,3309.500
1785209558.668817997,0.269579,2,15,295.968750,3349.750
1785209558.668817997,0.269579,2,15,297.609375,3392.250
1785209558.668817997,0.269579,2,15,299.359375,3446.750
1785209558.668817997,0.269579,2,15,300.968750,3510.750
1785209558.668817997,0.269579,2,15,302.609375,3575.250
1785209558.668817997,0.269579,2,15,304.250000,3648.250
1785209558.668817997,0.269579,2,15,307.453125,4270.750
1785209558.668817997,0.269579,2,9,320.562500,4164.250
1785209558.668817997,0.269579,2,11,322.203125,4136.000
1785209558.668817997,0.269579,2,10,323.859375,4081.750
1785209558.668817997,0.269579,2,13,325.500000,4027.000
1785209558.668817997,0.269579,2,11,327.125000,3983.500
1785209558.668817997,0.269579,2,9,328.781250,3964.500
1785209558.668817997,0.269579,2,10,330.390625,3966.750
1785209558.668817997,0.269579,2,10,332.046875,3977.750
1785209558.668817997,0.269579,2,15,333.671875,3977.250
1785209558.668817997,0.269579,2,10,336.968750,3995.500
1785209558.668817997,0.269579,2,10,338.593750,4022.250
1785209558.668817997,0.269579,2,11,340.218750,4045.000
1785209558.668817997,0.269579,2,15,341.843750,4068.250
1785209558.668817997,0.269579,2,11,343.484375,4081.250
1785209558.668817997,0.269579,2,13,345.140625,4097.250
1785209558.668817997,0.269579,2,15,346.734375,4094.250
1785209558.668817997,0.269579,2,15,348.390625,4101.750
1785209558.668817997,0.269579,2,15,350.000000,4135.500
1785209558.780300379,0.443447,3,15,351.625000,4143.250
1785209558.780300379,0.443447,3,15,353.281250,4156.750
1785209558.780300379,0.443447,3,13,354.906250,4173.750
1785209558.780300379,0.443447,3,13,356.531250,4197.750
1785209558.780300379,0.443447,3,12,358.171875,4253.750
1785209558.780300379,0.443447,3,13,359.796875,4266.750
1785209558.780300379,0.443447,3,12,3.078125,4298.750
1785209558.780300379,0.443447,3,11,4.703125,4371.000
1785209558.780300379,0.443447,3,15,6.328125,4412.750
1785209558.780300379,0.443447,3,11,7.968750,4446.000
1785209558.780300379,0.443447,3,13,9.593750,4520.750
1785209558.780300379,0.443447,3,13,11.203125,4626.750
1785209558.780300379,0.443447,3,8,180.703125,10188.500
1785209558.780300379,0.443447,3,8,198.671875,10222.250
1785209558.780300379,0.443447,3,15,223.359375,4960.000
1785209558.780300379,0.443447,3,15,225.000000,4819.750
1785209558.780300379,0.443447,3,15,226.593750,4698.250
1785209558.780300379,0.443447,3,15,231.593750,3379.250
1785209558.780300379,0.443447,3,15,233.203125,3402.750
1785209558.780300379,0.443447,3,15,241.343750,3698.500
1785209558.780300379,0.443447,3,15,242.968750,3637.750
1785209558.780300379,0.443447,3,15,244.625000,3585.250
1785209558.780300379,0.443447,3,15,246.234375,3539.500
1785209558.780300379,0.443447,3,15,247.890625,3486.250
1785209558.780300379,0.443447,3,15,249.515625,3438.000
1785209558.780300379,0.443447,3,15,251.140625,3398.250
1785209558.780300379,0.443447,3,15,254.390625,3513.000
1785209558.780300379,0.443447,3,15,259.234375,3776.000
1785209558.780300379,0.443447,3,15,260.875000,3773.000
1785209558.780300379,0.443447,3,15,262.515625,3765.250
1785209558.780300379,0.443447,3,15,264.140625,3739.250
1785209558.780300379,0.443447,3,15,265.765625,3714.000
1785209558.780300379,0.443447,3,15,267.390625,3710.250
1785209558.780300379,0.443447,3,15,269.031250,3722.750
1785209558.780300379,0.443447,3,15,270.640625,3717.750
1785209558.780300379,0.443447,3,15,272.281250,3704.250
1785209558.780300379,0.443447,3,15,273.921875,3707.000
1785209558.780300379,0.443447,3,15,275.515625,3723.500
1785209558.780300379,0.443447,3,15,277.140625,3748.000
1785209558.780300379,0.443447,3,15,278.765625,3770.750
1785209558.780300379,0.443447,3,15,280.390625,3791.000
1785209558.780300379,0.443447,3,15,282.031250,3807.250
1785209558.780300379,0.443447,3,15,283.640625,3823.000
1785209558.780300379,0.443447,3,15,285.281250,3857.000
1785209558.780300379,0.443447,3,15,286.890625,3851.000
1785209558.780300379,0.443447,3,15,290.187500,3632.750
1785209558.780300379,0.443447,3,15,295.093750,3318.250
1785209558.780300379,0.443447,3,15,296.703125,3370.000
1785209558.780300379,0.443447,3,15,298.453125,3420.250
1785209558.780300379,0.443447,3,15,300.093750,3483.250
1785209558.780300379,0.443447,3,15,301.703125,3547.750
1785209558.780300379,0.443447,3,15,303.328125,3612.000
1785209558.780300379,0.443447,3,15,304.984375,3683.500
1785209558.780300379,0.443447,3,15,308.171875,4311.250
1785209558.780300379,0.443447,3,10,319.625000,4170.750
1785209558.780300379,0.443447,3,11,321.281250,4148.500
1785209558.780300379,0.443447,3,12,322.921875,4112.500
1785209558.780300379,0.443447,3,10,326.187500,4045.000
1785209558.780300379,0.443447,3,8,327.828125,3985.750
1785209558.780300379,0.443447,3,13,329.468750,3973.500
1785209558.780300379,0.443447,3,11,331.093750,3976.750
1785209558.780300379,0.443447,3,15,332.750000,3984.750
1785209558.780300379,0.443447,3,9,336.000000,4028.000
1785209558.780300379,0.443447,3,8,337.625000,4056.000
1785209558.780300379,0.443447,3,9,339.281250,4044.000
1785209558.780300379,0.443447,3,12,340.890625,4052.000
1785209558.780300379,0.443447,3,15,342.531250,4074.500
1785209558.780300379,0.443447,3,13,344.171875,4095.250
1785209558.780300379,0.443447,3,15,345.812500,4102.750
1785209558.780300379,0.443447,3,15,347.406250,4094.500
1785209558.780300379,0.443447,3,15,349.046875,4113.500
1785209558.892403126,0.521826,4,15,350.671875,4147.500
1785209558.892403126,0.521826,4,13,352.312500,4160.250
1785209558.892403126,0.521826,4,15,353.968750,4173.250
1785209558.892403126,0.521826,4,12,355.593750,4191.250
1785209558.892403126,0.521826,4,14,357.203125,4217.750
1785209558.892403126,0.521826,4,15,358.859375,4253.000
1785209558.892403126,0.521826,4,14,0.484375,4278.500
1785209558.892403126,0.521826,4,11,2.109375,4307.500
1785209558.892403126,0.521826,4,10,3.734375,4335.250
1785209558.892403126,0.521826,4,13,5.375000,4378.750
1785209558.892403126,0.521826,4,14,6.984375,4427.500
1785209558.892403126,0.521826,4,10,8.640625,4472.250
1785209558.892403126,0.521826,4,8,10.250000,4562.500
1785209558.892403126,0.521826,4,15,218.921875,5394.500
1785209558.892403126,0.521826,4,15,222.218750,5072.250
1785209558.892403126,0.521826,4,15,223.859375,4930.500
1785209558.892403126,0.521826,4,15,225.484375,4794.000
1785209558.892403126,0.521826,4,15,227.109375,4673.750
1785209558.892403126,0.521826,4,15,230.484375,3351.750
1785209558.892403126,0.521826,4,15,232.125000,3350.750
1785209558.892403126,0.521826,4,15,236.968750,3877.250
1785209558.892403126,0.521826,4,15,238.578125,3807.250
1785209558.892403126,0.521826,4,15,240.234375,3738.750
1785209558.892403126,0.521826,4,15,241.875000,3689.250
1785209558.892403126,0.521826,4,15,243.500000,3631.250
1785209558.892403126,0.521826,4,15,245.156250,3566.000
1785209558.892403126,0.521826,4,15,246.765625,3521.500
1785209558.892403126,0.521826,4,15,248.406250,3476.750
1785209558.892403126,0.521826,4,15,250.078125,3420.500
1785209558.892403126,0.521826,4,15,251.656250,3416.000
1785209558.892403126,0.521826,4,15,253.296875,3478.000
1785209558.892403126,0.521826,4,15,254.890625,3493.500
1785209558.892403126,0.521826,4,15,259.781250,3773.750
1785209558.892403126,0.521826,4,15,261.406250,3757.750
1785209558.892403126,0.521826,4,15,263.015625,3750.000
1785209558.892403126,0.521826,4,15,264.671875,3749.750
1785209558.892403126,0.521826,4,15,266.281250,3736.500
1785209558.892403126,0.521826,4,15,267.937500,3711.500
1785209558.892403126,0.521826,4,15,269.546875,3701.500
1785209558.892403126,0.521826,4,15,271.187500,3692.750
1785209558.892403126,0.521826,4,15,272.828125,3694.000
1785209558.892403126,0.521826,4,15,274.421875,3724.750
1785209558.892403126,0.521826,4,15,276.046875,3743.250
1785209558.892403126,0.521826,4,15,277.656250,3752.500
1785209558.892403126,0.521826,4,15,279.281250,3772.750
1785209558.892403126,0.521826,4,15,280.906250,3792.750
1785209558.892403126,0.521826,4,15,282.546875,3807.000
1785209558.892403126,0.521826,4,15,284.171875,3825.750
1785209558.892403126,0.521826,4,15,285.781250,3858.750
1785209558.892403126,0.521826,4,15,290.703125,3601.250
1785209558.892403126,0.521826,4,15,293.984375,3332.000
1785209558.892403126,0.521826,4,15,295.609375,3342.500
1785209558.892403126,0.521826,4,15,297.234375,3381.500
1785209558.892403126,0.521826,4,15,298.937500,3434.000
1785209558.892403126,0.521826,4,15,300.578125,3497.750
1785209558.892403126,0.521826,4,15,302.187500,3566.250
1785209558.892403126,0.521826,4,15,303.828125,3640.250
1785209558.892403126,0.521826,4,15,305.421875,3708.500
1785209558.892403126,0.521826,4,13,308.640625,4366.000
1785209558.892403126,0.521826,4,10,320.093750,4161.250
1785209558.892403126,0.521826,4,13,321.734375,4138.000
1785209558.892403126,0.521826,4,12,323.390625,4107.750
1785209558.892403126,0.521826,4,9,325.000000,4066.500
1785209558.892403126,0.521826,4,8,326.656250,4014.000
1785209558.892403126,0.521826,4,11,328.296875,3980.250
1785209558.892403126,0.521826,4,10,329.937500,3969.750
1785209558.892403126,0.521826,4,9,331.562500,3973.500
1785209558.892403126,0.521826,4,15,333.187500,3993.500
1785209558.892403126,0.521826,4,7,334.828125,4031.250
1785209558.892403126,0.521826,4,8,336.437500,4068.250
1785209558.892403126,0.521826,4,8,338.093750,4069.250
1785209558.892403126,0.521826,4,7,339.718750,4060.750
1785209558.892403126,0.521826,4,13,341.343750,4077.000
1785209558.892403126,0.521826,4,15,342.968750,4088.000
1785209558.892403126,0.521826,4,12,344.625000,4099.750
1785209558.892403126,0.521826,4,15,346.250000,4097.250
1785209558.892403126,0.521826,4,15,347.875000,4089.500
1785209558.892403126,0.521826,4,15,349.500000,4121.250
1785209559.006841421,0.601514,5,15,351.140625,4146.500
1785209559.006841421,0.601514,5,15,352.765625,4156.750
1785209559.006841421,0.601514,5,15,354.390625,4168.000
1785209559.006841421,0.601514,5,15,356.015625,4195.000
1785209559.006841421,0.601514,5,15,357.656250,4231.750
1785209559.006841421,0.601514,5,13,359.281250,4251.000
1785209559.006841421,0.601514,5,9,0.921875,4281.500
1785209559.006841421,0.601514,5,9,2.546875,4331.500
1785209559.006841421,0.601514,5,10,4.171875,4361.250
1785209559.006841421,0.601514,5,12,5.796875,4388.750
1785209559.006841421,0.601514,5,14,7.453125,4424.000
1785209559.006841421,0.601514,5,10,9.062500,4492.500
1785209559.006841421,0.601514,5,8,10.671875,4595.250
1785209559.006841421,0.601514,5,15,219.125000,5366.000
1785209559.006841421,0.601514,5,15,220.765625,5210.250
1785209559.006841421,0.601514,5,15,222.406250,5060.500
1785209559.006841421,0.601514,5,15,225.687500,4755.750
1785209559.006841421,0.601514,5,15,227.328125,4642.000
1785209559.006841421,0.601514,5,15,230.687500,3396.500
1785209559.006841421,0.601514,5,15,232.328125,3350.500
1785209559.006841421,0.601514,5,15,237.156250,3870.250
1785209559.006841421,0.601514,5,15,238.812500,3791.000
1785209559.006841421,0.601514,5,15,240.453125,3729.500
1785209559.006841421,0.601514,5,15,242.062500,3663.750
1785209559.006841421,0.601514,5,15,243.718750,3597.750
1785209559.006841421,0.601514,5,15,245.343750,3563.000
1785209559.006841421,0.601514,5,15,247.000000,3519.750
1785209559.006841421,0.601514,5,15,248.593750,3468.750
1785209559.006841421,0.601514,5,15,250.250000,3425.750
1785209559.006841421,0.601514,5,15,251.906250,3436.500
1785209559.006841421,0.601514,5,15,253.515625,3497.500
1785209559.006841421,0.601514,5,15,255.171875,3503.250
1785209559.006841421,0.601514,5,15,260.015625,3778.750
1785209559.006841421,0.601514,5,15,261.640625,3762.750
1785209559.006841421,0.601514,5,15,263.296875,3740.750
1785209559.006841421,0.601514,5,15,264.906250,3727.500
1785209559.006841421,0.601514,5,15,266.546875,3719.000
1785209559.006841421,0.601514,5,15,268.171875,3718.000
1785209559.006841421,0.601514,5,15,269.796875,3723.500
1785209559.006841421,0.601514,5,15,271.453125,3718.500
1785209559.006841421,0.601514,5,15,273.078125,3716.000
1785209559.006841421,0.601514,5,15,274.687500,3725.000
1785209559.006841421,0.601514,5,15,276.328125,3747.000
1785209559.006841421,0.601514,5,15,277.953125,3756.000
1785209559.006841421,0.601514,5,15,279.562500,3767.750
1785209559.006841421,0.601514,5,15,281.187500,3785.500
1785209559.006841421,0.601514,5,15,282.828125,3798.000
1785209559.006841421,0.601514,5,15,284.468750,3823.000
1785209559.006841421,0.601514,5,15,286.093750,3860.250
1785209559.006841421,0.601514,5,15,289.390625,3653.000
1785209559.006841421,0.601514,5,15,291.015625,3584.250
1785209559.006841421,0.601514,5,15,294.312500,3318.750
1785209559.006841421,0.601514,5,15,295.937500,3349.000
1785209559.006841421,0.601514,5,15,297.546875,3391.000
1785209559.006841421,0.601514,5,15,299.250000,3440.000
1785209559.006841421,0.601514,5,15,300.859375,3499.250
1785209559.006841421,0.601514,5,15,302.484375,3560.000
1785209559.006841421,0.601514,5,9,320.421875,4156.500
1785209559.006841421,0.601514,5,10,322.062500,4132.750
1785209559.006841421,0.601514,5,13,323.671875,4097.250
1785209559.006841421,0.601514,5,13,325.312500,4049.500
1785209559.006841421,0.601514,5,8,326.953125,4027.250
1785209559.006841421,0.601514,5,9,328.593750,3996.250
1785209559.006841421,0.601514,5,10,330.250000,3970.250
1785209559.006841421,0.601514,5,11,331.859375,3983.250
1785209559.006841421,0.601514,5,14,333.500000,3980.500
1785209559.006841421,0.601514,5,7,336.765625,4017.500
1785209559.006841421,0.601514,5,9,338.375000,4070.250
1785209559.006841421,0.601514,5,12,340.015625,4075.250
1785209559.006841421,0.601514,5,15,341.656250,4080.500
1785209559.006841421,0.601514,5,11,343.296875,4089.500
1785209559.006841421,0.601514,5,15,344.906250,4102.750
1785209559.006841421,0.601514,5,15,346.578125,4100.000
1785209559.006841421,0.601514,5,15,348.234375,4101.750
1785209559.006841421,0.601514,5,15,349.843750,4137.750
1785209559.119929552,0.774898,6,15,351.468750,4155.250
1785209559.119929552,0.774898,6,15,353.125000,4170.250
1785209559.119929552,0.774898,6,15,354.781250,4188.500
1785209559.119929552,0.774898,6,13,356.390625,4201.250
1785209559.119929552,0.774898,6,15,358.015625,4242.500
1785209559.119929552,0.774898,6,15,359.656250,4269.750
1785209559.119929552,0.774898,6,13,1.281250,4275.000
1785209559.119929552,0.774898,6,13,2.921875,4308.500
1785209559.119929552,0.774898,6,12,4.562500,4355.750
1785209559.119929552,0.774898,6,12,6.187500,4403.250
1785209559.119929552,0.774898,6,10,7.828125,4442.500
1785209559.119929552,0.774898,6,11,9.468750,4489.000
1785209559.119929552,0.774898,6,10,11.015625,4589.000
1785209559.119929552,0.774898,6,8,175.484375,10178.500
1785209559.119929552,0.774898,6,8,177.125000,10216.000
1785209559.119929552,0.774898,6,15,222.921875,4987.500
1785209559.119929552,0.774898,6,15,224.546875,4862.500
1785209559.119929552,0.774898,6,15,226.187500,4734.500
1785209559.119929552,0.774898,6,15,227.812500,4611.000
1785209559.119929552,0.774898,6,15,231.187500,3388.500
1785209559.119929552,0.774898,6,15,236.015625,3924.750
1785209559.119929552,0.774898,6,15,237.640625,3856.250
1785209559.119929552,0.774898,6,15,239.281250,3787.000
1785209559.119929552,0.774898,6,15,240.906250,3721.500
1785209559.119929552,0.774898,6,15,242.578125,3649.250
1785209559.119929552,0.774898,6,15,244.187500,3581.750
1785209559.119929552,0.774898,6,15,245.843750,3545.000
1785209559.119929552,0.774898,6,15,247.484375,3508.250
1785209559.119929552,0.774898,6,15,249.093750,3462.750
1785209559.119929552,0.774898,6,15,250.812500,3419.750
1785209559.119929552,0.774898,6,15,254.078125,3521.250
1785209559.119929552,0.774898,6,15,255.687500,3495.000
1785209559.119929552,0.774898,6,15,258.921875,3765.250
1785209559.119929552,0.774898,6,15,260.562500,3768.500
1785209559.119929552,0.774898,6,15,262.203125,3749.000
1785209559.119929552,0.774898,6,15,263.859375,3732.250
1785209559.119929552,0.774898,6,15,265.484375,3722.000
1785209559.119929552,0.774898,6,15,267.109375,3710.000
1785209559.119929552,0.774898,6,15,268.750000,3708.500
1785209559.119929552,0.774898,6,15,270.359375,3730.750
1785209559.119929552,0.774898,6,15,272.015625,3732.000
1785209559.119929552,0.774898,6,15,273.640625,3724.000
1785209559.119929552,0.774898,6,15,275.234375,3735.250
1785209559.119929552,0.774898,6,15,276.843750,3751.750
1785209559.119929552,0.774898,6,15,278.468750,3773.000
1785209559.119929552,0.774898,6,15,280.109375,3791.250
1785209559.119929552,0.774898,6,15,281.734375,3796.000
1785209559.119929552,0.774898,6,15,283.375000,3803.500
1785209559.119929552,0.774898,6,15,284.984375,3836.250
1785209559.119929552,0.774898,6,15,286.609375,3869.750
1785209559.119929552,0.774898,6,15,294.828125,3319.750
1785209559.119929552,0.774898,6,15,296.453125,3374.000
1785209559.119929552,0.774898,6,15,298.078125,3411.750
1785209559.119929552,0.774898,6,15,299.781250,3468.000
1785209559.119929552,0.774898,6,15,301.421875,3531.250
1785209559.119929552,0.774898,6,15,303.031250,3589.750
1785209559.119929552,0.774898,6,15,304.671875,3669.250
1785209559.119929552,0.774898,6,15,307.859375,4305.500
1785209559.119929552,0.774898,6,12,320.968750,4150.250
1785209559.119929552,0.774898,6,10,322.640625,4126.500
1785209559.119929552,0.774898,6,10,324.281250,4090.250
1785209559.119929552,0.774898,6,12,325.937500,4039.250
1785209559.119929552,0.774898,6,10,327.562500,3995.000
1785209559.119929552,0.774898,6,12,329.218750,3975.000
1785209559.119929552,0.774898,6,10,330.843750,3978.500
1785209559.119929552,0.774898,6,15,332.500000,3991.500
1785209559.119929552,0.774898,6,14,334.125000,4001.750
1785209559.119929552,0.774898,6,9,335.734375,4024.750
1785209559.119929552,0.774898,6,10,337.390625,4046.750
1785209559.119929552,0.774898,6,12,339.015625,4050.000
1785209559.119929552,0.774898,6,14,340.671875,4075.500
1785209559.119929552,0.774898,6,15,342.296875,4098.250
1785209559.119929552,0.774898,6,13,343.921875,4104.750
1785209559.119929552,0.774898,6,15,345.578125,4116.500
1785209559.119929552,0.774898,6,15,347.187500,4108.250
1785209559.119929552,0.774898,6,15,348.812500,4118.750
1785209559.232620239,0.854014,7,15,350.453125,4144.000
1785209559.232620239,0.854014,7,15,352.078125,4155.250
1785209559.232620239,0.854014,7,15,353.734375,4170.750
1785209559.232620239,0.854014,7,15,355.343750,4186.750
1785209559.232620239,0.854014,7,9,357.000000,4210.000
1785209559.232620239,0.854014,7,15,358.640625,4252.250
1785209559.232620239,0.854014,7,13,0.281250,4279.250
1785209559.232620239,0.854014,7,15,1.890625,4284.500
1785209559.232620239,0.854014,7,11,3.546875,4320.750
1785209559.232620239,0.854014,7,15,5.171875,4376.500
1785209559.232620239,0.854014,7,13,6.781250,4416.750
1785209559.232620239,0.854014,7,10,8.421875,4446.500
1785209559.232620239,0.854014,7,10,10.046875,4520.000
1785209559.232620239,0.854014,7,9,11.609375,4639.250
1785209559.232620239,0.854014,7,9,172.875000,10280.250
1785209559.232620239,0.854014,7,7,174.515625,10114.250
1785209559.232620239,0.854014,7,7,176.140625,10111.000
1785209559.232620239,0.854014,7,15,184.265625,10057.500
1785209559.232620239,0.854014,7,15,218.625000,5434.500
1785209559.232620239,0.854014,7,15,223.531250,4947.500
1785209559.232620239,0.854014,7,15,225.187500,4820.250
1785209559.232620239,0.854014,7,15,226.796875,4685.250
1785209559.232620239,0.854014,7,15,230.203125,3414.250
1785209559.232620239,0.854014,7,15,231.812500,3346.000
1785209559.232620239,0.854014,7,15,239.921875,3741.500
1785209559.232620239,0.854014,7,15,241.562500,3686.750
1785209559.232620239,0.854014,7,15,243.218750,3631.500
1785209559.232620239,0.854014,7,15,244.843750,3580.500
1785209559.232620239,0.854014,7,15,246.484375,3532.500
1785209559.232620239,0.854014,7,15,248.093750,3484.500
1785209559.232620239,0.854014,7,15,249.750000,3438.000
1785209559.232620239,0.854014,7,15,251.406250,3402.750
1785209559.232620239,0.854014,7,15,254.656250,3497.000
1785209559.232620239,0.854014,7,15,256.281250,3525.500
1785209559.232620239,0.854014,7,15,259.515625,3784.500
1785209559.232620239,0.854014,7,15,261.187500,3770.500
1785209559.232620239,0.854014,7,15,262.796875,3754.000
1785209559.232620239,0.854014,7,15,264.421875,3736.750
1785209559.232620239,0.854014,7,15,266.062500,3721.500
1785209559.232620239,0.854014,7,15,267.703125,3706.750
1785209559.232620239,0.854014,7,15,269.328125,3699.750
1785209559.232620239,0.854014,7,15,270.968750,3702.000
1785209559.232620239,0.854014,7,15,272.593750,3707.500
1785209559.232620239,0.854014,7,15,274.218750,3728.500
1785209559.232620239,0.854014,7,15,275.796875,3752.250
1785209559.232620239,0.854014,7,15,277.421875,3769.250
1785209559.232620239,0.854014,7,15,279.046875,3783.000
1785209559.232620239,0.854014,7,15,280.671875,3791.500
1785209559.232620239,0.854014,7,15,282.328125,3809.500
1785209559.232620239,0.854014,7,15,283.953125,3821.750
1785209559.232620239,0.854014,7,15,285.546875,3837.250
1785209559.232620239,0.854014,7,15,287.187500,3819.000
1785209559.232620239,0.854014,7,15,290.453125,3631.750
1785209559.232620239,0.854014,7,15,293.781250,3354.500
1785209559.232620239,0.854014,7,15,295.390625,3340.250
1785209559.232620239,0.854014,7,15,297.015625,3371.750
1785209559.232620239,0.854014,7,15,298.734375,3425.250
1785209559.232620239,0.854014,7,15,300.359375,3493.250
1785209559.232620239,0.854014,7,15,302.000000,3557.500
1785209559.232620239,0.854014,7,15,303.625000,3635.250
1785209559.232620239,0.854014,7,15,305.250000,3707.250
1785209559.232620239,0.854014,7,15,308.468750,4360.000
1785209559.232620239,0.854014,7,12,321.546875,4165.750
1785209559.232620239,0.854014,7,10,323.250000,4116.000
1785209559.232620239,0.854014,7,11,324.890625,4077.750
1785209559.232620239,0.854014,7,9,326.546875,4056.500
1785209559.232620239,0.854014,7,11,329.828125,4016.750
1785209559.232620239,0.854014,7,13,331.437500,3982.500
1785209559.232620239,0.854014,7,15,333.109375,3993.250
1785209559.232620239,0.854014,7,8,336.359375,3998.000
1785209559.232620239,0.854014,7,10,338.015625,4002.500
1785209559.232620239,0.854014,7,11,339.640625,4003.500
1785209559.232620239,0.854014,7,12,341.312500,4006.000
1785209559.232620239,0.854014,7,10,342.937500,4014.500
1785209559.232620239,0.854014,7,10,344.578125,4020.000
1785209559.232620239,0.854014,7,14,346.187500,4059.500
1785209559.232620239,0.854014,7,15,347.812500,4074.750
1785209559.232620239,0.854014,7,15,349.421875,4071.250
1785209559.343802691,0.997963,8,15,351.078125,4105.500
1785209559.343802691,0.997963,8,15,352.703125,4141.000
1785209559.343802691,0.997963,8,15,354.328125,4148.250
1785209559.343802691,0.997963,8,15,355.968750,4144.750
1785209559.343802691,0.997963,8,15,357.609375,4150.000
1785209559.343802691,0.997963,8,15,359.250000,4151.000
1785209559.343802691,0.997963,8,15,0.875000,4150.000
1785209559.343802691,0.997963,8,15,2.500000,4155.750
1785209559.343802691,0.997963,8,15,4.140625,4184.000
1785209559.343802691,0.997963,8,13,5.765625,4247.500
1785209559.343802691,0.997963,8,15,7.406250,4341.750
1785209559.343802691,0.997963,8,12,9.046875,4421.000
1785209559.343802691,0.997963,8,11,10.609375,4512.250
1785209559.343802691,0.997963,8,15,219.046875,5396.250
1785209559.343802691,0.997963,8,15,222.328125,5067.500
1785209559.343802691,0.997963,8,15,225.593750,4760.750
1785209559.343802691,0.997963,8,15,227.265625,4645.750
1785209559.343802691,0.997963,8,15,230.656250,3411.750
1785209559.343802691,0.997963,8,15,232.265625,3365.750
1785209559.343802691,0.997963,8,15,237.125000,3872.250
1785209559.343802691,0.997963,8,15,238.750000,3799.250
1785209559.343802691,0.997963,8,15,240.406250,3753.000
1785209559.343802691,0.997963,8,15,242.046875,3703.000
1785209559.343802691,0.997963,8,15,243.687500,3628.500
1785209559.343802691,0.997963,8,15,245.296875,3569.250
1785209559.343802691,0.997963,8,15,246.937500,3520.500
1785209559.343802691,0.997963,8,15,248.562500,3470.750
1785209559.343802691,0.997963,8,15,250.203125,3425.500
1785209559.343802691,0.997963,8,15,251.828125,3437.000
1785209559.343802691,0.997963,8,15,253.437500,3497.500
1785209559.343802691,0.997963,8,15,255.078125,3502.000
1785209559.343802691,0.997963,8,15,259.937500,3777.750
1785209559.343802691,0.997963,8,15,261.546875,3766.000
1785209559.343802691,0.997963,8,15,263.187500,3761.250
1785209559.343802691,0.997963,8,15,264.843750,3755.500
1785209559.343802691,0.997963,8,15,266.468750,3751.000
1785209559.343802691,0.997963,8,15,268.078125,3740.500
1785209559.343802691,0.997963,8,15,269.718750,3736.250
1785209559.343802691,0.997963,8,15,271.359375,3742.750
1785209559.343802691,0.997963,8,15,272.968750,3730.750
1785209559.343802691,0.997963,8,15,274.546875,3734.500
1785209559.343802691,0.997963,8,15,276.187500,3762.750
1785209559.343802691,0.997963,8,15,277.796875,3780.000
1785209559.343802691,0.997963,8,15,279.421875,3790.000
1785209559.343802691,0.997963,8,15,281.031250,3796.000
1785209559.343802691,0.997963,8,15,282.671875,3808.500
1785209559.343802691,0.997963,8,15,284.296875,3828.250
1785209559.343802691,0.997963,8,15,285.921875,3859.750
1785209559.343802691,0.997963,8,15,287.531250,3831.500
1785209559.343802691,0.997963,8,15,290.812500,3598.250
1785209559.343802691,0.997963,8,15,294.093750,3333.250
1785209559.343802691,0.997963,8,15,295.734375,3347.000
1785209559.343802691,0.997963,8,15,297.359375,3386.750
1785209559.343802691,0.997963,8,15,299.046875,3440.500
1785209559.343802691,0.997963,8,15,300.687500,3502.750
1785209559.343802691,0.997963,8,15,302.328125,3583.000
1785209559.343802691,0.997963,8,15,303.937500,3673.000
1785209559.343802691,0.997963,8,15,305.562500,3727.000
1785209559.343802691,0.997963,8,8,316.953125,4007.500
1785209559.343802691,0.997963,8,12,320.250000,3961.750
1785209559.343802691,0.997963,8,15,321.843750,3925.750
1785209559.343802691,0.997963,8,12,323.578125,3909.500
1785209559.343802691,0.997963,8,15,325.203125,3888.500
1785209559.343802691,0.997963,8,15,326.843750,3858.750
1785209559.343802691,0.997963,8,13,328.500000,3851.500
1785209559.343802691,0.997963,8,15,330.125000,3852.500
1785209559.343802691,0.997963,8,15,331.750000,3857.250
1785209559.343802691,0.997963,8,12,333.390625,3881.750
1785209559.343802691,0.997963,8,15,335.015625,3899.500
1785209559.343802691,0.997963,8,15,336.656250,3903.750
1785209559.343802691,0.997963,8,13,338.296875,3927.750
1785209559.343802691,0.997963,8,12,339.937500,3970.250
1785209559.343802691,0.997963,8,12,341.562500,4022.500
1785209559.343802691,0.997963,8,11,343.187500,4069.750
1785209559.343802691,0.997963,8,13,344.828125,4101.000
1785209559.343802691,0.997963,8,15,346.406250,4110.500
1785209559.343802691,0.997963,8,15,348.031250,4104.000
1785209559.343802691,0.997963,8,15,349.656250,4124.250
1785209559.459043026,1.077846,9,15,351.312500,4150.750
1785209559.459043026,1.077846,9,15,352.921875,4163.750
1785209559.459043026,1.077846,9,15,354.562500,4175.000
1785209559.459043026,1.077846,9,11,356.203125,4189.750
1785209559.459043026,1.077846,9,8,357.828125,4202.250
1785209559.459043026,1.077846,9,15,359.468750,4222.750
1785209559.459043026,1.077846,9,15,1.109375,4216.250
1785209559.459043026,1.077846,9,10,2.734375,4211.000
1785209559.459043026,1.077846,9,9,4.343750,4281.000
1785209559.459043026,1.077846,9,15,5.968750,4372.000
1785209559.459043026,1.077846,9,15,7.609375,4422.500
1785209559.459043026,1.077846,9,13,9.234375,4448.000
1785209559.459043026,1.077846,9,10,10.781250,4499.500
1785209559.459043026,1.077846,9,7,175.109375,10165.750
1785209559.459043026,1.077846,9,7,178.343750,10169.000
1785209559.459043026,1.077846,9,9,179.968750,10217.500
1785209559.459043026,1.077846,9,15,219.187500,5419.750
1785209559.459043026,1.077846,9,15,224.093750,4937.000
1785209559.459043026,1.077846,9,15,227.390625,4672.000
1785209559.459043026,1.077846,9,15,230.765625,3438.000
1785209559.459043026,1.077846,9,15,232.406250,3385.750
1785209559.459043026,1.077846,9,15,240.515625,3773.500
1785209559.459043026,1.077846,9,15,242.156250,3728.000
1785209559.459043026,1.077846,9,15,243.781250,3664.250
1785209559.459043026,1.077846,9,15,245.437500,3604.000
1785209559.459043026,1.077846,9,15,247.046875,3565.750
1785209559.459043026,1.077846,9,15,248.687500,3518.500
1785209559.459043026,1.077846,9,15,250.328125,3463.500
1785209559.459043026,1.077846,9,15,251.937500,3454.500
1785209559.459043026,1.077846,9,15,253.546875,3500.000
1785209559.459043026,1.077846,9,15,255.171875,3524.750
1785209559.459043026,1.077846,9,15,256.796875,3569.750
1785209559.459043026,1.077846,9,15,260.046875,3795.000
1785209559.459043026,1.077846,9,15,261.671875,3780.500
1785209559.459043026,1.077846,9,15,263.296875,3781.500
1785209559.459043026,1.077846,9,15,264.953125,3776.000
1785209559.459043026,1.077846,9,15,266.546875,3769.750
1785209559.459043026,1.077846,9,15,268.187500,3751.500
1785209559.459043026,1.077846,9,15,269.828125,3745.750
1785209559.459043026,1.077846,9,15,271.453125,3760.750
1785209559.459043026,1.077846,9,15,273.078125,3764.750
1785209559.459043026,1.077846,9,15,274.671875,3775.250
1785209559.459043026,1.077846,9,15,276.296875,3793.250
1785209559.459043026,1.077846,9,15,277.906250,3801.750
1785209559.459043026,1.077846,9,15,279.531250,3795.750
1785209559.459043026,1.077846,9,15,281.156250,3808.750
1785209559.459043026,1.077846,9,15,282.781250,3841.500
1785209559.459043026,1.077846,9,15,284.406250,3868.250
1785209559.459043026,1.077846,9,15,286.015625,3901.500
1785209559.459043026,1.077846,9,15,289.312500,3704.750
1785209559.459043026,1.077846,9,15,290.953125,3613.750
1785209559.459043026,1.077846,9,15,294.234375,3337.500
1785209559.459043026,1.077846,9,15,295.843750,3385.250
1785209559.459043026,1.077846,9,15,297.453125,3433.500
1785209559.459043026,1.077846,9,15,299.203125,3499.250
1785209559.459043026,1.077846,9,15,300.843750,3558.000
1785209559.459043026,1.077846,9,15,302.484375,3629.250
1785209559.459043026,1.077846,9,15,304.093750,3709.250
1785209559.459043026,1.077846,9,15,307.296875,4328.750
1785209559.459043026,1.077846,9,15,308.937500,4440.000
1785209559.459043026,1.077846,9,8,320.406250,4191.750
1785209559.459043026,1.077846,9,12,322.015625,4151.750
1785209559.459043026,1.077846,9,8,323.656250,4097.000
1785209559.459043026,1.077846,9,12,325.312500,4030.250
1785209559.459043026,1.077846,9,13,326.937500,3965.000
1785209559.459043026,1.077846,9,15,328.578125,3934.000
1785209559.459043026,1.077846,9,11,330.234375,3922.000
1785209559.459043026,1.077846,9,8,331.859375,3924.750
1785209559.459043026,1.077846,9,11,335.125000,3922.500
1785209559.459043026,1.077846,9,15,336.750000,3889.500
1785209559.459043026,1.077846,9,12,338.406250,3839.250
1785209559.459043026,1.077846,9,15,340.046875,3803.250
1785209559.459043026,1.077846,9,15,341.671875,3808.750
1785209559.459043026,1.077846,9,15,343.312500,3823.750
1785209559.459043026,1.077846,9,15,344.937500,3856.000
1785209559.459043026,1.077846,9,15,346.593750,3901.250
1785209559.459043026,1.077846,9,11,348.234375,3919.750
1785209559.459043026,1.077846,9,15,349.859375,3951.500
1785209559.574044466,1.219121,10,11,351.500000,3982.000
1785209559.574044466,1.219121,10,12,353.125000,4009.500
1785209559.574044466,1.219121,10,15,354.750000,4056.500
1785209559.574044466,1.219121,10,15,356.406250,4090.750
1785209559.574044466,1.219121,10,15,358.031250,4100.750
1785209559.574044466,1.219121,10,13,359.671875,4109.750
1785209559.574044466,1.219121,10,15,1.312500,4117.500
1785209559.574044466,1.219121,10,15,2.937500,4128.250
1785209559.574044466,1.219121,10,15,4.578125,4152.000
1785209559.574044466,1.219121,10,12,6.218750,4189.750
1785209559.574044466,1.219121,10,8,7.843750,4261.000
1785209559.574044466,1.219121,10,10,9.484375,4317.250
1785209559.574044466,1.219121,10,15,13.203125,1704.000
1785209559.574044466,1.219121,10,7,177.062500,10227.750
1785209559.574044466,1.219121,10,14,208.140625,7538.250
1785209559.574044466,1.219121,10,15,219.625000,5441.000
1785209559.574044466,1.219121,10,15,224.562500,4962.750
1785209559.574044466,1.219121,10,15,226.187500,4828.500
1785209559.574044466,1.219121,10,15,227.796875,4710.750
1785209559.574044466,1.219121,10,15,231.156250,3474.250
1785209559.574044466,1.219121,10,15,232.796875,3423.000
1785209559.574044466,1.219121,10,15,239.250000,3889.250
1785209559.574044466,1.219121,10,15,240.875000,3808.750
1785209559.574044466,1.219121,10,15,242.531250,3751.500
1785209559.574044466,1.219121,10,15,244.156250,3699.250
1785209559.574044466,1.219121,10,15,245.781250,3644.000
1785209559.574044466,1.219121,10,15,247.437500,3586.000
1785209559.574044466,1.219121,10,15,249.046875,3549.500
1785209559.574044466,1.219121,10,15,250.687500,3515.750
1785209559.574044466,1.219121,10,15,252.328125,3524.750
1785209559.574044466,1.219121,10,15,253.968750,3564.250
1785209559.574044466,1.219121,10,15,255.578125,3567.000
1785209559.574044466,1.219121,10,15,258.828125,3787.500
1785209559.574044466,1.219121,10,15,260.437500,3819.250
1785209559.574044466,1.219121,10,15,262.062500,3807.750
1785209559.574044466,1.219121,10,15,263.718750,3808.250
1785209559.574044466,1.219121,10,15,265.328125,3803.500
1785209559.574044466,1.219121,10,15,266.968750,3800.000
1785209559.574044466,1.219121,10,15,268.578125,3796.000
1785209559.574044466,1.219121,10,15,270.218750,3787.750
1785209559.574044466,1.219121,10,15,271.859375,3802.250
1785209559.574044466,1.219121,10,15,273.484375,3806.750
1785209559.574044466,1.219121,10,15,275.125000,3797.750
1785209559.574044466,1.219121,10,15,276.750000,3800.500
1785209559.574044466,1.219121,10,15,278.375000,3815.000
1785209559.574044466,1.219121,10,15,279.984375,3834.000
1785209559.574044466,1.219121,10,15,281.640625,3856.750
1785209559.574044466,1.219121,10,15,283.250000,3893.250
1785209559.574044466,1.219121,10,15,284.890625,3915.000
1785209559.574044466,1.219121,10,15,286.515625,3948.250
1785209559.574044466,1.219121,10,15,289.796875,3732.250
1785209559.574044466,1.219121,10,15,294.718750,3390.500
1785209559.574044466,1.219121,10,15,296.343750,3440.500
1785209559.574044466,1.219121,10,15,297.984375,3498.750
1785209559.574044466,1.219121,10,15,299.703125,3546.500
1785209559.574044466,1.219121,10,15,301.328125,3608.750
1785209559.574044466,1.219121,10,15,302.953125,3690.000
1785209559.574044466,1.219121,10,15,304.578125,3766.250
1785209559.574044466,1.219121,10,11,317.625000,4104.000
1785209559.574044466,1.219121,10,14,322.546875,3931.250
1785209559.574044466,1.219121,10,14,324.203125,3907.750
1785209559.574044466,1.219121,10,14,325.843750,3889.000
1785209559.574044466,1.219121,10,14,327.453125,3864.500
1785209559.574044466,1.219121,10,15,329.109375,3853.500
1785209559.574044466,1.219121,10,10,330.734375,3842.750
1785209559.574044466,1.219121,10,10,332.375000,3840.500
1785209559.574044466,1.219121,10,13,334.000000,3848.250
1785209559.574044466,1.219121,10,12,335.656250,3845.000
1785209559.574044466,1.219121,10,13,337.296875,3822.500
1785209559.574044466,1.219121,10,15,338.921875,3798.500
1785209559.574044466,1.219121,10,15,340.546875,3797.250
1785209559.574044466,1.219121,10,15,342.187500,3812.000
1785209559.574044466,1.219121,10,15,343.812500,3866.250
1785209559.574044466,1.219121,10,15,345.437500,3925.250
1785209559.574044466,1.219121,10,15,347.031250,3962.250
1785209559.574044466,1.219121,10,14,348.687500,4001.750
1785209559.574044466,1.219121,10,14,350.312500,4030.000
1785209559.685074806,1.298918,11,15,351.937500,4061.750
1785209559.685074806,1.298918,11,15,353.562500,4098.750
1785209559.685074806,1.298918,11,15,355.203125,4115.500
1785209559.685074806,1.298918,11,15,356.828125,4122.500
1785209559.685074806,1.298918,11,12,358.468750,4118.500
1785209559.685074806,1.298918,11,15,0.093750,4107.750
1785209559.685074806,1.298918,11,15,1.750000,4105.250
1785209559.685074806,1.298918,11,15,3.375000,4119.500
1785209559.685074806,1.298918,11,15,4.984375,4143.750
1785209559.685074806,1.298918,11,15,6.625000,4169.750
1785209559.685074806,1.298918,11,12,8.250000,4204.250
1785209559.685074806,1.298918,11,15,12.046875,1698.500
1785209559.685074806,1.298918,11,15,13.656250,1712.750
1785209559.685074806,1.298918,11,7,172.593750,10233.750
1785209559.685074806,1.298918,11,9,174.203125,10233.750
1785209559.685074806,1.298918,11,8,179.187500,10233.750
1785209559.685074806,1.298918,11,9,182.453125,10112.250
1785209559.685074806,1.298918,11,7,184.093750,10096.000
1785209559.685074806,1.298918,11,15,220.000000,5469.750
1785209559.685074806,1.298918,11,15,224.921875,4987.250
1785209559.685074806,1.298918,11,15,228.156250,4725.750
1785209559.685074806,1.298918,11,15,231.515625,3513.250
1785209559.685074806,1.298918,11,15,233.156250,3440.000
1785209559.685074806,1.298918,11,15,241.250000,3850.250
1785209559.685074806,1.298918,11,15,242.875000,3775.750
1785209559.685074806,1.298918,11,15,244.500000,3719.750
1785209559.685074806,1.298918,11,15,246.140625,3677.250
1785209559.685074806,1.298918,11,15,247.750000,3628.500
1785209559.685074806,1.298918,11,15,249.390625,3571.250
1785209559.685074806,1.298918,11,15,251.031250,3533.750
1785209559.685074806,1.298918,11,15,252.656250,3569.750
1785209559.685074806,1.298918,11,15,254.281250,3617.000
1785209559.685074806,1.298918,11,15,255.890625,3598.250
1785209559.685074806,1.298918,11,15,259.140625,3834.750
1785209559.685074806,1.298918,11,15,260.765625,3863.750
1785209559.685074806,1.298918,11,15,262.375000,3848.750
1785209559.685074806,1.298918,11,15,264.015625,3834.500
1785209559.685074806,1.298918,11,15,265.625000,3826.500
1785209559.685074806,1.298918,11,15,267.265625,3826.500
1785209559.685074806,1.298918,11,15,268.890625,3839.000
1785209559.685074806,1.298918,11,15,270.500000,3836.750
1785209559.685074806,1.298918,11,15,272.156250,3823.250
1785209559.685074806,1.298918,11,15,273.765625,3820.000
1785209559.685074806,1.298918,11,15,275.421875,3835.500
1785209559.685074806,1.298918,11,15,277.062500,3856.250
1785209559.685074806,1.298918,11,15,278.687500,3868.000
1785209559.685074806,1.298918,11,15,280.312500,3890.000
1785209559.685074806,1.298918,11,15,281.937500,3911.000
1785209559.685074806,1.298918,11,15,283.546875,3926.250
1785209559.685074806,1.298918,11,15,285.187500,3948.000
1785209559.685074806,1.298918,11,15,286.828125,3941.000
1785209559.685074806,1.298918,11,15,290.078125,3748.250
1785209559.685074806,1.298918,11,15,293.390625,3433.000
1785209559.685074806,1.298918,11,15,295.015625,3431.000
1785209559.685074806,1.298918,11,15,296.625000,3495.250
1785209559.685074806,1.298918,11,15,298.265625,3549.250
1785209559.685074806,1.298918,11,15,299.968750,3623.750
1785209559.685074806,1.298918,11,15,301.593750,3692.250
1785209559.685074806,1.298918,11,15,303.203125,3733.750
1785209559.685074806,1.298918,11,15,304.843750,3807.000
1785209559.685074806,1.298918,11,11,322.750000,4176.500
1785209559.685074806,1.298918,11,12,324.390625,4139.500
1785209559.685074806,1.298918,11,13,326.015625,4111.750
1785209559.685074806,1.298918,11,13,327.640625,4095.250
1785209559.685074806,1.298918,11,12,329.281250,4074.250
1785209559.685074806,1.298918,11,14,330.906250,4063.250
1785209559.685074806,1.298918,11,15,332.546875,4035.250
1785209559.685074806,1.298918,11,10,334.187500,4004.500
1785209559.685074806,1.298918,11,9,337.437500,3970.000
1785209559.685074806,1.298918,11,15,339.078125,3950.500
1785209559.685074806,1.298918,11,15,340.718750,3940.750
1785209559.685074806,1.298918,11,14,342.343750,3911.750
1785209559.685074806,1.298918,11,13,344.000000,3916.750
1785209559.685074806,1.298918,11,15,345.625000,3934.750
1785209559.685074806,1.298918,11,14,347.328125,3944.250
1785209559.685074806,1.298918,11,14,348.968750,3954.000
1785209559.799766779,1.457536,12,15,350.609375,3967.250
1785209559.799766779,1.457536,12,12,352.234375,3996.000
1785209559.799766779,1.457536,12,15,353.875000,4020.000
1785209559.799766779,1.457536,12,11,355.500000,4024.250
1785209559.799766779,1.457536,12,15,357.156250,4020.500
1785209559.799766779,1.457536,12,10,358.781250,4000.750
1785209559.799766779,1.457536,12,11,0.406250,3994.500
1785209559.799766779,1.457536,12,15,2.062500,4012.750
1785209559.799766779,1.457536,12,14,3.687500,4042.000
1785209559.799766779,1.457536,12,15,5.312500,4084.750
1785209559.799766779,1.457536,12,15,6.953125,4131.000
1785209559.799766779,1.457536,12,15,10.750000,1711.000
1785209559.799766779,1.457536,12,15,12.234375,1689.250
1785209559.799766779,1.457536,12,11,198.750000,10130.500
1785209559.799766779,1.457536,12,15,216.687500,5992.250
1785209559.799766779,1.457536,12,15,221.593750,5360.500
1785209559.799766779,1.457536,12,15,224.843750,5047.250
1785209559.799766779,1.457536,12,15,226.468750,4920.000
1785209559.799766779,1.457536,12,15,228.078125,4796.500
1785209559.799766779,1.457536,12,15,229.734375,4690.750
1785209559.799766779,1.457536,12,15,233.078125,3497.250
1785209559.799766779,1.457536,12,15,237.890625,4005.500
1785209559.799766779,1.457536,12,15,239.515625,3941.750
1785209559.799766779,1.457536,12,15,241.156250,3869.000
1785209559.799766779,1.457536,12,15,242.765625,3813.500
1785209559.799766779,1.457536,12,15,244.406250,3769.000
1785209559.799766779,1.457536,12,15,246.031250,3722.000
1785209559.799766779,1.457536,12,15,247.671875,3674.000
1785209559.799766779,1.457536,12,15,249.312500,3629.000
1785209559.799766779,1.457536,12,15,250.937500,3588.750
1785209559.799766779,1.457536,12,15,252.562500,3578.750
1785209559.799766779,1.457536,12,15,254.187500,3624.000
1785209559.799766779,1.457536,12,15,255.828125,3645.000
1785209559.799766779,1.457536,12,15,260.671875,3898.250
1785209559.799766779,1.457536,12,15,262.296875,3882.250
1785209559.799766779,1.457536,12,15,263.937500,3868.000
1785209559.799766779,1.457536,12,15,265.562500,3857.500
1785209559.799766779,1.457536,12,15,267.187500,3851.000
1785209559.799766779,1.457536,12,15,268.828125,3844.000
1785209559.799766779,1.457536,12,15,270.453125,3852.500
1785209559.799766779,1.457536,12,15,272.062500,3853.000
1785209559.799766779,1.457536,12,15,273.671875,3843.750
1785209559.799766779,1.457536,12,15,275.296875,3858.250
1785209559.799766779,1.457536,12,15,276.921875,3878.000
1785209559.799766779,1.457536,12,15,278.515625,3892.750
1785209559.799766779,1.457536,12,15,280.156250,3912.750
1785209559.799766779,1.457536,12,15,281.796875,3940.000
1785209559.799766779,1.457536,12,15,283.406250,3957.250
1785209559.799766779,1.457536,12,15,285.031250,3968.750
1785209559.799766779,1.457536,12,15,286.656250,3997.250
1785209559.799766779,1.457536,12,15,289.906250,3769.750
1785209559.799766779,1.457536,12,15,293.203125,3497.250
1785209559.799766779,1.457536,12,15,294.812500,3471.500
1785209559.799766779,1.457536,12,15,296.437500,3529.250
1785209559.799766779,1.457536,12,15,298.078125,3587.750
1785209559.799766779,1.457536,12,15,299.765625,3646.250
1785209559.799766779,1.457536,12,15,301.375000,3711.000
1785209559.799766779,1.457536,12,15,303.000000,3777.750
1785209559.799766779,1.457536,12,15,304.625000,3858.750
1785209559.799766779,1.457536,12,12,322.546875,4151.000
1785209559.799766779,1.457536,12,10,324.187500,4100.500
1785209559.799766779,1.457536,12,12,325.812500,4070.750
1785209559.799766779,1.457536,12,11,327.437500,4075.750
1785209559.799766779,1.457536,12,9,329.093750,4060.750
1785209559.799766779,1.457536,12,10,330.703125,4061.250
1785209559.799766779,1.457536,12,15,332.343750,4051.000
1785209559.799766779,1.457536,12,14,333.968750,4034.000
1785209559.799766779,1.457536,12,8,335.593750,4054.500
1785209559.799766779,1.457536,12,9,337.218750,4057.000
1785209559.799766779,1.457536,12,13,338.875000,4041.000
1785209559.799766779,1.457536,12,8,340.515625,4014.250
1785209559.799766779,1.457536,12,10,342.140625,3992.000
1785209559.799766779,1.457536,12,15,345.390625,4010.750
1785209559.799766779,1.457536,12,11,347.078125,4040.000
1785209559.799766779,1.457536,12,13,348.718750,4038.250
1785209559.799766779,1.457536,12,11,350.328125,4034.500
1785209559.910818100,1.535770,13,13,351.968750,4062.000
1785209559.910818100,1.535770,13,14,353.609375,4065.750
1785209559.910818100,1.535770,13,12,355.234375,4054.750
1785209559.910818100,1.535770,13,15,356.875000,4046.000
1785209559.910818100,1.535770,13,11,358.515625,4025.750
1785209559.910818100,1.535770,13,13,0.140625,4026.250
1785209559.910818100,1.535770,13,12,1.781250,4045.000
1785209559.910818100,1.535770,13,15,3.406250,4075.750
1785209559.910818100,1.535770,13,15,5.031250,4123.000
1785209559.910818100,1.535770,13,15,6.671875,4164.000
1785209559.910818100,1.535770,13,15,10.453125,1689.750
1785209559.910818100,1.535770,13,15,11.968750,1721.250
1785209559.910818100,1.535770,13,15,221.359375,5446.500
1785209559.910818100,1.535770,13,15,224.609375,5131.750
1785209559.910818100,1.535770,13,15,226.250000,5002.750
1785209559.910818100,1.535770,13,15,227.859375,4882.000
1785209559.910818100,1.535770,13,15,229.484375,4752.500
1785209559.910818100,1.535770,13,15,232.843750,3531.250
1785209559.910818100,1.535770,13,15,234.484375,3488.500
1785209559.910818100,1.535770,13,15,239.296875,3979.750
1785209559.910818100,1.535770,13,15,240.906250,3927.000
1785209559.910818100,1.535770,13,15,242.546875,3881.500
1785209559.910818100,1.535770,13,15,244.171875,3830.250
1785209559.910818100,1.535770,13,15,245.812500,3781.250
1785209559.910818100,1.535770,13,15,247.421875,3731.750
1785209559.910818100,1.535770,13,15,249.062500,3686.750
1785209559.910818100,1.535770,13,15,250.750000,3635.750
1785209559.910818100,1.535770,13,15,252.390625,3581.250
1785209559.910818100,1.535770,13,15,255.609375,3702.750
1785209559.910818100,1.535770,13,15,260.484375,3936.750
1785209559.910818100,1.535770,13,15,262.093750,3925.250
1785209559.910818100,1.535770,13,15,263.734375,3918.750
1785209559.910818100,1.535770,13,15,265.359375,3891.000
1785209559.910818100,1.535770,13,15,267.000000,3886.250
1785209559.910818100,1.535770,13,15,268.609375,3892.250
1785209559.910818100,1.535770,13,15,270.234375,3885.500
1785209559.910818100,1.535770,13,15,271.875000,3885.000
1785209559.910818100,1.535770,13,15,273.500000,3887.250
1785209559.910818100,1.535770,13,15,275.046875,3902.750
1785209559.910818100,1.535770,13,15,276.656250,3911.000
1785209559.910818100,1.535770,13,15,278.281250,3914.750
1785209559.910818100,1.535770,13,15,279.906250,3940.000
1785209559.910818100,1.535770,13,15,281.531250,3967.750
1785209559.910818100,1.535770,13,15,283.140625,3996.750
1785209559.910818100,1.535770,13,15,284.765625,4025.250
1785209559.910818100,1.535770,13,15,286.375000,4051.250
1785209559.910818100,1.535770,13,15,289.640625,3831.750
1785209559.910818100,1.535770,13,15,294.546875,3514.250
1785209559.910818100,1.535770,13,15,296.156250,3557.750
1785209559.910818100,1.535770,13,15,297.781250,3605.000
1785209559.910818100,1.535770,13,15,299.515625,3675.250
1785209559.910818100,1.535770,13,15,301.109375,3743.750
1785209559.910818100,1.535770,13,15,302.765625,3804.000
1785209559.910818100,1.535770,13,15,304.390625,3881.750
1785209559.910818100,1.535770,13,15,317.390625,4148.750
1785209559.910818100,1.535770,13,9,319.015625,4104.500
1785209559.910818100,1.535770,13,11,320.671875,4024.500
1785209559.910818100,1.535770,13,15,322.296875,3941.750
1785209559.910818100,1.535770,13,12,324.000000,3889.000
1785209559.910818100,1.535770,13,9,325.656250,3840.000
1785209559.910818100,1.535770,13,11,327.281250,3805.750
1785209559.910818100,1.535770,13,10,328.906250,3798.500
1785209559.910818100,1.535770,13,12,330.546875,3769.500
1785209559.910818100,1.535770,13,12,332.156250,3738.250
1785209559.910818100,1.535770,13,15,333.812500,3728.750
1785209559.910818100,1.535770,13,15,335.437500,3715.000
1785209559.910818100,1.535770,13,15,337.078125,3708.500
1785209559.910818100,1.535770,13,15,338.718750,3690.750
1785209559.910818100,1.535770,13,15,340.343750,3681.250
1785209559.910818100,1.535770,13,15,341.968750,3691.500
1785209559.910818100,1.535770,13,15,343.625000,3689.250
1785209559.910818100,1.535770,13,15,345.250000,3666.500
1785209559.910818100,1.535770,13,15,346.875000,3633.250
1785209559.910818100,1.535770,13,9,348.531250,3605.500
1785209560.026034355,1.617384,14,15,351.765625,3826.250
1785209560.026034355,1.617384,14,15,353.390625,3878.250
1785209560.026034355,1.617384,14,15,355.031250,3905.000
1785209560.026034355,1.617384,14,15,356.671875,3910.000
1785209560.026034355,1.617384,14,15,358.296875,3930.250
1785209560.026034355,1.617384,14,15,359.906250,3960.750
1785209560.026034355,1.617384,14,14,1.546875,4007.250
1785209560.026034355,1.617384,14,14,3.171875,4066.750
1785209560.026034355,1.617384,14,15,4.781250,4127.500
1785209560.026034355,1.617384,14,15,8.562500,1700.500
1785209560.026034355,1.617384,14,15,10.187500,1679.750
1785209560.026034355,1.617384,14,15,217.796875,5966.250
1785209560.026034355,1.617384,14,15,222.718750,5367.500
1785209560.026034355,1.617384,14,15,225.984375,5061.250
1785209560.026034355,1.617384,14,15,227.656250,4938.000
1785209560.026034355,1.617384,14,15,229.296875,4814.250
1785209560.026034355,1.617384,14,15,234.281250,3587.250
1785209560.026034355,1.617384,14,15,235.906250,3592.500
1785209560.026034355,1.617384,14,15,242.390625,3919.750
1785209560.026034355,1.617384,14,15,244.031250,3869.500
1785209560.026034355,1.617384,14,15,245.656250,3818.000
1785209560.026034355,1.617384,14,15,247.296875,3776.250
1785209560.026034355,1.617384,14,15,248.921875,3745.500
1785209560.026034355,1.617384,14,15,250.562500,3703.750
1785209560.026034355,1.617384,14,15,252.187500,3637.500
1785209560.026034355,1.617384,14,15,255.437500,3763.750
1785209560.026034355,1.617384,14,15,257.046875,3731.000
1785209560.026034355,1.617384,14,15,260.281250,3984.250
1785209560.026034355,1.617384,14,15,261.937500,3969.250
1785209560.026034355,1.617384,14,15,263.562500,3949.250
1785209560.026034355,1.617384,14,15,265.171875,3934.500
1785209560.026034355,1.617384,14,15,266.796875,3934.000
1785209560.026034355,1.617384,14,15,268.437500,3944.250
1785209560.026034355,1.617384,14,15,270.093750,3936.250
1785209560.026034355,1.617384,14,15,271.703125,3932.000
1785209560.026034355,1.617384,14,15,273.343750,3934.000
1785209560.026034355,1.617384,14,15,274.890625,3936.250
1785209560.026034355,1.617384,14,15,276.531250,3948.500
1785209560.026034355,1.617384,14,15,278.140625,3960.500
1785209560.026034355,1.617384,14,15,279.765625,3977.250
1785209560.026034355,1.617384,14,15,281.375000,4001.250
1785209560.026034355,1.617384,14,15,283.000000,4024.000
1785209560.026034355,1.617384,14,15,284.625000,4046.500
1785209560.026034355,1.617384,14,15,286.234375,4101.250
1785209560.026034355,1.617384,14,15,289.515625,3866.000
1785209560.026034355,1.617384,14,15,294.421875,3545.500
1785209560.026034355,1.617384,14,15,296.031250,3598.500
1785209560.026034355,1.617384,14,15,297.656250,3667.000
1785209560.026034355,1.617384,14,15,299.390625,3722.250
1785209560.026034355,1.617384,14,15,301.015625,3780.000
1785209560.026034355,1.617384,14,15,302.609375,3860.750
1785209560.026034355,1.617384,14,15,304.265625,3942.250
1785209560.026034355,1.617384,14,9,318.906250,4173.500
1785209560.026034355,1.617384,14,12,320.546875,4136.000
1785209560.026034355,1.617384,14,11,322.171875,4096.750
1785209560.026034355,1.617384,14,9,323.859375,4048.000
1785209560.026034355,1.617384,14,10,325.500000,4004.750
1785209560.026034355,1.617384,14,9,327.109375,3980.250
1785209560.026034355,1.617384,14,11,328.750000,3965.500
1785209560.026034355,1.617384,14,7,330.406250,3962.250
1785209560.026034355,1.617384,14,15,333.671875,3958.750
1785209560.026034355,1.617384,14,15,335.312500,3941.000
1785209560.026034355,1.617384,14,14,336.937500,3887.250
1785209560.026034355,1.617384,14,15,338.562500,3903.250
1785209560.026034355,1.617384,14,15,340.187500,3929.500
1785209560.026034355,1.617384,14,14,341.812500,3914.750
1785209560.026034355,1.617384,14,12,343.453125,3944.750
1785209560.026034355,1.617384,14,14,345.093750,3966.250
1785209560.026034355,1.617384,14,9,346.687500,3974.750
1785209560.026034355,1.617384,14,10,348.328125,3982.000
1785209560.026034355,1.617384,14,12,349.968750,4005.500
1785209560.136379242,1.771691,15,13,351.578125,4048.000
1785209560.136379242,1.771691,15,12,353.218750,4054.750
1785209560.136379242,1.771691,15,13,354.843750,4056.750
1785209560.136379242,1.771691,15,11,356.484375,4058.750
1785209560.136379242,1.771691,15,13,358.125000,4047.750
1785209560.136379242,1.771691,15,15,359.718750,4068.750
1785209560.136379242,1.771691,15,15,1.375000,4101.250
1785209560.136379242,1.771691,15,13,2.984375,4129.250
1785209560.136379242,1.771691,15,15,4.625000,4155.750
1785209560.136379242,1.771691,15,15,8.390625,1678.750
1785209560.136379242,1.771691,15,15,10.000000,1704.000
1785209560.136379242,1.771691,15,8,181.765625,10207.500
1785209560.136379242,1.771691,15,7,201.296875,10028.500
1785209560.136379242,1.771691,15,15,217.718750,6013.250
1785209560.136379242,1.771691,15,15,222.625000,5437.750
1785209560.136379242,1.771691,15,15,225.890625,5127.000
1785209560.136379242,1.771691,15,15,227.546875,4998.750
1785209560.136379242,1.771691,15,15,230.843750,4735.250
1785209560.136379242,1.771691,15,15,239.031250,4101.250
1785209560.136379242,1.771691,15,15,240.687500,4004.750
1785209560.136379242,1.771691,15,15,242.296875,3940.000
1785209560.136379242,1.771691,15,15,243.953125,3909.250
1785209560.136379242,1.771691,15,15,245.578125,3865.750
1785209560.136379242,1.771691,15,15,247.203125,3824.250
1785209560.136379242,1.771691,15,15,248.843750,3783.000
1785209560.136379242,1.771691,15,15,250.500000,3739.750
1785209560.136379242,1.771691,15,15,252.140625,3697.500
1785209560.136379242,1.771691,15,15,253.765625,3720.500
1785209560.136379242,1.771691,15,15,255.390625,3776.250
1785209560.136379242,1.771691,15,15,257.015625,3761.500
1785209560.136379242,1.771691,15,15,260.250000,3990.000
1785209560.136379242,1.771691,15,15,261.906250,3990.000
1785209560.136379242,1.771691,15,15,263.531250,3985.250
1785209560.136379242,1.771691,15,15,265.171875,3970.500
1785209560.136379242,1.771691,15,15,266.796875,3969.500
1785209560.136379242,1.771691,15,15,268.421875,3978.250
1785209560.136379242,1.771691,15,15,270.062500,3982.000
1785209560.136379242,1.771691,15,15,271.687500,3963.250
1785209560.136379242,1.771691,15,15,273.312500,3965.250
1785209560.136379242,1.771691,15,15,274.875000,3992.500
1785209560.136379242,1.771691,15,15,276.500000,4002.500
1785209560.136379242,1.771691,15,15,278.125000,4008.750
1785209560.136379242,1.771691,15,15,279.750000,4023.750
1785209560.136379242,1.771691,15,15,281.375000,4043.250
1785209560.136379242,1.771691,15,15,282.984375,4058.750
1785209560.136379242,1.771691,15,15,284.609375,4090.750
1785209560.136379242,1.771691,15,15,286.234375,4123.500
1785209560.136379242,1.771691,15,15,289.515625,3868.000
1785209560.136379242,1.771691,15,15,292.828125,3607.500
1785209560.136379242,1.771691,15,15,294.437500,3585.000
1785209560.136379242,1.771691,15,15,296.062500,3641.000
1785209560.136379242,1.771691,15,15,297.656250,3710.500
1785209560.136379242,1.771691,15,15,299.375000,3774.250
1785209560.136379242,1.771691,15,15,301.000000,3831.750
1785209560.136379242,1.771691,15,15,302.640625,3882.750
1785209560.136379242,1.771691,15,12,317.296875,4198.500
1785209560.136379242,1.771691,15,10,318.921875,4167.000
1785209560.136379242,1.771691,15,8,320.562500,4129.750
1785209560.136379242,1.771691,15,8,322.218750,4050.500
1785209560.136379242,1.771691,15,9,323.921875,3980.500
1785209560.136379242,1.771691,15,10,325.562500,3962.000
1785209560.136379242,1.771691,15,10,327.187500,3964.500
1785209560.136379242,1.771691,15,9,328.843750,3968.250
1785209560.136379242,1.771691,15,11,332.125000,3959.250
1785209560.136379242,1.771691,15,15,333.750000,3953.250
1785209560.136379242,1.771691,15,13,335.406250,3935.750
1785209560.136379242,1.771691,15,15,337.031250,3884.250
1785209560.136379242,1.771691,15,15,338.671875,3838.750
1785209560.136379242,1.771691,15,15,340.328125,3813.250
1785209560.136379242,1.771691,15,15,341.953125,3787.250
1785209560.136379242,1.771691,15,15,343.593750,3795.000
1785209560.136379242,1.771691,15,13,345.218750,3864.250
1785209560.136379242,1.771691,15,11,346.765625,3916.500
1785209560.136379242,1.771691,15,15,348.390625,3917.000
1785209560.136379242,1.771691,15,13,350.031250,3930.250
1785209560.250546932,1.851793,16,14,351.656250,3963.000
1785209560.250546932,1.851793,16,15,353.312500,3972.000
1785209560.250546932,1.851793,16,15,354.906250,3965.750
1785209560.250546932,1.851793,16,15,356.546875,3978.750
1785209560.250546932,1.851793,16,13,358.171875,3994.500
1785209560.250546932,1.851793,16,14,359.812500,4025.000
1785209560.250546932,1.851793,16,15,1.421875,4066.750
1785209560.250546932,1.851793,16,15,3.062500,4113.250
1785209560.250546932,1.851793,16,15,6.812500,1674.750
1785209560.250546932,1.851793,16,15,8.484375,1678.250
1785209560.250546932,1.851793,16,7,182.000000,10306.250
1785209560.250546932,1.851793,16,8,183.625000,10269.750
1785209560.250546932,1.851793,16,15,222.875000,5474.500
1785209560.250546932,1.851793,16,15,226.156250,5150.250
1785209560.250546932,1.851793,16,15,227.812500,5028.000
1785209560.250546932,1.851793,16,15,229.437500,4916.500
1785209560.250546932,1.851793,16,15,231.078125,4798.750
1785209560.250546932,1.851793,16,15,234.437500,3655.500
1785209560.250546932,1.851793,16,15,236.078125,3630.500
1785209560.250546932,1.851793,16,15,239.281250,4141.250
1785209560.250546932,1.851793,16,15,240.921875,4073.000
1785209560.250546932,1.851793,16,15,242.546875,3992.750
1785209560.250546932,1.851793,16,15,244.171875,3937.000
1785209560.250546932,1.851793,16,15,245.828125,3905.500
1785209560.250546932,1.851793,16,15,247.437500,3859.750
1785209560.250546932,1.851793,16,15,249.093750,3813.250
1785209560.250546932,1.851793,16,15,250.750000,3782.000
1785209560.250546932,1.851793,16,15,252.375000,3752.000
1785209560.250546932,1.851793,16,15,254.000000,3771.250
1785209560.250546932,1.851793,16,15,255.625000,3811.000
1785209560.250546932,1.851793,16,15,257.250000,3817.250
1785209560.250546932,1.851793,16,15,260.484375,4061.750
1785209560.250546932,1.851793,16,15,262.140625,4035.500
1785209560.250546932,1.851793,16,15,263.765625,4020.250
1785209560.250546932,1.851793,16,15,265.375000,4023.750
1785209560.250546932,1.851793,16,15,267.031250,4020.000
1785209560.250546932,1.851793,16,15,268.656250,4013.500
1785209560.250546932,1.851793,16,15,270.281250,4023.250
1785209560.250546932,1.851793,16,15,271.906250,4024.750
1785209560.250546932,1.851793,16,15,273.562500,4022.750
1785209560.250546932,1.851793,16,15,275.125000,4026.250
1785209560.250546932,1.851793,16,15,276.750000,4040.000
1785209560.250546932,1.851793,16,15,278.359375,4060.250
1785209560.250546932,1.851793,16,15,280.000000,4068.750
1785209560.250546932,1.851793,16,15,281.625000,4079.750
1785209560.250546932,1.851793,16,15,283.265625,4105.250
1785209560.250546932,1.851793,16,15,284.875000,4141.750
1785209560.250546932,1.851793,16,15,286.531250,4106.000
1785209560.250546932,1.851793,16,15,289.781250,3874.750
1785209560.250546932,1.851793,16,15,293.062500,3602.250
1785209560.250546932,1.851793,16,15,294.703125,3637.250
1785209560.250546932,1.851793,16,15,296.312500,3710.000
1785209560.250546932,1.851793,16,15,297.921875,3759.750
1785209560.250546932,1.851793,16,15,299.671875,3816.000
1785209560.250546932,1.851793,16,15,301.312500,3881.000
1785209560.250546932,1.851793,16,15,302.953125,3938.000
1785209560.250546932,1.851793,16,15,306.171875,4580.750
1785209560.250546932,1.851793,16,10,319.296875,4177.000
1785209560.250546932,1.851793,16,12,320.937500,4136.500
1785209560.250546932,1.851793,16,12,322.593750,4092.250
1785209560.250546932,1.851793,16,11,324.250000,4041.250
1785209560.250546932,1.851793,16,8,325.875000,3995.500
1785209560.250546932,1.851793,16,10,327.531250,3977.750
1785209560.250546932,1.851793,16,10,329.156250,3971.000
1785209560.250546932,1.851793,16,12,330.781250,3958.000
1785209560.250546932,1.851793,16,9,332.437500,3974.000
1785209560.250546932,1.851793,16,15,334.062500,3959.000
1785209560.250546932,1.851793,16,14,335.703125,3902.000
1785209560.250546932,1.851793,16,15,337.375000,3862.750
1785209560.250546932,1.851793,16,15,339.000000,3864.000
1785209560.250546932,1.851793,16,15,340.640625,3846.500
1785209560.250546932,1.851793,16,11,343.906250,3953.500
1785209560.250546932,1.851793,16,10,345.546875,3958.500
1785209560.250546932,1.851793,16,10,347.093750,3968.500
1785209560.250546932,1.851793,16,10,348.734375,4009.000
1785209560.250546932,1.851793,16,11,350.359375,4038.750
1785209560.362061262,2.009830,17,14,351.984375,4060.000
1785209560.362061262,2.009830,17,15,353.625000,4067.750
1785209560.362061262,2.009830,17,11,355.250000,4059.000
1785209560.362061262,2.009830,17,11,356.906250,4046.000
1785209560.362061262,2.009830,17,15,358.515625,4062.250
1785209560.362061262,2.009830,17,15,0.156250,4103.250
1785209560.362061262,2.009830,17,15,1.796875,4132.750
1785209560.362061262,2.009830,17,15,5.578125,1685.750
1785209560.362061262,2.009830,17,15,7.203125,1668.250
1785209560.362061262,2.009830,17,15,13.609375,1825.500
1785209560.362061262,2.009830,17,9,177.609375,10124.500
1785209560.362061262,2.009830,17,15,223.437500,5467.750
1785209560.362061262,2.009830,17,15,225.078125,5326.750
1785209560.362061262,2.009830,17,15,226.687500,5185.000
1785209560.362061262,2.009830,17,15,228.312500,5054.500
1785209560.362061262,2.009830,17,15,229.937500,4919.500
1785209560.362061262,2.009830,17,15,231.578125,4787.500
1785209560.362061262,2.009830,17,15,234.937500,3663.250
1785209560.362061262,2.009830,17,15,236.578125,3666.750
1785209560.362061262,2.009830,17,15,239.781250,4151.750
1785209560.362061262,2.009830,17,15,241.406250,4092.000
1785209560.362061262,2.009830,17,15,243.046875,4023.750
1785209560.362061262,2.009830,17,15,244.703125,3965.500
1785209560.362061262,2.009830,17,15,246.296875,3922.000
1785209560.362061262,2.009830,17,15,247.953125,3870.500
1785209560.362061262,2.009830,17,15,249.578125,3827.000
1785209560.362061262,2.009830,17,15,251.218750,3803.750
1785209560.362061262,2.009830,17,15,252.859375,3767.750
1785209560.362061262,2.009830,17,15,256.093750,3851.750
1785209560.362061262,2.009830,17,11,257.734375,3843.250
1785209560.362061262,2.009830,17,15,260.953125,4083.750
1785209560.362061262,2.009830,17,15,262.593750,4068.750
1785209560.362061262,2.009830,17,15,264.218750,4054.750
1785209560.362061262,2.009830,17,15,265.859375,4046.750
1785209560.362061262,2.009830,17,15,267.484375,4041.750
1785209560.362061262,2.009830,17,15,269.109375,4038.500
1785209560.362061262,2.009830,17,15,270.734375,4055.750
1785209560.362061262,2.009830,17,15,272.375000,4062.250
1785209560.362061262,2.009830,17,15,274.015625,4050.750
1785209560.362061262,2.009830,17,15,275.640625,4060.250
1785209560.362061262,2.009830,17,15,277.281250,4077.250
1785209560.362061262,2.009830,17,15,278.906250,4081.250
1785209560.362061262,2.009830,17,15,280.546875,4107.500
1785209560.362061262,2.009830,17,15,282.171875,4139.000
1785209560.362061262,2.009830,17,15,283.812500,4159.750
1785209560.362061262,2.009830,17,15,285.437500,4191.750
1785209560.362061262,2.009830,17,15,290.359375,3868.000
1785209560.362061262,2.009830,17,15,293.625000,3666.000
1785209560.362061262,2.009830,17,15,295.250000,3712.250
1785209560.362061262,2.009830,17,15,296.890625,3754.000
1785209560.362061262,2.009830,17,15,298.609375,3816.500
1785209560.362061262,2.009830,17,15,300.250000,3883.500
1785209560.362061262,2.009830,17,15,301.875000,3933.250
1785209560.362061262,2.009830,17,15,303.515625,3998.750
1785209560.362061262,2.009830,17,15,306.750000,4639.750
1785209560.362061262,2.009830,17,14,308.375000,4754.000
1785209560.362061262,2.009830,17,9,323.125000,4416.500
1785209560.362061262,2.009830,17,9,324.781250,4382.500
1785209560.362061262,2.009830,17,15,326.437500,4332.250
1785209560.362061262,2.009830,17,9,328.062500,4273.500
1785209560.362061262,2.009830,17,7,336.265625,4229.750
1785209560.362061262,2.009830,17,8,337.890625,4208.250
1785209560.362061262,2.009830,17,10,339.531250,4210.250
1785209560.362061262,2.009830,17,9,341.187500,4195.000
1785209560.362061262,2.009830,17,15,342.812500,4183.750
1785209560.362061262,2.009830,17,15,344.437500,4169.750
1785209560.362061262,2.009830,17,15,346.078125,4149.500
1785209560.362061262,2.009830,17,15,347.718750,4146.250
1785209560.362061262,2.009830,17,15,349.359375,4143.750
1785209560.477827787,2.087416,18,15,351.015625,4138.000
1785209560.477827787,2.087416,18,15,352.625000,4133.750
1785209560.477827787,2.087416,18,15,354.281250,4133.250
1785209560.477827787,2.087416,18,15,355.906250,4120.000
1785209560.477827787,2.087416,18,15,357.562500,4106.750
1785209560.477827787,2.087416,18,15,359.171875,4125.250
1785209560.477827787,2.087416,18,15,0.828125,4148.250
1785209560.477827787,2.087416,18,15,6.281250,1663.250
1785209560.477827787,2.087416,18,15,12.687500,1807.750
1785209560.477827787,2.087416,18,7,173.218750,10217.750
1785209560.477827787,2.087416,18,7,176.468750,10172.250
1785209560.477827787,2.087416,18,7,179.875000,10118.000
1785209560.477827787,2.087416,18,9,183.156250,10153.500
1785209560.477827787,2.087416,18,15,199.515625,8540.250
1785209560.477827787,2.087416,18,15,224.015625,5448.250
1785209560.477827787,2.087416,18,15,225.640625,5316.000
1785209560.477827787,2.087416,18,15,228.937500,5046.750
1785209560.477827787,2.087416,18,15,235.531250,3704.000
1785209560.477827787,2.087416,18,15,242.015625,4144.750
1785209560.477827787,2.087416,18,15,243.656250,4052.500
1785209560.477827787,2.087416,18,15,245.312500,3987.000
1785209560.477827787,2.087416,18,15,246.937500,3935.000
1785209560.477827787,2.087416,18,15,248.562500,3903.750
1785209560.477827787,2.087416,18,15,250.203125,3864.000
1785209560.477827787,2.087416,18,15,251.812500,3825.750
1785209560.477827787,2.087416,18,15,253.468750,3792.750
1785209560.477827787,2.087416,18,15,256.703125,3874.250
1785209560.477827787,2.087416,18,15,258.328125,3904.750
1785209560.477827787,2.087416,18,15,261.562500,4110.750
1785209560.477827787,2.087416,18,15,263.203125,4088.750
1785209560.477827787,2.087416,18,15,264.828125,4095.750
1785209560.477827787,2.087416,18,15,266.453125,4088.250
1785209560.477827787,2.087416,18,15,268.078125,4095.250
1785209560.477827787,2.087416,18,15,269.734375,4107.250
1785209560.477827787,2.087416,18,15,271.328125,4093.250
1785209560.477827787,2.087416,18,15,273.000000,4064.250
1785209560.477827787,2.087416,18,15,274.625000,4075.250
1785209560.477827787,2.087416,18,15,276.250000,4100.750
1785209560.477827787,2.087416,18,15,277.875000,4106.250
1785209560.477827787,2.087416,18,15,279.500000,4136.500
1785209560.477827787,2.087416,18,15,281.140625,4170.750
1785209560.477827787,2.087416,18,15,282.765625,4193.250
1785209560.477827787,2.087416,18,15,284.375000,4207.250
1785209560.477827787,2.087416,18,15,286.000000,4220.750
1785209560.477827787,2.087416,18,15,289.296875,3969.500
1785209560.477827787,2.087416,18,15,292.593750,3704.750
1785209560.477827787,2.087416,18,15,294.203125,3727.000
1785209560.477827787,2.087416,18,15,295.812500,3774.250
1785209560.477827787,2.087416,18,15,297.468750,3824.250
1785209560.477827787,2.087416,18,15,299.171875,3880.000
1785209560.477827787,2.087416,18,15,300.796875,3935.500
1785209560.477827787,2.087416,18,15,302.421875,3992.500
1785209560.477827787,2.087416,18,15,305.640625,4617.250
1785209560.477827787,2.087416,18,9,323.703125,4185.500
1785209560.477827787,2.087416,18,11,325.328125,4150.000
1785209560.477827787,2.087416,18,15,327.000000,4136.000
1785209560.477827787,2.087416,18,8,328.609375,4123.000
1785209560.477827787,2.087416,18,12,331.906250,4084.250
1785209560.477827787,2.087416,18,15,333.531250,4015.250
1785209560.477827787,2.087416,18,15,335.203125,3948.250
1785209560.477827787,2.087416,18,15,336.812500,3964.750
1785209560.477827787,2.087416,18,15,338.453125,3971.000
1785209560.477827787,2.087416,18,8,340.093750,3961.250
1785209560.477827787,2.087416,18,13,341.718750,4008.250
1785209560.477827787,2.087416,18,11,343.343750,4024.750
1785209560.477827787,2.087416,18,11,344.984375,4039.500
1785209560.477827787,2.087416,18,14,346.609375,4063.250
1785209560.477827787,2.087416,18,12,348.234375,4069.250
1785209560.477827787,2.087416,18,14,349.890625,4064.750
1785209560.589367151,2.244163,19,13,351.515625,4068.250
1785209560.589367151,2.244163,19,13,353.171875,4055.000
1785209560.589367151,2.244163,19,15,354.796875,4027.250
1785209560.589367151,2.244163,19,14,356.437500,4028.250
1785209560.589367151,2.244163,19,14,358.078125,4046.500
1785209560.589367151,2.244163,19,14,359.703125,4056.250
1785209560.589367151,2.244163,19,15,1.328125,4085.500
1785209560.589367151,2.244163,19,15,6.781250,1645.750
1785209560.589367151,2.244163,19,10,8.406250,1671.500
1785209560.589367151,2.244163,19,15,11.578125,1802.750
1785209560.589367151,2.244163,19,15,13.234375,1822.250
1785209560.589367151,2.244163,19,7,178.843750,10125.750
1785209560.589367151,2.244163,19,7,183.750000,10212.250
1785209560.589367151,2.244163,19,14,200.078125,10260.250
1785209560.589367151,2.244163,19,15,221.343750,5851.750
1785209560.589367151,2.244163,19,15,224.625000,5452.000
1785209560.589367151,2.244163,19,15,226.250000,5319.500
1785209560.589367151,2.244163,19,15,229.515625,5040.000
1785209560.589367151,2.244163,19,15,231.156250,4930.000
1785209560.589367151,2.244163,19,15,236.140625,3714.000
1785209560.589367151,2.244163,19,15,240.984375,4200.750
1785209560.589367151,2.244163,19,15,242.625000,4134.500
1785209560.589367151,2.244163,19,15,244.250000,4079.000
1785209560.589367151,2.244163,19,15,245.875000,4012.500
1785209560.589367151,2.244163,19,15,247.531250,3963.500
1785209560.589367151,2.244163,19,15,249.140625,3922.000
1785209560.589367151,2.244163,19,15,250.812500,3876.000
1785209560.589367151,2.244163,19,15,252.468750,3840.500
1785209560.589367151,2.244163,19,15,254.078125,3815.750
1785209560.589367151,2.244163,19,15,257.343750,3911.000
1785209560.589367151,2.244163,19,15,260.562500,4113.500
1785209560.589367151,2.244163,19,15,262.234375,4151.500
1785209560.589367151,2.244163,19,15,263.843750,4130.250
1785209560.589367151,2.244163,19,15,265.484375,4114.000
1785209560.589367151,2.244163,19,15,267.109375,4122.000
1785209560.589367151,2.244163,19,15,268.750000,4125.000
1785209560.589367151,2.244163,19,15,270.375000,4118.500
1785209560.589367151,2.244163,19,15,272.015625,4118.500
1785209560.589367151,2.244163,19,15,273.640625,4128.250
1785209560.589367151,2.244163,19,15,275.234375,4134.500
1785209560.589367151,2.244163,19,15,276.859375,4144.750
1785209560.589367151,2.244163,19,15,278.500000,4157.750
1785209560.589367151,2.244163,19,15,280.125000,4169.750
1785209560.589367151,2.244163,19,15,281.750000,4199.750
1785209560.589367151,2.244163,19,15,283.390625,4223.250
1785209560.589367151,2.244163,19,15,285.015625,4258.750
1785209560.589367151,2.244163,19,15,289.921875,3957.000
1785209560.589367151,2.244163,19,15,293.187500,3732.250
1785209560.589367151,2.244163,19,15,294.812500,3774.500
1785209560.589367151,2.244163,19,15,296.453125,3822.500
1785209560.589367151,2.244163,19,15,298.062500,3880.500
1785209560.589367151,2.244163,19,15,299.750000,3933.750
1785209560.589367151,2.244163,19,15,301.375000,3996.000
1785209560.589367151,2.244163,19,15,303.015625,4086.000
1785209560.589367151,2.244163,19,12,316.046875,4382.500
1785209560.589367151,2.244163,19,8,320.984375,4156.750
1785209560.589367151,2.244163,19,10,322.640625,4130.750
1785209560.589367151,2.244163,19,10,324.265625,4092.250
1785209560.589367151,2.244163,19,8,325.906250,4066.750
1785209560.589367151,2.244163,19,11,330.843750,4005.500
1785209560.589367151,2.244163,19,15,332.468750,3933.750
1785209560.589367151,2.244163,19,15,334.109375,3916.750
1785209560.589367151,2.244163,19,15,335.734375,3898.000
1785209560.589367151,2.244163,19,14,337.390625,3859.000
1785209560.589367151,2.244163,19,15,339.015625,3817.500
1785209560.589367151,2.244163,19,15,340.671875,3786.500
1785209560.589367151,2.244163,19,15,342.296875,3747.250
1785209560.589367151,2.244163,19,15,343.937500,3709.500
1785209560.589367151,2.244163,19,15,348.906250,3848.750
1785209560.702975035,2.308579,20,15,350.546875,3881.000
1785209560.702975035,2.308579,20,14,352.171875,3893.000
1785209560.702975035,2.308579,20,15,353.828125,3891.750
1785209560.702975035,2.308579,20,8,357.093750,3899.000
1785209560.702975035,2.308579,20,8,0.359375,3917.000
1785209560.702975035,2.308579,20,15,7.437500,1630.500
1785209560.702975035,2.308579,20,15,9.062500,1603.250
1785209560.702975035,2.308579,20,15,10.703125,1620.500
1785209560.702975035,2.308579,20,7,186.046875,10230.500
1785209560.702975035,2.308579,20,15,220.328125,6045.250
1785209560.702975035,2.308579,20,15,225.234375,5465.250
1785209560.702975035,2.308579,20,15,226.890625,5316.250
1785209560.702975035,2.308579,20,15,228.515625,5175.000
1785209560.702975035,2.308579,20,15,230.171875,5055.750
1785209560.702975035,2.308579,20,15,231.781250,4942.000
1785209560.702975035,2.308579,20,15,236.781250,3751.750
1785209560.702975035,2.308579,20,15,241.718750,3271.000
1785209560.702975035,2.308579,20,15,244.890625,4099.500
1785209560.702975035,2.308579,20,15,246.515625,4027.250
1785209560.702975035,2.308579,20,15,248.156250,3977.250
1785209560.702975035,2.308579,20,15,249.796875,3938.750
1785209560.702975035,2.308579,20,15,251.453125,3898.250
1785209560.702975035,2.308579,20,15,253.109375,3863.250
1785209560.702975035,2.308579,20,15,256.359375,3950.250
1785209560.702975035,2.308579,20,15,258.000000,3937.250
1785209560.702975035,2.308579,20,15,261.250000,4219.000
1785209560.702975035,2.308579,20,15,262.875000,4208.250
1785209560.702975035,2.308579,20,15,264.500000,4179.750
1785209560.702975035,2.308579,20,15,266.125000,4169.750
1785209560.702975035,2.308579,20,15,267.765625,4170.250
1785209560.702975035,2.308579,20,15,269.406250,4166.000
1785209560.702975035,2.308579,20,15,271.015625,4177.500
1785209560.702975035,2.308579,20,15,272.656250,4170.250
1785209560.702975035,2.308579,20,15,274.296875,4176.000
1785209560.702975035,2.308579,20,15,275.859375,4194.500
1785209560.702975035,2.308579,20,15,277.484375,4198.750
1785209560.702975035,2.308579,20,15,279.093750,4210.500
1785209560.702975035,2.308579,20,15,280.734375,4216.250
1785209560.702975035,2.308579,20,15,282.375000,4242.750
1785209560.702975035,2.308579,20,15,283.984375,4283.750
1785209560.702975035,2.308579,20,15,285.625000,4310.500
1785209560.702975035,2.308579,20,15,288.890625,4076.250
1785209560.702975035,2.308579,20,15,292.156250,3789.250
1785209560.702975035,2.308579,20,15,293.781250,3796.500
1785209560.702975035,2.308579,20,15,295.437500,3837.750
1785209560.702975035,2.308579,20,15,297.031250,3887.500
1785209560.702975035,2.308579,20,15,298.734375,3935.000
1785209560.702975035,2.308579,20,15,300.375000,3989.500
1785209560.702975035,2.308579,20,15,302.000000,4059.500
1785209560.702975035,2.308579,20,15,305.203125,4692.500
1785209560.702975035,2.308579,20,15,306.843750,4800.500
1785209560.702975035,2.308579,20,9,321.562500,4383.750
1785209560.702975035,2.308579,20,10,324.890625,4297.500
1785209560.702975035,2.308579,20,10,326.531250,4220.500
1785209560.702975035,2.308579,20,15,328.156250,4193.500
1785209560.702975035,2.308579,20,12,331.421875,4161.000
1785209560.702975035,2.308579,20,10,333.062500,4140.000
1785209560.702975035,2.308579,20,12,334.703125,4131.250
1785209560.702975035,2.308579,20,14,336.328125,4118.500
1785209560.702975035,2.308579,20,9,338.000000,4080.250
1785209560.702975035,2.308579,20,7,339.625000,4048.250
1785209560.702975035,2.308579,20,11,341.234375,4034.000
1785209560.702975035,2.308579,20,11,342.890625,4016.000
1785209560.702975035,2.308579,20,9,344.531250,3996.250
1785209560.702975035,2.308579,20,10,346.171875,3981.000
1785209560.702975035,2.308579,20,10,347.812500,3981.500
1785209560.702975035,2.308579,20,11,349.437500,3983.000
1785209560.815093517,2.436354,21,10,351.093750,3969.250
1785209560.815093517,2.436354,21,15,352.734375,3940.000
1785209560.815093517,2.436354,21,15,354.375000,3922.000
1785209560.815093517,2.436354,21,14,356.000000,3923.250
1785209560.815093517,2.436354,21,11,357.640625,3925.250
1785209560.815093517,2.436354,21,9,359.281250,3926.000
1785209560.815093517,2.436354,21,15,11.187500,1575.000
1785209560.815093517,2.436354,21,15,12.796875,1580.750
1785209560.815093517,2.436354,21,10,176.828125,10116.250
1785209560.815093517,2.436354,21,8,202.843750,10213.000
1785209560.815093517,2.436354,21,15,217.593750,6516.250
1785209560.815093517,2.436354,21,15,220.859375,6011.000
1785209560.815093517,2.436354,21,15,222.500000,5840.250
1785209560.815093517,2.436354,21,15,225.796875,5462.000
1785209560.815093517,2.436354,21,15,227.421875,5321.750
1785209560.815093517,2.436354,21,15,229.046875,5190.750
1785209560.815093517,2.436354,21,15,230.703125,5079.750
1785209560.815093517,2.436354,21,15,232.328125,4965.500
1785209560.815093517,2.436354,21,15,237.312500,3756.500
1785209560.815093517,2.436354,21,15,243.781250,4209.500
1785209560.815093517,2.436354,21,15,245.406250,4121.000
1785209560.815093517,2.436354,21,15,247.062500,4068.250
1785209560.815093517,2.436354,21,15,248.703125,4015.750
1785209560.815093517,2.436354,21,15,250.328125,3955.500
1785209560.815093517,2.436354,21,15,251.984375,3929.750
1785209560.815093517,2.436354,21,15,253.625000,3902.000
1785209560.815093517,2.436354,21,15,255.250000,3933.000
1785209560.815093517,2.436354,21,15,256.890625,3981.500
1785209560.815093517,2.436354,21,15,260.125000,4171.500
1785209560.815093517,2.436354,21,15,261.750000,4233.500
1785209560.815093517,2.436354,21,15,263.406250,4228.000
1785209560.815093517,2.436354,21,15,265.015625,4222.750
1785209560.815093517,2.436354,21,15,266.656250,4210.500
1785209560.815093517,2.436354,21,15,268.281250,4197.000
1785209560.815093517,2.436354,21,15,269.921875,4201.750
1785209560.815093517,2.436354,21,15,271.562500,4182.750
1785209560.815093517,2.436354,21,15,273.171875,4206.500
1785209560.815093517,2.436354,21,15,274.750000,4236.250
1785209560.815093517,2.436354,21,15,276.375000,4222.000
1785209560.815093517,2.436354,21,15,278.000000,4234.000
1785209560.815093517,2.436354,21,15,279.625000,4255.750
1785209560.815093517,2.436354,21,15,281.250000,4283.750
1785209560.815093517,2.436354,21,15,282.859375,4305.000
1785209560.815093517,2.436354,21,15,284.500000,4334.250
1785209560.815093517,2.436354,21,15,289.390625,4051.000
1785209560.815093517,2.436354,21,15,292.687500,3791.500
1785209560.815093517,2.436354,21,15,294.296875,3844.250
1785209560.815093517,2.436354,21,15,295.906250,3901.500
1785209560.815093517,2.436354,21,15,297.562500,3938.250
1785209560.815093517,2.436354,21,15,299.265625,3977.500
1785209560.815093517,2.436354,21,15,300.906250,4063.500
1785209560.815093517,2.436354,21,15,305.734375,4787.750
1785209560.815093517,2.436354,21,9,315.578125,4434.250
1785209560.815093517,2.436354,21,9,323.859375,4152.000
1785209560.815093517,2.436354,21,12,325.500000,4134.000
1785209560.815093517,2.436354,21,7,327.156250,4127.750
1785209560.815093517,2.436354,21,11,330.421875,4122.000
1785209560.815093517,2.436354,21,13,332.062500,4076.500
1785209560.815093517,2.436354,21,15,333.703125,4023.500
1785209560.815093517,2.436354,21,15,335.359375,3983.000
1785209560.815093517,2.436354,21,15,337.000000,3960.500
1785209560.815093517,2.436354,21,15,338.625000,3917.750
1785209560.815093517,2.436354,21,7,341.890625,4033.250
1785209560.815093517,2.436354,21,11,343.531250,4037.000
1785209560.815093517,2.436354,21,9,345.171875,4036.000
1785209560.815093517,2.436354,21,14,346.734375,4058.250
1785209560.815093517,2.436354,21,12,348.375000,4071.250
1785209560.815093517,2.436354,21,11,350.015625,4061.250
1785209560.926210642,2.516152,22,15,351.656250,4040.500
1785209560.926210642,2.516152,22,13,353.281250,4021.500
1785209560.926210642,2.516152,22,12,354.937500,3995.500
1785209560.926210642,2.516152,22,9,356.546875,3982.750
1785209560.926210642,2.516152,22,13,358.187500,4015.500
1785209560.926210642,2.516152,22,14,359.812500,4071.250
1785209560.926210642,2.516152,22,13,1.453125,4096.500
1785209560.926210642,2.516152,22,15,3.078125,4108.250
1785209560.926210642,2.516152,22,15,8.468750,1793.500
1785209560.926210642,2.516152,22,15,13.421875,1568.750
1785209560.926210642,2.516152,22,7,187.109375,10180.500
1785209560.926210642,2.516152,22,15,218.156250,6500.000
1785209560.926210642,2.516152,22,15,221.437500,6000.500
1785209560.926210642,2.516152,22,15,226.343750,5457.000
1785209560.926210642,2.516152,22,15,229.625000,5185.750
1785209560.926210642,2.516152,22,15,231.265625,5072.000
1785209560.926210642,2.516152,22,15,232.906250,4965.500
1785209560.926210642,2.516152,22,15,236.250000,3853.000
1785209560.926210642,2.516152,22,15,237.875000,3810.250
1785209560.926210642,2.516152,22,15,241.109375,4293.750
1785209560.926210642,2.516152,22,15,242.734375,4252.250
1785209560.926210642,2.516152,22,15,244.359375,4195.500
1785209560.926210642,2.516152,22,15,246.000000,4147.500
1785209560.926210642,2.516152,22,15,247.625000,4094.250
1785209560.926210642,2.516152,22,15,249.250000,4040.250
1785209560.926210642,2.516152,22,15,250.921875,3991.000
1785209560.926210642,2.516152,22,15,252.546875,3956.000
1785209560.926210642,2.516152,22,15,254.171875,3924.750
1785209560.926210642,2.516152,22,15,255.796875,3973.750
1785209560.926210642,2.516152,22,15,257.421875,4018.500
1785209560.926210642,2.516152,22,15,259.046875,4040.500
1785209560.926210642,2.516152,22,15,262.281250,4258.500
1785209560.926210642,2.516152,22,15,263.906250,4251.000
1785209560.926210642,2.516152,22,15,265.531250,4252.500
1785209560.926210642,2.516152,22,15,267.187500,4252.000
1785209560.926210642,2.516152,22,15,268.796875,4233.500
1785209560.926210642,2.516152,22,15,270.437500,4229.750
1785209560.926210642,2.516152,22,15,272.078125,4244.750
1785209560.926210642,2.516152,22,15,273.703125,4265.000
1785209560.926210642,2.516152,22,15,275.296875,4263.500
1785209560.926210642,2.516152,22,15,276.921875,4248.500
1785209560.926210642,2.516152,22,15,278.531250,4267.250
1785209560.926210642,2.516152,22,15,280.156250,4305.000
1785209560.926210642,2.516152,22,15,281.796875,4345.500
1785209560.926210642,2.516152,22,15,283.406250,4357.000
1785209560.926210642,2.516152,22,15,285.031250,4374.250
1785209560.926210642,2.516152,22,15,288.296875,4194.750
1785209560.926210642,2.516152,22,15,291.578125,3866.000
1785209560.926210642,2.516152,22,15,293.203125,3843.750
1785209560.926210642,2.516152,22,15,294.828125,3897.750
1785209560.926210642,2.516152,22,15,296.453125,3949.000
1785209560.926210642,2.516152,22,15,298.062500,4000.750
1785209560.926210642,2.516152,22,15,299.812500,4067.000
1785209560.926210642,2.516152,22,15,301.437500,4134.500
1785209560.926210642,2.516152,22,15,304.640625,4732.750
1785209560.926210642,2.516152,22,9,322.750000,4175.000
1785209560.926210642,2.516152,22,12,324.375000,4150.750
1785209560.926210642,2.516152,22,9,326.031250,4137.000
1785209560.926210642,2.516152,22,9,329.296875,4116.500
1785209560.926210642,2.516152,22,15,330.937500,4043.000
1785209560.926210642,2.516152,22,15,332.578125,4005.750
1785209560.926210642,2.516152,22,15,334.234375,4012.000
1785209560.926210642,2.516152,22,15,335.859375,3964.500
1785209560.926210642,2.516152,22,12,337.500000,3900.500
1785209560.926210642,2.516152,22,15,339.156250,3840.500
1785209560.926210642,2.516152,22,10,340.796875,3866.250
1785209560.926210642,2.516152,22,8,342.390625,3957.000
1785209560.926210642,2.516152,22,11,344.046875,4005.000
1785209560.926210642,2.516152,22,8,345.687500,4027.250
1785209560.926210642,2.516152,22,10,347.265625,4042.500
1785209560.926210642,2.516152,22,13,348.921875,4031.250
1785209561.040411472,2.675772,23,13,350.531250,3997.250
1785209561.040411472,2.675772,23,15,352.203125,3961.250
1785209561.040411472,2.675772,23,15,353.812500,3944.750
1785209561.040411472,2.675772,23,15,355.468750,3952.250
1785209561.040411472,2.675772,23,15,357.093750,3977.250
1785209561.040411472,2.675772,23,9,358.734375,3993.750
1785209561.040411472,2.675772,23,11,0.343750,4019.250
1785209561.040411472,2.675772,23,10,1.984375,4039.000
1785209561.040411472,2.675772,23,15,7.328125,1792.250
1785209561.040411472,2.675772,23,15,10.734375,1592.000
1785209561.040411472,2.675772,23,15,12.328125,1562.750
1785209561.040411472,2.675772,23,8,174.625000,10242.000
1785209561.040411472,2.675772,23,8,179.515625,10246.750
1785209561.040411472,2.675772,23,15,218.765625,6480.750
1785209561.040411472,2.675772,23,15,222.046875,6000.750
1785209561.040411472,2.675772,23,15,226.937500,5466.500
1785209561.040411472,2.675772,23,15,228.578125,5351.500
1785209561.040411472,2.675772,23,15,231.828125,5081.000
1785209561.040411472,2.675772,23,15,233.468750,4969.000
1785209561.040411472,2.675772,23,15,236.796875,3850.500
1785209561.040411472,2.675772,23,15,238.453125,3837.000
1785209561.040411472,2.675772,23,15,241.671875,4353.250
1785209561.040411472,2.675772,23,15,243.312500,4280.750
1785209561.040411472,2.675772,23,15,244.921875,4209.500
1785209561.040411472,2.675772,23,15,246.578125,4148.500
1785209561.040411472,2.675772,23,15,248.203125,4107.250
1785209561.040411472,2.675772,23,15,249.843750,4069.250
1785209561.040411472,2.675772,23,15,251.453125,4024.500
1785209561.040411472,2.675772,23,15,253.093750,3978.250
1785209561.040411472,2.675772,23,15,254.718750,3955.750
1785209561.040411472,2.675772,23,15,256.312500,4015.750
1785209561.040411472,2.675772,23,15,257.968750,4049.000
1785209561.040411472,2.675772,23,15,261.187500,4276.250
1785209561.040411472,2.675772,23,15,262.828125,4316.250
1785209561.040411472,2.675772,23,15,264.468750,4297.000
1785209561.040411472,2.675772,23,15,266.078125,4288.250
1785209561.040411472,2.675772,23,15,267.703125,4286.000
1785209561.040411472,2.675772,23,15,269.328125,4293.250
1785209561.040411472,2.675772,23,15,270.953125,4297.250
1785209561.040411472,2.675772,23,15,272.593750,4288.250
1785209561.040411472,2.675772,23,15,274.234375,4283.750
1785209561.040411472,2.675772,23,15,275.812500,4291.500
1785209561.040411472,2.675772,23,15,277.453125,4314.000
1785209561.040411472,2.675772,23,15,279.062500,4337.000
1785209561.040411472,2.675772,23,15,280.671875,4346.750
1785209561.040411472,2.675772,23,15,282.312500,4364.500
1785209561.040411472,2.675772,23,15,283.921875,4397.000
1785209561.040411472,2.675772,23,15,285.562500,4398.750
1785209561.040411472,2.675772,23,15,288.812500,4138.250
1785209561.040411472,2.675772,23,15,292.093750,3870.500
1785209561.040411472,2.675772,23,15,293.703125,3910.250
1785209561.040411472,2.675772,23,15,295.359375,3946.250
1785209561.040411472,2.675772,23,15,296.968750,3996.500
1785209561.040411472,2.675772,23,15,298.750000,4063.000
1785209561.040411472,2.675772,23,15,300.390625,4133.250
1785209561.040411472,2.675772,23,15,302.000000,4214.000
1785209561.040411472,2.675772,23,9,320.000000,4138.500
1785209561.040411472,2.675772,23,12,326.562500,3951.250
1785209561.040411472,2.675772,23,15,328.187500,3927.500
1785209561.040411472,2.675772,23,15,329.828125,3906.750
1785209561.040411472,2.675772,23,12,331.484375,3881.750
1785209561.040411472,2.675772,23,15,333.109375,3854.750
1785209561.040411472,2.675772,23,15,334.734375,3823.750
1785209561.040411472,2.675772,23,11,336.359375,3814.250
1785209561.040411472,2.675772,23,8,338.015625,3809.500
1785209561.040411472,2.675772,23,15,339.656250,3798.500
1785209561.040411472,2.675772,23,15,341.281250,3777.000
1785209561.040411472,2.675772,23,15,342.921875,3744.000
1785209561.040411472,2.675772,23,15,347.781250,3884.500
1785209561.040411472,2.675772,23,12,349.406250,3902.250
1785209561.151802778,2.756391,24,11,351.031250,3900.000
1785209561.151802778,2.756391,24,8,352.671875,3890.000
1785209561.151802778,2.756391,24,15,6.187500,1778.500
1785209561.151802778,2.756391,24,15,9.546875,1576.000
1785209561.151802778,2.756391,24,15,11.234375,1554.000
1785209561.151802778,2.756391,24,7,178.359375,10166.250
1785209561.151802778,2.756391,24,7,184.890625,10256.250
1785209561.151802778,2.756391,24,15,219.250000,6491.250
1785209561.151802778,2.756391,24,15,222.531250,5985.000
1785209561.151802778,2.756391,24,15,225.812500,5630.750
1785209561.151802778,2.756391,24,15,227.453125,5473.500
1785209561.151802778,2.756391,24,15,229.093750,5326.750
1785209561.151802778,2.756391,24,15,230.734375,5199.000
1785209561.151802778,2.756391,24,15,232.359375,5091.500
1785209561.151802778,2.756391,24,15,237.328125,3884.750
1785209561.151802778,2.756391,24,15,238.953125,3875.000
1785209561.151802778,2.756391,24,15,242.187500,4386.750
1785209561.151802778,2.756391,24,15,243.828125,4317.750
1785209561.151802778,2.756391,24,15,245.484375,4244.000
1785209561.151802778,2.756391,24,15,247.109375,4182.000
1785209561.151802778,2.756391,24,15,248.734375,4144.750
1785209561.151802778,2.756391,24,15,250.375000,4115.000
1785209561.151802778,2.756391,24,15,251.968750,4063.500
1785209561.151802778,2.756391,24,15,253.625000,4006.500
1785209561.151802778,2.756391,24,15,255.234375,4009.500
1785209561.151802778,2.756391,24,15,256.859375,4067.250
1785209561.151802778,2.756391,24,15,258.484375,4081.750
1785209561.151802778,2.756391,24,15,261.718750,4362.750
1785209561.151802778,2.756391,24,15,263.359375,4342.250
1785209561.151802778,2.756391,24,15,264.984375,4336.500
1785209561.151802778,2.756391,24,15,266.625000,4322.250
1785209561.151802778,2.756391,24,15,268.265625,4313.750
1785209561.151802778,2.756391,24,15,269.875000,4323.500
1785209561.151802778,2.756391,24,15,271.484375,4333.750
1785209561.151802778,2.756391,24,15,273.140625,4323.000
1785209561.151802778,2.756391,24,15,274.718750,4319.000
1785209561.151802778,2.756391,24,15,276.343750,4338.250
1785209561.151802778,2.756391,24,15,277.984375,4356.500
1785209561.151802778,2.756391,24,15,279.593750,4376.500
1785209561.151802778,2.756391,24,15,281.218750,4401.000
1785209561.151802778,2.756391,24,15,282.859375,4430.500
1785209561.151802778,2.756391,24,15,284.468750,4450.000
1785209561.151802778,2.756391,24,15,287.750000,4245.250
1785209561.151802778,2.756391,24,15,292.640625,3919.250
1785209561.151802778,2.756391,24,15,294.265625,3960.250
1785209561.151802778,2.756391,24,15,295.890625,4017.250
1785209561.151802778,2.756391,24,15,297.515625,4079.750
1785209561.151802778,2.756391,24,15,299.265625,4126.750
1785209561.151802778,2.756391,24,15,300.906250,4181.000
1785209561.151802778,2.756391,24,15,304.125000,4798.000
1785209561.151802778,2.756391,24,9,325.406250,4184.250
1785209561.151802778,2.756391,24,12,328.671875,4152.500
1785209561.151802778,2.756391,24,15,330.328125,4074.000
1785209561.151802778,2.756391,24,15,331.953125,4036.500
1785209561.151802778,2.756391,24,15,333.593750,4029.750
1785209561.151802778,2.756391,24,15,335.218750,3967.750
1785209561.151802778,2.756391,24,15,336.859375,3900.000
1785209561.151802778,2.756391,24,15,338.515625,3848.500
1785209561.151802778,2.756391,24,15,340.156250,3807.750
1785209561.151802778,2.756391,24,15,341.765625,3783.250
1785209561.151802778,2.756391,24,7,343.406250,3730.000
1785209561.151802778,2.756391,24,15,346.703125,3869.750
1785209561.151802778,2.756391,24,15,348.343750,3889.000
1785209561.151802778,2.756391,24,9,349.953125,3893.000
1785209561.265882969,2.913594,25,15,5.156250,1757.500
1785209561.265882969,2.913594,25,15,8.531250,1551.750
1785209561.265882969,2.913594,25,15,10.187500,1536.750
1785209561.265882969,2.913594,25,7,178.921875,10119.500
1785209561.265882969,2.913594,25,7,180.562500,10096.250
1785209561.265882969,2.913594,25,7,182.203125,10079.500
1785209561.265882969,2.913594,25,9,183.828125,10191.500
1785209561.265882969,2.913594,25,8,185.468750,10291.250
1785209561.265882969,2.913594,25,15,219.828125,6456.000
1785209561.265882969,2.913594,25,15,223.109375,6010.000
1785209561.265882969,2.913594,25,15,228.015625,5469.250
1785209561.265882969,2.913594,25,15,229.671875,5348.250
1785209561.265882969,2.913594,25,15,231.296875,5219.500
1785209561.265882969,2.913594,25,15,232.937500,5111.500
1785209561.265882969,2.913594,25,15,237.906250,3910.750
1785209561.265882969,2.913594,25,15,242.750000,4401.750
1785209561.265882969,2.913594,25,15,244.406250,4341.250
1785209561.265882969,2.913594,25,15,246.015625,4268.750
1785209561.265882969,2.913594,25,15,247.656250,4214.250
1785209561.265882969,2.913594,25,15,249.296875,4171.000
1785209561.265882969,2.913594,25,15,250.953125,4124.750
1785209561.265882969,2.913594,25,15,252.562500,4083.750
1785209561.265882969,2.913594,25,15,254.218750,4043.500
1785209561.265882969,2.913594,25,15,257.468750,4150.000
1785209561.265882969,2.913594,25,15,259.109375,4179.250
1785209561.265882969,2.913594,25,15,262.343750,4382.500
1785209561.265882969,2.913594,25,15,263.968750,4365.000
1785209561.265882969,2.913594,25,15,265.593750,4362.750
1785209561.265882969,2.913594,25,15,267.234375,4361.000
1785209561.265882969,2.913594,25,15,268.859375,4361.000
1785209561.265882969,2.913594,25,15,270.515625,4362.250
1785209561.265882969,2.913594,25,15,272.140625,4354.000
1785209561.265882969,2.913594,25,15,273.765625,4350.750
1785209561.265882969,2.913594,25,15,275.375000,4362.250
1785209561.265882969,2.913594,25,15,276.984375,4379.000
1785209561.265882969,2.913594,25,15,278.625000,4394.000
1785209561.265882969,2.913594,25,15,280.265625,4417.000
1785209561.265882969,2.913594,25,15,281.906250,4441.750
1785209561.265882969,2.913594,25,15,283.515625,4461.000
1785209561.265882969,2.913594,25,15,285.140625,4481.000
1785209561.265882969,2.913594,25,15,288.421875,4230.500
1785209561.265882969,2.913594,25,15,291.703125,3926.750
1785209561.265882969,2.913594,25,15,293.343750,3957.000
1785209561.265882969,2.913594,25,15,294.968750,4015.000
1785209561.265882969,2.913594,25,15,296.593750,4094.500
1785209561.265882969,2.913594,25,15,298.218750,4153.000
1785209561.265882969,2.913594,25,15,299.937500,4210.000
1785209561.265882969,2.913594,25,15,301.562500,4279.500
1785209561.265882969,2.913594,25,9,311.359375,4249.750
1785209561.265882969,2.913594,25,8,313.000000,4168.750
1785209561.265882969,2.913594,25,8,314.671875,4129.000
1785209561.265882969,2.913594,25,8,317.937500,4045.750
1785209561.265882969,2.913594,25,10,319.562500,3970.250
1785209561.265882969,2.913594,25,14,321.218750,3937.750
1785209561.265882969,2.913594,25,14,322.828125,3914.250
1785209561.265882969,2.913594,25,15,324.484375,3889.500
1785209561.265882969,2.913594,25,11,327.765625,3718.500
1785209561.265882969,2.913594,25,13,329.421875,3734.500
1785209561.265882969,2.913594,25,14,331.046875,3716.000
1785209561.265882969,2.913594,25,15,332.671875,3702.250
1785209561.265882969,2.913594,25,15,334.312500,3685.750
1785209561.265882969,2.913594,25,15,335.953125,3681.000
1785209561.265882969,2.913594,25,15,337.593750,3673.000
1785209561.378326893,2.992769,26,15,4.203125,1761.500
1785209561.378326893,2.992769,26,15,7.546875,1532.750
1785209561.378326893,2.992769,26,15,9.250000,1519.000
1785209561.378326893,2.992769,26,10,176.265625,10160.000
1785209561.378326893,2.992769,26,8,182.781250,10179.250
1785209561.378326893,2.992769,26,8,184.406250,10192.000
1785209561.378326893,2.992769,26,15,194.218750,8194.000
1785209561.378326893,2.992769,26,15,208.890625,8645.500
1785209561.378326893,2.992769,26,15,220.359375,6446.750
1785209561.378326893,2.992769,26,15,223.640625,5979.500
1785209561.378326893,2.992769,26,15,226.921875,5617.750
1785209561.378326893,2.992769,26,15,228.546875,5476.000
1785209561.378326893,2.992769,26,15,230.203125,5361.250
1785209561.378326893,2.992769,26,15,233.468750,5094.250
1785209561.378326893,2.992769,26,15,238.437500,3928.250
1785209561.378326893,2.992769,26,15,240.078125,3936.750
1785209561.378326893,2.992769,26,15,243.296875,4426.750
1785209561.378326893,2.992769,26,15,244.921875,4356.000
1785209561.378326893,2.992769,26,15,246.562500,4292.500
1785209561.378326893,2.992769,26,15,248.187500,4233.750
1785209561.378326893,2.992769,26,15,249.828125,4195.000
1785209561.378326893,2.992769,26,15,251.515625,4156.750
1785209561.378326893,2.992769,26,15,253.156250,4114.000
1785209561.378326893,2.992769,26,15,254.781250,4078.250
1785209561.378326893,2.992769,26,15,258.062500,4174.000
1785209561.378326893,2.992769,26,15,261.281250,4390.000
1785209561.378326893,2.992769,26,15,262.921875,4432.250
1785209561.378326893,2.992769,26,15,264.562500,4417.500
1785209561.378326893,2.992769,26,15,266.171875,4400.500
1785209561.378326893,2.992769,26,15,267.828125,4393.500
1785209561.378326893,2.992769,26,15,269.453125,4395.750
1785209561.378326893,2.992769,26,15,271.078125,4391.750
1785209561.378326893,2.992769,26,15,272.703125,4394.000
1785209561.378326893,2.992769,26,15,274.343750,4398.750
1785209561.378326893,2.992769,26,15,275.937500,4415.250
1785209561.378326893,2.992769,26,15,277.562500,4429.250
1785209561.378326893,2.992769,26,15,279.203125,4442.500
1785209561.378326893,2.992769,26,15,280.843750,4465.000
1785209561.378326893,2.992769,26,15,282.453125,4482.750
1785209561.378326893,2.992769,26,15,284.093750,4510.250
1785209561.378326893,2.992769,26,15,285.718750,4483.000
1785209561.378326893,2.992769,26,15,292.265625,3961.750
1785209561.378326893,2.992769,26,15,293.906250,4012.000
1785209561.378326893,2.992769,26,15,295.531250,4084.250
1785209561.378326893,2.992769,26,15,297.156250,4136.000
1785209561.378326893,2.992769,26,15,298.859375,4185.750
1785209561.378326893,2.992769,26,15,300.500000,4255.000
1785209561.378326893,2.992769,26,8,318.484375,4205.250
1785209561.378326893,2.992769,26,11,320.109375,4159.750
1785209561.378326893,2.992769,26,10,321.750000,4147.250
1785209561.378326893,2.992769,26,11,323.375000,4121.750
1785209561.378326893,2.992769,26,10,325.031250,4101.250
1785209561.378326893,2.992769,26,7,326.640625,4086.750
1785209561.378326893,2.992769,26,8,329.937500,4017.250
1785209561.378326893,2.992769,26,15,331.578125,3944.250
1785209561.378326893,2.992769,26,14,333.203125,3915.000
1785209561.378326893,2.992769,26,14,334.843750,3892.250
1785209561.378326893,2.992769,26,12,336.484375,3852.000
1785209561.378326893,2.992769,26,10,338.109375,3828.750
1785209561.378326893,2.992769,26,11,339.765625,3814.250
1785209561.378326893,2.992769,26,8,341.390625,3746.500
1785209561.378326893,2.992769,26,9,346.312500,3686.750
1785209561.492452383,3.149495,27,15,6.625000,1533.250
1785209561.492452383,3.149495,27,15,8.218750,1516.750
1785209561.492452383,3.149495,27,7,175.296875,10203.750
1785209561.492452383,3.149495,27,8,176.937500,10259.750
1785209561.492452383,3.149495,27,7,180.234375,10126.250
1785209561.492452383,3.149495,27,9,183.500000,10063.750
1785209561.492452383,3.149495,27,15,224.296875,5968.000
1785209561.492452383,3.149495,27,15,229.234375,5455.000
1785209561.492452383,3.149495,27,15,230.875000,5346.250
1785209561.492452383,3.149495,27,15,232.500000,5230.500
1785209561.492452383,3.149495,27,15,234.140625,5126.250
1785209561.492452383,3.149495,27,15,239.109375,3945.750
1785209561.492452383,3.149495,27,15,244.062500,3501.250
1785209561.492452383,3.149495,27,15,247.218750,4309.000
1785209561.492452383,3.149495,27,15,248.875000,4250.500
1785209561.492452383,3.149495,27,15,250.546875,4202.000
1785209561.492452383,3.149495,27,15,252.187500,4167.250
1785209561.492452383,3.149495,27,15,253.812500,4142.750
1785209561.492452383,3.149495,27,15,255.453125,4109.000
1785209561.492452383,3.149495,27,15,257.078125,4144.250
1785209561.492452383,3.149495,27,15,258.703125,4194.500
1785209561.492452383,3.149495,27,15,261.953125,4473.000
1785209561.492452383,3.149495,27,15,263.593750,4467.500
1785209561.492452383,3.149495,27,15,265.234375,4453.750
1785209561.492452383,3.149495,27,15,266.859375,4448.250
1785209561.492452383,3.149495,27,15,268.500000,4452.500
1785209561.492452383,3.149495,27,15,270.140625,4453.000
1785209561.492452383,3.149495,27,15,271.765625,4434.750
1785209561.492452383,3.149495,27,15,273.390625,4431.250
1785209561.492452383,3.149495,27,15,274.968750,4450.250
1785209561.492452383,3.149495,27,15,276.609375,4464.000
1785209561.492452383,3.149495,27,15,278.234375,4479.500
1785209561.492452383,3.149495,27,15,279.875000,4484.500
1785209561.492452383,3.149495,27,15,281.500000,4497.250
1785209561.492452383,3.149495,27,15,283.140625,4515.750
1785209561.492452383,3.149495,27,15,284.750000,4558.250
1785209561.492452383,3.149495,27,15,288.046875,4346.250
1785209561.492452383,3.149495,27,15,291.296875,3994.500
1785209561.492452383,3.149495,27,15,292.921875,4052.500
1785209561.492452383,3.149495,27,15,294.562500,4105.000
1785209561.492452383,3.149495,27,15,296.187500,4145.750
1785209561.492452383,3.149495,27,15,297.812500,4204.250
1785209561.492452383,3.149495,27,15,299.531250,4267.750
1785209561.492452383,3.149495,27,15,301.140625,4348.500
1785209561.492452383,3.149495,27,10,314.234375,4150.750
1785209561.492452383,3.149495,27,8,315.875000,4050.750
1785209561.492452383,3.149495,27,11,319.171875,3958.000
1785209561.492452383,3.149495,27,10,320.796875,3918.250
1785209561.492452383,3.149495,27,10,322.500000,3893.500
1785209561.492452383,3.149495,27,10,324.156250,3852.000
1785209561.492452383,3.149495,27,11,325.781250,3787.250
1785209561.492452383,3.149495,27,15,327.453125,3719.250
1785209561.492452383,3.149495,27,15,329.062500,3688.500
1785209561.492452383,3.149495,27,15,330.703125,3685.000
1785209561.492452383,3.149495,27,12,332.359375,3681.500
1785209561.603776455,3.228323,28,9,0.156250,3901.000
1785209561.603776455,3.228323,28,15,5.609375,1532.500
1785209561.603776455,3.228323,28,15,7.281250,1514.500
1785209561.603776455,3.228323,28,15,13.640625,1638.000
1785209561.603776455,3.228323,28,7,177.609375,10238.000
1785209561.603776455,3.228323,28,15,202.046875,8233.750
1785209561.603776455,3.228323,28,15,220.000000,6618.500
1785209561.603776455,3.228323,28,15,224.906250,5944.500
1785209561.603776455,3.228323,28,15,229.812500,5468.250
1785209561.603776455,3.228323,28,15,233.078125,5213.250
1785209561.603776455,3.228323,28,15,234.718750,5126.750
1785209561.603776455,3.228323,28,15,239.687500,3997.750
1785209561.603776455,3.228323,28,15,242.890625,4521.750
1785209561.603776455,3.228323,28,15,246.171875,4432.000
1785209561.603776455,3.228323,28,15,247.796875,4357.750
1785209561.603776455,3.228323,28,15,249.421875,4301.250
1785209561.603776455,3.228323,28,15,251.046875,4242.000
1785209561.603776455,3.228323,28,15,252.687500,4204.500
1785209561.603776455,3.228323,28,15,254.312500,4171.500
1785209561.603776455,3.228323,28,15,255.921875,4172.500
1785209561.603776455,3.228323,28,15,257.578125,4211.000
1785209561.603776455,3.228323,28,15,259.187500,4237.250
1785209561.603776455,3.228323,28,15,262.437500,4495.500
1785209561.603776455,3.228323,28,15,264.062500,4486.250
1785209561.603776455,3.228323,28,15,265.687500,4481.500
1785209561.603776455,3.228323,28,15,267.312500,4471.250
1785209561.603776455,3.228323,28,15,268.937500,4467.500
1785209561.603776455,3.228323,28,15,270.578125,4476.500
1785209561.603776455,3.228323,28,15,272.203125,4476.500
1785209561.603776455,3.228323,28,15,273.828125,4467.500
1785209561.603776455,3.228323,28,15,275.437500,4474.750
1785209561.603776455,3.228323,28,15,277.062500,4496.000
1785209561.603776455,3.228323,28,15,278.671875,4501.500
1785209561.603776455,3.228323,28,15,280.296875,4505.250
1785209561.603776455,3.228323,28,15,281.921875,4531.250
1785209561.603776455,3.228323,28,15,283.531250,4560.750
1785209561.603776455,3.228323,28,15,285.156250,4581.500
1785209561.603776455,3.228323,28,15,288.453125,4307.750
1785209561.603776455,3.228323,28,15,291.703125,4043.000
1785209561.603776455,3.228323,28,15,293.328125,4087.750
1785209561.603776455,3.228323,28,15,294.968750,4138.750
1785209561.603776455,3.228323,28,15,296.593750,4183.250
1785209561.603776455,3.228323,28,15,298.203125,4243.000
1785209561.603776455,3.228323,28,15,299.937500,4336.500
1785209561.603776455,3.228323,28,15,303.171875,4917.250
1785209561.603776455,3.228323,28,10,304.781250,5022.500
1785209561.603776455,3.228323,28,9,321.171875,4178.750
1785209561.603776455,3.228323,28,12,322.859375,4151.000
1785209561.603776455,3.228323,28,10,324.484375,4117.500
1785209561.603776455,3.228323,28,11,329.421875,3938.250
1785209561.603776455,3.228323,28,11,331.062500,3911.250
1785209561.603776455,3.228323,28,11,332.703125,3873.500
1785209561.603776455,3.228323,28,12,334.343750,3823.000
1785209561.603776455,3.228323,28,8,335.984375,3774.500
1785209561.603776455,3.228323,28,9,337.609375,3736.250
1785209561.603776455,3.228323,28,7,345.812500,3702.250
1785209561.603776455,3.228323,28,11,347.484375,3674.250
1785209561.718545198,3.308039,29,15,4.437500,1536.750
1785209561.718545198,3.308039,29,15,6.031250,1513.000
1785209561.718545198,3.308039,29,10,11.859375,4276.500
1785209561.718545198,3.308039,29,7,177.734375,10116.500
1785209561.718545198,3.308039,29,7,184.234375,10195.000
1785209561.718545198,3.308039,29,15,221.796875,6454.250
1785209561.718545198,3.308039,29,15,225.046875,5983.500
1785209561.718545198,3.308039,29,15,228.359375,5651.750
1785209561.718545198,3.308039,29,15,229.968750,5515.250
1785209561.718545198,3.308039,29,15,231.625000,5376.750
1785209561.718545198,3.308039,29,15,233.250000,5264.250
1785209561.718545198,3.308039,29,15,234.890625,5156.500
1785209561.718545198,3.308039,29,15,239.875000,3986.500
1785209561.718545198,3.308039,29,15,247.968750,4383.000
1785209561.718545198,3.308039,29,15,249.609375,4337.250
1785209561.718545198,3.308039,29,15,251.250000,4294.250
1785209561.718545198,3.308039,29,15,252.859375,4237.000
1785209561.718545198,3.308039,29,15,254.515625,4181.750
1785209561.718545198,3.308039,29,15,256.140625,4210.250
1785209561.718545198,3.308039,29,15,257.750000,4261.750
1785209561.718545198,3.308039,29,11,259.406250,4291.750
1785209561.718545198,3.308039,29,15,262.625000,4522.500
1785209561.718545198,3.308039,29,15,264.250000,4499.750
1785209561.718545198,3.308039,29,15,265.890625,4502.250
1785209561.718545198,3.308039,29,15,267.515625,4507.250
1785209561.718545198,3.308039,29,15,269.156250,4503.500
1785209561.718545198,3.308039,29,15,270.765625,4504.750
1785209561.718545198,3.308039,29,15,272.406250,4499.250
1785209561.718545198,3.308039,29,15,274.046875,4494.250
1785209561.718545198,3.308039,29,15,275.593750,4501.000
1785209561.718545198,3.308039,29,15,277.234375,4515.000
1785209561.718545198,3.308039,29,15,278.843750,4522.500
1785209561.718545198,3.308039,29,15,280.468750,4540.500
1785209561.718545198,3.308039,29,15,282.093750,4570.750
1785209561.718545198,3.308039,29,15,283.687500,4612.250
1785209561.718545198,3.308039,29,15,285.328125,4577.250
1785209561.718545198,3.308039,29,15,288.609375,4308.000
1785209561.718545198,3.308039,29,15,291.859375,4090.750
1785209561.718545198,3.308039,29,15,293.484375,4140.750
1785209561.718545198,3.308039,29,15,295.093750,4185.500
1785209561.718545198,3.308039,29,15,296.718750,4244.250
1785209561.718545198,3.308039,29,15,298.484375,4306.750
1785209561.718545198,3.308039,29,15,300.093750,4370.500
1785209561.718545198,3.308039,29,8,316.453125,4145.750
1785209561.718545198,3.308039,29,9,318.093750,4112.750
1785209561.718545198,3.308039,29,8,319.703125,4090.250
1785209561.718545198,3.308039,29,11,326.328125,3948.500
1785209561.718545198,3.308039,29,8,327.953125,3942.000
1785209561.718545198,3.308039,29,12,329.593750,3924.250
1785209561.718545198,3.308039,29,11,331.218750,3911.500
1785209561.718545198,3.308039,29,14,332.859375,3902.250
1785209561.718545198,3.308039,29,14,334.500000,3894.000
1785209561.718545198,3.308039,29,15,336.156250,3886.250
1785209561.718545198,3.308039,29,15,337.796875,3859.500
1785209561.718545198,3.308039,29,15,339.453125,3825.500
1785209561.718545198,3.308039,29,11,344.328125,3868.500
1785209561.718545198,3.308039,29,8,345.968750,3934.500
1785209561.718545198,3.308039,29,14,347.515625,3926.750
1785209561.829313040,3.467207,30,15,4.437500,1520.250
1785209561.829313040,3.467207,30,15,6.125000,1507.250
1785209561.829313040,3.467207,30,8,176.296875,10175.250
1785209561.829313040,3.467207,30,7,182.812500,10219.000
1785209561.829313040,3.467207,30,15,222.031250,6471.000
1785209561.829313040,3.467207,30,15,225.296875,6033.750
1785209561.829313040,3.467207,30,15,226.921875,5879.500
1785209561.829313040,3.467207,30,15,228.562500,5723.500
1785209561.829313040,3.467207,30,15,230.218750,5554.500
1785209561.829313040,3.467207,30,15,231.843750,5427.250
1785209561.829313040,3.467207,30,15,233.484375,5305.750
1785209561.829313040,3.467207,30,15,235.140625,5173.000
1785209561.829313040,3.467207,30,15,240.078125,4022.500
1785209561.829313040,3.467207,30,15,245.015625,3649.500
1785209561.829313040,3.467207,30,15,248.203125,4420.000
1785209561.829313040,3.467207,30,15,249.859375,4377.750
1785209561.829313040,3.467207,30,15,251.453125,4329.250
1785209561.829313040,3.467207,30,15,253.093750,4272.000
1785209561.829313040,3.467207,30,15,254.734375,4229.250
1785209561.829313040,3.467207,30,15,256.343750,4251.500
1785209561.829313040,3.467207,30,15,257.968750,4305.500
1785209561.829313040,3.467207,30,15,259.593750,4352.500
1785209561.829313040,3.467207,30,15,262.843750,4544.250
1785209561.829313040,3.467207,30,15,264.468750,4548.000
1785209561.829313040,3.467207,30,15,266.093750,4540.000
1785209561.829313040,3.467207,30,15,267.718750,4521.250
1785209561.829313040,3.467207,30,15,269.359375,4520.750
1785209561.829313040,3.467207,30,15,270.984375,4526.750
1785209561.829313040,3.467207,30,15,272.609375,4528.750
1785209561.829313040,3.467207,30,15,274.250000,4525.500
1785209561.829313040,3.467207,30,15,275.828125,4531.750
1785209561.829313040,3.467207,30,15,277.453125,4547.500
1785209561.829313040,3.467207,30,15,279.062500,4557.500
1785209561.829313040,3.467207,30,15,280.703125,4585.250
1785209561.829313040,3.467207,30,15,282.312500,4635.000
1785209561.829313040,3.467207,30,15,283.937500,4672.250
1785209561.829313040,3.467207,30,15,287.218750,4466.250
1785209561.829313040,3.467207,30,15,290.500000,4140.000
1785209561.829313040,3.467207,30,15,292.093750,4128.000
1785209561.829313040,3.467207,30,15,293.734375,4179.750
1785209561.829313040,3.467207,30,15,295.343750,4232.000
1785209561.829313040,3.467207,30,15,296.968750,4304.750
1785209561.829313040,3.467207,30,15,298.718750,4375.500
1785209561.829313040,3.467207,30,15,300.359375,4427.750
1785209561.829313040,3.467207,30,9,316.734375,4150.000
1785209561.829313040,3.467207,30,9,318.375000,4115.500
1785209561.829313040,3.467207,30,14,321.656250,4069.250
1785209561.829313040,3.467207,30,9,324.921875,4002.250
1785209561.829313040,3.467207,30,15,326.546875,3956.000
1785209561.829313040,3.467207,30,10,328.171875,3930.250
1785209561.829313040,3.467207,30,11,329.812500,3907.750
1785209561.829313040,3.467207,30,14,331.468750,3886.500
1785209561.829313040,3.467207,30,13,333.093750,3860.500
1785209561.829313040,3.467207,30,9,334.718750,3833.250
1785209561.829313040,3.467207,30,15,336.359375,3821.750
1785209561.944396257,3.545950,31,15,3.093750,1525.750
1785209561.944396257,3.545950,31,15,4.656250,1511.500
1785209561.944396257,3.545950,31,8,179.921875,10114.500
1785209561.944396257,3.545950,31,7,181.546875,10125.750
1785209561.944396257,3.545950,31,8,184.796875,10246.250
1785209561.944396257,3.545950,31,15,222.406250,6481.500
1785209561.944396257,3.545950,31,15,227.250000,5887.250
1785209561.944396257,3.545950,31,15,228.875000,5734.500
1785209561.944396257,3.545950,31,15,232.156250,5430.000
1785209561.944396257,3.545950,31,15,233.781250,5328.500
1785209561.944396257,3.545950,31,15,235.421875,5212.750
1785209561.944396257,3.545950,31,15,240.390625,4067.750
1785209561.944396257,3.545950,31,15,245.312500,3655.250
1785209561.944396257,3.545950,31,15,248.468750,4441.250
1785209561.944396257,3.545950,31,15,250.125000,4396.500
1785209561.944396257,3.545950,31,15,251.765625,4347.250
1785209561.944396257,3.545950,31,15,253.390625,4309.500
1785209561.944396257,3.545950,31,15,255.046875,4271.250
1785209561.944396257,3.545950,31,15,256.640625,4295.250
1785209561.944396257,3.545950,31,15,258.296875,4345.000
1785209561.944396257,3.545950,31,15,259.906250,4416.000
1785209561.944396257,3.545950,31,15,261.515625,4535.750
1785209561.944396257,3.545950,31,15,263.156250,4582.250
1785209561.944396257,3.545950,31,15,264.781250,4574.500
1785209561.944396257,3.545950,31,15,266.406250,4555.750
1785209561.944396257,3.545950,31,15,268.046875,4545.000
1785209561.944396257,3.545950,31,15,269.671875,4550.000
1785209561.944396257,3.545950,31,15,271.296875,4546.250
1785209561.944396257,3.545950,31,15,272.921875,4560.000
1785209561.944396257,3.545950,31,15,274.546875,4564.500
1785209561.944396257,3.545950,31,15,276.171875,4567.500
1785209561.944396257,3.545950,31,15,277.796875,4596.250
1785209561.944396257,3.545950,31,15,279.421875,4612.750
1785209561.944396257,3.545950,31,15,281.062500,4635.500
1785209561.944396257,3.545950,31,15,282.671875,4675.500
1785209561.944396257,3.545950,31,15,284.312500,4703.500
1785209561.944396257,3.545950,31,15,285.953125,4650.750
1785209561.944396257,3.545950,31,15,287.578125,4519.750
1785209561.944396257,3.545950,31,15,290.859375,4146.750
1785209561.944396257,3.545950,31,15,292.484375,4176.000
1785209561.944396257,3.545950,31,15,294.109375,4222.500
1785209561.944396257,3.545950,31,15,295.734375,4283.250
1785209561.944396257,3.545950,31,15,297.343750,4351.750
1785209561.944396257,3.545950,31,15,299.078125,4415.750
1785209561.944396257,3.545950,31,10,305.625000,4406.500
1785209561.944396257,3.545950,31,9,312.203125,4150.750
1785209561.944396257,3.545950,31,9,313.828125,4124.750
1785209561.944396257,3.545950,31,9,315.453125,4074.250
1785209561.944396257,3.545950,31,10,320.390625,3988.500
1785209561.944396257,3.545950,31,12,322.015625,3929.250
1785209561.944396257,3.545950,31,13,323.656250,3886.000
1785209561.944396257,3.545950,31,9,325.265625,3858.750
1785209561.944396257,3.545950,31,15,326.906250,3856.000
1785209561.944396257,3.545950,31,10,328.546875,3827.500
1785209561.944396257,3.545950,31,9,330.203125,3809.500
1785209561.944396257,3.545950,31,8,331.843750,3778.000
1785209561.944396257,3.545950,31,11,333.484375,3758.500
1785209561.944396257,3.545950,31,10,344.906250,3725.000
1785209562.055307150,3.702888,32,15,3.437500,1531.000
1785209562.055307150,3.702888,32,15,5.015625,1537.750
1785209562.055307150,3.702888,32,7,178.734375,10091.000
1785209562.055307150,3.702888,32,9,182.015625,10035.250
1785209562.055307150,3.702888,32,9,185.281250,10141.000
1785209562.055307150,3.702888,32,15,216.265625,7617.750
1785209562.055307150,3.702888,32,15,222.812500,6489.500
1785209562.055307150,3.702888,32,15,226.093750,6054.500
1785209562.055307150,3.702888,32,15,227.718750,5907.500
1785209562.055307150,3.702888,32,15,230.968750,5579.750
1785209562.055307150,3.702888,32,15,232.593750,5453.250
1785209562.055307150,3.702888,32,15,234.234375,5335.000
1785209562.055307150,3.702888,32,15,235.875000,5227.750
1785209562.055307150,3.702888,32,15,240.828125,4091.000
1785209562.055307150,3.702888,32,15,248.953125,4458.500
1785209562.055307150,3.702888,32,15,250.609375,4417.000
1785209562.055307150,3.702888,32,15,252.234375,4386.000
1785209562.055307150,3.702888,32,15,253.875000,4341.250
1785209562.055307150,3.702888,32,15,255.515625,4291.000
1785209562.055307150,3.702888,32,15,258.750000,4400.000
1785209562.055307150,3.702888,32,15,260.375000,4441.500
1785209562.055307150,3.702888,32,15,263.640625,4642.000
1785209562.055307150,3.702888,32,15,265.265625,4612.750
1785209562.055307150,3.702888,32,15,266.875000,4588.500
1785209562.055307150,3.702888,32,15,268.531250,4581.500
1785209562.055307150,3.702888,32,15,270.140625,4595.500
1785209562.055307150,3.702888,32,15,271.765625,4603.750
1785209562.055307150,3.702888,32,15,273.406250,4603.250
1785209562.055307150,3.702888,32,15,275.046875,4602.000
1785209562.055307150,3.702888,32,15,276.671875,4622.500
1785209562.055307150,3.702888,32,15,278.328125,4649.000
1785209562.055307150,3.702888,32,15,279.921875,4679.000
1785209562.055307150,3.702888,32,15,281.562500,4707.000
1785209562.055307150,3.702888,32,15,283.203125,4715.000
1785209562.055307150,3.702888,32,15,284.828125,4731.750
1785209562.055307150,3.702888,32,15,288.125000,4426.250
1785209562.055307150,3.702888,32,15,291.375000,4185.000
1785209562.055307150,3.702888,32,15,293.015625,4233.750
1785209562.055307150,3.702888,32,15,294.640625,4298.000
1785209562.055307150,3.702888,32,15,296.265625,4364.250
1785209562.055307150,3.702888,32,15,297.875000,4426.000
1785209562.055307150,3.702888,32,15,299.578125,4493.500
1785209562.055307150,3.702888,32,7,309.421875,4169.000
1785209562.055307150,3.702888,32,8,311.046875,4139.000
1785209562.055307150,3.702888,32,9,319.250000,3920.500
1785209562.055307150,3.702888,32,10,320.859375,3902.000
1785209562.055307150,3.702888,32,15,322.562500,3830.750
1785209562.055307150,3.702888,32,15,325.843750,3744.000
1785209562.055307150,3.702888,32,12,327.468750,3701.500
1785209562.055307150,3.702888,32,10,329.109375,3687.500
1785209562.171062708,3.781185,33,15,4.062500,1500.000
1785209562.171062708,3.781185,33,15,5.687500,1512.500
1785209562.171062708,3.781185,33,15,7.234375,1542.250
1785209562.171062708,3.781185,33,13,9.953125,4346.250
1785209562.171062708,3.781185,33,13,11.562500,4397.750
1785209562.171062708,3.781185,33,10,177.843750,10080.750
1785209562.171062708,3.781185,33,9,179.546875,10151.000
1785209562.171062708,3.781185,33,7,182.812500,10241.500
1785209562.171062708,3.781185,33,7,184.453125,10174.500
1785209562.171062708,3.781185,33,8,207.265625,9769.000
1785209562.171062708,3.781185,33,10,217.078125,7552.000
1785209562.171062708,3.781185,33,15,222.000000,6624.250
1785209562.171062708,3.781185,33,15,223.640625,6450.250
1785209562.171062708,3.781185,33,15,226.906250,6008.250
1785209562.171062708,3.781185,33,15,228.546875,5870.000
1785209562.171062708,3.781185,33,15,230.187500,5707.750
1785209562.171062708,3.781185,33,15,231.812500,5557.000
1785209562.171062708,3.781185,33,15,233.453125,5436.750
1785209562.171062708,3.781185,33,15,235.109375,5330.750
1785209562.171062708,3.781185,33,15,240.062500,4166.000
1785209562.171062708,3.781185,33,15,248.171875,4520.000
1785209562.171062708,3.781185,33,15,249.796875,4488.250
1785209562.171062708,3.781185,33,15,251.484375,4451.500
1785209562.171062708,3.781185,33,15,253.109375,4414.750
1785209562.171062708,3.781185,33,15,254.765625,4381.250
1785209562.171062708,3.781185,33,15,256.390625,4316.250
1785209562.171062708,3.781185,33,15,259.671875,4426.000
1785209562.171062708,3.781185,33,15,262.906250,4682.000
1785209562.171062708,3.781185,33,15,264.531250,4672.750
1785209562.171062708,3.781185,33,15,266.171875,4667.500
1785209562.171062708,3.781185,33,15,267.796875,4648.500
1785209562.171062708,3.781185,33,15,269.437500,4615.500
1785209562.171062708,3.781185,33,15,271.046875,4631.250
1785209562.171062708,3.781185,33,15,272.671875,4663.750
1785209562.171062708,3.781185,33,15,274.328125,4664.250
1785209562.171062708,3.781185,33,15,275.953125,4659.000
1785209562.171062708,3.781185,33,15,277.562500,4675.500
1785209562.171062708,3.781185,33,15,279.187500,4701.500
1785209562.171062708,3.781185,33,15,280.828125,4711.000
1785209562.171062708,3.781185,33,15,282.453125,4732.000
1785209562.171062708,3.781185,33,15,284.093750,4757.750
1785209562.171062708,3.781185,33,15,285.718750,4709.000
1785209562.171062708,3.781185,33,15,290.671875,4192.250
1785209562.171062708,3.781185,33,15,292.281250,4245.500
1785209562.171062708,3.781185,33,15,293.906250,4314.750
1785209562.171062708,3.781185,33,15,295.531250,4379.500
1785209562.171062708,3.781185,33,15,297.140625,4420.500
1785209562.171062708,3.781185,33,12,298.843750,4483.250
1785209562.171062708,3.781185,33,9,308.703125,4127.750
1785209562.171062708,3.781185,33,10,310.328125,4080.750
1785209562.171062708,3.781185,33,10,315.234375,3926.500
1785209562.171062708,3.781185,33,13,316.875000,3904.250
1785209562.171062708,3.781185,33,11,318.531250,3876.750
1785209562.171062708,3.781185,33,15,323.500000,3702.000
1785209562.171062708,3.781185,33,15,348.125000,3656.250
1785209562.282102108,3.938115,34,15,6.812500,1463.250
1785209562.282102108,3.938115,34,15,8.437500,1448.000
1785209562.282102108,3.938115,34,8,177.375000,10165.750
1785209562.282102108,3.938115,34,8,179.046875,10083.250
1785209562.282102108,3.938115,34,8,180.671875,10007.250
1785209562.282102108,3.938115,34,15,211.750000,8592.000
1785209562.282102108,3.938115,34,15,223.234375,6546.250
1785209562.282102108,3.938115,34,15,228.109375,5951.250
1785209562.282102108,3.938115,34,15,229.750000,5825.250
1785209562.282102108,3.938115,34,15,233.031250,5500.500
1785209562.282102108,3.938115,34,15,234.671875,5404.250
1785209562.282102108,3.938115,34,15,236.312500,5316.750
1785209562.282102108,3.938115,34,15,241.281250,4155.500
1785209562.282102108,3.938115,34,15,246.171875,3875.500
1785209562.282102108,3.938115,34,15,249.390625,4522.500
1785209562.282102108,3.938115,34,15,251.062500,4487.750
1785209562.282102108,3.938115,34,15,252.703125,4461.500
1785209562.282102108,3.938115,34,15,254.343750,4430.750
1785209562.282102108,3.938115,34,15,256.000000,4378.500
1785209562.282102108,3.938115,34,15,257.609375,4422.500
1785209562.282102108,3.938115,34,15,259.265625,4479.500
1785209562.282102108,3.938115,34,15,262.500000,4691.500
1785209562.282102108,3.938115,34,15,264.140625,4706.750
1785209562.282102108,3.938115,34,15,265.781250,4683.500
1785209562.282102108,3.938115,34,15,267.390625,4675.500
1785209562.282102108,3.938115,34,15,269.031250,4683.500
1785209562.282102108,3.938115,34,15,270.687500,4676.250
1785209562.282102108,3.938115,34,15,272.296875,4667.500
1785209562.282102108,3.938115,34,15,273.937500,4680.250
1785209562.282102108,3.938115,34,15,275.500000,4696.750
1785209562.282102108,3.938115,34,15,277.125000,4706.250
1785209562.282102108,3.938115,34,15,278.765625,4726.500
1785209562.282102108,3.938115,34,15,280.390625,4741.250
1785209562.282102108,3.938115,34,15,282.000000,4753.000
1785209562.282102108,3.938115,34,15,283.640625,4779.250
1785209562.282102108,3.938115,34,15,285.265625,4726.000
1785209562.282102108,3.938115,34,15,286.906250,4622.750
1785209562.282102108,3.938115,34,15,290.187500,4278.250
1785209562.282102108,3.938115,34,15,291.812500,4286.750
1785209562.282102108,3.938115,34,15,293.437500,4340.750
1785209562.282102108,3.938115,34,15,295.078125,4405.250
1785209562.282102108,3.938115,34,15,296.703125,4477.500
1785209562.282102108,3.938115,34,9,308.296875,3934.500
1785209562.282102108,3.938115,34,9,309.937500,3922.750
1785209562.282102108,3.938115,34,12,311.578125,3906.250
1785209562.282102108,3.938115,34,9,316.515625,3724.250
1785209562.282102108,3.938115,34,11,318.156250,3684.000
1785209562.395781279,4.017834,35,11,352.546875,3625.000
1785209562.395781279,4.017834,35,10,178.187500,10127.500
1785209562.395781279,4.017834,35,9,179.796875,10076.250
1785209562.395781279,4.017834,35,7,184.687500,10124.000
1785209562.395781279,4.017834,35,15,210.828125,8797.500
1785209562.395781279,4.017834,35,15,217.390625,7602.250
1785209562.395781279,4.017834,35,15,223.937500,6518.750
1785209562.395781279,4.017834,35,15,228.828125,5950.250
1785209562.395781279,4.017834,35,15,230.484375,5817.500
1785209562.395781279,4.017834,35,15,233.750000,5507.000
1785209562.395781279,4.017834,35,15,235.375000,5406.250
1785209562.395781279,4.017834,35,15,248.453125,4602.000
1785209562.395781279,4.017834,35,15,250.093750,4558.250
1785209562.395781279,4.017834,35,15,251.796875,4504.000
1785209562.395781279,4.017834,35,15,253.406250,4470.000
1785209562.395781279,4.017834,35,15,255.062500,4441.250
1785209562.395781279,4.017834,35,15,256.671875,4408.000
1785209562.395781279,4.017834,35,15,258.312500,4449.750
1785209562.395781279,4.017834,35,15,259.937500,4494.500
1785209562.395781279,4.017834,35,15,263.187500,4735.250
1785209562.395781279,4.017834,35,15,264.828125,4719.750
1785209562.395781279,4.017834,35,15,266.468750,4705.500
1785209562.395781279,4.017834,35,15,268.093750,4697.500
1785209562.395781279,4.017834,35,15,269.734375,4695.500
1785209562.395781279,4.017834,35,15,271.359375,4713.000
1785209562.395781279,4.017834,35,15,273.000000,4721.750
1785209562.395781279,4.017834,35,15,274.515625,4720.250
1785209562.395781279,4.017834,35,15,276.156250,4727.000
1785209562.395781279,4.017834,35,15,277.765625,4734.500
1785209562.395781279,4.017834,35,15,279.390625,4753.750
1785209562.395781279,4.017834,35,15,281.015625,4778.500
1785209562.395781279,4.017834,35,15,282.656250,4793.000
1785209562.395781279,4.017834,35,15,284.265625,4804.250
1785209562.395781279,4.017834,35,15,287.531250,4568.750
1785209562.395781279,4.017834,35,15,290.812500,4287.750
1785209562.395781279,4.017834,35,15,292.437500,4346.000
1785209562.395781279,4.017834,35,15,294.062500,4408.000
1785209562.395781279,4.017834,35,15,295.687500,4445.250
1785209562.395781279,4.017834,35,15,297.281250,4500.750
1785209562.395781279,4.017834,35,6,299.015625,4582.500
1785209562.395781279,4.017834,35,15,312.140625,4090.750
1785209562.395781279,4.017834,35,9,315.390625,3983.500
1785209562.395781279,4.017834,35,8,317.031250,3935.000
1785209562.395781279,4.017834,35,9,318.671875,3920.250
1785209562.395781279,4.017834,35,13,320.296875,3875.000
1785209562.395781279,4.017834,35,15,323.625000,3790.500
1785209562.508011818,4.096332,36,15,11.515625,1577.750
1785209562.508011818,4.096332,36,15,13.125000,1561.500
1785209562.508011818,4.096332,36,8,180.140625,10123.250
1785209562.508011818,4.096332,36,7,181.765625,10118.500
1785209562.508011818,4.096332,36,15,211.093750,8770.500
1785209562.508011818,4.096332,36,15,224.171875,6529.000
1785209562.508011818,4.096332,36,15,229.109375,5976.750
1785209562.508011818,4.096332,36,15,234.015625,5522.000
1785209562.508011818,4.096332,36,15,235.656250,5420.250
1785209562.508011818,4.096332,36,15,240.609375,4239.000
1785209562.508011818,4.096332,36,15,248.734375,4628.250
1785209562.508011818,4.096332,36,15,250.390625,4589.250
1785209562.508011818,4.096332,36,15,252.015625,4535.750
1785209562.508011818,4.096332,36,15,253.640625,4492.500
1785209562.508011818,4.096332,36,15,255.296875,4460.250
1785209562.508011818,4.096332,36,15,256.921875,4437.000
1785209562.508011818,4.096332,36,15,258.546875,4467.250
1785209562.508011818,4.096332,36,15,260.156250,4528.750
1785209562.508011818,4.096332,36,15,263.406250,4762.500
1785209562.508011818,4.096332,36,15,265.046875,4768.000
1785209562.508011818,4.096332,36,15,266.671875,4757.750
1785209562.508011818,4.096332,36,15,268.296875,4736.500
1785209562.508011818,4.096332,36,15,269.937500,4745.500
1785209562.508011818,4.096332,36,15,271.546875,4762.000
1785209562.508011818,4.096332,36,15,273.187500,4760.000
1785209562.508011818,4.096332,36,15,274.781250,4749.500
1785209562.508011818,4.096332,36,15,276.406250,4768.750
1785209562.508011818,4.096332,36,15,278.031250,4785.250
1785209562.508011818,4.096332,36,15,279.640625,4774.250
1785209562.508011818,4.096332,36,15,281.265625,4797.500
1785209562.508011818,4.096332,36,15,282.906250,4833.750
1785209562.508011818,4.096332,36,14,284.515625,4853.000
1785209562.508011818,4.096332,36,15,287.796875,4564.000
1785209562.508011818,4.096332,36,15,291.062500,4346.250
1785209562.508011818,4.096332,36,15,292.671875,4404.750
1785209562.508011818,4.096332,36,15,294.312500,4455.000
1785209562.508011818,4.096332,36,15,295.937500,4500.000
1785209562.508011818,4.096332,36,9,297.546875,4577.500
1785209562.508011818,4.096332,36,12,312.375000,4072.250
1785209562.508011818,4.096332,36,10,314.015625,3980.000
1785209562.508011818,4.096332,36,11,315.656250,3933.500
1785209562.508011818,4.096332,36,12,317.296875,3910.000
1785209562.508011818,4.096332,36,7,318.906250,3852.500
1785209562.508011818,4.096332,36,9,320.546875,3775.500
1785209562.508011818,4.096332,36,7,348.359375,3698.250
1785209562.508011818,4.096332,36,8,350.000000,3623.750
1785209562.621942282,4.237621,37,8,351.609375,3618.750
1785209562.621942282,4.237621,37,15,11.734375,1555.250
1785209562.621942282,4.237621,37,15,13.312500,1564.500
1785209562.621942282,4.237621,37,7,183.546875,10228.250
1785209562.621942282,4.237621,37,12,186.796875,10217.750
1785209562.621942282,4.237621,37,15,217.828125,7601.000
1785209562.621942282,4.237621,37,15,226.015625,6385.250
1785209562.621942282,4.237621,37,15,229.281250,6010.500
1785209562.621942282,4.237621,37,15,230.921875,5883.500
1785209562.621942282,4.237621,37,15,232.531250,5736.500
1785209562.621942282,4.237621,37,15,235.812500,5444.750
1785209562.621942282,4.237621,37,15,237.453125,5347.000
1785209562.621942282,4.237621,37,15,248.906250,4681.500
1785209562.621942282,4.237621,37,15,250.531250,4620.000
1785209562.621942282,4.237621,37,15,252.156250,4563.250
1785209562.621942282,4.237621,37,15,253.796875,4516.500
1785209562.621942282,4.237621,37,15,255.437500,4486.750
1785209562.621942282,4.237621,37,15,257.062500,4455.500
1785209562.621942282,4.237621,37,15,258.671875,4490.750
1785209562.621942282,4.237621,37,15,260.296875,4549.500
1785209562.621942282,4.237621,37,15,263.546875,4785.750
1785209562.621942282,4.237621,37,15,265.171875,4772.750
1785209562.621942282,4.237621,37,15,266.796875,4784.500
1785209562.621942282,4.237621,37,15,268.437500,4792.250
1785209562.621942282,4.237621,37,15,270.062500,4793.000
1785209562.621942282,4.237621,37,15,271.703125,4796.500
1785209562.621942282,4.237621,37,15,273.312500,4786.750
1785209562.621942282,4.237621,37,15,274.937500,4778.500
1785209562.621942282,4.237621,37,15,276.562500,4783.250
1785209562.621942282,4.237621,37,15,278.171875,4794.500
1785209562.621942282,4.237621,37,15,279.796875,4809.250
1785209562.621942282,4.237621,37,15,281.437500,4857.750
1785209562.621942282,4.237621,37,15,283.062500,4911.750
1785209562.621942282,4.237621,37,15,284.703125,4856.750
1785209562.621942282,4.237621,37,15,286.328125,4735.250
1785209562.621942282,4.237621,37,15,289.609375,4423.500
1785209562.621942282,4.237621,37,15,291.234375,4404.000
1785209562.621942282,4.237621,37,15,292.859375,4431.000
1785209562.621942282,4.237621,37,15,294.468750,4501.000
1785209562.621942282,4.237621,37,10,312.593750,3921.500
1785209562.621942282,4.237621,37,11,314.234375,3881.500
1785209562.734619379,4.393614,38,15,10.343750,1558.250
1785209562.734619379,4.393614,38,15,11.953125,1547.500
1785209562.734619379,4.393614,38,9,188.656250,10195.250
1785209562.734619379,4.393614,38,15,213.140625,8571.500
1785209562.734619379,4.393614,38,15,216.406250,7905.750
1785209562.734619379,4.393614,38,15,222.953125,6826.500
1785209562.734619379,4.393614,38,15,226.218750,6449.000
1785209562.734619379,4.393614,38,15,229.453125,6023.500
1785209562.734619379,4.393614,38,15,231.078125,5901.750
1785209562.734619379,4.393614,38,15,234.343750,5601.750
1785209562.734619379,4.393614,38,15,235.984375,5490.750
1785209562.734619379,4.393614,38,15,237.625000,5403.500
1785209562.734619379,4.393614,38,15,249.046875,4720.250
1785209562.734619379,4.393614,38,15,250.671875,4679.500
1785209562.734619379,4.393614,38,15,252.296875,4625.250
1785209562.734619379,4.393614,38,15,253.906250,4586.000
1785209562.734619379,4.393614,38,15,255.546875,4546.500
1785209562.734619379,4.393614,38,15,257.187500,4500.500
1785209562.734619379,4.393614,38,15,258.796875,4540.500
1785209562.734619379,4.393614,38,15,260.406250,4585.250
1785209562.734619379,4.393614,38,15,263.656250,4823.250
1785209562.734619379,4.393614,38,15,265.296875,4815.500
1785209562.734619379,4.393614,38,15,266.906250,4803.750
1785209562.734619379,4.393614,38,15,268.531250,4797.000
1785209562.734619379,4.393614,38,15,270.156250,4795.750
1785209562.734619379,4.393614,38,15,271.781250,4796.500
1785209562.734619379,4.393614,38,15,273.421875,4790.500
1785209562.734619379,4.393614,38,15,275.046875,4785.250
1785209562.734619379,4.393614,38,15,276.687500,4808.500
1785209562.734619379,4.393614,38,15,278.312500,4830.250
1785209562.734619379,4.393614,38,15,279.937500,4862.500
1785209562.734619379,4.393614,38,15,281.562500,4914.750
1785209562.734619379,4.393614,38,15,283.187500,4949.250
1785209562.734619379,4.393614,38,15,284.812500,4891.500
1785209562.734619379,4.393614,38,15,286.453125,4766.000
1785209562.734619379,4.393614,38,15,289.750000,4422.250
1785209562.734619379,4.393614,38,15,291.359375,4426.250
1785209562.734619379,4.393614,38,15,292.968750,4468.750
1785209562.734619379,4.393614,38,15,294.593750,4519.000
1785209562.734619379,4.393614,38,9,306.156250,4083.750
1785209562.734619379,4.393614,38,9,314.312500,3884.750
1785209562.734619379,4.393614,38,8,315.968750,3847.000
1785209562.848685265,4.455373,39,7,356.796875,3883.500
1785209562.848685265,4.455373,39,13,358.437500,3918.250
1785209562.848685265,4.455373,39,15,8.828125,1549.750
1785209562.848685265,4.455373,39,15,10.421875,1546.750
1785209562.848685265,4.455373,39,15,11.984375,1551.750
1785209562.848685265,4.455373,39,7,177.093750,10142.000
1785209562.848685265,4.455373,39,8,182.109375,10082.750
1785209562.848685265,4.455373,39,8,183.734375,10060.500
1785209562.848685265,4.455373,39,8,185.375000,10101.750
1785209562.848685265,4.455373,39,15,213.062500,8664.000
1785209562.848685265,4.455373,39,15,217.953125,7724.750
1785209562.848685265,4.455373,39,15,226.109375,6517.250
1785209562.848685265,4.455373,39,15,231.000000,5934.000
1785209562.848685265,4.455373,39,15,232.640625,5839.750
1785209562.848685265,4.455373,39,15,234.281250,5687.500
1785209562.848685265,4.455373,39,15,235.906250,5550.000
1785209562.848685265,4.455373,39,15,237.531250,5446.000
1785209562.848685265,4.455373,39,15,250.609375,4706.250
1785209562.848685265,4.455373,39,15,252.250000,4667.000
1785209562.848685265,4.455373,39,15,253.890625,4608.750
1785209562.848685265,4.455373,39,15,255.515625,4550.250
1785209562.848685265,4.455373,39,15,257.125000,4505.000
1785209562.848685265,4.455373,39,15,260.390625,4627.000
1785209562.848685265,4.455373,39,15,263.625000,4871.000
1785209562.848685265,4.455373,39,15,265.250000,4838.750
1785209562.848685265,4.455373,39,15,266.890625,4826.000
1785209562.848685265,4.455373,39,15,268.500000,4819.250
1785209562.848685265,4.455373,39,15,270.125000,4823.000
1785209562.848685265,4.455373,39,15,271.765625,4825.250
1785209562.848685265,4.455373,39,15,273.406250,4823.750
1785209562.848685265,4.455373,39,15,275.031250,4849.500
1785209562.848685265,4.455373,39,15,276.656250,4847.000
1785209562.848685265,4.455373,39,15,278.281250,4862.750
1785209562.848685265,4.455373,39,15,279.890625,4905.750
1785209562.848685265,4.455373,39,15,281.531250,4945.000
1785209562.848685265,4.455373,39,13,283.156250,4983.750
1785209562.848685265,4.455373,39,15,284.781250,4954.250
1785209562.848685265,4.455373,39,15,289.687500,4428.000
1785209562.848685265,4.455373,39,15,291.312500,4462.500
1785209562.848685265,4.455373,39,8,306.125000,3929.250
1785209562.848685265,4.455373,39,8,307.750000,3918.750
1785209562.848685265,4.455373,39,9,309.406250,3894.500
1785209562.960850954,4.597965,40,9,4.937500,4216.000
1785209562.960850954,4.597965,40,9,6.578125,4288.750
1785209562.960850954,4.597965,40,12,8.203125,4364.750
1785209562.960850954,4.597965,40,15,12.031250,1551.750
1785209562.960850954,4.597965,40,15,213.234375,8661.750
1785209562.960850954,4.597965,40,15,221.406250,7235.250
1785209562.960850954,4.597965,40,11,224.687500,6743.250
1785209562.960850954,4.597965,40,15,226.312500,6569.750
1785209562.960850954,4.597965,40,15,227.953125,6373.750
1785209562.960850954,4.597965,40,15,231.218750,5979.000
1785209562.960850954,4.597965,40,15,232.859375,5865.500
1785209562.960850954,4.597965,40,15,234.484375,5737.000
1785209562.960850954,4.597965,40,15,236.125000,5605.750
1785209562.960850954,4.597965,40,15,237.765625,5490.750
1785209562.960850954,4.597965,40,15,250.875000,4726.750
1785209562.960850954,4.597965,40,15,252.515625,4682.250
1785209562.960850954,4.597965,40,15,254.156250,4655.750
1785209562.960850954,4.597965,40,15,255.765625,4616.250
1785209562.960850954,4.597965,40,15,257.406250,4568.250
1785209562.960850954,4.597965,40,15,259.031250,4620.500
1785209562.960850954,4.597965,40,15,260.671875,4670.250
1785209562.960850954,4.597965,40,15,263.921875,4917.500
1785209562.960850954,4.597965,40,15,265.546875,4910.250
1785209562.960850954,4.597965,40,15,267.187500,4897.750
1785209562.960850954,4.597965,40,15,268.796875,4878.250
1785209562.960850954,4.597965,40,15,270.453125,4879.000
1785209562.960850954,4.597965,40,15,272.062500,4877.500
1785209562.960850954,4.597965,40,15,273.703125,4884.750
1785209562.960850954,4.597965,40,15,275.281250,4895.500
1785209562.960850954,4.597965,40,15,276.906250,4906.500
1785209562.960850954,4.597965,40,15,278.531250,4925.750
1785209562.960850954,4.597965,40,15,280.156250,4957.500
1785209562.960850954,4.597965,40,15,281.796875,4988.250
1785209562.960850954,4.597965,40,15,283.421875,5018.000
1785209562.960850954,4.597965,40,15,286.671875,4804.000
1785209562.960850954,4.597965,40,15,289.968750,4465.000
1785209562.960850954,4.597965,40,15,291.578125,4509.250
1785209562.960850954,4.597965,40,8,306.390625,3915.000
1785209562.960850954,4.597965,40,8,309.671875,3871.750
1785209562.960850954,4.597965,40,9,311.328125,3791.000
1785209562.960850954,4.597965,40,8,314.609375,3691.250
1785209563.074290037,4.662630,41,12,10.156250,4364.500
1785209563.074290037,4.662630,41,12,11.734375,4415.250
1785209563.074290037,4.662630,41,15,218.593750,7738.500
1785209563.074290037,4.662630,41,15,231.703125,6010.500
1785209563.074290037,4.662630,41,15,233.328125,5885.000
1785209563.074290037,4.662630,41,15,234.968750,5732.500
1785209563.074290037,4.662630,41,15,236.609375,5615.000
1785209563.074290037,4.662630,41,15,238.234375,5527.000
1785209563.074290037,4.662630,41,12,248.125000,3978.500
1785209563.074290037,4.662630,41,15,251.375000,4744.750
1785209563.074290037,4.662630,41,15,253.000000,4719.000
1785209563.074290037,4.662630,41,15,254.609375,4698.750
1785209563.074290037,4.662630,41,15,256.265625,4660.500
1785209563.074290037,4.662630,41,15,257.906250,4613.500
1785209563.074290037,4.662630,41,15,259.515625,4659.000
1785209563.074290037,4.662630,41,15,261.156250,4743.500
1785209563.074290037,4.662630,41,15,264.390625,4950.250
1785209563.074290037,4.662630,41,15,266.031250,4948.750
1785209563.074290037,4.662630,41,15,267.656250,4950.750
1785209563.074290037,4.662630,41,15,269.281250,4930.000
1785209563.074290037,4.662630,41,15,270.937500,4906.750
1785209563.074290037,4.662630,41,15,272.562500,4923.000
1785209563.074290037,4.662630,41,15,274.203125,4935.250
1785209563.074290037,4.662630,41,15,275.781250,4931.000
1785209563.074290037,4.662630,41,15,277.406250,4965.000
1785209563.074290037,4.662630,41,15,279.031250,4986.000
1785209563.074290037,4.662630,41,14,282.296875,5013.500
1785209563.074290037,4.662630,41,8,300.312500,4099.750
1785209563.074290037,4.662630,41,10,308.484375,3929.500
1785209563.074290037,4.662630,41,8,315.046875,3900.500
1785209563.185931206,4.817263,42,11,5.703125,4184.000
1785209563.185931206,4.817263,42,9,7.343750,4261.500
1785209563.185931206,4.817263,42,12,8.984375,4347.000
1785209563.185931206,4.817263,42,10,10.546875,4405.750
1785209563.185931206,4.817263,42,8,12.171875,4478.750
1785209563.185931206,4.817263,42,7,178.328125,10127.750
1785209563.185931206,4.817263,42,10,183.218750,10153.000
1785209563.185931206,4.817263,42,8,184.843750,10117.750
1785209563.185931206,4.817263,42,15,214.171875,8654.500
1785209563.185931206,4.817263,42,15,219.093750,7744.250
1785209563.185931206,4.817263,42,15,232.187500,6017.250
1785209563.185931206,4.817263,42,15,233.828125,5895.750
1785209563.185931206,4.817263,42,15,235.468750,5758.000
1785209563.185931206,4.817263,42,15,237.078125,5634.000
1785209563.185931206,4.817263,42,15,238.734375,5523.250
1785209563.185931206,4.817263,42,15,251.812500,4764.750
1785209563.185931206,4.817263,42,15,253.437500,4736.500
1785209563.185931206,4.817263,42,15,255.062500,4715.750
1785209563.185931206,4.817263,42,15,256.703125,4687.000
1785209563.185931206,4.817263,42,15,258.343750,4690.250
1785209563.185931206,4.817263,42,15,259.968750,4720.250
1785209563.185931206,4.817263,42,15,261.578125,4774.000
1785209563.185931206,4.817263,42,15,264.828125,4990.000
1785209563.185931206,4.817263,42,15,266.468750,4973.250
1785209563.185931206,4.817263,42,15,268.093750,4948.500
1785209563.185931206,4.817263,42,15,269.734375,4958.250
1785209563.185931206,4.817263,42,15,271.359375,4987.500
1785209563.185931206,4.817263,42,15,272.984375,4983.750
1785209563.185931206,4.817263,42,15,274.578125,4972.500
1785209563.185931206,4.817263,42,15,276.203125,4987.500
1785209563.185931206,4.817263,42,15,277.843750,5003.500
1785209563.185931206,4.817263,42,15,279.468750,5022.500
1785209563.185931206,4.817263,42,15,281.093750,5039.500
1785209563.185931206,4.817263,42,15,282.718750,5050.250
1785209563.185931206,4.817263,42,15,284.328125,5079.250
1785209563.185931206,4.817263,42,15,287.609375,4767.000
1785209563.185931206,4.817263,42,15,290.875000,4565.750
1785209563.185931206,4.817263,42,15,292.500000,4614.250
1785209563.185931206,4.817263,42,11,308.968750,3911.000
1785209563.185931206,4.817263,42,9,310.609375,3888.500
1785209563.185931206,4.817263,42,7,346.671875,3689.250
1785209563.299927711,4.896471,43,10,170.718750,10007.250
1785209563.299927711,4.896471,43,8,178.828125,10115.000
1785209563.299927711,4.896471,43,10,183.734375,10146.750
1785209563.299927711,4.896471,43,7,185.343750,10108.250
1785209563.299927711,4.896471,43,7,188.609375,10225.000
1785209563.299927711,4.896471,43,15,214.687500,8620.250
1785209563.299927711,4.896471,43,15,229.453125,6406.750
1785209563.299927711,4.896471,43,15,232.718750,6025.000
1785209563.299927711,4.896471,43,15,234.359375,5931.250
1785209563.299927711,4.896471,43,15,237.625000,5657.750
1785209563.299927711,4.896471,43,15,249.078125,4914.250
1785209563.299927711,4.896471,43,15,250.687500,4844.000
1785209563.299927711,4.896471,43,15,252.328125,4787.000
1785209563.299927711,4.896471,43,15,253.953125,4749.000
1785209563.299927711,4.896471,43,15,255.578125,4724.500
1785209563.299927711,4.896471,43,15,257.218750,4713.500
1785209563.299927711,4.896471,43,15,258.843750,4748.500
1785209563.299927711,4.896471,43,15,260.453125,4768.250
1785209563.299927711,4.896471,43,15,263.703125,4985.750
1785209563.299927711,4.896471,43,15,265.343750,5022.750
1785209563.299927711,4.896471,43,15,266.953125,5015.750
1785209563.299927711,4.896471,43,15,268.609375,5018.750
1785209563.299927711,4.896471,43,15,270.250000,5028.000
1785209563.299927711,4.896471,43,15,271.843750,5023.500
1785209563.299927711,4.896471,43,15,273.484375,5023.500
1785209563.299927711,4.896471,43,15,275.093750,5038.750
1785209563.299927711,4.896471,43,15,276.718750,5052.000
1785209563.299927711,4.896471,43,15,278.359375,5052.000
1785209563.299927711,4.896471,43,15,279.984375,5048.000
1785209563.299927711,4.896471,43,15,283.234375,5070.750
1785209563.299927711,4.896471,43,11,284.875000,5072.250
1785209563.299927711,4.896471,43,15,289.765625,4582.250
1785209563.299927711,4.896471,43,7,294.656250,4408.250
1785209563.299927711,4.896471,43,9,307.906250,3923.000
1785209563.299927711,4.896471,43,8,345.640625,3673.000
1785209563.412547112,5.036924,44,10,10.046875,4356.500
1785209563.412547112,5.036924,44,8,11.640625,4411.250
1785209563.412547112,5.036924,44,9,179.531250,10086.750
1785209563.412547112,5.036924,44,9,181.156250,10023.750
1785209563.412547112,5.036924,44,10,184.421875,10024.500
1785209563.412547112,5.036924,44,10,208.937500,10071.000
1785209563.412547112,5.036924,44,9,210.578125,9886.000
1785209563.412547112,5.036924,44,15,215.500000,8573.750
1785209563.412547112,5.036924,44,15,220.437500,7662.250
1785209563.412547112,5.036924,44,15,223.718750,7181.500
1785209563.412547112,5.036924,44,15,231.859375,6141.250
1785209563.412547112,5.036924,44,15,233.484375,6003.750
1785209563.412547112,5.036924,44,15,235.109375,5909.250
1785209563.412547112,5.036924,44,15,238.390625,5642.500
1785209563.412547112,5.036924,44,15,248.187500,4997.250
1785209563.412547112,5.036924,44,15,249.843750,4930.250
1785209563.412547112,5.036924,44,15,251.468750,4883.250
1785209563.412547112,5.036924,44,15,253.093750,4824.750
1785209563.412547112,5.036924,44,15,254.734375,4773.000
1785209563.412547112,5.036924,44,15,256.359375,4745.500
1785209563.412547112,5.036924,44,15,258.000000,4726.500
1785209563.412547112,5.036924,44,15,259.625000,4751.750
1785209563.412547112,5.036924,44,15,261.250000,4781.250
1785209563.412547112,5.036924,44,15,264.484375,5098.250
1785209563.412547112,5.036924,44,15,266.109375,5084.250
1785209563.412547112,5.036924,44,15,267.750000,5073.000
1785209563.412547112,5.036924,44,15,269.390625,5062.000
1785209563.412547112,5.036924,44,15,271.000000,5058.250
1785209563.412547112,5.036924,44,15,272.640625,5059.000
1785209563.412547112,5.036924,44,15,274.265625,5045.750
1785209563.412547112,5.036924,44,15,275.859375,5047.250
1785209563.412547112,5.036924,44,15,277.484375,5069.250
1785209563.412547112,5.036924,44,15,280.734375,5063.750
1785209563.412547112,5.036924,44,8,282.375000,5067.750
1785209563.412547112,5.036924,44,10,292.187500,4381.000
1785209563.412547112,5.036924,44,10,308.671875,3871.500
1785209563.412547112,5.036924,44,13,344.687500,3669.750
1785209563.526434660,5.114383,45,7,7.453125,4234.000
1785209563.526434660,5.114383,45,15,10.734375,4355.000
1785209563.526434660,5.114383,45,8,184.953125,10146.500
1785209563.526434660,5.114383,45,9,186.593750,10201.250
1785209563.526434660,5.114383,45,8,211.093750,9771.250
1785209563.526434660,5.114383,45,15,214.375000,8760.750
1785209563.526434660,5.114383,45,15,216.000000,8539.250
1785209563.526434660,5.114383,45,15,220.921875,7667.750
1785209563.526434660,5.114383,45,15,224.203125,7187.000
1785209563.526434660,5.114383,45,15,230.750000,6380.250
1785209563.526434660,5.114383,45,15,234.031250,6022.750
1785209563.526434660,5.114383,45,15,235.656250,5920.250
1785209563.526434660,5.114383,45,15,238.953125,5655.500
1785209563.526434660,5.114383,45,15,245.515625,4570.500
1785209563.526434660,5.114383,45,15,250.359375,4963.500
1785209563.526434660,5.114383,45,15,251.984375,4883.500
1785209563.526434660,5.114383,45,15,253.625000,4835.500
1785209563.526434660,5.114383,45,15,255.250000,4798.000
1785209563.526434660,5.114383,45,15,256.890625,4765.500
1785209563.526434660,5.114383,45,15,258.531250,4735.250
1785209563.526434660,5.114383,45,15,260.140625,4775.500
1785209563.526434660,5.114383,45,15,261.765625,4884.000
1785209563.526434660,5.114383,45,15,263.390625,5013.750
1785209563.526434660,5.114383,45,15,265.015625,5084.750
1785209563.526434660,5.114383,45,15,266.625000,5088.750
1785209563.526434660,5.114383,45,15,268.265625,5095.000
1785209563.526434660,5.114383,45,15,269.906250,5079.250
1785209563.526434660,5.114383,45,15,271.531250,5079.250
1785209563.526434660,5.114383,45,15,273.156250,5106.500
1785209563.526434660,5.114383,45,15,274.781250,5104.750
1785209563.526434660,5.114383,45,11,276.421875,5086.250
1785209563.526434660,5.114383,45,15,278.031250,5085.500
1785209563.526434660,5.114383,45,12,279.671875,5101.500
1785209563.526434660,5.114383,45,9,297.640625,4081.250
1785209563.638010979,5.268721,46,11,7.968750,4278.500
1785209563.638010979,5.268721,46,11,9.593750,4370.000
1785209563.638010979,5.268721,46,9,11.218750,4464.500
1785209563.638010979,5.268721,46,9,177.078125,10049.250
1785209563.638010979,5.268721,46,9,183.703125,10105.750
1785209563.638010979,5.268721,46,15,219.671875,7905.750
1785209563.638010979,5.268721,46,15,224.578125,7159.500
1785209563.638010979,5.268721,46,15,234.359375,6028.750
1785209563.638010979,5.268721,46,15,236.000000,5926.750
1785209563.638010979,5.268721,46,15,237.640625,5815.500
1785209563.638010979,5.268721,46,15,239.281250,5682.000
1785209563.638010979,5.268721,46,15,254.000000,4864.500
1785209563.638010979,5.268721,46,15,255.625000,4827.500
1785209563.638010979,5.268721,46,15,257.250000,4792.500
1785209563.638010979,5.268721,46,15,258.875000,4810.250
1785209563.638010979,5.268721,46,15,260.500000,4878.500
1785209563.638010979,5.268721,46,15,262.140625,4944.500
1785209563.638010979,5.268721,46,15,263.765625,5056.500
1785209563.638010979,5.268721,46,15,265.390625,5120.250
1785209563.638010979,5.268721,46,15,267.015625,5117.000
1785209563.638010979,5.268721,46,15,268.640625,5122.000
1785209563.638010979,5.268721,46,15,270.265625,5116.250
1785209563.638010979,5.268721,46,15,271.906250,5123.750
1785209563.638010979,5.268721,46,15,273.531250,5118.750
1785209563.638010979,5.268721,46,15,275.203125,5118.000
1785209563.638010979,5.268721,46,15,276.828125,5142.500
1785209563.638010979,5.268721,46,15,278.468750,5156.750
1785209563.638010979,5.268721,46,15,281.734375,5176.000
1785209563.638010979,5.268721,46,8,299.812500,4161.250
1785209563.638010979,5.268721,46,8,308.000000,3914.500
1785209563.638010979,5.268721,46,15,343.921875,3727.500
1785209563.752450705,5.346039,47,9,0.328125,4183.000
1785209563.752450705,5.346039,47,8,1.953125,4237.750
1785209563.752450705,5.346039,47,9,3.562500,4291.250
1785209563.752450705,5.346039,47,14,5.218750,4355.500
1785209563.752450705,5.346039,47,12,6.843750,4409.250
1785209563.752450705,5.346039,47,10,11.609375,4680.250
1785209563.752450705,5.346039,47,8,210.296875,10030.000
1785209563.752450705,5.346039,47,15,215.203125,8765.750
1785209563.752450705,5.346039,47,15,220.125000,7906.250
1785209563.752450705,5.346039,47,15,221.750000,7675.500
1785209563.752450705,5.346039,47,15,225.031250,7169.000
1785209563.752450705,5.346039,47,15,228.296875,6711.500
1785209563.752450705,5.346039,47,15,234.843750,6041.500
1785209563.752450705,5.346039,47,15,236.484375,5931.000
1785209563.752450705,5.346039,47,15,238.109375,5827.000
1785209563.752450705,5.346039,47,15,239.734375,5695.250
1785209563.752450705,5.346039,47,15,244.671875,4636.000
1785209563.752450705,5.346039,47,10,249.609375,4118.250
1785209563.752450705,5.346039,47,15,252.890625,4965.250
1785209563.752450705,5.346039,47,15,254.531250,4911.750
1785209563.752450705,5.346039,47,15,256.187500,4860.250
1785209563.752450705,5.346039,47,15,257.812500,4812.750
1785209563.752450705,5.346039,47,15,261.078125,4938.250
1785209563.752450705,5.346039,47,15,264.328125,5138.500
1785209563.752450705,5.346039,47,15,265.968750,5156.750
1785209563.752450705,5.346039,47,15,267.593750,5147.500
1785209563.752450705,5.346039,47,15,269.218750,5144.250
1785209563.752450705,5.346039,47,15,270.859375,5149.250
1785209563.752450705,5.346039,47,15,272.500000,5146.750
1785209563.752450705,5.346039,47,15,274.125000,5148.500
1785209563.752450705,5.346039,47,15,277.328125,5149.250
1785209563.752450705,5.346039,47,15,278.953125,5136.000
1785209563.752450705,5.346039,47,8,290.406250,4438.000
1785209563.752450705,5.346039,47,15,295.312500,4183.500
1785209563.752450705,5.346039,47,15,296.953125,4131.500
1785209563.863458395,5.500041,48,8,7.406250,4212.000
1785209563.863458395,5.500041,48,9,9.046875,4316.000
1785209563.863458395,5.500041,48,9,10.609375,4403.500
1785209563.863458395,5.500041,48,9,12.250000,4450.000
1785209563.863458395,5.500041,48,15,215.812500,8730.250
1785209563.863458395,5.500041,48,15,220.718750,7856.000
1785209563.863458395,5.500041,48,15,222.343750,7649.250
1785209563.863458395,5.500041,48,15,225.625000,7156.250
1785209563.863458395,5.500041,48,15,227.265625,6956.250
1785209563.863458395,5.500041,48,15,235.437500,6029.750
1785209563.863458395,5.500041,48,15,237.078125,5929.000
1785209563.863458395,5.500041,48,15,238.718750,5834.000
1785209563.863458395,5.500041,48,15,240.328125,5718.750
1785209563.863458395,5.500041,48,15,245.281250,4641.000
1785209563.863458395,5.500041,48,15,253.468750,4989.250
1785209563.863458395,5.500041,48,15,255.109375,4947.250
1785209563.863458395,5.500041,48,15,258.390625,4862.500
1785209563.863458395,5.500041,48,15,261.625000,4944.500
1785209563.863458395,5.500041,48,15,264.890625,5171.750
1785209563.863458395,5.500041,48,15,266.531250,5177.500
1785209563.863458395,5.500041,48,15,268.156250,5201.000
1785209563.863458395,5.500041,48,15,269.781250,5197.750
1785209563.863458395,5.500041,48,15,271.421875,5184.250
1785209563.863458395,5.500041,48,15,273.046875,5174.250
1785209563.863458395,5.500041,48,15,274.640625,5168.250
1785209563.863458395,5.500041,48,15,276.250000,5235.000
1785209563.863458395,5.500041,48,8,277.875000,5231.750
1785209563.863458395,5.500041,48,15,279.515625,5181.750
1785209563.863458395,5.500041,48,8,295.859375,4127.000
1785209563.863458395,5.500041,48,11,297.515625,4067.750
1785209563.978331804,5.627699,49,8,4.718750,4240.500
1785209563.978331804,5.627699,49,15,6.343750,4331.000
1785209563.978331804,5.627699,49,13,7.968750,4402.250
1785209563.978331804,5.627699,49,8,9.593750,4495.000
1785209563.978331804,5.627699,49,9,11.125000,4616.750
1785209563.978331804,5.627699,49,8,185.265625,10070.000
1785209563.978331804,5.627699,49,7,190.140625,10095.500
1785209563.978331804,5.627699,49,15,216.250000,8677.750
1785209563.978331804,5.627699,49,15,221.140625,7854.000
1785209563.978331804,5.627699,49,15,222.765625,7629.750
1785209563.978331804,5.627699,49,15,226.046875,7165.750
1785209563.978331804,5.627699,49,15,229.328125,6721.250
1785209563.978331804,5.627699,49,15,232.609375,6373.500
1785209563.978331804,5.627699,49,15,235.875000,6057.500
1785209563.978331804,5.627699,49,15,237.500000,5951.000
1785209563.978331804,5.627699,49,15,239.140625,5860.750
1785209563.978331804,5.627699,49,15,248.953125,5141.250
1785209563.978331804,5.627699,49,15,250.578125,5079.500
1785209563.978331804,5.627699,49,15,252.203125,5043.500
1785209563.978331804,5.627699,49,15,253.843750,5014.250
1785209563.978331804,5.627699,49,9,255.468750,4962.250
1785209563.978331804,5.627699,49,15,258.734375,4904.500
1785209563.978331804,5.627699,49,15,260.359375,4934.500
1785209563.978331804,5.627699,49,15,261.984375,4993.750
1785209563.978331804,5.627699,49,15,265.234375,5218.000
1785209563.978331804,5.627699,49,15,266.859375,5215.500
1785209563.978331804,5.627699,49,15,268.484375,5213.000
1785209563.978331804,5.627699,49,15,270.125000,5205.500
1785209563.978331804,5.627699,49,15,271.750000,5191.750
1785209563.978331804,5.627699,49,15,273.375000,5188.500
1785209563.978331804,5.627699,49,15,274.953125,5214.000
1785209563.978331804,5.627699,49,15,276.562500,5275.250
1785209563.978331804,5.627699,49,15,279.812500,5243.000
1785209564.090197086,5.705525,50,10,1.718750,4200.750
1785209564.090197086,5.705525,50,10,3.343750,4247.000
1785209564.090197086,5.705525,50,15,4.984375,4329.000
1785209564.090197086,5.705525,50,13,6.609375,4386.500
1785209564.090197086,5.705525,50,10,8.250000,4439.000
1785209564.090197086,5.705525,50,15,13.578125,1723.500
1785209564.090197086,5.705525,50,15,170.937500,9909.750
1785209564.090197086,5.705525,50,7,188.734375,10127.250
1785209564.090197086,5.705525,50,7,190.359375,10146.750
1785209564.090197086,5.705525,50,15,216.515625,8680.000
1785209564.090197086,5.705525,50,15,226.343750,7165.500
1785209564.090197086,5.705525,50,15,236.156250,6066.500
1785209564.090197086,5.705525,50,15,237.796875,5965.500
1785209564.090197086,5.705525,50,15,239.437500,5879.250
1785209564.090197086,5.705525,50,15,246.015625,4715.000
1785209564.090197086,5.705525,50,15,249.265625,5162.000
1785209564.090197086,5.705525,50,15,259.031250,4918.500
1785209564.090197086,5.705525,50,15,262.281250,5076.250
1785209564.090197086,5.705525,50,15,265.531250,5270.500
1785209564.090197086,5.705525,50,15,267.171875,5248.000
1785209564.090197086,5.705525,50,15,268.796875,5237.750
1785209564.090197086,5.705525,50,15,270.421875,5269.750
1785209564.090197086,5.705525,50,15,272.046875,5243.500
1785209564.090197086,5.705525,50,15,273.687500,5182.500
1785209564.090197086,5.705525,50,15,275.265625,5221.750
1785209564.090197086,5.705525,50,15,348.953125,3664.000
1785209564.203697681,5.832504,51,9,350.593750,3669.500
1785209564.203697681,5.832504,51,8,352.187500,3689.750
1785209564.203697681,5.832504,51,15,12.234375,1711.000
1785209564.203697681,5.832504,51,15,171.281250,9704.750
1785209564.203697681,5.832504,51,8,180.968750,10114.500
1785209564.203697681,5.832504,51,8,182.593750,10076.750
1785209564.203697681,5.832504,51,7,184.218750,10162.250
1785209564.203697681,5.832504,51,10,197.250000,8601.750
1785209564.203697681,5.832504,51,15,216.859375,8687.250
1785209564.203697681,5.832504,51,15,223.406250,7655.000
1785209564.203697681,5.832504,51,15,226.703125,7206.000
1785209564.203697681,5.832504,51,15,236.500000,6135.250
1785209564.203697681,5.832504,51,15,238.140625,6003.750
1785209564.203697681,5.832504,51,15,239.765625,5886.750
1785209564.203697681,5.832504,51,15,246.359375,4773.500
1785209564.203697681,5.832504,51,15,249.593750,5203.250
1785209564.203697681,5.832504,51,15,251.218750,5147.500
1785209564.203697681,5.832504,51,15,252.859375,5103.750
1785209564.203697681,5.832504,51,15,254.484375,5068.250
1785209564.203697681,5.832504,51,3,256.125000,5012.500
1785209564.203697681,5.832504,51,15,257.765625,4958.250
1785209564.203697681,5.832504,51,15,259.390625,4961.250
1785209564.203697681,5.832504,51,15,261.015625,5012.250
1785209564.203697681,5.832504,51,15,262.625000,5115.000
1785209564.203697681,5.832504,51,15,264.250000,5236.000
1785209564.203697681,5.832504,51,15,265.890625,5296.750
1785209564.203697681,5.832504,51,15,267.515625,5274.000
1785209564.203697681,5.832504,51,15,269.140625,5248.000
1785209564.203697681,5.832504,51,15,270.781250,5246.250
1785209564.203697681,5.832504,51,15,272.390625,5283.000
1785209564.203697681,5.832504,51,15,274.031250,5306.500
1785209564.203697681,5.832504,51,10,275.640625,5247.750
1785209564.203697681,5.832504,51,12,277.265625,5223.250
1785209564.203697681,5.832504,51,15,321.625000,3277.500
1785209564.203697681,5.832504,51,15,323.218750,3227.750
1785209564.203697681,5.832504,51,14,324.859375,3231.750
1785209564.203697681,5.832504,51,12,326.500000,3245.000
1785209564.203697681,5.832504,51,15,328.140625,3244.250
1785209564.315755606,5.911434,52,15,12.546875,1686.000
1785209564.315755606,5.911434,52,9,182.921875,10075.750
1785209564.315755606,5.911434,52,8,189.437500,10180.500
1785209564.315755606,5.911434,52,15,217.187500,8696.500
1785209564.315755606,5.911434,52,15,220.468750,8169.750
1785209564.315755606,5.911434,52,15,225.390625,7426.250
1785209564.315755606,5.911434,52,15,226.953125,7237.000
1785209564.315755606,5.911434,52,15,235.109375,6348.250
1785209564.315755606,5.911434,52,15,238.359375,6010.500
1785209564.315755606,5.911434,52,15,240.000000,5931.000
1785209564.315755606,5.911434,52,15,246.546875,4809.750
1785209564.315755606,5.911434,52,15,249.796875,5231.000
1785209564.315755606,5.911434,52,15,259.578125,5030.750
1785209564.315755606,5.911434,52,15,261.203125,5094.500
1785209564.315755606,5.911434,52,15,262.843750,5153.000
1785209564.315755606,5.911434,52,15,264.453125,5277.750
1785209564.315755606,5.911434,52,15,266.078125,5341.000
1785209564.315755606,5.911434,52,15,267.718750,5335.500
1785209564.315755606,5.911434,52,15,269.328125,5337.250
1785209564.315755606,5.911434,52,15,270.953125,5339.250
1785209564.315755606,5.911434,52,15,274.218750,5321.500
1785209564.315755606,5.911434,52,9,275.875000,5318.000
1785209564.431176186,6.070795,53,14,351.140625,3670.250
1785209564.431176186,6.070795,53,15,11.218750,1698.750
1785209564.431176186,6.070795,53,15,12.812500,1686.750
1785209564.431176186,6.070795,53,15,170.265625,7751.750
1785209564.431176186,6.070795,53,15,173.484375,9632.000
1785209564.431176186,6.070795,53,7,183.250000,10051.750
1785209564.431176186,6.070795,53,8,188.125000,10087.000
1785209564.431176186,6.070795,53,15,217.484375,8673.250
1785209564.431176186,6.070795,53,15,220.765625,8128.500
1785209564.431176186,6.070795,53,15,224.031250,7634.750
1785209564.431176186,6.070795,53,15,227.265625,7218.750
1785209564.431176186,6.070795,53,15,235.437500,6343.250
1785209564.431176186,6.070795,53,15,238.687500,6017.000
1785209564.431176186,6.070795,53,15,240.328125,5931.250
1785209564.431176186,6.070795,53,15,250.125000,5254.250
1785209564.431176186,6.070795,53,15,251.796875,5189.500
1785209564.431176186,6.070795,53,15,253.421875,5147.500
1785209564.431176186,6.070795,53,15,258.328125,5097.000
1785209564.431176186,6.070795,53,15,259.953125,5089.500
1785209564.431176186,6.070795,53,15,261.593750,5121.000
1785209564.431176186,6.070795,53,15,264.828125,5369.750
1785209564.431176186,6.070795,53,15,266.453125,5382.250
1785209564.431176186,6.070795,53,15,268.093750,5359.000
1785209564.431176186,6.070795,53,15,269.703125,5372.500
1785209564.431176186,6.070795,53,15,271.328125,5377.000
1785209564.431176186,6.070795,53,15,272.984375,5358.000
1785209564.431176186,6.070795,53,6,274.578125,5361.500
1785209564.431176186,6.070795,53,15,276.218750,5331.750
1785209564.431176186,6.070795,53,4,277.843750,5340.750
1785209564.431176186,6.070795,53,14,323.781250,3267.750
1785209564.431176186,6.070795,53,9,325.421875,3266.250
1785209564.431176186,6.070795,53,11,327.046875,3272.500
1785209564.541419268,6.149352,54,7,354.812500,3639.250
1785209564.541419268,6.149352,54,15,11.531250,1708.000
1785209564.541419268,6.149352,54,15,13.218750,1711.250
1785209564.541419268,6.149352,54,15,170.625000,7707.000
1785209564.541419268,6.149352,54,15,173.843750,9702.000
1785209564.541419268,6.149352,54,10,185.234375,10111.750
1785209564.541419268,6.149352,54,8,188.500000,10207.750
1785209564.541419268,6.149352,54,15,219.468750,8425.250
1785209564.541419268,6.149352,54,15,222.734375,7875.250
1785209564.541419268,6.149352,54,15,224.375000,7673.000
1785209564.541419268,6.149352,54,15,227.609375,7213.500
1785209564.541419268,6.149352,54,15,230.859375,6840.250
1785209564.541419268,6.149352,54,15,232.500000,6654.250
1785209564.541419268,6.149352,54,15,237.390625,6207.750
1785209564.541419268,6.149352,54,15,239.000000,6059.750
1785209564.541419268,6.149352,54,15,240.656250,5968.500
1785209564.541419268,6.149352,54,15,247.203125,4871.000
1785209564.541419268,6.149352,54,15,250.468750,5311.750
1785209564.541419268,6.149352,54,15,252.078125,5253.000
1785209564.541419268,6.149352,54,15,258.593750,5136.000
1785209564.541419268,6.149352,54,15,260.218750,5116.750
1785209564.541419268,6.149352,54,15,261.859375,5143.500
1785209564.541419268,6.149352,54,15,265.093750,5441.750
1785209564.541419268,6.149352,54,15,266.703125,5436.250
1785209564.541419268,6.149352,54,15,268.343750,5428.000
1785209564.541419268,6.149352,54,15,269.968750,5418.000
1785209564.541419268,6.149352,54,15,271.609375,5389.750
1785209564.541419268,6.149352,54,15,273.250000,5354.250
1785209564.541419268,6.149352,54,7,274.828125,5345.250
1785209564.541419268,6.149352,54,13,320.656250,3269.500
1785209564.541419268,6.149352,54,12,322.312500,3268.750
1785209564.541419268,6.149352,54,13,337.031250,3300.500
1785209564.656301498,6.306936,55,9,183.531250,10061.250
1785209564.656301498,6.306936,55,9,190.046875,10132.000
1785209564.656301498,6.306936,55,7,191.671875,10276.500
1785209564.656301498,6.306936,55,15,193.296875,10257.000
1785209564.656301498,6.306936,55,15,198.218750,8598.750
1785209564.656301498,6.306936,55,15,217.781250,8687.000
1785209564.656301498,6.306936,55,15,219.406250,8475.000
1785209564.656301498,6.306936,55,15,222.687500,7949.500
1785209564.656301498,6.306936,55,15,225.953125,7501.000
1785209564.656301498,6.306936,55,15,229.203125,7076.500
1785209564.656301498,6.306936,55,15,230.828125,6899.000
1785209564.656301498,6.306936,55,12,232.468750,6750.000
1785209564.656301498,6.306936,55,15,240.625000,5976.000
1785209564.656301498,6.306936,55,15,252.062500,5257.750
1785209564.656301498,6.306936,55,15,253.703125,5204.500
1785209564.656301498,6.306936,55,15,258.578125,5162.750
1785209564.656301498,6.306936,55,15,260.218750,5161.000
1785209564.656301498,6.306936,55,15,261.828125,5168.500
1785209564.656301498,6.306936,55,15,265.078125,5500.250
1785209564.656301498,6.306936,55,15,266.703125,5440.000
1785209564.656301498,6.306936,55,15,268.343750,5451.000
1785209564.656301498,6.306936,55,15,269.953125,5464.000
1785209564.656301498,6.306936,55,15,271.578125,5434.500
1785209564.656301498,6.306936,55,15,274.796875,5413.250
1785209564.656301498,6.306936,55,15,337.015625,3323.500
1785209564.656301498,6.306936,55,12,338.640625,3344.000
1785209564.767916203,6.385543,56,8,356.546875,3663.250
1785209564.767916203,6.385543,56,15,175.296875,9574.500
1785209564.767916203,6.385543,56,8,180.171875,10130.500
1785209564.767916203,6.385543,56,7,183.437500,10044.500
1785209564.767916203,6.385543,56,7,185.062500,10088.500
1785209564.767916203,6.385543,56,8,188.312500,10245.500
1785209564.767916203,6.385543,56,7,189.937500,10240.500
1785209564.767916203,6.385543,56,11,214.375000,9715.500
1785209564.767916203,6.385543,56,15,217.656250,8791.500
1785209564.767916203,6.385543,56,15,219.281250,8569.250
1785209564.767916203,6.385543,56,15,222.546875,7985.000
1785209564.767916203,6.385543,56,15,224.171875,7783.000
1785209564.767916203,6.385543,56,15,227.500000,7350.000
1785209564.767916203,6.385543,56,15,229.125000,7145.000
1785209564.767916203,6.385543,56,15,230.765625,6957.250
1785209564.767916203,6.385543,56,15,237.296875,6368.000
1785209564.767916203,6.385543,56,15,250.375000,5394.250
1785209564.767916203,6.385543,56,15,260.171875,5162.750
1785209564.767916203,6.385543,56,15,261.796875,5208.750
1785209564.767916203,6.385543,56,15,265.031250,5499.000
1785209564.767916203,6.385543,56,15,266.656250,5480.750
1785209564.767916203,6.385543,56,15,268.296875,5458.250
1785209564.767916203,6.385543,56,15,269.937500,5465.000
1785209564.767916203,6.385543,56,15,271.562500,5436.000
1785209564.767916203,6.385543,56,9,338.609375,3362.500
1785209564.882493019,6.524309,57,15,173.671875,7957.750
1785209564.882493019,6.524309,57,7,180.109375,10273.500
1785209564.882493019,6.524309,57,7,181.734375,10253.500
1785209564.882493019,6.524309,57,8,184.984375,10180.250
1785209564.882493019,6.524309,57,8,188.234375,10183.500
1785209564.882493019,6.524309,57,15,219.234375,8577.500
1785209564.882493019,6.524309,57,15,222.500000,8053.000
1785209564.882493019,6.524309,57,15,225.765625,7612.750
1785209564.882493019,6.524309,57,15,229.062500,7197.250
1785209564.882493019,6.524309,57,15,230.703125,7032.500
1785209564.882493019,6.524309,57,15,233.984375,6640.500
1785209564.882493019,6.524309,57,15,238.890625,6250.000
1785209564.882493019,6.524309,57,15,250.359375,5387.000
1785209564.882493019,6.524309,57,13,260.140625,5161.250
1785209564.882493019,6.524309,57,15,261.765625,5228.250
1785209564.882493019,6.524309,57,15,266.640625,5554.250
1785209564.882493019,6.524309,57,15,268.265625,5510.500
1785209564.882493019,6.524309,57,15,269.906250,5503.000
1785209564.882493019,6.524309,57,7,333.812500,3273.500
1785209564.882493019,6.524309,57,15,342.000000,3310.250
1785209564.993798971,6.586576,58,8,354.968750,3665.250
1785209564.993798971,6.586576,58,10,214.640625,9762.000
1785209564.993798971,6.586576,58,15,219.546875,8615.250
1785209564.993798971,6.586576,58,15,224.453125,7847.750
1785209564.993798971,6.586576,58,15,226.078125,7658.750
1785209564.993798971,6.586576,58,15,229.328125,7221.500
1785209564.993798971,6.586576,58,15,230.953125,7069.250
1785209564.993798971,6.586576,58,15,234.234375,6679.000
1785209564.993798971,6.586576,58,15,237.500000,6499.000
1785209564.993798971,6.586576,58,15,250.562500,5423.250
1785209564.993798971,6.586576,58,15,260.359375,5249.250
1785209564.993798971,6.586576,58,15,261.984375,5305.500
1785209564.993798971,6.586576,58,15,265.234375,5595.000
1785209564.993798971,6.586576,58,15,266.859375,5570.500
1785209564.993798971,6.586576,58,15,268.484375,5543.750
1785209564.993798971,6.586576,58,15,270.093750,5539.000
1785209565.108142138,6.728705,59,15,205.375000,8464.500
1785209565.108142138,6.728705,59,15,220.078125,8582.250
1785209565.108142138,6.728705,59,15,223.343750,8073.000
1785209565.108142138,6.728705,59,15,226.593750,7632.750
1785209565.108142138,6.728705,59,15,229.875000,7233.000
1785209565.108142138,6.728705,59,15,231.500000,7081.750
1785209565.108142138,6.728705,59,15,234.781250,6653.500
1785209565.108142138,6.728705,59,15,238.046875,6487.250
1785209565.108142138,6.728705,59,15,239.687500,6319.000
1785209565.108142138,6.728705,59,15,241.312500,6165.000
1785209565.108142138,6.728705,59,15,251.109375,5485.750
1785209565.108142138,6.728705,59,15,252.734375,5423.500
1785209565.108142138,6.728705,59,15,259.250000,5322.500
1785209565.108142138,6.728705,59,15,260.875000,5292.000
1785209565.108142138,6.728705,59,15,262.515625,5334.750
1785209565.108142138,6.728705,59,15,265.750000,5601.750
1785209565.108142138,6.728705,59,15,267.390625,5596.000
1785209565.108142138,6.728705,59,15,269.015625,5586.250
1785209565.108142138,6.728705,59,15,270.640625,5576.500
1785209565.108142138,6.728705,59,15,272.265625,5605.000
1785209565.108142138,6.728705,59,15,273.906250,5562.000
1785209565.108142138,6.728705,59,15,275.546875,5500.750
1785209565.108142138,6.728705,59,11,318.281250,3471.250
1785209565.108142138,6.728705,59,13,319.921875,3469.250
1785209565.108142138,6.728705,59,15,321.546875,3457.000
1785209565.220102310,6.806402,60,11,10.531250,4394.500
1785209565.220102310,6.806402,60,15,219.062500,8801.500
1785209565.220102310,6.806402,60,15,220.703125,8560.250
1785209565.220102310,6.806402,60,15,223.984375,8026.250
1785209565.220102310,6.806402,60,15,225.609375,7836.500
1785209565.220102310,6.806402,60,15,227.218750,7643.750
1785209565.220102310,6.806402,60,15,230.484375,7228.000
1785209565.220102310,6.806402,60,15,233.765625,6842.000
1785209565.220102310,6.806402,60,15,235.390625,6666.250
1785209565.220102310,6.806402,60,15,238.656250,6496.500
1785209565.220102310,6.806402,60,15,240.312500,6335.250
1785209565.220102310,6.806402,60,15,251.796875,5453.000
1785209565.220102310,6.806402,60,15,261.593750,5280.250
1785209565.220102310,6.806402,60,15,263.218750,5415.750
1785209565.220102310,6.806402,60,15,264.828125,5543.250
1785209565.220102310,6.806402,60,15,266.468750,5602.750
1785209565.220102310,6.806402,60,15,268.093750,5611.750
1785209565.220102310,6.806402,60,15,269.718750,5621.500
1785209565.220102310,6.806402,60,15,271.343750,5636.500
1785209565.220102310,6.806402,60,15,274.593750,5642.500
1785209565.220102310,6.806402,60,15,276.203125,5636.500
1785209565.333766937,6.931954,61,9,9.593750,4433.250
1785209565.333766937,6.931954,61,8,185.515625,9993.250
1785209565.333766937,6.931954,61,8,213.203125,10035.750
1785209565.333766937,6.931954,61,15,219.750000,8727.000
1785209565.333766937,6.931954,61,15,223.015625,8214.000
1785209565.333766937,6.931954,61,15,224.656250,7981.000
1785209565.333766937,6.931954,61,15,226.281250,7775.250
1785209565.333766937,6.931954,61,15,227.921875,7577.250
1785209565.333766937,6.931954,61,15,229.562500,7370.000
1785209565.333766937,6.931954,61,15,231.187500,7211.750
1785209565.333766937,6.931954,61,15,239.343750,6439.750
1785209565.333766937,6.931954,61,15,240.984375,6292.000
1785209565.333766937,6.931954,61,15,252.500000,5538.000
1785209565.333766937,6.931954,61,15,262.296875,5445.000
1785209565.333766937,6.931954,61,15,265.562500,5646.500
1785209565.333766937,6.931954,61,15,267.187500,5630.500
1785209565.333766937,6.931954,61,15,268.812500,5632.500
1785209565.333766937,6.931954,61,15,270.453125,5674.750
1785209565.333766937,6.931954,61,15,272.078125,5665.750
1785209565.445438623,7.057712,62,11,6.953125,4426.500
1785209565.445438623,7.057712,62,11,10.187500,4683.750
1785209565.445438623,7.057712,62,15,11.781250,4747.750
1785209565.445438623,7.057712,62,7,187.671875,10146.500
1785209565.445438623,7.057712,62,15,220.218750,8682.000
1785209565.445438623,7.057712,62,15,223.468750,8198.750
1785209565.445438623,7.057712,62,15,226.750000,7746.750
1785209565.445438623,7.057712,62,15,228.375000,7572.250
1785209565.445438623,7.057712,62,15,230.015625,7355.250
1785209565.445438623,7.057712,62,15,231.656250,7170.000
1785209565.445438623,7.057712,62,15,233.265625,7024.000
1785209565.445438623,7.057712,62,12,238.453125,2765.000
1785209565.445438623,7.057712,62,15,261.093750,5406.500
1785209565.445438623,7.057712,62,15,262.718750,5446.500
1785209565.445438623,7.057712,62,15,265.953125,5665.500
1785209565.445438623,7.057712,62,15,267.593750,5661.500
1785209565.445438623,7.057712,62,15,269.218750,5642.500
1785209565.445438623,7.057712,62,15,270.843750,5638.500
1785209565.445438623,7.057712,62,15,272.484375,5655.500
1785209565.445438623,7.057712,62,15,274.109375,5664.500
1785209565.445438623,7.057712,62,15,275.687500,5676.500
1785209565.445438623,7.057712,62,15,277.312500,5700.750
1785209565.445438623,7.057712,62,15,278.953125,5740.500
1785209565.445438623,7.057712,62,15,280.562500,5806.500
1785209565.445438623,7.057712,62,8,282.187500,5818.000
1785209565.445438623,7.057712,62,15,283.812500,5725.750
1785209565.445438623,7.057712,62,15,288.734375,5241.500
1785209565.445438623,7.057712,62,9,293.609375,5100.000
1785209565.445438623,7.057712,62,7,344.546875,3715.750
1785209565.559783459,7.211149,63,8,4.062500,4378.000
1785209565.559783459,7.211149,63,15,5.703125,4448.000
1785209565.559783459,7.211149,63,15,8.968750,4702.250
1785209565.559783459,7.211149,63,9,10.500000,4781.000
1785209565.559783459,7.211149,63,12,12.109375,4896.500
1785209565.559783459,7.211149,63,15,220.562500,8707.750
1785209565.559783459,7.211149,63,15,222.187500,8494.500
1785209565.559783459,7.211149,63,15,225.468750,7961.000
1785209565.559783459,7.211149,63,15,227.140625,7760.250
1785209565.559783459,7.211149,63,15,228.750000,7594.750
1785209565.559783459,7.211149,63,15,232.031250,7208.750
1785209565.559783459,7.211149,63,15,233.656250,7043.250
1785209565.559783459,7.211149,63,15,236.937500,6653.500
1785209565.559783459,7.211149,63,15,238.562500,6553.750
1785209565.559783459,7.211149,63,15,240.187500,6465.500
1785209565.559783459,7.211149,63,15,241.828125,6359.000
1785209565.559783459,7.211149,63,15,261.421875,5426.500
1785209565.559783459,7.211149,63,15,263.046875,5477.250
1785209565.559783459,7.211149,63,15,266.296875,5704.750
1785209565.559783459,7.211149,63,15,267.921875,5682.500
1785209565.559783459,7.211149,63,15,269.546875,5692.500
1785209565.559783459,7.211149,63,15,271.171875,5696.750
1785209565.559783459,7.211149,63,15,272.796875,5755.750
1785209565.559783459,7.211149,63,15,276.000000,5751.500
1785209565.672495604,7.289843,64,11,1.000000,4214.500
1785209565.672495604,7.289843,64,8,4.250000,4310.500
1785209565.672495604,7.289843,64,11,5.875000,4386.500
1785209565.672495604,7.289843,64,8,7.515625,4441.000
1785209565.672495604,7.289843,64,12,9.140625,4533.500
1785209565.672495604,7.289843,64,15,10.718750,4644.750
1785209565.672495604,7.289843,64,15,12.343750,4738.250
1785209565.672495604,7.289843,64,12,215.921875,9846.750
1785209565.672495604,7.289843,64,15,220.828125,8696.250
1785209565.672495604,7.289843,64,15,222.468750,8489.750
1785209565.672495604,7.289843,64,15,225.718750,8000.500
1785209565.672495604,7.289843,64,15,229.015625,7599.750
1785209565.672495604,7.289843,64,15,230.640625,7431.750
1785209565.672495604,7.289843,64,15,232.281250,7246.250
1785209565.672495604,7.289843,64,15,233.906250,7074.000
1785209565.672495604,7.289843,64,15,235.546875,6914.750
1785209565.672495604,7.289843,64,15,240.453125,6540.000
1785209565.672495604,7.289843,64,15,242.078125,6405.750
1785209565.672495604,7.289843,64,15,251.875000,5630.750
1785209565.672495604,7.289843,64,15,253.515625,5586.250
1785209565.672495604,7.289843,64,15,255.140625,5557.000
1785209565.672495604,7.289843,64,15,260.031250,5469.750
1785209565.672495604,7.289843,64,15,261.640625,5474.500
1785209565.672495604,7.289843,64,15,263.281250,5587.500
1785209565.672495604,7.289843,64,15,264.890625,5708.000
1785209565.672495604,7.289843,64,15,266.515625,5762.500
1785209565.672495604,7.289843,64,15,268.156250,5726.250
1785209565.672495604,7.289843,64,15,269.781250,5702.750
1785209565.672495604,7.289843,64,15,271.406250,5675.500
1785209565.672495604,7.289843,64,15,273.031250,5694.750
1785209565.672495604,7.289843,64,15,274.609375,5762.500
1785209565.672495604,7.289843,64,15,276.250000,5829.500
1785209565.787141323,7.430184,65,12,7.843750,4361.750
1785209565.787141323,7.430184,65,14,9.484375,4450.500
1785209565.787141323,7.430184,65,11,12.718750,4715.000
1785209565.787141323,7.430184,65,9,191.812500,10191.500
1785209565.787141323,7.430184,65,11,216.250000,9858.000
1785209565.787141323,7.430184,65,15,221.156250,8717.250
1785209565.787141323,7.430184,65,15,224.437500,8207.250
1785209565.787141323,7.430184,65,15,226.062500,8002.500
1785209565.787141323,7.430184,65,15,227.687500,7807.750
1785209565.787141323,7.430184,65,15,229.328125,7629.000
1785209565.787141323,7.430184,65,15,232.593750,7228.250
1785209565.787141323,7.430184,65,15,234.218750,7078.500
1785209565.787141323,7.430184,65,15,235.875000,6900.500
1785209565.787141323,7.430184,65,15,237.500000,6729.250
1785209565.787141323,7.430184,65,15,240.765625,6555.000
1785209565.787141323,7.430184,65,15,242.390625,6426.250
1785209565.787141323,7.430184,65,15,252.171875,5682.250
1785209565.787141323,7.430184,65,15,253.796875,5609.750
1785209565.787141323,7.430184,65,15,260.312500,5522.750
1785209565.787141323,7.430184,65,15,261.937500,5513.000
1785209565.787141323,7.430184,65,15,263.578125,5599.750
1785209565.787141323,7.430184,65,15,265.203125,5704.750
1785209565.787141323,7.430184,65,15,266.828125,5786.250
1785209565.787141323,7.430184,65,15,268.468750,5764.250
1785209565.787141323,7.430184,65,15,270.078125,5765.250
1785209565.787141323,7.430184,65,15,271.703125,5759.250
1785209565.787141323,7.430184,65,15,273.328125,5788.750
1785209565.787141323,7.430184,65,15,276.578125,5813.750
1785209565.898126364,7.508158,66,11,4.875000,4386.500
1785209565.898126364,7.508158,66,11,6.484375,4452.250
1785209565.898126364,7.508158,66,9,8.125000,4563.500
1785209565.898126364,7.508158,66,15,9.734375,4675.250
1785209565.898126364,7.508158,66,15,11.375000,4767.750
1785209565.898126364,7.508158,66,8,188.890625,10230.500
1785209565.898126364,7.508158,66,15,221.562500,8696.500
1785209565.898126364,7.508158,66,15,223.203125,8487.250
1785209565.898126364,7.508158,66,15,226.453125,7992.500
1785209565.898126364,7.508158,66,15,228.109375,7789.000
1785209565.898126364,7.508158,66,15,229.734375,7628.500
1785209565.898126364,7.508158,66,15,233.015625,7262.250
1785209565.898126364,7.508158,66,15,234.640625,7127.250
1785209565.898126364,7.508158,66,15,236.281250,6958.750
1785209565.898126364,7.508158,66,15,237.921875,6774.000
1785209565.898126364,7.508158,66,15,241.187500,6575.250
1785209565.898126364,7.508158,66,15,242.828125,6422.500
1785209565.898126364,7.508158,66,15,252.609375,5710.000
1785209565.898126364,7.508158,66,15,254.234375,5644.750
1785209565.898126364,7.508158,66,15,255.890625,5589.250
1785209565.898126364,7.508158,66,15,257.515625,5558.000
1785209565.898126364,7.508158,66,15,260.781250,5517.750
1785209565.898126364,7.508158,66,15,262.406250,5540.000
1785209565.898126364,7.508158,66,15,265.656250,5844.250
1785209565.898126364,7.508158,66,15,267.265625,5818.750
1785209565.898126364,7.508158,66,15,268.906250,5798.750
1785209565.898126364,7.508158,66,15,270.546875,5803.000
1785209565.898126364,7.508158,66,15,272.171875,5806.000
1785209565.898126364,7.508158,66,15,273.796875,5784.000
1785209565.898126364,7.508158,66,15,275.390625,5814.750
1785209565.898126364,7.508158,66,15,277.015625,5872.250
1785209565.898126364,7.508158,66,15,278.625000,5914.500
1785209565.898126364,7.508158,66,15,280.265625,5987.750
1785209565.898126364,7.508158,66,15,281.890625,6003.250
1785209565.898126364,7.508158,66,10,288.406250,5400.750
1785209566.012108326,7.648817,67,14,0.453125,4303.250
1785209566.012108326,7.648817,67,10,2.062500,4391.000
1785209566.012108326,7.648817,67,11,3.703125,4425.000
1785209566.012108326,7.648817,67,13,8.562500,4715.000
1785209566.012108326,7.648817,67,15,10.218750,4762.000
1785209566.012108326,7.648817,67,9,181.046875,8488.750
1785209566.012108326,7.648817,67,9,185.906250,10032.500
1785209566.012108326,7.648817,67,12,216.906250,9809.500
1785209566.012108326,7.648817,67,15,221.812500,8703.500
1785209566.012108326,7.648817,67,15,223.453125,8498.500
1785209566.012108326,7.648817,67,15,226.734375,8024.250
1785209566.012108326,7.648817,67,15,228.390625,7817.750
1785209566.012108326,7.648817,67,15,230.015625,7645.000
1785209566.012108326,7.648817,67,15,233.281250,7274.000
1785209566.012108326,7.648817,67,15,234.921875,7119.750
1785209566.012108326,7.648817,67,15,236.562500,6959.750
1785209566.012108326,7.648817,67,15,238.203125,6794.000
1785209566.012108326,7.648817,67,15,241.468750,6592.750
1785209566.012108326,7.648817,67,15,243.093750,6452.250
1785209566.012108326,7.648817,67,15,251.281250,5837.000
1785209566.012108326,7.648817,67,15,256.171875,5611.750
1785209566.012108326,7.648817,67,15,257.828125,5588.250
1785209566.012108326,7.648817,67,15,259.437500,5571.500
1785209566.012108326,7.648817,67,15,261.062500,5602.000
1785209566.012108326,7.648817,67,15,262.687500,5612.750
1785209566.012108326,7.648817,67,15,265.968750,5893.750
1785209566.012108326,7.648817,67,15,267.593750,5859.500
1785209566.012108326,7.648817,67,15,269.218750,5819.750
1785209566.012108326,7.648817,67,15,270.843750,5859.500
1785209566.012108326,7.648817,67,15,272.468750,5875.500
1785209566.012108326,7.648817,67,15,274.109375,5864.750
1785209566.012108326,7.648817,67,15,275.734375,5899.250
1785209566.012108326,7.648817,67,15,277.359375,5923.250
1785209566.012108326,7.648817,67,15,279.000000,5930.000
1785209566.012108326,7.648817,67,7,282.265625,6021.500
1785209566.123313904,7.727159,68,9,357.703125,4233.500
1785209566.123313904,7.727159,68,8,359.328125,4309.250
1785209566.123313904,7.727159,68,13,0.984375,4386.000
1785209566.123313904,7.727159,68,11,2.625000,4419.250
1785209566.123313904,7.727159,68,13,4.265625,4462.750
1785209566.123313904,7.727159,68,15,9.140625,4715.750
1785209566.123313904,7.727159,68,15,10.687500,4790.000
1785209566.123313904,7.727159,68,13,12.328125,4887.500
1785209566.123313904,7.727159,68,15,169.812500,1295.500
1785209566.123313904,7.727159,68,15,222.734375,8660.750
1785209566.123313904,7.727159,68,15,227.625000,7942.750
1785209566.123313904,7.727159,68,15,229.265625,7771.500
1785209566.123313904,7.727159,68,15,230.906250,7580.750
1785209566.123313904,7.727159,68,15,232.546875,7380.250
1785209566.123313904,7.727159,68,15,234.156250,7232.750
1785209566.123313904,7.727159,68,15,235.796875,7088.250
1785209566.123313904,7.727159,68,15,237.453125,6938.500
1785209566.123313904,7.727159,68,15,239.078125,6786.750
1785209566.123313904,7.727159,68,15,240.703125,6639.500
1785209566.123313904,7.727159,68,15,242.359375,6544.500
1785209566.123313904,7.727159,68,15,243.984375,6448.250
1785209566.123313904,7.727159,68,15,255.500000,5668.500
1785209566.123313904,7.727159,68,15,257.156250,5623.750
1785209566.123313904,7.727159,68,15,258.781250,5591.000
1785209566.123313904,7.727159,68,15,260.421875,5566.000
1785209566.123313904,7.727159,68,15,262.062500,5567.000
1785209566.123313904,7.727159,68,15,263.671875,5657.250
1785209566.123313904,7.727159,68,15,266.953125,5946.750
1785209566.123313904,7.727159,68,15,268.593750,5912.250
1785209566.123313904,7.727159,68,15,270.218750,5897.250
1785209566.123313904,7.727159,68,15,271.859375,5891.750
1785209566.123313904,7.727159,68,15,273.484375,5927.750
1785209566.123313904,7.727159,68,15,275.062500,5946.500
1785209566.123313904,7.727159,68,15,278.328125,5937.500
1785209566.123313904,7.727159,68,12,343.906250,4385.250
1785209566.123313904,7.727159,68,10,345.546875,4384.000
1785209566.123313904,7.727159,68,10,347.187500,4405.750
1785209566.123313904,7.727159,68,9,348.828125,4442.250
1785209566.238090992,7.869113,69,12,350.453125,4457.250
1785209566.238090992,7.869113,69,9,352.093750,4457.750
1785209566.238090992,7.869113,69,11,353.718750,4456.750
1785209566.238090992,7.869113,69,10,355.359375,4472.500
1785209566.238090992,7.869113,69,8,356.984375,4520.250
1785209566.238090992,7.869113,69,8,358.609375,4583.000
1785209566.238090992,7.869113,69,14,0.265625,4648.000
1785209566.238090992,7.869113,69,12,1.890625,4677.500
1785209566.238090992,7.869113,69,9,3.515625,4682.750
1785209566.238090992,7.869113,69,12,5.156250,4707.000
1785209566.238090992,7.869113,69,11,6.781250,4745.500
1785209566.238090992,7.869113,69,11,8.437500,4788.250
1785209566.238090992,7.869113,69,15,10.078125,4837.500
1785209566.238090992,7.869113,69,10,11.640625,4915.750
1785209566.238090992,7.869113,69,15,170.812500,1256.500
1785209566.238090992,7.869113,69,12,172.453125,1282.250
1785209566.238090992,7.869113,69,13,217.109375,9904.000
1785209566.238090992,7.869113,69,15,222.015625,8772.000
1785209566.238090992,7.869113,69,15,223.656250,8575.750
1785209566.238090992,7.869113,69,15,225.281250,8348.500
1785209566.238090992,7.869113,69,15,226.921875,8136.250
1785209566.238090992,7.869113,69,15,230.203125,7715.250
1785209566.238090992,7.869113,69,15,231.843750,7548.500
1785209566.238090992,7.869113,69,15,233.484375,7355.000
1785209566.238090992,7.869113,69,15,235.109375,7192.250
1785209566.238090992,7.869113,69,15,236.750000,7052.000
1785209566.238090992,7.869113,69,15,243.281250,6533.750
1785209566.238090992,7.869113,69,15,246.578125,6083.500
1785209566.238090992,7.869113,69,15,251.484375,5943.250
1785209566.238090992,7.869113,69,15,253.125000,5803.500
1785209566.238090992,7.869113,69,15,254.750000,5734.500
1785209566.238090992,7.869113,69,15,256.390625,5690.750
1785209566.238090992,7.869113,69,15,258.031250,5646.500
1785209566.238090992,7.869113,69,15,259.656250,5621.500
1785209566.238090992,7.869113,69,15,261.281250,5636.500
1785209566.238090992,7.869113,69,15,262.921875,5658.500
1785209566.238090992,7.869113,69,15,266.187500,5973.000
1785209566.238090992,7.869113,69,15,267.812500,5957.250
1785209566.238090992,7.869113,69,15,269.437500,5967.250
1785209566.238090992,7.869113,69,15,271.078125,5957.500
1785209566.238090992,7.869113,69,15,272.703125,5984.500
1785209566.238090992,7.869113,69,15,274.312500,5986.500
1785209566.238090992,7.869113,69,15,275.921875,5982.000
1785209566.238090992,7.869113,69,15,277.546875,5995.500
1785209566.238090992,7.869113,69,15,279.187500,6002.250
1785209566.238090992,7.869113,69,15,280.812500,6012.250
1785209566.238090992,7.869113,69,15,282.437500,6063.000
1785209566.238090992,7.869113,69,15,287.343750,5438.250
1785209566.238090992,7.869113,69,15,288.968750,5501.000
1785209566.238090992,7.869113,69,9,344.859375,4383.500
1785209566.238090992,7.869113,69,10,346.437500,4376.000
1785209566.238090992,7.869113,69,12,348.078125,4410.000
1785209566.238090992,7.869113,69,8,349.718750,4445.250
1785209566.349291325,7.946018,70,15,351.359375,4450.000
1785209566.349291325,7.946018,70,13,352.984375,4456.000
1785209566.349291325,7.946018,70,8,354.609375,4498.250
1785209566.349291325,7.946018,70,10,356.250000,4587.250
1785209566.349291325,7.946018,70,15,357.890625,4668.250
1785209566.349291325,7.946018,70,15,359.515625,4708.750
1785209566.349291325,7.946018,70,8,1.156250,4723.000
1785209566.349291325,7.946018,70,11,2.796875,4733.750
1785209566.349291325,7.946018,70,11,4.421875,4759.250
1785209566.349291325,7.946018,70,9,6.062500,4805.250
1785209566.349291325,7.946018,70,7,7.703125,4864.000
1785209566.349291325,7.946018,70,12,9.343750,4937.000
1785209566.349291325,7.946018,70,15,10.906250,5019.750
1785209566.349291325,7.946018,70,14,12.562500,5082.000
1785209566.349291325,7.946018,70,15,169.968750,1244.500
1785209566.349291325,7.946018,70,15,171.593750,1243.750
1785209566.349291325,7.946018,70,7,188.515625,10136.750
1785209566.349291325,7.946018,70,8,190.156250,10206.750
1785209566.349291325,7.946018,70,10,217.921875,9764.500
1785209566.349291325,7.946018,70,15,221.203125,8966.750
1785209566.349291325,7.946018,70,15,222.828125,8722.750
1785209566.349291325,7.946018,70,15,224.484375,8503.000
1785209566.349291325,7.946018,70,15,227.750000,8010.750
1785209566.349291325,7.946018,70,15,231.031250,7630.500
1785209566.349291325,7.946018,70,15,232.656250,7480.000
1785209566.349291325,7.946018,70,15,234.296875,7309.000
1785209566.349291325,7.946018,70,15,235.937500,7187.250
1785209566.349291325,7.946018,70,15,237.578125,7035.750
1785209566.349291325,7.946018,70,15,244.109375,6533.750
1785209566.349291325,7.946018,70,15,255.578125,5748.750
1785209566.349291325,7.946018,70,15,257.218750,5705.750
1785209566.349291325,7.946018,70,15,258.843750,5672.500
1785209566.349291325,7.946018,70,15,260.468750,5635.500
1785209566.349291325,7.946018,70,15,262.109375,5670.000
1785209566.349291325,7.946018,70,15,263.734375,5760.250
1785209566.349291325,7.946018,70,15,266.968750,6022.500
1785209566.349291325,7.946018,70,15,268.609375,5995.500
1785209566.349291325,7.946018,70,15,270.250000,6013.500
1785209566.349291325,7.946018,70,15,271.890625,6040.500
1785209566.349291325,7.946018,70,15,273.515625,6001.000
1785209566.349291325,7.946018,70,15,275.062500,5977.250
1785209566.349291325,7.946018,70,15,276.703125,6003.250
1785209566.349291325,7.946018,70,15,278.328125,6009.000
1785209566.349291325,7.946018,70,15,279.968750,6048.750
1785209566.349291325,7.946018,70,15,283.203125,6023.000
1785209566.349291325,7.946018,70,15,288.109375,5530.500
1785209566.349291325,7.946018,70,8,291.390625,5482.000
1785209566.349291325,7.946018,70,9,340.671875,4426.250
1785209566.349291325,7.946018,70,8,342.312500,4430.500
1785209566.349291325,7.946018,70,9,343.953125,4434.000
1785209566.349291325,7.946018,70,10,345.609375,4443.000
1785209566.349291325,7.946018,70,10,347.171875,4498.500
1785209566.460683107,8.087690,71,10,350.468750,4567.500
1785209566.460683107,8.087690,71,8,352.078125,4625.250
1785209566.460683107,8.087690,71,10,353.703125,4665.000
1785209566.460683107,8.087690,71,15,355.343750,4685.000
1785209566.460683107,8.087690,71,13,356.984375,4713.500
1785209566.460683107,8.087690,71,15,358.609375,4738.000
1785209566.460683107,8.087690,71,14,0.250000,4767.500
1785209566.460683107,8.087690,71,11,1.890625,4791.000
1785209566.460683107,8.087690,71,10,3.531250,4824.750
1785209566.460683107,8.087690,71,12,5.156250,4890.000
1785209566.460683107,8.087690,71,10,6.796875,4967.500
1785209566.460683107,8.087690,71,14,8.421875,5011.750
1785209566.460683107,8.087690,71,15,10.046875,5048.250
1785209566.460683107,8.087690,71,15,11.609375,5098.750
1785209566.460683107,8.087690,71,15,170.671875,1237.250
1785209566.460683107,8.087690,71,15,172.328125,1234.750
1785209566.460683107,8.087690,71,15,173.968750,1241.250
1785209566.460683107,8.087690,71,8,187.593750,10109.000
1785209566.460683107,8.087690,71,15,223.406250,8681.750
1785209566.460683107,8.087690,71,15,226.703125,8213.750
1785209566.460683107,8.087690,71,15,228.328125,8014.250
1785209566.460683107,8.087690,71,15,229.968750,7821.000
1785209566.460683107,8.087690,71,15,231.593750,7650.750
1785209566.460683107,8.087690,71,15,233.234375,7487.000
1785209566.460683107,8.087690,71,15,234.859375,7307.500
1785209566.460683107,8.087690,71,15,236.500000,7163.500
1785209566.460683107,8.087690,71,15,238.125000,7022.750
1785209566.460683107,8.087690,71,15,244.656250,6507.000
1785209566.460683107,8.087690,71,15,256.031250,5780.000
1785209566.460683107,8.087690,71,15,257.656250,5734.250
1785209566.460683107,8.087690,71,15,259.281250,5694.750
1785209566.460683107,8.087690,71,15,260.921875,5638.500
1785209566.460683107,8.087690,71,15,262.531250,5675.250
1785209566.460683107,8.087690,71,15,265.765625,5996.750
1785209566.460683107,8.087690,71,15,267.406250,6045.250
1785209566.460683107,8.087690,71,15,269.015625,6059.000
1785209566.460683107,8.087690,71,15,270.640625,6060.000
1785209566.460683107,8.087690,71,15,272.281250,6062.250
1785209566.460683107,8.087690,71,15,273.906250,6071.500
1785209566.460683107,8.087690,71,15,275.562500,6064.500
1785209566.460683107,8.087690,71,15,277.171875,6097.250
1785209566.460683107,8.087690,71,15,278.812500,6121.500
1785209566.460683107,8.087690,71,15,280.437500,6121.500
1785209566.460683107,8.087690,71,15,282.046875,6164.000
1785209566.460683107,8.087690,71,15,286.953125,5599.000
1785209566.460683107,8.087690,71,15,288.593750,5588.250
1785209566.460683107,8.087690,71,15,290.218750,5606.750
1785209566.460683107,8.087690,71,15,291.843750,5655.500
1785209566.460683107,8.087690,71,15,293.468750,5748.250
1785209566.460683107,8.087690,71,15,296.687500,6405.750
1785209566.460683107,8.087690,71,11,349.234375,4420.500
1785209566.576148272,8.213589,72,8,350.875000,4461.500
1785209566.576148272,8.213589,72,8,355.765625,4655.750
1785209566.576148272,8.213589,72,13,357.375000,4711.750
1785209566.576148272,8.213589,72,12,359.000000,4753.000
1785209566.576148272,8.213589,72,11,0.640625,4776.500
1785209566.576148272,8.213589,72,10,2.281250,4814.250
1785209566.576148272,8.213589,72,9,3.906250,4872.000
1785209566.576148272,8.213589,72,13,5.546875,4937.000
1785209566.576148272,8.213589,72,13,7.171875,4977.750
1785209566.576148272,8.213589,72,15,8.812500,4999.750
1785209566.576148272,8.213589,72,15,10.375000,5068.500
1785209566.576148272,8.213589,72,10,11.984375,5183.250
1785209566.576148272,8.213589,72,15,171.000000,1240.000
1785209566.576148272,8.213589,72,15,172.640625,1231.500
1785209566.576148272,8.213589,72,15,174.281250,1228.500
1785209566.576148272,8.213589,72,8,189.453125,10153.250
1785209566.576148272,8.213589,72,15,218.718750,9759.250
1785209566.576148272,8.213589,72,15,221.984375,8947.000
1785209566.576148272,8.213589,72,15,223.609375,8710.500
1785209566.576148272,8.213589,72,15,226.859375,8218.250
1785209566.576148272,8.213589,72,15,228.500000,8031.750
1785209566.576148272,8.213589,72,15,231.750000,7685.500
1785209566.576148272,8.213589,72,15,235.015625,7313.500
1785209566.576148272,8.213589,72,15,236.656250,7184.500
1785209566.576148272,8.213589,72,15,238.281250,7072.000
1785209566.576148272,8.213589,72,15,254.562500,5854.000
1785209566.576148272,8.213589,72,15,256.203125,5808.500
1785209566.576148272,8.213589,72,15,257.828125,5742.750
1785209566.576148272,8.213589,72,15,259.453125,5685.750
1785209566.576148272,8.213589,72,15,261.078125,5649.750
1785209566.576148272,8.213589,72,15,262.703125,5701.500
1785209566.576148272,8.213589,72,15,265.937500,6064.250
1785209566.576148272,8.213589,72,15,267.562500,6123.750
1785209566.576148272,8.213589,72,15,269.187500,6112.250
1785209566.576148272,8.213589,72,15,270.812500,6087.750
1785209566.576148272,8.213589,72,15,272.453125,6082.000
1785209566.576148272,8.213589,72,15,274.078125,6104.000
1785209566.576148272,8.213589,72,15,275.703125,6089.250
1785209566.576148272,8.213589,72,15,277.328125,6104.750
1785209566.576148272,8.213589,72,15,278.953125,6128.500
1785209566.576148272,8.213589,72,15,280.578125,6128.500
1785209566.576148272,8.213589,72,15,282.187500,6163.250
1785209566.576148272,8.213589,72,15,287.093750,5607.000
1785209566.576148272,8.213589,72,15,288.734375,5601.000
1785209566.576148272,8.213589,72,15,290.343750,5644.500
1785209566.576148272,8.213589,72,15,291.968750,5724.750
1785209566.576148272,8.213589,72,15,293.593750,5803.000
1785209566.576148272,8.213589,72,15,316.578125,5088.750
1785209566.576148272,8.213589,72,9,318.203125,5032.250
1785209566.576148272,8.213589,72,7,319.843750,4932.250
1785209566.576148272,8.213589,72,11,336.187500,4773.750
1785209566.576148272,8.213589,72,13,337.812500,4773.750
1785209566.576148272,8.213589,72,11,339.453125,4776.500
1785209566.576148272,8.213589,72,10,341.093750,4786.000
1785209566.576148272,8.213589,72,11,342.718750,4778.500
1785209566.576148272,8.213589,72,13,344.359375,4786.250
1785209566.576148272,8.213589,72,15,346.000000,4799.250
1785209566.576148272,8.213589,72,12,347.593750,4812.000
1785209566.576148272,8.213589,72,14,349.218750,4824.000
1785209566.687572002,8.292301,73,13,350.875000,4816.250
1785209566.687572002,8.292301,73,14,352.500000,4813.250
1785209566.687572002,8.292301,73,14,354.125000,4803.500
1785209566.687572002,8.292301,73,11,355.750000,4817.750
1785209566.687572002,8.292301,73,15,357.390625,4858.000
1785209566.687572002,8.292301,73,14,359.000000,4888.250
1785209566.687572002,8.292301,73,12,0.640625,4901.500
1785209566.687572002,8.292301,73,12,2.265625,4907.250
1785209566.687572002,8.292301,73,13,3.890625,4930.250
1785209566.687572002,8.292301,73,14,5.531250,4958.500
1785209566.687572002,8.292301,73,14,7.156250,4978.500
1785209566.687572002,8.292301,73,15,8.781250,5002.750
1785209566.687572002,8.292301,73,15,10.406250,5043.750
1785209566.687572002,8.292301,73,15,12.031250,5107.000
1785209566.687572002,8.292301,73,15,171.062500,1237.750
1785209566.687572002,8.292301,73,15,172.750000,1234.750
1785209566.687572002,8.292301,73,15,174.359375,1232.500
1785209566.687572002,8.292301,73,15,175.921875,1251.000
1785209566.687572002,8.292301,73,11,218.984375,9751.000
1785209566.687572002,8.292301,73,15,222.250000,8914.250
1785209566.687572002,8.292301,73,15,223.906250,8691.500
1785209566.687572002,8.292301,73,15,225.531250,8485.000
1785209566.687572002,8.292301,73,15,228.750000,7998.000
1785209566.687572002,8.292301,73,15,230.406250,7823.000
1785209566.687572002,8.292301,73,15,232.031250,7661.500
1785209566.687572002,8.292301,73,15,235.281250,7293.750
1785209566.687572002,8.292301,73,15,236.921875,7195.250
1785209566.687572002,8.292301,73,15,240.171875,6874.750
1785209566.687572002,8.292301,73,15,245.062500,6540.500
1785209566.687572002,8.292301,73,15,250.000000,5400.750
1785209566.687572002,8.292301,73,15,253.234375,5923.500
1785209566.687572002,8.292301,73,15,254.875000,5864.750
1785209566.687572002,8.292301,73,15,256.515625,5797.000
1785209566.687572002,8.292301,73,15,258.125000,5729.250
1785209566.687572002,8.292301,73,15,259.781250,5693.500
1785209566.687572002,8.292301,73,15,261.390625,5699.750
1785209566.687572002,8.292301,73,15,263.031250,5735.500
1785209566.687572002,8.292301,73,15,266.265625,6072.750
1785209566.687572002,8.292301,73,15,267.890625,6079.500
1785209566.687572002,8.292301,73,15,269.515625,6095.750
1785209566.687572002,8.292301,73,15,271.140625,6099.250
1785209566.687572002,8.292301,73,15,272.781250,6106.250
1785209566.687572002,8.292301,73,15,274.437500,6122.500
1785209566.687572002,8.292301,73,15,276.046875,6074.250
1785209566.687572002,8.292301,73,15,277.687500,6068.500
1785209566.687572002,8.292301,73,15,279.312500,6148.750
1785209566.687572002,8.292301,73,15,280.937500,6187.500
1785209566.687572002,8.292301,73,15,282.578125,6200.750
1785209566.687572002,8.292301,73,15,287.468750,5552.500
1785209566.687572002,8.292301,73,15,289.109375,5607.750
1785209566.687572002,8.292301,73,15,290.718750,5661.500
1785209566.687572002,8.292301,73,15,292.359375,5748.250
1785209566.687572002,8.292301,73,7,344.796875,4568.250
1785209566.687572002,8.292301,73,8,346.437500,4649.500
1785209566.687572002,8.292301,73,12,348.078125,4687.500
1785209566.687572002,8.292301,73,12,349.718750,4700.250
1785209566.802495480,8.434534,74,14,351.343750,4709.000
1785209566.802495480,8.434534,74,12,352.968750,4715.750
1785209566.802495480,8.434534,74,13,354.625000,4727.750
1785209566.802495480,8.434534,74,13,356.265625,4746.750
1785209566.802495480,8.434534,74,15,357.875000,4779.250
1785209566.802495480,8.434534,74,12,359.515625,4832.000
1785209566.802495480,8.434534,74,8,1.156250,4866.750
1785209566.802495480,8.434534,74,12,2.796875,4902.250
1785209566.802495480,8.434534,74,14,4.421875,4936.000
1785209566.802495480,8.434534,74,15,6.046875,4943.500
1785209566.802495480,8.434534,74,15,7.687500,4985.000
1785209566.802495480,8.434534,74,15,9.343750,5007.250
1785209566.802495480,8.434534,74,12,10.921875,5066.750
1785209566.802495480,8.434534,74,15,171.687500,1235.500
1785209566.802495480,8.434534,74,15,173.343750,1229.000
1785209566.802495480,8.434534,74,15,174.968750,1233.500
1785209566.802495480,8.434534,74,9,176.531250,1254.750
1785209566.802495480,8.434534,74,15,222.875000,8821.000
1785209566.802495480,8.434534,74,15,226.156250,8320.250
1785209566.802495480,8.434534,74,15,227.750000,8107.500
1785209566.802495480,8.434534,74,15,229.390625,7916.500
1785209566.802495480,8.434534,74,15,231.015625,7758.250
1785209566.802495480,8.434534,74,15,232.656250,7587.500
1785209566.802495480,8.434534,74,15,234.296875,7400.750
1785209566.802495480,8.434534,74,15,235.906250,7249.000
1785209566.802495480,8.434534,74,15,237.546875,7130.250
1785209566.802495480,8.434534,74,15,244.078125,6573.000
1785209566.802495480,8.434534,74,15,257.171875,5776.250
1785209566.802495480,8.434534,74,15,258.796875,5714.000
1785209566.802495480,8.434534,74,15,260.437500,5680.500
1785209566.802495480,8.434534,74,15,262.046875,5725.000
1785209566.802495480,8.434534,74,15,263.703125,5786.000
1785209566.802495480,8.434534,74,15,266.937500,6100.500
1785209566.802495480,8.434534,74,15,268.578125,6085.500
1785209566.802495480,8.434534,74,15,270.203125,6097.000
1785209566.802495480,8.434534,74,15,271.828125,6132.000
1785209566.802495480,8.434534,74,15,273.453125,6116.750
1785209566.802495480,8.434534,74,15,275.078125,6120.250
1785209566.802495480,8.434534,74,15,276.687500,6116.750
1785209566.802495480,8.434534,74,15,278.328125,6101.750
1785209566.802495480,8.434534,74,15,279.953125,6104.250
1785209566.802495480,8.434534,74,15,281.578125,6125.250
1785209566.802495480,8.434534,74,12,284.859375,5957.250
1785209566.802495480,8.434534,74,15,288.125000,5578.500
1785209566.802495480,8.434534,74,15,289.750000,5640.500
1785209566.802495480,8.434534,74,15,291.375000,5709.000
1785209566.802495480,8.434534,74,8,342.156250,4495.500
1785209566.802495480,8.434534,74,12,347.078125,4698.750
1785209566.802495480,8.434534,74,14,348.734375,4706.250
1785209566.913642168,8.514454,75,13,350.343750,4713.500
1785209566.913642168,8.514454,75,15,352.000000,4722.500
1785209566.913642168,8.514454,75,14,353.640625,4731.250
1785209566.913642168,8.514454,75,14,355.265625,4751.000
1785209566.913642168,8.514454,75,15,356.906250,4787.500
1785209566.913642168,8.514454,75,12,358.531250,4836.750
1785209566.913642168,8.514454,75,11,0.171875,4879.000
1785209566.913642168,8.514454,75,12,1.812500,4902.250
1785209566.913642168,8.514454,75,11,3.453125,4939.000
1785209566.913642168,8.514454,75,15,5.093750,4952.250
1785209566.913642168,8.514454,75,15,6.718750,4970.250
1785209566.913642168,8.514454,75,15,8.343750,5010.000
1785209566.913642168,8.514454,75,15,9.968750,5047.500
1785209566.913642168,8.514454,75,10,11.531250,5135.750
1785209566.913642168,8.514454,75,15,170.593750,1238.250
1785209566.913642168,8.514454,75,15,172.234375,1232.000
1785209566.913642168,8.514454,75,15,173.890625,1230.500
1785209566.913642168,8.514454,75,15,175.421875,1238.750
1785209566.913642168,8.514454,75,7,213.640625,11435.500
1785209566.913642168,8.514454,75,13,218.546875,9731.250
1785209566.913642168,8.514454,75,15,223.453125,8735.250
1785209566.913642168,8.514454,75,15,225.109375,8530.250
1785209566.913642168,8.514454,75,15,228.328125,8026.250
1785209566.913642168,8.514454,75,15,229.968750,7858.250
1785209566.913642168,8.514454,75,15,231.593750,7717.250
1785209566.913642168,8.514454,75,15,234.843750,7323.500
1785209566.913642168,8.514454,75,15,236.484375,7175.000
1785209566.913642168,8.514454,75,15,238.125000,7031.250
1785209566.913642168,8.514454,75,15,252.906250,5360.250
1785209566.913642168,8.514454,75,15,256.125000,5803.500
1785209566.913642168,8.514454,75,15,257.765625,5742.500
1785209566.913642168,8.514454,75,15,259.406250,5691.000
1785209566.913642168,8.514454,75,15,261.031250,5653.500
1785209566.913642168,8.514454,75,15,262.656250,5703.250
1785209566.913642168,8.514454,75,15,264.296875,5851.000
1785209566.913642168,8.514454,75,15,265.921875,6034.750
1785209566.913642168,8.514454,75,15,267.546875,6120.250
1785209566.913642168,8.514454,75,15,269.187500,6082.250
1785209566.913642168,8.514454,75,15,270.812500,6092.500
1785209566.913642168,8.514454,75,15,272.453125,6111.750
1785209566.913642168,8.514454,75,15,274.078125,6097.250
1785209566.913642168,8.514454,75,15,275.671875,6085.250
1785209566.913642168,8.514454,75,15,277.281250,6073.250
1785209566.913642168,8.514454,75,15,278.921875,6096.500
1785209566.913642168,8.514454,75,15,280.546875,6124.000
1785209566.913642168,8.514454,75,15,282.171875,6187.750
1785209566.913642168,8.514454,75,15,287.078125,5595.500
1785209566.913642168,8.514454,75,15,288.703125,5600.750
1785209566.913642168,8.514454,75,15,290.328125,5652.000
1785209566.913642168,8.514454,75,11,347.703125,4700.000
1785209566.913642168,8.514454,75,15,349.343750,4712.750
1785209567.027194738,8.657329,76,13,350.968750,4731.000
1785209567.027194738,8.657329,76,15,352.593750,4739.250
1785209567.027194738,8.657329,76,15,354.234375,4764.500
1785209567.027194738,8.657329,76,12,355.875000,4792.000
1785209567.027194738,8.657329,76,15,357.515625,4830.000
1785209567.027194738,8.657329,76,15,359.140625,4880.500
1785209567.027194738,8.657329,76,10,0.796875,4922.750
1785209567.027194738,8.657329,76,15,2.421875,4947.000
1785209567.027194738,8.657329,76,14,4.046875,4942.750
1785209567.027194738,8.657329,76,15,5.703125,4955.250
1785209567.027194738,8.657329,76,15,7.312500,4977.750
1785209567.027194738,8.657329,76,15,8.953125,5010.500
1785209567.027194738,8.657329,76,13,10.500000,5092.750
1785209567.027194738,8.657329,76,9,12.125000,5209.500
1785209567.027194738,8.657329,76,15,171.234375,1236.750
1785209567.027194738,8.657329,76,15,172.875000,1232.750
1785209567.027194738,8.657329,76,15,174.484375,1232.500
1785209567.027194738,8.657329,76,11,215.890625,10121.000
1785209567.027194738,8.657329,76,15,222.437500,8913.500
1785209567.027194738,8.657329,76,15,224.078125,8724.750
1785209567.027194738,8.657329,76,15,227.359375,8190.500
1785209567.027194738,8.657329,76,15,229.000000,7992.250
1785209567.027194738,8.657329,76,15,230.640625,7789.000
1785209567.027194738,8.657329,76,15,232.265625,7634.000
1785209567.027194738,8.657329,76,15,233.906250,7473.500
1785209567.027194738,8.657329,76,15,235.546875,7290.750
1785209567.027194738,8.657329,76,15,237.187500,7161.750
1785209567.027194738,8.657329,76,15,238.828125,7034.500
1785209567.027194738,8.657329,76,15,243.734375,6652.500
1785209567.027194738,8.657329,76,15,247.000000,6199.750
1785209567.027194738,8.657329,76,15,255.203125,5866.000
1785209567.027194738,8.657329,76,15,256.843750,5803.250
1785209567.027194738,8.657329,76,15,258.500000,5731.500
1785209567.027194738,8.657329,76,15,260.109375,5670.500
1785209567.027194738,8.657329,76,15,261.750000,5705.250
1785209567.027194738,8.657329,76,15,263.390625,5767.500
1785209567.027194738,8.657329,76,15,266.640625,6127.250
1785209567.027194738,8.657329,76,15,268.281250,6101.750
1785209567.027194738,8.657329,76,15,269.906250,6065.750
1785209567.027194738,8.657329,76,15,271.546875,6067.000
1785209567.027194738,8.657329,76,15,273.171875,6063.500
1785209567.027194738,8.657329,76,15,274.718750,6081.000
1785209567.027194738,8.657329,76,15,276.359375,6076.250
1785209567.027194738,8.657329,76,15,277.984375,6090.250
1785209567.027194738,8.657329,76,15,279.609375,6146.250
1785209567.027194738,8.657329,76,15,281.250000,6165.000
1785209567.027194738,8.657329,76,15,287.765625,5539.000
1785209567.027194738,8.657329,76,15,289.390625,5610.250
1785209567.027194738,8.657329,76,11,291.046875,5687.750
1785209567.027194738,8.657329,76,12,304.218750,5077.750
1785209567.027194738,8.657329,76,9,338.671875,4471.500
1785209567.027194738,8.657329,76,7,341.953125,4510.750
1785209567.027194738,8.657329,76,12,348.453125,4698.250
1785209567.027194738,8.657329,76,11,350.093750,4706.250
1785209567.139480114,8.737059,77,14,351.718750,4711.500
1785209567.139480114,8.737059,77,13,353.375000,4723.000
1785209567.139480114,8.737059,77,15,354.984375,4740.000
1785209567.139480114,8.737059,77,12,356.625000,4761.250
1785209567.139480114,8.737059,77,15,358.281250,4796.750
1785209567.139480114,8.737059,77,15,359.890625,4842.500
1785209567.139480114,8.737059,77,12,3.171875,4901.750
1785209567.139480114,8.737059,77,15,4.796875,4972.000
1785209567.139480114,8.737059,77,15,6.453125,4980.750
1785209567.139480114,8.737059,77,15,8.078125,4970.250
1785209567.139480114,8.737059,77,15,9.718750,5010.500
1785209567.139480114,8.737059,77,10,11.250000,5115.750
1785209567.139480114,8.737059,77,15,172.031250,1227.750
1785209567.139480114,8.737059,77,15,173.671875,1222.000
1785209567.139480114,8.737059,77,15,175.281250,1230.500
1785209567.139480114,8.737059,77,7,193.859375,10266.500
1785209567.139480114,8.737059,77,11,218.359375,9879.000
1785209567.139480114,8.737059,77,15,223.265625,8763.000
1785209567.139480114,8.737059,77,15,224.906250,8562.000
1785209567.139480114,8.737059,77,15,228.218750,8065.250
1785209567.139480114,8.737059,77,15,229.859375,7896.750
1785209567.139480114,8.737059,77,15,231.500000,7728.250
1785209567.139480114,8.737059,77,15,233.140625,7571.750
1785209567.139480114,8.737059,77,15,234.781250,7385.000
1785209567.139480114,8.737059,77,15,236.390625,7239.500
1785209567.139480114,8.737059,77,15,238.031250,7103.500
1785209567.139480114,8.737059,77,15,244.593750,6556.250
1785209567.139480114,8.737059,77,11,249.546875,5254.250
1785209567.139480114,8.737059,77,15,257.687500,5765.250
1785209567.139480114,8.737059,77,15,259.328125,5721.750
1785209567.139480114,8.737059,77,15,260.968750,5702.750
1785209567.139480114,8.737059,77,15,262.578125,5737.000
1785209567.139480114,8.737059,77,15,264.218750,5862.000
1785209567.139480114,8.737059,77,15,265.843750,6029.500
1785209567.139480114,8.737059,77,15,267.484375,6121.000
1785209567.139480114,8.737059,77,15,269.125000,6110.250
1785209567.139480114,8.737059,77,15,270.750000,6093.500
1785209567.139480114,8.737059,77,15,272.375000,6087.250
1785209567.139480114,8.737059,77,15,274.015625,6095.750
1785209567.139480114,8.737059,77,15,275.593750,6088.000
1785209567.139480114,8.737059,77,15,277.234375,6081.000
1785209567.139480114,8.737059,77,15,278.859375,6098.500
1785209567.139480114,8.737059,77,15,280.500000,6123.750
1785209567.139480114,8.737059,77,15,282.125000,6162.750
1785209567.139480114,8.737059,77,15,283.750000,6148.750
1785209567.139480114,8.737059,77,15,288.656250,5609.750
1785209567.139480114,8.737059,77,15,290.281250,5662.500
1785209567.139480114,8.737059,77,9,344.484375,4584.500
1785209567.139480114,8.737059,77,8,346.109375,4665.000
1785209567.139480114,8.737059,77,10,347.687500,4699.500
1785209567.139480114,8.737059,77,15,349.328125,4713.750
1785209567.254164219,8.894664,78,15,350.984375,4731.000
1785209567.254164219,8.894664,78,14,352.593750,4738.000
1785209567.254164219,8.894664,78,15,354.234375,4760.000
1785209567.254164219,8.894664,78,11,355.859375,4787.500
1785209567.254164219,8.894664,78,15,357.515625,4832.500
1785209567.254164219,8.894664,78,15,359.140625,4884.750
1785209567.254164219,8.894664,78,9,0.765625,4922.750
1785209567.254164219,8.894664,78,15,2.406250,4946.750
1785209567.254164219,8.894664,78,15,4.046875,4947.750
1785209567.254164219,8.894664,78,15,5.656250,4961.500
1785209567.254164219,8.894664,78,15,7.312500,4981.000
1785209567.254164219,8.894664,78,15,8.953125,5033.750
1785209567.254164219,8.894664,78,11,10.515625,5117.750
1785209567.254164219,8.894664,78,15,171.375000,1236.500
1785209567.254164219,8.894664,78,15,172.937500,1232.500
1785209567.254164219,8.894664,78,15,174.656250,1227.250
1785209567.254164219,8.894664,78,15,176.250000,1233.500
1785209567.254164219,8.894664,78,7,193.109375,10211.750
1785209567.254164219,8.894664,78,15,224.156250,8718.250
1785209567.254164219,8.894664,78,15,225.781250,8504.000
1785209567.254164219,8.894664,78,15,229.078125,8034.000
1785209567.254164219,8.894664,78,15,230.734375,7857.500
1785209567.254164219,8.894664,78,15,232.375000,7673.000
1785209567.254164219,8.894664,78,15,234.015625,7518.000
1785209567.254164219,8.894664,78,15,235.640625,7336.750
1785209567.254164219,8.894664,78,15,237.281250,7181.000
1785209567.254164219,8.894664,78,15,238.921875,7055.750
1785209567.254164219,8.894664,78,15,240.546875,6890.500
1785209567.254164219,8.894664,78,15,245.453125,6535.500
1785209567.254164219,8.894664,78,15,253.656250,5924.500
1785209567.254164219,8.894664,78,15,255.281250,5870.250
1785209567.254164219,8.894664,78,15,256.937500,5811.000
1785209567.254164219,8.894664,78,15,258.578125,5736.500
1785209567.254164219,8.894664,78,15,260.187500,5707.500
1785209567.254164219,8.894664,78,10,261.828125,5732.500
1785209567.254164219,8.894664,78,15,263.468750,5762.750
1785209567.254164219,8.894664,78,15,266.703125,6131.250
1785209567.254164219,8.894664,78,15,268.343750,6104.000
1785209567.254164219,8.894664,78,15,269.968750,6094.000
1785209567.254164219,8.894664,78,15,271.609375,6074.250
1785209567.254164219,8.894664,78,15,273.250000,6086.000
1785209567.254164219,8.894664,78,15,274.843750,6127.250
1785209567.254164219,8.894664,78,15,276.468750,6087.750
1785209567.254164219,8.894664,78,15,278.093750,6110.000
1785209567.254164219,8.894664,78,15,279.734375,6160.250
1785209567.254164219,8.894664,78,15,281.343750,6190.250
1785209567.254164219,8.894664,78,15,282.984375,6215.250
1785209567.254164219,8.894664,78,15,287.890625,5571.750
1785209567.254164219,8.894664,78,15,289.515625,5633.750
1785209567.254164219,8.894664,78,15,291.156250,5702.000
1785209567.254164219,8.894664,78,9,310.968750,4841.750
1785209567.254164219,8.894664,78,14,347.015625,4697.000
1785209567.254164219,8.894664,78,14,348.671875,4711.500
1785209567.254164219,8.894664,78,10,350.296875,4724.250
1785209567.364343643,8.957242,79,14,351.937500,4733.250
1785209567.364343643,8.957242,79,14,353.578125,4737.750
1785209567.364343643,8.957242,79,15,355.203125,4752.250
1785209567.364343643,8.957242,79,13,356.828125,4790.000
1785209567.364343643,8.957242,79,13,358.468750,4838.500
1785209567.364343643,8.957242,79,12,0.109375,4880.500
1785209567.364343643,8.957242,79,12,1.734375,4907.750
1785209567.364343643,8.957242,79,15,3.375000,4939.250
1785209567.364343643,8.957242,79,15,5.000000,4955.750
1785209567.364343643,8.957242,79,15,6.656250,4958.250
1785209567.364343643,8.957242,79,15,8.281250,4991.500
1785209567.364343643,8.957242,79,15,9.906250,5066.750
1785209567.364343643,8.957242,79,11,11.484375,5184.250
1785209567.364343643,8.957242,79,15,172.359375,1233.750
1785209567.364343643,8.957242,79,15,173.953125,1226.250
1785209567.364343643,8.957242,79,15,175.609375,1223.250
1785209567.364343643,8.957242,79,8,213.750000,11784.250
1785209567.364343643,8.957242,79,15,218.671875,9878.750
1785209567.364343643,8.957242,79,15,223.593750,8804.000
1785209567.364343643,8.957242,79,15,225.234375,8600.500
1785209567.364343643,8.957242,79,15,228.468750,8148.250
1785209567.364343643,8.957242,79,15,230.109375,7963.000
1785209567.364343643,8.957242,79,15,231.734375,7758.500
1785209567.364343643,8.957242,79,15,233.375000,7587.250
1785209567.364343643,8.957242,79,15,236.656250,7213.000
1785209567.364343643,8.957242,79,15,238.281250,7084.000
1785209567.364343643,8.957242,79,15,244.828125,6555.250
1785209567.364343643,8.957242,79,8,254.640625,5045.750
1785209567.364343643,8.957242,79,15,257.875000,5780.250
1785209567.364343643,8.957242,79,15,259.500000,5700.500
1785209567.364343643,8.957242,79,15,261.125000,5659.250
1785209567.364343643,8.957242,79,15,262.750000,5709.250
1785209567.364343643,8.957242,79,15,264.375000,5848.500
1785209567.364343643,8.957242,79,15,267.625000,6121.000
1785209567.364343643,8.957242,79,15,269.265625,6118.500
1785209567.364343643,8.957242,79,15,270.890625,6116.750
1785209567.364343643,8.957242,79,15,272.515625,6108.500
1785209567.364343643,8.957242,79,15,274.156250,6094.750
1785209567.364343643,8.957242,79,15,275.796875,6113.500
1785209567.364343643,8.957242,79,15,277.421875,6112.250
1785209567.364343643,8.957242,79,15,279.078125,6111.000
1785209567.364343643,8.957242,79,15,280.687500,6134.250
1785209567.364343643,8.957242,79,15,282.312500,6170.250
1785209567.364343643,8.957242,79,15,283.953125,6142.250
1785209567.364343643,8.957242,79,15,288.859375,5601.000
1785209567.364343643,8.957242,79,15,290.484375,5655.250
1785209567.364343643,8.957242,79,9,292.109375,5686.000
1785209567.364343643,8.957242,79,10,344.671875,4683.500
1785209567.364343643,8.957242,79,14,346.328125,4725.250
1785209567.364343643,8.957242,79,15,347.937500,4754.250
1785209567.364343643,8.957242,79,9,349.562500,4768.000
1785209567.479071379,9.115306,80,14,351.187500,4799.500
1785209567.479071379,9.115306,80,15,352.828125,4813.500
1785209567.479071379,9.115306,80,15,354.468750,4819.750
1785209567.479071379,9.115306,80,12,356.093750,4861.750
1785209567.479071379,9.115306,80,15,357.734375,4903.750
1785209567.479071379,9.115306,80,11,359.359375,4963.000
1785209567.479071379,9.115306,80,11,0.984375,5028.000
1785209567.479071379,9.115306,80,10,2.625000,5054.250
1785209567.479071379,9.115306,80,12,4.265625,5065.250
1785209567.479071379,9.115306,80,15,5.906250,5086.500
1785209567.479071379,9.115306,80,11,7.546875,5105.500
1785209567.479071379,9.115306,80,12,9.156250,5134.500
1785209567.479071379,9.115306,80,9,10.765625,5207.500
1785209567.479071379,9.115306,80,15,171.390625,1234.000
1785209567.479071379,9.115306,80,15,173.062500,1227.750
1785209567.479071379,9.115306,80,15,174.625000,1224.750
1785209567.479071379,9.115306,80,15,176.265625,1226.500
1785209567.479071379,9.115306,80,11,211.203125,11725.250
1785209567.479071379,9.115306,80,14,219.375000,9751.000
1785209567.479071379,9.115306,80,15,222.671875,8986.750
1785209567.479071379,9.115306,80,15,224.296875,8741.500
1785209567.479071379,9.115306,80,15,225.937500,8527.750
1785209567.479071379,9.115306,80,15,229.171875,8045.000
1785209567.479071379,9.115306,80,15,230.812500,7866.250
1785209567.479071379,9.115306,80,15,232.437500,7681.500
1785209567.479071379,9.115306,80,15,234.062500,7526.750
1785209567.479071379,9.115306,80,15,235.703125,7343.750
1785209567.479071379,9.115306,80,15,237.343750,7189.000
1785209567.479071379,9.115306,80,15,238.984375,7090.500
1785209567.479071379,9.115306,80,15,250.453125,5431.500
1785209567.479071379,9.115306,80,15,255.312500,5877.250
1785209567.479071379,9.115306,80,15,256.937500,5819.500
1785209567.479071379,9.115306,80,15,258.593750,5744.500
1785209567.479071379,9.115306,80,15,260.203125,5709.500
1785209567.479071379,9.115306,80,15,261.843750,5698.250
1785209567.479071379,9.115306,80,15,263.468750,5731.500
1785209567.479071379,9.115306,80,15,268.343750,6110.500
1785209567.479071379,9.115306,80,15,269.968750,6093.250
1785209567.479071379,9.115306,80,15,271.593750,6111.750
1785209567.479071379,9.115306,80,15,273.234375,6125.500
1785209567.479071379,9.115306,80,15,274.859375,6119.250
1785209567.479071379,9.115306,80,15,276.484375,6114.000
1785209567.479071379,9.115306,80,15,278.109375,6142.500
1785209567.479071379,9.115306,80,15,279.750000,6164.000
1785209567.479071379,9.115306,80,15,281.375000,6188.750
1785209567.479071379,9.115306,80,15,283.015625,6214.000
1785209567.479071379,9.115306,80,15,287.921875,5571.750
1785209567.479071379,9.115306,80,15,289.546875,5631.750
1785209567.479071379,9.115306,80,15,291.156250,5698.750
1785209567.479071379,9.115306,80,9,340.421875,4747.500
1785209567.479071379,9.115306,80,9,342.062500,4686.750
1785209567.479071379,9.115306,80,8,343.687500,4692.250
1785209567.479071379,9.115306,80,11,345.328125,4720.500
1785209567.479071379,9.115306,80,14,346.953125,4753.000
1785209567.479071379,9.115306,80,12,348.593750,4766.750
1785209567.479071379,9.115306,80,12,350.234375,4782.500
1785209567.590382099,9.192667,81,15,351.890625,4803.500
1785209567.590382099,9.192667,81,13,353.500000,4823.250
1785209567.590382099,9.192667,81,9,355.140625,4851.000
1785209567.590382099,9.192667,81,15,356.765625,4891.250
1785209567.590382099,9.192667,81,15,358.406250,4939.000
1785209567.590382099,9.192667,81,15,0.046875,4987.750
1785209567.590382099,9.192667,81,10,1.671875,5033.500
1785209567.590382099,9.192667,81,12,3.312500,5066.750
1785209567.590382099,9.192667,81,13,4.953125,5090.500
1785209567.590382099,9.192667,81,14,6.578125,5113.750
1785209567.590382099,9.192667,81,11,8.203125,5132.000
1785209567.590382099,9.192667,81,14,9.843750,5169.500
1785209567.590382099,9.192667,81,15,172.156250,1240.000
1785209567.590382099,9.192667,81,15,173.781250,1230.250
1785209567.590382099,9.192667,81,15,175.390625,1223.250
1785209567.590382099,9.192667,81,15,177.046875,1228.000
1785209567.590382099,9.192667,81,15,178.625000,1254.000
1785209567.590382099,9.192667,81,15,223.390625,8911.750
1785209567.590382099,9.192667,81,15,226.640625,8395.500
1785209567.590382099,9.192667,81,15,228.281250,8199.250
1785209567.590382099,9.192667,81,15,229.906250,7996.250
1785209567.590382099,9.192667,81,15,231.562500,7797.500
1785209567.590382099,9.192667,81,15,233.187500,7636.500
1785209567.590382099,9.192667,81,15,234.812500,7488.750
1785209567.590382099,9.192667,81,15,236.453125,7301.000
1785209567.590382099,9.192667,81,15,238.078125,7174.500
1785209567.590382099,9.192667,81,15,239.718750,7041.500
1785209567.590382099,9.192667,81,15,241.359375,6844.750
1785209567.590382099,9.192667,81,15,244.625000,6662.250
1785209567.590382099,9.192667,81,15,247.906250,6200.500
1785209567.590382099,9.192667,81,15,254.468750,5943.750
1785209567.590382099,9.192667,81,15,256.093750,5844.250
1785209567.590382099,9.192667,81,15,257.734375,5792.250
1785209567.590382099,9.192667,81,15,259.390625,5764.250
1785209567.590382099,9.192667,81,15,261.015625,5746.750
1785209567.590382099,9.192667,81,15,262.656250,5788.500
1785209567.590382099,9.192667,81,15,264.281250,5803.000
1785209567.590382099,9.192667,81,15,267.531250,6117.500
1785209567.590382099,9.192667,81,15,269.171875,6107.750
1785209567.590382099,9.192667,81,15,270.796875,6128.750
1785209567.590382099,9.192667,81,15,272.437500,6123.250
1785209567.590382099,9.192667,81,15,274.062500,6101.250
1785209567.590382099,9.192667,81,15,275.656250,6117.000
1785209567.590382099,9.192667,81,15,277.296875,6134.250
1785209567.590382099,9.192667,81,15,278.921875,6153.250
1785209567.590382099,9.192667,81,15,280.562500,6186.500
1785209567.590382099,9.192667,81,15,282.171875,6198.000
1785209567.590382099,9.192667,81,15,283.828125,6107.250
1785209567.590382099,9.192667,81,15,285.453125,5975.500
1785209567.590382099,9.192667,81,15,288.734375,5601.000
1785209567.590382099,9.192667,81,15,290.359375,5653.750
1785209567.590382099,9.192667,81,8,337.843750,4684.750
1785209567.590382099,9.192667,81,10,339.484375,4698.250
1785209567.590382099,9.192667,81,7,341.109375,4711.000
1785209567.590382099,9.192667,81,9,342.765625,4718.250
1785209567.590382099,9.192667,81,10,344.390625,4743.500
1785209567.590382099,9.192667,81,12,346.015625,4776.500
1785209567.590382099,9.192667,81,12,347.703125,4807.750
1785209567.590382099,9.192667,81,9,349.328125,4833.750
1785209567.706551790,9.333977,82,9,350.968750,4852.250
1785209567.706551790,9.333977,82,14,352.609375,4871.000
1785209567.706551790,9.333977,82,12,354.250000,4878.250
1785209567.706551790,9.333977,82,15,355.875000,4893.500
1785209567.706551790,9.333977,82,9,357.515625,4974.000
1785209567.706551790,9.333977,82,13,359.125000,5054.250
1785209567.706551790,9.333977,82,12,0.781250,5070.750
1785209567.706551790,9.333977,82,12,2.421875,5075.250
1785209567.706551790,9.333977,82,14,4.062500,5097.750
1785209567.706551790,9.333977,82,15,5.703125,5122.750
1785209567.706551790,9.333977,82,15,7.312500,5140.000
1785209567.706551790,9.333977,82,11,8.953125,5162.500
1785209567.706551790,9.333977,82,11,10.531250,5231.500
1785209567.706551790,9.333977,82,15,171.265625,1235.750
1785209567.706551790,9.333977,82,15,172.984375,1224.500
1785209567.706551790,9.333977,82,15,174.562500,1224.000
1785209567.706551790,9.333977,82,15,176.187500,1224.750
1785209567.706551790,9.333977,82,15,177.859375,1229.000
1785209567.706551790,9.333977,82,8,211.015625,11841.250
1785209567.706551790,9.333977,82,15,224.093750,8762.250
1785209567.706551790,9.333977,82,15,225.734375,8591.750
1785209567.706551790,9.333977,82,15,229.015625,8115.000
1785209567.706551790,9.333977,82,15,230.640625,7951.250
1785209567.706551790,9.333977,82,15,232.281250,7767.500
1785209567.706551790,9.333977,82,15,235.562500,7353.000
1785209567.706551790,9.333977,82,15,237.187500,7199.500
1785209567.706551790,9.333977,82,15,238.812500,7116.500
1785209567.706551790,9.333977,82,15,245.343750,6606.500
1785209567.706551790,9.333977,82,15,258.500000,5788.750
1785209567.706551790,9.333977,82,15,260.140625,5754.750
1785209567.706551790,9.333977,82,15,261.765625,5700.250
1785209567.706551790,9.333977,82,15,263.390625,5761.250
1785209567.706551790,9.333977,82,15,265.015625,5873.500
1785209567.706551790,9.333977,82,15,268.296875,6143.500
1785209567.706551790,9.333977,82,15,269.921875,6105.500
1785209567.706551790,9.333977,82,15,271.546875,6093.750
1785209567.706551790,9.333977,82,15,273.187500,6133.250
1785209567.706551790,9.333977,82,15,274.765625,6131.000
1785209567.706551790,9.333977,82,15,276.390625,6143.000
1785209567.706551790,9.333977,82,15,278.015625,6155.250
1785209567.706551790,9.333977,82,15,279.640625,6150.000
1785209567.706551790,9.333977,82,15,281.281250,6168.750
1785209567.706551790,9.333977,82,15,282.906250,6209.000
1785209567.706551790,9.333977,82,15,289.437500,5631.500
1785209567.706551790,9.333977,82,15,291.078125,5697.000
1785209567.706551790,9.333977,82,14,322.250000,4715.500
1785209567.706551790,9.333977,82,11,327.187500,4723.000
1785209567.706551790,9.333977,82,8,337.015625,4702.250
1785209567.706551790,9.333977,82,8,338.640625,4686.750
1785209567.706551790,9.333977,82,7,340.296875,4693.500
1785209567.706551790,9.333977,82,8,341.921875,4691.500
1785209567.706551790,9.333977,82,8,343.562500,4706.250
1785209567.706551790,9.333977,82,12,345.187500,4735.250
1785209567.706551790,9.333977,82,12,346.828125,4764.000
1785209567.706551790,9.333977,82,12,348.453125,4776.500
1785209567.706551790,9.333977,82,12,350.125000,4778.500
1785209567.817413330,9.412094,83,12,351.734375,4800.750
1785209567.817413330,9.412094,83,12,353.390625,4829.000
1785209567.817413330,9.412094,83,11,355.015625,4851.000
1785209567.817413330,9.412094,83,15,356.625000,4890.500
1785209567.817413330,9.412094,83,15,358.281250,4931.750
1785209567.817413330,9.412094,83,13,359.906250,4978.750
1785209567.817413330,9.412094,83,10,1.546875,5022.000
1785209567.817413330,9.412094,83,12,3.171875,5054.250
1785209567.817413330,9.412094,83,11,4.812500,5081.750
1785209567.817413330,9.412094,83,12,6.453125,5098.500
1785209567.817413330,9.412094,83,11,8.109375,5127.750
1785209567.817413330,9.412094,83,11,9.718750,5172.500
1785209567.817413330,9.412094,83,9,11.281250,5274.250
1785209567.817413330,9.412094,83,15,172.093750,1235.500
1785209567.817413330,9.412094,83,15,173.656250,1227.750
1785209567.817413330,9.412094,83,15,175.359375,1222.750
1785209567.817413330,9.412094,83,15,177.000000,1220.000
1785209567.817413330,9.412094,83,7,193.890625,10246.000
1785209567.817413330,9.412094,83,13,219.953125,9750.250
1785209567.817413330,9.412094,83,15,224.843750,8713.000
1785209567.817413330,9.412094,83,15,226.500000,8505.250
1785209567.817413330,9.412094,83,15,229.781250,8076.250
1785209567.817413330,9.412094,83,15,231.406250,7898.250
1785209567.817413330,9.412094,83,15,233.031250,7694.250
1785209567.817413330,9.412094,83,15,234.671875,7534.750
1785209567.817413330,9.412094,83,15,236.312500,7375.000
1785209567.817413330,9.412094,83,15,237.953125,7218.250
1785209567.817413330,9.412094,83,15,239.578125,7069.250
1785209567.817413330,9.412094,83,15,254.312500,5973.250
1785209567.817413330,9.412094,83,15,255.937500,5912.250
1785209567.817413330,9.412094,83,15,257.562500,5840.750
1785209567.817413330,9.412094,83,15,259.203125,5779.250
1785209567.817413330,9.412094,83,15,260.843750,5733.250
1785209567.817413330,9.412094,83,15,264.109375,5759.500
1785209567.817413330,9.412094,83,15,267.359375,6148.500
1785209567.817413330,9.412094,83,15,269.000000,6114.000
1785209567.817413330,9.412094,83,15,270.625000,6110.500
1785209567.817413330,9.412094,83,15,272.265625,6134.250
1785209567.817413330,9.412094,83,15,273.875000,6125.000
1785209567.817413330,9.412094,83,15,275.468750,6134.250
1785209567.817413330,9.412094,83,15,277.078125,6148.500
1785209567.817413330,9.412094,83,15,278.718750,6162.750
1785209567.817413330,9.412094,83,15,280.343750,6150.750
1785209567.817413330,9.412094,83,15,281.968750,6182.000
1785209567.817413330,9.412094,83,15,283.593750,6238.250
1785209567.817413330,9.412094,83,15,288.484375,5611.750
1785209567.817413330,9.412094,83,15,290.125000,5654.500
1785209567.817413330,9.412094,83,10,291.750000,5704.000
1785209567.817413330,9.412094,83,7,342.656250,4693.000
1785209567.817413330,9.412094,83,10,344.296875,4693.500
1785209567.817413330,9.412094,83,11,345.937500,4727.750
1785209567.817413330,9.412094,83,14,347.531250,4749.500
1785209567.817413330,9.412094,83,13,349.171875,4762.000
1785209567.930923462,9.538247,84,10,350.812500,4781.250
1785209567.930923462,9.538247,84,13,352.421875,4796.500
1785209567.930923462,9.538247,84,12,354.078125,4809.250
1785209567.930923462,9.538247,84,11,355.703125,4844.750
1785209567.930923462,9.538247,84,15,357.343750,4896.500
1785209567.930923462,9.538247,84,15,358.984375,4939.750
1785209567.930923462,9.538247,84,11,0.609375,4994.500
1785209567.930923462,9.538247,84,9,2.234375,5031.000
1785209567.930923462,9.538247,84,13,3.859375,5048.250
1785209567.930923462,9.538247,84,15,5.500000,5077.000
1785209567.930923462,9.538247,84,14,7.140625,5100.750
1785209567.930923462,9.538247,84,11,8.765625,5127.000
1785209567.930923462,9.538247,84,15,10.328125,5177.750
1785209567.930923462,9.538247,84,8,11.953125,5294.500
1785209567.930923462,9.538247,84,15,172.812500,1227.750
1785209567.930923462,9.538247,84,15,174.468750,1225.750
1785209567.930923462,9.538247,84,15,176.109375,1228.250
1785209567.930923462,9.538247,84,15,177.671875,1224.500
1785209567.930923462,9.538247,84,15,223.906250,8867.250
1785209567.930923462,9.538247,84,15,225.546875,8661.000
1785209567.930923462,9.538247,84,15,228.828125,8150.750
1785209567.930923462,9.538247,84,15,230.468750,7972.500
1785209567.930923462,9.538247,84,15,232.093750,7796.000
1785209567.930923462,9.538247,84,15,233.750000,7636.250
1785209567.930923462,9.538247,84,15,235.375000,7474.500
1785209567.930923462,9.538247,84,15,237.000000,7301.000
1785209567.930923462,9.538247,84,15,238.640625,7165.000
1785209567.930923462,9.538247,84,15,240.281250,7041.000
1785209567.930923462,9.538247,84,15,241.921875,6886.750
1785209567.930923462,9.538247,84,15,248.453125,6249.250
1785209567.930923462,9.538247,84,12,254.968750,6037.250
1785209567.930923462,9.538247,84,15,256.609375,5960.750
1785209567.930923462,9.538247,84,15,258.250000,5857.250
1785209567.930923462,9.538247,84,15,259.890625,5788.500
1785209567.930923462,9.538247,84,15,261.515625,5726.750
1785209567.930923462,9.538247,84,15,263.125000,5791.000
1785209567.930923462,9.538247,84,15,264.750000,5851.750
1785209567.930923462,9.538247,84,15,268.000000,6165.000
1785209567.930923462,9.538247,84,15,269.640625,6155.500
1785209567.930923462,9.538247,84,15,271.265625,6145.000
1785209567.930923462,9.538247,84,15,272.890625,6152.000
1785209567.930923462,9.538247,84,15,274.484375,6149.750
1785209567.930923462,9.538247,84,15,276.093750,6156.750
1785209567.930923462,9.538247,84,15,277.734375,6151.000
1785209567.930923462,9.538247,84,15,279.359375,6170.000
1785209567.930923462,9.538247,84,15,280.968750,6231.250
1785209567.930923462,9.538247,84,15,282.609375,6237.750
1785209567.930923462,9.538247,84,15,284.250000,6145.250
1785209567.930923462,9.538247,84,15,289.125000,5637.000
1785209567.930923462,9.538247,84,15,290.765625,5667.500
1785209567.930923462,9.538247,84,10,344.937500,4685.500
1785209567.930923462,9.538247,84,11,346.562500,4715.750
1785209567.930923462,9.538247,84,12,348.171875,4743.500
1785209567.930923462,9.538247,84,15,349.796875,4755.750
1785209568.043917894,9.680353,85,14,351.453125,4766.750
1785209568.043917894,9.680353,85,15,353.093750,4777.000
1785209568.043917894,9.680353,85,12,354.718750,4786.000
1785209568.043917894,9.680353,85,11,356.359375,4824.750
1785209568.043917894,9.680353,85,15,357.968750,4893.000
1785209568.043917894,9.680353,85,15,359.609375,4928.000
1785209568.043917894,9.680353,85,11,1.250000,4968.500
1785209568.043917894,9.680353,85,15,2.875000,5004.250
1785209568.043917894,9.680353,85,15,4.531250,5022.750
1785209568.043917894,9.680353,85,15,6.156250,5055.000
1785209568.043917894,9.680353,85,15,7.781250,5074.500
1785209568.043917894,9.680353,85,14,9.421875,5103.250
1785209568.043917894,9.680353,85,12,10.984375,5178.250
1785209568.043917894,9.680353,85,15,171.875000,1247.000
1785209568.043917894,9.680353,85,15,173.515625,1230.500
1785209568.043917894,9.680353,85,15,175.109375,1222.000
1785209568.043917894,9.680353,85,15,176.765625,1220.500
1785209568.043917894,9.680353,85,15,178.421875,1226.750
1785209568.043917894,9.680353,85,15,179.953125,1243.000
1785209568.043917894,9.680353,85,15,224.703125,8757.250
1785209568.043917894,9.680353,85,15,226.343750,8594.500
1785209568.043917894,9.680353,85,15,229.609375,8109.500
1785209568.043917894,9.680353,85,15,231.250000,7915.500
1785209568.043917894,9.680353,85,15,232.875000,7743.250
1785209568.043917894,9.680353,85,15,234.515625,7589.250
1785209568.043917894,9.680353,85,15,236.140625,7401.000
1785209568.043917894,9.680353,85,15,237.781250,7237.750
1785209568.043917894,9.680353,85,15,239.406250,7137.750
1785209568.043917894,9.680353,85,15,245.937500,6585.000
1785209568.043917894,9.680353,85,15,257.390625,5872.250
1785209568.043917894,9.680353,85,15,259.015625,5828.500
1785209568.043917894,9.680353,85,15,260.671875,5756.250
1785209568.043917894,9.680353,85,15,262.281250,5698.750
1785209568.043917894,9.680353,85,15,263.906250,5768.500
1785209568.043917894,9.680353,85,15,265.531250,5932.750
1785209568.043917894,9.680353,85,15,267.156250,6091.250
1785209568.043917894,9.680353,85,15,268.796875,6164.000
1785209568.043917894,9.680353,85,15,270.437500,6152.000
1785209568.043917894,9.680353,85,15,272.062500,6131.000
1785209568.043917894,9.680353,85,15,273.687500,6125.000
1785209568.043917894,9.680353,85,15,275.281250,6142.500
1785209568.043917894,9.680353,85,15,276.906250,6156.750
1785209568.043917894,9.680353,85,15,278.531250,6178.000
1785209568.043917894,9.680353,85,15,280.171875,6194.750
1785209568.043917894,9.680353,85,15,281.796875,6215.250
1785209568.043917894,9.680353,85,15,283.421875,6242.000
1785209568.043917894,9.680353,85,15,288.312500,5590.250
1785209568.043917894,9.680353,85,15,289.937500,5626.500
1785209568.043917894,9.680353,85,15,291.562500,5703.500
1785209568.043917894,9.680353,85,13,347.343750,4712.250
1785209568.043917894,9.680353,85,12,348.968750,4729.750
1785209568.154520512,9.744356,86,13,350.609375,4740.750
1785209568.154520512,9.744356,86,15,352.234375,4751.000
1785209568.154520512,9.744356,86,13,353.875000,4751.750
1785209568.154520512,9.744356,86,14,355.500000,4773.000
1785209568.154520512,9.744356,86,13,357.140625,4822.000
1785209568.154520512,9.744356,86,14,358.765625,4891.000
1785209568.154520512,9.744356,86,15,0.406250,4929.500
1785209568.154520512,9.744356,86,14,2.046875,4933.000
1785209568.154520512,9.744356,86,13,3.656250,4972.750
1785209568.154520512,9.744356,86,15,5.296875,5015.750
1785209568.154520512,9.744356,86,15,6.937500,5015.750
1785209568.154520512,9.744356,86,15,8.578125,5041.250
1785209568.154520512,9.744356,86,9,10.203125,5116.750
1785209568.154520512,9.744356,86,12,170.984375,1236.000
1785209568.154520512,9.744356,86,15,172.640625,1229.250
1785209568.154520512,9.744356,86,15,174.218750,1222.750
1785209568.154520512,9.744356,86,15,175.859375,1226.750
1785209568.154520512,9.744356,86,15,177.500000,1222.000
1785209568.154520512,9.744356,86,15,179.156250,1225.750
1785209568.154520512,9.744356,86,15,223.937500,8874.500
1785209568.154520512,9.744356,86,15,225.578125,8664.500
1785209568.154520512,9.744356,86,15,227.203125,8447.500
1785209568.154520512,9.744356,86,15,230.484375,8011.250
1785209568.154520512,9.744356,86,15,233.765625,7645.500
1785209568.154520512,9.744356,86,15,235.390625,7487.750
1785209568.154520512,9.744356,86,15,237.046875,7307.500
1785209568.154520512,9.744356,86,15,238.671875,7172.500
1785209568.154520512,9.744356,86,15,240.312500,7046.750
1785209568.154520512,9.744356,86,15,241.937500,6890.000
1785209568.154520512,9.744356,86,15,248.515625,6245.750
1785209568.154520512,9.744356,86,15,255.000000,5974.750
1785209568.154520512,9.744356,86,15,256.625000,5906.250
1785209568.154520512,9.744356,86,15,258.250000,5863.500
1785209568.154520512,9.744356,86,15,259.890625,5796.500
1785209568.154520512,9.744356,86,15,261.515625,5735.250
1785209568.154520512,9.744356,86,15,263.140625,5795.250
1785209568.154520512,9.744356,86,15,264.765625,5862.500
1785209568.154520512,9.744356,86,15,268.015625,6165.750
1785209568.154520512,9.744356,86,15,269.656250,6159.500
1785209568.154520512,9.744356,86,15,271.281250,6149.750
1785209568.154520512,9.744356,86,15,272.921875,6152.750
1785209568.154520512,9.744356,86,15,274.531250,6150.000
1785209568.154520512,9.744356,86,15,276.171875,6155.000
1785209568.154520512,9.744356,86,15,277.781250,6151.750
1785209568.154520512,9.744356,86,15,279.421875,6173.750
1785209568.154520512,9.744356,86,15,281.046875,6232.250
1785209568.154520512,9.744356,86,15,282.671875,6243.750
1785209568.154520512,9.744356,86,15,284.312500,6180.250
1785209568.154520512,9.744356,86,15,285.953125,6050.750
1785209568.154520512,9.744356,86,15,289.218750,5661.500
1785209568.154520512,9.744356,86,15,290.843750,5698.500
1785209568.154520512,9.744356,86,8,344.953125,4733.500
1785209568.154520512,9.744356,86,12,346.562500,4711.750
1785209568.154520512,9.744356,86,13,348.203125,4739.500
1785209568.154520512,9.744356,86,15,349.843750,4753.250
1785209568.268959761,9.903721,87,12,351.453125,4766.250
1785209568.268959761,9.903721,87,13,353.109375,4777.750
1785209568.268959761,9.903721,87,14,354.734375,4786.750
1785209568.268959761,9.903721,87,11,356.343750,4825.250
1785209568.268959761,9.903721,87,15,358.000000,4890.000
1785209568.268959761,9.903721,87,15,359.625000,4929.250
1785209568.268959761,9.903721,87,10,1.250000,4974.250
1785209568.268959761,9.903721,87,13,2.890625,5028.500
1785209568.268959761,9.903721,87,13,4.500000,5045.250
1785209568.268959761,9.903721,87,15,6.171875,5053.250
1785209568.268959761,9.903721,87,15,7.781250,5073.250
1785209568.268959761,9.903721,87,13,9.421875,5105.000
1785209568.268959761,9.903721,87,15,11.031250,5182.500
1785209568.268959761,9.903721,87,15,171.750000,1246.500
1785209568.268959761,9.903721,87,15,173.390625,1229.750
1785209568.268959761,9.903721,87,15,175.078125,1221.500
1785209568.268959761,9.903721,87,15,176.687500,1220.750
1785209568.268959761,9.903721,87,15,178.375000,1219.500
1785209568.268959761,9.903721,87,15,180.000000,1235.000
1785209568.268959761,9.903721,87,15,226.375000,8623.750
1785209568.268959761,9.903721,87,15,229.656250,8120.250
1785209568.268959761,9.903721,87,15,231.296875,7923.750
1785209568.268959761,9.903721,87,15,232.937500,7749.750
1785209568.268959761,9.903721,87,15,234.562500,7592.500
1785209568.268959761,9.903721,87,15,236.203125,7434.750
1785209568.268959761,9.903721,87,15,237.843750,7272.750
1785209568.268959761,9.903721,87,15,239.484375,7140.500
1785209568.268959761,9.903721,87,15,241.109375,7008.500
1785209568.268959761,9.903721,87,15,242.750000,6840.000
1785209568.268959761,9.903721,87,15,244.390625,6700.750
1785209568.268959761,9.903721,87,15,246.015625,6620.000
1785209568.268959761,9.903721,87,15,259.125000,5830.750
1785209568.268959761,9.903721,87,15,260.750000,5761.750
1785209568.268959761,9.903721,87,15,262.375000,5704.000
1785209568.268959761,9.903721,87,15,264.000000,5770.250
1785209568.268959761,9.903721,87,15,265.625000,5900.500
1785209568.268959761,9.903721,87,15,268.890625,6162.000
1785209568.268959761,9.903721,87,15,270.515625,6153.250
1785209568.268959761,9.903721,87,15,272.156250,6139.250
1785209568.268959761,9.903721,87,15,273.796875,6135.000
1785209568.268959761,9.903721,87,15,275.421875,6140.750
1785209568.268959761,9.903721,87,15,277.062500,6153.750
1785209568.268959761,9.903721,87,15,278.687500,6170.500
1785209568.268959761,9.903721,87,15,280.312500,6195.500
1785209568.268959761,9.903721,87,15,281.953125,6224.250
1785209568.268959761,9.903721,87,15,283.578125,6278.250
1785209568.268959761,9.903721,87,15,288.484375,5615.750
1785209568.268959761,9.903721,87,15,290.125000,5656.000
1785209568.268959761,9.903721,87,15,291.750000,5728.250
1785209568.268959761,9.903721,87,9,340.984375,4682.250
1785209568.268959761,9.903721,87,10,342.640625,4691.000
1785209568.268959761,9.903721,87,9,344.281250,4692.250
1785209568.268959761,9.903721,87,12,345.906250,4724.750
1785209568.268959761,9.903721,87,13,347.515625,4750.250
1785209568.268959761,9.903721,87,15,349.171875,4762.250
1785209568.380254745,9.966521,88,12,350.796875,4781.000
1785209568.380254745,9.966521,88,12,352.453125,4797.250
1785209568.380254745,9.966521,88,12,354.078125,4809.500
1785209568.380254745,9.966521,88,11,355.718750,4844.750
1785209568.380254745,9.966521,88,15,357.328125,4897.000
1785209568.380254745,9.966521,88,15,358.968750,4939.750
1785209568.380254745,9.966521,88,11,0.609375,4992.750
1785209568.380254745,9.966521,88,13,2.234375,5033.250
1785209568.380254745,9.966521,88,12,3.875000,5051.000
1785209568.380254745,9.966521,88,14,5.515625,5078.000
1785209568.380254745,9.966521,88,14,7.156250,5104.750
1785209568.380254745,9.966521,88,14,8.796875,5130.500
1785209568.380254745,9.966521,88,15,10.390625,5177.750
1785209568.380254745,9.966521,88,13,12.031250,5292.500
1785209568.380254745,9.966521,88,15,171.171875,1243.500
1785209568.380254745,9.966521,88,15,172.875000,1231.250
1785209568.380254745,9.966521,88,15,174.437500,1223.750
1785209568.380254745,9.966521,88,15,176.093750,1221.000
1785209568.380254745,9.966521,88,15,177.734375,1223.500
1785209568.380254745,9.966521,88,15,179.406250,1223.500
1785209568.380254745,9.966521,88,12,181.031250,1236.750
1785209568.380254745,9.966521,88,15,220.796875,9744.500
1785209568.380254745,9.966521,88,15,224.078125,8939.500
1785209568.380254745,9.966521,88,15,225.703125,8717.250
1785209568.380254745,9.966521,88,15,227.343750,8510.000
1785209568.380254745,9.966521,88,15,228.984375,8281.500
1785209568.380254745,9.966521,88,15,230.609375,8084.750
1785209568.380254745,9.966521,88,15,232.250000,7898.000
1785209568.380254745,9.966521,88,15,233.890625,7731.750
1785209568.380254745,9.966521,88,15,237.156250,7315.250
1785209568.380254745,9.966521,88,15,238.796875,7184.500
1785209568.380254745,9.966521,88,15,240.421875,7099.000
1785209568.380254745,9.966521,88,15,248.609375,6291.500
1785209568.380254745,9.966521,88,15,255.203125,5969.750
1785209568.380254745,9.966521,88,15,256.843750,5920.000
1785209568.380254745,9.966521,88,15,258.468750,5874.250
1785209568.380254745,9.966521,88,15,260.109375,5830.500
1785209568.380254745,9.966521,88,15,261.734375,5809.250
1785209568.380254745,9.966521,88,15,263.375000,5832.250
1785209568.380254745,9.966521,88,15,265.015625,5875.250
1785209568.380254745,9.966521,88,15,268.250000,6148.500
1785209568.380254745,9.966521,88,15,269.906250,6148.750
1785209568.380254745,9.966521,88,15,271.531250,6137.250
1785209568.380254745,9.966521,88,15,273.171875,6141.500
1785209568.380254745,9.966521,88,15,274.765625,6136.750
1785209568.380254745,9.966521,88,15,276.390625,6149.000
1785209568.380254745,9.966521,88,15,278.031250,6185.250
1785209568.380254745,9.966521,88,15,279.656250,6177.750
1785209568.380254745,9.966521,88,15,281.281250,6176.000
1785209568.380254745,9.966521,88,15,282.906250,6217.000
1785209568.380254745,9.966521,88,15,284.562500,6176.250
1785209568.380254745,9.966521,88,15,286.203125,6069.500
1785209568.380254745,9.966521,88,15,289.468750,5640.000
1785209568.380254745,9.966521,88,14,291.093750,5702.500
1785209568.380254745,9.966521,88,9,341.984375,4694.250
1785209568.380254745,9.966521,88,8,343.609375,4705.000
1785209568.380254745,9.966521,88,11,345.250000,4733.750
1785209568.380254745,9.966521,88,13,346.906250,4763.750
1785209568.380254745,9.966521,88,11,348.515625,4776.750
1785209568.380254745,9.966521,88,10,350.171875,4804.750
1785209568.494580984,10.120905,89,12,351.796875,4841.750
1785209568.494580984,10.120905,89,11,353.437500,4862.500
1785209568.494580984,10.120905,89,11,355.062500,4870.750
1785209568.494580984,10.120905,89,15,356.687500,4893.000
1785209568.494580984,10.120905,89,12,358.343750,4961.250
1785209568.494580984,10.120905,89,13,359.984375,5011.250
1785209568.494580984,10.120905,89,11,1.593750,5030.750
1785209568.494580984,10.120905,89,13,3.234375,5059.500
1785209568.494580984,10.120905,89,13,4.875000,5089.750
1785209568.494580984,10.120905,89,12,6.500000,5114.500
1785209568.494580984,10.120905,89,12,8.156250,5134.250
1785209568.494580984,10.120905,89,8,9.796875,5170.750
1785209568.494580984,10.120905,89,15,172.093750,1237.000
1785209568.494580984,10.120905,89,15,173.718750,1217.500
1785209568.494580984,10.120905,89,15,175.343750,1217.750
1785209568.494580984,10.120905,89,15,176.968750,1220.000
1785209568.494580984,10.120905,89,15,178.656250,1220.750
1785209568.494580984,10.120905,89,15,180.312500,1226.250
1785209568.494580984,10.120905,89,8,213.453125,11823.750
1785209568.494580984,10.120905,89,8,215.093750,11754.000
1785209568.494580984,10.120905,89,12,220.015625,9932.250
1785209568.494580984,10.120905,89,9,221.656250,9642.750
1785209568.494580984,10.120905,89,15,224.921875,8855.250
1785209568.494580984,10.120905,89,15,226.531250,8660.750
1785209568.494580984,10.120905,89,15,229.812500,8156.250
1785209568.494580984,10.120905,89,15,231.421875,7988.500
1785209568.494580984,10.120905,89,15,233.078125,7783.250
1785209568.494580984,10.120905,89,15,234.703125,7637.500
1785209568.494580984,10.120905,89,15,237.968750,7230.500
1785209568.494580984,10.120905,89,15,239.609375,7143.750
1785209568.494580984,10.120905,89,15,241.234375,7024.500
1785209568.494580984,10.120905,89,15,242.859375,6857.250
1785209568.494580984,10.120905,89,15,244.500000,6717.000
1785209568.494580984,10.120905,89,15,246.125000,6621.250
1785209568.494580984,10.120905,89,15,247.750000,6608.250
1785209568.494580984,10.120905,89,15,259.296875,5854.000
1785209568.494580984,10.120905,89,15,260.921875,5828.250
1785209568.494580984,10.120905,89,15,262.578125,5773.000
1785209568.494580984,10.120905,89,15,264.187500,5777.500
1785209568.494580984,10.120905,89,15,265.812500,5908.000
1785209568.494580984,10.120905,89,15,269.093750,6191.250
1785209568.494580984,10.120905,89,15,270.703125,6166.250
1785209568.494580984,10.120905,89,15,272.359375,6158.000
1785209568.494580984,10.120905,89,15,273.984375,6173.250
1785209568.494580984,10.120905,89,15,275.578125,6158.500
1785209568.494580984,10.120905,89,15,277.187500,6138.500
1785209568.494580984,10.120905,89,15,278.828125,6159.000
1785209568.494580984,10.120905,89,15,280.453125,6193.500
1785209568.494580984,10.120905,89,15,282.078125,6204.750
1785209568.494580984,10.120905,89,15,283.703125,6250.000
1785209568.494580984,10.120905,89,15,290.250000,5666.250
1785209568.494580984,10.120905,89,13,291.875000,5744.000
1785209568.494580984,10.120905,89,8,339.546875,4683.500
1785209568.494580984,10.120905,89,9,341.171875,4688.000
1785209568.494580984,10.120905,89,10,342.812500,4697.500
1785209568.494580984,10.120905,89,10,344.453125,4730.000
1785209568.494580984,10.120905,89,11,346.078125,4771.250
1785209568.494580984,10.120905,89,12,347.734375,4784.500
1785209568.494580984,10.120905,89,13,349.390625,4789.500
1785209568.606742859,10.199305,90,15,351.000000,4823.750
1785209568.606742859,10.199305,90,12,352.656250,4855.000
1785209568.606742859,10.199305,90,10,354.281250,4856.000
1785209568.606742859,10.199305,90,15,355.921875,4893.000
1785209568.606742859,10.199305,90,15,357.578125,4932.250
1785209568.606742859,10.199305,90,13,359.203125,5001.250
1785209568.606742859,10.199305,90,13,0.843750,5069.000
1785209568.606742859,10.199305,90,12,2.468750,5072.750
1785209568.606742859,10.199305,90,9,4.109375,5092.500
1785209568.606742859,10.199305,90,14,5.750000,5120.750
1785209568.606742859,10.199305,90,11,7.390625,5143.000
1785209568.606742859,10.199305,90,10,9.015625,5159.750
1785209568.606742859,10.199305,90,12,10.562500,5231.250
1785209568.606742859,10.199305,90,15,171.343750,1251.500
1785209568.606742859,10.199305,90,15,172.984375,1242.250
1785209568.606742859,10.199305,90,15,174.656250,1228.500
1785209568.606742859,10.199305,90,15,176.281250,1222.250
1785209568.606742859,10.199305,90,15,177.937500,1221.500
1785209568.606742859,10.199305,90,15,179.546875,1219.750
1785209568.606742859,10.199305,90,15,181.156250,1230.500
1785209568.606742859,10.199305,90,8,214.343750,11644.500
1785209568.606742859,10.199305,90,11,220.906250,9753.250
1785209568.606742859,10.199305,90,15,225.796875,8739.000
1785209568.606742859,10.199305,90,15,227.453125,8562.000
1785209568.606742859,10.199305,90,15,230.750000,8088.500
1785209568.606742859,10.199305,90,15,234.015625,7716.500
1785209568.606742859,10.199305,90,15,235.656250,7573.500
1785209568.606742859,10.199305,90,15,237.281250,7383.500
1785209568.606742859,10.199305,90,15,238.921875,7241.000
1785209568.606742859,10.199305,90,15,240.546875,7134.250
1785209568.606742859,10.199305,90,15,247.093750,6609.250
1785209568.606742859,10.199305,90,15,256.921875,5918.250
1785209568.606742859,10.199305,90,15,258.546875,5882.750
1785209568.606742859,10.199305,90,15,260.171875,5837.500
1785209568.606742859,10.199305,90,7,261.812500,5816.250
1785209568.606742859,10.199305,90,15,265.078125,5858.500
1785209568.606742859,10.199305,90,15,268.328125,6192.250
1785209568.606742859,10.199305,90,15,269.968750,6138.000
1785209568.606742859,10.199305,90,15,271.593750,6123.000
1785209568.606742859,10.199305,90,15,273.234375,6131.750
1785209568.606742859,10.199305,90,15,274.796875,6133.000
1785209568.606742859,10.199305,90,15,276.421875,6152.500
1785209568.606742859,10.199305,90,15,278.046875,6211.250
1785209568.606742859,10.199305,90,15,279.687500,6234.750
1785209568.606742859,10.199305,90,15,281.312500,6219.500
1785209568.606742859,10.199305,90,15,282.921875,6280.000
1785209568.606742859,10.199305,90,7,284.546875,6262.750
1785209568.606742859,10.199305,90,15,289.453125,5664.750
1785209568.606742859,10.199305,90,15,291.078125,5704.500
1785209568.606742859,10.199305,90,7,318.984375,4768.250
1785209568.606742859,10.199305,90,8,328.906250,4759.250
1785209568.606742859,10.199305,90,9,333.843750,4722.500
1785209568.606742859,10.199305,90,9,335.468750,4696.250
1785209568.606742859,10.199305,90,8,338.750000,4703.500
1785209568.606742859,10.199305,90,9,340.390625,4723.750
1785209568.606742859,10.199305,90,10,342.031250,4752.250
1785209568.606742859,10.199305,90,10,343.656250,4767.500
1785209568.606742859,10.199305,90,15,345.312500,4793.750
1785209568.606742859,10.199305,90,10,346.906250,4828.750
1785209568.606742859,10.199305,90,9,348.546875,4851.500
1785209568.606742859,10.199305,90,10,350.156250,4874.000
1785209568.721079588,10.338072,91,12,351.828125,4909.500
1785209568.721079588,10.338072,91,15,353.453125,4905.750
1785209568.721079588,10.338072,91,15,355.093750,4918.500
1785209568.721079588,10.338072,91,10,356.718750,5000.750
1785209568.721079588,10.338072,91,15,358.343750,5060.500
1785209568.721079588,10.338072,91,11,359.984375,5074.500
1785209568.721079588,10.338072,91,9,1.609375,5083.250
1785209568.721079588,10.338072,91,14,3.250000,5112.250
1785209568.721079588,10.338072,91,11,4.875000,5146.750
1785209568.721079588,10.338072,91,15,6.515625,5180.250
1785209568.721079588,10.338072,91,13,8.156250,5233.000
1785209568.721079588,10.338072,91,12,9.796875,5291.750
1785209568.721079588,10.338072,91,15,173.687500,1214.000
1785209568.721079588,10.338072,91,15,175.359375,1215.000
1785209568.721079588,10.338072,91,15,176.968750,1220.000
1785209568.721079588,10.338072,91,15,178.593750,1220.500
1785209568.721079588,10.338072,91,15,180.187500,1216.250
1785209568.721079588,10.338072,91,15,226.531250,8659.500
1785209568.721079588,10.338072,91,15,228.171875,8459.750
1785209568.721079588,10.338072,91,15,229.812500,8214.000
1785209568.721079588,10.338072,91,15,231.437500,8023.750
1785209568.721079588,10.338072,91,15,234.718750,7649.000
1785209568.721079588,10.338072,91,15,236.359375,7493.000
1785209568.721079588,10.338072,91,15,238.000000,7322.250
1785209568.721079588,10.338072,91,15,239.640625,7221.250
1785209568.721079588,10.338072,91,15,241.265625,7103.500
1785209568.721079588,10.338072,91,15,242.921875,6945.000
1785209568.721079588,10.338072,91,15,259.250000,5858.500
1785209568.721079588,10.338072,91,15,260.875000,5831.250
1785209568.721079588,10.338072,91,15,262.515625,5805.750
1785209568.721079588,10.338072,91,15,264.140625,5847.000
1785209568.721079588,10.338072,91,15,265.781250,5858.500
1785209568.721079588,10.338072,91,15,269.031250,6157.500
1785209568.721079588,10.338072,91,15,270.656250,6154.000
1785209568.721079588,10.338072,91,15,272.281250,6146.250
1785209568.721079588,10.338072,91,15,273.921875,6167.250
1785209568.721079588,10.338072,91,15,275.500000,6171.500
1785209568.721079588,10.338072,91,15,277.125000,6158.500
1785209568.721079588,10.338072,91,15,278.750000,6177.500
1785209568.721079588,10.338072,91,15,280.375000,6205.250
1785209568.721079588,10.338072,91,15,282.000000,6233.500
1785209568.721079588,10.338072,91,15,283.640625,6283.000
1785209568.721079588,10.338072,91,15,285.265625,6225.750
1785209568.721079588,10.338072,91,15,290.156250,5670.750
1785209568.721079588,10.338072,91,15,291.781250,5720.750
1785209568.721079588,10.338072,91,7,293.406250,5830.750
1785209568.721079588,10.338072,91,9,339.437500,4702.500
1785209568.721079588,10.338072,91,10,341.078125,4709.250
1785209568.721079588,10.338072,91,7,342.718750,4711.750
1785209568.721079588,10.338072,91,13,344.343750,4742.250
1785209568.721079588,10.338072,91,13,346.000000,4786.250
1785209568.721079588,10.338072,91,11,347.609375,4838.250
1785209568.721079588,10.338072,91,9,349.234375,4887.000
1785209568.833532572,10.494603,92,13,350.875000,4920.500
1785209568.833532572,10.494603,92,15,352.515625,4936.000
1785209568.833532572,10.494603,92,12,354.140625,4963.000
1785209568.833532572,10.494603,92,11,355.781250,5022.000
1785209568.833532572,10.494603,92,11,357.421875,5055.750
1785209568.833532572,10.494603,92,14,359.062500,5079.500
1785209568.833532572,10.494603,92,13,0.687500,5107.250
1785209568.833532572,10.494603,92,10,2.328125,5122.000
1785209568.833532572,10.494603,92,11,3.953125,5143.500
1785209568.833532572,10.494603,92,10,5.593750,5176.000
1785209568.833532572,10.494603,92,12,7.234375,5236.250
1785209568.833532572,10.494603,92,14,8.843750,5296.750
1785209568.833532572,10.494603,92,15,10.453125,5334.750
1785209568.833532572,10.494603,92,10,171.250000,1243.250
1785209568.833532572,10.494603,92,15,172.906250,1235.500
1785209568.833532572,10.494603,92,15,174.531250,1232.000
1785209568.833532572,10.494603,92,15,176.093750,1221.750
1785209568.833532572,10.494603,92,15,177.781250,1213.000
1785209568.833532572,10.494603,92,15,179.375000,1209.000
1785209568.833532572,10.494603,92,15,181.062500,1212.750
1785209568.833532572,10.494603,92,15,182.640625,1232.000
1785209568.833532572,10.494603,92,15,184.281250,1256.250
1785209568.833532572,10.494603,92,8,196.296875,10294.250
1785209568.833532572,10.494603,92,12,220.781250,9885.250
1785209568.833532572,10.494603,92,15,224.062500,9056.500
1785209568.833532572,10.494603,92,15,225.687500,8816.000
1785209568.833532572,10.494603,92,15,227.343750,8605.500
1785209568.833532572,10.494603,92,15,230.625000,8123.500
1785209568.833532572,10.494603,92,15,232.250000,7941.250
1785209568.833532572,10.494603,92,15,233.890625,7777.500
1785209568.833532572,10.494603,92,15,235.531250,7634.000
1785209568.833532572,10.494603,92,15,238.796875,7250.000
1785209568.833532572,10.494603,92,15,240.437500,7140.250
1785209568.833532572,10.494603,92,15,242.078125,7018.000
1785209568.833532572,10.494603,92,15,243.703125,6901.000
1785209568.833532572,10.494603,92,15,246.984375,6606.000
1785209568.833532572,10.494603,92,15,258.390625,5927.750
1785209568.833532572,10.494603,92,15,260.046875,5886.250
1785209568.833532572,10.494603,92,15,261.671875,5841.000
1785209568.833532572,10.494603,92,15,263.296875,5794.750
1785209568.833532572,10.494603,92,15,264.921875,5811.500
1785209568.833532572,10.494603,92,15,268.171875,6113.250
1785209568.833532572,10.494603,92,15,269.812500,6158.500
1785209568.833532572,10.494603,92,15,271.437500,6173.000
1785209568.833532572,10.494603,92,15,273.062500,6172.250
1785209568.833532572,10.494603,92,15,274.671875,6145.500
1785209568.833532572,10.494603,92,15,276.281250,6155.500
1785209568.833532572,10.494603,92,15,277.921875,6211.000
1785209568.833532572,10.494603,92,15,279.546875,6234.250
1785209568.833532572,10.494603,92,15,281.187500,6233.250
1785209568.833532572,10.494603,92,15,282.812500,6250.750
1785209568.833532572,10.494603,92,15,284.437500,6259.250
1785209568.833532572,10.494603,92,15,289.343750,5651.750
1785209568.833532572,10.494603,92,15,290.984375,5693.250
1785209568.833532572,10.494603,92,9,292.609375,5757.500
1785209568.833532572,10.494603,92,9,340.250000,4720.250
1785209568.833532572,10.494603,92,9,341.890625,4745.500
1785209568.833532572,10.494603,92,9,343.515625,4738.250
1785209568.833532572,10.494603,92,11,345.171875,4740.250
1785209568.833532572,10.494603,92,12,346.750000,4805.000
1785209568.833532572,10.494603,92,12,348.390625,4863.000
1785209568.833532572,10.494603,92,9,350.015625,4885.500
1785209568.946523905,10.570926,93,13,351.640625,4917.750
1785209568.946523905,10.570926,93,13,353.281250,4964.500
1785209568.946523905,10.570926,93,13,354.906250,5005.250
1785209568.946523905,10.570926,93,11,356.546875,5041.250
1785209568.946523905,10.570926,93,14,358.171875,5080.250
1785209568.946523905,10.570926,93,11,359.812500,5114.750
1785209568.946523905,10.570926,93,13,1.437500,5136.750
1785209568.946523905,10.570926,93,10,3.078125,5160.000
1785209568.946523905,10.570926,93,11,4.718750,5192.750
1785209568.946523905,10.570926,93,12,6.343750,5240.500
1785209568.946523905,10.570926,93,10,7.984375,5285.250
1785209568.946523905,10.570926,93,14,9.625000,5318.750
1785209568.946523905,10.570926,93,15,172.062500,1231.250
1785209568.946523905,10.570926,93,15,173.765625,1218.500
1785209568.946523905,10.570926,93,15,175.343750,1210.500
1785209568.946523905,10.570926,93,15,177.000000,1211.750
1785209568.946523905,10.570926,93,15,178.609375,1216.750
1785209568.946523905,10.570926,93,15,180.296875,1219.750
1785209568.946523905,10.570926,93,15,181.875000,1225.250
1785209568.946523905,10.570926,93,15,224.968750,8951.750
1785209568.946523905,10.570926,93,15,226.578125,8707.000
1785209568.946523905,10.570926,93,15,228.218750,8463.500
1785209568.946523905,10.570926,93,15,229.859375,8216.000
1785209568.946523905,10.570926,93,15,231.500000,8062.000
1785209568.946523905,10.570926,93,15,234.750000,7696.500
1785209568.946523905,10.570926,93,15,236.390625,7546.000
1785209568.946523905,10.570926,93,15,238.031250,7368.500
1785209568.946523905,10.570926,93,15,239.656250,7220.750
1785209568.946523905,10.570926,93,15,241.296875,7106.000
1785209568.946523905,10.570926,93,15,257.656250,5942.000
1785209568.946523905,10.570926,93,15,259.281250,5887.250
1785209568.946523905,10.570926,93,15,260.906250,5860.000
1785209568.946523905,10.570926,93,15,262.546875,5830.250
1785209568.946523905,10.570926,93,15,264.171875,5847.250
1785209568.946523905,10.570926,93,15,265.812500,5863.250
1785209568.946523905,10.570926,93,15,269.046875,6162.250
1785209568.946523905,10.570926,93,15,270.703125,6159.000
1785209568.946523905,10.570926,93,15,272.312500,6165.250
1785209568.946523905,10.570926,93,15,273.953125,6182.500
1785209568.946523905,10.570926,93,15,275.593750,6192.000
1785209568.946523905,10.570926,93,15,277.218750,6170.750
1785209568.946523905,10.570926,93,15,278.843750,6167.000
1785209568.946523905,10.570926,93,15,280.484375,6199.750
1785209568.946523905,10.570926,93,15,282.109375,6262.000
1785209568.946523905,10.570926,93,15,283.750000,6259.500
1785209568.946523905,10.570926,93,15,285.375000,6136.250
1785209568.946523905,10.570926,93,15,290.296875,5678.250
1785209568.946523905,10.570926,93,9,291.921875,5725.500
1785209568.946523905,10.570926,93,8,328.078125,4817.500
1785209568.946523905,10.570926,93,8,336.281250,4733.500
1785209568.946523905,10.570926,93,11,337.937500,4717.750
1785209568.946523905,10.570926,93,10,339.562500,4742.750
1785209568.946523905,10.570926,93,8,341.218750,4767.500
1785209568.946523905,10.570926,93,10,342.843750,4784.750
1785209568.946523905,10.570926,93,10,344.468750,4800.750
1785209568.946523905,10.570926,93,10,346.109375,4836.250
1785209568.946523905,10.570926,93,10,347.718750,4898.000
1785209568.946523905,10.570926,93,9,349.359375,4955.250
1785209569.058537006,10.650227,94,15,350.984375,4958.250
1785209569.058537006,10.650227,94,15,352.625000,4975.750
1785209569.058537006,10.650227,94,15,354.265625,5023.500
1785209569.058537006,10.650227,94,15,355.875000,5055.250
1785209569.058537006,10.650227,94,15,357.531250,5081.750
1785209569.058537006,10.650227,94,11,359.156250,5107.500
1785209569.058537006,10.650227,94,13,0.796875,5132.750
1785209569.058537006,10.650227,94,10,2.421875,5147.500
1785209569.058537006,10.650227,94,7,4.062500,5171.750
1785209569.058537006,10.650227,94,12,5.703125,5193.750
1785209569.058537006,10.650227,94,10,7.328125,5242.750
1785209569.058537006,10.650227,94,15,8.968750,5303.250
1785209569.058537006,10.650227,94,15,173.140625,1251.250
1785209569.058537006,10.650227,94,15,174.812500,1227.500
1785209569.058537006,10.650227,94,15,176.437500,1218.750
1785209569.058537006,10.650227,94,15,178.078125,1214.750
1785209569.058537006,10.650227,94,15,179.687500,1215.500
1785209569.058537006,10.650227,94,15,181.328125,1212.750
1785209569.058537006,10.650227,94,9,196.625000,10211.750
1785209569.058537006,10.650227,94,15,226.046875,8835.750
1785209569.058537006,10.650227,94,15,227.656250,8619.250
1785209569.058537006,10.650227,94,15,230.921875,8156.500
1785209569.058537006,10.650227,94,15,232.562500,7978.750
1785209569.058537006,10.650227,94,15,234.187500,7783.000
1785209569.058537006,10.650227,94,15,235.828125,7636.000
1785209569.058537006,10.650227,94,15,239.093750,7283.750
1785209569.058537006,10.650227,94,15,240.734375,7182.500
1785209569.058537006,10.650227,94,15,242.375000,7050.250
1785209569.058537006,10.650227,94,15,258.734375,5920.000
1785209569.058537006,10.650227,94,15,260.359375,5899.250
1785209569.058537006,10.650227,94,15,263.625000,5812.250
1785209569.058537006,10.650227,94,15,265.250000,5802.500
1785209569.058537006,10.650227,94,15,268.515625,6171.500
1785209569.058537006,10.650227,94,15,270.140625,6212.750
1785209569.058537006,10.650227,94,15,271.765625,6205.500
1785209569.058537006,10.650227,94,15,273.406250,6204.500
1785209569.058537006,10.650227,94,15,275.031250,6174.500
1785209569.058537006,10.650227,94,15,276.656250,6177.000
1785209569.058537006,10.650227,94,15,278.281250,6202.000
1785209569.058537006,10.650227,94,15,279.906250,6222.750
1785209569.058537006,10.650227,94,15,281.546875,6264.000
1785209569.058537006,10.650227,94,15,283.171875,6299.750
1785209569.058537006,10.650227,94,15,289.703125,5675.500
1785209569.058537006,10.650227,94,15,291.343750,5737.000
1785209569.058537006,10.650227,94,7,337.296875,4697.500
1785209569.058537006,10.650227,94,12,338.953125,4719.000
1785209569.058537006,10.650227,94,9,340.578125,4740.000
1785209569.058537006,10.650227,94,7,342.218750,4766.000
1785209569.058537006,10.650227,94,10,343.859375,4787.500
1785209569.058537006,10.650227,94,14,345.468750,4811.250
1785209569.058537006,10.650227,94,9,347.125000,4846.750
1785209569.058537006,10.650227,94,11,348.750000,4901.000
1785209569.170199633,10.805849,95,12,350.390625,4945.000
1785209569.170199633,10.805849,95,14,352.031250,4978.750
1785209569.170199633,10.805849,95,15,353.671875,5012.500
1785209569.170199633,10.805849,95,14,355.296875,5043.500
1785209569.170199633,10.805849,95,14,356.937500,5073.000
1785209569.170199633,10.805849,95,12,358.562500,5090.500
1785209569.170199633,10.805849,95,15,0.203125,5123.000
1785209569.170199633,10.805849,95,11,1.843750,5147.500
1785209569.170199633,10.805849,95,9,3.468750,5173.500
1785209569.170199633,10.805849,95,10,5.125000,5209.500
1785209569.170199633,10.805849,95,9,6.750000,5254.250
1785209569.170199633,10.805849,95,15,172.421875,1245.250
1785209569.170199633,10.805849,95,15,174.093750,1238.250
1785209569.170199633,10.805849,95,15,175.765625,1227.250
1785209569.170199633,10.805849,95,15,177.437500,1217.500
1785209569.170199633,10.805849,95,15,179.031250,1210.500
1785209569.170199633,10.805849,95,15,180.687500,1209.000
1785209569.170199633,10.805849,95,15,182.328125,1211.750
1785209569.170199633,10.805849,95,15,187.171875,1325.250
1785209569.170199633,10.805849,95,12,222.109375,9698.250
1785209569.170199633,10.805849,95,15,226.984375,8715.000
1785209569.170199633,10.805849,95,15,230.265625,8247.250
1785209569.170199633,10.805849,95,15,231.890625,8056.250
1785209569.170199633,10.805849,95,15,233.531250,7920.500
1785209569.170199633,10.805849,95,15,235.140625,7759.000
1785209569.170199633,10.805849,95,15,236.812500,7566.250
1785209569.170199633,10.805849,95,15,238.437500,7383.500
1785209569.170199633,10.805849,95,15,240.078125,7226.250
1785209569.170199633,10.805849,95,15,241.687500,7114.000
1785209569.170199633,10.805849,95,15,253.421875,3010.000
1785209569.170199633,10.805849,95,15,258.078125,5943.000
1785209569.170199633,10.805849,95,15,259.703125,5934.250
1785209569.170199633,10.805849,95,15,262.984375,5834.750
1785209569.170199633,10.805849,95,15,264.593750,5828.250
1785209569.170199633,10.805849,95,15,266.234375,5898.250
1785209569.170199633,10.805849,95,15,269.484375,6223.750
1785209569.170199633,10.805849,95,15,271.109375,6190.000
1785209569.170199633,10.805849,95,15,272.734375,6157.500
1785209569.170199633,10.805849,95,15,274.359375,6161.000
1785209569.170199633,10.805849,95,15,275.984375,6196.000
1785209569.170199633,10.805849,95,15,277.609375,6200.750
1785209569.170199633,10.805849,95,15,279.234375,6197.750
1785209569.170199633,10.805849,95,15,280.859375,6219.500
1785209569.170199633,10.805849,95,13,282.500000,6189.250
1785209569.170199633,10.805849,95,15,284.109375,6200.250
1785209569.170199633,10.805849,95,9,290.656250,5690.500
1785209569.170199633,10.805849,95,7,336.593750,4701.500
1785209569.170199633,10.805849,95,7,338.218750,4706.750
1785209569.170199633,10.805849,95,10,339.843750,4734.750
1785209569.170199633,10.805849,95,8,341.484375,4749.500
1785209569.170199633,10.805849,95,8,343.109375,4763.250
1785209569.170199633,10.805849,95,12,344.765625,4779.750
1785209569.170199633,10.805849,95,13,346.406250,4813.750
1785209569.170199633,10.805849,95,10,348.031250,4870.500
1785209569.170199633,10.805849,95,11,349.671875,4918.500
1785209569.285009384,10.885985,96,15,351.296875,4948.000
1785209569.285009384,10.885985,96,12,352.937500,4979.500
1785209569.285009384,10.885985,96,13,354.578125,5024.250
1785209569.285009384,10.885985,96,12,356.218750,5048.000
1785209569.285009384,10.885985,96,14,357.843750,5073.750
1785209569.285009384,10.885985,96,12,359.468750,5120.750
1785209569.285009384,10.885985,96,10,1.125000,5141.750
1785209569.285009384,10.885985,96,9,2.750000,5144.250
1785209569.285009384,10.885985,96,9,4.390625,5167.500
1785209569.285009384,10.885985,96,11,6.031250,5229.750
1785209569.285009384,10.885985,96,12,7.656250,5316.250
1785209569.285009384,10.885985,96,8,9.281250,5334.750
1785209569.285009384,10.885985,96,15,173.359375,1232.750
1785209569.285009384,10.885985,96,15,174.921875,1218.000
1785209569.285009384,10.885985,96,15,176.640625,1209.000
1785209569.285009384,10.885985,96,15,178.265625,1211.000
1785209569.285009384,10.885985,96,15,179.906250,1215.000
1785209569.285009384,10.885985,96,15,181.468750,1217.750
1785209569.285009384,10.885985,96,15,183.156250,1222.000
1785209569.285009384,10.885985,96,8,216.359375,11793.500
1785209569.285009384,10.885985,96,13,221.281250,9925.500
1785209569.285009384,10.885985,96,15,226.171875,8848.250
1785209569.285009384,10.885985,96,15,227.812500,8626.250
1785209569.285009384,10.885985,96,15,229.453125,8414.250
1785209569.285009384,10.885985,96,15,231.078125,8200.750
1785209569.285009384,10.885985,96,15,232.718750,8030.000
1785209569.285009384,10.885985,96,15,234.359375,7833.250
1785209569.285009384,10.885985,96,15,235.984375,7661.500
1785209569.285009384,10.885985,96,15,237.625000,7506.500
1785209569.285009384,10.885985,96,15,239.250000,7332.250
1785209569.285009384,10.885985,96,15,240.890625,7223.000
1785209569.285009384,10.885985,96,15,242.531250,7109.750
1785209569.285009384,10.885985,96,15,258.906250,5928.750
1785209569.285009384,10.885985,96,15,263.812500,5841.000
1785209569.285009384,10.885985,96,15,265.437500,5842.000
1785209569.285009384,10.885985,96,15,267.078125,5979.500
1785209569.285009384,10.885985,96,15,268.687500,6129.500
1785209569.285009384,10.885985,96,15,270.328125,6223.750
1785209569.285009384,10.885985,96,15,271.968750,6221.250
1785209569.285009384,10.885985,96,15,273.593750,6175.750
1785209569.285009384,10.885985,96,15,275.156250,6191.500
1785209569.285009384,10.885985,96,15,276.796875,6222.250
1785209569.285009384,10.885985,96,15,278.421875,6202.500
1785209569.285009384,10.885985,96,15,280.046875,6203.000
1785209569.285009384,10.885985,96,15,281.671875,6247.000
1785209569.285009384,10.885985,96,15,289.843750,5691.750
1785209569.285009384,10.885985,96,8,329.218750,4784.750
1785209569.285009384,10.885985,96,7,332.484375,4778.500
1785209569.285009384,10.885985,96,8,334.125000,4753.000
1785209569.285009384,10.885985,96,7,335.765625,4740.500
1785209569.285009384,10.885985,96,11,337.390625,4752.250
1785209569.285009384,10.885985,96,9,339.015625,4774.500
1785209569.285009384,10.885985,96,10,340.656250,4792.500
1785209569.285009384,10.885985,96,9,342.296875,4815.500
1785209569.285009384,10.885985,96,8,343.937500,4833.750
1785209569.285009384,10.885985,96,11,345.546875,4870.500
1785209569.285009384,10.885985,96,12,347.171875,4926.500
1785209569.285009384,10.885985,96,14,348.828125,4974.250
1785209569.395268917,11.043191,97,9,350.468750,5010.250
1785209569.395268917,11.043191,97,12,352.093750,5039.500
1785209569.395268917,11.043191,97,12,353.703125,5064.500
1785209569.395268917,11.043191,97,15,355.375000,5085.000
1785209569.395268917,11.043191,97,15,356.984375,5118.000
1785209569.395268917,11.043191,97,11,358.625000,5161.000
1785209569.395268917,11.043191,97,8,0.250000,5170.000
1785209569.395268917,11.043191,97,8,1.890625,5176.000
1785209569.395268917,11.043191,97,8,5.156250,5272.500
1785209569.395268917,11.043191,97,15,175.656250,1223.750
1785209569.395268917,11.043191,97,15,177.296875,1215.000
1785209569.395268917,11.043191,97,15,178.921875,1208.000
1785209569.395268917,11.043191,97,15,180.578125,1202.750
1785209569.395268917,11.043191,97,15,182.203125,1208.500
1785209569.395268917,11.043191,97,15,183.781250,1223.000
1785209569.395268917,11.043191,97,12,215.343750,11639.250
1785209569.395268917,11.043191,97,15,226.812500,8799.500
1785209569.395268917,11.043191,97,15,228.453125,8573.250
1785209569.395268917,11.043191,97,15,230.078125,8342.250
1785209569.395268917,11.043191,97,15,231.718750,8105.750
1785209569.395268917,11.043191,97,15,233.343750,7919.000
1785209569.395268917,11.043191,97,15,234.984375,7773.000
1785209569.395268917,11.043191,97,15,236.625000,7618.250
1785209569.395268917,11.043191,97,15,239.890625,7253.750
1785209569.395268917,11.043191,97,15,241.531250,7180.750
1785209569.395268917,11.043191,97,15,253.234375,3022.500
1785209569.395268917,11.043191,97,15,269.328125,6221.250
1785209569.395268917,11.043191,97,15,270.953125,6220.250
1785209569.395268917,11.043191,97,15,272.593750,6204.500
1785209569.395268917,11.043191,97,15,274.218750,6203.250
1785209569.395268917,11.043191,97,15,275.781250,6220.250
1785209569.395268917,11.043191,97,15,277.390625,6217.750
1785209569.395268917,11.043191,97,15,279.031250,6214.250
1785209569.395268917,11.043191,97,15,280.656250,6244.500
1785209569.395268917,11.043191,97,15,282.281250,6314.750
1785209569.395268917,11.043191,97,11,285.531250,6284.500
1785209569.395268917,11.043191,97,15,287.171875,6147.000
1785209569.395268917,11.043191,97,15,290.437500,5729.750
1785209569.395268917,11.043191,97,9,292.078125,5782.000
1785209569.395268917,11.043191,97,14,323.250000,4749.500
1785209569.395268917,11.043191,97,8,331.453125,4763.250
1785209569.395268917,11.043191,97,7,334.718750,4763.250
1785209569.395268917,11.043191,97,8,338.000000,4764.750
1785209569.395268917,11.043191,97,11,339.609375,4793.750
1785209569.395268917,11.043191,97,12,341.265625,4796.500
1785209569.395268917,11.043191,97,8,342.906250,4813.250
1785209569.395268917,11.043191,97,8,346.171875,4869.000
1785209569.395268917,11.043191,97,9,347.781250,4937.750
1785209569.395268917,11.043191,97,13,349.406250,5013.500
1785209569.510587215,11.122963,98,11,351.046875,5045.750
1785209569.510587215,11.122963,98,13,352.671875,5064.500
1785209569.510587215,11.122963,98,14,354.296875,5087.250
1785209569.510587215,11.122963,98,14,355.953125,5087.250
1785209569.510587215,11.122963,98,12,357.562500,5115.000
1785209569.510587215,11.122963,98,11,359.218750,5173.500
1785209569.510587215,11.122963,98,8,0.828125,5192.750
1785209569.510587215,11.122963,98,7,2.468750,5173.500
1785209569.510587215,11.122963,98,8,4.093750,5235.500
1785209569.510587215,11.122963,98,15,176.078125,1226.500
1785209569.510587215,11.122963,98,15,177.671875,1215.750
1785209569.510587215,11.122963,98,15,179.359375,1208.250
1785209569.510587215,11.122963,98,15,181.000000,1207.250
1785209569.510587215,11.122963,98,15,182.609375,1208.750
1785209569.510587215,11.122963,98,15,184.203125,1221.000
1785209569.510587215,11.122963,98,13,222.281250,9798.250
1785209569.510587215,11.122963,98,15,227.234375,8722.500
1785209569.510587215,11.122963,98,15,228.890625,8545.250
1785209569.510587215,11.122963,98,15,230.515625,8344.250
1785209569.510587215,11.122963,98,15,232.156250,8134.000
1785209569.510587215,11.122963,98,15,233.796875,7933.750
1785209569.510587215,11.122963,98,15,235.437500,7750.500
1785209569.510587215,11.122963,98,15,237.062500,7600.250
1785209569.510587215,11.122963,98,15,238.703125,7411.250
1785209569.510587215,11.122963,98,15,240.343750,7249.250
1785209569.510587215,11.122963,98,15,241.968750,7130.000
1785209569.510587215,11.122963,98,15,253.656250,3048.750
1785209569.510587215,11.122963,98,15,258.328125,5957.000
1785209569.510587215,11.122963,98,5,259.953125,5912.250
1785209569.510587215,11.122963,98,15,263.234375,5855.500
1785209569.510587215,11.122963,98,15,264.859375,5859.000
1785209569.510587215,11.122963,98,15,266.484375,5874.250
1785209569.510587215,11.122963,98,15,269.734375,6238.500
1785209569.510587215,11.122963,98,15,271.375000,6210.500
1785209569.510587215,11.122963,98,15,273.000000,6214.250
1785209569.510587215,11.122963,98,15,274.578125,6207.000
1785209569.510587215,11.122963,98,15,276.218750,6219.000
1785209569.510587215,11.122963,98,15,277.843750,6249.250
1785209569.510587215,11.122963,98,15,279.468750,6260.250
1785209569.510587215,11.122963,98,15,281.093750,6262.000
1785209569.510587215,11.122963,98,15,282.718750,6295.500
1785209569.510587215,11.122963,98,13,285.968750,6252.500
1785209569.510587215,11.122963,98,15,290.859375,5699.750
1785209569.510587215,11.122963,98,8,333.562500,4750.250
1785209569.510587215,11.122963,98,8,335.218750,4768.750
1785209569.510587215,11.122963,98,8,336.859375,4780.500
1785209569.510587215,11.122963,98,10,338.484375,4793.000
1785209569.510587215,11.122963,98,10,340.125000,4812.750
1785209569.510587215,11.122963,98,7,341.750000,4829.500
1785209569.510587215,11.122963,98,9,345.015625,4872.750
1785209569.510587215,11.122963,98,10,346.625000,4945.000
1785209569.510587215,11.122963,98,13,348.250000,4992.750
1785209569.510587215,11.122963,98,13,349.875000,5034.250
1785209569.621998072,11.278608,99,11,351.515625,5062.750
1785209569.621998072,11.278608,99,13,353.125000,5085.000
1785209569.621998072,11.278608,99,12,354.781250,5109.750
1785209569.621998072,11.278608,99,12,356.406250,5124.500
1785209569.621998072,11.278608,99,11,358.031250,5150.000
1785209569.621998072,11.278608,99,8,359.671875,5181.000
1785209569.621998072,11.278608,99,15,175.031250,1246.250
1785209569.621998072,11.278608,99,15,176.640625,1226.500
1785209569.621998072,11.278608,99,15,178.281250,1215.750
1785209569.621998072,11.278608,99,15,179.937500,1212.500
1785209569.621998072,11.278608,99,15,181.546875,1209.500
1785209569.621998072,11.278608,99,15,183.156250,1213.500
1785209569.621998072,11.278608,99,15,184.796875,1232.250
1785209569.621998072,11.278608,99,13,222.906250,9707.000
1785209569.621998072,11.278608,99,15,226.203125,8921.750
1785209569.621998072,11.278608,99,15,227.812500,8672.250
1785209569.621998072,11.278608,99,15,229.453125,8485.500
1785209569.621998072,11.278608,99,15,232.718750,8030.500
1785209569.621998072,11.278608,99,15,234.359375,7837.250
1785209569.621998072,11.278608,99,15,235.984375,7670.500
1785209569.621998072,11.278608,99,15,237.625000,7514.000
1785209569.621998072,11.278608,99,15,239.250000,7337.750
1785209569.621998072,11.278608,99,15,240.890625,7219.250
1785209569.621998072,11.278608,99,15,242.531250,7111.000
1785209569.621998072,11.278608,99,15,246.031250,3223.000
1785209569.621998072,11.278608,99,11,250.937500,3154.000
1785209569.621998072,11.278608,99,9,252.593750,3083.250
1785209569.621998072,11.278608,99,15,263.765625,5871.000
1785209569.621998072,11.278608,99,15,265.390625,5848.250
1785209569.621998072,11.278608,99,15,267.015625,5944.000
1785209569.621998072,11.278608,99,15,270.281250,6221.500
1785209569.621998072,11.278608,99,15,271.906250,6187.000
1785209569.621998072,11.278608,99,15,273.531250,6169.750
1785209569.621998072,11.278608,99,15,275.156250,6188.500
1785209569.621998072,11.278608,99,15,276.765625,6194.500
1785209569.621998072,11.278608,99,15,278.406250,6230.750
1785209569.621998072,11.278608,99,15,280.031250,6249.000
1785209569.621998072,11.278608,99,15,281.640625,6297.250
1785209569.621998072,11.278608,99,15,283.296875,6336.500
1785209569.621998072,11.278608,99,10,284.906250,6300.250
1785209569.621998072,11.278608,99,15,289.812500,5694.250
1785209569.621998072,11.278608,99,15,291.437500,5767.500
1785209569.621998072,11.278608,99,11,312.859375,5031.250
1785209569.621998072,11.278608,99,12,337.421875,4808.500
1785209569.621998072,11.278608,99,8,339.062500,4838.250
1785209569.621998072,11.278608,99,10,345.609375,5021.750
1785209569.621998072,11.278608,99,13,347.187500,5013.500
1785209569.621998072,11.278608,99,14,348.812500,5033.500
1785209569.736602545,11.357829,100,12,350.437500,5066.750
1785209569.736602545,11.357829,100,12,352.093750,5093.000
1785209569.736602545,11.357829,100,11,353.718750,5123.500
1785209569.736602545,11.357829,100,12,355.343750,5140.750
1785209569.736602545,11.357829,100,10,356.968750,5161.750
1785209569.736602545,11.357829,100,15,175.531250,1211.000
1785209569.736602545,11.357829,100,15,177.140625,1207.250
1785209569.736602545,11.357829,100,15,178.750000,1211.750
1785209569.736602545,11.357829,100,15,180.437500,1213.250
1785209569.736602545,11.357829,100,15,182.046875,1216.250
1785209569.736602545,11.357829,100,15,183.671875,1217.250
1785209569.736602545,11.357829,100,15,228.359375,8586.500
1785209569.736602545,11.357829,100,15,229.984375,8383.000
1785209569.736602545,11.357829,100,15,231.625000,8182.000
1785209569.736602545,11.357829,100,15,233.250000,8019.750
1785209569.736602545,11.357829,100,15,236.531250,7665.750
1785209569.736602545,11.357829,100,15,238.156250,7523.750
1785209569.736602545,11.357829,100,15,239.796875,7337.750
1785209569.736602545,11.357829,100,15,241.421875,7206.500
1785209569.736602545,11.357829,100,15,243.062500,7092.250
1785209569.736602545,11.357829,100,5,253.093750,3054.000
1785209569.736602545,11.357829,100,15,265.875000,5854.250
1785209569.736602545,11.357829,100,15,267.500000,5996.000
1785209569.736602545,11.357829,100,15,269.109375,6123.750
1785209569.736602545,11.357829,100,15,270.750000,6220.500
1785209569.736602545,11.357829,100,15,272.375000,6217.250
1785209569.736602545,11.357829,100,15,274.015625,6190.750
1785209569.736602545,11.357829,100,15,275.656250,6200.750
1785209569.736602545,11.357829,100,15,277.281250,6218.500
1785209569.736602545,11.357829,100,15,278.921875,6235.750
1785209569.736602545,11.357829,100,15,280.546875,6256.500
1785209569.736602545,11.357829,100,15,282.171875,6293.750
1785209569.736602545,11.357829,100,15,283.796875,6261.250
1785209569.736602545,11.357829,100,15,287.062500,6125.250
1785209569.736602545,11.357829,100,15,290.343750,5725.750
1785209569.736602545,11.357829,100,12,291.953125,5780.750
1785209569.736602545,11.357829,100,9,341.218750,5010.500
1785209569.736602545,11.357829,100,11,342.843750,5032.750
1785209569.736602545,11.357829,100,13,344.500000,5045.750
1785209569.736602545,11.357829,100,15,346.125000,5044.250
1785209569.736602545,11.357829,100,15,347.718750,5045.000
1785209569.736602545,11.357829,100,12,349.375000,5068.250
1785209569.847165585,11.435555,101,10,351.000000,5093.500
1785209569.847165585,11.435555,101,12,352.625000,5125.500
1785209569.847165585,11.435555,101,12,354.250000,5155.000
1785209569.847165585,11.435555,101,10,355.890625,5156.750
1785209569.847165585,11.435555,101,9,357.531250,5170.000
1785209569.847165585,11.435555,101,10,4.046875,5253.500
1785209569.847165585,11.435555,101,15,174.500000,1231.750
1785209569.847165585,11.435555,101,15,176.109375,1224.750
1785209569.847165585,11.435555,101,15,177.828125,1216.500
1785209569.847165585,11.435555,101,15,179.531250,1208.500
1785209569.847165585,11.435555,101,15,181.171875,1203.500
1785209569.847165585,11.435555,101,15,182.765625,1201.750
1785209569.847165585,11.435555,101,15,184.437500,1207.000
1785209569.847165585,11.435555,101,15,186.000000,1227.500
1785209569.847165585,11.435555,101,9,215.984375,11594.000
1785209569.847165585,11.435555,101,13,222.531250,9780.750
1785209569.847165585,11.435555,101,15,225.828125,9039.750
1785209569.847165585,11.435555,101,15,227.406250,8806.250
1785209569.847165585,11.435555,101,15,229.046875,8592.250
1785209569.847165585,11.435555,101,15,232.312500,8137.750
1785209569.847165585,11.435555,101,15,233.953125,7959.250
1785209569.847165585,11.435555,101,15,235.578125,7767.500
1785209569.847165585,11.435555,101,15,237.218750,7612.750
1785209569.847165585,11.435555,101,15,238.843750,7428.250
1785209569.847165585,11.435555,101,15,240.484375,7277.000
1785209569.847165585,11.435555,101,15,242.125000,7181.000
1785209569.847165585,11.435555,101,15,253.828125,3053.250
1785209569.847165585,11.435555,101,9,260.093750,5894.250
1785209569.847165585,11.435555,101,15,264.984375,5855.250
1785209569.847165585,11.435555,101,15,266.609375,5928.500
1785209569.847165585,11.435555,101,15,269.875000,6244.250
1785209569.847165585,11.435555,101,15,271.500000,6223.500
1785209569.847165585,11.435555,101,15,273.140625,6205.250
1785209569.847165585,11.435555,101,15,274.734375,6203.250
1785209569.847165585,11.435555,101,15,276.390625,6217.750
1785209569.847165585,11.435555,101,15,278.000000,6244.250
1785209569.847165585,11.435555,101,15,279.625000,6241.000
1785209569.847165585,11.435555,101,15,281.265625,6239.750
1785209569.847165585,11.435555,101,15,282.890625,6283.750
1785209569.847165585,11.435555,101,15,284.515625,6296.250
1785209569.847165585,11.435555,101,15,286.140625,6242.500
1785209569.847165585,11.435555,101,15,291.062500,5710.500
1785209569.847165585,11.435555,101,15,292.687500,5801.500
1785209569.847165585,11.435555,101,9,336.968750,4771.500
1785209569.847165585,11.435555,101,9,338.593750,4795.250
1785209569.847165585,11.435555,101,10,340.234375,4808.750
1785209569.847165585,11.435555,101,9,341.875000,4823.250
1785209569.847165585,11.435555,101,15,348.453125,4997.500
1785209569.847165585,11.435555,101,11,350.078125,5031.250
1785209569.962849379,11.579432,102,14,351.718750,5071.500
1785209569.962849379,11.579432,102,11,353.343750,5090.500
1785209569.962849379,11.579432,102,14,354.968750,5111.500
1785209569.962849379,11.579432,102,11,356.625000,5138.500
1785209569.962849379,11.579432,102,12,358.265625,5163.250
1785209569.962849379,11.579432,102,9,359.890625,5192.750
1785209569.962849379,11.579432,102,7,1.531250,5245.500
1785209569.962849379,11.579432,102,15,175.343750,1229.250
1785209569.962849379,11.579432,102,15,176.953125,1216.250
1785209569.962849379,11.579432,102,15,178.578125,1214.500
1785209569.962849379,11.579432,102,15,180.250000,1211.750
1785209569.962849379,11.579432,102,15,181.875000,1209.500
1785209569.962849379,11.579432,102,15,183.484375,1213.500
1785209569.962849379,11.579432,102,15,185.140625,1216.000
1785209569.962849379,11.579432,102,10,215.046875,11717.000
1785209569.962849379,11.579432,102,14,223.234375,9706.750
1785209569.962849379,11.579432,102,15,228.140625,8698.750
1785209569.962849379,11.579432,102,15,229.765625,8496.000
1785209569.962849379,11.579432,102,15,231.390625,8273.500
1785209569.962849379,11.579432,102,15,233.031250,8066.500
1785209569.962849379,11.579432,102,15,234.656250,7907.250
1785209569.962849379,11.579432,102,15,236.312500,7750.750
1785209569.962849379,11.579432,102,15,237.937500,7573.500
1785209569.962849379,11.579432,102,15,239.578125,7380.000
1785209569.962849379,11.579432,102,15,241.203125,7224.750
1785209569.962849379,11.579432,102,15,242.843750,7114.000
1785209569.962849379,11.579432,102,10,252.953125,3116.250
1785209569.962849379,11.579432,102,15,259.250000,5959.000
1785209569.962849379,11.579432,102,15,264.156250,5903.500
1785209569.962849379,11.579432,102,15,265.781250,5883.500
1785209569.962849379,11.579432,102,15,267.421875,5980.000
1785209569.962849379,11.579432,102,15,270.671875,6229.750
1785209569.962849379,11.579432,102,15,272.312500,6232.250
1785209569.962849379,11.579432,102,15,273.953125,6213.750
1785209569.962849379,11.579432,102,15,275.515625,6219.750
1785209569.962849379,11.579432,102,15,277.156250,6243.250
1785209569.962849379,11.579432,102,15,278.796875,6241.000
1785209569.962849379,11.579432,102,15,280.421875,6256.250
1785209569.962849379,11.579432,102,15,282.046875,6294.000
1785209569.962849379,11.579432,102,15,283.671875,6365.000
1785209569.962849379,11.579432,102,7,285.312500,6370.000
1785209569.962849379,11.579432,102,15,290.218750,5709.500
1785209569.962849379,11.579432,102,14,291.859375,5776.750
1785209569.962849379,11.579432,102,7,311.562500,5102.250
1785209569.962849379,11.579432,102,8,323.031250,4772.250
1785209569.962849379,11.579432,102,9,334.500000,4774.250
1785209569.962849379,11.579432,102,7,336.109375,4778.250
1785209569.962849379,11.579432,102,10,337.765625,4781.000
1785209569.962849379,11.579432,102,10,339.390625,4793.000
1785209569.962849379,11.579432,102,10,341.031250,4824.750
1785209569.962849379,11.579432,102,8,344.312500,4871.750
1785209569.962849379,11.579432,102,9,345.937500,4932.500
1785209569.962849379,11.579432,102,11,347.609375,4972.500
1785209569.962849379,11.579432,102,15,349.234375,4994.500
1785209570.073430777,11.721384,103,10,350.859375,5030.500
1785209570.073430777,11.721384,103,14,352.515625,5064.500
1785209570.073430777,11.721384,103,13,354.140625,5085.500
1785209570.073430777,11.721384,103,12,355.796875,5092.750
1785209570.073430777,11.721384,103,13,357.437500,5111.250
1785209570.073430777,11.721384,103,13,359.046875,5151.000
1785209570.073430777,11.721384,103,8,0.687500,5188.500
1785209570.073430777,11.721384,103,8,2.343750,5191.750
1785209570.073430777,11.721384,103,8,3.968750,5226.000
1785209570.073430777,11.721384,103,15,176.296875,1243.500
1785209570.073430777,11.721384,103,15,177.906250,1225.500
1785209570.073430777,11.721384,103,15,179.578125,1212.000
1785209570.073430777,11.721384,103,15,181.156250,1204.500
1785209570.073430777,11.721384,103,15,182.875000,1205.250
1785209570.073430777,11.721384,103,15,184.453125,1206.750
1785209570.073430777,11.721384,103,15,186.109375,1222.000
1785209570.073430777,11.721384,103,12,222.546875,9860.250
1785209570.073430777,11.721384,103,15,229.093750,8628.500
1785209570.073430777,11.721384,103,15,232.359375,8146.500
1785209570.073430777,11.721384,103,15,234.000000,8002.750
1785209570.073430777,11.721384,103,15,235.625000,7813.000
1785209570.073430777,11.721384,103,15,237.281250,7622.000
1785209570.073430777,11.721384,103,15,238.906250,7485.750
1785209570.073430777,11.721384,103,15,240.531250,7328.250
1785209570.073430777,11.721384,103,15,242.156250,7183.750
1785209570.073430777,11.721384,103,15,243.812500,7074.000
1785209570.073430777,11.721384,103,12,253.921875,3081.750
1785209570.073430777,11.721384,103,15,266.781250,5990.000
1785209570.073430777,11.721384,103,15,270.031250,6252.250
1785209570.073430777,11.721384,103,15,271.671875,6279.750
1785209570.073430777,11.721384,103,15,273.296875,6251.750
1785209570.073430777,11.721384,103,15,274.890625,6221.250
1785209570.073430777,11.721384,103,15,276.515625,6235.750
1785209570.073430777,11.721384,103,15,278.140625,6260.250
1785209570.073430777,11.721384,103,15,279.765625,6262.750
1785209570.073430777,11.721384,103,15,281.406250,6290.000
1785209570.073430777,11.721384,103,15,283.031250,6366.250
1785209570.073430777,11.721384,103,15,291.218750,5755.000
1785209570.073430777,11.721384,103,8,335.593750,4749.000
1785209570.073430777,11.721384,103,8,337.218750,4759.250
1785209570.073430777,11.721384,103,9,338.875000,4772.250
1785209570.073430777,11.721384,103,9,340.500000,4786.750
1785209570.073430777,11.721384,103,8,343.781250,4800.750
1785209570.073430777,11.721384,103,7,345.421875,4837.500
1785209570.073430777,11.721384,103,8,347.046875,4916.750
1785209570.073430777,11.721384,103,13,348.671875,4965.750
1785209570.073430777,11.721384,103,14,350.312500,4983.000
1785209570.188926220,11.799698,104,14,351.953125,5029.500
1785209570.188926220,11.799698,104,15,353.578125,5055.000
1785209570.188926220,11.799698,104,13,355.218750,5061.750
1785209570.188926220,11.799698,104,11,356.843750,5074.250
1785209570.188926220,11.799698,104,10,358.500000,5096.250
1785209570.188926220,11.799698,104,9,0.140625,5148.500
1785209570.188926220,11.799698,104,8,1.765625,5192.750
1785209570.188926220,11.799698,104,8,3.406250,5197.000
1785209570.188926220,11.799698,104,15,175.781250,1230.250
1785209570.188926220,11.799698,104,15,177.421875,1225.750
1785209570.188926220,11.799698,104,15,179.125000,1216.000
1785209570.188926220,11.799698,104,15,180.703125,1209.250
1785209570.188926220,11.799698,104,15,182.328125,1206.750
1785209570.188926220,11.799698,104,15,183.968750,1201.500
1785209570.188926220,11.799698,104,15,185.625000,1205.000
1785209570.188926220,11.799698,104,15,190.406250,1330.500
1785209570.188926220,11.799698,104,15,227.000000,8917.250
1785209570.188926220,11.799698,104,15,228.625000,8693.750
1785209570.188926220,11.799698,104,15,230.265625,8494.250
1785209570.188926220,11.799698,104,15,233.546875,8058.000
1785209570.188926220,11.799698,104,15,235.171875,7902.000
1785209570.188926220,11.799698,104,15,236.812500,7735.500
1785209570.188926220,11.799698,104,15,240.093750,7369.250
1785209570.188926220,11.799698,104,15,241.718750,7255.750
1785209570.188926220,11.799698,104,15,243.359375,7142.750
1785209570.188926220,11.799698,104,9,251.781250,3148.250
1785209570.188926220,11.799698,104,9,253.406250,3087.500
1785209570.188926220,11.799698,104,8,255.078125,3063.000
1785209570.188926220,11.799698,104,15,266.250000,5879.750
1785209570.188926220,11.799698,104,15,267.875000,5958.000
1785209570.188926220,11.799698,104,15,271.156250,6231.500
1785209570.188926220,11.799698,104,15,272.781250,6198.750
1785209570.188926220,11.799698,104,15,274.375000,6201.250
1785209570.188926220,11.799698,104,15,276.000000,6204.000
1785209570.188926220,11.799698,104,15,277.609375,6235.000
1785209570.188926220,11.799698,104,15,279.250000,6255.250
1785209570.188926220,11.799698,104,15,280.875000,6275.000
1785209570.188926220,11.799698,104,15,282.500000,6346.250
1785209570.188926220,11.799698,104,15,287.390625,6096.000
1785209570.188926220,11.799698,104,15,290.656250,5746.500
1785209570.188926220,11.799698,104,4,292.296875,5823.250
1785209570.188926220,11.799698,104,9,340.015625,4722.500
1785209570.188926220,11.799698,104,10,341.656250,4753.750
1785209570.188926220,11.799698,104,10,343.296875,4777.750
1785209570.188926220,11.799698,104,10,344.937500,4793.000
1785209570.188926220,11.799698,104,9,346.531250,4828.000
1785209570.188926220,11.799698,104,9,348.156250,4879.250
1785209570.188926220,11.799698,104,11,349.796875,4940.000
1785209570.300531626,11.925820,105,13,351.437500,4975.500
1785209570.300531626,11.925820,105,15,353.062500,5000.750
1785209570.300531626,11.925820,105,13,354.703125,5046.500
1785209570.300531626,11.925820,105,12,356.328125,5075.500
1785209570.300531626,11.925820,105,12,357.984375,5122.250
1785209570.300531626,11.925820,105,11,359.593750,5154.250
1785209570.300531626,11.925820,105,9,1.234375,5167.000
1785209570.300531626,11.925820,105,11,2.875000,5171.250
1785209570.300531626,11.925820,105,15,176.828125,1221.750
1785209570.300531626,11.925820,105,15,178.453125,1212.500
1785209570.300531626,11.925820,105,15,180.078125,1205.500
1785209570.300531626,11.925820,105,15,181.687500,1199.500
1785209570.300531626,11.925820,105,15,183.296875,1205.500
1785209570.300531626,11.925820,105,15,184.906250,1216.250
1785209570.300531626,11.925820,105,15,186.562500,1223.000
1785209570.300531626,11.925820,105,11,216.500000,11721.250
1785209570.300531626,11.925820,105,13,223.046875,9866.750
1785209570.300531626,11.925820,105,15,227.984375,8752.500
1785209570.300531626,11.925820,105,15,229.609375,8621.000
1785209570.300531626,11.925820,105,15,232.875000,8174.000
1785209570.300531626,11.925820,105,15,234.515625,7978.250
1785209570.300531626,11.925820,105,15,236.156250,7809.250
1785209570.300531626,11.925820,105,15,237.796875,7656.000
1785209570.300531626,11.925820,105,15,239.421875,7483.750
1785209570.300531626,11.925820,105,15,241.078125,7312.250
1785209570.300531626,11.925820,105,15,242.687500,7197.000
1785209570.300531626,11.925820,105,15,267.187500,5956.000
1785209570.300531626,11.925820,105,15,270.437500,6251.750
1785209570.300531626,11.925820,105,15,272.062500,6233.000
1785209570.300531626,11.925820,105,15,273.687500,6218.500
1785209570.300531626,11.925820,105,15,275.296875,6265.500
1785209570.300531626,11.925820,105,15,276.937500,6263.000
1785209570.300531626,11.925820,105,15,278.546875,6251.750
1785209570.300531626,11.925820,105,15,280.187500,6303.500
1785209570.300531626,11.925820,105,15,281.796875,6337.000
1785209570.300531626,11.925820,105,15,285.062500,6342.000
1785209570.300531626,11.925820,105,8,335.953125,4713.000
1785209570.300531626,11.925820,105,9,337.593750,4731.750
1785209570.300531626,11.925820,105,9,339.234375,4744.750
1785209570.300531626,11.925820,105,14,340.875000,4762.000
1785209570.300531626,11.925820,105,8,342.515625,4784.750
1785209570.300531626,11.925820,105,9,344.140625,4816.250
1785209570.300531626,11.925820,105,11,347.359375,4892.000
1785209570.300531626,11.925820,105,12,349.000000,4978.000
1785209570.413720608,12.005281,106,15,350.625000,5008.000
1785209570.413720608,12.005281,106,12,352.250000,5041.250
1785209570.413720608,12.005281,106,11,353.890625,5071.500
1785209570.413720608,12.005281,106,14,355.515625,5079.250
1785209570.413720608,12.005281,106,14,357.171875,5098.500
1785209570.413720608,12.005281,106,9,358.796875,5142.000
1785209570.413720608,12.005281,106,12,0.437500,5176.750
1785209570.413720608,12.005281,106,11,2.062500,5185.000
1785209570.413720608,12.005281,106,8,3.687500,5202.000
1785209570.413720608,12.005281,106,8,5.328125,5281.000
1785209570.413720608,12.005281,106,15,177.500000,1239.000
1785209570.413720608,12.005281,106,15,179.078125,1218.500
1785209570.413720608,12.005281,106,15,180.734375,1208.500
1785209570.413720608,12.005281,106,15,182.343750,1207.000
1785209570.413720608,12.005281,106,15,183.968750,1207.500
1785209570.413720608,12.005281,106,15,185.562500,1205.750
1785209570.413720608,12.005281,106,15,187.250000,1220.500
1785209570.413720608,12.005281,106,8,195.953125,10133.750
1785209570.413720608,12.005281,106,13,215.546875,11754.250
1785209570.413720608,12.005281,106,10,223.734375,9705.000
1785209570.413720608,12.005281,106,15,228.609375,8701.000
1785209570.413720608,12.005281,106,15,230.250000,8502.250
1785209570.413720608,12.005281,106,15,231.890625,8297.250
1785209570.413720608,12.005281,106,15,233.515625,8105.250
1785209570.413720608,12.005281,106,15,235.156250,7910.750
1785209570.413720608,12.005281,106,15,236.796875,7749.250
1785209570.413720608,12.005281,106,15,238.421875,7593.250
1785209570.413720608,12.005281,106,15,240.062500,7400.000
1785209570.413720608,12.005281,106,15,241.687500,7256.000
1785209570.413720608,12.005281,106,15,243.328125,7144.750
1785209570.413720608,12.005281,106,14,246.859375,3059.000
1785209570.413720608,12.005281,106,11,251.718750,3100.250
1785209570.413720608,12.005281,106,4,253.375000,3088.750
1785209570.413720608,12.005281,106,15,258.015625,6092.500
1785209570.413720608,12.005281,106,15,266.156250,5912.000
1785209570.413720608,12.005281,106,15,267.781250,5969.750
1785209570.413720608,12.005281,106,15,271.031250,6251.750
1785209570.413720608,12.005281,106,15,272.656250,6236.000
1785209570.413720608,12.005281,106,15,274.250000,6236.750
1785209570.413720608,12.005281,106,15,275.875000,6251.500
1785209570.413720608,12.005281,106,15,277.500000,6246.500
1785209570.413720608,12.005281,106,15,279.125000,6252.750
1785209570.413720608,12.005281,106,15,280.765625,6284.750
1785209570.413720608,12.005281,106,15,282.375000,6321.500
1785209570.413720608,12.005281,106,8,285.625000,6286.250
1785209570.413720608,12.005281,106,15,287.265625,6169.000
1785209570.413720608,12.005281,106,15,290.531250,5776.750
1785209570.413720608,12.005281,106,8,334.812500,4758.750
1785209570.413720608,12.005281,106,8,336.468750,4727.000
1785209570.413720608,12.005281,106,10,338.093750,4731.500
1785209570.413720608,12.005281,106,8,339.734375,4758.750
1785209570.413720608,12.005281,106,10,341.375000,4776.500
1785209570.413720608,12.005281,106,7,342.984375,4790.500
1785209570.413720608,12.005281,106,9,346.265625,4842.250
1785209570.413720608,12.005281,106,10,347.859375,4935.250
1785209570.413720608,12.005281,106,12,349.500000,4989.000
1785209570.526461840,12.160644,107,15,351.140625,4981.500
1785209570.526461840,12.160644,107,14,352.765625,5021.250
1785209570.526461840,12.160644,107,14,354.390625,5069.250
1785209570.526461840,12.160644,107,13,356.015625,5066.750
1785209570.526461840,12.160644,107,15,357.656250,5097.000
1785209570.526461840,12.160644,107,13,359.281250,5137.750
1785209570.526461840,12.160644,107,12,0.906250,5179.250
1785209570.526461840,12.160644,107,8,2.546875,5197.000
1785209570.526461840,12.160644,107,11,176.109375,1237.750
1785209570.526461840,12.160644,107,15,177.734375,1222.000
1785209570.526461840,12.160644,107,15,179.453125,1218.000
1785209570.526461840,12.160644,107,15,181.156250,1210.750
1785209570.526461840,12.160644,107,15,182.765625,1205.000
1785209570.526461840,12.160644,107,15,184.390625,1206.000
1785209570.526461840,12.160644,107,15,186.046875,1204.000
1785209570.526461840,12.160644,107,15,187.578125,1216.000
1785209570.526461840,12.160644,107,11,224.156250,9660.250
1785209570.526461840,12.160644,107,15,227.406250,8931.750
1785209570.526461840,12.160644,107,15,229.046875,8708.000
1785209570.526461840,12.160644,107,15,230.656250,8490.000
1785209570.526461840,12.160644,107,15,233.953125,8060.750
1785209570.526461840,12.160644,107,15,235.593750,7925.500
1785209570.526461840,12.160644,107,15,237.218750,7737.750
1785209570.526461840,12.160644,107,15,238.843750,7594.500
1785209570.526461840,12.160644,107,15,240.500000,7424.750
1785209570.526461840,12.160644,107,15,242.125000,7232.250
1785209570.526461840,12.160644,107,15,243.750000,7125.250
1785209570.526461840,12.160644,107,15,247.265625,3244.250
1785209570.526461840,12.160644,107,14,252.171875,3163.750
1785209570.526461840,12.160644,107,9,253.796875,3115.250
1785209570.526461840,12.160644,107,11,258.453125,6147.500
1785209570.526461840,12.160644,107,15,266.625000,5927.750
1785209570.526461840,12.160644,107,15,268.250000,6025.500
1785209570.526461840,12.160644,107,15,269.875000,6166.250
1785209570.526461840,12.160644,107,15,271.500000,6259.250
1785209570.526461840,12.160644,107,15,273.140625,6246.500
1785209570.526461840,12.160644,107,15,274.734375,6256.500
1785209570.526461840,12.160644,107,15,276.359375,6305.750
1785209570.526461840,12.160644,107,15,277.984375,6287.000
1785209570.526461840,12.160644,107,15,279.609375,6274.750
1785209570.526461840,12.160644,107,15,281.250000,6319.500
1785209570.526461840,12.160644,107,15,282.859375,6366.000
1785209570.526461840,12.160644,107,15,291.031250,5777.250
1785209570.526461840,12.160644,107,9,336.953125,4723.750
1785209570.526461840,12.160644,107,8,338.578125,4730.500
1785209570.526461840,12.160644,107,10,340.203125,4751.750
1785209570.526461840,12.160644,107,9,341.843750,4787.500
1785209570.526461840,12.160644,107,9,343.468750,4794.500
1785209570.526461840,12.160644,107,9,345.109375,4783.500
1785209570.526461840,12.160644,107,9,346.734375,4822.500
1785209570.526461840,12.160644,107,9,348.375000,4903.750
1785209570.526461840,12.160644,107,10,350.000000,4966.750
1785209570.637418270,12.238918,108,14,351.625000,4986.000
1785209570.637418270,12.238918,108,15,353.250000,5010.750
1785209570.637418270,12.238918,108,12,354.890625,5041.250
1785209570.637418270,12.238918,108,12,356.531250,5048.000
1785209570.637418270,12.238918,108,12,358.156250,5083.750
1785209570.637418270,12.238918,108,13,359.781250,5146.750
1785209570.637418270,12.238918,108,10,1.406250,5172.500
1785209570.637418270,12.238918,108,11,3.062500,5164.250
1785209570.637418270,12.238918,108,9,4.687500,5191.000
1785209570.637418270,12.238918,108,10,6.296875,5260.750
1785209570.637418270,12.238918,108,10,176.718750,1238.250
1785209570.637418270,12.238918,108,15,178.312500,1227.500
1785209570.637418270,12.238918,108,15,179.968750,1220.500
1785209570.637418270,12.238918,108,15,181.640625,1209.750
1785209570.637418270,12.238918,108,15,183.250000,1205.500
1785209570.637418270,12.238918,108,15,184.875000,1210.250
1785209570.637418270,12.238918,108,15,186.562500,1213.500
1785209570.637418270,12.238918,108,15,188.109375,1226.750
1785209570.637418270,12.238918,108,15,227.906250,8830.500
1785209570.637418270,12.238918,108,15,229.546875,8642.250
1785209570.637418270,12.238918,108,15,231.171875,8434.250
1785209570.637418270,12.238918,108,15,232.828125,8199.000
1785209570.637418270,12.238918,108,15,234.453125,8029.750
1785209570.637418270,12.238918,108,15,236.078125,7859.750
1785209570.637418270,12.238918,108,15,237.718750,7705.500
1785209570.637418270,12.238918,108,15,239.359375,7554.250
1785209570.637418270,12.238918,108,15,240.984375,7348.750
1785209570.637418270,12.238918,108,15,242.625000,7202.250
1785209570.637418270,12.238918,108,15,244.250000,7143.500
1785209570.637418270,12.238918,108,9,247.750000,3250.500
1785209570.637418270,12.238918,108,15,267.125000,5920.750
1785209570.637418270,12.238918,108,15,270.375000,6286.750
1785209570.637418270,12.238918,108,15,272.000000,6269.750
1785209570.637418270,12.238918,108,15,273.625000,6223.500
1785209570.637418270,12.238918,108,15,275.265625,6232.500
1785209570.637418270,12.238918,108,15,276.890625,6236.000
1785209570.637418270,12.238918,108,15,278.515625,6252.500
1785209570.637418270,12.238918,108,15,280.156250,6294.250
1785209570.637418270,12.238918,108,15,281.781250,6334.750
1785209570.637418270,12.238918,108,13,283.406250,6327.250
1785209570.637418270,12.238918,108,12,291.578125,5774.750
1785209570.637418270,12.238918,108,8,340.703125,4713.500
1785209570.637418270,12.238918,108,12,342.343750,4734.500
1785209570.637418270,12.238918,108,11,343.953125,4758.500
1785209570.637418270,12.238918,108,11,345.609375,4779.750
1785209570.637418270,12.238918,108,9,347.250000,4831.250
1785209570.637418270,12.238918,108,9,348.875000,4889.750
1785209570.752283335,12.396188,109,10,350.515625,4926.500
1785209570.752283335,12.396188,109,13,352.140625,4953.000
1785209570.752283335,12.396188,109,14,353.765625,4985.500
1785209570.752283335,12.396188,109,11,355.406250,5030.500
1785209570.752283335,12.396188,109,12,357.031250,5062.000
1785209570.752283335,12.396188,109,13,358.687500,5090.500
1785209570.752283335,12.396188,109,14,0.312500,5130.750
1785209570.752283335,12.396188,109,14,1.921875,5170.500
1785209570.752283335,12.396188,109,11,3.562500,5185.750
1785209570.752283335,12.396188,109,10,6.843750,5236.250
1785209570.752283335,12.396188,109,15,180.468750,1207.500
1785209570.752283335,12.396188,109,15,182.125000,1208.500
1785209570.752283335,12.396188,109,15,183.765625,1206.000
1785209570.752283335,12.396188,109,15,185.359375,1207.500
1785209570.752283335,12.396188,109,15,186.968750,1210.000
1785209570.752283335,12.396188,109,15,228.328125,8828.000
1785209570.752283335,12.396188,109,15,229.968750,8626.250
1785209570.752283335,12.396188,109,15,233.234375,8154.750
1785209570.752283335,12.396188,109,15,234.875000,8001.750
1785209570.752283335,12.396188,109,15,236.500000,7849.500
1785209570.752283335,12.396188,109,15,238.140625,7685.750
1785209570.752283335,12.396188,109,15,239.765625,7515.000
1785209570.752283335,12.396188,109,15,241.390625,7344.250
1785209570.752283335,12.396188,109,15,243.031250,7214.750
1785209570.752283335,12.396188,109,15,244.656250,7114.000
1785209570.752283335,12.396188,109,15,267.609375,6006.750
1785209570.752283335,12.396188,109,15,270.875000,6280.000
1785209570.752283335,12.396188,109,15,272.515625,6271.500
1785209570.752283335,12.396188,109,15,274.140625,6236.500
1785209570.752283335,12.396188,109,15,275.718750,6251.500
1785209570.752283335,12.396188,109,15,277.375000,6249.000
1785209570.752283335,12.396188,109,15,279.000000,6261.250
1785209570.752283335,12.396188,109,15,280.625000,6314.750
1785209570.752283335,12.396188,109,15,282.250000,6344.250
1785209570.752283335,12.396188,109,9,336.375000,4701.750
1785209570.752283335,12.396188,109,9,338.015625,4719.250
1785209570.752283335,12.396188,109,10,339.640625,4740.750
1785209570.752283335,12.396188,109,7,341.265625,4753.750
1785209570.752283335,12.396188,109,9,342.921875,4772.250
1785209570.752283335,12.396188,109,8,344.546875,4799.250
1785209570.752283335,12.396188,109,11,346.171875,4831.000
1785209570.752283335,12.396188,109,8,347.812500,4890.250
1785209570.752283335,12.396188,109,13,349.453125,4930.000
1785209570.864344835,12.458824,110,14,351.093750,4946.000
1785209570.864344835,12.458824,110,13,352.718750,4986.500
1785209570.864344835,12.458824,110,14,354.359375,5031.250
1785209570.864344835,12.458824,110,12,355.984375,5059.750
1785209570.864344835,12.458824,110,14,357.609375,5089.750
1785209570.864344835,12.458824,110,9,359.265625,5107.250
1785209570.864344835,12.458824,110,15,0.890625,5140.250
1785209570.864344835,12.458824,110,11,2.515625,5167.500
1785209570.864344835,12.458824,110,10,4.156250,5171.000
1785209570.864344835,12.458824,110,10,5.796875,5196.000
1785209570.864344835,12.458824,110,11,7.421875,5260.750
1785209570.864344835,12.458824,110,15,177.937500,1222.250
1785209570.864344835,12.458824,110,15,179.468750,1209.000
1785209570.864344835,12.458824,110,15,181.125000,1198.000
1785209570.864344835,12.458824,110,15,182.828125,1197.750
1785209570.864344835,12.458824,110,15,184.437500,1205.500
1785209570.864344835,12.458824,110,15,186.015625,1211.000
1785209570.864344835,12.458824,110,15,187.703125,1208.500
1785209570.864344835,12.458824,110,9,189.296875,1221.000
1785209570.864344835,12.458824,110,15,190.875000,1251.750
1785209570.864344835,12.458824,110,11,215.968750,9269.250
1785209570.864344835,12.458824,110,15,227.375000,9044.500
1785209570.864344835,12.458824,110,15,229.015625,8809.000
1785209570.864344835,12.458824,110,15,230.640625,8598.250
1785209570.864344835,12.458824,110,15,232.281250,8385.750
1785209570.864344835,12.458824,110,15,233.906250,8161.250
1785209570.864344835,12.458824,110,15,235.546875,7980.250
1785209570.864344835,12.458824,110,15,237.171875,7813.000
1785209570.864344835,12.458824,110,15,238.812500,7636.500
1785209570.864344835,12.458824,110,15,240.437500,7433.250
1785209570.864344835,12.458824,110,15,242.078125,7270.000
1785209570.864344835,12.458824,110,15,243.718750,7195.250
1785209570.864344835,12.458824,110,12,253.796875,3140.000
1785209570.864344835,12.458824,110,15,266.625000,5930.500
1785209570.864344835,12.458824,110,15,268.265625,5974.250
1785209570.864344835,12.458824,110,15,271.500000,6265.750
1785209570.864344835,12.458824,110,15,273.156250,6303.250
1785209570.864344835,12.458824,110,15,274.750000,6304.250
1785209570.864344835,12.458824,110,15,276.359375,6267.250
1785209570.864344835,12.458824,110,15,277.984375,6253.250
1785209570.864344835,12.458824,110,15,279.625000,6277.500
1785209570.864344835,12.458824,110,15,281.234375,6353.500
1785209570.864344835,12.458824,110,15,282.875000,6368.750
1785209570.864344835,12.458824,110,13,291.046875,5807.250
1785209570.864344835,12.458824,110,9,338.656250,4704.250
1785209570.864344835,12.458824,110,10,340.296875,4721.500
1785209570.864344835,12.458824,110,11,341.937500,4736.750
1785209570.864344835,12.458824,110,11,343.593750,4739.250
1785209570.864344835,12.458824,110,14,345.203125,4754.250
1785209570.864344835,12.458824,110,14,346.828125,4791.750
1785209570.864344835,12.458824,110,9,348.484375,4843.250
1785209570.864344835,12.458824,110,8,350.109375,4879.500
1785209570.976959229,12.614811,111,9,351.750000,4912.250
1785209570.976959229,12.614811,111,11,353.375000,4942.500
1785209570.976959229,12.614811,111,12,355.015625,4959.750
1785209570.976959229,12.614811,111,11,356.656250,5000.750
1785209570.976959229,12.614811,111,13,358.296875,5051.250
1785209570.976959229,12.614811,111,12,359.937500,5089.000
1785209570.976959229,12.614811,111,13,1.578125,5117.750
1785209570.976959229,12.614811,111,12,3.203125,5147.500
1785209570.976959229,12.614811,111,8,4.843750,5184.000
1785209570.976959229,12.614811,111,9,6.468750,5209.250
1785209570.976959229,12.614811,111,8,8.109375,5256.250
1785209570.976959229,12.614811,111,15,9.734375,5307.500
1785209570.976959229,12.614811,111,15,178.562500,1223.500
1785209570.976959229,12.614811,111,15,180.156250,1220.500
1785209570.976959229,12.614811,111,15,181.796875,1207.250
1785209570.976959229,12.614811,111,15,183.484375,1203.500
1785209570.976959229,12.614811,111,15,185.109375,1202.250
1785209570.976959229,12.614811,111,15,186.687500,1199.000
1785209570.976959229,12.614811,111,15,188.296875,1206.250
1785209570.976959229,12.614811,111,9,216.609375,11847.000
1785209570.976959229,12.614811,111,14,224.781250,9715.500
1785209570.976959229,12.614811,111,15,228.078125,8909.500
1785209570.976959229,12.614811,111,15,229.734375,8672.000
1785209570.976959229,12.614811,111,15,231.359375,8461.500
1785209570.976959229,12.614811,111,15,234.640625,8025.250
1785209570.976959229,12.614811,111,15,236.281250,7899.500
1785209570.976959229,12.614811,111,15,237.906250,7750.500
1785209570.976959229,12.614811,111,15,239.546875,7612.500
1785209570.976959229,12.614811,111,15,242.812500,7239.250
1785209570.976959229,12.614811,111,15,244.453125,7122.250
1785209570.976959229,12.614811,111,9,254.515625,3128.500
1785209570.976959229,12.614811,111,15,267.359375,5960.250
1785209570.976959229,12.614811,111,15,270.609375,6238.000
1785209570.976959229,12.614811,111,15,272.234375,6259.250
1785209570.976959229,12.614811,111,15,273.859375,6238.500
1785209570.976959229,12.614811,111,15,275.421875,6226.500
1785209570.976959229,12.614811,111,15,277.046875,6249.500
1785209570.976959229,12.614811,111,15,278.671875,6297.500
1785209570.976959229,12.614811,111,15,280.296875,6362.250
1785209570.976959229,12.614811,111,15,281.937500,6378.750
1785209570.976959229,12.614811,111,15,285.187500,6374.750
1785209570.976959229,12.614811,111,9,341.062500,4699.500
1785209570.976959229,12.614811,111,8,342.703125,4710.750
1785209570.976959229,12.614811,111,10,344.343750,4726.250
1785209570.976959229,12.614811,111,8,345.953125,4757.250
1785209570.976959229,12.614811,111,10,347.546875,4801.500
1785209570.976959229,12.614811,111,10,349.187500,4846.750
1785209571.088368654,12.691424,112,8,350.828125,4882.500
1785209571.088368654,12.691424,112,10,352.453125,4938.750
1785209571.088368654,12.691424,112,15,354.093750,4963.750
1785209571.088368654,12.691424,112,11,355.718750,4975.750
1785209571.088368654,12.691424,112,13,357.375000,5038.250
1785209571.088368654,12.691424,112,15,358.984375,5088.250
1785209571.088368654,12.691424,112,12,0.640625,5119.500
1785209571.088368654,12.691424,112,12,2.265625,5151.500
1785209571.088368654,12.691424,112,12,3.906250,5178.000
1785209571.088368654,12.691424,112,9,5.546875,5195.250
1785209571.088368654,12.691424,112,10,7.187500,5239.500
1785209571.088368654,12.691424,112,7,10.406250,5288.000
1785209571.088368654,12.691424,112,15,179.343750,1217.000
1785209571.088368654,12.691424,112,15,181.046875,1204.500
1785209571.088368654,12.691424,112,15,182.656250,1199.000
1785209571.088368654,12.691424,112,15,184.328125,1204.500
1785209571.088368654,12.691424,112,15,185.875000,1209.000
1785209571.088368654,12.691424,112,15,187.562500,1216.000
1785209571.088368654,12.691424,112,15,189.171875,1220.000
1785209571.088368654,12.691424,112,11,217.468750,11677.250
1785209571.088368654,12.691424,112,15,224.031250,9876.000
1785209571.088368654,12.691424,112,15,228.984375,8810.250
1785209571.088368654,12.691424,112,15,230.625000,8600.000
1785209571.088368654,12.691424,112,15,232.265625,8382.000
1785209571.088368654,12.691424,112,15,233.890625,8157.500
1785209571.088368654,12.691424,112,15,235.546875,7979.250
1785209571.088368654,12.691424,112,15,237.187500,7812.000
1785209571.088368654,12.691424,112,15,238.828125,7641.500
1785209571.088368654,12.691424,112,15,240.468750,7472.250
1785209571.088368654,12.691424,112,15,242.093750,7308.750
1785209571.088368654,12.691424,112,15,243.734375,7198.750
1785209571.088368654,12.691424,112,15,268.234375,6003.750
1785209571.088368654,12.691424,112,15,271.500000,6335.750
1785209571.088368654,12.691424,112,15,273.125000,6328.750
1785209571.088368654,12.691424,112,15,274.718750,6303.500
1785209571.088368654,12.691424,112,15,276.343750,6294.250
1785209571.088368654,12.691424,112,15,277.968750,6324.750
1785209571.088368654,12.691424,112,15,279.609375,6329.750
1785209571.088368654,12.691424,112,15,281.218750,6357.250
1785209571.088368654,12.691424,112,15,284.484375,6388.500
1785209571.088368654,12.691424,112,7,340.343750,4699.750
1785209571.088368654,12.691424,112,8,341.984375,4697.500
1785209571.088368654,12.691424,112,11,343.609375,4716.000
1785209571.088368654,12.691424,112,9,345.265625,4746.500
1785209571.088368654,12.691424,112,12,346.875000,4784.000
1785209571.088368654,12.691424,112,12,348.500000,4836.500
1785209571.088368654,12.691424,112,10,350.125000,4873.500
1785209571.203830957,12.817637,113,10,351.765625,4905.000
1785209571.203830957,12.817637,113,10,353.390625,4938.500
1785209571.203830957,12.817637,113,12,355.015625,4957.250
1785209571.203830957,12.817637,113,13,356.671875,4996.750
1785209571.203830957,12.817637,113,12,358.296875,5048.000
1785209571.203830957,12.817637,113,15,359.937500,5087.750
1785209571.203830957,12.817637,113,12,1.562500,5118.000
1785209571.203830957,12.817637,113,11,3.203125,5143.500
1785209571.203830957,12.817637,113,10,4.843750,5177.750
1785209571.203830957,12.817637,113,9,6.468750,5205.500
1785209571.203830957,12.817637,113,13,8.093750,5253.750
1785209571.203830957,12.817637,113,12,9.734375,5304.500
1785209571.203830957,12.817637,113,9,178.796875,1226.500
1785209571.203830957,12.817637,113,15,180.421875,1215.000
1785209571.203830957,12.817637,113,15,182.015625,1213.000
1785209571.203830957,12.817637,113,15,183.671875,1210.250
1785209571.203830957,12.817637,113,15,185.296875,1207.500
1785209571.203830957,12.817637,113,15,186.937500,1210.250
1785209571.203830957,12.817637,113,15,188.609375,1212.000
1785209571.203830957,12.817637,113,12,225.062500,9677.250
1785209571.203830957,12.817637,113,15,229.968750,8683.750
1785209571.203830957,12.817637,113,15,231.593750,8532.250
1785209571.203830957,12.817637,113,15,234.875000,8080.500
1785209571.203830957,12.817637,113,15,236.515625,7925.000
1785209571.203830957,12.817637,113,15,238.140625,7775.000
1785209571.203830957,12.817637,113,15,239.765625,7613.000
1785209571.203830957,12.817637,113,15,241.406250,7429.750
1785209571.203830957,12.817637,113,15,243.046875,7283.750
1785209571.203830957,12.817637,113,15,248.203125,3150.250
1785209571.203830957,12.817637,113,7,251.453125,3184.000
1785209571.203830957,12.817637,113,15,267.546875,5970.250
1785209571.203830957,12.817637,113,15,269.171875,6100.250
1785209571.203830957,12.817637,113,15,270.812500,6237.750
1785209571.203830957,12.817637,113,15,272.437500,6273.500
1785209571.203830957,12.817637,113,15,274.062500,6276.000
1785209571.203830957,12.817637,113,15,275.687500,6310.750
1785209571.203830957,12.817637,113,15,277.328125,6314.500
1785209571.203830957,12.817637,113,15,278.937500,6347.250
1785209571.203830957,12.817637,113,15,280.562500,6385.000
1785209571.203830957,12.817637,113,15,282.203125,6406.750
1785209571.203830957,12.817637,113,10,342.953125,4687.500
1785209571.203830957,12.817637,113,8,344.578125,4697.000
1785209571.203830957,12.817637,113,11,346.203125,4723.250
1785209571.203830957,12.817637,113,12,347.812500,4762.000
1785209571.203830957,12.817637,113,12,349.453125,4793.750
1785209571.315157413,12.961377,114,10,351.062500,4829.000
1785209571.315157413,12.961377,114,10,354.343750,4890.750
1785209571.315157413,12.961377,114,9,355.968750,4918.250
1785209571.315157413,12.961377,114,15,357.609375,4937.000
1785209571.315157413,12.961377,114,11,359.218750,5012.250
1785209571.315157413,12.961377,114,14,0.875000,5068.250
1785209571.315157413,12.961377,114,13,2.500000,5095.250
1785209571.315157413,12.961377,114,15,4.125000,5122.750
1785209571.315157413,12.961377,114,13,5.765625,5144.250
1785209571.315157413,12.961377,114,11,7.406250,5176.750
1785209571.315157413,12.961377,114,13,9.031250,5241.500
1785209571.315157413,12.961377,114,15,10.640625,5301.250
1785209571.315157413,12.961377,114,15,179.750000,1216.250
1785209571.315157413,12.961377,114,15,181.312500,1216.750
1785209571.315157413,12.961377,114,15,182.984375,1208.750
1785209571.315157413,12.961377,114,15,184.656250,1200.750
1785209571.315157413,12.961377,114,15,186.250000,1196.750
1785209571.315157413,12.961377,114,15,187.937500,1196.000
1785209571.315157413,12.961377,114,15,189.562500,1204.500
1785209571.315157413,12.961377,114,14,216.234375,11790.750
1785209571.315157413,12.961377,114,12,217.859375,11720.500
1785209571.315157413,12.961377,114,11,222.781250,10142.000
1785209571.315157413,12.961377,114,13,224.421875,9861.500
1785209571.315157413,12.961377,114,15,227.656250,9106.250
1785209571.315157413,12.961377,114,15,229.281250,8860.250
1785209571.315157413,12.961377,114,15,230.921875,8649.250
1785209571.315157413,12.961377,114,15,234.187500,8182.250
1785209571.315157413,12.961377,114,15,235.812500,7990.250
1785209571.315157413,12.961377,114,15,237.468750,7828.250
1785209571.315157413,12.961377,114,15,239.109375,7685.500
1785209571.315157413,12.961377,114,15,240.734375,7523.750
1785209571.315157413,12.961377,114,15,242.375000,7346.000
1785209571.315157413,12.961377,114,15,243.984375,7224.500
1785209571.315157413,12.961377,114,15,268.484375,5998.750
1785209571.315157413,12.961377,114,15,271.750000,6318.500
1785209571.315157413,12.961377,114,15,273.375000,6290.000
1785209571.315157413,12.961377,114,15,275.015625,6308.250
1785209571.315157413,12.961377,114,15,276.656250,6309.500
1785209571.315157413,12.961377,114,15,278.281250,6327.250
1785209571.315157413,12.961377,114,15,279.906250,6359.750
1785209571.315157413,12.961377,114,15,281.531250,6382.750
1785209571.315157413,12.961377,114,15,284.812500,6415.750
1785209571.315157413,12.961377,114,7,342.250000,4706.750
1785209571.315157413,12.961377,114,9,343.890625,4694.750
1785209571.315157413,12.961377,114,10,347.140625,4737.000
1785209571.315157413,12.961377,114,10,348.750000,4791.000
1785209571.430380583,13.039570,115,9,350.406250,4817.000
1785209571.430380583,13.039570,115,8,352.031250,4851.000
1785209571.430380583,13.039570,115,10,353.656250,4885.500
1785209571.430380583,13.039570,115,8,355.296875,4917.000
1785209571.430380583,13.039570,115,14,356.937500,4945.750
1785209571.430380583,13.039570,115,11,358.562500,5003.000
1785209571.430380583,13.039570,115,15,0.203125,5063.750
1785209571.430380583,13.039570,115,15,1.828125,5092.750
1785209571.430380583,13.039570,115,14,3.453125,5111.500
1785209571.430380583,13.039570,115,12,5.109375,5137.750
1785209571.430380583,13.039570,115,12,6.734375,5175.000
1785209571.430380583,13.039570,115,15,8.359375,5240.750
1785209571.430380583,13.039570,115,15,10.000000,5311.000
1785209571.430380583,13.039570,115,15,180.625000,1208.500
1785209571.430380583,13.039570,115,15,182.343750,1199.250
1785209571.430380583,13.039570,115,15,183.968750,1193.250
1785209571.430380583,13.039570,115,15,185.578125,1199.500
1785209571.430380583,13.039570,115,15,187.218750,1210.750
1785209571.430380583,13.039570,115,15,188.859375,1217.250
1785209571.430380583,13.039570,115,15,190.500000,1222.250
1785209571.430380583,13.039570,115,15,230.171875,8731.750
1785209571.430380583,13.039570,115,15,231.781250,8550.250
1785209571.430380583,13.039570,115,15,235.062500,8109.000
1785209571.430380583,13.039570,115,15,236.687500,7950.500
1785209571.430380583,13.039570,115,15,238.312500,7768.000
1785209571.430380583,13.039570,115,15,239.953125,7605.250
1785209571.430380583,13.039570,115,15,241.578125,7460.500
1785209571.430380583,13.039570,115,15,243.218750,7300.750
1785209571.430380583,13.039570,115,15,248.375000,3120.250
1785209571.430380583,13.039570,115,15,267.734375,5918.750
1785209571.430380583,13.039570,115,15,270.968750,6268.250
1785209571.430380583,13.039570,115,15,272.625000,6323.500
1785209571.430380583,13.039570,115,15,274.234375,6315.750
1785209571.430380583,13.039570,115,15,275.859375,6320.750
1785209571.430380583,13.039570,115,15,277.468750,6325.750
1785209571.430380583,13.039570,115,15,279.109375,6343.500
1785209571.430380583,13.039570,115,15,280.734375,6389.000
1785209571.430380583,13.039570,115,15,282.359375,6409.750
1785209571.430380583,13.039570,115,15,285.625000,6405.750
1785209571.430380583,13.039570,115,8,342.984375,4694.250
1785209571.430380583,13.039570,115,8,344.625000,4697.250
1785209571.430380583,13.039570,115,10,346.250000,4722.750
1785209571.430380583,13.039570,115,14,347.921875,4761.250
1785209571.430380583,13.039570,115,11,349.562500,4793.500
1785209571.541057825,13.194572,116,9,351.187500,4829.250
1785209571.541057825,13.194572,116,8,352.828125,4866.750
1785209571.541057825,13.194572,116,9,354.468750,4890.500
1785209571.541057825,13.194572,116,8,356.093750,4920.500
1785209571.541057825,13.194572,116,15,357.750000,4938.250
1785209571.541057825,13.194572,116,11,359.359375,5000.500
1785209571.541057825,13.194572,116,13,0.984375,5070.750
1785209571.541057825,13.194572,116,14,2.640625,5081.750
1785209571.541057825,13.194572,116,15,4.265625,5105.750
1785209571.541057825,13.194572,116,13,5.906250,5161.000
1785209571.541057825,13.194572,116,11,7.546875,5196.250
1785209571.541057825,13.194572,116,15,9.171875,5236.500
1785209571.541057825,13.194572,116,15,10.750000,5301.000
1785209571.541057825,13.194572,116,15,181.312500,1229.000
1785209571.541057825,13.194572,116,15,182.984375,1212.000
1785209571.541057825,13.194572,116,15,184.609375,1204.750
1785209571.541057825,13.194572,116,15,186.296875,1197.250
1785209571.541057825,13.194572,116,15,187.906250,1195.750
1785209571.541057825,13.194572,116,15,189.578125,1200.000
1785209571.541057825,13.194572,116,15,191.140625,1218.500
1785209571.541057825,13.194572,116,7,216.187500,11823.250
1785209571.541057825,13.194572,116,7,219.453125,11745.500
1785209571.541057825,13.194572,116,12,222.734375,10192.500
1785209571.541057825,13.194572,116,14,224.359375,9962.500
1785209571.541057825,13.194572,116,15,229.203125,8892.000
1785209571.541057825,13.194572,116,15,230.828125,8705.250
1785209571.541057825,13.194572,116,15,234.109375,8195.250
1785209571.541057825,13.194572,116,15,235.734375,8002.750
1785209571.541057825,13.194572,116,15,237.375000,7841.250
1785209571.541057825,13.194572,116,15,239.000000,7699.250
1785209571.541057825,13.194572,116,15,240.640625,7567.500
1785209571.541057825,13.194572,116,15,243.890625,7230.500
1785209571.541057825,13.194572,116,15,245.531250,7155.250
1785209571.541057825,13.194572,116,9,252.328125,3238.750
1785209571.541057825,13.194572,116,10,253.984375,3185.000
1785209571.541057825,13.194572,116,15,271.703125,6317.000
1785209571.541057825,13.194572,116,15,273.328125,6293.750
1785209571.541057825,13.194572,116,15,274.921875,6307.750
1785209571.541057825,13.194572,116,15,276.546875,6322.000
1785209571.541057825,13.194572,116,15,278.171875,6318.250
1785209571.541057825,13.194572,116,15,279.796875,6344.500
1785209571.541057825,13.194572,116,15,281.437500,6349.250
1785209571.541057825,13.194572,116,15,284.671875,6353.000
1785209571.541057825,13.194572,116,9,343.656250,4701.000
1785209571.541057825,13.194572,116,13,346.953125,4728.750
1785209571.541057825,13.194572,116,10,348.609375,4780.750
1785209571.541057825,13.194572,116,8,350.234375,4824.750
1785209571.656198502,13.273116,117,9,351.859375,4858.250
1785209571.656198502,13.273116,117,9,353.515625,4886.250
1785209571.656198502,13.273116,117,9,355.156250,4897.750
1785209571.656198502,13.273116,117,13,356.765625,4924.250
1785209571.656198502,13.273116,117,15,358.421875,4993.000
1785209571.656198502,13.273116,117,15,0.031250,5053.250
1785209571.656198502,13.273116,117,11,1.687500,5073.000
1785209571.656198502,13.273116,117,13,3.328125,5093.750
1785209571.656198502,13.273116,117,11,4.953125,5134.500
1785209571.656198502,13.273116,117,13,6.578125,5174.250
1785209571.656198502,13.273116,117,12,8.218750,5227.000
1785209571.656198502,13.273116,117,15,9.843750,5285.000
1785209571.656198502,13.273116,117,13,11.421875,5306.500
1785209571.656198502,13.273116,117,15,180.343750,1218.250
1785209571.656198502,13.273116,117,15,181.984375,1205.000
1785209571.656198502,13.273116,117,15,183.671875,1203.750
1785209571.656198502,13.273116,117,15,185.328125,1206.500
1785209571.656198502,13.273116,117,15,186.906250,1209.250
1785209571.656198502,13.273116,117,15,188.500000,1211.500
1785209571.656198502,13.273116,117,15,225.031250,9848.750
1785209571.656198502,13.273116,117,15,229.906250,8821.000
1785209571.656198502,13.273116,117,15,231.546875,8621.500
1785209571.656198502,13.273116,117,15,234.812500,8144.750
1785209571.656198502,13.273116,117,15,236.453125,7969.250
1785209571.656198502,13.273116,117,15,238.093750,7847.250
1785209571.656198502,13.273116,117,15,239.734375,7702.250
1785209571.656198502,13.273116,117,15,242.984375,7322.500
1785209571.656198502,13.273116,117,15,267.546875,5976.500
1785209571.656198502,13.273116,117,15,269.171875,6022.500
1785209571.656198502,13.273116,117,15,272.437500,6338.750
1785209571.656198502,13.273116,117,15,274.062500,6341.250
1785209571.656198502,13.273116,117,15,275.609375,6320.000
1785209571.656198502,13.273116,117,15,277.250000,6324.750
1785209571.656198502,13.273116,117,15,278.875000,6353.750
1785209571.656198502,13.273116,117,15,280.500000,6385.000
1785209571.656198502,13.273116,117,15,283.765625,6397.750
1785209571.656198502,13.273116,117,10,341.109375,4699.750
1785209571.656198502,13.273116,117,8,342.750000,4713.250
1785209571.656198502,13.273116,117,10,344.390625,4721.750
1785209571.656198502,13.273116,117,9,346.015625,4739.500
1785209571.656198502,13.273116,117,12,347.625000,4781.500
1785209571.656198502,13.273116,117,8,349.250000,4814.750
1785209571.767214537,13.428421,118,9,350.890625,4830.250
1785209571.767214537,13.428421,118,7,352.531250,4861.000
1785209571.767214537,13.428421,118,12,354.156250,4914.250
1785209571.767214537,13.428421,118,11,355.796875,4951.000
1785209571.767214537,13.428421,118,15,357.421875,4984.000
1785209571.767214537,13.428421,118,13,359.046875,5036.750
1785209571.767214537,13.428421,118,12,0.687500,5076.250
1785209571.767214537,13.428421,118,11,2.328125,5097.500
1785209571.767214537,13.428421,118,13,3.953125,5141.000
1785209571.767214537,13.428421,118,9,5.578125,5165.750
1785209571.767214537,13.428421,118,9,7.218750,5193.000
1785209571.767214537,13.428421,118,10,8.843750,5253.250
1785209571.767214537,13.428421,118,12,10.421875,5291.250
1785209571.767214537,13.428421,118,15,180.937500,1214.250
1785209571.767214537,13.428421,118,15,182.468750,1200.250
1785209571.767214537,13.428421,118,15,184.171875,1193.500
1785209571.767214537,13.428421,118,15,185.812500,1196.000
1785209571.767214537,13.428421,118,15,187.390625,1199.750
1785209571.767214537,13.428421,118,15,189.031250,1206.000
1785209571.767214537,13.428421,118,8,214.062500,11915.750
1785209571.767214537,13.428421,118,15,225.515625,9786.250
1785209571.767214537,13.428421,118,15,230.453125,8750.750
1785209571.767214537,13.428421,118,15,232.093750,8575.250
1785209571.767214537,13.428421,118,15,233.734375,8370.500
1785209571.767214537,13.428421,118,15,235.359375,8155.000
1785209571.767214537,13.428421,118,15,237.015625,7986.000
1785209571.767214537,13.428421,118,15,238.640625,7815.250
1785209571.767214537,13.428421,118,15,240.281250,7643.500
1785209571.767214537,13.428421,118,15,241.921875,7481.500
1785209571.767214537,13.428421,118,15,243.546875,7337.250
1785209571.767214537,13.428421,118,14,248.703125,3307.750
1785209571.767214537,13.428421,118,15,259.937500,6172.500
1785209571.767214537,13.428421,118,15,268.078125,5983.500
1785209571.767214537,13.428421,118,15,269.718750,6141.750
1785209571.767214537,13.428421,118,15,271.343750,6275.000
1785209571.767214537,13.428421,118,15,272.984375,6304.750
1785209571.767214537,13.428421,118,15,274.578125,6303.500
1785209571.767214537,13.428421,118,15,276.203125,6290.250
1785209571.767214537,13.428421,118,15,277.843750,6294.000
1785209571.767214537,13.428421,118,15,279.468750,6342.000
1785209571.767214537,13.428421,118,15,281.078125,6381.500
1785209571.767214537,13.428421,118,15,282.703125,6441.750
1785209571.767214537,13.428421,118,15,285.968750,6427.500
1785209571.767214537,13.428421,118,8,340.125000,4711.250
1785209571.767214537,13.428421,118,7,341.781250,4714.250
1785209571.767214537,13.428421,118,11,343.406250,4726.250
1785209571.767214537,13.428421,118,10,345.046875,4736.500
1785209571.767214537,13.428421,118,10,346.656250,4762.750
1785209571.767214537,13.428421,118,11,348.281250,4812.000
1785209571.767214537,13.428421,118,9,349.921875,4857.250
1785209571.878381968,13.507279,119,8,351.546875,4889.750
1785209571.878381968,13.507279,119,9,353.171875,4945.250
1785209571.878381968,13.507279,119,13,354.828125,4963.000
1785209571.878381968,13.507279,119,15,356.453125,4969.000
1785209571.878381968,13.507279,119,14,358.078125,5046.000
1785209571.878381968,13.507279,119,15,359.718750,5095.500
1785209571.878381968,13.507279,119,13,1.375000,5120.500
1785209571.878381968,13.507279,119,14,3.000000,5136.000
1785209571.878381968,13.507279,119,12,4.625000,5137.500
1785209571.878381968,13.507279,119,11,6.265625,5166.750
1785209571.878381968,13.507279,119,9,7.890625,5232.000
1785209571.878381968,13.507279,119,10,9.531250,5311.750
1785209571.878381968,13.507279,119,15,181.640625,1217.500
1785209571.878381968,13.507279,119,15,183.296875,1213.750
1785209571.878381968,13.507279,119,15,184.968750,1204.500
1785209571.878381968,13.507279,119,15,186.625000,1199.500
1785209571.878381968,13.507279,119,15,188.171875,1197.500
1785209571.878381968,13.507279,119,15,189.843750,1201.500
1785209571.878381968,13.507279,119,15,191.484375,1210.000
1785209571.878381968,13.507279,119,8,219.765625,11765.500
1785209571.878381968,13.507279,119,11,226.390625,9642.500
1785209571.878381968,13.507279,119,15,229.656250,8940.750
1785209571.878381968,13.507279,119,15,232.921875,8449.500
1785209571.878381968,13.507279,119,15,234.578125,8218.000
1785209571.878381968,13.507279,119,15,236.203125,8065.750
1785209571.878381968,13.507279,119,15,237.843750,7929.250
1785209571.878381968,13.507279,119,15,239.484375,7747.000
1785209571.878381968,13.507279,119,15,242.750000,7359.250
1785209571.878381968,13.507279,119,15,244.390625,7254.000
1785209571.878381968,13.507279,119,15,246.046875,7110.500
1785209571.878381968,13.507279,119,11,249.531250,3291.000
1785209571.878381968,13.507279,119,15,268.906250,6036.750
1785209571.878381968,13.507279,119,15,272.187500,6347.000
1785209571.878381968,13.507279,119,15,273.828125,6319.500
1785209571.878381968,13.507279,119,15,275.406250,6340.750
1785209571.878381968,13.507279,119,15,277.031250,6364.750
1785209571.878381968,13.507279,119,15,278.671875,6327.250
1785209571.878381968,13.507279,119,15,280.296875,6338.500
1785209571.878381968,13.507279,119,11,283.546875,6356.000
1785209571.878381968,13.507279,119,9,342.687500,4711.250
1785209571.878381968,13.507279,119,10,344.328125,4726.000
1785209571.878381968,13.507279,119,10,345.953125,4737.500
1785209571.878381968,13.507279,119,12,347.546875,4781.000
1785209571.878381968,13.507279,119,13,349.171875,4840.750
1785209571.993816853,13.586191,120,9,350.812500,4855.500
1785209571.993816853,13.586191,120,10,354.046875,4897.500
1785209571.993816853,13.586191,120,9,355.703125,4953.750
1785209571.993816853,13.586191,120,13,357.343750,4985.500
1785209571.993816853,13.586191,120,14,358.968750,5039.250
1785209571.993816853,13.586191,120,14,0.593750,5079.750
1785209571.993816853,13.586191,120,15,2.218750,5100.000
1785209571.993816853,13.586191,120,12,3.875000,5136.750
1785209571.993816853,13.586191,120,10,5.500000,5163.500
1785209571.993816853,13.586191,120,9,7.140625,5171.750
1785209571.993816853,13.586191,120,12,8.750000,5228.750
1785209571.993816853,13.586191,120,15,10.359375,5292.000
1785209571.993816853,13.586191,120,15,180.875000,1230.500
1785209571.993816853,13.586191,120,15,182.562500,1211.500
1785209571.993816853,13.586191,120,15,184.234375,1204.500
1785209571.993816853,13.586191,120,15,185.828125,1199.250
1785209571.993816853,13.586191,120,15,187.437500,1197.250
1785209571.993816853,13.586191,120,15,189.062500,1207.000
1785209571.993816853,13.586191,120,15,190.765625,1215.500
1785209571.993816853,13.586191,120,15,192.390625,1224.750
1785209571.993816853,13.586191,120,9,215.812500,11905.750
1785209571.993816853,13.586191,120,15,225.640625,9804.250
1785209571.993816853,13.586191,120,15,230.531250,8845.750
1785209571.993816853,13.586191,120,15,232.156250,8619.250
1785209571.993816853,13.586191,120,15,235.437500,8154.250
1785209571.993816853,13.586191,120,15,237.062500,7990.000
1785209571.993816853,13.586191,120,15,238.718750,7818.000
1785209571.993816853,13.586191,120,15,240.343750,7679.500
1785209571.993816853,13.586191,120,15,243.625000,7340.250
1785209571.993816853,13.586191,120,8,252.000000,3278.750
1785209571.993816853,13.586191,120,15,266.500000,5979.500
1785209571.993816853,13.586191,120,15,268.109375,5986.750
1785209571.993816853,13.586191,120,15,269.734375,6137.000
1785209571.993816853,13.586191,120,15,271.375000,6275.250
1785209571.993816853,13.586191,120,15,273.000000,6342.500
1785209571.993816853,13.586191,120,15,274.640625,6334.500
1785209571.993816853,13.586191,120,15,276.265625,6344.500
1785209571.993816853,13.586191,120,15,277.906250,6350.250
1785209571.993816853,13.586191,120,15,279.531250,6354.000
1785209571.993816853,13.586191,120,15,281.156250,6387.000
1785209571.993816853,13.586191,120,15,282.781250,6430.750
1785209571.993816853,13.586191,120,15,286.031250,6461.000
1785209571.993816853,13.586191,120,8,341.968750,4696.000
1785209571.993816853,13.586191,120,9,343.609375,4711.500
1785209571.993816853,13.586191,120,13,345.234375,4739.500
1785209571.993816853,13.586191,120,11,346.828125,4775.500
1785209571.993816853,13.586191,120,12,348.468750,4809.000
1785209571.993816853,13.586191,120,10,350.109375,4846.250
1785209572.105329514,13.741422,121,9,353.390625,4924.250
1785209572.105329514,13.741422,121,9,355.031250,4965.000
1785209572.105329514,13.741422,121,13,356.671875,4954.000
1785209572.105329514,13.741422,121,10,358.281250,5006.250
1785209572.105329514,13.741422,121,15,359.906250,5081.000
1785209572.105329514,13.741422,121,14,1.546875,5114.500
1785209572.105329514,13.741422,121,11,3.203125,5140.250
1785209572.105329514,13.741422,121,10,4.828125,5170.500
1785209572.105329514,13.741422,121,12,6.468750,5199.250
1785209572.105329514,13.741422,121,12,8.109375,5250.250
1785209572.105329514,13.741422,121,15,9.734375,5300.500
1785209572.105329514,13.741422,121,15,182.046875,1214.250
1785209572.105329514,13.741422,121,15,183.656250,1204.750
1785209572.105329514,13.741422,121,15,185.343750,1194.000
1785209572.105329514,13.741422,121,15,186.921875,1194.250
1785209572.105329514,13.741422,121,15,188.500000,1207.000
1785209572.105329514,13.741422,121,15,190.156250,1214.250
1785209572.105329514,13.741422,121,15,191.843750,1215.000
1785209572.105329514,13.741422,121,15,193.421875,1227.000
1785209572.105329514,13.741422,121,13,225.109375,9965.750
1785209572.105329514,13.741422,121,15,230.000000,8897.250
1785209572.105329514,13.741422,121,15,231.640625,8684.250
1785209572.105329514,13.741422,121,15,234.906250,8244.750
1785209572.105329514,13.741422,121,15,236.546875,8086.500
1785209572.105329514,13.741422,121,15,238.187500,7899.000
1785209572.105329514,13.741422,121,15,239.828125,7709.500
1785209572.105329514,13.741422,121,15,241.468750,7586.500
1785209572.105329514,13.741422,121,15,244.734375,7274.000
1785209572.105329514,13.741422,121,7,249.859375,3319.500
1785209572.105329514,13.741422,121,8,251.515625,3269.000
1785209572.105329514,13.741422,121,15,269.234375,6070.500
1785209572.105329514,13.741422,121,15,272.500000,6322.500
1785209572.105329514,13.741422,121,15,274.125000,6315.500
1785209572.105329514,13.741422,121,15,275.781250,6321.000
1785209572.105329514,13.741422,121,15,277.406250,6327.500
1785209572.105329514,13.741422,121,15,279.031250,6345.250
1785209572.105329514,13.741422,121,15,280.671875,6389.750
1785209572.105329514,13.741422,121,8,341.453125,4713.000
1785209572.105329514,13.741422,121,8,343.078125,4730.750
1785209572.105329514,13.741422,121,9,344.703125,4757.250
1785209572.105329514,13.741422,121,8,347.984375,4820.000
1785209572.105329514,13.741422,121,11,349.625000,4891.500
1785209572.218522787,13.818834,122,10,351.250000,4922.000
1785209572.218522787,13.818834,122,14,352.890625,4972.000
1785209572.218522787,13.818834,122,15,354.531250,4980.750
1785209572.218522787,13.818834,122,14,356.171875,4993.750
1785209572.218522787,13.818834,122,12,357.796875,5042.750
1785209572.218522787,13.818834,122,13,359.453125,5064.500
1785209572.218522787,13.818834,122,14,1.062500,5100.750
1785209572.218522787,13.818834,122,14,2.703125,5132.000
1785209572.218522787,13.818834,122,15,4.359375,5151.250
1785209572.218522787,13.818834,122,12,5.984375,5177.750
1785209572.218522787,13.818834,122,11,7.625000,5215.000
1785209572.218522787,13.818834,122,8,9.265625,5261.000
1785209572.218522787,13.818834,122,10,10.875000,5293.250
1785209572.218522787,13.818834,122,15,183.234375,1211.500
1785209572.218522787,13.818834,122,15,184.953125,1199.500
1785209572.218522787,13.818834,122,15,186.500000,1190.750
1785209572.218522787,13.818834,122,15,188.187500,1196.250
1785209572.218522787,13.818834,122,15,189.796875,1205.000
1785209572.218522787,13.818834,122,15,191.375000,1212.250
1785209572.218522787,13.818834,122,15,193.093750,1224.000
1785209572.218522787,13.818834,122,15,224.703125,10027.250
1785209572.218522787,13.818834,122,14,226.312500,9751.000
1785209572.218522787,13.818834,122,15,231.218750,8744.250
1785209572.218522787,13.818834,122,15,232.859375,8561.250
1785209572.218522787,13.818834,122,15,236.125000,8117.250
1785209572.218522787,13.818834,122,15,237.765625,7941.000
1785209572.218522787,13.818834,122,15,239.390625,7758.750
1785209572.218522787,13.818834,122,15,241.031250,7620.000
1785209572.218522787,13.818834,122,15,242.671875,7467.750
1785209572.218522787,13.818834,122,7,244.296875,7299.000
1785209572.218522787,13.818834,122,15,249.437500,3340.000
1785209572.218522787,13.818834,122,10,251.109375,3288.250
1785209572.218522787,13.818834,122,15,268.859375,5993.250
1785209572.218522787,13.818834,122,15,272.109375,6418.250
1785209572.218522787,13.818834,122,15,273.750000,6398.000
1785209572.218522787,13.818834,122,15,275.375000,6361.750
1785209572.218522787,13.818834,122,15,277.015625,6358.500
1785209572.218522787,13.818834,122,15,278.640625,6394.750
1785209572.218522787,13.818834,122,15,280.281250,6403.250
1785209572.218522787,13.818834,122,15,281.890625,6408.500
1785209572.218522787,13.818834,122,15,285.156250,6452.000
1785209572.218522787,13.818834,122,8,342.562500,4706.250
1785209572.218522787,13.818834,122,9,344.187500,4716.250
1785209572.218522787,13.818834,122,10,345.828125,4738.750
1785209572.218522787,13.818834,122,11,347.500000,4780.750
1785209572.218522787,13.818834,122,7,349.140625,4837.000
1785209572.330931425,13.973469,123,9,350.781250,4857.250
1785209572.330931425,13.973469,123,10,352.421875,4895.500
1785209572.330931425,13.973469,123,10,354.062500,4944.750
1785209572.330931425,13.973469,123,13,355.703125,4957.750
1785209572.330931425,13.973469,123,10,357.328125,4989.750
1785209572.330931425,13.973469,123,12,358.984375,5042.500
1785209572.330931425,13.973469,123,14,0.625000,5080.750
1785209572.330931425,13.973469,123,12,2.250000,5104.500
1785209572.330931425,13.973469,123,10,3.875000,5138.000
1785209572.330931425,13.973469,123,10,5.515625,5162.750
1785209572.330931425,13.973469,123,9,7.156250,5175.000
1785209572.330931425,13.973469,123,10,8.812500,5232.250
1785209572.330931425,13.973469,123,15,10.390625,5291.750
1785209572.330931425,13.973469,123,15,182.765625,1210.750
1785209572.330931425,13.973469,123,15,184.468750,1197.750
1785209572.330931425,13.973469,123,15,186.046875,1194.500
1785209572.330931425,13.973469,123,15,187.718750,1194.750
1785209572.330931425,13.973469,123,15,189.328125,1198.500
1785209572.330931425,13.973469,123,13,190.953125,1208.750
1785209572.330931425,13.973469,123,9,192.562500,1214.500
1785209572.330931425,13.973469,123,11,194.156250,1227.500
1785209572.330931425,13.973469,123,15,230.656250,8859.000
1785209572.330931425,13.973469,123,15,232.296875,8665.250
1785209572.330931425,13.973469,123,15,233.937500,8480.750
1785209572.330931425,13.973469,123,15,237.203125,8051.750
1785209572.330931425,13.973469,123,15,240.468750,7718.500
1785209572.330931425,13.973469,123,15,242.093750,7574.000
1785209572.330931425,13.973469,123,15,243.734375,7396.750
1785209572.330931425,13.973469,123,15,250.562500,3316.250
1785209572.330931425,13.973469,123,8,253.843750,3257.000
1785209572.330931425,13.973469,123,15,268.359375,6012.000
1785209572.330931425,13.973469,123,15,269.984375,6113.250
1785209572.330931425,13.973469,123,15,273.250000,6364.750
1785209572.330931425,13.973469,123,15,274.828125,6337.250
1785209572.330931425,13.973469,123,15,276.453125,6325.000
1785209572.330931425,13.973469,123,15,278.078125,6374.250
1785209572.330931425,13.973469,123,15,279.703125,6403.250
1785209572.330931425,13.973469,123,15,281.343750,6418.750
1785209572.330931425,13.973469,123,15,284.609375,6445.500
1785209572.330931425,13.973469,123,10,343.656250,4699.500
1785209572.330931425,13.973469,123,11,345.296875,4708.250
1785209572.330931425,13.973469,123,8,346.937500,4735.000
1785209572.330931425,13.973469,123,9,348.593750,4779.250
1785209572.330931425,13.973469,123,9,350.203125,4821.000
1785209572.444634676,14.051739,124,9,351.859375,4854.250
1785209572.444634676,14.051739,124,9,353.500000,4872.500
1785209572.444634676,14.051739,124,9,355.125000,4885.500
1785209572.444634676,14.051739,124,11,356.765625,4922.250
1785209572.444634676,14.051739,124,15,358.406250,4959.000
1785209572.444634676,14.051739,124,12,0.031250,5021.500
1785209572.444634676,14.051739,124,15,1.656250,5078.250
1785209572.444634676,14.051739,124,14,3.312500,5096.750
1785209572.444634676,14.051739,124,12,4.953125,5131.500
1785209572.444634676,14.051739,124,11,6.578125,5167.500
1785209572.444634676,14.051739,124,12,8.218750,5219.500
1785209572.444634676,14.051739,124,15,9.843750,5284.250
1785209572.444634676,14.051739,124,14,11.406250,5310.500
1785209572.444634676,14.051739,124,15,183.781250,1215.750
1785209572.444634676,14.051739,124,15,185.437500,1209.250
1785209572.444634676,14.051739,124,15,187.000000,1204.000
1785209572.444634676,14.051739,124,15,188.687500,1200.500
1785209572.444634676,14.051739,124,15,191.921875,1209.750
1785209572.444634676,14.051739,124,15,193.531250,1220.250
1785209572.444634676,14.051739,124,14,225.078125,10009.750
1785209572.444634676,14.051739,124,15,229.984375,9019.250
1785209572.444634676,14.051739,124,15,233.234375,8539.750
1785209572.444634676,14.051739,124,15,236.515625,8092.000
1785209572.444634676,14.051739,124,15,238.156250,7910.500
1785209572.444634676,14.051739,124,15,239.781250,7774.750
1785209572.444634676,14.051739,124,15,241.421875,7650.000
1785209572.444634676,14.051739,124,15,243.046875,7466.250
1785209572.444634676,14.051739,124,3,244.687500,7310.750
1785209572.444634676,14.051739,124,13,251.468750,3259.500
1785209572.444634676,14.051739,124,15,269.250000,6005.250
1785209572.444634676,14.051739,124,15,272.500000,6375.750
1785209572.444634676,14.051739,124,15,274.125000,6361.750
1785209572.444634676,14.051739,124,15,275.703125,6385.000
1785209572.444634676,14.051739,124,15,277.328125,6355.000
1785209572.444634676,14.051739,124,15,278.953125,6397.500
1785209572.444634676,14.051739,124,13,280.578125,6375.000
1785209572.444634676,14.051739,124,15,283.843750,6333.750
1785209572.444634676,14.051739,124,9,344.562500,4727.500
1785209572.444634676,14.051739,124,9,346.203125,4713.250
1785209572.444634676,14.051739,124,13,347.796875,4756.500
1785209572.444634676,14.051739,124,14,349.453125,4789.250
1785209572.556240320,14.208620,125,12,351.078125,4807.500
1785209572.556240320,14.208620,125,9,352.718750,4835.250
1785209572.556240320,14.208620,125,9,354.359375,4874.500
1785209572.556240320,14.208620,125,9,356.000000,4897.500
1785209572.556240320,14.208620,125,15,357.609375,4933.250
1785209572.556240320,14.208620,125,15,359.250000,4985.750
1785209572.556240320,14.208620,125,13,0.906250,5045.000
1785209572.556240320,14.208620,125,15,2.515625,5094.750
1785209572.556240320,14.208620,125,14,4.171875,5114.750
1785209572.556240320,14.208620,125,10,5.796875,5139.000
1785209572.556240320,14.208620,125,12,7.437500,5171.750
1785209572.556240320,14.208620,125,13,9.062500,5230.500
1785209572.556240320,14.208620,125,15,10.625000,5297.750
1785209572.556240320,14.208620,125,9,12.250000,5359.750
1785209572.556240320,14.208620,125,15,182.906250,1225.000
1785209572.556240320,14.208620,125,15,184.546875,1212.250
1785209572.556240320,14.208620,125,15,186.203125,1203.250
1785209572.556240320,14.208620,125,15,187.828125,1199.000
1785209572.556240320,14.208620,125,15,189.484375,1194.250
1785209572.556240320,14.208620,125,15,191.093750,1196.500
1785209572.556240320,14.208620,125,15,192.718750,1211.250
1785209572.556240320,14.208620,125,15,194.359375,1228.750
1785209572.556240320,14.208620,125,7,219.343750,11782.500
1785209572.556240320,14.208620,125,15,230.828125,8839.000
1785209572.556240320,14.208620,125,15,232.468750,8682.500
1785209572.556240320,14.208620,125,15,235.734375,8205.000
1785209572.556240320,14.208620,125,15,237.375000,8024.000
1785209572.556240320,14.208620,125,15,239.000000,7874.000
1785209572.556240320,14.208620,125,15,240.625000,7726.500
1785209572.556240320,14.208620,125,15,242.281250,7545.250
1785209572.556240320,14.208620,125,15,243.906250,7384.500
1785209572.556240320,14.208620,125,15,268.437500,6007.000
1785209572.556240320,14.208620,125,15,270.062500,6065.750
1785209572.556240320,14.208620,125,15,273.312500,6365.000
1785209572.556240320,14.208620,125,15,274.890625,6332.750
1785209572.556240320,14.208620,125,15,276.531250,6325.250
1785209572.556240320,14.208620,125,15,278.140625,6380.000
1785209572.556240320,14.208620,125,15,279.750000,6436.000
1785209572.556240320,14.208620,125,10,283.031250,6221.250
1785209572.556240320,14.208620,125,11,284.640625,6263.000
1785209572.556240320,14.208620,125,8,343.750000,4694.500
1785209572.556240320,14.208620,125,9,347.000000,4726.000
1785209572.556240320,14.208620,125,12,348.656250,4771.250
1785209572.556240320,14.208620,125,9,350.296875,4812.750
1785209572.670814753,14.285847,126,9,351.921875,4825.000
1785209572.670814753,14.285847,126,9,353.562500,4828.750
1785209572.670814753,14.285847,126,9,355.187500,4859.500
1785209572.670814753,14.285847,126,8,356.828125,4886.250
1785209572.670814753,14.285847,126,15,358.453125,4911.000
1785209572.670814753,14.285847,126,12,0.093750,4999.250
1785209572.670814753,14.285847,126,15,1.734375,5075.750
1785209572.670814753,14.285847,126,14,3.359375,5095.250
1785209572.670814753,14.285847,126,10,5.000000,5125.750
1785209572.670814753,14.285847,126,11,6.640625,5160.250
1785209572.670814753,14.285847,126,12,8.281250,5176.000
1785209572.670814753,14.285847,126,11,9.890625,5218.500
1785209572.670814753,14.285847,126,15,11.468750,5289.000
1785209572.670814753,14.285847,126,15,183.796875,1211.250
1785209572.670814753,14.285847,126,15,185.484375,1198.000
1785209572.670814753,14.285847,126,15,187.109375,1199.000
1785209572.670814753,14.285847,126,15,188.734375,1205.500
1785209572.670814753,14.285847,126,15,190.296875,1205.250
1785209572.670814753,14.285847,126,15,191.937500,1211.500
1785209572.670814753,14.285847,126,8,195.234375,1234.500
1785209572.670814753,14.285847,126,15,226.765625,9771.000
1785209572.670814753,14.285847,126,15,230.046875,9017.500
1785209572.670814753,14.285847,126,15,231.671875,8802.250
1785209572.670814753,14.285847,126,15,233.328125,8592.750
1785209572.670814753,14.285847,126,15,236.578125,8132.500
1785209572.670814753,14.285847,126,15,238.218750,7998.250
1785209572.670814753,14.285847,126,15,239.843750,7829.750
1785209572.670814753,14.285847,126,15,241.484375,7686.750
1785209572.670814753,14.285847,126,15,243.125000,7515.500
1785209572.670814753,14.285847,126,5,244.750000,7339.000
1785209572.670814753,14.285847,126,11,251.515625,3276.500
1785209572.670814753,14.285847,126,15,269.218750,6009.250
1785209572.670814753,14.285847,126,12,270.843750,6158.500
1785209572.670814753,14.285847,126,15,272.468750,6311.750
1785209572.670814753,14.285847,126,15,274.109375,6376.750
1785209572.670814753,14.285847,126,15,275.687500,6375.500
1785209572.670814753,14.285847,126,15,277.312500,6384.000
1785209572.670814753,14.285847,126,15,278.921875,6427.000
1785209572.670814753,14.285847,126,15,280.562500,6426.500
1785209572.670814753,14.285847,126,9,282.187500,6383.250
1785209572.670814753,14.285847,126,10,285.453125,6349.750
1785209572.670814753,14.285847,126,8,347.687500,4709.750
1785209572.670814753,14.285847,126,10,349.328125,4742.750
1785209572.782450438,14.440387,127,15,350.953125,4766.000
1785209572.782450438,14.440387,127,11,352.593750,4779.250
1785209572.782450438,14.440387,127,15,354.218750,4804.250
1785209572.782450438,14.440387,127,12,355.859375,4827.500
1785209572.782450438,14.440387,127,8,357.468750,4867.750
1785209572.782450438,14.440387,127,12,359.109375,4925.750
1785209572.782450438,14.440387,127,12,0.750000,4975.750
1785209572.782450438,14.440387,127,12,2.390625,5028.750
1785209572.782450438,14.440387,127,14,4.000000,5065.250
1785209572.782450438,14.440387,127,15,5.625000,5093.000
1785209572.782450438,14.440387,127,14,7.281250,5127.000
1785209572.782450438,14.440387,127,13,8.906250,5148.250
1785209572.782450438,14.440387,127,10,10.515625,5192.250
1785209572.782450438,14.440387,127,15,12.140625,5279.750
1785209572.782450438,14.440387,127,15,184.359375,1211.500
1785209572.782450438,14.440387,127,15,185.984375,1208.250
1785209572.782450438,14.440387,127,15,187.703125,1199.750
1785209572.782450438,14.440387,127,15,189.250000,1195.250
1785209572.782450438,14.440387,127,15,190.906250,1202.000
1785209572.782450438,14.440387,127,15,192.468750,1210.500
1785209572.782450438,14.440387,127,15,194.203125,1212.500
1785209572.782450438,14.440387,127,14,225.796875,9971.250
1785209572.782450438,14.440387,127,15,232.343750,8676.000
1785209572.782450438,14.440387,127,15,233.984375,8485.750
1785209572.782450438,14.440387,127,15,235.609375,8271.500
1785209572.782450438,14.440387,127,15,237.265625,8093.750
1785209572.782450438,14.440387,127,15,238.890625,7924.250
1785209572.782450438,14.440387,127,15,240.531250,7761.250
1785209572.782450438,14.440387,127,15,242.156250,7635.500
1785209572.782450438,14.440387,127,15,245.437500,7296.250
1785209572.782450438,14.440387,127,7,253.781250,3302.500
1785209572.782450438,14.440387,127,7,261.781250,5443.750
1785209572.782450438,14.440387,127,15,269.890625,6075.000
1785209572.782450438,14.440387,127,15,273.125000,6376.250
1785209572.782450438,14.440387,127,15,274.734375,6392.750
1785209572.782450438,14.440387,127,15,276.359375,6394.000
1785209572.782450438,14.440387,127,15,278.000000,6419.500
1785209572.782450438,14.440387,127,15,279.609375,6435.000
1785209572.782450438,14.440387,127,15,281.234375,6457.250
1785209572.782450438,14.440387,127,9,282.859375,6422.500
1785209572.782450438,14.440387,127,9,346.796875,4669.000
1785209572.782450438,14.440387,127,10,348.406250,4726.000
1785209572.782450438,14.440387,127,12,350.046875,4769.500
1785209572.894302368,14.520069,128,9,351.671875,4796.000
1785209572.894302368,14.520069,128,10,353.296875,4815.500
1785209572.894302368,14.520069,128,11,354.937500,4847.500
1785209572.894302368,14.520069,128,9,356.578125,4876.750
1785209572.894302368,14.520069,128,14,358.203125,4909.000
1785209572.894302368,14.520069,128,14,359.843750,4982.000
1785209572.894302368,14.520069,128,15,1.468750,5050.500
1785209572.894302368,14.520069,128,14,3.093750,5081.750
1785209572.894302368,14.520069,128,11,4.734375,5096.000
1785209572.894302368,14.520069,128,12,6.359375,5126.250
1785209572.894302368,14.520069,128,12,8.000000,5160.000
1785209572.894302368,14.520069,128,11,9.625000,5219.500
1785209572.894302368,14.520069,128,15,11.265625,5284.500
1785209572.894302368,14.520069,128,15,185.203125,1213.250
1785209572.894302368,14.520069,128,15,186.796875,1208.250
1785209572.894302368,14.520069,128,15,188.484375,1204.250
1785209572.894302368,14.520069,128,15,190.078125,1203.000
1785209572.894302368,14.520069,128,15,191.656250,1206.500
1785209572.894302368,14.520069,128,15,193.281250,1211.000
1785209572.894302368,14.520069,128,15,195.015625,1219.500
1785209572.894302368,14.520069,128,14,218.421875,11712.750
1785209572.894302368,14.520069,128,15,225.000000,10138.500
1785209572.894302368,14.520069,128,13,226.593750,9873.750
1785209572.894302368,14.520069,128,15,229.875000,9085.750
1785209572.894302368,14.520069,128,15,231.515625,8847.750
1785209572.894302368,14.520069,128,15,233.140625,8665.250
1785209572.894302368,14.520069,128,15,236.421875,8201.000
1785209572.894302368,14.520069,128,15,238.046875,8035.750
1785209572.894302368,14.520069,128,15,239.703125,7861.250
1785209572.894302368,14.520069,128,15,241.328125,7690.500
1785209572.894302368,14.520069,128,15,242.968750,7573.000
1785209572.894302368,14.520069,128,15,244.609375,7409.500
1785209572.894302368,14.520069,128,12,251.359375,3330.500
1785209572.894302368,14.520069,128,15,269.109375,6038.500
1785209572.894302368,14.520069,128,15,270.734375,6153.250
1785209572.894302368,14.520069,128,15,273.984375,6381.750
1785209572.894302368,14.520069,128,15,275.609375,6384.250
1785209572.894302368,14.520069,128,15,277.234375,6412.000
1785209572.894302368,14.520069,128,15,278.859375,6421.250
1785209572.894302368,14.520069,128,15,280.500000,6431.000
1785209572.894302368,14.520069,128,15,283.750000,6409.000
1785209572.894302368,14.520069,128,10,342.734375,4758.000
1785209572.894302368,14.520069,128,7,344.390625,4721.250
1785209572.894302368,14.520069,128,8,346.015625,4728.000
1785209572.894302368,14.520069,128,9,347.640625,4764.750
1785209572.894302368,14.520069,128,10,349.265625,4809.750
1785209573.009104729,14.597476,129,9,350.906250,4829.500
1785209573.009104729,14.597476,129,8,352.546875,4864.500
1785209573.009104729,14.597476,129,8,354.171875,4911.750
1785209573.009104729,14.597476,129,11,355.812500,4934.500
1785209573.009104729,14.597476,129,15,357.437500,4943.500
1785209573.009104729,14.597476,129,15,359.062500,4981.750
1785209573.009104729,14.597476,129,15,0.703125,5050.750
1785209573.009104729,14.597476,129,12,2.328125,5100.750
1785209573.009104729,14.597476,129,12,3.953125,5132.250
1785209573.009104729,14.597476,129,11,5.609375,5153.750
1785209573.009104729,14.597476,129,13,7.234375,5152.500
1785209573.009104729,14.597476,129,13,8.859375,5207.750
1785209573.009104729,14.597476,129,14,10.484375,5298.750
1785209573.009104729,14.597476,129,15,184.265625,1222.250
1785209573.009104729,14.597476,129,15,185.953125,1207.250
1785209573.009104729,14.597476,129,15,187.593750,1202.500
1785209573.009104729,14.597476,129,15,189.187500,1197.500
1785209573.009104729,14.597476,129,15,190.796875,1199.000
1785209573.009104729,14.597476,129,13,192.500000,1204.000
1785209573.009104729,14.597476,129,15,194.046875,1210.000
1785209573.009104729,14.597476,129,15,195.718750,1223.750
1785209573.009104729,14.597476,129,7,219.156250,11743.500
1785209573.009104729,14.597476,129,15,232.218750,8765.250
1785209573.009104729,14.597476,129,15,233.859375,8588.750
1785209573.009104729,14.597476,129,15,237.140625,8163.250
1785209573.009104729,14.597476,129,15,238.781250,8001.750
1785209573.009104729,14.597476,129,15,240.406250,7816.750
1785209573.009104729,14.597476,129,15,242.031250,7640.500
1785209573.009104729,14.597476,129,15,245.312500,7300.500
1785209573.009104729,14.597476,129,12,250.484375,3339.750
1785209573.009104729,14.597476,129,15,269.890625,6045.000
1785209573.009104729,14.597476,129,15,273.140625,6423.500
1785209573.009104729,14.597476,129,15,274.765625,6392.250
1785209573.009104729,14.597476,129,15,276.390625,6390.750
1785209573.009104729,14.597476,129,15,278.015625,6414.000
1785209573.009104729,14.597476,129,15,279.640625,6435.500
1785209573.009104729,14.597476,129,15,281.281250,6461.250
1785209573.009104729,14.597476,129,15,284.546875,6473.750
1785209573.009104729,14.597476,129,8,346.906250,4730.500
1785209573.009104729,14.597476,129,13,348.562500,4769.250
1785209573.009104729,14.597476,129,11,350.187500,4808.250
1785209573.120299339,14.737945,130,11,351.828125,4823.750
1785209573.120299339,14.737945,130,8,353.468750,4847.000
1785209573.120299339,14.737945,130,10,355.109375,4881.750
1785209573.120299339,14.737945,130,7,356.734375,4922.000
1785209573.120299339,14.737945,130,15,358.390625,4956.500
1785209573.120299339,14.737945,130,13,0.000000,5009.000
1785209573.120299339,14.737945,130,15,1.640625,5071.250
1785209573.120299339,14.737945,130,15,3.281250,5095.750
1785209573.120299339,14.737945,130,11,4.921875,5123.250
1785209573.120299339,14.737945,130,10,6.546875,5158.000
1785209573.120299339,14.737945,130,11,8.187500,5178.500
1785209573.120299339,14.737945,130,15,9.828125,5222.750
1785209573.120299339,14.737945,130,15,11.406250,5290.500
1785209573.120299339,14.737945,130,15,185.359375,1207.500
1785209573.120299339,14.737945,130,15,187.000000,1196.500
1785209573.120299339,14.737945,130,15,188.578125,1204.750
1785209573.120299339,14.737945,130,15,190.296875,1207.750
1785209573.120299339,14.737945,130,12,191.937500,1202.500
1785209573.120299339,14.737945,130,10,193.531250,1209.500
1785209573.120299339,14.737945,130,15,196.781250,1228.750
1785209573.120299339,14.737945,130,15,218.562500,11783.250
1785209573.120299339,14.737945,130,8,221.828125,11643.250
1785209573.120299339,14.737945,130,15,226.734375,9913.500
1785209573.120299339,14.737945,130,15,231.625000,8842.000
1785209573.120299339,14.737945,130,15,233.265625,8640.750
1785209573.120299339,14.737945,130,15,234.890625,8445.250
1785209573.120299339,14.737945,130,15,236.531250,8206.000
1785209573.120299339,14.737945,130,15,238.156250,8032.250
1785209573.120299339,14.737945,130,15,239.796875,7907.250
1785209573.120299339,14.737945,130,15,241.437500,7737.000
1785209573.120299339,14.737945,130,15,243.062500,7578.250
1785209573.120299339,14.737945,130,15,244.703125,7412.000
1785209573.120299339,14.737945,130,15,246.328125,7272.000
1785209573.120299339,14.737945,130,10,254.828125,3307.500
1785209573.120299339,14.737945,130,15,269.328125,6048.500
1785209573.120299339,14.737945,130,15,270.953125,6161.750
1785209573.120299339,14.737945,130,15,274.234375,6433.750
1785209573.120299339,14.737945,130,15,275.812500,6445.500
1785209573.120299339,14.737945,130,15,277.453125,6450.750
1785209573.120299339,14.737945,130,15,279.078125,6448.000
1785209573.120299339,14.737945,130,15,280.718750,6427.500
1785209573.120299339,14.737945,130,15,283.968750,6419.750
1785209573.120299339,14.737945,130,7,298.828125,5162.500
1785209573.120299339,14.737945,130,9,341.468750,4748.000
1785209573.120299339,14.737945,130,9,343.093750,4710.250
1785209573.120299339,14.737945,130,10,344.750000,4716.250
1785209573.120299339,14.737945,130,11,346.390625,4721.750
1785209573.120299339,14.737945,130,11,348.015625,4756.500
1785209573.120299339,14.737945,130,11,349.656250,4798.750
1785209573.233555555,14.894403,131,8,351.281250,4827.500
1785209573.233555555,14.894403,131,10,352.937500,4850.250
1785209573.233555555,14.894403,131,11,354.578125,4873.750
1785209573.233555555,14.894403,131,11,357.843750,4926.500
1785209573.233555555,14.894403,131,13,359.484375,4987.750
1785209573.233555555,14.894403,131,14,1.109375,5047.500
1785209573.233555555,14.894403,131,12,2.734375,5087.250
1785209573.233555555,14.894403,131,13,4.375000,5101.750
1785209573.233555555,14.894403,131,10,6.015625,5127.750
1785209573.233555555,14.894403,131,12,7.671875,5156.750
1785209573.233555555,14.894403,131,11,9.296875,5219.000
1785209573.233555555,14.894403,131,15,10.875000,5286.750
1785209573.233555555,14.894403,131,10,12.500000,5338.500
1785209573.233555555,14.894403,131,15,186.531250,1203.000
1785209573.233555555,14.894403,131,15,188.093750,1202.500
1785209573.233555555,14.894403,131,15,189.750000,1203.000
1785209573.233555555,14.894403,131,15,191.406250,1200.000
1785209573.233555555,14.894403,131,12,193.015625,1205.000
1785209573.233555555,14.894403,131,15,196.281250,1219.250
1785209573.233555555,14.894403,131,8,221.312500,11851.250
1785209573.233555555,14.894403,131,15,227.859375,9732.750
1785209573.233555555,14.894403,131,15,232.781250,8772.250
1785209573.233555555,14.894403,131,15,234.421875,8566.750
1785209573.233555555,14.894403,131,15,237.687500,8109.000
1785209573.233555555,14.894403,131,15,239.328125,7962.500
1785209573.233555555,14.894403,131,15,240.968750,7794.000
1785209573.233555555,14.894403,131,15,242.609375,7641.750
1785209573.233555555,14.894403,131,15,244.234375,7461.250
1785209573.233555555,14.894403,131,12,252.656250,3300.500
1785209573.233555555,14.894403,131,13,267.218750,5159.250
1785209573.233555555,14.894403,131,15,270.437500,6100.750
1785209573.233555555,14.894403,131,15,273.703125,6463.750
1785209573.233555555,14.894403,131,15,275.281250,6410.500
1785209573.233555555,14.894403,131,15,276.906250,6432.500
1785209573.233555555,14.894403,131,15,278.531250,6441.500
1785209573.233555555,14.894403,131,15,280.156250,6433.750
1785209573.233555555,14.894403,131,13,281.781250,6450.750
1785209573.233555555,14.894403,131,15,285.046875,6423.500
1785209573.233555555,14.894403,131,10,342.578125,4703.500
1785209573.233555555,14.894403,131,8,344.218750,4708.750
1785209573.233555555,14.894403,131,8,345.875000,4708.250
1785209573.233555555,14.894403,131,10,347.484375,4723.000
1785209573.233555555,14.894403,131,10,349.093750,4773.000
1785209573.346602678,14.956195,132,9,350.750000,4807.000
1785209573.346602678,14.956195,132,7,352.375000,4828.250
1785209573.346602678,14.956195,132,8,354.015625,4854.500
1785209573.346602678,14.956195,132,8,355.656250,4882.000
1785209573.346602678,14.956195,132,8,357.296875,4934.000
1785209573.346602678,14.956195,132,15,358.937500,4965.000
1785209573.346602678,14.956195,132,13,0.578125,5020.750
1785209573.346602678,14.956195,132,15,2.203125,5095.000
1785209573.346602678,14.956195,132,12,3.859375,5097.750
1785209573.346602678,14.956195,132,15,5.484375,5123.750
1785209573.346602678,14.956195,132,10,7.125000,5170.250
1785209573.346602678,14.956195,132,9,8.750000,5201.500
1785209573.346602678,14.956195,132,15,10.359375,5263.750
1785209573.346602678,14.956195,132,15,11.968750,5294.000
1785209573.346602678,14.956195,132,15,185.890625,1221.250
1785209573.346602678,14.956195,132,15,187.421875,1215.250
1785209573.346602678,14.956195,132,15,189.109375,1209.000
1785209573.346602678,14.956195,132,15,190.781250,1206.500
1785209573.346602678,14.956195,132,15,192.390625,1202.250
1785209573.346602678,14.956195,132,15,193.968750,1203.250
1785209573.346602678,14.956195,132,15,195.625000,1211.500
1785209573.346602678,14.956195,132,13,225.609375,10154.250
1785209573.346602678,14.956195,132,15,232.187500,8870.250
1785209573.346602678,14.956195,132,15,233.843750,8633.250
1785209573.346602678,14.956195,132,15,237.109375,8167.250
1785209573.346602678,14.956195,132,15,238.734375,8001.750
1785209573.346602678,14.956195,132,15,240.375000,7867.750
1785209573.346602678,14.956195,132,15,242.015625,7735.500
1785209573.346602678,14.956195,132,15,243.656250,7573.500
1785209573.346602678,14.956195,132,15,245.296875,7380.000
1785209573.346602678,14.956195,132,8,252.031250,3366.000
1785209573.346602678,14.956195,132,15,269.812500,6049.000
1785209573.346602678,14.956195,132,15,271.453125,6223.500
1785209573.346602678,14.956195,132,15,273.078125,6363.250
1785209573.346602678,14.956195,132,15,274.656250,6394.750
1785209573.346602678,14.956195,132,15,276.281250,6396.250
1785209573.346602678,14.956195,132,15,277.906250,6421.250
1785209573.346602678,14.956195,132,15,279.531250,6442.500
1785209573.346602678,14.956195,132,15,281.171875,6466.750
1785209573.346602678,14.956195,132,10,282.812500,6425.500
1785209573.346602678,14.956195,132,9,286.062500,6377.250
1785209573.346602678,14.956195,132,7,346.843750,4733.500
1785209573.346602678,14.956195,132,9,348.484375,4721.250
1785209573.346602678,14.956195,132,11,350.125000,4767.250
1785209573.461442471,15.098312,133,13,351.781250,4798.750
1785209573.461442471,15.098312,133,8,353.406250,4820.250
1785209573.461442471,15.098312,133,10,355.031250,4858.250
1785209573.461442471,15.098312,133,8,356.687500,4890.500
1785209573.461442471,15.098312,133,14,358.312500,4922.500
1785209573.461442471,15.098312,133,11,359.953125,5002.500
1785209573.461442471,15.098312,133,14,1.578125,5063.250
1785209573.461442471,15.098312,133,15,3.203125,5083.000
1785209573.461442471,15.098312,133,10,4.859375,5098.000
1785209573.461442471,15.098312,133,9,6.484375,5138.000
1785209573.461442471,15.098312,133,12,8.125000,5176.000
1785209573.461442471,15.098312,133,15,9.765625,5226.000
1785209573.461442471,15.098312,133,15,11.343750,5288.250
1785209573.461442471,15.098312,133,15,186.906250,1210.250
1785209573.461442471,15.098312,133,15,188.546875,1213.000
1785209573.461442471,15.098312,133,15,190.234375,1207.250
1785209573.461442471,15.098312,133,15,191.843750,1196.750
1785209573.461442471,15.098312,133,15,193.437500,1199.250
1785209573.461442471,15.098312,133,15,195.046875,1206.500
1785209573.461442471,15.098312,133,15,196.703125,1216.250
1785209573.461442471,15.098312,133,12,228.328125,9657.250
1785209573.461442471,15.098312,133,15,233.234375,8726.500
1785209573.461442471,15.098312,133,15,234.875000,8566.250
1785209573.461442471,15.098312,133,15,236.515625,8350.750
1785209573.461442471,15.098312,133,15,238.140625,8138.250
1785209573.461442471,15.098312,133,15,239.781250,7950.500
1785209573.461442471,15.098312,133,15,241.437500,7787.500
1785209573.461442471,15.098312,133,15,243.046875,7652.500
1785209573.461442471,15.098312,133,15,251.484375,3313.000
1785209573.461442471,15.098312,133,15,261.046875,6236.250
1785209573.461442471,15.098312,133,15,269.203125,6207.000
1785209573.461442471,15.098312,133,15,270.843750,6196.500
1785209573.461442471,15.098312,133,15,274.109375,6467.750
1785209573.461442471,15.098312,133,15,275.687500,6437.500
1785209573.461442471,15.098312,133,15,277.312500,6444.000
1785209573.461442471,15.098312,133,15,278.937500,6455.500
1785209573.461442471,15.098312,133,15,280.562500,6472.500
1785209573.461442471,15.098312,133,8,283.812500,6475.500
1785209573.461442471,15.098312,133,10,342.906250,4736.000
1785209573.461442471,15.098312,133,10,344.546875,4754.250
1785209573.461442471,15.098312,133,11,346.171875,4737.500
1785209573.461442471,15.098312,133,10,347.765625,4774.750
1785209573.461442471,15.098312,133,10,349.406250,4816.500
1785209573.572448492,15.176204,134,10,354.296875,4890.250
1785209573.572448492,15.176204,134,9,355.937500,4966.500
1785209573.572448492,15.176204,134,12,357.578125,4973.750
1785209573.572448492,15.176204,134,14,359.218750,4991.250
1785209573.572448492,15.176204,134,12,0.828125,5049.000
1785209573.572448492,15.176204,134,14,2.468750,5100.000
1785209573.572448492,15.176204,134,13,4.093750,5122.750
1785209573.572448492,15.176204,134,14,5.750000,5140.250
1785209573.572448492,15.176204,134,11,7.375000,5155.250
1785209573.572448492,15.176204,134,15,9.000000,5212.250
1785209573.572448492,15.176204,134,15,10.625000,5296.250
1785209573.572448492,15.176204,134,7,12.265625,5312.500
1785209573.572448492,15.176204,134,15,187.734375,1200.500
1785209573.572448492,15.176204,134,15,189.390625,1197.250
1785209573.572448492,15.176204,134,15,191.015625,1198.500
1785209573.572448492,15.176204,134,15,192.609375,1202.250
1785209573.572448492,15.176204,134,15,194.343750,1209.750
1785209573.572448492,15.176204,134,15,197.562500,1224.000
1785209573.572448492,15.176204,134,14,227.531250,9876.500
1785209573.572448492,15.176204,134,15,232.437500,8859.250
1785209573.572448492,15.176204,134,15,234.046875,8689.000
1785209573.572448492,15.176204,134,15,237.328125,8200.750
1785209573.572448492,15.176204,134,15,238.968750,8036.000
1785209573.572448492,15.176204,134,15,240.609375,7886.000
1785209573.572448492,15.176204,134,15,242.218750,7750.250
1785209573.572448492,15.176204,134,15,243.875000,7586.500
1785209573.572448492,15.176204,134,12,245.500000,7380.250
1785209573.572448492,15.176204,134,15,268.359375,6124.500
1785209573.572448492,15.176204,134,15,269.984375,6113.750
1785209573.572448492,15.176204,134,15,271.625000,6242.750
1785209573.572448492,15.176204,134,15,273.250000,6383.250
1785209573.572448492,15.176204,134,15,274.875000,6483.250
1785209573.572448492,15.176204,134,15,276.500000,6478.250
1785209573.572448492,15.176204,134,15,278.140625,6438.250
1785209573.572448492,15.176204,134,15,279.750000,6441.500
1785209573.572448492,15.176204,134,15,281.406250,6459.000
1785209573.572448492,15.176204,134,15,283.015625,6500.500
1785209573.572448492,15.176204,134,15,286.281250,6509.750
1785209573.572448492,15.176204,134,8,345.390625,4699.750
1785209573.572448492,15.176204,134,9,348.640625,4749.750
1785209573.572448492,15.176204,134,9,350.265625,4805.250
1785209573.686522961,15.334714,135,9,351.906250,4841.000
1785209573.686522961,15.334714,135,7,353.531250,4869.500
1785209573.686522961,15.334714,135,9,355.171875,4908.250
1785209573.686522961,15.334714,135,9,356.796875,4935.250
1785209573.686522961,15.334714,135,15,358.437500,4956.750
1785209573.686522961,15.334714,135,13,0.046875,5023.750
1785209573.686522961,15.334714,135,14,1.687500,5078.250
1785209573.686522961,15.334714,135,14,3.343750,5098.250
1785209573.686522961,15.334714,135,15,4.968750,5123.250
1785209573.686522961,15.334714,135,10,6.593750,5155.000
1785209573.686522961,15.334714,135,12,8.218750,5177.500
1785209573.686522961,15.334714,135,14,9.859375,5228.250
1785209573.686522961,15.334714,135,15,11.453125,5296.500
1785209573.686522961,15.334714,135,15,187.062500,1221.250
1785209573.686522961,15.334714,135,15,188.703125,1214.000
1785209573.686522961,15.334714,135,15,190.312500,1208.000
1785209573.686522961,15.334714,135,9,192.015625,1204.500
1785209573.686522961,15.334714,135,15,193.625000,1203.250
1785209573.686522961,15.334714,135,15,195.250000,1210.750
1785209573.686522961,15.334714,135,15,196.875000,1218.000
1785209573.686522961,15.334714,135,14,226.828125,10037.250
1785209573.686522961,15.334714,135,15,231.734375,8991.500
1785209573.686522961,15.334714,135,15,233.375000,8774.750
1785209573.686522961,15.334714,135,15,235.000000,8580.000
1785209573.686522961,15.334714,135,15,236.640625,8368.000
1785209573.686522961,15.334714,135,15,238.281250,8155.000
1785209573.686522961,15.334714,135,15,239.906250,7987.750
1785209573.686522961,15.334714,135,15,241.546875,7824.750
1785209573.686522961,15.334714,135,15,243.171875,7659.750
1785209573.686522961,15.334714,135,15,244.812500,7507.500
1785209573.686522961,15.334714,135,9,251.546875,3390.750
1785209573.686522961,15.334714,135,8,253.203125,3335.750
1785209573.686522961,15.334714,135,11,262.828125,5323.750
1785209573.686522961,15.334714,135,9,264.468750,5238.750
1785209573.686522961,15.334714,135,15,267.703125,5186.000
1785209573.686522961,15.334714,135,15,270.937500,6160.000
1785209573.686522961,15.334714,135,15,274.187500,6471.750
1785209573.686522961,15.334714,135,15,275.828125,6479.000
1785209573.686522961,15.334714,135,15,277.453125,6452.250
1785209573.686522961,15.334714,135,15,279.078125,6445.000
1785209573.686522961,15.334714,135,15,280.703125,6460.000
1785209573.686522961,15.334714,135,8,282.343750,6444.750
1785209573.686522961,15.334714,135,13,283.968750,6420.250
1785209573.686522961,15.334714,135,7,344.656250,4706.750
1785209573.686522961,15.334714,135,9,346.296875,4721.250
1785209573.686522961,15.334714,135,12,347.890625,4763.500
1785209573.686522961,15.334714,135,9,349.531250,4818.000
1785209573.797719479,15.414825,136,7,351.187500,4868.750
1785209573.797719479,15.414825,136,11,352.812500,4906.500
1785209573.797719479,15.414825,136,10,354.453125,4944.750
1785209573.797719479,15.414825,136,13,356.078125,4989.250
1785209573.797719479,15.414825,136,14,357.703125,5022.000
1785209573.797719479,15.414825,136,13,359.328125,5046.750
1785209573.797719479,15.414825,136,15,0.968750,5098.500
1785209573.797719479,15.414825,136,15,2.625000,5129.250
1785209573.797719479,15.414825,136,11,4.234375,5127.750
1785209573.797719479,15.414825,136,8,5.875000,5144.000
1785209573.797719479,15.414825,136,10,7.500000,5197.000
1785209573.797719479,15.414825,136,12,9.140625,5254.750
1785209573.797719479,15.414825,136,15,10.765625,5298.000
1785209573.797719479,15.414825,136,15,188.031250,1211.000
1785209573.797719479,15.414825,136,15,189.609375,1207.000
1785209573.797719479,15.414825,136,15,191.281250,1198.250
1785209573.797719479,15.414825,136,15,192.859375,1200.000
1785209573.797719479,15.414825,136,15,194.546875,1211.750
1785209573.797719479,15.414825,136,15,196.140625,1221.750
1785209573.797719479,15.414825,136,15,197.828125,1222.250
1785209573.797719479,15.414825,136,13,227.703125,9904.250
1785209573.797719479,15.414825,136,15,232.593750,8894.500
1785209573.797719479,15.414825,136,15,234.234375,8693.750
1785209573.797719479,15.414825,136,15,237.515625,8215.750
1785209573.797719479,15.414825,136,15,239.140625,8038.750
1785209573.797719479,15.414825,136,15,240.765625,7896.500
1785209573.797719479,15.414825,136,15,242.390625,7743.250
1785209573.797719479,15.414825,136,15,244.046875,7573.500
1785209573.797719479,15.414825,136,15,271.796875,6290.250
1785209573.797719479,15.414825,136,15,273.437500,6404.750
1785209573.797719479,15.414825,136,15,275.062500,6470.250
1785209573.797719479,15.414825,136,15,276.687500,6450.750
1785209573.797719479,15.414825,136,15,278.343750,6445.500
1785209573.797719479,15.414825,136,15,279.937500,6479.250
1785209573.797719479,15.414825,136,15,281.578125,6496.500
1785209573.797719479,15.414825,136,11,286.468750,6458.750
1785209573.797719479,15.414825,136,9,342.218750,4767.500
1785209573.797719479,15.414825,136,11,343.843750,4767.500
1785209573.797719479,15.414825,136,11,345.484375,4772.750
1785209573.797719479,15.414825,136,9,348.781250,4827.500
1785209573.909388542,15.570269,137,12,355.343750,4998.500
1785209573.909388542,15.570269,137,12,356.968750,4995.250
1785209573.909388542,15.570269,137,13,358.593750,5048.250
1785209573.909388542,15.570269,137,10,0.234375,5077.500
1785209573.909388542,15.570269,137,11,1.875000,5097.750
1785209573.909388542,15.570269,137,12,3.500000,5119.750
1785209573.909388542,15.570269,137,11,5.140625,5144.500
1785209573.909388542,15.570269,137,9,6.781250,5177.500
1785209573.909388542,15.570269,137,9,8.421875,5243.000
1785209573.909388542,15.570269,137,15,188.828125,1213.750
1785209573.909388542,15.570269,137,15,190.453125,1211.250
1785209573.909388542,15.570269,137,15,192.140625,1203.500
1785209573.909388542,15.570269,137,12,193.750000,1205.250
1785209573.909388542,15.570269,137,15,195.406250,1214.750
1785209573.909388542,15.570269,137,15,197.031250,1220.250
1785209573.909388542,15.570269,137,15,198.625000,1228.500
1785209573.909388542,15.570269,137,8,220.421875,11898.000
1785209573.909388542,15.570269,137,15,228.562500,9733.000
1785209573.909388542,15.570269,137,15,231.828125,9072.750
1785209573.909388542,15.570269,137,15,235.093750,8583.500
1785209573.909388542,15.570269,137,15,236.734375,8373.500
1785209573.909388542,15.570269,137,15,238.359375,8158.000
1785209573.909388542,15.570269,137,15,240.000000,7990.750
1785209573.909388542,15.570269,137,15,241.625000,7859.500
1785209573.909388542,15.570269,137,9,267.875000,5187.750
1785209573.909388542,15.570269,137,15,271.062500,6143.750
1785209573.909388542,15.570269,137,15,274.281250,6462.250
1785209573.909388542,15.570269,137,15,275.890625,6432.500
1785209573.909388542,15.570269,137,15,277.531250,6452.250
1785209573.909388542,15.570269,137,15,279.171875,6485.750
1785209573.909388542,15.570269,137,15,280.781250,6491.250
1785209573.909388542,15.570269,137,15,282.421875,6504.250
1785209573.909388542,15.570269,137,9,339.765625,4716.000
1785209573.909388542,15.570269,137,11,341.375000,4716.750
1785209573.909388542,15.570269,137,8,343.015625,4739.500
1785209573.909388542,15.570269,137,9,344.671875,4771.500
1785209573.909388542,15.570269,137,11,346.312500,4784.000
1785209573.909388542,15.570269,137,8,347.953125,4825.500
1785209573.909388542,15.570269,137,8,349.562500,4910.750
1785209574.023076057,15.648016,138,9,351.203125,4983.000
1785209574.023076057,15.648016,138,12,352.843750,5003.500
1785209574.023076057,15.648016,138,14,354.484375,5017.250
1785209574.023076057,15.648016,138,15,356.093750,5046.500
1785209574.023076057,15.648016,138,11,357.734375,5066.000
1785209574.023076057,15.648016,138,12,359.375000,5074.000
1785209574.023076057,15.648016,138,10,1.015625,5124.500
1785209574.023076057,15.648016,138,12,2.640625,5153.500
1785209574.023076057,15.648016,138,9,4.281250,5152.000
1785209574.023076057,15.648016,138,7,5.906250,5207.500
1785209574.023076057,15.648016,138,15,187.859375,1216.000
1785209574.023076057,15.648016,138,15,189.484375,1201.000
1785209574.023076057,15.648016,138,15,191.203125,1193.250
1785209574.023076057,15.648016,138,10,192.843750,1197.250
1785209574.023076057,15.648016,138,15,194.421875,1209.250
1785209574.023076057,15.648016,138,15,196.093750,1212.500
1785209574.023076057,15.648016,138,15,199.265625,1228.250
1785209574.023076057,15.648016,138,7,221.093750,11920.000
1785209574.023076057,15.648016,138,8,222.734375,11786.500
1785209574.023076057,15.648016,138,11,229.281250,9656.500
1785209574.023076057,15.648016,138,15,234.187500,8702.000
1785209574.023076057,15.648016,138,15,235.828125,8545.750
1785209574.023076057,15.648016,138,15,239.093750,8119.500
1785209574.023076057,15.648016,138,15,240.734375,7966.250
1785209574.023076057,15.648016,138,15,242.375000,7824.250
1785209574.023076057,15.648016,138,15,252.468750,3457.500
1785209574.023076057,15.648016,138,15,271.875000,6234.750
1785209574.023076057,15.648016,138,15,275.062500,6512.250
1785209574.023076057,15.648016,138,15,276.703125,6461.500
1785209574.023076057,15.648016,138,15,278.312500,6452.250
1785209574.023076057,15.648016,138,15,279.937500,6476.250
1785209574.023076057,15.648016,138,15,281.578125,6490.500
1785209574.023076057,15.648016,138,15,284.828125,6492.000
1785209574.023076057,15.648016,138,9,340.640625,4784.000
1785209574.023076057,15.648016,138,8,343.890625,4798.000
1785209574.023076057,15.648016,138,8,347.156250,4832.750
1785209574.023076057,15.648016,138,9,348.796875,4922.750
1785209574.135572433,15.743902,139,9,350.421875,4967.250
1785209574.135572433,15.743902,139,10,352.062500,4988.750
1785209574.135572433,15.743902,139,15,353.687500,5027.750
1785209574.135572433,15.743902,139,15,355.328125,5042.500
1785209574.135572433,15.743902,139,11,356.953125,5066.000
1785209574.135572433,15.743902,139,14,358.593750,5077.250
1785209574.135572433,15.743902,139,11,0.234375,5111.250
1785209574.135572433,15.743902,139,13,1.859375,5166.750
1785209574.135572433,15.743902,139,9,3.484375,5200.250
1785209574.135572433,15.743902,139,7,5.125000,5222.500
1785209574.135572433,15.743902,139,13,188.781250,1215.000
1785209574.135572433,15.743902,139,15,190.359375,1209.500
1785209574.135572433,15.743902,139,15,192.062500,1204.750
1785209574.135572433,15.743902,139,15,193.687500,1210.250
1785209574.135572433,15.743902,139,15,195.250000,1214.250
1785209574.135572433,15.743902,139,15,196.890625,1211.250
1785209574.135572433,15.743902,139,15,198.500000,1219.750
1785209574.135572433,15.743902,139,14,228.562500,9854.750
1785209574.135572433,15.743902,139,15,235.109375,8643.000
1785209574.135572433,15.743902,139,15,238.406250,8228.000
1785209574.135572433,15.743902,139,15,240.046875,8072.000
1785209574.135572433,15.743902,139,15,241.671875,7896.500
1785209574.135572433,15.743902,139,15,243.312500,7724.250
1785209574.135572433,15.743902,139,15,274.359375,6492.250
1785209574.135572433,15.743902,139,15,275.984375,6473.750
1785209574.135572433,15.743902,139,15,277.609375,6486.500
1785209574.135572433,15.743902,139,15,279.234375,6483.500
1785209574.135572433,15.743902,139,15,280.875000,6496.250
1785209574.135572433,15.743902,139,15,282.500000,6506.750
1785209574.135572433,15.743902,139,9,284.125000,6514.500
1785209574.135572433,15.743902,139,9,339.984375,4741.000
1785209574.135572433,15.743902,139,9,341.609375,4751.750
1785209574.135572433,15.743902,139,11,343.265625,4769.250
1785209574.135572433,15.743902,139,7,346.500000,4794.500
1785209574.135572433,15.743902,139,13,348.140625,4854.750
1785209574.250310898,15.899862,140,11,351.390625,4966.750
1785209574.250310898,15.899862,140,15,353.031250,5014.000
1785209574.250310898,15.899862,140,12,354.656250,5028.500
1785209574.250310898,15.899862,140,14,356.296875,5078.250
1785209574.250310898,15.899862,140,11,357.937500,5118.000
1785209574.250310898,15.899862,140,12,359.562500,5155.000
1785209574.250310898,15.899862,140,11,1.203125,5192.750
1785209574.250310898,15.899862,140,11,6.093750,5302.500
1785209574.250310898,15.899862,140,15,184.875000,1320.250
1785209574.250310898,15.899862,140,15,188.171875,1235.750
1785209574.250310898,15.899862,140,15,189.812500,1208.750
1785209574.250310898,15.899862,140,13,191.453125,1200.500
1785209574.250310898,15.899862,140,15,193.062500,1205.000
1785209574.250310898,15.899862,140,15,194.750000,1203.500
1785209574.250310898,15.899862,140,15,196.296875,1203.000
1785209574.250310898,15.899862,140,15,198.031250,1209.750
1785209574.250310898,15.899862,140,15,199.562500,1221.250
1785209574.250310898,15.899862,140,8,223.031250,11674.000
1785209574.250310898,15.899862,140,15,227.968750,9949.750
1785209574.250310898,15.899862,140,13,229.609375,9689.500
1785209574.250310898,15.899862,140,15,234.515625,8741.250
1785209574.250310898,15.899862,140,15,236.156250,8554.750
1785209574.250310898,15.899862,140,15,239.437500,8100.500
1785209574.250310898,15.899862,140,15,241.062500,7982.250
1785209574.250310898,15.899862,140,15,242.703125,7807.750
1785209574.250310898,15.899862,140,13,244.359375,7670.500
1785209574.250310898,15.899862,140,15,272.156250,6255.500
1785209574.250310898,15.899862,140,15,275.390625,6511.000
1785209574.250310898,15.899862,140,15,277.015625,6479.250
1785209574.250310898,15.899862,140,15,278.640625,6507.250
1785209574.250310898,15.899862,140,15,280.281250,6521.500
1785209574.250310898,15.899862,140,11,281.890625,6477.500
1785209574.250310898,15.899862,140,12,283.546875,6446.250
1785209574.250310898,15.899862,140,10,285.156250,6446.750
1785209574.250310898,15.899862,140,10,341.093750,4786.000
1785209574.361985207,15.977835,141,13,350.828125,5026.500
1785209574.361985207,15.977835,141,15,352.468750,5042.000
1785209574.361985207,15.977835,141,12,354.109375,5056.750
1785209574.361985207,15.977835,141,13,355.734375,5079.250
1785209574.361985207,15.977835,141,13,357.375000,5094.500
1785209574.361985207,15.977835,141,14,359.015625,5123.000
1785209574.361985207,15.977835,141,10,0.656250,5165.000
1785209574.361985207,15.977835,141,8,2.265625,5226.000
1785209574.361985207,15.977835,141,7,3.906250,5244.000
1785209574.361985207,15.977835,141,15,189.125000,1223.250
1785209574.361985207,15.977835,141,15,190.812500,1214.500
1785209574.361985207,15.977835,141,15,192.453125,1203.500
1785209574.361985207,15.977835,141,15,194.125000,1197.250
1785209574.361985207,15.977835,141,15,195.765625,1203.750
1785209574.361985207,15.977835,141,15,197.328125,1214.750
1785209574.361985207,15.977835,141,15,198.968750,1225.500
1785209574.361985207,15.977835,141,15,200.531250,1245.500
1785209574.361985207,15.977835,141,15,229.015625,9780.500
1785209574.361985207,15.977835,141,15,233.921875,8816.250
1785209574.361985207,15.977835,141,15,235.562500,8630.250
1785209574.361985207,15.977835,141,15,238.828125,8202.750
1785209574.361985207,15.977835,141,15,240.484375,8052.000
1785209574.361985207,15.977835,141,15,242.093750,7896.000
1785209574.361985207,15.977835,141,15,269.859375,6103.000
1785209574.361985207,15.977835,141,15,271.484375,6137.750
1785209574.361985207,15.977835,141,15,274.734375,6507.250
1785209574.361985207,15.977835,141,15,276.390625,6483.250
1785209574.361985207,15.977835,141,15,278.000000,6514.750
1785209574.361985207,15.977835,141,15,279.625000,6493.250
1785209574.361985207,15.977835,141,11,281.281250,6468.500
1785209574.361985207,15.977835,141,15,284.515625,6479.500
1785209574.361985207,15.977835,141,11,340.406250,4762.500
1785209574.361985207,15.977835,141,7,342.031250,4775.750
1785209574.361985207,15.977835,141,8,343.687500,4795.250
1785209574.361985207,15.977835,141,7,345.312500,4809.250
1785209574.361985207,15.977835,141,11,350.187500,5022.000
1785209574.475038290,16.136814,142,12,351.828125,5056.500
1785209574.475038290,16.136814,142,13,353.468750,5063.500
1785209574.475038290,16.136814,142,15,355.093750,5072.250
1785209574.475038290,16.136814,142,12,356.718750,5097.750
1785209574.475038290,16.136814,142,12,358.375000,5127.000
1785209574.475038290,16.136814,142,9,359.984375,5162.500
1785209574.475038290,16.136814,142,9,1.640625,5227.000
1785209574.475038290,16.136814,142,15,190.218750,1207.000
1785209574.475038290,16.136814,142,15,191.875000,1193.750
1785209574.475038290,16.136814,142,15,193.468750,1196.750
1785209574.475038290,16.136814,142,15,195.109375,1206.750
1785209574.475038290,16.136814,142,15,196.750000,1213.500
1785209574.475038290,16.136814,142,15,198.406250,1225.000
1785209574.475038290,16.136814,142,8,223.468750,11724.250
1785209574.475038290,16.136814,142,15,233.250000,8951.750
1785209574.475038290,16.136814,142,15,234.875000,8727.000
1785209574.475038290,16.136814,142,15,236.531250,8538.750
1785209574.475038290,16.136814,142,15,238.156250,8322.750
1785209574.475038290,16.136814,142,15,239.781250,8129.500
1785209574.475038290,16.136814,142,15,241.421875,7978.250
1785209574.475038290,16.136814,142,15,243.062500,7820.500
1785209574.475038290,16.136814,142,15,253.093750,3465.000
1785209574.475038290,16.136814,142,15,267.578125,6137.750
1785209574.475038290,16.136814,142,15,269.218750,6084.500
1785209574.475038290,16.136814,142,15,270.843750,6128.750
1785209574.475038290,16.136814,142,15,272.484375,6254.250
1785209574.475038290,16.136814,142,15,275.703125,6535.000
1785209574.475038290,16.136814,142,15,277.328125,6547.000
1785209574.475038290,16.136814,142,15,278.953125,6539.000
1785209574.475038290,16.136814,142,15,282.218750,6499.250
1785209574.475038290,16.136814,142,15,283.843750,6499.250
1785209574.475038290,16.136814,142,7,339.593750,4767.250
1785209574.475038290,16.136814,142,8,346.140625,4842.250
1785209574.475038290,16.136814,142,8,347.781250,4938.000
1785209574.475038290,16.136814,142,13,349.421875,5002.000
1785209574.587622881,16.215912,143,13,351.046875,5038.000
1785209574.587622881,16.215912,143,15,352.687500,5054.250
1785209574.587622881,16.215912,143,12,354.312500,5065.250
1785209574.587622881,16.215912,143,13,355.953125,5090.500
1785209574.587622881,16.215912,143,13,357.609375,5106.500
1785209574.587622881,16.215912,143,11,359.234375,5130.250
1785209574.587622881,16.215912,143,11,0.859375,5152.500
1785209574.587622881,16.215912,143,10,2.500000,5182.750
1785209574.587622881,16.215912,143,8,4.140625,5224.000
1785209574.587622881,16.215912,143,15,186.031250,1344.750
1785209574.587622881,16.215912,143,15,191.000000,1216.500
1785209574.587622881,16.215912,143,15,192.640625,1208.250
1785209574.587622881,16.215912,143,15,194.265625,1206.000
1785209574.587622881,16.215912,143,15,195.921875,1203.750
1785209574.587622881,16.215912,143,15,197.546875,1205.500
1785209574.587622881,16.215912,143,15,199.203125,1214.500
1785209574.587622881,16.215912,143,15,200.796875,1229.500
1785209574.587622881,16.215912,143,15,229.109375,9837.250
1785209574.587622881,16.215912,143,15,234.015625,8823.500
1785209574.587622881,16.215912,143,15,235.656250,8641.250
1785209574.587622881,16.215912,143,15,238.921875,8207.500
1785209574.587622881,16.215912,143,15,240.562500,8058.500
1785209574.587622881,16.215912,143,15,242.187500,7907.500
1785209574.587622881,16.215912,143,15,243.828125,7752.750
1785209574.587622881,16.215912,143,12,253.875000,3453.250
1785209574.587622881,16.215912,143,15,268.390625,6095.750
1785209574.587622881,16.215912,143,15,270.015625,6110.250
1785209574.587622881,16.215912,143,15,271.640625,6196.500
1785209574.587622881,16.215912,143,15,274.875000,6513.750
1785209574.587622881,16.215912,143,15,276.515625,6512.500
1785209574.587622881,16.215912,143,15,278.140625,6512.250
1785209574.587622881,16.215912,143,15,279.765625,6507.000
1785209574.587622881,16.215912,143,15,284.656250,6489.000
1785209574.587622881,16.215912,143,7,342.000000,4782.250
1785209574.587622881,16.215912,143,8,343.609375,4805.750
1785209574.587622881,16.215912,143,12,348.562500,4879.000
1785209574.587622881,16.215912,143,10,350.203125,4990.000
1785209574.701761484,16.294209,144,12,351.828125,5049.500
1785209574.701761484,16.294209,144,15,353.468750,5026.000
1785209574.701761484,16.294209,144,13,355.109375,5034.500
1785209574.701761484,16.294209,144,13,356.750000,5090.500
1785209574.701761484,16.294209,144,13,358.375000,5118.250
1785209574.701761484,16.294209,144,12,0.015625,5140.500
1785209574.701761484,16.294209,144,11,1.640625,5168.500
1785209574.701761484,16.294209,144,8,3.281250,5203.750
1785209574.701761484,16.294209,144,9,6.546875,5291.500
1785209574.701761484,16.294209,144,15,190.328125,1217.500
1785209574.701761484,16.294209,144,15,191.937500,1203.750
1785209574.701761484,16.294209,144,15,193.609375,1196.750
1785209574.701761484,16.294209,144,15,195.125000,1203.750
1785209574.701761484,16.294209,144,15,196.843750,1214.250
1785209574.701761484,16.294209,144,15,198.421875,1213.750
1785209574.701761484,16.294209,144,11,200.015625,1224.000
1785209574.701761484,16.294209,144,15,201.718750,1246.000
1785209574.701761484,16.294209,144,8,223.421875,11803.500
1785209574.701761484,16.294209,144,13,228.312500,10025.250
1785209574.701761484,16.294209,144,14,229.953125,9768.000
1785209574.701761484,16.294209,144,15,233.218750,9037.500
1785209574.701761484,16.294209,144,15,236.484375,8547.750
1785209574.701761484,16.294209,144,15,239.750000,8132.500
1785209574.701761484,16.294209,144,15,241.375000,7988.250
1785209574.701761484,16.294209,144,15,243.015625,7824.000
1785209574.701761484,16.294209,144,15,269.218750,6058.000
1785209574.701761484,16.294209,144,15,270.843750,6131.750
1785209574.701761484,16.294209,144,15,272.468750,6249.500
1785209574.701761484,16.294209,144,15,275.687500,6565.500
1785209574.701761484,16.294209,144,15,277.312500,6553.250
1785209574.701761484,16.294209,144,15,278.953125,6545.500
1785209574.701761484,16.294209,144,14,280.578125,6566.000
1785209574.701761484,16.294209,144,15,283.843750,6570.000
1785209574.701761484,16.294209,144,11,341.171875,4778.750
1785209574.701761484,16.294209,144,8,342.796875,4768.500
1785209574.701761484,16.294209,144,9,344.437500,4785.750
1785209574.813252926,16.449206,145,10,350.968750,4994.500
1785209574.813252926,16.449206,145,12,352.609375,5026.750
1785209574.813252926,16.449206,145,11,354.250000,5052.250
1785209574.813252926,16.449206,145,15,355.875000,5075.250
1785209574.813252926,16.449206,145,10,357.500000,5091.250
1785209574.813252926,16.449206,145,13,359.125000,5119.750
1785209574.813252926,16.449206,145,11,0.765625,5152.250
1785209574.813252926,16.449206,145,8,2.390625,5186.500
1785209574.813252926,16.449206,145,8,4.046875,5205.000
1785209574.813252926,16.449206,145,8,5.656250,5249.250
1785209574.813252926,16.449206,145,15,190.828125,1223.250
1785209574.813252926,16.449206,145,15,192.515625,1214.500
1785209574.813252926,16.449206,145,15,194.109375,1204.750
1785209574.813252926,16.449206,145,15,195.750000,1200.000
1785209574.813252926,16.449206,145,15,197.343750,1210.250
1785209574.813252926,16.449206,145,15,199.015625,1227.250
1785209574.813252926,16.449206,145,15,200.625000,1235.250
1785209574.813252926,16.449206,145,15,202.171875,1250.000
1785209574.813252926,16.449206,145,9,222.343750,11786.750
1785209574.813252926,16.449206,145,7,223.984375,11859.000
1785209574.813252926,16.449206,145,15,233.812500,8908.750
1785209574.813252926,16.449206,145,15,235.453125,8731.250
1785209574.813252926,16.449206,145,15,237.078125,8530.500
1785209574.813252926,16.449206,145,15,238.703125,8305.000
1785209574.813252926,16.449206,145,15,240.328125,8131.750
1785209574.813252926,16.449206,145,15,241.968750,7988.000
1785209574.813252926,16.449206,145,15,243.609375,7813.500
1785209574.813252926,16.449206,145,15,269.765625,6144.000
1785209574.813252926,16.449206,145,15,271.375000,6181.500
1785209574.813252926,16.449206,145,15,273.015625,6331.750
1785209574.813252926,16.449206,145,15,274.593750,6484.000
1785209574.813252926,16.449206,145,15,276.203125,6553.500
1785209574.813252926,16.449206,145,15,277.843750,6556.250
1785209574.813252926,16.449206,145,15,279.453125,6547.000
1785209574.813252926,16.449206,145,10,281.093750,6524.250
1785209574.813252926,16.449206,145,15,284.359375,6507.000
1785209574.813252926,16.449206,145,11,349.953125,4994.500
1785209574.924895525,16.526255,146,15,351.593750,5020.250
1785209574.924895525,16.526255,146,15,353.234375,5028.000
1785209574.924895525,16.526255,146,13,354.859375,5051.250
1785209574.924895525,16.526255,146,13,356.484375,5084.000
1785209574.924895525,16.526255,146,11,358.125000,5104.000
1785209574.924895525,16.526255,146,12,359.750000,5132.000
1785209574.924895525,16.526255,146,12,1.390625,5171.750
1785209574.924895525,16.526255,146,8,3.031250,5226.000
1785209574.924895525,16.526255,146,10,6.296875,5309.500
1785209574.924895525,16.526255,146,15,193.234375,1211.500
1785209574.924895525,16.526255,146,15,194.843750,1213.250
1785209574.924895525,16.526255,146,15,196.546875,1210.500
1785209574.924895525,16.526255,146,15,198.140625,1214.000
1785209574.924895525,16.526255,146,15,199.781250,1223.250
1785209574.924895525,16.526255,146,15,201.390625,1237.750
1785209574.924895525,16.526255,146,14,228.031250,10174.500
1785209574.924895525,16.526255,146,15,234.578125,8855.250
1785209574.924895525,16.526255,146,15,236.203125,8672.250
1785209574.924895525,16.526255,146,15,239.484375,8201.000
1785209574.924895525,16.526255,146,15,241.109375,8059.250
1785209574.924895525,16.526255,146,15,242.750000,7943.000
1785209574.924895525,16.526255,146,15,244.375000,7769.500
1785209574.924895525,16.526255,146,15,254.375000,3486.500
1785209574.924895525,16.526255,146,15,265.609375,6312.500
1785209574.924895525,16.526255,146,15,267.250000,6220.500
1785209574.924895525,16.526255,146,15,268.875000,6165.000
1785209574.924895525,16.526255,146,15,270.515625,6095.250
1785209574.924895525,16.526255,146,15,275.328125,6542.500
1785209574.924895525,16.526255,146,15,276.968750,6564.250
1785209574.924895525,16.526255,146,15,278.578125,6560.250
1785209574.924895525,16.526255,146,15,281.859375,6532.250
1785209574.924895525,16.526255,146,15,283.468750,6512.250
1785209574.924895525,16.526255,146,9,340.890625,4782.750
1785209574.924895525,16.526255,146,8,342.531250,4795.250
1785209574.924895525,16.526255,146,8,344.187500,4802.750
1785209574.924895525,16.526255,146,8,347.421875,4876.500
1785209574.924895525,16.526255,146,11,349.046875,4978.250
1785209575.038680077,16.668331,147,11,350.671875,5028.500
1785209575.038680077,16.668331,147,12,352.312500,5052.250
1785209575.038680077,16.668331,147,12,353.968750,5069.000
1785209575.038680077,16.668331,147,15,355.578125,5089.500
1785209575.038680077,16.668331,147,13,357.218750,5111.500
1785209575.038680077,16.668331,147,11,358.859375,5132.750
1785209575.038680077,16.668331,147,9,0.484375,5162.250
1785209575.038680077,16.668331,147,9,2.125000,5232.750
1785209575.038680077,16.668331,147,12,189.093750,1261.000
1785209575.038680077,16.668331,147,15,190.703125,1235.000
1785209575.038680077,16.668331,147,15,192.375000,1214.750
1785209575.038680077,16.668331,147,15,194.015625,1204.000
1785209575.038680077,16.668331,147,15,195.687500,1195.250
1785209575.038680077,16.668331,147,15,197.265625,1202.500
1785209575.038680077,16.668331,147,15,198.953125,1218.250
1785209575.038680077,16.668331,147,15,200.500000,1230.000
1785209575.038680077,16.668331,147,15,202.156250,1237.250
1785209575.038680077,16.668331,147,15,228.906250,10037.250
1785209575.038680077,16.668331,147,15,230.531250,9762.750
1785209575.038680077,16.668331,147,15,233.828125,9034.250
1785209575.038680077,16.668331,147,15,235.453125,8790.000
1785209575.038680077,16.668331,147,15,237.109375,8570.500
1785209575.038680077,16.668331,147,15,240.359375,8140.000
1785209575.038680077,16.668331,147,15,242.000000,7989.500
1785209575.038680077,16.668331,147,15,243.640625,7845.750
1785209575.038680077,16.668331,147,15,253.671875,3435.750
1785209575.038680077,16.668331,147,13,258.375000,5954.000
1785209575.038680077,16.668331,147,15,263.234375,6411.000
1785209575.038680077,16.668331,147,11,266.515625,6169.500
1785209575.038680077,16.668331,147,15,268.140625,6163.500
1785209575.038680077,16.668331,147,15,269.781250,6122.000
1785209575.038680077,16.668331,147,15,271.406250,6183.500
1785209575.038680077,16.668331,147,15,273.031250,6307.500
1785209575.038680077,16.668331,147,15,276.265625,6587.250
1785209575.038680077,16.668331,147,15,277.875000,6600.750
1785209575.038680077,16.668331,147,15,279.515625,6535.000
1785209575.038680077,16.668331,147,15,282.765625,6477.500
1785209575.038680077,16.668331,147,15,284.390625,6484.250
1785209575.038680077,16.668331,147,7,345.125000,4817.000
1785209575.150060892,16.747279,148,13,351.609375,5046.750
1785209575.150060892,16.747279,148,15,353.265625,5054.250
1785209575.150060892,16.747279,148,15,354.890625,5076.500
1785209575.150060892,16.747279,148,12,356.515625,5107.500
1785209575.150060892,16.747279,148,11,358.156250,5109.500
1785209575.150060892,16.747279,148,13,359.781250,5137.500
1785209575.150060892,16.747279,148,8,1.421875,5213.000
1785209575.150060892,16.747279,148,7,3.046875,5330.000
1785209575.150060892,16.747279,148,11,6.312500,5385.000
1785209575.150060892,16.747279,148,15,191.765625,1218.250
1785209575.150060892,16.747279,148,15,193.343750,1205.500
1785209575.150060892,16.747279,148,15,194.984375,1207.500
1785209575.150060892,16.747279,148,15,196.703125,1211.250
1785209575.150060892,16.747279,148,15,198.312500,1218.500
1785209575.150060892,16.747279,148,15,199.859375,1228.250
1785209575.150060892,16.747279,148,15,203.140625,1246.000
1785209575.150060892,16.747279,148,14,228.312500,10126.000
1785209575.150060892,16.747279,148,15,234.875000,8889.750
1785209575.150060892,16.747279,148,15,236.515625,8686.500
1785209575.150060892,16.747279,148,15,239.796875,8205.250
1785209575.150060892,16.747279,148,15,241.437500,8061.250
1785209575.150060892,16.747279,148,15,243.078125,7929.750
1785209575.150060892,16.747279,148,15,244.703125,7756.000
1785209575.150060892,16.747279,148,12,254.718750,3500.250
1785209575.150060892,16.747279,148,15,267.593750,6214.500
1785209575.150060892,16.747279,148,15,270.859375,6189.750
1785209575.150060892,16.747279,148,15,272.484375,6233.000
1785209575.150060892,16.747279,148,15,275.703125,6565.750
1785209575.150060892,16.747279,148,15,277.328125,6544.000
1785209575.150060892,16.747279,148,15,278.953125,6539.250
1785209575.150060892,16.747279,148,15,280.593750,6527.250
1785209575.150060892,16.747279,148,15,283.859375,6525.000
1785209575.150060892,16.747279,148,7,341.296875,4802.250
1785209575.150060892,16.747279,148,9,342.937500,4826.000
1785209575.150060892,16.747279,148,7,347.812500,4911.750
1785209575.150060892,16.747279,148,9,349.453125,5000.750
1785209575.265191317,16.905768,149,14,351.093750,5040.500
1785209575.265191317,16.905768,149,12,352.703125,5055.250
1785209575.265191317,16.905768,149,13,354.359375,5066.500
1785209575.265191317,16.905768,149,13,355.984375,5091.250
1785209575.265191317,16.905768,149,13,357.609375,5108.000
1785209575.265191317,16.905768,149,11,359.250000,5132.000
1785209575.265191317,16.905768,149,8,0.875000,5180.000
1785209575.265191317,16.905768,149,7,4.156250,5249.250
1785209575.265191317,16.905768,149,8,192.796875,1216.500
1785209575.265191317,16.905768,149,15,194.421875,1214.750
1785209575.265191317,16.905768,149,15,196.093750,1213.500
1785209575.265191317,16.905768,149,15,197.671875,1216.750
1785209575.265191317,16.905768,149,15,199.343750,1227.250
1785209575.265191317,16.905768,149,10,200.906250,1237.500
1785209575.265191317,16.905768,149,7,224.468750,11682.000
1785209575.265191317,16.905768,149,12,231.000000,9712.250
1785209575.265191317,16.905768,149,15,234.296875,8979.250
1785209575.265191317,16.905768,149,15,235.906250,8753.000
1785209575.265191317,16.905768,149,15,237.562500,8579.750
1785209575.265191317,16.905768,149,15,239.203125,8370.500
1785209575.265191317,16.905768,149,15,240.828125,8142.750
1785209575.265191317,16.905768,149,15,242.484375,7970.000
1785209575.265191317,16.905768,149,15,244.125000,7809.250
1785209575.265191317,16.905768,149,15,254.156250,3497.000
1785209575.265191317,16.905768,149,15,270.281250,6181.000
1785209575.265191317,16.905768,149,15,271.906250,6183.750
1785209575.265191317,16.905768,149,15,275.187500,6510.250
1785209575.265191317,16.905768,149,15,276.812500,6571.750
1785209575.265191317,16.905768,149,15,278.453125,6609.500
1785209575.265191317,16.905768,149,15,280.093750,6598.250
1785209575.265191317,16.905768,149,15,283.359375,6524.250
1785209575.265191317,16.905768,149,11,284.984375,6555.500
1785209575.376430035,16.968024,150,14,350.562500,5066.750
1785209575.376430035,16.968024,150,15,352.187500,5086.500
1785209575.376430035,16.968024,150,13,353.812500,5097.500
1785209575.376430035,16.968024,150,9,355.453125,5123.750
1785209575.376430035,16.968024,150,12,357.093750,5156.750
1785209575.376430035,16.968024,150,7,0.375000,5181.000
1785209575.376430035,16.968024,150,15,193.953125,1219.750
1785209575.376430035,16.968024,150,15,195.609375,1215.250
1785209575.376430035,16.968024,150,15,197.171875,1213.250
1785209575.376430035,16.968024,150,15,198.796875,1217.500
1785209575.376430035,16.968024,150,15,200.437500,1226.500
1785209575.376430035,16.968024,150,11,202.046875,1240.250
1785209575.376430035,16.968024,150,15,203.671875,1251.500
1785209575.376430035,16.968024,150,15,230.390625,9831.500
1785209575.376430035,16.968024,150,15,235.312500,8811.250
1785209575.376430035,16.968024,150,15,236.937500,8639.500
1785209575.376430035,16.968024,150,15,240.218750,8190.750
1785209575.376430035,16.968024,150,15,241.843750,8049.250
1785209575.376430035,16.968024,150,15,243.484375,7925.500
1785209575.376430035,16.968024,150,15,245.109375,7756.000
1785209575.376430035,16.968024,150,15,268.109375,6245.750
1785209575.376430035,16.968024,150,15,271.375000,6239.750
1785209575.376430035,16.968024,150,15,273.000000,6279.000
1785209575.376430035,16.968024,150,15,276.234375,6594.000
1785209575.376430035,16.968024,150,15,277.859375,6585.500
1785209575.376430035,16.968024,150,15,281.125000,6523.250
1785209575.376430035,16.968024,150,14,282.750000,6477.750
1785209575.376430035,16.968024,150,10,348.406250,5007.750
1785209575.376430035,16.968024,150,14,350.046875,5042.750
1785209575.491045475,17.125209,151,15,351.671875,5053.000
1785209575.491045475,17.125209,151,12,353.328125,5086.750
1785209575.491045475,17.125209,151,11,354.953125,5110.000
1785209575.491045475,17.125209,151,15,356.593750,5134.000
1785209575.491045475,17.125209,151,11,358.234375,5144.500
1785209575.491045475,17.125209,151,8,359.859375,5164.000
1785209575.491045475,17.125209,151,8,1.484375,5227.250
1785209575.491045475,17.125209,151,9,193.343750,1217.000
1785209575.491045475,17.125209,151,15,194.984375,1213.750
1785209575.491045475,17.125209,151,15,196.640625,1214.500
1785209575.491045475,17.125209,151,15,198.265625,1218.250
1785209575.491045475,17.125209,151,15,199.875000,1220.750
1785209575.491045475,17.125209,151,15,201.593750,1223.750
1785209575.491045475,17.125209,151,15,203.187500,1236.750
1785209575.491045475,17.125209,151,8,224.921875,11657.000
1785209575.491045475,17.125209,151,14,229.812500,9968.750
1785209575.491045475,17.125209,151,15,234.718750,8946.000
1785209575.491045475,17.125209,151,15,236.343750,8734.500
1785209575.491045475,17.125209,151,15,237.984375,8545.500
1785209575.491045475,17.125209,151,15,241.250000,8127.250
1785209575.491045475,17.125209,151,15,242.890625,7989.250
1785209575.491045475,17.125209,151,15,244.531250,7815.250
1785209575.491045475,17.125209,151,15,267.500000,6268.000
1785209575.491045475,17.125209,151,15,269.125000,6198.500
1785209575.491045475,17.125209,151,15,270.765625,6143.750
1785209575.491045475,17.125209,151,15,272.406250,6194.250
1785209575.491045475,17.125209,151,15,275.593750,6571.500
1785209575.491045475,17.125209,151,15,277.234375,6593.500
1785209575.491045475,17.125209,151,15,278.859375,6589.250
1785209575.491045475,17.125209,151,15,280.484375,6575.250
1785209575.491045475,17.125209,151,15,283.750000,6544.250
1785209575.491045475,17.125209,151,7,285.375000,6651.750
1785209575.491045475,17.125209,151,7,342.859375,4794.000
1785209575.491045475,17.125209,151,10,344.500000,4787.500
1785209575.491045475,17.125209,151,9,346.156250,4796.750
1785209575.491045475,17.125209,151,8,347.796875,4833.250
1785209575.491045475,17.125209,151,9,349.437500,4917.500
1785209575.603252888,17.203703,152,10,351.062500,5014.750
1785209575.603252888,17.203703,152,12,352.703125,5054.750
1785209575.603252888,17.203703,152,15,354.359375,5066.000
1785209575.603252888,17.203703,152,15,356.000000,5087.750
1785209575.603252888,17.203703,152,12,357.625000,5103.000
1785209575.603252888,17.203703,152,11,359.265625,5126.250
1785209575.603252888,17.203703,152,10,0.906250,5174.500
1785209575.603252888,17.203703,152,7,2.546875,5218.500
1785209575.603252888,17.203703,152,15,189.296875,1334.750
1785209575.603252888,17.203703,152,15,192.703125,1239.750
1785209575.603252888,17.203703,152,15,194.359375,1223.250
1785209575.603252888,17.203703,152,15,195.937500,1216.250
1785209575.603252888,17.203703,152,15,197.562500,1207.500
1785209575.603252888,17.203703,152,15,199.218750,1205.750
1785209575.603252888,17.203703,152,15,200.812500,1224.250
1785209575.603252888,17.203703,152,15,202.500000,1231.250
1785209575.603252888,17.203703,152,15,204.078125,1236.250
1785209575.603252888,17.203703,152,15,230.781250,9821.750
1785209575.603252888,17.203703,152,15,235.687500,8865.000
1785209575.603252888,17.203703,152,15,237.343750,8656.250
1785209575.603252888,17.203703,152,15,240.609375,8200.750
1785209575.603252888,17.203703,152,15,242.250000,8059.750
1785209575.603252888,17.203703,152,15,243.890625,7913.750
1785209575.603252888,17.203703,152,13,260.265625,5881.750
1785209575.603252888,17.203703,152,15,266.796875,6244.250
1785209575.603252888,17.203703,152,15,268.421875,6226.250
1785209575.603252888,17.203703,152,15,270.062500,6153.500
1785209575.603252888,17.203703,152,15,271.687500,6170.500
1785209575.603252888,17.203703,152,15,273.312500,6278.750
1785209575.603252888,17.203703,152,15,276.500000,6613.000
1785209575.603252888,17.203703,152,15,278.125000,6566.750
1785209575.603252888,17.203703,152,15,279.750000,6584.500
1785209575.603252888,17.203703,152,15,281.390625,6559.750
1785209575.603252888,17.203703,152,5,283.015625,6495.500
1785209575.603252888,17.203703,152,9,342.125000,4771.250
1785209575.603252888,17.203703,152,10,345.421875,4792.750
1785209575.603252888,17.203703,152,7,347.031250,4810.250
1785209575.716982365,17.359167,153,8,351.921875,5010.500
1785209575.716982365,17.359167,153,13,353.546875,5031.000
1785209575.716982365,17.359167,153,13,355.203125,5042.000
1785209575.716982365,17.359167,153,13,356.843750,5063.750
1785209575.716982365,17.359167,153,13,358.484375,5076.000
1785209575.716982365,17.359167,153,11,0.125000,5108.750
1785209575.716982365,17.359167,153,10,1.750000,5161.000
1785209575.716982365,17.359167,153,8,3.390625,5202.500
1785209575.716982365,17.359167,153,10,6.656250,5293.250
1785209575.716982365,17.359167,153,15,196.671875,1215.000
1785209575.716982365,17.359167,153,15,198.359375,1216.000
1785209575.716982365,17.359167,153,14,199.906250,1222.000
1785209575.716982365,17.359167,153,15,201.578125,1234.000
1785209575.716982365,17.359167,153,15,204.781250,1251.000
1785209575.716982365,17.359167,153,15,236.468750,8748.500
1785209575.716982365,17.359167,153,15,238.125000,8556.000
1785209575.716982365,17.359167,153,15,239.750000,8368.250
1785209575.716982365,17.359167,153,15,241.375000,8149.750
1785209575.716982365,17.359167,153,15,243.015625,7990.750
1785209575.716982365,17.359167,153,15,244.656250,7851.250
1785209575.716982365,17.359167,153,14,269.125000,6200.500
1785209575.716982365,17.359167,153,15,270.765625,6171.000
1785209575.716982365,17.359167,153,15,272.390625,6217.750
1785209575.716982365,17.359167,153,15,274.031250,6368.500
1785209575.716982365,17.359167,153,15,275.593750,6543.000
1785209575.716982365,17.359167,153,15,277.218750,6595.250
1785209575.716982365,17.359167,153,15,278.859375,6587.000
1785209575.716982365,17.359167,153,14,280.484375,6576.250
1785209575.716982365,17.359167,153,15,282.109375,6535.250
1785209575.716982365,17.359167,153,9,283.718750,6538.750
1785209575.716982365,17.359167,153,10,342.734375,4747.500
1785209575.716982365,17.359167,153,10,344.359375,4771.500
1785209575.716982365,17.359167,153,12,346.000000,4786.750
1785209575.716982365,17.359167,153,7,347.625000,4802.250
1785209575.716982365,17.359167,153,8,349.234375,4854.500
1785209575.828556061,17.438074,154,8,350.890625,4963.750
1785209575.828556061,17.438074,154,10,352.500000,5033.000
1785209575.828556061,17.438074,154,15,354.140625,5033.750
1785209575.828556061,17.438074,154,15,355.765625,5054.000
1785209575.828556061,17.438074,154,12,357.406250,5091.000
1785209575.828556061,17.438074,154,14,359.031250,5118.000
1785209575.828556061,17.438074,154,10,0.671875,5159.500
1785209575.828556061,17.438074,154,15,193.937500,1222.500
1785209575.828556061,17.438074,154,15,195.593750,1215.000
1785209575.828556061,17.438074,154,15,197.203125,1217.250
1785209575.828556061,17.438074,154,15,198.828125,1214.500
1785209575.828556061,17.438074,154,15,200.468750,1223.750
1785209575.828556061,17.438074,154,14,202.078125,1236.500
1785209575.828556061,17.438074,154,15,205.328125,1254.500
1785209575.828556061,17.438074,154,12,230.421875,9882.750
1785209575.828556061,17.438074,154,15,235.328125,8965.750
1785209575.828556061,17.438074,154,15,236.953125,8765.500
1785209575.828556061,17.438074,154,15,238.593750,8559.500
1785209575.828556061,17.438074,154,15,240.234375,8338.000
1785209575.828556061,17.438074,154,15,241.859375,8126.250
1785209575.828556061,17.438074,154,15,243.500000,7980.250
1785209575.828556061,17.438074,154,15,245.140625,7847.250
1785209575.828556061,17.438074,154,15,261.484375,5898.250
1785209575.828556061,17.438074,154,15,268.000000,6251.750
1785209575.828556061,17.438074,154,15,269.640625,6225.500
1785209575.828556061,17.438074,154,15,271.265625,6217.750
1785209575.828556061,17.438074,154,15,272.875000,6248.000
1785209575.828556061,17.438074,154,15,276.093750,6652.750
1785209575.828556061,17.438074,154,15,277.734375,6589.000
1785209575.828556061,17.438074,154,11,279.359375,6578.500
1785209575.828556061,17.438074,154,15,280.984375,6561.000
1785209575.828556061,17.438074,154,8,344.953125,4813.500
1785209575.828556061,17.438074,154,10,348.187500,4893.500
1785209575.828556061,17.438074,154,12,349.828125,4990.250
1785209575.939943075,17.594738,155,14,351.437500,5027.500
1785209575.939943075,17.594738,155,15,353.093750,5050.000
1785209575.939943075,17.594738,155,11,354.718750,5061.250
1785209575.939943075,17.594738,155,15,356.343750,5078.500
1785209575.939943075,17.594738,155,11,357.984375,5115.500
1785209575.939943075,17.594738,155,10,359.625000,5149.750
1785209575.939943075,17.594738,155,9,1.234375,5187.250
1785209575.939943075,17.594738,155,9,2.875000,5254.500
1785209575.939943075,17.594738,155,7,6.125000,5332.500
1785209575.939943075,17.594738,155,15,194.718750,1227.250
1785209575.939943075,17.594738,155,15,196.375000,1222.500
1785209575.939943075,17.594738,155,15,197.953125,1216.500
1785209575.939943075,17.594738,155,15,199.656250,1216.500
1785209575.939943075,17.594738,155,15,201.218750,1219.750
1785209575.939943075,17.594738,155,15,202.859375,1225.750
1785209575.939943075,17.594738,155,15,204.515625,1244.250
1785209575.939943075,17.594738,155,11,206.140625,1275.000
1785209575.939943075,17.594738,155,15,231.250000,9795.500
1785209575.939943075,17.594738,155,15,236.171875,8830.500
1785209575.939943075,17.594738,155,15,237.812500,8646.750
1785209575.939943075,17.594738,155,15,239.453125,8443.000
1785209575.939943075,17.594738,155,15,241.078125,8228.000
1785209575.939943075,17.594738,155,15,242.718750,8076.250
1785209575.939943075,17.594738,155,15,244.359375,7921.250
1785209575.939943075,17.594738,155,11,245.984375,7774.500
1785209575.939943075,17.594738,155,12,260.687500,5879.750
1785209575.939943075,17.594738,155,15,267.203125,6277.250
1785209575.939943075,17.594738,155,15,268.843750,6251.750
1785209575.939943075,17.594738,155,15,270.468750,6186.500
1785209575.939943075,17.594738,155,15,272.093750,6255.750
1785209575.939943075,17.594738,155,15,273.703125,6332.250
1785209575.939943075,17.594738,155,15,276.968750,6594.000
1785209575.939943075,17.594738,155,15,278.609375,6609.000
1785209575.939943075,17.594738,155,15,281.875000,6559.000
1785209575.939943075,17.594738,155,15,283.484375,6509.500
1785209575.939943075,17.594738,155,9,342.578125,4781.750
1785209575.939943075,17.594738,155,7,347.468750,4823.000
1785209575.939943075,17.594738,155,11,349.109375,4935.750
1785209576.053859949,17.672929,156,11,350.734375,5026.250
1785209576.053859949,17.672929,156,14,352.359375,5054.500
1785209576.053859949,17.672929,156,15,354.000000,5068.250
1785209576.053859949,17.672929,156,13,355.609375,5088.750
1785209576.053859949,17.672929,156,11,357.265625,5112.000
1785209576.053859949,17.672929,156,10,358.906250,5132.750
1785209576.053859949,17.672929,156,12,0.515625,5193.500
1785209576.053859949,17.672929,156,15,190.734375,1316.750
1785209576.053859949,17.672929,156,15,194.046875,1234.500
1785209576.053859949,17.672929,156,15,195.765625,1216.000
1785209576.053859949,17.672929,156,15,197.406250,1210.250
1785209576.053859949,17.672929,156,15,198.968750,1209.000
1785209576.053859949,17.672929,156,15,200.593750,1218.000
1785209576.053859949,17.672929,156,15,202.281250,1231.750
1785209576.053859949,17.672929,156,15,203.843750,1242.250
1785209576.053859949,17.672929,156,15,205.468750,1248.750
1785209576.053859949,17.672929,156,15,230.562500,9984.000
1785209576.053859949,17.672929,156,15,235.484375,8946.250
1785209576.053859949,17.672929,156,15,237.125000,8748.250
1785209576.053859949,17.672929,156,15,238.750000,8562.250
1785209576.053859949,17.672929,156,15,240.390625,8348.000
1785209576.053859949,17.672929,156,15,242.015625,8155.500
1785209576.053859949,17.672929,156,15,243.640625,8019.750
1785209576.053859949,17.672929,156,15,245.296875,7855.750
1785209576.053859949,17.672929,156,15,268.187500,6314.500
1785209576.053859949,17.672929,156,15,273.078125,6208.000
1785209576.053859949,17.672929,156,15,276.312500,6666.750
1785209576.053859949,17.672929,156,15,277.968750,6588.000
1785209576.053859949,17.672929,156,15,279.578125,6529.500
1785209576.053859949,17.672929,156,15,281.218750,6505.750
1785209576.053859949,17.672929,156,9,341.890625,4785.000
1785209576.053859949,17.672929,156,13,350.078125,5040.250
1785209576.166161299,17.827467,157,15,351.703125,5055.500
1785209576.166161299,17.827467,157,11,353.343750,5083.750
1785209576.166161299,17.827467,157,13,354.968750,5114.750
1785209576.166161299,17.827467,157,9,356.609375,5143.750
1785209576.166161299,17.827467,157,8,358.265625,5167.000
1785209576.166161299,17.827467,157,8,359.890625,5185.000
1785209576.166161299,17.827467,157,15,195.187500,1223.000
1785209576.166161299,17.827467,157,15,196.796875,1213.750
1785209576.166161299,17.827467,157,15,198.406250,1221.500
1785209576.166161299,17.827467,157,15,200.046875,1225.250
1785209576.166161299,17.827467,157,15,201.718750,1229.750
1785209576.166161299,17.827467,157,15,203.265625,1233.250
1785209576.166161299,17.827467,157,15,236.500000,8811.750
1785209576.166161299,17.827467,157,15,238.140625,8658.500
1785209576.166161299,17.827467,157,15,239.765625,8469.500
1785209576.166161299,17.827467,157,15,241.406250,8255.750
1785209576.166161299,17.827467,157,15,243.031250,8086.500
1785209576.166161299,17.827467,157,15,244.656250,7948.250
1785209576.166161299,17.827467,157,10,261.046875,5925.500
1785209576.166161299,17.827467,157,15,264.312500,6416.000
1785209576.166161299,17.827467,157,15,265.937500,6314.000
1785209576.166161299,17.827467,157,15,267.578125,6295.000
1785209576.166161299,17.827467,157,15,269.218750,6307.250
1785209576.166161299,17.827467,157,15,270.828125,6217.250
1785209576.166161299,17.827467,157,15,272.484375,6222.500
1785209576.166161299,17.827467,157,15,274.093750,6327.750
1785209576.166161299,17.827467,157,15,277.312500,6626.250
1785209576.166161299,17.827467,157,15,278.953125,6622.750
1785209576.166161299,17.827467,157,15,280.593750,6572.500
1785209576.166161299,17.827467,157,15,283.859375,6571.250
1785209576.166161299,17.827467,157,12,285.468750,6633.750
1785209576.166161299,17.827467,157,10,342.875000,4793.250
1785209576.280158520,17.904040,158,10,351.062500,5039.500
1785209576.280158520,17.904040,158,14,352.703125,5056.250
1785209576.280158520,17.904040,158,12,354.359375,5068.500
1785209576.280158520,17.904040,158,9,355.984375,5109.000
1785209576.280158520,17.904040,158,10,357.609375,5129.000
1785209576.280158520,17.904040,158,8,359.250000,5132.500
1785209576.280158520,17.904040,158,15,196.093750,1225.500
1785209576.280158520,17.904040,158,15,197.687500,1222.500
1785209576.280158520,17.904040,158,15,199.328125,1221.250
1785209576.280158520,17.904040,158,15,200.937500,1228.000
1785209576.280158520,17.904040,158,15,202.546875,1235.000
1785209576.280158520,17.904040,158,15,204.171875,1246.000
1785209576.280158520,17.904040,158,8,226.015625,11630.750
1785209576.280158520,17.904040,158,15,230.906250,9946.250
1785209576.280158520,17.904040,158,15,235.828125,9057.750
1785209576.280158520,17.904040,158,15,237.453125,8795.000
1785209576.280158520,17.904040,158,15,239.093750,8559.750
1785209576.280158520,17.904040,158,15,240.734375,8346.250
1785209576.280158520,17.904040,158,15,242.375000,8166.750
1785209576.280158520,17.904040,158,15,244.000000,8029.750
1785209576.280158520,17.904040,158,15,245.640625,7868.750
1785209576.280158520,17.904040,158,15,262.046875,5977.500
1785209576.280158520,17.904040,158,15,268.578125,6314.500
1785209576.280158520,17.904040,158,15,270.203125,6262.750
1785209576.280158520,17.904040,158,15,271.843750,6237.500
1785209576.280158520,17.904040,158,15,273.468750,6270.750
1785209576.280158520,17.904040,158,15,276.656250,6665.500
1785209576.280158520,17.904040,158,15,278.296875,6647.500
1785209576.280158520,17.904040,158,10,279.937500,6639.250
1785209576.280158520,17.904040,158,15,281.546875,6627.000
1785209576.280158520,17.904040,158,4,283.203125,6555.000
1785209576.392190456,18.045714,159,10,350.390625,5039.750
1785209576.392190456,18.045714,159,15,352.031250,5048.750
1785209576.392190456,18.045714,159,13,353.671875,5055.750
1785209576.392190456,18.045714,159,12,355.328125,5089.000
1785209576.392190456,18.045714,159,13,356.953125,5132.000
1785209576.392190456,18.045714,159,12,358.593750,5149.250
1785209576.392190456,18.045714,159,15,195.265625,1242.000
1785209576.392190456,18.045714,159,15,196.953125,1226.250
1785209576.392190456,18.045714,159,15,198.593750,1220.500
1785209576.392190456,18.045714,159,15,200.203125,1216.750
1785209576.392190456,18.045714,159,15,201.828125,1216.500
1785209576.392190456,18.045714,159,15,203.421875,1226.250
1785209576.392190456,18.045714,159,15,205.109375,1241.000
1785209576.392190456,18.045714,159,15,206.734375,1256.500
1785209576.392190456,18.045714,159,9,218.718750,11944.250
1785209576.392190456,18.045714,159,15,231.828125,9813.000
1785209576.392190456,18.045714,159,15,236.734375,8864.500
1785209576.392190456,18.045714,159,15,238.390625,8668.000
1785209576.392190456,18.045714,159,15,240.031250,8443.000
1785209576.392190456,18.045714,159,15,241.656250,8201.250
1785209576.392190456,18.045714,159,15,243.296875,8057.500
1785209576.392190456,18.045714,159,15,244.937500,7933.000
1785209576.392190456,18.045714,159,12,261.343750,5952.250
1785209576.392190456,18.045714,159,15,264.593750,6434.000
1785209576.392190456,18.045714,159,15,267.859375,6356.250
1785209576.392190456,18.045714,159,15,271.140625,6249.750
1785209576.392190456,18.045714,159,15,272.781250,6253.500
1785209576.392190456,18.045714,159,15,274.359375,6361.250
1785209576.392190456,18.045714,159,15,277.609375,6639.250
1785209576.392190456,18.045714,159,15,279.250000,6586.000
1785209576.392190456,18.045714,159,15,280.890625,6533.000
1785209576.392190456,18.045714,159,8,343.218750,4774.250
1785209576.392190456,18.045714,159,7,346.437500,4799.750
1785209576.506836414,18.122313,160,10,351.343750,5048.000
1785209576.506836414,18.122313,160,12,352.984375,5067.500
1785209576.506836414,18.122313,160,11,354.625000,5075.250
1785209576.506836414,18.122313,160,12,356.250000,5092.250
1785209576.506836414,18.122313,160,12,357.890625,5120.250
1785209576.506836414,18.122313,160,11,359.531250,5152.750
1785209576.506836414,18.122313,160,8,1.156250,5194.000
1785209576.506836414,18.122313,160,13,196.062500,1231.750
1785209576.506836414,18.122313,160,15,197.687500,1225.500
1785209576.506836414,18.122313,160,15,199.312500,1223.000
1785209576.506836414,18.122313,160,15,200.906250,1224.250
1785209576.506836414,18.122313,160,15,202.578125,1232.250
1785209576.506836414,18.122313,160,10,204.187500,1243.250
1785209576.506836414,18.122313,160,15,207.375000,1266.500
1785209576.506836414,18.122313,160,7,225.968750,11720.500
1785209576.506836414,18.122313,160,13,230.953125,9992.250
1785209576.506836414,18.122313,160,15,235.875000,9005.250
1785209576.506836414,18.122313,160,15,237.500000,8815.250
1785209576.506836414,18.122313,160,15,239.140625,8599.000
1785209576.506836414,18.122313,160,15,240.781250,8378.750
1785209576.506836414,18.122313,160,15,242.406250,8184.000
1785209576.506836414,18.122313,160,15,244.046875,8022.750
1785209576.506836414,18.122313,160,15,245.703125,7864.750
1785209576.506836414,18.122313,160,15,255.687500,3516.500
1785209576.506836414,18.122313,160,15,271.843750,6136.250
1785209576.506836414,18.122313,160,15,273.453125,6265.500
1785209576.506836414,18.122313,160,15,276.656250,6601.250
1785209576.506836414,18.122313,160,13,278.312500,6634.500
1785209576.506836414,18.122313,160,15,279.921875,6652.000
1785209576.506836414,18.122313,160,7,342.250000,4804.250
1785209576.506836414,18.122313,160,7,343.890625,4811.000
1785209576.619150639,18.277026,161,10,350.390625,5016.500
1785209576.619150639,18.277026,161,14,352.015625,5048.250
1785209576.619150639,18.277026,161,15,353.640625,5057.750
1785209576.619150639,18.277026,161,15,355.281250,5086.750
1785209576.619150639,18.277026,161,12,356.906250,5114.250
1785209576.619150639,18.277026,161,12,358.546875,5133.500
1785209576.619150639,18.277026,161,9,0.171875,5146.000
1785209576.619150639,18.277026,161,9,1.812500,5189.000
1785209576.619150639,18.277026,161,15,196.718750,1230.000
1785209576.619150639,18.277026,161,15,198.359375,1218.250
1785209576.619150639,18.277026,161,15,199.984375,1214.250
1785209576.619150639,18.277026,161,15,201.578125,1219.500
1785209576.619150639,18.277026,161,15,203.281250,1233.250
1785209576.619150639,18.277026,161,15,204.796875,1253.000
1785209576.619150639,18.277026,161,15,206.453125,1258.000
1785209576.619150639,18.277026,161,15,238.109375,8710.750
1785209576.619150639,18.277026,161,15,239.734375,8582.000
1785209576.619150639,18.277026,161,15,243.000000,8133.500
1785209576.619150639,18.277026,161,15,244.640625,7954.250
1785209576.619150639,18.277026,161,15,246.281250,7842.000
1785209576.619150639,18.277026,161,15,274.046875,6367.250
1785209576.619150639,18.277026,161,10,277.250000,6564.500
1785209576.619150639,18.277026,161,15,278.890625,6564.500
1785209576.619150639,18.277026,161,12,280.531250,6539.250
1785209576.619150639,18.277026,161,9,344.515625,4788.500
1785209576.619150639,18.277026,161,8,346.187500,4792.000
1785209576.733028173,18.353969,162,11,351.031250,5001.000
1785209576.733028173,18.353969,162,12,352.671875,5055.000
1785209576.733028173,18.353969,162,15,354.312500,5065.250
1785209576.733028173,18.353969,162,14,355.968750,5100.250
1785209576.733028173,18.353969,162,11,357.593750,5125.250
1785209576.733028173,18.353969,162,10,359.218750,5133.000
1785209576.733028173,18.353969,162,9,0.843750,5171.250
1785209576.733028173,18.353969,162,15,189.812500,9617.750
1785209576.733028173,18.353969,162,15,197.375000,1229.000
1785209576.733028173,18.353969,162,15,199.015625,1225.500
1785209576.733028173,18.353969,162,15,200.656250,1225.500
1785209576.733028173,18.353969,162,15,202.234375,1231.250
1785209576.733028173,18.353969,162,15,203.875000,1238.000
1785209576.733028173,18.353969,162,15,205.562500,1245.500
1785209576.733028173,18.353969,162,15,232.250000,9798.750
1785209576.733028173,18.353969,162,15,237.171875,8911.500
1785209576.733028173,18.353969,162,15,238.781250,8684.750
1785209576.733028173,18.353969,162,15,240.421875,8491.250
1785209576.733028173,18.353969,162,15,242.062500,8296.500
1785209576.733028173,18.353969,162,15,243.687500,8115.250
1785209576.733028173,18.353969,162,15,245.328125,7968.250
1785209576.733028173,18.353969,162,15,246.968750,7809.250
1785209576.733028173,18.353969,162,15,261.640625,5943.500
1785209576.733028173,18.353969,162,15,264.875000,6445.500
1785209576.733028173,18.353969,162,15,274.656250,6381.250
1785209576.733028173,18.353969,162,15,277.906250,6593.500
1785209576.733028173,18.353969,162,8,345.078125,4809.250
1785209576.733028173,18.353969,162,7,348.296875,4898.000
1785209576.733028173,18.353969,162,11,349.937500,5017.000
1785209576.843268394,18.433004,163,13,351.578125,5067.250
1785209576.843268394,18.433004,163,13,353.187500,5082.000
1785209576.843268394,18.433004,163,13,354.828125,5101.000
1785209576.843268394,18.433004,163,13,356.468750,5111.000
1785209576.843268394,18.433004,163,9,358.093750,5118.500
1785209576.843268394,18.433004,163,11,359.718750,5145.250
1785209576.843268394,18.433004,163,8,1.343750,5212.000
1785209576.843268394,18.433004,163,9,2.984375,5329.000
1785209576.843268394,18.433004,163,15,197.781250,1228.500
1785209576.843268394,18.433004,163,15,199.437500,1223.500
1785209576.843268394,18.433004,163,15,201.078125,1224.500
1785209576.843268394,18.433004,163,15,202.656250,1225.250
1785209576.843268394,18.433004,163,15,204.296875,1234.750
1785209576.843268394,18.433004,163,15,205.906250,1249.500
1785209576.843268394,18.433004,163,8,226.109375,11696.750
1785209576.843268394,18.433004,163,15,230.968750,10116.250
1785209576.843268394,18.433004,163,15,237.500000,8820.750
1785209576.843268394,18.433004,163,15,239.140625,8653.000
1785209576.843268394,18.433004,163,15,242.406250,8196.000
1785209576.843268394,18.433004,163,15,244.031250,8073.000
1785209576.843268394,18.433004,163,15,245.671875,7945.000
1785209576.843268394,18.433004,163,15,257.109375,7048.500
1785209576.843268394,18.433004,163,15,271.796875,6138.000
1785209576.843268394,18.433004,163,15,273.421875,6273.000
1785209576.843268394,18.433004,163,15,275.031250,6407.000
1785209576.843268394,18.433004,163,14,276.656250,6529.250
1785209576.843268394,18.433004,163,15,278.296875,6578.750
1785209576.843268394,18.433004,163,11,279.921875,6563.250
1785209576.843268394,18.433004,163,9,342.140625,4794.250
1785209576.843268394,18.433004,163,10,343.781250,4795.500
1785209576.957801104,18.591768,164,11,351.968750,5022.750
1785209576.957801104,18.591768,164,11,353.578125,5055.000
1785209576.957801104,18.591768,164,15,355.234375,5080.750
1785209576.957801104,18.591768,164,15,356.875000,5105.250
1785209576.957801104,18.591768,164,11,358.500000,5104.500
1785209576.957801104,18.591768,164,13,0.140625,5120.250
1785209576.957801104,18.591768,164,10,1.765625,5161.500
1785209576.957801104,18.591768,164,8,3.406250,5201.750
1785209576.957801104,18.591768,164,8,6.671875,5293.750
1785209576.957801104,18.591768,164,15,198.375000,1228.750
1785209576.957801104,18.591768,164,15,200.046875,1229.750
1785209576.957801104,18.591768,164,15,201.671875,1230.750
1785209576.957801104,18.591768,164,15,203.250000,1237.000
1785209576.957801104,18.591768,164,10,204.906250,1246.500
1785209576.957801104,18.591768,164,10,206.468750,1248.750
1785209576.957801104,18.591768,164,10,226.640625,11776.000
1785209576.957801104,18.591768,164,13,233.171875,9686.000
1785209576.957801104,18.591768,164,15,236.437500,9047.250
1785209576.957801104,18.591768,164,15,238.078125,8803.250
1785209576.957801104,18.591768,164,15,239.718750,8586.750
1785209576.957801104,18.591768,164,15,241.328125,8372.250
1785209576.957801104,18.591768,164,15,242.968750,8171.500
1785209576.957801104,18.591768,164,15,244.609375,8057.750
1785209576.957801104,18.591768,164,15,246.234375,7910.000
1785209576.957801104,18.591768,164,15,256.312500,3573.000
1785209576.957801104,18.591768,164,15,274.093750,6305.000
1785209576.957801104,18.591768,164,15,277.296875,6616.000
1785209576.957801104,18.591768,164,15,278.937500,6574.000
1785209576.957801104,18.591768,164,15,280.546875,6545.500
1785209576.957801104,18.591768,164,7,342.796875,4788.750
1785209576.957801104,18.591768,164,8,344.437500,4790.000
1785209577.069335461,18.669981,165,10,351.000000,4994.500
1785209577.069335461,18.669981,165,12,352.625000,5035.250
1785209577.069335461,18.669981,165,15,354.265625,5055.000
1785209577.069335461,18.669981,165,14,355.906250,5093.500
1785209577.069335461,18.669981,165,11,357.546875,5122.000
1785209577.069335461,18.669981,165,12,359.171875,5133.000
1785209577.069335461,18.669981,165,10,0.812500,5167.500
1785209577.069335461,18.669981,165,9,2.437500,5238.750
1785209577.069335461,18.669981,165,15,189.953125,9567.500
1785209577.069335461,18.669981,165,15,197.546875,1249.750
1785209577.069335461,18.669981,165,15,199.140625,1228.500
1785209577.069335461,18.669981,165,15,200.781250,1221.000
1785209577.069335461,18.669981,165,15,202.375000,1219.000
1785209577.069335461,18.669981,165,15,203.984375,1223.500
1785209577.069335461,18.669981,165,15,205.562500,1237.500
1785209577.069335461,18.669981,165,15,207.265625,1251.250
1785209577.069335461,18.669981,165,15,208.828125,1267.250
1785209577.069335461,18.669981,165,14,230.656250,10239.000
1785209577.069335461,18.669981,165,14,233.937500,9584.750
1785209577.069335461,18.669981,165,15,237.203125,8922.500
1785209577.069335461,18.669981,165,15,238.828125,8715.250
1785209577.069335461,18.669981,165,15,240.468750,8559.250
1785209577.069335461,18.669981,165,15,243.734375,8114.000
1785209577.069335461,18.669981,165,15,245.359375,7974.500
1785209577.069335461,18.669981,165,15,246.984375,7813.500
1785209577.069335461,18.669981,165,15,273.234375,6320.250
1785209577.069335461,18.669981,165,15,274.828125,6380.250
1785209577.069335461,18.669981,165,15,278.062500,6614.250
1785209577.069335461,18.669981,165,15,279.703125,6552.500
1785209577.069335461,18.669981,165,12,281.328125,6595.500
1785209577.069335461,18.669981,165,9,342.031250,4814.250
1785209577.069335461,18.669981,165,8,343.687500,4792.000
1785209577.069335461,18.669981,165,8,345.312500,4804.500
1785209577.069335461,18.669981,165,10,346.953125,4808.250
1785209577.183840275,18.828271,166,13,351.859375,5041.750
1785209577.183840275,18.828271,166,12,353.500000,5056.500
1785209577.183840275,18.828271,166,15,355.140625,5063.500
1785209577.183840275,18.828271,166,14,356.765625,5080.000
1785209577.183840275,18.828271,166,11,358.406250,5093.000
1785209577.183840275,18.828271,166,12,0.046875,5118.250
1785209577.183840275,18.828271,166,9,1.687500,5163.250
1785209577.183840275,18.828271,166,15,198.515625,1235.000
1785209577.183840275,18.828271,166,15,200.187500,1222.000
1785209577.183840275,18.828271,166,15,201.859375,1216.750
1785209577.183840275,18.828271,166,15,203.375000,1226.500
1785209577.183840275,18.828271,166,15,205.000000,1241.000
1785209577.183840275,18.828271,166,12,206.671875,1252.250
1785209577.183840275,18.828271,166,15,208.234375,1261.750
1785209577.183840275,18.828271,166,8,226.843750,11767.250
1785209577.183840275,18.828271,166,15,233.406250,9739.000
1785209577.183840275,18.828271,166,15,236.671875,9047.000
1785209577.183840275,18.828271,166,15,238.312500,8814.000
1785209577.183840275,18.828271,166,15,239.953125,8600.500
1785209577.183840275,18.828271,166,15,241.593750,8407.250
1785209577.183840275,18.828271,166,15,243.218750,8213.250
1785209577.183840275,18.828271,166,15,244.859375,8068.000
1785209577.183840275,18.828271,166,15,246.484375,7932.750
1785209577.183840275,18.828271,166,15,256.531250,3552.500
1785209577.183840275,18.828271,166,15,272.703125,6163.500
1785209577.183840275,18.828271,166,15,274.265625,6304.500
1785209577.183840275,18.828271,166,15,277.515625,6638.750
1785209577.183840275,18.828271,166,14,279.140625,6584.000
1785209577.183840275,18.828271,166,15,280.765625,6595.250
1785209577.183840275,18.828271,166,7,343.171875,4837.250
1785209577.183840275,18.828271,166,8,344.828125,4794.500
1785209577.183840275,18.828271,166,9,346.421875,4809.000
1785209577.183840275,18.828271,166,7,348.062500,4812.500
1785209577.183840275,18.828271,166,10,349.703125,4874.000
1785209577.296253681,18.907853,167,10,351.328125,4978.250
1785209577.296253681,18.907853,167,11,352.953125,5043.000
1785209577.296253681,18.907853,167,15,354.593750,5053.000
1785209577.296253681,18.907853,167,14,356.234375,5070.000
1785209577.296253681,18.907853,167,13,357.875000,5095.750
1785209577.296253681,18.907853,167,9,359.515625,5104.000
1785209577.296253681,18.907853,167,12,1.140625,5163.750
1785209577.296253681,18.907853,167,9,2.781250,5231.750
1785209577.296253681,18.907853,167,15,190.468750,9498.000
1785209577.296253681,18.907853,167,15,198.000000,1245.750
1785209577.296253681,18.907853,167,15,199.687500,1221.750
1785209577.296253681,18.907853,167,15,201.328125,1215.750
1785209577.296253681,18.907853,167,15,202.890625,1230.250
1785209577.296253681,18.907853,167,15,204.546875,1241.500
1785209577.296253681,18.907853,167,11,206.109375,1251.000
1785209577.296253681,18.907853,167,15,207.796875,1257.000
1785209577.296253681,18.907853,167,15,209.359375,1265.000
1785209577.296253681,18.907853,167,13,232.921875,9848.250
1785209577.296253681,18.907853,167,15,237.828125,8886.750
1785209577.296253681,18.907853,167,15,239.468750,8709.750
1785209577.296253681,18.907853,167,15,241.109375,8559.250
1785209577.296253681,18.907853,167,15,244.390625,8103.000
1785209577.296253681,18.907853,167,15,246.015625,7954.250
1785209577.296253681,18.907853,167,15,247.656250,7807.250
1785209577.296253681,18.907853,167,11,262.375000,5980.000
1785209577.296253681,18.907853,167,15,265.625000,6473.000
1785209577.296253681,18.907853,167,15,272.171875,6332.250
1785209577.296253681,18.907853,167,15,273.796875,6324.500
1785209577.296253681,18.907853,167,15,275.375000,6447.750
1785209577.296253681,18.907853,167,15,277.000000,6588.250
1785209577.296253681,18.907853,167,15,278.625000,6645.750
1785209577.296253681,18.907853,167,15,280.265625,6659.750
1785209577.296253681,18.907853,167,10,281.906250,6617.250
1785209577.296253681,18.907853,167,8,342.640625,4821.250
1785209577.296253681,18.907853,167,9,344.265625,4770.500
1785209577.296253681,18.907853,167,9,345.906250,4767.500
1785209577.296253681,18.907853,167,9,347.500000,4783.500
1785209577.296253681,18.907853,167,8,349.125000,4811.250
1785209577.406925917,19.063891,168,12,354.015625,5038.000
1785209577.406925917,19.063891,168,15,355.671875,5060.250
1785209577.406925917,19.063891,168,15,357.312500,5081.750
1785209577.406925917,19.063891,168,10,358.937500,5103.750
1785209577.406925917,19.063891,168,13,0.578125,5115.500
1785209577.406925917,19.063891,168,10,2.203125,5162.500
1785209577.406925917,19.063891,168,7,3.843750,5196.750
1785209577.406925917,19.063891,168,11,7.109375,5279.250
1785209577.406925917,19.063891,168,15,184.968750,6729.750
1785209577.406925917,19.063891,168,15,198.968750,1238.750
1785209577.406925917,19.063891,168,15,200.656250,1235.250
1785209577.406925917,19.063891,168,15,202.281250,1236.500
1785209577.406925917,19.063891,168,15,203.953125,1237.500
1785209577.406925917,19.063891,168,10,205.531250,1245.500
1785209577.406925917,19.063891,168,15,207.218750,1247.500
1785209577.406925917,19.063891,168,15,232.312500,10031.250
1785209577.406925917,19.063891,168,15,233.953125,9736.500
1785209577.406925917,19.063891,168,15,238.875000,8760.500
1785209577.406925917,19.063891,168,15,240.515625,8602.250
1785209577.406925917,19.063891,168,15,242.156250,8429.500
1785209577.406925917,19.063891,168,15,243.781250,8230.000
1785209577.406925917,19.063891,168,15,245.421875,8026.750
1785209577.406925917,19.063891,168,15,247.062500,7860.000
1785209577.406925917,19.063891,168,15,273.171875,6289.500
1785209577.406925917,19.063891,168,15,274.765625,6289.250
1785209577.406925917,19.063891,168,15,278.015625,6676.750
1785209577.406925917,19.063891,168,15,279.656250,6721.500
1785209577.406925917,19.063891,168,15,281.265625,6781.000
1785209577.406925917,19.063891,168,9,343.656250,4763.250
1785209577.406925917,19.063891,168,10,345.296875,4789.750
1785209577.406925917,19.063891,168,11,346.890625,4794.000
1785209577.406925917,19.063891,168,8,348.531250,4801.500
1785209577.521322966,19.142671,169,12,351.781250,5010.500
1785209577.521322966,19.142671,169,13,353.406250,5052.250
1785209577.521322966,19.142671,169,15,355.046875,5062.750
1785209577.521322966,19.142671,169,15,356.687500,5077.500
1785209577.521322966,19.142671,169,12,358.296875,5098.000
1785209577.521322966,19.142671,169,9,359.953125,5118.000
1785209577.521322966,19.142671,169,8,1.578125,5164.500
1785209577.521322966,19.142671,169,7,3.203125,5226.000
1785209577.521322966,19.142671,169,14,184.250000,6724.250
1785209577.521322966,19.142671,169,15,190.734375,9562.500
1785209577.521322966,19.142671,169,15,192.359375,9606.250
1785209577.521322966,19.142671,169,15,199.953125,1236.750
1785209577.521322966,19.142671,169,15,201.531250,1236.750
1785209577.521322966,19.142671,169,15,203.187500,1236.750
1785209577.521322966,19.142671,169,15,204.843750,1240.750
1785209577.521322966,19.142671,169,15,206.484375,1251.500
1785209577.521322966,19.142671,169,8,208.046875,1263.250
1785209577.521322966,19.142671,169,15,233.187500,9819.500
1785209577.521322966,19.142671,169,15,234.828125,9548.000
1785209577.521322966,19.142671,169,15,238.093750,8897.000
1785209577.521322966,19.142671,169,15,239.734375,8645.500
1785209577.521322966,19.142671,169,15,241.375000,8485.750
1785209577.521322966,19.142671,169,15,244.656250,8110.750
1785209577.521322966,19.142671,169,15,246.296875,7979.000
1785209577.521322966,19.142671,169,15,247.921875,7851.250
1785209577.521322966,19.142671,169,15,256.109375,7248.000
1785209577.521322966,19.142671,169,15,262.656250,6027.250
1785209577.521322966,19.142671,169,15,265.921875,6508.500
1785209577.521322966,19.142671,169,15,274.093750,6340.750
1785209577.521322966,19.142671,169,15,275.656250,6482.500
1785209577.521322966,19.142671,169,15,277.281250,6584.500
1785209577.521322966,19.142671,169,11,278.921875,6647.000
1785209577.521322966,19.142671,169,15,280.546875,6659.750
1785209577.521322966,19.142671,169,8,344.484375,4791.250
1785209577.521322966,19.142671,169,8,346.125000,4797.250
1785209577.521322966,19.142671,169,8,347.734375,4803.000
1785209577.633294821,19.220182,170,12,352.640625,5030.000
1785209577.633294821,19.220182,170,13,354.281250,5051.500
1785209577.633294821,19.220182,170,15,355.906250,5064.250
1785209577.633294821,19.220182,170,15,357.546875,5091.750
1785209577.633294821,19.220182,170,11,359.171875,5126.000
1785209577.633294821,19.220182,170,10,0.796875,5158.000
1785209577.633294821,19.220182,170,9,2.437500,5187.750
1785209577.633294821,19.220182,170,15,200.703125,1235.000
1785209577.633294821,19.220182,170,15,202.343750,1240.250
1785209577.633294821,19.220182,170,15,203.968750,1241.750
1785209577.633294821,19.220182,170,15,205.562500,1243.500
1785209577.633294821,19.220182,170,10,207.203125,1251.750
1785209577.633294821,19.220182,170,14,208.859375,1257.500
1785209577.633294821,19.220182,170,15,210.437500,1269.000
1785209577.633294821,19.220182,170,7,227.375000,11749.750
1785209577.633294821,19.220182,170,12,233.906250,9779.500
1785209577.633294821,19.220182,170,15,237.187500,9087.750
1785209577.633294821,19.220182,170,15,238.812500,8867.500
1785209577.633294821,19.220182,170,15,240.453125,8648.750
1785209577.633294821,19.220182,170,15,242.093750,8438.250
1785209577.633294821,19.220182,170,15,243.734375,8231.250
1785209577.633294821,19.220182,170,15,245.375000,8082.750
1785209577.633294821,19.220182,170,15,247.000000,7933.000
1785209577.633294821,19.220182,170,15,257.015625,3544.500
1785209577.633294821,19.220182,170,15,274.765625,6298.500
1785209577.633294821,19.220182,170,15,278.031250,6677.250
1785209577.633294821,19.220182,170,14,279.656250,6714.250
1785209577.633294821,19.220182,170,15,281.296875,6686.000
1785209577.633294821,19.220182,170,7,341.921875,4816.000
1785209577.633294821,19.220182,170,10,346.859375,4774.000
1785209577.747605085,19.361892,171,11,351.765625,5037.250
1785209577.747605085,19.361892,171,10,353.375000,5049.750
1785209577.747605085,19.361892,171,15,355.031250,5042.000
1785209577.747605085,19.361892,171,14,356.656250,5055.500
1785209577.747605085,19.361892,171,11,358.296875,5097.000
1785209577.747605085,19.361892,171,13,359.937500,5118.500
1785209577.747605085,19.361892,171,7,1.562500,5163.000
1785209577.747605085,19.361892,171,7,3.203125,5221.500
1785209577.747605085,19.361892,171,8,4.812500,5320.000
1785209577.747605085,19.361892,171,15,190.640625,9547.250
1785209577.747605085,19.361892,171,15,192.265625,9553.000
1785209577.747605085,19.361892,171,15,201.421875,1241.000
1785209577.747605085,19.361892,171,15,203.109375,1237.000
1785209577.747605085,19.361892,171,15,204.687500,1236.000
1785209577.747605085,19.361892,171,15,206.312500,1240.500
1785209577.747605085,19.361892,171,15,207.937500,1251.250
1785209577.747605085,19.361892,171,15,231.312500,10262.750
1785209577.747605085,19.361892,171,15,237.843750,9013.250
1785209577.747605085,19.361892,171,15,241.109375,8565.500
1785209577.747605085,19.361892,171,15,242.734375,8370.000
1785209577.747605085,19.361892,171,15,244.375000,8177.500
1785209577.747605085,19.361892,171,15,246.000000,8026.000
1785209577.747605085,19.361892,171,15,247.640625,7852.000
1785209577.747605085,19.361892,171,15,252.593750,7658.500
1785209577.747605085,19.361892,171,15,273.875000,6438.750
1785209577.747605085,19.361892,171,15,275.453125,6392.500
1785209577.747605085,19.361892,171,12,278.703125,6694.500
1785209577.747605085,19.361892,171,15,280.343750,6657.250
1785209577.747605085,19.361892,171,8,344.250000,4791.750
1785209577.747605085,19.361892,171,9,345.875000,4793.000
1785209577.747605085,19.361892,171,8,347.531250,4789.250
1785209577.858816624,19.518391,172,13,352.437500,5032.750
1785209577.858816624,19.518391,172,15,354.062500,5068.750
1785209577.858816624,19.518391,172,13,355.718750,5076.500
1785209577.858816624,19.518391,172,15,357.328125,5091.750
1785209577.858816624,19.518391,172,11,358.984375,5098.500
1785209577.858816624,19.518391,172,12,0.609375,5142.250
1785209577.858816624,19.518391,172,9,2.250000,5192.500
1785209577.858816624,19.518391,172,15,191.187500,9546.250
1785209577.858816624,19.518391,172,15,192.828125,9492.500
1785209577.858816624,19.518391,172,15,202.015625,1242.000
1785209577.858816624,19.518391,172,15,203.578125,1241.500
1785209577.858816624,19.518391,172,15,205.234375,1244.750
1785209577.858816624,19.518391,172,15,233.531250,9844.000
1785209577.858816624,19.518391,172,15,238.437500,8936.500
1785209577.858816624,19.518391,172,15,240.062500,8729.250
1785209577.858816624,19.518391,172,15,241.703125,8563.750
1785209577.858816624,19.518391,172,15,244.968750,8104.750
1785209577.858816624,19.518391,172,15,246.609375,8007.750
1785209577.858816624,19.518391,172,15,248.234375,7861.250
1785209577.858816624,19.518391,172,15,254.828125,7334.500
1785209577.858816624,19.518391,172,15,256.453125,7224.250
1785209577.858816624,19.518391,172,14,263.000000,6036.250
1785209577.858816624,19.518391,172,15,266.265625,6507.000
1785209577.858816624,19.518391,172,15,274.375000,6330.000
1785209577.858816624,19.518391,172,15,275.984375,6498.500
1785209577.858816624,19.518391,172,15,277.609375,6644.000
1785209577.858816624,19.518391,172,10,279.250000,6712.750
1785209577.858816624,19.518391,172,15,280.875000,6711.250
1785209577.858816624,19.518391,172,7,343.203125,4824.500
1785209577.858816624,19.518391,172,11,344.843750,4769.500
1785209577.858816624,19.518391,172,10,346.468750,4764.000
1785209577.858816624,19.518391,172,7,348.125000,4789.750
1785209577.973806381,19.596511,173,10,351.375000,4875.500
1785209577.973806381,19.596511,173,10,353.015625,4978.000
1785209577.973806381,19.596511,173,13,354.640625,5037.750
1785209577.973806381,19.596511,173,14,356.281250,5054.750
1785209577.973806381,19.596511,173,15,357.906250,5070.750
1785209577.973806381,19.596511,173,11,359.562500,5099.000
1785209577.973806381,19.596511,173,12,1.203125,5124.500
1785209577.973806381,19.596511,173,9,2.828125,5164.250
1785209577.973806381,19.596511,173,15,191.875000,9537.750
1785209577.973806381,19.596511,173,15,193.484375,9563.500
1785209577.973806381,19.596511,173,15,201.078125,1238.250
1785209577.973806381,19.596511,173,15,202.703125,1226.000
1785209577.973806381,19.596511,173,13,204.265625,1237.750
1785209577.973806381,19.596511,173,15,205.875000,1250.000
1785209577.973806381,19.596511,173,15,207.531250,1254.250
1785209577.973806381,19.596511,173,15,210.781250,1269.000
1785209577.973806381,19.596511,173,7,227.718750,11648.250
1785209577.973806381,19.596511,173,14,234.281250,9763.000
1785209577.973806381,19.596511,173,15,237.546875,9063.000
1785209577.973806381,19.596511,173,15,239.187500,8832.750
1785209577.973806381,19.596511,173,15,240.828125,8656.000
1785209577.973806381,19.596511,173,15,242.468750,8460.750
1785209577.973806381,19.596511,173,15,244.093750,8257.500
1785209577.973806381,19.596511,173,15,245.734375,8102.750
1785209577.973806381,19.596511,173,15,247.375000,7971.750
1785209577.973806381,19.596511,173,9,262.125000,5988.500
1785209577.973806381,19.596511,173,15,275.109375,6372.000
1785209577.973806381,19.596511,173,15,278.359375,6664.500
1785209577.973806381,19.596511,173,15,279.984375,6571.500
1785209577.973806381,19.596511,173,9,345.625000,4790.750
1785209577.973806381,19.596511,173,11,347.234375,4783.250
1785209577.973806381,19.596511,173,8,348.859375,4803.000
1785209578.085058212,19.672947,174,9,350.500000,4883.250
1785209578.085058212,19.672947,174,9,352.140625,4993.500
1785209578.085058212,19.672947,174,12,353.750000,5066.750
1785209578.085058212,19.672947,174,15,355.406250,5056.750
1785209578.085058212,19.672947,174,15,357.046875,5057.500
1785209578.085058212,19.672947,174,12,358.671875,5110.500
1785209578.085058212,19.672947,174,13,0.328125,5134.250
1785209578.085058212,19.672947,174,9,1.937500,5162.000
1785209578.085058212,19.672947,174,15,191.015625,9551.750
1785209578.085058212,19.672947,174,15,192.640625,9484.250
1785209578.085058212,19.672947,174,15,201.796875,1241.000
1785209578.085058212,19.672947,174,15,203.437500,1241.250
1785209578.085058212,19.672947,174,15,205.062500,1244.500
1785209578.085058212,19.672947,174,15,206.656250,1252.500
1785209578.085058212,19.672947,174,15,208.328125,1259.000
1785209578.085058212,19.672947,174,11,211.578125,1280.000
1785209578.085058212,19.672947,174,12,233.453125,9944.500
1785209578.085058212,19.672947,174,15,240.015625,8772.500
1785209578.085058212,19.672947,174,15,241.656250,8578.000
1785209578.085058212,19.672947,174,15,243.281250,8379.250
1785209578.085058212,19.672947,174,15,244.937500,8170.500
1785209578.085058212,19.672947,174,15,246.562500,8048.500
1785209578.085058212,19.672947,174,15,254.750000,7325.250
1785209578.085058212,19.672947,174,15,274.296875,6362.500
1785209578.085058212,19.672947,174,15,275.937500,6409.000
1785209578.085058212,19.672947,174,15,279.203125,6636.750
1785209578.085058212,19.672947,174,7,343.187500,4820.250
1785209578.085058212,19.672947,174,8,346.421875,4778.250
1785209578.085058212,19.672947,174,7,348.062500,4793.250
1785209578.199720860,19.828377,175,15,352.953125,5041.750
1785209578.199720860,19.828377,175,15,354.578125,5049.500
1785209578.199720860,19.828377,175,14,356.218750,5053.750
1785209578.199720860,19.828377,175,13,357.843750,5072.000
1785209578.199720860,19.828377,175,13,359.500000,5095.000
1785209578.199720860,19.828377,175,11,1.125000,5128.000
1785209578.199720860,19.828377,175,9,2.750000,5203.750
1785209578.199720860,19.828377,175,9,6.000000,5329.750
1785209578.199720860,19.828377,175,14,191.968750,9489.750
1785209578.199720860,19.828377,175,15,193.593750,9532.250
1785209578.199720860,19.828377,175,15,201.140625,1266.250
1785209578.199720860,19.828377,175,15,202.796875,1242.750
1785209578.199720860,19.828377,175,15,204.421875,1238.000
1785209578.199720860,19.828377,175,15,206.078125,1238.250
1785209578.199720860,19.828377,175,15,207.687500,1243.250
1785209578.199720860,19.828377,175,15,209.328125,1254.750
1785209578.199720860,19.828377,175,15,234.406250,9802.750
1785209578.199720860,19.828377,175,15,239.312500,8852.750
1785209578.199720860,19.828377,175,15,240.953125,8681.750
1785209578.199720860,19.828377,175,15,242.593750,8500.500
1785209578.199720860,19.828377,175,15,244.234375,8285.750
1785209578.199720860,19.828377,175,15,245.875000,8098.750
1785209578.199720860,19.828377,175,15,247.484375,7973.750
1785209578.199720860,19.828377,175,12,254.031250,7533.500
1785209578.199720860,19.828377,175,15,263.859375,5969.500
1785209578.199720860,19.828377,175,15,267.109375,6509.750
1785209578.199720860,19.828377,175,15,275.265625,6377.250
1785209578.199720860,19.828377,175,15,278.500000,6539.500
1785209578.199720860,19.828377,175,10,344.140625,4774.500
1785209578.199720860,19.828377,175,8,345.781250,4802.250
1785209578.199720860,19.828377,175,9,347.375000,4800.000
1785209578.310779095,19.905430,176,8,350.640625,4873.500
1785209578.310779095,19.905430,176,10,352.250000,4999.000
1785209578.310779095,19.905430,176,13,353.906250,5059.000
1785209578.310779095,19.905430,176,15,355.531250,5061.000
1785209578.310779095,19.905430,176,15,357.156250,5082.000
1785209578.310779095,19.905430,176,10,358.796875,5122.750
1785209578.310779095,19.905430,176,10,0.453125,5157.000
1785209578.310779095,19.905430,176,9,2.062500,5186.000
1785209578.310779095,19.905430,176,15,191.265625,9578.000
1785209578.310779095,19.905430,176,15,192.890625,9512.250
1785209578.310779095,19.905430,176,15,202.109375,1241.000
1785209578.310779095,19.905430,176,15,203.765625,1230.500
1785209578.310779095,19.905430,176,15,205.296875,1243.750
1785209578.310779095,19.905430,176,15,207.015625,1253.250
1785209578.310779095,19.905430,176,15,208.609375,1264.000
1785209578.310779095,19.905430,176,15,210.250000,1267.500
1785209578.310779095,19.905430,176,15,211.890625,1275.500
1785209578.310779095,19.905430,176,12,235.296875,9693.000
1785209578.310779095,19.905430,176,15,238.578125,9052.250
1785209578.310779095,19.905430,176,15,240.203125,8818.750
1785209578.310779095,19.905430,176,15,241.859375,8605.250
1785209578.310779095,19.905430,176,15,243.484375,8422.250
1785209578.310779095,19.905430,176,15,245.109375,8211.750
1785209578.310779095,19.905430,176,15,246.765625,8061.750
1785209578.310779095,19.905430,176,15,248.375000,7935.000
1785209578.310779095,19.905430,176,13,251.656250,7734.500
1785209578.310779095,19.905430,176,15,254.921875,7318.000
1785209578.310779095,19.905430,176,15,274.500000,6381.750
1785209578.310779095,19.905430,176,15,276.125000,6452.000
1785209578.310779095,19.905430,176,13,279.390625,6755.250
1785209578.310779095,19.905430,176,8,341.718750,4826.250
1785209578.310779095,19.905430,176,8,343.359375,4797.250
1785209578.421801329,20.059627,177,12,351.515625,5002.500
1785209578.421801329,20.059627,177,14,353.125000,5046.750
1785209578.421801329,20.059627,177,15,354.781250,5058.500
1785209578.421801329,20.059627,177,13,356.406250,5075.750
1785209578.421801329,20.059627,177,11,358.046875,5105.750
1785209578.421801329,20.059627,177,12,359.687500,5138.250
1785209578.421801329,20.059627,177,11,1.312500,5164.750
1785209578.421801329,20.059627,177,8,2.953125,5215.000
1785209578.421801329,20.059627,177,7,4.578125,5313.250
1785209578.421801329,20.059627,177,15,179.218750,6107.500
1785209578.421801329,20.059627,177,15,192.203125,9577.750
1785209578.421801329,20.059627,177,15,193.859375,9506.500
1785209578.421801329,20.059627,177,15,203.000000,1245.250
1785209578.421801329,20.059627,177,15,204.671875,1244.250
1785209578.421801329,20.059627,177,15,206.281250,1247.000
1785209578.421801329,20.059627,177,15,212.796875,1272.250
1785209578.421801329,20.059627,177,10,228.046875,11819.250
1785209578.421801329,20.059627,177,15,239.500000,8876.500
1785209578.421801329,20.059627,177,15,241.125000,8698.500
1785209578.421801329,20.059627,177,15,242.750000,8494.250
1785209578.421801329,20.059627,177,15,244.390625,8277.000
1785209578.421801329,20.059627,177,15,246.031250,8113.000
1785209578.421801329,20.059627,177,15,247.671875,7989.750
1785209578.421801329,20.059627,177,15,249.296875,7847.500
1785209578.421801329,20.059627,177,15,254.218750,7444.000
1785209578.421801329,20.059627,177,15,267.281250,6512.500
1785209578.421801329,20.059627,177,15,273.812500,6412.500
1785209578.421801329,20.059627,177,15,275.437500,6416.500
1785209578.421801329,20.059627,177,15,278.687500,6557.000
1785209578.421801329,20.059627,177,8,345.875000,4815.000
1785209578.537797451,20.138032,178,12,352.421875,5053.750
1785209578.537797451,20.138032,178,13,354.046875,5066.500
1785209578.537797451,20.138032,178,15,355.687500,5065.000
1785209578.537797451,20.138032,178,15,357.328125,5081.000
1785209578.537797451,20.138032,178,12,358.953125,5103.250
1785209578.537797451,20.138032,178,9,0.593750,5146.000
1785209578.537797451,20.138032,178,8,2.234375,5191.500
1785209578.537797451,20.138032,178,15,176.671875,6032.000
1785209578.537797451,20.138032,178,15,202.125000,1261.000
1785209578.537797451,20.138032,178,15,203.781250,1237.750
1785209578.537797451,20.138032,178,15,205.406250,1231.500
1785209578.537797451,20.138032,178,15,207.000000,1235.500
1785209578.537797451,20.138032,178,15,208.625000,1244.250
1785209578.537797451,20.138032,178,15,210.250000,1258.500
1785209578.537797451,20.138032,178,15,211.937500,1276.250
1785209578.537797451,20.138032,178,15,213.500000,1301.500
1785209578.537797451,20.138032,178,8,228.781250,11660.250
1785209578.537797451,20.138032,178,14,235.328125,9762.750
1785209578.537797451,20.138032,178,15,240.234375,8781.000
1785209578.537797451,20.138032,178,15,241.875000,8615.500
1785209578.537797451,20.138032,178,15,243.500000,8422.000
1785209578.537797451,20.138032,178,15,245.140625,8240.250
1785209578.537797451,20.138032,178,15,246.781250,8100.250
1785209578.537797451,20.138032,178,15,248.406250,7973.250
1785209578.537797451,20.138032,178,15,253.343750,7560.500
1785209578.537797451,20.138032,178,15,254.968750,7451.250
1785209578.537797451,20.138032,178,15,258.437500,3635.000
1785209578.537797451,20.138032,178,12,263.171875,6005.750
1785209578.537797451,20.138032,178,15,276.171875,6421.500
1785209578.537797451,20.138032,178,9,279.406250,6724.750
1785209578.537797451,20.138032,178,8,341.625000,4808.750
1785209578.537797451,20.138032,178,8,343.265625,4772.000
1785209578.537797451,20.138032,178,8,344.906250,4774.750
1785209578.537797451,20.138032,178,8,346.546875,4781.000
1785209578.647928715,20.294054,179,12,353.093750,5049.500
1785209578.647928715,20.294054,179,15,354.718750,5063.500
1785209578.647928715,20.294054,179,13,356.375000,5080.000
1785209578.647928715,20.294054,179,11,358.000000,5113.750
1785209578.647928715,20.294054,179,13,359.609375,5126.250
1785209578.647928715,20.294054,179,8,1.250000,5155.500
1785209578.647928715,20.294054,179,8,2.890625,5224.750
1785209578.647928715,20.294054,179,12,193.484375,9661.000
1785209578.647928715,20.294054,179,15,204.312500,1247.000
1785209578.647928715,20.294054,179,15,205.968750,1247.250
1785209578.647928715,20.294054,179,15,207.531250,1255.000
1785209578.647928715,20.294054,179,15,209.171875,1259.750
1785209578.647928715,20.294054,179,15,210.843750,1270.000
1785209578.647928715,20.294054,179,12,234.250000,9941.250
1785209578.647928715,20.294054,179,13,235.890625,9677.250
1785209578.647928715,20.294054,179,15,240.796875,8759.750
1785209578.647928715,20.294054,179,15,242.421875,8598.500
1785209578.647928715,20.294054,179,15,244.062500,8387.500
1785209578.647928715,20.294054,179,15,245.718750,8162.500
1785209578.647928715,20.294054,179,15,247.343750,8038.250
1785209578.647928715,20.294054,179,15,248.968750,7935.000
1785209578.647928715,20.294054,179,15,253.921875,7497.250
1785209578.647928715,20.294054,179,15,255.546875,7337.250
1785209578.647928715,20.294054,179,15,275.093750,6377.000
1785209578.647928715,20.294054,179,11,343.843750,4776.750
1785209578.647928715,20.294054,179,9,347.125000,4789.500
1785209578.647928715,20.294054,179,8,348.750000,4810.750
1785209578.763623953,20.358347,180,12,352.031250,5019.750
1785209578.763623953,20.358347,180,13,353.640625,5054.000
1785209578.763623953,20.358347,180,15,355.265625,5080.250
1785209578.763623953,20.358347,180,13,356.921875,5105.000
1785209578.763623953,20.358347,180,11,358.546875,5108.750
1785209578.763623953,20.358347,180,9,0.171875,5123.750
1785209578.763623953,20.358347,180,9,1.828125,5190.500
1785209578.763623953,20.358347,180,9,177.781250,5912.500
1785209578.763623953,20.358347,180,15,192.343750,9601.750
1785209578.763623953,20.358347,180,15,193.968750,9614.000
1785209578.763623953,20.358347,180,15,204.765625,1246.500
1785209578.763623953,20.358347,180,15,206.406250,1250.250
1785209578.763623953,20.358347,180,15,207.984375,1262.000
1785209578.763623953,20.358347,180,15,209.656250,1273.250
1785209578.763623953,20.358347,180,13,233.125000,10183.750
1785209578.763623953,20.358347,180,14,234.765625,9922.250
1785209578.763623953,20.358347,180,15,239.687500,8931.750
1785209578.763623953,20.358347,180,15,241.312500,8731.250
1785209578.763623953,20.358347,180,15,242.937500,8555.000
1785209578.763623953,20.358347,180,15,244.593750,8339.750
1785209578.763623953,20.358347,180,15,246.234375,8158.500
1785209578.763623953,20.358347,180,15,247.859375,8037.500
1785209578.763623953,20.358347,180,15,249.500000,7892.000
1785209578.763623953,20.358347,180,15,251.109375,7731.750
1785209578.763623953,20.358347,180,15,252.750000,7591.000
1785209578.763623953,20.358347,180,15,254.390625,7461.750
1785209578.763623953,20.358347,180,15,256.015625,7330.750
1785209578.763623953,20.358347,180,15,257.656250,7219.750
1785209578.763623953,20.358347,180,15,267.468750,6488.750
1785209578.763623953,20.358347,180,15,274.015625,6412.750
1785209578.763623953,20.358347,180,15,275.593750,6401.000
1785209578.874157429,20.512684,181,11,350.859375,5052.000
1785209578.874157429,20.512684,181,15,352.484375,5060.500
1785209578.874157429,20.512684,181,11,354.125000,5072.250
1785209578.874157429,20.512684,181,13,355.750000,5118.000
1785209578.874157429,20.512684,181,8,357.390625,5156.000
1785209578.874157429,20.512684,181,10,359.031250,5172.500
1785209578.874157429,20.512684,181,15,192.812500,9549.000
1785209578.874157429,20.512684,181,15,194.437500,9591.750
1785209578.874157429,20.512684,181,15,205.171875,1252.250
1785209578.874157429,20.512684,181,15,206.828125,1250.500
1785209578.874157429,20.512684,181,13,208.437500,1254.750
1785209578.874157429,20.512684,181,8,211.718750,1270.500
1785209578.874157429,20.512684,181,15,213.343750,1290.000
1785209578.874157429,20.512684,181,12,235.203125,9792.000
1785209578.874157429,20.512684,181,15,240.125000,8892.000
1785209578.874157429,20.512684,181,15,241.765625,8698.250
1785209578.874157429,20.512684,181,15,243.390625,8529.750
1785209578.874157429,20.512684,181,15,245.031250,8326.750
1785209578.874157429,20.512684,181,15,246.671875,8123.750
1785209578.874157429,20.512684,181,15,248.296875,7989.500
1785209578.874157429,20.512684,181,15,249.937500,7876.000
1785209578.874157429,20.512684,181,15,251.562500,7717.750
1785209578.874157429,20.512684,181,15,253.203125,7531.250
1785209578.874157429,20.512684,181,15,254.843750,7421.250
1785209578.874157429,20.512684,181,9,256.468750,7421.250
1785209578.874157429,20.512684,181,15,267.906250,6539.000
1785209578.874157429,20.512684,181,15,274.390625,6451.750
1785209578.874157429,20.512684,181,15,276.015625,6431.750
1785209578.874157429,20.512684,181,7,346.515625,4800.000
1785209578.988518238,20.591264,182,13,353.046875,5049.250
1785209578.988518238,20.591264,182,15,354.671875,5066.750
1785209578.988518238,20.591264,182,14,356.312500,5084.500
1785209578.988518238,20.591264,182,11,357.953125,5116.500
1785209578.988518238,20.591264,182,12,359.593750,5130.750
1785209578.988518238,20.591264,182,7,1.218750,5160.500
1785209578.988518238,20.591264,182,15,195.140625,9583.250
1785209578.988518238,20.591264,182,15,204.359375,1247.750
1785209578.988518238,20.591264,182,15,206.000000,1239.750
1785209578.988518238,20.591264,182,15,207.593750,1240.500
1785209578.988518238,20.591264,182,12,209.203125,1249.750
1785209578.988518238,20.591264,182,15,210.890625,1264.250
1785209578.988518238,20.591264,182,15,212.421875,1275.500
1785209578.988518238,20.591264,182,9,229.406250,11715.500
1785209578.988518238,20.591264,182,14,234.328125,10028.000
1785209578.988518238,20.591264,182,14,235.953125,9765.250
1785209578.988518238,20.591264,182,15,239.218750,9055.250
1785209578.988518238,20.591264,182,15,240.859375,8829.000
1785209578.988518238,20.591264,182,15,242.500000,8647.000
1785209578.988518238,20.591264,182,15,245.781250,8229.000
1785209578.988518238,20.591264,182,15,247.406250,8103.250
1785209578.988518238,20.591264,182,15,249.046875,7954.750
1785209578.988518238,20.591264,182,15,252.296875,7768.250
1785209578.988518238,20.591264,182,15,253.906250,7563.000
1785209578.988518238,20.591264,182,8,255.546875,7491.250
1785209578.988518238,20.591264,182,15,259.031250,3639.750
1785209578.988518238,20.591264,182,15,276.781250,6512.750
1785209578.988518238,20.591264,182,15,278.406250,6527.750
1785209578.988518238,20.591264,182,11,344.078125,4843.000
1785209578.988518238,20.591264,182,8,345.734375,4800.000
1785209578.988518238,20.591264,182,10,347.328125,4800.500
1785209579.100385189,20.732290,183,9,352.218750,5022.500
1785209579.100385189,20.732290,183,12,353.843750,5064.750
1785209579.100385189,20.732290,183,15,355.500000,5073.750
1785209579.100385189,20.732290,183,12,357.125000,5079.500
1785209579.100385189,20.732290,183,11,358.765625,5113.500
1785209579.100385189,20.732290,183,10,0.406250,5157.250
1785209579.100385189,20.732290,183,8,2.031250,5186.750
1785209579.100385189,20.732290,183,15,192.812500,9547.500
1785209579.100385189,20.732290,183,15,194.453125,9579.500
1785209579.100385189,20.732290,183,15,196.078125,9577.250
1785209579.100385189,20.732290,183,15,205.234375,1252.750
1785209579.100385189,20.732290,183,15,206.859375,1254.250
1785209579.100385189,20.732290,183,15,208.500000,1255.250
1785209579.100385189,20.732290,183,9,211.734375,1274.750
1785209579.100385189,20.732290,183,15,213.375000,1291.500
1785209579.100385189,20.732290,183,15,215.046875,1309.000
1785209579.100385189,20.732290,183,15,240.171875,8963.750
1785209579.100385189,20.732290,183,15,241.812500,8772.000
1785209579.100385189,20.732290,183,15,243.453125,8589.500
1785209579.100385189,20.732290,183,15,245.093750,8376.500
1785209579.100385189,20.732290,183,15,246.734375,8159.000
1785209579.100385189,20.732290,183,15,248.359375,8030.750
1785209579.100385189,20.732290,183,15,250.000000,7909.750
1785209579.100385189,20.732290,183,15,254.906250,7473.500
1785209579.100385189,20.732290,183,15,256.546875,7348.500
1785209579.100385189,20.732290,183,15,258.171875,7236.750
1785209579.100385189,20.732290,183,11,263.093750,6090.250
1785209579.100385189,20.732290,183,15,267.984375,6550.250
1785209579.100385189,20.732290,183,15,274.500000,6479.000
1785209579.100385189,20.732290,183,15,276.109375,6450.000
1785209579.100385189,20.732290,183,15,279.375000,6580.250
1785209579.100385189,20.732290,183,8,345.031250,4807.500
1785209579.214578629,20.808662,184,10,353.203125,5029.500
1785209579.214578629,20.808662,184,15,354.828125,5049.000
1785209579.214578629,20.808662,184,12,356.468750,5085.750
1785209579.214578629,20.808662,184,12,358.093750,5110.750
1785209579.214578629,20.808662,184,10,359.750000,5132.750
1785209579.214578629,20.808662,184,12,1.375000,5159.250
1785209579.214578629,20.808662,184,8,2.984375,5213.500
1785209579.214578629,20.808662,184,15,195.531250,9647.750
1785209579.214578629,20.808662,184,15,206.359375,1261.750
1785209579.214578629,20.808662,184,15,207.984375,1264.500
1785209579.214578629,20.808662,184,15,209.578125,1272.500
1785209579.214578629,20.808662,184,11,212.812500,1285.000
1785209579.214578629,20.808662,184,15,214.468750,1296.750
1785209579.214578629,20.808662,184,15,236.328125,9700.500
1785209579.214578629,20.808662,184,15,239.609375,9091.000
1785209579.214578629,20.808662,184,15,241.250000,8836.000
1785209579.214578629,20.808662,184,15,242.875000,8621.250
1785209579.214578629,20.808662,184,15,244.515625,8423.000
1785209579.214578629,20.808662,184,15,246.140625,8184.250
1785209579.214578629,20.808662,184,15,247.781250,8055.000
1785209579.214578629,20.808662,184,15,249.421875,7978.000
1785209579.214578629,20.808662,184,15,254.359375,7523.250
1785209579.214578629,20.808662,184,15,255.984375,7343.000
1785209579.214578629,20.808662,184,15,275.593750,6403.250
1785209579.214578629,20.808662,184,15,277.234375,6475.000
1785209579.214578629,20.808662,184,15,278.859375,6571.000
1785209579.214578629,20.808662,184,8,347.734375,4787.000
1785209579.214578629,20.808662,184,7,349.375000,4814.000
1785209579.326434851,20.963624,185,9,352.625000,5021.000
1785209579.326434851,20.963624,185,13,354.250000,5051.000
1785209579.326434851,20.963624,185,15,355.890625,5056.500
1785209579.326434851,20.963624,185,15,357.531250,5085.750
1785209579.326434851,20.963624,185,12,359.171875,5119.500
1785209579.326434851,20.963624,185,12,0.812500,5132.000
1785209579.326434851,20.963624,185,9,2.437500,5163.500
1785209579.326434851,20.963624,185,7,4.078125,5226.750
1785209579.326434851,20.963624,185,7,5.703125,5328.500
1785209579.326434851,20.963624,185,15,193.359375,9606.250
1785209579.326434851,20.963624,185,15,195.015625,9533.000
1785209579.326434851,20.963624,185,15,196.640625,9512.750
1785209579.326434851,20.963624,185,15,205.765625,1262.250
1785209579.326434851,20.963624,185,15,207.328125,1260.500
1785209579.326434851,20.963624,185,15,209.000000,1263.000
1785209579.326434851,20.963624,185,15,210.609375,1271.000
1785209579.326434851,20.963624,185,9,212.265625,1285.750
1785209579.326434851,20.963624,185,11,213.890625,1304.500
1785209579.326434851,20.963624,185,15,215.515625,1314.750
1785209579.326434851,20.963624,185,12,235.703125,9852.000
1785209579.326434851,20.963624,185,15,238.968750,9256.000
1785209579.326434851,20.963624,185,15,242.234375,8705.500
1785209579.326434851,20.963624,185,15,243.875000,8545.250
1785209579.326434851,20.963624,185,15,245.515625,8367.750
1785209579.326434851,20.963624,185,15,247.140625,8167.250
1785209579.326434851,20.963624,185,15,248.781250,8009.750
1785209579.326434851,20.963624,185,15,250.468750,7899.000
1785209579.326434851,20.963624,185,10,252.109375,7753.000
1785209579.326434851,20.963624,185,15,253.750000,7598.000
1785209579.326434851,20.963624,185,14,255.390625,7536.750
1785209579.326434851,20.963624,185,15,268.484375,6544.250
1785209579.326434851,20.963624,185,15,274.984375,6444.000
1785209579.326434851,20.963624,185,15,276.609375,6409.000
1785209579.326434851,20.963624,185,15,279.859375,6721.250
1785209579.326434851,20.963624,185,10,347.109375,4787.500
1785209579.326434851,20.963624,185,8,348.750000,4805.500
1785209579.440400839,21.041767,186,8,353.640625,4997.500
1785209579.440400839,21.041767,186,11,355.296875,5032.750
1785209579.440400839,21.041767,186,15,356.921875,5061.250
1785209579.440400839,21.041767,186,12,358.562500,5081.250
1785209579.440400839,21.041767,186,11,0.203125,5091.250
1785209579.440400839,21.041767,186,11,1.828125,5122.250
1785209579.440400839,21.041767,186,13,3.468750,5170.750
1785209579.440400839,21.041767,186,8,5.093750,5213.750
1785209579.440400839,21.041767,186,11,8.375000,5294.500
1785209579.440400839,21.041767,186,15,192.765625,9496.250
1785209579.440400839,21.041767,186,15,194.375000,9519.500
1785209579.440400839,21.041767,186,15,196.015625,9571.500
1785209579.440400839,21.041767,186,15,205.140625,1275.750
1785209579.440400839,21.041767,186,15,206.812500,1258.500
1785209579.440400839,21.041767,186,15,208.359375,1258.250
1785209579.440400839,21.041767,186,15,210.062500,1259.250
1785209579.440400839,21.041767,186,15,211.671875,1264.750
1785209579.440400839,21.041767,186,15,213.281250,1283.500
1785209579.440400839,21.041767,186,14,235.109375,10028.250
1785209579.440400839,21.041767,186,15,240.031250,9021.500
1785209579.440400839,21.041767,186,15,241.656250,8824.250
1785209579.440400839,21.041767,186,15,243.296875,8630.750
1785209579.440400839,21.041767,186,15,244.937500,8434.250
1785209579.440400839,21.041767,186,15,246.562500,8221.500
1785209579.440400839,21.041767,186,15,248.203125,8082.250
1785209579.440400839,21.041767,186,15,249.843750,7950.500
1785209579.440400839,21.041767,186,15,254.781250,7557.000
1785209579.440400839,21.041767,186,15,256.421875,7407.000
1785209579.440400839,21.041767,186,15,275.984375,6432.750
1785209579.440400839,21.041767,186,15,279.234375,6698.500
1785209579.440400839,21.041767,186,8,346.562500,4800.000
1785209579.553162098,21.198189,187,8,353.109375,5012.500
1785209579.553162098,21.198189,187,9,354.750000,5060.000
1785209579.553162098,21.198189,187,10,356.390625,5059.750
1785209579.553162098,21.198189,187,15,358.015625,5045.750
1785209579.553162098,21.198189,187,12,359.656250,5057.500
1785209579.553162098,21.198189,187,13,1.296875,5099.500
1785209579.553162098,21.198189,187,12,2.937500,5144.250
1785209579.553162098,21.198189,187,9,4.578125,5184.250
1785209579.553162098,21.198189,187,7,7.859375,5236.250
1785209579.553162098,21.198189,187,15,193.875000,9515.750
1785209579.553162098,21.198189,187,15,195.500000,9478.000
1785209579.553162098,21.198189,187,15,197.140625,9568.250
1785209579.553162098,21.198189,187,15,206.265625,1260.500
1785209579.553162098,21.198189,187,15,207.859375,1252.250
1785209579.553162098,21.198189,187,15,209.484375,1254.500
1785209579.553162098,21.198189,187,15,211.156250,1261.750
1785209579.553162098,21.198189,187,15,212.781250,1273.250
1785209579.553162098,21.198189,187,15,214.375000,1300.500
1785209579.553162098,21.198189,187,10,215.937500,1327.250
1785209579.553162098,21.198189,187,13,236.234375,9819.250
1785209579.553162098,21.198189,187,15,241.156250,8959.500
1785209579.553162098,21.198189,187,15,242.781250,8727.000
1785209579.553162098,21.198189,187,15,244.421875,8503.500
1785209579.553162098,21.198189,187,15,246.046875,8279.250
1785209579.553162098,21.198189,187,15,247.687500,8129.500
1785209579.553162098,21.198189,187,15,249.328125,8009.750
1785209579.553162098,21.198189,187,12,250.953125,7847.750
1785209579.553162098,21.198189,187,15,254.234375,7667.500
1785209579.553162098,21.198189,187,15,255.859375,7549.500
1785209579.553162098,21.198189,187,14,267.500000,3540.000
1785209579.553162098,21.198189,187,15,277.062500,6442.250
1785209579.553162098,21.198189,187,15,280.296875,6729.750
1785209579.553162098,21.198189,187,8,347.531250,4785.000
1785209579.666632652,21.277731,188,11,352.406250,5015.250
1785209579.666632652,21.277731,188,10,354.062500,5061.250
1785209579.666632652,21.277731,188,15,355.687500,5065.500
1785209579.666632652,21.277731,188,15,357.328125,5083.250
1785209579.666632652,21.277731,188,11,358.968750,5108.000
1785209579.666632652,21.277731,188,9,0.593750,5146.000
1785209579.666632652,21.277731,188,8,2.218750,5185.250
1785209579.666632652,21.277731,188,7,3.875000,5215.000
1785209579.666632652,21.277731,188,15,191.312500,10094.250
1785209579.666632652,21.277731,188,14,194.578125,9816.250
1785209579.666632652,21.277731,188,15,196.218750,9601.000
1785209579.666632652,21.277731,188,15,207.015625,1265.750
1785209579.666632652,21.277731,188,15,208.609375,1270.500
1785209579.666632652,21.277731,188,15,210.218750,1274.000
1785209579.666632652,21.277731,188,14,213.484375,1289.500
1785209579.666632652,21.277731,188,15,215.093750,1304.250
1785209579.666632652,21.277731,188,15,216.703125,1324.750
1785209579.666632652,21.277731,188,12,236.984375,9738.500
1785209579.666632652,21.277731,188,15,240.281250,9049.500
1785209579.666632652,21.277731,188,15,241.890625,8840.250
1785209579.666632652,21.277731,188,15,243.546875,8665.250
1785209579.666632652,21.277731,188,15,245.187500,8470.000
1785209579.666632652,21.277731,188,15,246.812500,8245.000
1785209579.666632652,21.277731,188,15,248.437500,8085.000
1785209579.666632652,21.277731,188,15,250.078125,7966.250
1785209579.666632652,21.277731,188,15,254.968750,7520.500
1785209579.666632652,21.277731,188,15,256.609375,7376.000
1785209579.666632652,21.277731,188,15,276.156250,6450.250
1785209579.666632652,21.277731,188,12,277.781250,6536.250
1785209579.666632652,21.277731,188,15,279.406250,6661.000
1785209579.666632652,21.277731,188,8,308.984375,4795.250
1785209579.666632652,21.277731,188,8,343.390625,4790.250
1785209579.666632652,21.277731,188,9,345.000000,4798.500
1785209579.666632652,21.277731,188,9,346.609375,4797.500
1785209579.666632652,21.277731,188,10,348.250000,4801.000
1785209579.778156281,21.433777,189,10,353.140625,5016.750
1785209579.778156281,21.433777,189,8,354.781250,5059.000
1785209579.778156281,21.433777,189,15,356.406250,5061.250
1785209579.778156281,21.433777,189,15,358.046875,5086.500
1785209579.778156281,21.433777,189,13,359.656250,5128.250
1785209579.778156281,21.433777,189,11,1.312500,5136.250
1785209579.778156281,21.433777,189,15,193.703125,9616.750
1785209579.778156281,21.433777,189,15,195.343750,9517.500
1785209579.778156281,21.433777,189,15,196.984375,9504.000
1785209579.778156281,21.433777,189,15,206.203125,1279.000
1785209579.778156281,21.433777,189,15,207.796875,1258.750
1785209579.778156281,21.433777,189,15,209.468750,1256.000
1785209579.778156281,21.433777,189,15,211.078125,1260.500
1785209579.778156281,21.433777,189,15,212.718750,1268.750
1785209579.778156281,21.433777,189,15,214.312500,1288.000
1785209579.778156281,21.433777,189,15,236.203125,9909.750
1785209579.778156281,21.433777,189,15,241.125000,8950.500
1785209579.778156281,21.433777,189,15,242.765625,8731.000
1785209579.778156281,21.433777,189,15,244.406250,8563.750
1785209579.778156281,21.433777,189,15,246.031250,8378.750
1785209579.778156281,21.433777,189,15,247.671875,8177.750
1785209579.778156281,21.433777,189,15,249.312500,8063.750
1785209579.778156281,21.433777,189,15,250.921875,7949.000
1785209579.778156281,21.433777,189,15,252.546875,7780.750
1785209579.778156281,21.433777,189,15,254.187500,7647.000
1785209579.778156281,21.433777,189,15,255.828125,7495.500
1785209579.778156281,21.433777,189,15,257.468750,7352.250
1785209579.778156281,21.433777,189,15,259.093750,7260.000
1785209579.778156281,21.433777,189,15,268.890625,6584.500
1785209579.778156281,21.433777,189,15,275.375000,6472.500
1785209579.778156281,21.433777,189,15,277.000000,6448.000
1785209579.889046431,21.512598,190,12,353.953125,5057.000
1785209579.889046431,21.512598,190,14,355.609375,5064.250
1785209579.889046431,21.512598,190,15,357.234375,5083.750
1785209579.889046431,21.512598,190,13,358.875000,5117.500
1785209579.889046431,21.512598,190,9,0.500000,5132.750
1785209579.889046431,21.512598,190,9,2.140625,5163.750
1785209579.889046431,21.512598,190,7,3.765625,5235.750
1785209579.889046431,21.512598,190,9,5.390625,5348.000
1785209579.889046431,21.512598,190,15,194.468750,9566.000
1785209579.889046431,21.512598,190,15,196.109375,9559.000
1785209579.889046431,21.512598,190,15,208.531250,1271.750
1785209579.889046431,21.512598,190,15,210.156250,1278.750
1785209579.889046431,21.512598,190,12,211.796875,1285.250
1785209579.889046431,21.512598,190,10,215.093750,1303.750
1785209579.889046431,21.512598,190,15,216.718750,1324.250
1785209579.889046431,21.512598,190,8,230.390625,11729.000
1785209579.889046431,21.512598,190,15,236.953125,9774.000
1785209579.889046431,21.512598,190,15,241.875000,8921.000
1785209579.889046431,21.512598,190,15,243.515625,8713.500
1785209579.889046431,21.512598,190,15,245.156250,8477.750
1785209579.889046431,21.512598,190,15,246.781250,8283.000
1785209579.889046431,21.512598,190,15,248.406250,8126.750
1785209579.889046431,21.512598,190,15,250.046875,7978.000
1785209579.889046431,21.512598,190,15,254.968750,7597.250
1785209579.889046431,21.512598,190,15,256.593750,7461.000
1785209579.889046431,21.512598,190,15,276.187500,6419.000
1785209579.889046431,21.512598,190,15,277.843750,6505.250
1785209579.889046431,21.512598,190,9,346.671875,4795.250
1785209579.889046431,21.512598,190,8,348.296875,4798.250
1785209579.889046431,21.512598,190,7,349.937500,4828.750
1785209580.004270077,21.590290,191,8,351.546875,4916.500
1785209580.004270077,21.590290,191,10,353.171875,5017.000
1785209580.004270077,21.590290,191,10,354.796875,5058.000
1785209580.004270077,21.590290,191,15,356.453125,5080.000
1785209580.004270077,21.590290,191,14,358.078125,5098.750
1785209580.004270077,21.590290,191,11,359.734375,5098.750
1785209580.004270077,21.590290,191,10,1.359375,5113.750
1785209580.004270077,21.590290,191,10,3.000000,5151.500
1785209580.004270077,21.590290,191,15,195.390625,9628.000
1785209580.004270077,21.590290,191,15,207.828125,1268.250
1785209580.004270077,21.590290,191,15,209.421875,1260.000
1785209580.004270077,21.590290,191,15,211.078125,1265.750
1785209580.004270077,21.590290,191,15,212.640625,1274.000
1785209580.004270077,21.590290,191,15,214.328125,1288.750
1785209580.004270077,21.590290,191,14,217.515625,1316.000
1785209580.004270077,21.590290,191,11,237.796875,9690.250
1785209580.004270077,21.590290,191,15,242.703125,8791.250
1785209580.004270077,21.590290,191,15,244.328125,8642.000
1785209580.004270077,21.590290,191,15,245.953125,8447.500
1785209580.004270077,21.590290,191,15,247.609375,8209.250
1785209580.004270077,21.590290,191,15,249.234375,8068.750
1785209580.004270077,21.590290,191,15,250.906250,7946.000
1785209580.004270077,21.590290,191,15,252.546875,7778.250
1785209580.004270077,21.590290,191,15,254.171875,7653.750
1785209580.004270077,21.590290,191,15,255.828125,7549.000
1785209580.004270077,21.590290,191,15,257.468750,7403.500
1785209580.004270077,21.590290,191,15,268.921875,6584.500
1785209580.004270077,21.590290,191,15,275.421875,6498.750
1785209580.004270077,21.590290,191,15,277.046875,6475.750
1785209580.004270077,21.590290,191,8,345.875000,4772.000
1785209580.004270077,21.590290,191,9,349.140625,4797.500
1785209580.115507603,21.746105,192,9,354.031250,5030.000
1785209580.115507603,21.746105,192,12,355.671875,5059.500
1785209580.115507603,21.746105,192,15,357.312500,5054.500
1785209580.115507603,21.746105,192,15,358.937500,5077.500
1785209580.115507603,21.746105,192,13,0.562500,5098.500
1785209580.115507603,21.746105,192,12,2.203125,5109.750
1785209580.115507603,21.746105,192,9,3.859375,5153.500
1785209580.115507603,21.746105,192,9,5.468750,5196.000
1785209580.115507603,21.746105,192,10,8.734375,5264.250
1785209580.115507603,21.746105,192,15,194.609375,9569.000
1785209580.115507603,21.746105,192,15,196.234375,9633.500
1785209580.115507603,21.746105,192,15,197.875000,9598.000
1785209580.115507603,21.746105,192,15,208.609375,1270.750
1785209580.115507603,21.746105,192,15,210.203125,1278.000
1785209580.115507603,21.746105,192,15,211.875000,1285.250
1785209580.115507603,21.746105,192,9,213.453125,1295.000
1785209580.115507603,21.746105,192,15,215.109375,1299.000
1785209580.115507603,21.746105,192,15,218.359375,1353.250
1785209580.115507603,21.746105,192,15,236.953125,9892.250
1785209580.115507603,21.746105,192,15,241.859375,8923.500
1785209580.115507603,21.746105,192,15,243.484375,8718.500
1785209580.115507603,21.746105,192,15,245.109375,8558.750
1785209580.115507603,21.746105,192,15,248.390625,8133.500
1785209580.115507603,21.746105,192,15,250.015625,7990.500
1785209580.115507603,21.746105,192,15,251.734375,7869.250
1785209580.115507603,21.746105,192,14,256.625000,7531.500
1785209580.115507603,21.746105,192,15,277.859375,6511.000
1785209580.115507603,21.746105,192,13,350.062500,4742.750
1785209580.230944872,21.825275,193,9,356.609375,5012.750
1785209580.230944872,21.825275,193,13,358.250000,5045.000
1785209580.230944872,21.825275,193,14,359.875000,5047.250
1785209580.230944872,21.825275,193,13,1.531250,5059.750
1785209580.230944872,21.825275,193,11,3.171875,5094.500
1785209580.230944872,21.825275,193,9,4.796875,5135.250
1785209580.230944872,21.825275,193,10,6.437500,5175.000
1785209580.230944872,21.825275,193,9,8.078125,5185.000
1785209580.230944872,21.825275,193,15,195.593750,9529.000
1785209580.230944872,21.825275,193,15,197.234375,9515.000
1785209580.230944872,21.825275,193,15,209.625000,1277.250
1785209580.230944872,21.825275,193,15,211.203125,1282.500
1785209580.230944872,21.825275,193,15,212.843750,1289.000
1785209580.230944872,21.825275,193,14,214.500000,1299.000
1785209580.230944872,21.825275,193,15,216.093750,1305.250
1785209580.230944872,21.825275,193,10,234.750000,10334.250
1785209580.230944872,21.825275,193,15,241.296875,8988.750
1785209580.230944872,21.825275,193,15,242.921875,8803.500
1785209580.230944872,21.825275,193,15,244.562500,8653.500
1785209580.230944872,21.825275,193,15,246.187500,8461.000
1785209580.230944872,21.825275,193,15,247.843750,8247.000
1785209580.230944872,21.825275,193,15,249.484375,8096.500
1785209580.230944872,21.825275,193,15,251.140625,7956.250
1785209580.230944872,21.825275,193,15,254.406250,7654.250
1785209580.230944872,21.825275,193,15,256.062500,7580.750
1785209580.230944872,21.825275,193,15,257.687500,7407.000
1785209580.230944872,21.825275,193,7,265.906250,6184.000
1785209580.230944872,21.825275,193,15,269.171875,6628.500
1785209580.230944872,21.825275,193,15,275.640625,6515.250
1785209580.230944872,21.825275,193,15,277.265625,6499.250
1785209580.341393948,21.980407,194,10,357.687500,5046.000
1785209580.341393948,21.980407,194,14,359.328125,5073.000
1785209580.341393948,21.980407,194,12,0.968750,5069.750
1785209580.341393948,21.980407,194,12,2.609375,5083.500
1785209580.341393948,21.980407,194,10,4.250000,5133.000
1785209580.341393948,21.980407,194,11,5.890625,5179.250
1785209580.341393948,21.980407,194,8,7.531250,5189.250
1785209580.341393948,21.980407,194,8,9.171875,5234.750
1785209580.341393948,21.980407,194,15,195.156250,9622.500
1785209580.341393948,21.980407,194,15,196.796875,9615.500
1785209580.341393948,21.980407,194,15,209.218750,1276.500
1785209580.341393948,21.980407,194,15,210.828125,1282.500
1785209580.341393948,21.980407,194,15,212.468750,1287.250
1785209580.341393948,21.980407,194,11,214.078125,1295.250
1785209580.341393948,21.980407,194,15,217.281250,1320.250
1785209580.341393948,21.980407,194,15,218.937500,1352.500
1785209580.341393948,21.980407,194,13,237.671875,9824.000
1785209580.341393948,21.980407,194,15,242.593750,8862.250
1785209580.341393948,21.980407,194,15,244.218750,8653.500
1785209580.341393948,21.980407,194,15,245.875000,8534.000
1785209580.341393948,21.980407,194,15,249.156250,8133.500
1785209580.341393948,21.980407,194,15,250.796875,8008.000
1785209580.341393948,21.980407,194,15,255.703125,7628.250
1785209580.341393948,21.980407,194,15,260.796875,3741.500
1785209580.341393948,21.980407,194,15,276.921875,6504.500
1785209580.452411890,22.058597,195,11,350.750000,4774.500
1785209580.452411890,22.058597,195,10,357.296875,5053.250
1785209580.452411890,22.058597,195,15,358.937500,5043.000
1785209580.452411890,22.058597,195,10,0.578125,5059.750
1785209580.452411890,22.058597,195,11,2.203125,5106.250
1785209580.452411890,22.058597,195,12,3.843750,5150.250
1785209580.452411890,22.058597,195,9,5.484375,5190.000
1785209580.452411890,22.058597,195,7,7.125000,5207.250
1785209580.452411890,22.058597,195,15,194.859375,9627.750
1785209580.452411890,22.058597,195,15,196.500000,9620.500
1785209580.452411890,22.058597,195,15,198.140625,9608.750
1785209580.452411890,22.058597,195,15,208.921875,1287.750
1785209580.452411890,22.058597,195,15,210.531250,1287.250
1785209580.452411890,22.058597,195,13,212.187500,1296.000
1785209580.452411890,22.058597,195,15,213.781250,1307.250
1785209580.452411890,22.058597,195,15,215.468750,1305.750
1785209580.452411890,22.058597,195,15,217.015625,1319.750
1785209580.452411890,22.058597,195,13,237.375000,9849.750
1785209580.452411890,22.058597,195,15,240.640625,9222.000
1785209580.452411890,22.058597,195,15,242.281250,8983.500
1785209580.452411890,22.058597,195,15,243.921875,8765.750
1785209580.452411890,22.058597,195,15,245.562500,8595.500
1785209580.452411890,22.058597,195,15,248.828125,8175.750
1785209580.452411890,22.058597,195,15,250.468750,8039.500
1785209580.452411890,22.058597,195,15,252.109375,7898.000
1785209580.452411890,22.058597,195,15,253.734375,7754.000
1785209580.452411890,22.058597,195,15,255.375000,7659.500
1785209580.452411890,22.058597,195,15,257.015625,7528.750
1785209580.452411890,22.058597,195,15,260.296875,7344.750
1785209580.452411890,22.058597,195,15,278.234375,6533.750
1785209580.567469597,22.211499,196,9,350.453125,4768.750
1785209580.567469597,22.211499,196,9,353.703125,4858.500
1785209580.567469597,22.211499,196,9,356.984375,4990.750
1785209580.567469597,22.211499,196,11,358.609375,5054.250
1785209580.567469597,22.211499,196,15,0.281250,5043.500
1785209580.567469597,22.211499,196,13,1.890625,5050.500
1785209580.567469597,22.211499,196,14,3.531250,5106.250
1785209580.567469597,22.211499,196,11,5.171875,5155.750
1785209580.567469597,22.211499,196,10,6.796875,5182.500
1785209580.567469597,22.211499,196,8,8.453125,5206.250
1785209580.567469597,22.211499,196,15,194.593750,9548.250
1785209580.567469597,22.211499,196,15,197.859375,9468.250
1785209580.567469597,22.211499,196,15,208.703125,1289.250
1785209580.567469597,22.211499,196,15,210.281250,1269.500
1785209580.567469597,22.211499,196,15,211.921875,1270.750
1785209580.567469597,22.211499,196,15,213.546875,1280.500
1785209580.567469597,22.211499,196,15,215.156250,1290.250
1785209580.567469597,22.211499,196,15,216.765625,1311.000
1785209580.567469597,22.211499,196,15,237.046875,9909.000
1785209580.567469597,22.211499,196,13,238.671875,9643.500
1785209580.567469597,22.211499,196,15,241.937500,9026.750
1785209580.567469597,22.211499,196,15,243.578125,8818.000
1785209580.567469597,22.211499,196,15,245.218750,8646.750
1785209580.567469597,22.211499,196,15,246.843750,8441.000
1785209580.567469597,22.211499,196,15,248.484375,8225.750
1785209580.567469597,22.211499,196,15,250.125000,8082.250
1785209580.567469597,22.211499,196,15,251.734375,7923.500
1785209580.567469597,22.211499,196,15,253.390625,7741.250
1785209580.567469597,22.211499,196,15,255.000000,7668.250
1785209580.567469597,22.211499,196,15,256.640625,7600.500
1785209580.567469597,22.211499,196,15,258.281250,7425.250
1785209580.567469597,22.211499,196,15,259.906250,7313.250
1785209580.567469597,22.211499,196,15,269.718750,6600.750
1785209580.567469597,22.211499,196,15,276.218750,6514.750
1785209580.567469597,22.211499,196,15,277.843750,6473.250
1785209580.567469597,22.211499,196,11,350.031250,4743.250
1785209580.678786755,22.288850,197,7,353.312500,4828.500
1785209580.678786755,22.288850,197,10,356.578125,4966.000
1785209580.678786755,22.288850,197,15,358.203125,5064.750
1785209580.678786755,22.288850,197,12,359.828125,5089.750
1785209580.678786755,22.288850,197,11,1.468750,5082.250
1785209580.678786755,22.288850,197,12,3.109375,5098.250
1785209580.678786755,22.288850,197,12,4.734375,5142.250
1785209580.678786755,22.288850,197,8,6.390625,5179.000
1785209580.678786755,22.288850,197,15,195.609375,9603.250
1785209580.678786755,22.288850,197,15,197.250000,9571.750
1785209580.678786755,22.288850,197,15,209.687500,1294.750
1785209580.678786755,22.288850,197,15,211.296875,1296.250
1785209580.678786755,22.288850,197,13,212.875000,1294.750
1785209580.678786755,22.288850,197,10,214.500000,1296.000
1785209580.678786755,22.288850,197,15,216.171875,1298.250
1785209580.678786755,22.288850,197,15,217.796875,1320.750
1785209580.678786755,22.288850,197,8,231.484375,11745.500
1785209580.678786755,22.288850,197,15,236.390625,10097.000
1785209580.678786755,22.288850,197,15,238.031250,9864.500
1785209580.678786755,22.288850,197,15,241.296875,9177.000
1785209580.678786755,22.288850,197,15,242.937500,8926.500
1785209580.678786755,22.288850,197,15,244.562500,8703.500
1785209580.678786755,22.288850,197,15,246.203125,8500.500
1785209580.678786755,22.288850,197,15,247.828125,8289.000
1785209580.678786755,22.288850,197,15,249.453125,8107.250
1785209580.678786755,22.288850,197,15,251.109375,8014.750
1785209580.678786755,22.288850,197,15,256.015625,7648.750
1785209580.678786755,22.288850,197,15,257.640625,7517.000
1785209580.678786755,22.288850,197,15,261.109375,3699.000
1785209580.678786755,22.288850,197,7,262.718750,3683.000
1785209580.678786755,22.288850,197,15,277.218750,6503.500
1785209580.678786755,22.288850,197,9,349.375000,4790.000
1785209580.793048859,22.430107,198,11,354.250000,5009.250
1785209580.793048859,22.430107,198,12,355.890625,5038.750
1785209580.793048859,22.430107,198,15,357.531250,5063.250
1785209580.793048859,22.430107,198,15,359.156250,5081.250
1785209580.793048859,22.430107,198,10,0.796875,5073.750
1785209580.793048859,22.430107,198,12,2.437500,5105.750
1785209580.793048859,22.430107,198,10,4.062500,5161.000
1785209580.793048859,22.430107,198,15,194.968750,9546.000
1785209580.793048859,22.430107,198,15,198.250000,9569.500
1785209580.793048859,22.430107,198,15,210.609375,1286.500
1785209580.793048859,22.430107,198,15,212.234375,1293.250
1785209580.793048859,22.430107,198,15,213.875000,1298.750
1785209580.793048859,22.430107,198,12,215.515625,1307.000
1785209580.793048859,22.430107,198,15,217.125000,1314.250
1785209580.793048859,22.430107,198,15,218.750000,1334.000
1785209580.793048859,22.430107,198,15,220.343750,1369.500
1785209580.793048859,22.430107,198,11,238.953125,9726.500
1785209580.793048859,22.430107,198,15,243.859375,8800.250
1785209580.793048859,22.430107,198,15,245.484375,8636.250
1785209580.793048859,22.430107,198,15,247.109375,8470.000
1785209580.793048859,22.430107,198,15,250.406250,8084.500
1785209580.793048859,22.430107,198,15,252.046875,8009.750
1785209580.793048859,22.430107,198,15,253.671875,7853.500
1785209580.793048859,22.430107,198,15,255.312500,7714.750
1785209580.793048859,22.430107,198,15,260.203125,7305.250
1785209580.793048859,22.430107,198,15,270.015625,6620.000
1785209580.793048859,22.430107,198,15,276.531250,6526.500
1785209580.793048859,22.430107,198,15,278.140625,6488.750
1785209580.904853106,22.507394,199,15,358.375000,5047.000
1785209580.904853106,22.507394,199,11,0.000000,5047.250
1785209580.904853106,22.507394,199,14,1.625000,5067.750
1785209580.904853106,22.507394,199,12,3.265625,5113.000
1785209580.904853106,22.507394,199,12,4.906250,5140.750
1785209580.904853106,22.507394,199,10,6.531250,5187.750
1785209580.904853106,22.507394,199,15,195.625000,9556.000
1785209580.904853106,22.507394,199,15,197.250000,9566.750
1785209580.904853106,22.507394,199,15,198.890625,9625.750
1785209580.904853106,22.507394,199,15,209.656250,1293.750
1785209580.904853106,22.507394,199,15,212.921875,1282.750
1785209580.904853106,22.507394,199,15,214.484375,1289.750
1785209580.904853106,22.507394,199,15,216.140625,1303.750
1785209580.904853106,22.507394,199,15,217.750000,1326.000
1785209580.904853106,22.507394,199,15,238.000000,9854.750
1785209580.904853106,22.507394,199,15,242.906250,8940.750
1785209580.904853106,22.507394,199,15,244.546875,8718.250
1785209580.904853106,22.507394,199,15,246.187500,8552.500
1785209580.904853106,22.507394,199,15,247.812500,8383.250
1785209580.904853106,22.507394,199,15,249.453125,8163.000
1785209580.904853106,22.507394,199,15,251.093750,8019.750
1785209580.904853106,22.507394,199,15,252.734375,7927.500
1785209580.904853106,22.507394,199,15,254.375000,7773.750
1785209580.904853106,22.507394,199,15,256.015625,7650.000
1785209580.904853106,22.507394,199,15,257.640625,7523.750
1785209580.904853106,22.507394,199,15,260.906250,7331.750
1785209580.904853106,22.507394,199,15,277.203125,6476.500
1785209580.904853106,22.507394,199,15,278.828125,6555.000
1785209580.904853106,22.507394,199,8,349.265625,4731.750
1785209581.020433426,22.663084,200,7,350.890625,4765.500
1785209581.020433426,22.663084,200,10,357.406250,5044.250
1785209581.020433426,22.663084,200,15,359.062500,5046.250
1785209581.020433426,22.663084,200,12,0.703125,5057.000
1785209581.020433426,22.663084,200,11,2.328125,5099.000
1785209581.020433426,22.663084,200,10,3.968750,5144.500
1785209581.020433426,22.663084,200,10,5.609375,5188.250
1785209581.020433426,22.663084,200,8,7.234375,5207.000
1785209581.020433426,22.663084,200,7,8.875000,5252.750
1785209581.020433426,22.663084,200,15,197.921875,9543.250
1785209581.020433426,22.663084,200,15,210.328125,1298.500
1785209581.020433426,22.663084,200,15,211.953125,1289.500
1785209581.020433426,22.663084,200,15,213.609375,1297.500
1785209581.020433426,22.663084,200,13,215.171875,1307.000
1785209581.020433426,22.663084,200,8,216.828125,1316.250
1785209581.020433426,22.663084,200,15,218.437500,1327.750
1785209581.020433426,22.663084,200,12,237.078125,10055.500
1785209581.020433426,22.663084,200,14,238.718750,9822.000
1785209581.020433426,22.663084,200,15,242.000000,9109.000
1785209581.020433426,22.663084,200,15,243.625000,8869.750
1785209581.020433426,22.663084,200,15,245.281250,8665.500
1785209581.020433426,22.663084,200,15,246.906250,8495.750
1785209581.020433426,22.663084,200,15,248.546875,8319.750
1785209581.020433426,22.663084,200,15,250.218750,8148.250
1785209581.020433426,22.663084,200,15,251.843750,8007.750
1785209581.020433426,22.663084,200,15,256.765625,7604.750
1785209581.020433426,22.663084,200,15,258.406250,7504.500
1785209581.020433426,22.663084,200,9,269.843750,6703.250
1785209581.020433426,22.663084,200,15,277.953125,6513.000
1785209581.131543636,22.740678,201,8,353.265625,4806.750
1785209581.131543636,22.740678,201,11,358.171875,5039.250
1785209581.131543636,22.740678,201,14,359.781250,5061.000
1785209581.131543636,22.740678,201,13,1.437500,5072.000
1785209581.131543636,22.740678,201,13,3.046875,5094.000
1785209581.131543636,22.740678,201,9,4.687500,5157.500
1785209581.131543636,22.740678,201,7,6.312500,5192.500
1785209581.131543636,22.740678,201,8,7.953125,5188.250
1785209581.131543636,22.740678,201,8,9.578125,5239.750
1785209581.131543636,22.740678,201,15,196.875000,9519.500
1785209581.131543636,22.740678,201,15,198.500000,9592.250
1785209581.131543636,22.740678,201,15,210.859375,1296.000
1785209581.131543636,22.740678,201,15,212.468750,1292.000
1785209581.131543636,22.740678,201,15,214.140625,1298.500
1785209581.131543636,22.740678,201,15,215.703125,1314.750
1785209581.131543636,22.740678,201,15,217.375000,1319.000
1785209581.131543636,22.740678,201,15,219.000000,1330.250
1785209581.131543636,22.740678,201,15,239.328125,9678.000
1785209581.131543636,22.740678,201,15,242.609375,9014.250
1785209581.131543636,22.740678,201,15,244.234375,8815.500
1785209581.131543636,22.740678,201,15,245.875000,8663.000
1785209581.131543636,22.740678,201,15,247.515625,8496.000
1785209581.131543636,22.740678,201,15,250.796875,8064.750
1785209581.131543636,22.740678,201,15,252.421875,7979.750
1785209581.131543636,22.740678,201,15,254.062500,7845.500
1785209581.131543636,22.740678,201,15,255.703125,7714.750
1785209581.131543636,22.740678,201,8,257.328125,7637.500
1785209581.131543636,22.740678,201,15,258.984375,7520.250
1785209581.131543636,22.740678,201,15,260.609375,7354.250
1785209581.131543636,22.740678,201,15,270.437500,6614.500
1785209581.131543636,22.740678,201,15,276.937500,6523.750
1785209581.131543636,22.740678,201,13,278.531250,6537.000
1785209581.245825768,22.897615,202,9,350.687500,4721.750
1785209581.245825768,22.897615,202,8,353.968750,4776.750
1785209581.245825768,22.897615,202,11,355.593750,4848.750
1785209581.245825768,22.897615,202,10,358.859375,4917.750
1785209581.245825768,22.897615,202,10,0.484375,4997.000
1785209581.245825768,22.897615,202,15,2.125000,5038.750
1785209581.245825768,22.897615,202,10,3.781250,5062.000
1785209581.245825768,22.897615,202,12,5.406250,5109.250
1785209581.245825768,22.897615,202,11,7.015625,5148.500
1785209581.245825768,22.897615,202,11,8.671875,5169.250
1785209581.245825768,22.897615,202,8,10.312500,5202.750
1785209581.245825768,22.897615,202,7,174.890625,11849.500
1785209581.245825768,22.897615,202,15,196.140625,9612.750
1785209581.245825768,22.897615,202,15,197.765625,9602.500
1785209581.245825768,22.897615,202,15,199.406250,9544.500
1785209581.245825768,22.897615,202,15,211.781250,1296.500
1785209581.245825768,22.897615,202,15,213.421875,1300.750
1785209581.245825768,22.897615,202,15,215.046875,1307.500
1785209581.245825768,22.897615,202,14,236.937500,10200.250
1785209581.245825768,22.897615,202,15,241.859375,9256.250
1785209581.245825768,22.897615,202,15,245.140625,8743.750
1785209581.245825768,22.897615,202,15,246.781250,8579.500
1785209581.245825768,22.897615,202,15,248.406250,8385.750
1785209581.245825768,22.897615,202,15,250.046875,8150.500
1785209581.245825768,22.897615,202,15,251.687500,7993.000
1785209581.245825768,22.897615,202,15,277.796875,6479.750
1785209581.356685877,22.976546,203,7,354.906250,4789.500
1785209581.356685877,22.976546,203,11,356.546875,4821.250
1785209581.356685877,22.976546,203,8,358.171875,4867.500
1785209581.356685877,22.976546,203,8,359.796875,4941.000
1785209581.356685877,22.976546,203,12,1.437500,5025.250
1785209581.356685877,22.976546,203,15,3.078125,5051.250
1785209581.356685877,22.976546,203,13,4.703125,5077.500
1785209581.356685877,22.976546,203,11,6.343750,5119.500
1785209581.356685877,22.976546,203,12,7.984375,5153.250
1785209581.356685877,22.976546,203,8,9.625000,5189.750
1785209581.356685877,22.976546,203,8,11.187500,5213.000
1785209581.356685877,22.976546,203,15,197.109375,9498.250
1785209581.356685877,22.976546,203,15,198.718750,9570.000
1785209581.356685877,22.976546,203,15,209.484375,1343.250
1785209581.356685877,22.976546,203,15,211.125000,1311.500
1785209581.356685877,22.976546,203,15,212.796875,1293.250
1785209581.356685877,22.976546,203,15,214.406250,1292.500
1785209581.356685877,22.976546,203,15,216.046875,1309.250
1785209581.356685877,22.976546,203,15,237.953125,10059.750
1785209581.356685877,22.976546,203,14,239.593750,9768.750
1785209581.356685877,22.976546,203,15,242.859375,9091.000
1785209581.356685877,22.976546,203,15,244.500000,8862.250
1785209581.356685877,22.976546,203,15,246.140625,8633.750
1785209581.356685877,22.976546,203,15,247.781250,8398.500
1785209581.356685877,22.976546,203,15,249.406250,8217.000
1785209581.356685877,22.976546,203,15,251.015625,8108.750
1785209581.356685877,22.976546,203,15,252.656250,8003.750
1785209581.356685877,22.976546,203,15,254.296875,7851.500
1785209581.356685877,22.976546,203,15,255.921875,7698.500
1785209581.356685877,22.976546,203,15,257.562500,7601.250
1785209581.356685877,22.976546,203,15,259.203125,7466.250
1785209581.356685877,22.976546,203,15,270.640625,6596.750
1785209581.356685877,22.976546,203,15,277.140625,6561.250
1785209581.356685877,22.976546,203,9,278.781250,6614.000
1785209581.469750166,23.055534,204,8,354.281250,4759.250
1785209581.469750166,23.055534,204,9,355.906250,4795.750
1785209581.469750166,23.055534,204,9,357.531250,4819.750
1785209581.469750166,23.055534,204,11,0.828125,4888.750
1785209581.469750166,23.055534,204,15,2.453125,4970.500
1785209581.469750166,23.055534,204,14,4.078125,5036.750
1785209581.469750166,23.055534,204,15,5.718750,5088.250
1785209581.469750166,23.055534,204,12,7.343750,5109.750
1785209581.469750166,23.055534,204,13,9.000000,5133.500
1785209581.469750166,23.055534,204,9,10.593750,5178.500
1785209581.469750166,23.055534,204,11,12.234375,5260.750
1785209581.469750166,23.055534,204,13,196.578125,9479.500
1785209581.469750166,23.055534,204,15,198.203125,9497.250
1785209581.469750166,23.055534,204,15,212.328125,1294.750
1785209581.469750166,23.055534,204,15,213.890625,1286.000
1785209581.469750166,23.055534,204,15,215.578125,1296.500
1785209581.469750166,23.055534,204,15,217.125000,1313.000
1785209581.469750166,23.055534,204,15,220.406250,1332.750
1785209581.469750166,23.055534,204,8,232.468750,11767.250
1785209581.469750166,23.055534,204,14,239.015625,9846.000
1785209581.469750166,23.055534,204,15,242.296875,9214.000
1785209581.469750166,23.055534,204,15,245.562500,8726.500
1785209581.469750166,23.055534,204,15,247.203125,8528.000
1785209581.469750166,23.055534,204,15,248.828125,8353.000
1785209581.469750166,23.055534,204,15,250.468750,8192.750
1785209581.469750166,23.055534,204,15,252.109375,8045.500
1785209581.469750166,23.055534,204,15,257.015625,7646.500
1785209581.469750166,23.055534,204,15,258.640625,7576.000
1785209581.469750166,23.055534,204,15,262.109375,3776.000
1785209581.469750166,23.055534,204,10,278.250000,6486.250
1785209581.583921194,23.212250,205,13,356.937500,4794.500
1785209581.583921194,23.212250,205,13,358.593750,4818.250
1785209581.583921194,23.212250,205,8,0.218750,4846.750
1785209581.583921194,23.212250,205,9,1.859375,4938.000
1785209581.583921194,23.212250,205,15,3.484375,4993.000
1785209581.583921194,23.212250,205,12,5.109375,5024.000
1785209581.583921194,23.212250,205,14,6.750000,5085.750
1785209581.583921194,23.212250,205,11,8.406250,5120.500
1785209581.583921194,23.212250,205,12,10.031250,5158.250
1785209581.583921194,23.212250,205,11,11.640625,5197.000
1785209581.583921194,23.212250,205,15,197.546875,9656.250
1785209581.583921194,23.212250,205,15,199.187500,9661.750
1785209581.583921194,23.212250,205,15,213.125000,1301.250
1785209581.583921194,23.212250,205,15,214.796875,1310.500
1785209581.583921194,23.212250,205,15,216.406250,1321.000
1785209581.583921194,23.212250,205,15,218.046875,1322.750
1785209581.583921194,23.212250,205,15,219.656250,1335.000
1785209581.583921194,23.212250,205,13,238.250000,10012.750
1785209581.583921194,23.212250,205,15,239.859375,9718.500
1785209581.583921194,23.212250,205,15,244.765625,8837.500
1785209581.583921194,23.212250,205,15,246.406250,8663.000
1785209581.583921194,23.212250,205,15,248.031250,8495.750
1785209581.583921194,23.212250,205,15,251.359375,8084.250
1785209581.583921194,23.212250,205,15,252.984375,7989.500
1785209581.583921194,23.212250,205,15,254.625000,7863.000
1785209581.583921194,23.212250,205,15,256.265625,7724.000
1785209581.583921194,23.212250,205,15,257.890625,7623.000
1785209581.583921194,23.212250,205,15,259.531250,7485.000
1785209581.583921194,23.212250,205,15,270.968750,6622.750
1785209581.583921194,23.212250,205,15,277.484375,6538.250
1785209581.697998524,23.289648,206,7,356.078125,4757.750
1785209581.697998524,23.289648,206,12,357.734375,4786.250
1785209581.697998524,23.289648,206,8,359.359375,4810.500
1785209581.697998524,23.289648,206,11,0.984375,4849.000
1785209581.697998524,23.289648,206,9,2.640625,4948.750
1785209581.697998524,23.289648,206,15,4.265625,5021.750
1785209581.697998524,23.289648,206,13,5.890625,5055.250
1785209581.697998524,23.289648,206,13,7.531250,5091.250
1785209581.697998524,23.289648,206,12,9.156250,5123.000
1785209581.697998524,23.289648,206,13,10.765625,5160.750
1785209581.697998524,23.289648,206,11,12.390625,5233.000
1785209581.697998524,23.289648,206,15,198.265625,9633.250
1785209581.697998524,23.289648,206,15,199.921875,9615.000
1785209581.697998524,23.289648,206,15,210.640625,1346.500
1785209581.697998524,23.289648,206,15,212.265625,1316.250
1785209581.697998524,23.289648,206,15,213.906250,1300.000
1785209581.697998524,23.289648,206,15,215.468750,1299.500
1785209581.697998524,23.289648,206,15,217.078125,1318.000
1785209581.697998524,23.289648,206,15,238.953125,9851.750
1785209581.697998524,23.289648,206,15,243.859375,8939.250
1785209581.697998524,23.289648,206,15,245.484375,8738.750
1785209581.697998524,23.289648,206,15,247.109375,8604.250
1785209581.697998524,23.289648,206,15,248.750000,8423.000
1785209581.697998524,23.289648,206,15,250.453125,8199.000
1785209581.697998524,23.289648,206,15,252.093750,8053.500
1785209581.697998524,23.289648,206,15,253.718750,7946.250
1785209581.697998524,23.289648,206,15,258.640625,7573.750
1785209581.697998524,23.289648,206,9,270.250000,3675.750
1785209581.697998524,23.289648,206,15,276.562500,6613.250
1785209581.697998524,23.289648,206,8,278.203125,6593.500
1785209581.809071779,23.429814,207,10,356.859375,4753.750
1785209581.809071779,23.429814,207,9,358.515625,4796.750
1785209581.809071779,23.429814,207,9,0.140625,4836.000
1785209581.809071779,23.429814,207,10,1.781250,4913.250
1785209581.809071779,23.429814,207,15,3.421875,4990.500
1785209581.809071779,23.429814,207,13,5.062500,5039.750
1785209581.809071779,23.429814,207,11,6.687500,5088.500
1785209581.809071779,23.429814,207,14,8.312500,5120.500
1785209581.809071779,23.429814,207,10,9.953125,5158.750
1785209581.809071779,23.429814,207,8,11.500000,5183.500
1785209581.809071779,23.429814,207,15,199.109375,9630.750
1785209581.809071779,23.429814,207,15,213.031250,1312.500
1785209581.809071779,23.429814,207,15,214.671875,1313.500
1785209581.809071779,23.429814,207,15,216.312500,1321.500
1785209581.809071779,23.429814,207,15,217.921875,1323.250
1785209581.809071779,23.429814,207,15,219.531250,1330.500
1785209581.809071779,23.429814,207,15,239.812500,9789.250
1785209581.809071779,23.429814,207,15,243.093750,9146.750
1785209581.809071779,23.429814,207,15,246.359375,8674.750
1785209581.809071779,23.429814,207,15,248.000000,8538.750
1785209581.809071779,23.429814,207,15,249.640625,8359.500
1785209581.809071779,23.429814,207,15,251.296875,8166.750
1785209581.809071779,23.429814,207,15,252.921875,8055.750
1785209581.809071779,23.429814,207,15,257.828125,7626.750
1785209581.809071779,23.429814,207,15,259.453125,7547.500
1785209581.809071779,23.429814,207,15,270.906250,6628.500
1785209581.809071779,23.429814,207,15,272.546875,6598.000
1785209581.809071779,23.429814,207,15,274.171875,6567.000
1785209581.809071779,23.429814,207,15,275.734375,6536.250
1785209581.809071779,23.429814,207,15,277.375000,6495.500
1785209581.919698477,23.507975,208,11,357.671875,4751.000
1785209581.919698477,23.507975,208,13,359.296875,4778.500
1785209581.919698477,23.507975,208,9,0.937500,4836.250
1785209581.919698477,23.507975,208,9,2.578125,4942.250
1785209581.919698477,23.507975,208,14,4.218750,4991.750
1785209581.919698477,23.507975,208,13,5.843750,5028.750
1785209581.919698477,23.507975,208,13,7.468750,5088.250
1785209581.919698477,23.507975,208,14,9.125000,5119.500
1785209581.919698477,23.507975,208,14,10.671875,5156.750
1785209581.919698477,23.507975,208,13,12.296875,5202.000
1785209581.919698477,23.507975,208,15,196.593750,9603.250
1785209581.919698477,23.507975,208,15,199.859375,9554.500
1785209581.919698477,23.507975,208,15,213.750000,1307.250
1785209581.919698477,23.507975,208,15,215.453125,1309.500
1785209581.919698477,23.507975,208,15,217.046875,1324.500
1785209581.919698477,23.507975,208,15,223.453125,1407.750
1785209581.919698477,23.507975,208,14,240.578125,9654.750
1785209581.919698477,23.507975,208,15,243.859375,9067.250
1785209581.919698477,23.507975,208,15,247.125000,8612.500
1785209581.919698477,23.507975,208,15,248.765625,8430.500
1785209581.919698477,23.507975,208,15,250.375000,8242.500
1785209581.919698477,23.507975,208,15,252.015625,8092.750
1785209581.919698477,23.507975,208,15,253.640625,7983.500
1785209581.919698477,23.507975,208,15,255.281250,7849.750
1785209581.919698477,23.507975,208,15,256.906250,7725.750
1785209581.919698477,23.507975,208,15,258.531250,7650.500
1785209581.919698477,23.507975,208,15,260.187500,7494.250
1785209581.919698477,23.507975,208,15,261.812500,7353.750
1785209581.919698477,23.507975,208,15,269.968750,6766.750
1785209581.919698477,23.507975,208,15,273.250000,6658.000
1785209581.919698477,23.507975,208,15,274.828125,6577.750
1785209582.035250425,23.652328,209,9,358.343750,4773.000
1785209582.035250425,23.652328,209,8,359.968750,4800.750
1785209582.035250425,23.652328,209,9,1.625000,4850.750
1785209582.035250425,23.652328,209,10,3.250000,4957.500
1785209582.035250425,23.652328,209,13,4.875000,5028.750
1785209582.035250425,23.652328,209,14,6.500000,5067.000
1785209582.035250425,23.652328,209,14,8.140625,5099.250
1785209582.035250425,23.652328,209,11,9.765625,5132.000
1785209582.035250425,23.652328,209,11,11.359375,5175.250
1785209582.035250425,23.652328,209,15,197.265625,9583.750
1785209582.035250425,23.652328,209,15,198.906250,9574.000
1785209582.035250425,23.652328,209,15,200.531250,9583.250
1785209582.035250425,23.652328,209,15,214.578125,1315.000
1785209582.035250425,23.652328,209,15,216.140625,1321.500
1785209582.035250425,23.652328,209,15,217.843750,1320.000
1785209582.035250425,23.652328,209,15,219.406250,1327.000
1785209582.035250425,23.652328,209,15,222.640625,1358.000
1785209582.035250425,23.652328,209,10,233.156250,11749.750
1785209582.035250425,23.652328,209,15,239.734375,9903.000
1785209582.035250425,23.652328,209,15,244.640625,8908.750
1785209582.035250425,23.652328,209,15,246.265625,8747.750
1785209582.035250425,23.652328,209,15,247.906250,8607.250
1785209582.035250425,23.652328,209,15,251.156250,8164.500
1785209582.035250425,23.652328,209,15,252.796875,8051.000
1785209582.035250425,23.652328,209,8,259.312500,7589.000
1785209582.035250425,23.652328,209,15,274.031250,6586.000
1785209582.035250425,23.652328,209,15,275.609375,6557.750
1785209582.035250425,23.652328,209,12,277.234375,6543.500
1785209582.146927118,23.807571,210,11,357.500000,4791.750
1785209582.146927118,23.807571,210,9,359.125000,4831.000
1785209582.146927118,23.807571,210,9,0.750000,4891.000
1785209582.146927118,23.807571,210,10,2.390625,4970.250
1785209582.146927118,23.807571,210,15,4.015625,5040.250
1785209582.146927118,23.807571,210,15,5.640625,5086.250
1785209582.146927118,23.807571,210,13,7.281250,5108.500
1785209582.146927118,23.807571,210,13,8.906250,5133.750
1785209582.146927118,23.807571,210,10,10.515625,5174.250
1785209582.146927118,23.807571,210,9,12.140625,5228.000
1785209582.146927118,23.807571,210,15,198.000000,9597.500
1785209582.146927118,23.807571,210,15,199.656250,9532.000
1785209582.146927118,23.807571,210,15,213.734375,1319.500
1785209582.146927118,23.807571,210,15,215.312500,1317.000
1785209582.146927118,23.807571,210,15,216.984375,1325.250
1785209582.146927118,23.807571,210,12,218.546875,1335.250
1785209582.146927118,23.807571,210,15,221.812500,1357.750
1785209582.146927118,23.807571,210,12,223.468750,1387.750
1785209582.146927118,23.807571,210,12,240.500000,9767.500
1785209582.146927118,23.807571,210,15,243.796875,9100.500
1785209582.146927118,23.807571,210,15,247.046875,8667.500
1785209582.146927118,23.807571,210,15,248.687500,8543.500
1785209582.146927118,23.807571,210,15,250.328125,8348.250
1785209582.146927118,23.807571,210,15,251.953125,8140.000
1785209582.146927118,23.807571,210,15,253.609375,7989.000
1785209582.146927118,23.807571,210,9,255.234375,7853.250
1785209582.146927118,23.807571,210,15,256.875000,7734.500
1785209582.146927118,23.807571,210,15,258.500000,7651.250
1785209582.146927118,23.807571,210,15,260.140625,7494.250
1785209582.146927118,23.807571,210,15,261.781250,7360.750
1785209582.146927118,23.807571,210,9,268.343750,6295.500
1785209582.146927118,23.807571,210,15,271.578125,6683.500
1785209582.146927118,23.807571,210,15,273.218750,6606.750
1785209582.146927118,23.807571,210,15,274.796875,6595.750
1785209582.146927118,23.807571,210,9,276.437500,6576.500
1785209582.261646748,23.885735,211,11,356.687500,4749.000
1785209582.261646748,23.885735,211,12,358.328125,4777.000
1785209582.261646748,23.885735,211,8,359.937500,4802.250
1785209582.261646748,23.885735,211,10,1.578125,4856.250
1785209582.261646748,23.885735,211,11,3.218750,4959.500
1785209582.261646748,23.885735,211,13,4.828125,5028.250
1785209582.261646748,23.885735,211,15,6.468750,5081.250
1785209582.261646748,23.885735,211,12,8.109375,5118.000
1785209582.261646748,23.885735,211,15,9.750000,5137.750
1785209582.261646748,23.885735,211,11,11.343750,5187.000
1785209582.261646748,23.885735,211,15,197.171875,9576.250
1785209582.261646748,23.885735,211,15,198.796875,9578.250
1785209582.261646748,23.885735,211,15,200.437500,9589.500
1785209582.261646748,23.885735,211,10,214.453125,1320.000
1785209582.261646748,23.885735,211,15,217.796875,1318.000
1785209582.261646748,23.885735,211,15,219.328125,1327.750
1785209582.261646748,23.885735,211,15,222.609375,1358.250
1785209582.261646748,23.885735,211,14,238.015625,10238.750
1785209582.261646748,23.885735,211,15,239.656250,9962.000
1785209582.261646748,23.885735,211,15,244.578125,9008.500
1785209582.261646748,23.885735,211,15,246.203125,8802.000
1785209582.261646748,23.885735,211,15,247.843750,8612.250
1785209582.261646748,23.885735,211,15,249.468750,8440.000
1785209582.261646748,23.885735,211,15,251.125000,8264.000
1785209582.261646748,23.885735,211,15,252.765625,8104.000
1785209582.261646748,23.885735,211,15,254.390625,7976.750
1785209582.261646748,23.885735,211,15,256.031250,7851.250
1785209582.261646748,23.885735,211,15,257.671875,7742.500
1785209582.261646748,23.885735,211,15,259.296875,7613.250
1785209582.261646748,23.885735,211,15,274.031250,6589.500
1785209582.261646748,23.885735,211,15,275.640625,6559.750
1785209582.372117281,23.963083,212,12,355.984375,4713.000
1785209582.372117281,23.963083,212,11,357.593750,4750.500
1785209582.372117281,23.963083,212,8,359.234375,4781.000
1785209582.372117281,23.963083,212,8,0.875000,4821.250
1785209582.372117281,23.963083,212,15,4.140625,4990.250
1785209582.372117281,23.963083,212,15,5.765625,5035.000
1785209582.372117281,23.963083,212,14,7.406250,5098.000
1785209582.372117281,23.963083,212,10,9.031250,5121.000
1785209582.372117281,23.963083,212,10,10.640625,5156.500
1785209582.372117281,23.963083,212,10,12.265625,5206.000
1785209582.372117281,23.963083,212,15,199.828125,9702.500
1785209582.372117281,23.963083,212,15,215.421875,1317.750
1785209582.372117281,23.963083,212,15,217.093750,1325.500
1785209582.372117281,23.963083,212,15,220.343750,1333.750
1785209582.372117281,23.963083,212,9,221.937500,1354.750
1785209582.372117281,23.963083,212,15,223.578125,1378.250
1785209582.372117281,23.963083,212,13,237.296875,10024.250
1785209582.372117281,23.963083,212,15,238.937500,10061.000
1785209582.372117281,23.963083,212,15,240.578125,9801.750
1785209582.372117281,23.963083,212,15,245.484375,8887.750
1785209582.372117281,23.963083,212,15,247.125000,8714.750
1785209582.372117281,23.963083,212,15,248.750000,8547.750
1785209582.372117281,23.963083,212,15,250.437500,8355.500
1785209582.372117281,23.963083,212,15,252.078125,8178.250
1785209582.372117281,23.963083,212,15,253.718750,8027.250
1785209582.372117281,23.963083,212,15,256.984375,7843.750
1785209582.372117281,23.963083,212,15,258.625000,7688.750
1785209582.372117281,23.963083,212,15,260.265625,7583.500
1785209582.372117281,23.963083,212,15,271.718750,6657.500
1785209582.372117281,23.963083,212,15,273.359375,6609.500
1785209582.372117281,23.963083,212,7,274.968750,6654.000
1785209582.486294746,24.120008,213,8,356.968750,4741.750
1785209582.486294746,24.120008,213,9,358.609375,4766.750
1785209582.486294746,24.120008,213,9,0.265625,4796.500
1785209582.486294746,24.120008,213,12,5.171875,5040.750
1785209582.486294746,24.120008,213,13,6.796875,5081.000
1785209582.486294746,24.120008,213,13,8.421875,5114.000
1785209582.486294746,24.120008,213,12,10.062500,5154.250
1785209582.486294746,24.120008,213,9,11.640625,5194.750
1785209582.486294746,24.120008,213,15,197.625000,9638.250
1785209582.486294746,24.120008,213,15,199.265625,9647.000
1785209582.486294746,24.120008,213,15,200.890625,9704.750
1785209582.486294746,24.120008,213,13,213.171875,1356.750
1785209582.486294746,24.120008,213,15,214.875000,1332.250
1785209582.486294746,24.120008,213,15,216.468750,1327.000
1785209582.486294746,24.120008,213,15,218.156250,1330.750
1785209582.486294746,24.120008,213,9,219.734375,1343.750
1785209582.486294746,24.120008,213,15,221.343750,1350.500
1785209582.486294746,24.120008,213,15,238.359375,10245.750
1785209582.486294746,24.120008,213,15,239.984375,9962.250
1785209582.486294746,24.120008,213,15,246.515625,8791.000
1785209582.486294746,24.120008,213,15,248.171875,8662.750
1785209582.486294746,24.120008,213,15,249.796875,8474.500
1785209582.486294746,24.120008,213,15,251.484375,8235.000
1785209582.486294746,24.120008,213,15,253.140625,8090.250
1785209582.486294746,24.120008,213,15,254.765625,8003.500
1785209582.486294746,24.120008,213,15,256.406250,7880.000
1785209582.486294746,24.120008,213,15,258.031250,7757.750
1785209582.486294746,24.120008,213,15,259.671875,7614.750
1785209582.486294746,24.120008,213,15,262.953125,7428.000
1785209582.486294746,24.120008,213,15,274.375000,6599.750
1785209582.598500252,24.199574,214,11,356.437500,4715.000
1785209582.598500252,24.199574,214,9,358.078125,4748.250
1785209582.598500252,24.199574,214,10,359.734375,4784.000
1785209582.598500252,24.199574,214,10,1.375000,4826.750
1785209582.598500252,24.199574,214,15,4.640625,4926.750
1785209582.598500252,24.199574,214,15,6.281250,5039.000
1785209582.598500252,24.199574,214,15,7.906250,5088.000
1785209582.598500252,24.199574,214,14,9.546875,5118.000
1785209582.598500252,24.199574,214,13,11.109375,5156.000
1785209582.598500252,24.199574,214,7,12.750000,5201.250
1785209582.598500252,24.199574,214,15,200.328125,9586.000
1785209582.598500252,24.199574,214,15,215.921875,1321.750
1785209582.598500252,24.199574,214,15,217.531250,1325.500
1785209582.598500252,24.199574,214,15,219.171875,1333.000
1785209582.598500252,24.199574,214,15,222.421875,1355.000
1785209582.598500252,24.199574,214,9,223.984375,1394.750
1785209582.598500252,24.199574,214,15,246.015625,8810.250
1785209582.598500252,24.199574,214,15,247.656250,8695.750
1785209582.598500252,24.199574,214,15,249.296875,8581.500
1785209582.598500252,24.199574,214,15,252.593750,8158.750
1785209582.598500252,24.199574,214,15,254.218750,8017.500
1785209582.598500252,24.199574,214,12,255.859375,7867.000
1785209582.598500252,24.199574,214,15,257.500000,7740.750
1785209582.598500252,24.199574,214,15,262.390625,7427.000
1785209582.598500252,24.199574,214,15,268.968750,6231.000
1785209582.598500252,24.199574,214,15,272.218750,6672.500
1785209582.598500252,24.199574,214,15,273.843750,6624.000
1785209582.713263273,24.341153,215,10,359.046875,4743.500
1785209582.713263273,24.341153,215,11,0.687500,4788.250
1785209582.713263273,24.341153,215,10,2.296875,4847.500
1785209582.713263273,24.341153,215,11,3.953125,4936.000
1785209582.713263273,24.341153,215,14,5.593750,5018.250
1785209582.713263273,24.341153,215,14,7.234375,5077.250
1785209582.713263273,24.341153,215,15,8.843750,5127.750
1785209582.713263273,24.341153,215,13,10.437500,5148.250
1785209582.713263273,24.341153,215,8,12.062500,5177.750
1785209582.713263273,24.341153,215,15,197.937500,9672.750
1785209582.713263273,24.341153,215,15,199.562500,9599.000
1785209582.713263273,24.341153,215,15,201.203125,9607.750
1785209582.713263273,24.341153,215,15,213.531250,1367.000
1785209582.713263273,24.341153,215,15,215.187500,1337.500
1785209582.713263273,24.341153,215,15,216.828125,1320.750
1785209582.713263273,24.341153,215,15,218.437500,1324.000
1785209582.713263273,24.341153,215,15,220.062500,1344.250
1785209582.713263273,24.341153,215,15,223.296875,1365.250
1785209582.713263273,24.341153,215,15,224.937500,1393.750
1785209582.713263273,24.341153,215,15,240.406250,9916.250
1785209582.713263273,24.341153,215,13,242.046875,9694.000
1785209582.713263273,24.341153,215,15,245.312500,9018.500
1785209582.713263273,24.341153,215,15,246.953125,8823.500
1785209582.713263273,24.341153,215,15,248.593750,8653.500
1785209582.713263273,24.341153,215,15,251.859375,8225.750
1785209582.713263273,24.341153,215,15,253.500000,8092.250
1785209582.713263273,24.341153,215,15,255.125000,7985.750
1785209582.713263273,24.341153,215,15,256.765625,7845.500
1785209582.713263273,24.341153,215,15,258.390625,7720.250
1785209582.713263273,24.341153,215,15,260.046875,7619.500
1785209582.713263273,24.341153,215,9,274.703125,6716.000
1785209582.824752808,24.466805,216,10,358.281250,4775.250
1785209582.824752808,24.466805,216,9,359.906250,4802.500
1785209582.824752808,24.466805,216,11,4.796875,5030.750
1785209582.824752808,24.466805,216,12,6.437500,5080.500
1785209582.824752808,24.466805,216,12,8.062500,5119.000
1785209582.824752808,24.466805,216,12,9.703125,5156.500
1785209582.824752808,24.466805,216,15,195.578125,10237.000
1785209582.824752808,24.466805,216,15,216.078125,1333.000
1785209582.824752808,24.466805,216,8,217.687500,1332.000
1785209582.824752808,24.466805,216,15,219.343750,1331.250
1785209582.824752808,24.466805,216,15,221.015625,1340.000
1785209582.824752808,24.466805,216,15,224.187500,1369.250
1785209582.824752808,24.466805,216,15,242.906250,9463.500
1785209582.824752808,24.466805,216,15,246.171875,8866.000
1785209582.824752808,24.466805,216,15,247.812500,8729.000
1785209582.824752808,24.466805,216,15,249.453125,8579.500
1785209582.824752808,24.466805,216,15,252.703125,8119.250
1785209582.824752808,24.466805,216,15,254.328125,8043.500
1785209582.824752808,24.466805,216,15,259.218750,7681.000
1785209582.824752808,24.466805,216,15,260.859375,7615.750
1785209582.824752808,24.466805,216,11,262.500000,7554.750
1785209582.824752808,24.466805,216,15,272.296875,6714.750
1785209582.824752808,24.466805,216,9,273.921875,6682.250
1785209582.936581850,24.543654,217,11,355.796875,4749.000
1785209582.936581850,24.543654,217,10,357.437500,4775.000
1785209582.936581850,24.543654,217,8,359.078125,4799.250
1785209582.936581850,24.543654,217,8,0.703125,4844.000
1785209582.936581850,24.543654,217,8,2.328125,4936.000
1785209582.936581850,24.543654,217,15,3.968750,4994.000
1785209582.936581850,24.543654,217,11,5.593750,5020.750
1785209582.936581850,24.543654,217,10,7.203125,5076.250
1785209582.936581850,24.543654,217,12,8.859375,5123.000
1785209582.936581850,24.543654,217,9,10.437500,5152.750
1785209582.936581850,24.543654,217,7,12.078125,5209.250
1785209582.936581850,24.543654,217,15,197.984375,9666.000
1785209582.936581850,24.543654,217,15,201.250000,9648.750
1785209582.936581850,24.543654,217,15,216.859375,1335.000
1785209582.936581850,24.543654,217,14,218.515625,1340.750
1785209582.936581850,24.543654,217,15,223.343750,1362.500
1785209582.936581850,24.543654,217,15,225.000000,1394.500
1785209582.936581850,24.543654,217,9,233.843750,11820.250
1785209582.936581850,24.543654,217,14,242.015625,9706.500
1785209582.936581850,24.543654,217,15,245.296875,9053.750
1785209582.936581850,24.543654,217,15,246.921875,8826.250
1785209582.936581850,24.543654,217,15,248.562500,8662.250
1785209582.936581850,24.543654,217,15,250.187500,8520.750
1785209582.936581850,24.543654,217,15,251.828125,8335.000
1785209582.936581850,24.543654,217,15,253.453125,8142.500
1785209582.936581850,24.543654,217,15,255.093750,7992.750
1785209582.936581850,24.543654,217,15,256.734375,7849.000
1785209582.936581850,24.543654,217,15,258.343750,7723.000
1785209582.936581850,24.543654,217,15,259.984375,7661.500
1785209582.936581850,24.543654,217,15,261.625000,7587.000
1785209582.936581850,24.543654,217,15,263.250000,7440.000
1785209583.049628019,24.699830,218,8,358.203125,4765.500
1785209583.049628019,24.699830,218,10,359.859375,4833.000
1785209583.049628019,24.699830,218,9,1.468750,4951.500
1785209583.049628019,24.699830,218,13,3.109375,5010.500
1785209583.049628019,24.699830,218,10,4.734375,5029.750
1785209583.049628019,24.699830,218,12,6.359375,5086.000
1785209583.049628019,24.699830,218,12,8.000000,5124.500
1785209583.049628019,24.699830,218,9,9.640625,5160.500
1785209583.049628019,24.699830,218,8,11.250000,5227.000
1785209583.049628019,24.699830,218,15,198.859375,9575.250
1785209583.049628019,24.699830,218,15,200.500000,9596.000
1785209583.049628019,24.699830,218,15,214.484375,1370.000
1785209583.049628019,24.699830,218,15,216.109375,1340.750
1785209583.049628019,24.699830,218,15,217.796875,1328.000
1785209583.049628019,24.699830,218,15,219.406250,1330.750
1785209583.049628019,24.699830,218,15,220.984375,1350.250
1785209583.049628019,24.699830,218,15,224.203125,1375.750
1785209583.049628019,24.699830,218,15,225.796875,1409.500
1785209583.049628019,24.699830,218,8,234.687500,11859.750
1785209583.049628019,24.699830,218,15,239.593750,10175.250
1785209583.049628019,24.699830,218,15,241.234375,9885.750
1785209583.049628019,24.699830,218,15,246.125000,8960.750
1785209583.049628019,24.699830,218,15,247.765625,8764.750
1785209583.049628019,24.699830,218,15,249.406250,8583.750
1785209583.049628019,24.699830,218,15,251.046875,8396.250
1785209583.049628019,24.699830,218,15,252.703125,8171.500
1785209583.049628019,24.699830,218,15,254.312500,8050.500
1785209583.049628019,24.699830,218,15,259.218750,7687.000
1785209583.049628019,24.699830,218,7,260.843750,7616.250
1785209583.049628019,24.699830,218,15,270.656250,6786.000
1785209583.049628019,24.699830,218,15,272.296875,6689.750
1785209583.049628019,24.699830,218,12,273.906250,6688.750
1785209583.162339211,24.763213,219,8,355.812500,4772.250
1785209583.162339211,24.763213,219,7,357.453125,4821.250
1785209583.162339211,24.763213,219,9,359.078125,4883.000
1785209583.162339211,24.763213,219,7,0.718750,4959.250
1785209583.162339211,24.763213,219,11,2.343750,5017.500
1785209583.162339211,24.763213,219,12,3.968750,5054.250
1785209583.162339211,24.763213,219,12,5.609375,5084.500
1785209583.162339211,24.763213,219,13,7.265625,5128.000
1785209583.162339211,24.763213,219,10,8.875000,5152.000
1785209583.162339211,24.763213,219,8,175.187500,11907.000
1785209583.162339211,24.763213,219,15,198.156250,9571.750
1785209583.162339211,24.763213,219,15,201.437500,9566.000
1785209583.162339211,24.763213,219,15,217.015625,1340.500
1785209583.162339211,24.763213,219,15,220.281250,1340.750
1785209583.162339211,24.763213,219,15,221.890625,1350.750
1785209583.162339211,24.763213,219,13,242.171875,9737.750
1785209583.162339211,24.763213,219,15,245.453125,9050.000
1785209583.162339211,24.763213,219,15,247.078125,8842.250
1785209583.162339211,24.763213,219,15,248.718750,8674.750
1785209583.162339211,24.763213,219,15,250.375000,8507.000
1785209583.162339211,24.763213,219,15,252.015625,8322.000
1785209583.162339211,24.763213,219,15,253.640625,8142.250
1785209583.162339211,24.763213,219,15,255.281250,8029.500
1785209583.162339211,24.763213,219,15,256.921875,7905.750
1785209583.162339211,24.763213,219,15,258.546875,7759.750
1785209583.162339211,24.763213,219,15,260.187500,7634.750
1785209583.162339211,24.763213,219,15,261.828125,7512.750
1785209583.162339211,24.763213,219,15,263.453125,7437.250
1785209583.277302504,24.918604,220,9,356.796875,4806.000
1785209583.277302504,24.918604,220,8,0.062500,4924.750
1785209583.277302504,24.918604,220,12,1.703125,5028.750
1785209583.277302504,24.918604,220,12,3.328125,5066.000
1785209583.277302504,24.918604,220,11,4.968750,5099.500
1785209583.277302504,24.918604,220,10,6.593750,5154.250
1785209583.277302504,24.918604,220,7,8.234375,5204.500
1785209583.277302504,24.918604,220,15,195.875000,10480.250
1785209583.277302504,24.918604,220,15,199.156250,9680.250
1785209583.277302504,24.918604,220,15,200.796875,9647.250
1785209583.277302504,24.918604,220,15,218.031250,1340.000
1785209583.277302504,24.918604,220,9,219.625000,1349.500
1785209583.277302504,24.918604,220,15,222.953125,1361.500
1785209583.277302504,24.918604,220,11,224.484375,1390.750
1785209583.277302504,24.918604,220,15,226.093750,1426.500
1785209583.277302504,24.918604,220,13,241.578125,9849.500
1785209583.277302504,24.918604,220,15,246.500000,8929.500
1785209583.277302504,24.918604,220,15,248.140625,8740.500
1785209583.277302504,24.918604,220,15,249.765625,8598.250
1785209583.277302504,24.918604,220,15,251.453125,8400.750
1785209583.277302504,24.918604,220,15,253.093750,8210.750
1785209583.277302504,24.918604,220,15,254.718750,8082.000
1785209583.277302504,24.918604,220,15,259.640625,7720.500
1785209583.277302504,24.918604,220,15,261.265625,7632.000
1785209583.277302504,24.918604,220,15,272.734375,6693.000
1785209583.277302504,24.918604,220,15,274.312500,6644.000
1785209583.277302504,24.918604,220,13,275.921875,6669.500
1785209583.388251066,24.997303,221,8,357.843750,4827.500
1785209583.388251066,24.997303,221,8,359.484375,4864.750
1785209583.388251066,24.997303,221,7,1.109375,4954.750
1785209583.388251066,24.997303,221,15,2.765625,5035.000
1785209583.388251066,24.997303,221,12,4.375000,5075.000
1785209583.388251066,24.997303,221,12,6.015625,5120.750
1785209583.388251066,24.997303,221,10,7.640625,5153.500
1785209583.388251066,24.997303,221,9,9.296875,5183.500
1785209583.388251066,24.997303,221,8,10.843750,5250.250
1785209583.388251066,24.997303,221,15,198.375000,9624.250
1785209583.388251066,24.997303,221,13,200.000000,9690.500
1785209583.388251066,24.997303,221,15,201.656250,9673.000
1785209583.388251066,24.997303,221,15,215.625000,1370.250
1785209583.388251066,24.997303,221,15,217.312500,1340.500
1785209583.388251066,24.997303,221,15,218.890625,1338.750
1785209583.388251066,24.997303,221,15,223.812500,1362.250
1785209583.388251066,24.997303,221,13,242.500000,9741.500
1785209583.388251066,24.997303,221,15,245.781250,9101.000
1785209583.388251066,24.997303,221,15,247.406250,8865.000
1785209583.388251066,24.997303,221,15,249.046875,8684.000
1785209583.388251066,24.997303,221,15,250.703125,8538.750
1785209583.388251066,24.997303,221,15,253.984375,8123.250
1785209583.388251066,24.997303,221,15,255.625000,8007.750
1785209583.388251066,24.997303,221,15,257.250000,7889.500
1785209583.388251066,24.997303,221,15,258.890625,7763.750
1785209583.388251066,24.997303,221,15,260.531250,7654.000
1785209583.388251066,24.997303,221,15,262.171875,7574.250
1785209583.388251066,24.997303,221,15,263.812500,7462.000
1785209583.501586437,25.152913,222,10,357.171875,4785.500
1785209583.501586437,25.152913,222,9,358.812500,4847.750
1785209583.501586437,25.152913,222,9,2.078125,4965.000
1785209583.501586437,25.152913,222,15,3.718750,5038.250
1785209583.501586437,25.152913,222,13,5.328125,5083.250
1785209583.501586437,25.152913,222,10,6.968750,5144.000
1785209583.501586437,25.152913,222,13,8.609375,5164.000
1785209583.501586437,25.152913,222,8,10.234375,5169.000
1785209583.501586437,25.152913,222,15,199.359375,9483.250
1785209583.501586437,25.152913,222,15,200.968750,9479.000
1785209583.501586437,25.152913,222,13,218.171875,1341.500
1785209583.501586437,25.152913,222,15,219.812500,1339.750
1785209583.501586437,25.152913,222,15,221.484375,1354.250
1785209583.501586437,25.152913,222,15,224.671875,1375.500
1785209583.501586437,25.152913,222,9,235.250000,11823.250
1785209583.501586437,25.152913,222,14,240.187500,10164.250
1785209583.501586437,25.152913,222,14,241.828125,9921.750
1785209583.501586437,25.152913,222,15,246.734375,8998.500
1785209583.501586437,25.152913,222,15,248.375000,8801.500
1785209583.501586437,25.152913,222,15,250.015625,8644.000
1785209583.501586437,25.152913,222,15,251.656250,8467.500
1785209583.501586437,25.152913,222,15,253.281250,8243.000
1785209583.501586437,25.152913,222,15,254.906250,8106.500
1785209583.501586437,25.152913,222,15,261.453125,7639.500
1785209583.501586437,25.152913,222,13,266.546875,3895.000
1785209583.614056587,25.231101,223,9,356.562500,4786.000
1785209583.614056587,25.231101,223,9,358.203125,4840.250
1785209583.614056587,25.231101,223,10,1.468750,4935.500
1785209583.614056587,25.231101,223,15,3.109375,5009.500
1785209583.614056587,25.231101,223,13,4.734375,5037.250
1785209583.614056587,25.231101,223,10,6.359375,5095.500
1785209583.614056587,25.231101,223,10,8.000000,5152.250
1785209583.614056587,25.231101,223,8,9.625000,5210.750
1785209583.614056587,25.231101,223,15,198.703125,9669.000
1785209583.614056587,25.231101,223,15,200.343750,9633.750
1785209583.614056587,25.231101,223,15,201.968750,9632.250
1785209583.614056587,25.231101,223,13,219.218750,1349.250
1785209583.614056587,25.231101,223,15,222.484375,1357.500
1785209583.614056587,25.231101,223,15,224.046875,1373.500
1785209583.614056587,25.231101,223,15,225.703125,1395.500
1785209583.614056587,25.231101,223,15,227.312500,1417.000
1785209583.614056587,25.231101,223,15,244.406250,9402.000
1785209583.614056587,25.231101,223,15,247.671875,8852.750
1785209583.614056587,25.231101,223,15,249.312500,8667.750
1785209583.614056587,25.231101,223,15,250.953125,8496.250
1785209583.614056587,25.231101,223,15,252.562500,8311.000
1785209583.614056587,25.231101,223,15,254.203125,8144.250
1785209583.614056587,25.231101,223,15,255.843750,8035.500
1785209583.614056587,25.231101,223,15,257.484375,7917.250
1785209583.614056587,25.231101,223,15,259.125000,7772.750
1785209583.614056587,25.231101,223,13,260.734375,7661.500
1785209583.614056587,25.231101,223,15,262.375000,7574.250
1785209583.728199005,25.388509,224,12,359.000000,5029.500
1785209583.728199005,25.388509,224,10,0.625000,5059.000
1785209583.728199005,25.388509,224,15,2.250000,5061.000
1785209583.728199005,25.388509,224,11,3.906250,5081.000
1785209583.728199005,25.388509,224,8,5.515625,5138.500
1785209583.728199005,25.388509,224,8,7.156250,5162.500
1785209583.728199005,25.388509,224,8,8.796875,5205.000
1785209583.728199005,25.388509,224,8,10.375000,5309.750
1785209583.728199005,25.388509,224,15,199.359375,9580.750
1785209583.728199005,25.388509,224,15,200.984375,9632.250
1785209583.728199005,25.388509,224,15,202.671875,9598.000
1785209583.728199005,25.388509,224,11,216.656250,1389.000
1785209583.728199005,25.388509,224,15,218.312500,1367.250
1785209583.728199005,25.388509,224,15,219.921875,1355.000
1785209583.728199005,25.388509,224,15,221.578125,1356.000
1785209583.728199005,25.388509,224,9,224.750000,1384.000
1785209583.728199005,25.388509,224,10,241.796875,9903.750
1785209583.728199005,25.388509,224,15,246.703125,9005.000
1785209583.728199005,25.388509,224,15,248.328125,8805.500
1785209583.728199005,25.388509,224,15,249.968750,8642.250
1785209583.728199005,25.388509,224,15,251.593750,8463.750
1785209583.728199005,25.388509,224,15,253.218750,8281.000
1785209583.728199005,25.388509,224,15,254.843750,8143.500
1785209583.728199005,25.388509,224,15,256.484375,8019.000
1785209583.728199005,25.388509,224,15,258.109375,7903.250
1785209583.728199005,25.388509,224,15,259.750000,7772.250
1785209583.728199005,25.388509,224,15,261.375000,7675.000
1785209583.728199005,25.388509,224,15,274.421875,6784.500
1785209583.728199005,25.388509,224,7,276.046875,6703.250
1785209583.840248823,25.467480,225,9,356.343750,4797.250
1785209583.840248823,25.467480,225,9,1.234375,5005.000
1785209583.840248823,25.467480,225,15,2.859375,5037.250
1785209583.840248823,25.467480,225,12,4.500000,5074.750
1785209583.840248823,25.467480,225,11,6.125000,5124.000
1785209583.840248823,25.467480,225,10,7.781250,5172.500
1785209583.840248823,25.467480,225,8,9.390625,5217.250
1785209583.840248823,25.467480,225,13,10.984375,5299.250
1785209583.840248823,25.467480,225,15,169.359375,2451.250
1785209583.840248823,25.467480,225,15,199.968750,9549.000
1785209583.840248823,25.467480,225,15,201.609375,9523.500
1785209583.840248823,25.467480,225,15,217.234375,1382.750
1785209583.840248823,25.467480,225,15,225.375000,1409.750
1785209583.840248823,25.467480,225,15,226.937500,1418.000
1785209583.840248823,25.467480,225,15,242.359375,9836.750
1785209583.840248823,25.467480,225,11,243.984375,9647.250
1785209583.840248823,25.467480,225,15,247.265625,8993.000
1785209583.840248823,25.467480,225,15,248.890625,8806.500
1785209583.840248823,25.467480,225,15,250.515625,8612.000
1785209583.840248823,25.467480,225,15,252.140625,8440.250
1785209583.840248823,25.467480,225,15,253.781250,8237.000
1785209583.840248823,25.467480,225,15,255.421875,8094.250
1785209583.840248823,25.467480,225,12,267.000000,3875.250
1785209583.951088428,25.544932,226,11,356.828125,4823.750
1785209583.951088428,25.544932,226,10,1.718750,5031.000
1785209583.951088428,25.544932,226,12,3.359375,5062.250
1785209583.951088428,25.544932,226,13,4.984375,5097.750
1785209583.951088428,25.544932,226,9,6.625000,5154.500
1785209583.951088428,25.544932,226,8,8.265625,5201.500
1785209583.951088428,25.544932,226,13,169.921875,2444.250
1785209583.951088428,25.544932,226,15,202.156250,9649.750
1785209583.951088428,25.544932,226,15,217.703125,1379.250
1785209583.951088428,25.544932,226,13,219.359375,1361.500
1785209583.951088428,25.544932,226,15,224.234375,1374.500
1785209583.951088428,25.544932,226,12,242.843750,9777.500
1785209583.951088428,25.544932,226,15,247.750000,8866.000
1785209583.951088428,25.544932,226,15,249.375000,8719.000
1785209583.951088428,25.544932,226,15,251.062500,8593.750
1785209583.951088428,25.544932,226,15,252.687500,8400.500
1785209583.951088428,25.544932,226,15,254.328125,8217.250
1785209583.951088428,25.544932,226,15,255.968750,8092.250
1785209583.951088428,25.544932,226,7,257.593750,7962.500
1785209583.951088428,25.544932,226,15,259.234375,7820.250
1785209583.951088428,25.544932,226,9,260.875000,7709.250
1785209583.951088428,25.544932,226,15,262.500000,7604.000
1785209583.951088428,25.544932,226,15,273.937500,6856.500
1785209584.066072226,25.699632,227,8,357.468750,4816.250
1785209584.066072226,25.699632,227,7,359.093750,4937.500
1785209584.066072226,25.699632,227,10,0.718750,5032.000
1785209584.066072226,25.699632,227,14,2.359375,5056.250
1785209584.066072226,25.699632,227,10,3.984375,5058.750
1785209584.066072226,25.699632,227,11,5.625000,5090.250
1785209584.066072226,25.699632,227,10,7.265625,5157.500
1785209584.066072226,25.699632,227,8,10.484375,5248.500
1785209584.066072226,25.699632,227,15,199.687500,9628.500
1785209584.066072226,25.699632,227,15,202.921875,9602.500
1785209584.066072226,25.699632,227,15,220.140625,1359.250
1785209584.066072226,25.699632,227,15,221.718750,1362.000
1785209584.066072226,25.699632,227,15,228.203125,1434.000
1785209584.066072226,25.699632,227,14,243.656250,9723.250
1785209584.066072226,25.699632,227,15,246.937500,9072.750
1785209584.066072226,25.699632,227,15,248.578125,8852.500
1785209584.066072226,25.699632,227,15,250.265625,8688.500
1785209584.066072226,25.699632,227,15,251.890625,8532.250
1785209584.066072226,25.699632,227,15,255.171875,8125.250
1785209584.066072226,25.699632,227,15,256.812500,8035.500
1785209584.066072226,25.699632,227,15,258.437500,7920.750
1785209584.066072226,25.699632,227,15,260.078125,7791.750
1785209584.066072226,25.699632,227,15,261.718750,7694.250
1785209584.176611423,25.778917,228,9,356.781250,4788.250
1785209584.176611423,25.778917,228,9,358.421875,4846.750
1785209584.176611423,25.778917,228,7,0.031250,4939.250
1785209584.176611423,25.778917,228,7,1.687500,5023.750
1785209584.176611423,25.778917,228,15,3.328125,5036.250
1785209584.176611423,25.778917,228,10,4.953125,5071.500
1785209584.176611423,25.778917,228,9,6.593750,5148.500
1785209584.176611423,25.778917,228,11,8.218750,5195.750
1785209584.176611423,25.778917,228,9,9.875000,5240.500
1785209584.176611423,25.778917,228,7,11.421875,5345.500
1785209584.176611423,25.778917,228,15,202.390625,9673.000
1785209584.176611423,25.778917,228,9,217.984375,1396.750
1785209584.176611423,25.778917,228,10,219.562500,1370.250
1785209584.176611423,25.778917,228,15,221.250000,1363.500
1785209584.176611423,25.778917,228,10,224.453125,1385.500
1785209584.176611423,25.778917,228,15,226.140625,1408.000
1785209584.176611423,25.778917,228,15,227.718750,1426.750
1785209584.176611423,25.778917,228,15,229.312500,1465.000
1785209584.176611423,25.778917,228,12,243.171875,9824.250
1785209584.176611423,25.778917,228,15,246.437500,9195.500
1785209584.176611423,25.778917,228,15,248.078125,8922.000
1785209584.176611423,25.778917,228,15,249.703125,8705.500
1785209584.176611423,25.778917,228,15,251.375000,8565.750
1785209584.176611423,25.778917,228,15,253.015625,8385.750
1785209584.176611423,25.778917,228,15,254.656250,8208.500
1785209584.176611423,25.778917,228,15,256.281250,8110.750
1785209584.176611423,25.778917,228,15,257.921875,7972.500
1785209584.176611423,25.778917,228,15,259.562500,7816.500
1785209584.176611423,25.778917,228,15,261.203125,7679.750
1785209584.176611423,25.778917,228,15,262.828125,7581.000
1785209584.292118311,25.953326,229,14,2.765625,5042.250
1785209584.292118311,25.953326,229,11,4.390625,5076.000
1785209584.292118311,25.953326,229,11,6.015625,5128.500
1785209584.292118311,25.953326,229,8,7.656250,5186.750
1785209584.292118311,25.953326,229,15,169.531250,2379.000
1785209584.292118311,25.953326,229,15,200.140625,9601.000
1785209584.292118311,25.953326,229,15,201.781250,9577.500
1785209584.292118311,25.953326,229,15,203.390625,9580.250
1785209584.292118311,25.953326,229,15,219.000000,1389.750
1785209584.292118311,25.953326,229,15,222.218750,1365.250
1785209584.292118311,25.953326,229,15,223.843750,1378.250
1785209584.292118311,25.953326,229,10,225.484375,1408.000
1785209584.292118311,25.953326,229,15,227.125000,1422.500
1785209584.292118311,25.953326,229,15,228.718750,1437.250
1785209584.292118311,25.953326,229,12,240.906250,10173.500
1785209584.292118311,25.953326,229,15,242.546875,9940.500
1785209584.292118311,25.953326,229,11,244.171875,9720.750
1785209584.292118311,25.953326,229,15,247.453125,9108.250
1785209584.292118311,25.953326,229,15,249.093750,8884.750
1785209584.292118311,25.953326,229,15,250.703125,8686.500
1785209584.292118311,25.953326,229,15,252.359375,8490.000
1785209584.292118311,25.953326,229,15,253.984375,8287.250
1785209584.292118311,25.953326,229,15,255.625000,8144.000
1785209584.292118311,25.953326,229,15,257.250000,8039.500
1785209584.292118311,25.953326,229,15,258.890625,7928.750
1785209584.292118311,25.953326,229,15,260.531250,7791.750
1785209584.292118311,25.953326,229,15,262.140625,7687.000
1785209584.402612209,26.033597,230,8,356.984375,4875.500
1785209584.402612209,26.033597,230,8,358.625000,4975.000
1785209584.402612209,26.033597,230,10,0.234375,5058.250
1785209584.402612209,26.033597,230,13,1.859375,5066.000
1785209584.402612209,26.033597,230,14,3.515625,5078.500
1785209584.402612209,26.033597,230,11,5.140625,5124.500
1785209584.402612209,26.033597,230,11,6.765625,5175.000
1785209584.402612209,26.033597,230,15,170.125000,2370.250
1785209584.402612209,26.033597,230,15,200.703125,9554.750
1785209584.402612209,26.033597,230,15,202.343750,9562.500
1785209584.402612209,26.033597,230,15,221.187500,1371.500
1785209584.402612209,26.033597,230,9,224.437500,1394.000
1785209584.402612209,26.033597,230,15,226.125000,1407.750
1785209584.402612209,26.033597,230,14,243.171875,9835.500
1785209584.402612209,26.033597,230,15,244.796875,9666.000
1785209584.402612209,26.033597,230,15,248.093750,9024.250
1785209584.402612209,26.033597,230,15,249.718750,8818.000
1785209584.402612209,26.033597,230,15,251.343750,8646.750
1785209584.402612209,26.033597,230,15,252.953125,8458.250
1785209584.402612209,26.033597,230,15,254.609375,8261.750
1785209584.402612209,26.033597,230,15,256.234375,8123.250
1785209584.402612209,26.033597,230,9,267.859375,3925.750
1785209584.518047333,26.112786,231,13,0.890625,5034.250
1785209584.518047333,26.112786,231,14,2.515625,5060.500
1785209584.518047333,26.112786,231,11,4.156250,5082.000
1785209584.518047333,26.112786,231,11,5.765625,5144.500
1785209584.518047333,26.112786,231,8,7.406250,5203.750
1785209584.518047333,26.112786,231,15,201.312500,9634.500
1785209584.518047333,26.112786,231,15,202.984375,9609.000
1785209584.518047333,26.112786,231,15,221.859375,1375.500
1785209584.518047333,26.112786,231,15,225.093750,1385.000
1785209584.518047333,26.112786,231,15,229.921875,1461.250
1785209584.518047333,26.112786,231,13,242.140625,10112.750
1785209584.518047333,26.112786,231,15,248.703125,8938.000
1785209584.518047333,26.112786,231,15,250.328125,8760.250
1785209584.518047333,26.112786,231,15,251.953125,8600.250
1785209584.518047333,26.112786,231,15,253.593750,8422.750
1785209584.518047333,26.112786,231,15,255.234375,8204.750
1785209584.518047333,26.112786,231,15,256.875000,8048.750
1785209584.518047333,26.112786,231,15,258.500000,7931.000
1785209584.518047333,26.112786,231,15,260.140625,7798.500
1785209584.518047333,26.112786,231,15,261.765625,7699.000
1785209584.518047333,26.112786,231,15,263.406250,7618.500
1785209584.518047333,26.112786,231,15,265.031250,7552.750
1785209584.629175186,26.268447,232,8,355.062500,4751.000
1785209584.629175186,26.268447,232,9,356.718750,4788.000
1785209584.629175186,26.268447,232,8,358.312500,4848.000
1785209584.629175186,26.268447,232,9,359.968750,4933.500
1785209584.629175186,26.268447,232,11,1.593750,5009.750
1785209584.629175186,26.268447,232,13,3.218750,5022.500
1785209584.629175186,26.268447,232,11,4.843750,5046.500
1785209584.629175186,26.268447,232,10,6.484375,5105.000
1785209584.629175186,26.268447,232,9,8.125000,5174.500
1785209584.629175186,26.268447,232,15,169.875000,2327.250
1785209584.629175186,26.268447,232,15,200.484375,9649.750
1785209584.629175186,26.268447,232,15,203.734375,9678.500
1785209584.629175186,26.268447,232,15,219.328125,1412.750
1785209584.629175186,26.268447,232,15,220.906250,1390.500
1785209584.629175186,26.268447,232,15,222.546875,1379.500
1785209584.629175186,26.268447,232,10,224.187500,1390.000
1785209584.629175186,26.268447,232,15,227.453125,1415.500
1785209584.629175186,26.268447,232,15,229.000000,1438.250
1785209584.629175186,26.268447,232,15,242.843750,9987.500
1785209584.629175186,26.268447,232,13,244.484375,9753.000
1785209584.629175186,26.268447,232,15,247.750000,9054.750
1785209584.629175186,26.268447,232,15,249.390625,8847.250
1785209584.629175186,26.268447,232,15,251.046875,8702.500
1785209584.629175186,26.268447,232,15,252.671875,8555.000
1785209584.629175186,26.268447,232,15,254.312500,8346.250
1785209584.629175186,26.268447,232,15,255.937500,8149.500
1785209584.629175186,26.268447,232,15,257.593750,8038.500
1785209584.629175186,26.268447,232,15,259.218750,7940.500
1785209584.629175186,26.268447,232,15,260.843750,7792.000
1785209584.629175186,26.268447,232,15,262.484375,7676.000
1785209584.629175186,26.268447,232,15,265.750000,7545.000
1785209584.743428946,26.347055,233,10,2.296875,5028.000
1785209584.743428946,26.347055,233,14,3.906250,5076.000
1785209584.743428946,26.347055,233,13,5.546875,5129.750
1785209584.743428946,26.347055,233,11,7.187500,5159.250
1785209584.743428946,26.347055,233,9,8.812500,5177.750
1785209584.743428946,26.347055,233,15,170.484375,2330.750
1785209584.743428946,26.347055,233,13,201.109375,9564.750
1785209584.743428946,26.347055,233,15,202.718750,9538.250
1785209584.743428946,26.347055,233,15,204.359375,9684.000
1785209584.743428946,26.347055,233,15,219.921875,1405.000
1785209584.743428946,26.347055,233,15,221.578125,1384.750
1785209584.743428946,26.347055,233,13,223.140625,1388.500
1785209584.743428946,26.347055,233,15,226.437500,1402.000
1785209584.743428946,26.347055,233,13,243.437500,9900.750
1785209584.743428946,26.347055,233,11,245.062500,9668.250
1785209584.743428946,26.347055,233,15,248.328125,9080.750
1785209584.743428946,26.347055,233,15,249.953125,8840.500
1785209584.743428946,26.347055,233,15,251.656250,8662.750
1785209584.743428946,26.347055,233,15,253.296875,8478.750
1785209584.743428946,26.347055,233,15,254.921875,8259.750
1785209584.743428946,26.347055,233,15,256.562500,8123.000
1785209584.743428946,26.347055,233,15,261.468750,7776.500
1785209584.743428946,26.347055,233,15,263.093750,7676.000
1785209584.854270697,26.502240,234,9,356.531250,4783.250
1785209584.854270697,26.502240,234,10,358.171875,4834.500
1785209584.854270697,26.502240,234,8,359.796875,4874.750
1785209584.854270697,26.502240,234,7,1.437500,4948.000
1785209584.854270697,26.502240,234,11,3.078125,5025.000
1785209584.854270697,26.502240,234,9,4.703125,5056.500
1785209584.854270697,26.502240,234,11,6.343750,5102.750
1785209584.854270697,26.502240,234,10,7.968750,5158.500
1785209584.854270697,26.502240,234,9,9.609375,5191.250
1785209584.854270697,26.502240,234,11,11.171875,5260.750
1785209584.854270697,26.502240,234,15,169.671875,2303.000
1785209584.854270697,26.502240,234,15,171.281250,2361.750
1785209584.854270697,26.502240,234,15,220.718750,1404.500
1785209584.854270697,26.502240,234,15,222.328125,1378.500
1785209584.854270697,26.502240,234,15,223.953125,1379.750
1785209584.854270697,26.502240,234,9,225.531250,1403.000
1785209584.854270697,26.502240,234,11,227.140625,1418.500
1785209584.854270697,26.502240,234,12,244.234375,9791.750
1785209584.854270697,26.502240,234,15,249.140625,8932.000
1785209584.854270697,26.502240,234,15,250.812500,8767.000
1785209584.854270697,26.502240,234,15,252.437500,8593.750
1785209584.854270697,26.502240,234,15,254.078125,8415.500
1785209584.854270697,26.502240,234,15,255.703125,8228.500
1785209584.854270697,26.502240,234,15,257.359375,8090.250
1785209584.854270697,26.502240,234,15,258.984375,7991.750
1785209584.854270697,26.502240,234,15,260.609375,7860.750
1785209584.854270697,26.502240,234,15,263.875000,7702.750
1785209584.854270697,26.502240,234,15,265.515625,7572.500
1785209584.969334841,26.578774,235,8,2.140625,5031.500
1785209584.969334841,26.578774,235,11,3.796875,5039.000
1785209584.969334841,26.578774,235,10,5.437500,5076.750
1785209584.969334841,26.578774,235,10,7.078125,5140.250
1785209584.969334841,26.578774,235,9,8.703125,5185.000
1785209584.969334841,26.578774,235,15,200.984375,9624.500
1785209584.969334841,26.578774,235,9,202.593750,9753.000
1785209584.969334841,26.578774,235,15,204.218750,9750.250
1785209584.969334841,26.578774,235,15,223.015625,1391.750
1785209584.969334841,26.578774,235,15,226.281250,1411.000
1785209584.969334841,26.578774,235,15,231.218750,1484.000
1785209584.969334841,26.578774,235,14,241.796875,10238.000
1785209584.969334841,26.578774,235,15,243.421875,9950.750
1785209584.969334841,26.578774,235,10,245.062500,9682.750
1785209584.969334841,26.578774,235,15,248.343750,9089.000
1785209584.969334841,26.578774,235,15,249.968750,8853.250
1785209584.969334841,26.578774,235,15,251.625000,8670.000
1785209584.969334841,26.578774,235,15,253.265625,8479.750
1785209584.969334841,26.578774,235,15,254.906250,8267.000
1785209584.969334841,26.578774,235,15,256.531250,8129.750
1785209584.969334841,26.578774,235,15,258.171875,8058.000
1785209584.969334841,26.578774,235,15,259.812500,7939.000
1785209584.969334841,26.578774,235,15,261.453125,7784.500
1785209584.969334841,26.578774,235,15,263.078125,7687.250
1785209584.969334841,26.578774,235,15,266.515625,3946.500
1785209585.081105471,26.720418,236,9,354.812500,4716.000
1785209585.081105471,26.720418,236,7,358.078125,4825.250
1785209585.081105471,26.720418,236,8,1.343750,5043.500
1785209585.081105471,26.720418,236,15,2.984375,5052.500
1785209585.081105471,26.720418,236,10,4.609375,5074.750
1785209585.081105471,26.720418,236,12,6.250000,5137.750
1785209585.081105471,26.720418,236,11,7.890625,5185.750
1785209585.081105471,26.720418,236,15,169.765625,2267.750
1785209585.081105471,26.720418,236,15,171.375000,2333.000
1785209585.081105471,26.720418,236,15,201.906250,9720.000
1785209585.081105471,26.720418,236,15,203.546875,9686.250
1785209585.081105471,26.720418,236,15,220.703125,1414.500
1785209585.081105471,26.720418,236,15,222.390625,1392.500
1785209585.081105471,26.720418,236,15,224.015625,1394.000
1785209585.081105471,26.720418,236,15,227.281250,1414.500
1785209585.081105471,26.720418,236,15,244.390625,9829.750
1785209585.081105471,26.720418,236,15,249.312500,8984.000
1785209585.081105471,26.720418,236,15,250.953125,8774.500
1785209585.081105471,26.720418,236,15,252.593750,8616.250
1785209585.081105471,26.720418,236,15,254.218750,8442.500
1785209585.081105471,26.720418,236,15,255.859375,8237.750
1785209585.081105471,26.720418,236,15,257.500000,8082.250
1785209585.081105471,26.720418,236,15,259.140625,7980.500
1785209585.081105471,26.720418,236,15,260.765625,7897.000
1785209585.081105471,26.720418,236,15,262.406250,7786.500
1785209585.081105471,26.720418,236,15,264.046875,7670.500
1785209585.192607164,26.798234,237,8,355.843750,4779.750
1785209585.192607164,26.798234,237,11,357.468750,4837.750
1785209585.192607164,26.798234,237,8,359.078125,4938.750
1785209585.192607164,26.798234,237,10,0.734375,5037.750
1785209585.192607164,26.798234,237,15,2.359375,5063.250
1785209585.192607164,26.798234,237,11,4.000000,5083.000
1785209585.192607164,26.798234,237,12,5.625000,5141.000
1785209585.192607164,26.798234,237,7,7.250000,5191.750
1785209585.192607164,26.798234,237,15,201.468750,9602.750
1785209585.192607164,26.798234,237,15,203.093750,9606.000
1785209585.192607164,26.798234,237,15,204.734375,9624.750
1785209585.192607164,26.798234,237,15,223.578125,1396.500
1785209585.192607164,26.798234,237,11,225.171875,1411.500
1785209585.192607164,26.798234,237,15,226.843750,1412.750
1785209585.192607164,26.798234,237,9,228.406250,1427.000
1785209585.192607164,26.798234,237,15,230.046875,1454.250
1785209585.192607164,26.798234,237,14,243.890625,9990.250
1785209585.192607164,26.798234,237,12,245.531250,9738.750
1785209585.192607164,26.798234,237,15,250.421875,8773.500
1785209585.192607164,26.798234,237,15,252.062500,8647.250
1785209585.192607164,26.798234,237,15,253.703125,8534.250
1785209585.192607164,26.798234,237,15,256.968750,8150.000
1785209585.192607164,26.798234,237,15,258.609375,8090.000
1785209585.192607164,26.798234,237,15,260.234375,7959.250
1785209585.192607164,26.798234,237,15,261.875000,7791.750
1785209585.192607164,26.798234,237,15,263.515625,7696.250
1785209585.306601048,26.953863,238,12,358.562500,5051.250
1785209585.306601048,26.953863,238,13,0.187500,5072.250
1785209585.306601048,26.953863,238,15,1.828125,5093.000
1785209585.306601048,26.953863,238,10,3.453125,5126.250
1785209585.306601048,26.953863,238,8,5.093750,5153.000
1785209585.306601048,26.953863,238,15,202.625000,9687.750
1785209585.306601048,26.953863,238,15,204.250000,9693.500
1785209585.306601048,26.953863,238,15,221.437500,1417.500
1785209585.306601048,26.953863,238,15,223.093750,1395.500
1785209585.306601048,26.953863,238,14,224.734375,1402.000
1785209585.306601048,26.953863,238,15,227.968750,1422.500
1785209585.306601048,26.953863,238,13,245.015625,9788.500
1785209585.306601048,26.953863,238,10,246.656250,9595.500
1785209585.306601048,26.953863,238,15,249.937500,8941.000
1785209585.306601048,26.953863,238,15,251.578125,8726.000
1785209585.306601048,26.953863,238,15,253.218750,8539.750
1785209585.306601048,26.953863,238,15,254.843750,8395.500
1785209585.306601048,26.953863,238,15,256.484375,8212.250
1785209585.306601048,26.953863,238,15,258.109375,8068.500
1785209585.306601048,26.953863,238,15,259.750000,7974.500
1785209585.306601048,26.953863,238,15,261.375000,7820.500
1785209585.306601048,26.953863,238,15,263.015625,7696.250
1785209585.306601048,26.953863,238,15,264.656250,7621.500
1785209585.306601048,26.953863,238,9,266.281250,7570.750
1785209585.418121099,27.033207,239,11,358.093750,5064.250
1785209585.418121099,27.033207,239,15,359.734375,5080.750
1785209585.418121099,27.033207,239,15,1.343750,5113.000
1785209585.418121099,27.033207,239,9,2.984375,5147.750
1785209585.418121099,27.033207,239,15,169.953125,2207.250
1785209585.418121099,27.033207,239,15,202.171875,9557.750
1785209585.418121099,27.033207,239,15,203.781250,9578.750
1785209585.418121099,27.033207,239,15,219.328125,1446.250
1785209585.418121099,27.033207,239,15,222.671875,1414.000
1785209585.418121099,27.033207,239,15,224.265625,1402.000
1785209585.418121099,27.033207,239,12,225.921875,1416.500
1785209585.418121099,27.033207,239,15,227.515625,1422.000
1785209585.418121099,27.033207,239,15,232.265625,1497.500
1785209585.418121099,27.033207,239,10,242.921875,10183.500
1785209585.418121099,27.033207,239,15,244.546875,9937.250
1785209585.418121099,27.033207,239,13,246.171875,9680.500
1785209585.418121099,27.033207,239,15,249.453125,9029.250
1785209585.418121099,27.033207,239,15,251.093750,8823.000
1785209585.418121099,27.033207,239,15,252.734375,8663.000
1785209585.418121099,27.033207,239,15,254.359375,8518.250
1785209585.418121099,27.033207,239,15,256.000000,8326.750
1785209585.418121099,27.033207,239,15,257.625000,8128.000
1785209585.418121099,27.033207,239,15,264.171875,7670.500
1785209585.532547474,27.188201,240,11,357.500000,5056.750
1785209585.532547474,27.188201,240,12,359.125000,5073.750
1785209585.532547474,27.188201,240,15,0.765625,5079.750
1785209585.532547474,27.188201,240,12,2.406250,5106.500
1785209585.532547474,27.188201,240,9,4.046875,5161.750
1785209585.532547474,27.188201,240,15,201.468750,9602.000
1785209585.532547474,27.188201,240,15,203.078125,9664.000
1785209585.532547474,27.188201,240,15,204.703125,9664.500
1785209585.532547474,27.188201,240,15,221.906250,1431.500
1785209585.532547474,27.188201,240,15,223.593750,1401.750
1785209585.532547474,27.188201,240,15,225.140625,1403.000
1785209585.532547474,27.188201,240,14,226.781250,1419.750
1785209585.532547474,27.188201,240,15,228.375000,1426.000
1785209585.532547474,27.188201,240,8,230.046875,1437.500
1785209585.532547474,27.188201,240,13,245.468750,9747.500
1785209585.532547474,27.188201,240,15,248.750000,9192.250
1785209585.532547474,27.188201,240,15,250.390625,8939.500
1785209585.532547474,27.188201,240,15,252.046875,8745.250
1785209585.532547474,27.188201,240,15,253.656250,8575.250
1785209585.532547474,27.188201,240,15,255.312500,8388.500
1785209585.532547474,27.188201,240,15,256.953125,8225.750
1785209585.532547474,27.188201,240,15,258.578125,8098.250
1785209585.532547474,27.188201,240,15,260.203125,7958.250
1785209585.532547474,27.188201,240,15,261.843750,7805.000
1785209585.532547474,27.188201,240,15,263.468750,7704.500
1785209585.532547474,27.188201,240,15,266.750000,7596.500
1785209585.644293308,27.251050,241,9,356.796875,5013.000
1785209585.644293308,27.251050,241,8,358.421875,5051.250
1785209585.644293308,27.251050,241,15,0.078125,5070.000
1785209585.644293308,27.251050,241,15,1.718750,5095.500
1785209585.644293308,27.251050,241,11,3.328125,5131.000
1785209585.644293308,27.251050,241,8,4.968750,5171.750
1785209585.644293308,27.251050,241,12,202.312500,9472.250
1785209585.644293308,27.251050,241,15,203.937500,9544.750
1785209585.644293308,27.251050,241,15,205.578125,9666.750
1785209585.644293308,27.251050,241,15,222.781250,1422.750
1785209585.644293308,27.251050,241,9,224.390625,1411.000
1785209585.644293308,27.251050,241,15,226.078125,1411.750
1785209585.644293308,27.251050,241,12,227.640625,1423.000
1785209585.644293308,27.251050,241,15,229.296875,1436.500
1785209585.644293308,27.251050,241,15,244.734375,9953.250
1785209585.644293308,27.251050,241,13,246.359375,9688.750
1785209585.644293308,27.251050,241,15,249.640625,9029.750
1785209585.644293308,27.251050,241,15,251.312500,8822.750
1785209585.644293308,27.251050,241,15,252.953125,8686.250
1785209585.644293308,27.251050,241,15,254.609375,8514.500
1785209585.644293308,27.251050,241,15,256.234375,8321.500
1785209585.644293308,27.251050,241,15,257.875000,8169.000
1785209585.644293308,27.251050,241,7,261.140625,7979.000
1785209585.644293308,27.251050,241,15,262.781250,7788.250
1785209585.644293308,27.251050,241,11,264.421875,7665.000
1785209585.644293308,27.251050,241,7,266.046875,7633.750
1785209585.759720564,27.407577,242,8,359.296875,5031.000
1785209585.759720564,27.407577,242,14,0.921875,5076.500
1785209585.759720564,27.407577,242,12,2.562500,5072.250
1785209585.759720564,27.407577,242,11,4.171875,5092.250
1785209585.759720564,27.407577,242,10,5.812500,5152.000
1785209585.759720564,27.407577,242,15,202.937500,9680.250
1785209585.759720564,27.407577,242,15,204.578125,9576.000
1785209585.759720564,27.407577,242,15,220.125000,1458.250
1785209585.759720564,27.407577,242,15,223.343750,1424.250
1785209585.759720564,27.407577,242,15,224.984375,1413.250
1785209585.759720564,27.407577,242,15,228.296875,1429.500
1785209585.759720564,27.407577,242,15,233.125000,1510.250
1785209585.759720564,27.407577,242,13,245.437500,9852.500
1785209585.759720564,27.407577,242,15,250.343750,8935.000
1785209585.759720564,27.407577,242,15,251.968750,8742.750
1785209585.759720564,27.407577,242,15,253.609375,8580.250
1785209585.759720564,27.407577,242,15,255.250000,8394.750
1785209585.759720564,27.407577,242,15,256.890625,8228.750
1785209585.759720564,27.407577,242,15,258.531250,8100.750
1785209585.759720564,27.407577,242,15,260.156250,7990.750
1785209585.759720564,27.407577,242,15,261.796875,7860.500
1785209585.759720564,27.407577,242,15,263.437500,7750.250
1785209585.759720564,27.407577,242,15,265.078125,7681.250
1785209585.759720564,27.407577,242,9,266.703125,7599.250
1785209585.870227814,27.487259,243,12,1.703125,5072.750
1785209585.870227814,27.487259,243,13,3.328125,5080.750
1785209585.870227814,27.487259,243,12,4.953125,5136.750
1785209585.870227814,27.487259,243,9,6.593750,5187.250
1785209585.870227814,27.487259,243,15,170.031250,2135.000
1785209585.870227814,27.487259,243,15,202.156250,9614.750
1785209585.870227814,27.487259,243,15,205.375000,9638.000
1785209585.870227814,27.487259,243,15,222.562500,1439.250
1785209585.870227814,27.487259,243,15,224.156250,1419.250
1785209585.870227814,27.487259,243,15,225.828125,1411.500
1785209585.870227814,27.487259,243,15,227.453125,1426.250
1785209585.870227814,27.487259,243,15,230.718750,1467.000
1785209585.870227814,27.487259,243,15,232.328125,1498.000
1785209585.870227814,27.487259,243,12,242.921875,10324.500
1785209585.870227814,27.487259,243,15,244.562500,10049.500
1785209585.870227814,27.487259,243,13,246.203125,9789.500
1785209585.870227814,27.487259,243,15,251.109375,8867.000
1785209585.870227814,27.487259,243,15,252.734375,8705.250
1785209585.870227814,27.487259,243,15,254.375000,8530.750
1785209585.870227814,27.487259,243,15,256.015625,8366.750
1785209585.870227814,27.487259,243,15,257.640625,8202.500
1785209585.870227814,27.487259,243,15,259.281250,8078.000
1785209585.870227814,27.487259,243,15,260.921875,7970.000
1785209585.870227814,27.487259,243,15,262.546875,7849.000
1785209585.870227814,27.487259,243,15,264.171875,7744.750
1785209585.870227814,27.487259,243,15,267.640625,4010.250
1785209585.984265804,27.644426,244,7,357.562500,4825.500
1785209585.984265804,27.644426,244,7,359.203125,4952.000
1785209585.984265804,27.644426,244,10,0.828125,5048.750
1785209585.984265804,27.644426,244,12,2.453125,5072.000
1785209585.984265804,27.644426,244,12,4.093750,5080.000
1785209585.984265804,27.644426,244,9,5.718750,5128.500
1785209585.984265804,27.644426,244,9,7.359375,5184.500
1785209585.984265804,27.644426,244,15,202.921875,9611.000
1785209585.984265804,27.644426,244,15,204.562500,9599.250
1785209585.984265804,27.644426,244,15,223.375000,1438.000
1785209585.984265804,27.644426,244,15,224.984375,1422.750
1785209585.984265804,27.644426,244,9,226.640625,1430.250
1785209585.984265804,27.644426,244,15,228.265625,1437.250
1785209585.984265804,27.644426,244,15,233.078125,1510.000
1785209585.984265804,27.644426,244,11,243.734375,10111.500
1785209585.984265804,27.644426,244,15,245.359375,9890.750
1785209585.984265804,27.644426,244,11,247.000000,9668.750
1785209585.984265804,27.644426,244,15,250.250000,9046.500
1785209585.984265804,27.644426,244,15,251.875000,8843.000
1785209585.984265804,27.644426,244,15,253.515625,8660.500
1785209585.984265804,27.644426,244,15,255.140625,8516.000
1785209585.984265804,27.644426,244,15,256.781250,8350.000
1785209585.984265804,27.644426,244,15,258.421875,8165.000
1785209585.984265804,27.644426,244,15,263.328125,7757.750
1785209585.984265804,27.644426,244,14,264.953125,7687.250
1785209585.984265804,27.644426,244,15,266.578125,7635.750
1785209586.096167564,27.724446,245,7,356.750000,4823.250
1785209586.096167564,27.724446,245,7,358.375000,4902.500
1785209586.096167564,27.724446,245,8,0.015625,5016.750
1785209586.096167564,27.724446,245,12,1.640625,5063.000
1785209586.096167564,27.724446,245,15,3.265625,5073.000
1785209586.096167564,27.724446,245,12,4.906250,5096.000
1785209586.096167564,27.724446,245,10,6.546875,5146.750
1785209586.096167564,27.724446,245,8,8.187500,5195.500
1785209586.096167564,27.724446,245,15,170.062500,2107.000
1785209586.096167564,27.724446,245,15,202.281250,9707.750
1785209586.096167564,27.724446,245,13,203.906250,9692.250
1785209586.096167564,27.724446,245,15,205.546875,9683.500
1785209586.096167564,27.724446,245,15,224.421875,1424.000
1785209586.096167564,27.724446,245,15,226.015625,1425.000
1785209586.096167564,27.724446,245,15,229.265625,1436.250
1785209586.096167564,27.724446,245,12,246.343750,9807.250
1785209586.096167564,27.724446,245,15,252.921875,8690.750
1785209586.096167564,27.724446,245,15,254.546875,8578.000
1785209586.096167564,27.724446,245,15,256.187500,8420.250
1785209586.096167564,27.724446,245,15,257.828125,8225.750
1785209586.096167564,27.724446,245,15,259.437500,8098.500
1785209586.096167564,27.724446,245,15,261.078125,7985.000
1785209586.096167564,27.724446,245,15,262.734375,7846.000
1785209586.096167564,27.724446,245,15,264.359375,7707.250
1785209586.096167564,27.724446,245,15,267.812500,3894.750
1785209586.208072901,27.802693,246,8,356.203125,4829.000
1785209586.208072901,27.802693,246,9,357.828125,4848.250
1785209586.208072901,27.802693,246,8,359.453125,4961.000
1785209586.208072901,27.802693,246,10,1.093750,5051.750
1785209586.208072901,27.802693,246,10,2.734375,5059.500
1785209586.208072901,27.802693,246,10,4.375000,5075.000
1785209586.208072901,27.802693,246,12,6.000000,5125.500
1785209586.208072901,27.802693,246,11,7.625000,5183.250
1785209586.208072901,27.802693,246,15,169.703125,2077.500
1785209586.208072901,27.802693,246,15,203.515625,9603.000
1785209586.208072901,27.802693,246,15,205.156250,9638.000
1785209586.208072901,27.802693,246,15,224.031250,1438.000
1785209586.208072901,27.802693,246,15,225.656250,1422.250
1785209586.208072901,27.802693,246,15,227.203125,1434.500
1785209586.208072901,27.802693,246,15,228.875000,1440.500
1785209586.208072901,27.802693,246,15,233.718750,1514.750
1785209586.208072901,27.802693,246,15,245.953125,9895.250
1785209586.208072901,27.802693,246,11,247.593750,9650.500
1785209586.208072901,27.802693,246,15,250.906250,9003.750
1785209586.208072901,27.802693,246,15,252.531250,8803.500
1785209586.208072901,27.802693,246,15,254.171875,8639.500
1785209586.208072901,27.802693,246,15,255.796875,8513.250
1785209586.208072901,27.802693,246,15,259.078125,8115.250
1785209586.208072901,27.802693,246,15,260.718750,8039.250
1785209586.208072901,27.802693,246,15,262.343750,7935.000
1785209586.208072901,27.802693,246,15,265.625000,7741.750
1785209586.208072901,27.802693,246,8,267.250000,7617.500
1785209586.323057652,27.945496,247,7,359.078125,4948.000
1785209586.323057652,27.945496,247,9,0.718750,5039.250
1785209586.323057652,27.945496,247,11,2.343750,5058.750
1785209586.323057652,27.945496,247,13,4.000000,5069.000
1785209586.323057652,27.945496,247,11,5.625000,5121.750
1785209586.323057652,27.945496,247,8,7.265625,5177.500
1785209586.323057652,27.945496,247,15,169.406250,2049.500
1785209586.323057652,27.945496,247,15,203.171875,9636.000
1785209586.323057652,27.945496,247,15,204.812500,9737.250
1785209586.323057652,27.945496,247,15,206.437500,9737.250
1785209586.323057652,27.945496,247,13,223.640625,1460.750
1785209586.323057652,27.945496,247,15,225.250000,1429.250
1785209586.323057652,27.945496,247,15,226.875000,1429.750
1785209586.323057652,27.945496,247,15,228.515625,1435.250
1785209586.323057652,27.945496,247,15,233.312500,1500.000
1785209586.323057652,27.945496,247,13,243.921875,10196.750
1785209586.323057652,27.945496,247,11,245.562500,9935.250
1785209586.323057652,27.945496,247,15,247.187500,9726.750
1785209586.323057652,27.945496,247,15,250.531250,9124.000
1785209586.323057652,27.945496,247,15,252.156250,8899.500
1785209586.323057652,27.945496,247,15,253.796875,8707.500
1785209586.323057652,27.945496,247,15,255.437500,8554.500
1785209586.323057652,27.945496,247,15,257.078125,8363.500
1785209586.323057652,27.945496,247,15,258.718750,8168.750
1785209586.323057652,27.945496,247,15,265.265625,7687.250
1785209586.323057652,27.945496,247,12,266.875000,7601.250
1785209586.433923244,28.021869,248,9,0.328125,5053.500
1785209586.433923244,28.021869,248,10,1.968750,5083.250
1785209586.433923244,28.021869,248,12,3.593750,5082.250
1785209586.433923244,28.021869,248,10,5.234375,5095.500
1785209586.433923244,28.021869,248,9,6.875000,5145.750
1785209586.433923244,28.021869,248,7,8.500000,5198.000
1785209586.433923244,28.021869,248,11,202.671875,9716.750
1785209586.433923244,28.021869,248,15,204.296875,9694.250
1785209586.433923244,28.021869,248,15,205.921875,9648.000
1785209586.433923244,28.021869,248,15,224.750000,1450.750
1785209586.433923244,28.021869,248,15,226.328125,1441.500
1785209586.433923244,28.021869,248,15,227.968750,1443.500
1785209586.433923244,28.021869,248,15,229.609375,1448.500
1785209586.433923244,28.021869,248,12,245.062500,10075.250
1785209586.433923244,28.021869,248,15,248.343750,9486.000
1785209586.433923244,28.021869,248,15,251.640625,8931.250
1785209586.433923244,28.021869,248,15,253.281250,8745.750
1785209586.433923244,28.021869,248,15,254.921875,8611.500
1785209586.433923244,28.021869,248,15,256.546875,8432.000
1785209586.433923244,28.021869,248,15,258.187500,8248.500
1785209586.433923244,28.021869,248,15,259.828125,8117.250
1785209586.433923244,28.021869,248,15,261.468750,7989.750
1785209586.433923244,28.021869,248,15,263.093750,7868.250
1785209586.433923244,28.021869,248,15,264.718750,7757.750
1785209586.433923244,28.021869,248,15,268.000000,7631.000
1785209586.548714638,28.161820,249,9,1.406250,4966.250
1785209586.548714638,28.161820,249,9,3.031250,5052.750
1785209586.548714638,28.161820,249,11,4.687500,5081.000
1785209586.548714638,28.161820,249,13,6.328125,5119.500
1785209586.548714638,28.161820,249,9,7.953125,5159.000
1785209586.548714638,28.161820,249,13,203.703125,9590.750
1785209586.548714638,28.161820,249,15,205.328125,9549.000
1785209586.548714638,28.161820,249,15,225.734375,1435.250
1785209586.548714638,28.161820,249,15,227.390625,1439.750
1785209586.548714638,28.161820,249,15,229.031250,1448.250
1785209586.548714638,28.161820,249,15,230.640625,1466.750
1785209586.548714638,28.161820,249,15,232.234375,1484.750
1785209586.548714638,28.161820,249,15,233.843750,1497.250
1785209586.548714638,28.161820,249,15,246.093750,9895.750
1785209586.548714638,28.161820,249,14,247.718750,9659.000
1785209586.548714638,28.161820,249,15,249.375000,9416.500
1785209586.548714638,28.161820,249,15,252.640625,8839.500
1785209586.548714638,28.161820,249,15,254.296875,8700.250
1785209586.548714638,28.161820,249,15,255.921875,8552.250
1785209586.548714638,28.161820,249,15,257.546875,8371.750
1785209586.548714638,28.161820,249,15,259.187500,8202.500
1785209586.548714638,28.161820,249,15,262.453125,8012.750
1785209586.548714638,28.161820,249,15,264.078125,7830.000
1785209586.548714638,28.161820,249,15,267.359375,7678.500
1785209586.548714638,28.161820,249,15,273.875000,7108.000
1785209586.659398556,28.316866,250,8,2.328125,5057.750
1785209586.659398556,28.316866,250,13,3.937500,5055.000
1785209586.659398556,28.316866,250,13,5.609375,5084.250
1785209586.659398556,28.316866,250,9,7.218750,5151.500
1785209586.659398556,28.316866,250,10,8.843750,5194.750
1785209586.659398556,28.316866,250,11,12.046875,5281.500
1785209586.659398556,28.316866,250,15,204.531250,9697.500
1785209586.659398556,28.316866,250,15,206.156250,9707.750
1785209586.659398556,28.316866,250,15,224.984375,1464.250
1785209586.659398556,28.316866,250,15,226.593750,1440.750
1785209586.659398556,28.316866,250,15,228.250000,1446.000
1785209586.659398556,28.316866,250,15,231.453125,1475.000
1785209586.659398556,28.316866,250,15,233.093750,1494.750
1785209586.659398556,28.316866,250,15,234.703125,1520.500
1785209586.659398556,28.316866,250,13,245.328125,10084.000
1785209586.659398556,28.316866,250,14,246.968750,9864.000
1785209586.659398556,28.316866,250,15,251.859375,8969.000
1785209586.659398556,28.316866,250,15,253.500000,8767.000
1785209586.659398556,28.316866,250,15,255.125000,8648.500
1785209586.659398556,28.316866,250,15,258.406250,8238.250
1785209586.659398556,28.316866,250,15,260.031250,8116.750
1785209586.659398556,28.316866,250,15,261.671875,8019.500
1785209586.659398556,28.316866,250,15,263.296875,7903.250
1785209586.659398556,28.316866,250,15,264.937500,7762.000
1785209586.659398556,28.316866,250,15,268.203125,7623.250
1785209586.773833990,28.394933,251,8,356.578125,4776.250
1785209586.773833990,28.394933,251,10,358.218750,4841.750
1785209586.773833990,28.394933,251,8,359.843750,4931.750
1785209586.773833990,28.394933,251,11,1.468750,5001.750
1785209586.773833990,28.394933,251,11,3.109375,5047.000
1785209586.773833990,28.394933,251,12,4.734375,5069.250
1785209586.773833990,28.394933,251,13,6.359375,5103.000
1785209586.773833990,28.394933,251,11,8.000000,5160.000
1785209586.773833990,28.394933,251,15,203.718750,9686.500
1785209586.773833990,28.394933,251,15,205.343750,9646.500
1785209586.773833990,28.394933,251,15,206.984375,9661.250
1785209586.773833990,28.394933,251,15,225.828125,1456.500
1785209586.773833990,28.394933,251,9,227.453125,1438.500
1785209586.773833990,28.394933,251,15,229.046875,1445.750
1785209586.773833990,28.394933,251,15,232.312500,1472.000
1785209586.773833990,28.394933,251,15,233.921875,1504.500
1785209586.773833990,28.394933,251,15,235.546875,1546.750
1785209586.773833990,28.394933,251,11,244.546875,10274.000
1785209586.773833990,28.394933,251,15,247.812500,9735.250
1785209586.773833990,28.394933,251,15,252.718750,8843.250
1785209586.773833990,28.394933,251,15,254.375000,8701.500
1785209586.773833990,28.394933,251,15,256.000000,8551.000
1785209586.773833990,28.394933,251,15,257.640625,8374.250
1785209586.773833990,28.394933,251,15,259.281250,8202.000
1785209586.773833990,28.394933,251,15,264.187500,7785.250
1785209586.773833990,28.394933,251,12,265.812500,7698.500
1785209586.773833990,28.394933,251,9,267.453125,7617.500
1785209586.885059118,28.473492,252,7,2.359375,5030.000
1785209586.885059118,28.473492,252,12,4.000000,5074.000
1785209586.885059118,28.473492,252,12,5.625000,5089.000
1785209586.885059118,28.473492,252,11,7.265625,5139.000
1785209586.885059118,28.473492,252,10,8.906250,5187.750
1785209586.885059118,28.473492,252,15,204.531250,9720.750
1785209586.885059118,28.473492,252,15,206.171875,9732.500
1785209586.885059118,28.473492,252,10,223.343750,1492.250
1785209586.885059118,28.473492,252,9,224.984375,1472.750
1785209586.885059118,28.473492,252,15,226.609375,1451.250
1785209586.885059118,28.473492,252,15,228.250000,1446.250
1785209586.885059118,28.473492,252,14,229.875000,1457.250
1785209586.885059118,28.473492,252,15,231.468750,1478.000
1785209586.885059118,28.473492,252,15,233.109375,1498.500
1785209586.885059118,28.473492,252,15,234.718750,1520.500
1785209586.885059118,28.473492,252,14,246.953125,9857.000
1785209586.885059118,28.473492,252,14,248.593750,9656.750
1785209586.885059118,28.473492,252,15,251.859375,9057.500
1785209586.885059118,28.473492,252,15,253.500000,8821.750
1785209586.885059118,28.473492,252,15,255.140625,8652.000
1785209586.885059118,28.473492,252,15,256.765625,8548.000
1785209586.885059118,28.473492,252,15,260.046875,8123.000
1785209586.885059118,28.473492,252,15,261.687500,8055.500
1785209586.885059118,28.473492,252,15,263.296875,7943.750
1785209586.885059118,28.473492,252,15,264.953125,7773.250
1785209586.885059118,28.473492,252,15,266.578125,7680.250
1785209586.996499777,28.629373,253,7,358.234375,4809.250
1785209586.996499777,28.629373,253,7,359.875000,4931.000
1785209586.996499777,28.629373,253,9,1.484375,5011.500
1785209586.996499777,28.629373,253,8,3.109375,5047.000
1785209586.996499777,28.629373,253,15,4.765625,5069.500
1785209586.996499777,28.629373,253,13,6.390625,5104.250
1785209586.996499777,28.629373,253,11,8.031250,5161.000
1785209586.996499777,28.629373,253,15,169.843750,1952.000
1785209586.996499777,28.629373,253,15,203.562500,9603.000
1785209586.996499777,28.629373,253,15,205.203125,9651.750
1785209586.996499777,28.629373,253,15,206.843750,9707.750
1785209586.996499777,28.629373,253,15,225.640625,1480.500
1785209586.996499777,28.629373,253,15,227.187500,1452.500
1785209586.996499777,28.629373,253,15,228.843750,1441.500
1785209586.996499777,28.629373,253,15,230.468750,1461.750
1785209586.996499777,28.629373,253,8,232.046875,1478.750
1785209586.996499777,28.629373,253,12,245.921875,10045.750
1785209586.996499777,28.629373,253,15,249.187500,9511.250
1785209586.996499777,28.629373,253,15,252.500000,8943.750
1785209586.996499777,28.629373,253,15,254.140625,8767.000
1785209586.996499777,28.629373,253,15,255.765625,8637.250
1785209586.996499777,28.629373,253,15,257.421875,8469.250
1785209586.996499777,28.629373,253,15,259.046875,8274.500
1785209586.996499777,28.629373,253,15,260.671875,8113.500
1785209586.996499777,28.629373,253,15,262.312500,8017.750
1785209586.996499777,28.629373,253,15,263.953125,7930.500
1785209586.996499777,28.629373,253,15,265.593750,7797.500
1785209587.111981869,28.707968,254,15,3.828125,5055.250
1785209587.111981869,28.707968,254,10,5.453125,5083.500
1785209587.111981869,28.707968,254,11,7.093750,5134.750
1785209587.111981869,28.707968,254,11,8.734375,5180.250
1785209587.111981869,28.707968,254,15,204.312500,9681.500
1785209587.111981869,28.707968,254,15,205.937500,9703.250
1785209587.111981869,28.707968,254,15,207.562500,9656.750
1785209587.111981869,28.707968,254,15,226.343750,1475.000
1785209587.111981869,28.707968,254,15,227.937500,1454.750
1785209587.111981869,28.707968,254,15,229.531250,1456.500
1785209587.111981869,28.707968,254,15,231.187500,1464.000
1785209587.111981869,28.707968,254,15,246.640625,9997.000
1785209587.111981869,28.707968,254,11,248.281250,9718.250
1785209587.111981869,28.707968,254,15,249.921875,9452.500
1785209587.111981869,28.707968,254,15,253.234375,8913.500
1785209587.111981869,28.707968,254,15,254.859375,8741.000
1785209587.111981869,28.707968,254,15,256.515625,8528.500
1785209587.111981869,28.707968,254,15,258.140625,8347.000
1785209587.111981869,28.707968,254,15,259.765625,8211.000
1785209587.111981869,28.707968,254,11,263.046875,8020.750
1785209587.111981869,28.707968,254,15,264.656250,7854.750
1785209587.111981869,28.707968,254,15,266.312500,7728.000
1785209587.111981869,28.707968,254,15,267.953125,7612.250
1785209587.222759247,28.849733,255,8,358.093750,4819.250
1785209587.222759247,28.849733,255,7,359.703125,4963.000
1785209587.222759247,28.849733,255,9,1.375000,5044.250
1785209587.222759247,28.849733,255,10,3.000000,5056.750
1785209587.222759247,28.849733,255,12,4.625000,5079.250
1785209587.222759247,28.849733,255,11,6.265625,5127.250
1785209587.222759247,28.849733,255,9,7.906250,5180.000
1785209587.222759247,28.849733,255,15,169.765625,1918.750
1785209587.222759247,28.849733,255,15,205.109375,9653.250
1785209587.222759247,28.849733,255,15,206.734375,9659.750
1785209587.222759247,28.849733,255,15,227.125000,1471.250
1785209587.222759247,28.849733,255,15,228.781250,1450.250
1785209587.222759247,28.849733,255,15,230.437500,1458.000
1785209587.222759247,28.849733,255,15,233.687500,1491.500
1785209587.222759247,28.849733,255,15,235.218750,1527.000
1785209587.222759247,28.849733,255,14,247.515625,9854.000
1785209587.222759247,28.849733,255,14,249.156250,9622.000
1785209587.222759247,28.849733,255,15,254.093750,8777.750
1785209587.222759247,28.849733,255,15,255.750000,8643.000
1785209587.222759247,28.849733,255,15,257.375000,8505.750
1785209587.222759247,28.849733,255,15,259.015625,8312.500
1785209587.222759247,28.849733,255,15,260.640625,8121.000
1785209587.222759247,28.849733,255,15,262.281250,8023.500
1785209587.222759247,28.849733,255,15,263.921875,7931.500
1785209587.222759247,28.849733,255,15,265.562500,7799.500
1785209587.222759247,28.849733,255,15,267.203125,7688.750
1785209587.222759247,28.849733,255,15,268.828125,7614.000
1785209587.337053776,28.993124,256,10,0.578125,5048.750
1785209587.337053776,28.993124,256,13,2.218750,5055.750
1785209587.337053776,28.993124,256,14,3.843750,5062.250
1785209587.337053776,28.993124,256,13,5.468750,5089.500
1785209587.337053776,28.993124,256,10,7.109375,5139.000
1785209587.337053776,28.993124,256,7,8.750000,5213.750
1785209587.337053776,28.993124,256,7,10.343750,5313.250
1785209587.337053776,28.993124,256,15,204.359375,9626.250
1785209587.337053776,28.993124,256,15,207.640625,9714.500
1785209587.337053776,28.993124,256,15,224.796875,1499.250
1785209587.337053776,28.993124,256,15,226.390625,1478.250
1785209587.337053776,28.993124,256,15,228.078125,1464.250
1785209587.337053776,28.993124,256,8,229.703125,1451.250
1785209587.337053776,28.993124,256,15,231.312500,1466.250
1785209587.337053776,28.993124,256,10,245.218750,10357.750
1785209587.337053776,28.993124,256,14,248.484375,9713.000
1785209587.337053776,28.993124,256,15,251.781250,9112.250
1785209587.337053776,28.993124,256,15,253.406250,8914.500
1785209587.337053776,28.993124,256,15,255.046875,8731.000
1785209587.337053776,28.993124,256,15,256.687500,8588.000
1785209587.337053776,28.993124,256,15,258.312500,8414.500
1785209587.337053776,28.993124,256,15,259.953125,8240.500
1785209587.337053776,28.993124,256,15,261.593750,8151.750
1785209587.337053776,28.993124,256,15,266.500000,7764.000
1785209587.449301958,29.054896,257,9,359.875000,5054.250
1785209587.449301958,29.054896,257,15,1.515625,5075.250
1785209587.449301958,29.054896,257,11,3.140625,5079.750
1785209587.449301958,29.054896,257,8,4.796875,5110.000
1785209587.449301958,29.054896,257,7,6.406250,5145.500
1785209587.449301958,29.054896,257,15,170.156250,1890.000
1785209587.449301958,29.054896,257,7,184.203125,11836.500
1785209587.449301958,29.054896,257,15,205.437500,9650.250
1785209587.449301958,29.054896,257,15,207.062500,9702.250
1785209587.449301958,29.054896,257,15,227.531250,1479.750
1785209587.449301958,29.054896,257,15,229.156250,1469.500
1785209587.449301958,29.054896,257,15,230.781250,1467.750
1785209587.449301958,29.054896,257,15,235.656250,1526.750
1785209587.449301958,29.054896,257,13,246.265625,10072.500
1785209587.449301958,29.054896,257,14,247.906250,9893.750
1785209587.449301958,29.054896,257,12,249.531250,9671.750
1785209587.449301958,29.054896,257,15,252.812500,9014.250
1785209587.449301958,29.054896,257,15,254.437500,8834.500
1785209587.449301958,29.054896,257,15,256.078125,8693.500
1785209587.449301958,29.054896,257,15,257.718750,8512.000
1785209587.449301958,29.054896,257,15,259.359375,8319.750
1785209587.449301958,29.054896,257,15,260.984375,8173.000
1785209587.449301958,29.054896,257,15,262.625000,8070.000
1785209587.449301958,29.054896,257,15,265.890625,7765.000
1785209587.449301958,29.054896,257,14,267.531250,7725.750
1785209587.449301958,29.054896,257,15,269.171875,7650.250
1785209587.563077927,29.212796,258,11,357.671875,5054.250
1785209587.563077927,29.212796,258,12,359.296875,5054.500
1785209587.563077927,29.212796,258,15,0.937500,5083.250
1785209587.563077927,29.212796,258,15,2.578125,5126.250
1785209587.563077927,29.212796,258,8,4.218750,5151.000
1785209587.563077927,29.212796,258,15,204.953125,9684.250
1785209587.563077927,29.212796,258,15,206.593750,9708.000
1785209587.563077927,29.212796,258,15,208.218750,9722.500
1785209587.563077927,29.212796,258,15,225.328125,1508.500
1785209587.563077927,29.212796,258,11,227.046875,1486.250
1785209587.563077927,29.212796,258,15,228.609375,1471.750
1785209587.563077927,29.212796,258,15,231.906250,1478.500
1785209587.563077927,29.212796,258,15,247.390625,9977.250
1785209587.563077927,29.212796,258,13,249.031250,9773.750
1785209587.563077927,29.212796,258,15,253.906250,8896.000
1785209587.563077927,29.212796,258,15,255.546875,8731.250
1785209587.563077927,29.212796,258,15,257.187500,8586.250
1785209587.563077927,29.212796,258,15,258.812500,8424.500
1785209587.563077927,29.212796,258,15,260.437500,8244.750
1785209587.563077927,29.212796,258,15,265.343750,7839.250
1785209587.563077927,29.212796,258,15,266.984375,7735.500
1785209587.563077927,29.212796,258,15,268.609375,7668.250
1785209587.674273729,29.289293,259,11,0.437500,5062.750
1785209587.674273729,29.289293,259,15,2.078125,5094.500
1785209587.674273729,29.289293,259,10,3.703125,5122.750
1785209587.674273729,29.289293,259,9,5.343750,5157.500
1785209587.674273729,29.289293,259,15,170.812500,1877.500
1785209587.674273729,29.289293,259,15,206.109375,9691.500
1785209587.674273729,29.289293,259,15,207.734375,9660.250
1785209587.674273729,29.289293,259,15,228.109375,1488.500
1785209587.674273729,29.289293,259,15,229.734375,1474.750
1785209587.674273729,29.289293,259,15,231.406250,1475.750
1785209587.674273729,29.289293,259,15,234.625000,1497.750
1785209587.674273729,29.289293,259,15,236.203125,1534.500
1785209587.674273729,29.289293,259,14,248.468750,9873.250
1785209587.674273729,29.289293,259,13,251.765625,9256.250
1785209587.674273729,29.289293,259,15,253.390625,9016.250
1785209587.674273729,29.289293,259,15,255.015625,8800.250
1785209587.674273729,29.289293,259,15,256.656250,8682.250
1785209587.674273729,29.289293,259,15,258.281250,8546.750
1785209587.674273729,29.289293,259,15,259.921875,8328.250
1785209587.674273729,29.289293,259,15,261.546875,8189.000
1785209587.674273729,29.289293,259,15,263.203125,8083.750
1785209587.674273729,29.289293,259,15,264.828125,7942.750
1785209587.674273729,29.289293,259,15,266.453125,7799.250
1785209587.789581299,29.430964,260,9,358.078125,5047.250
1785209587.789581299,29.430964,260,12,359.718750,5053.000
1785209587.789581299,29.430964,260,15,1.359375,5071.000
1785209587.789581299,29.430964,260,14,2.984375,5103.250
1785209587.789581299,29.430964,260,10,4.625000,5128.500
1785209587.789581299,29.430964,260,15,205.234375,9703.500
1785209587.789581299,29.430964,260,15,206.875000,9755.000
1785209587.789581299,29.430964,260,15,208.500000,9791.000
1785209587.789581299,29.430964,260,13,227.203125,1496.500
1785209587.789581299,29.430964,260,15,228.890625,1483.750
1785209587.789581299,29.430964,260,15,230.515625,1473.250
1785209587.789581299,29.430964,260,15,233.765625,1495.000
1785209587.789581299,29.430964,260,15,235.375000,1516.500
1785209587.789581299,29.430964,260,15,236.968750,1542.250
1785209587.789581299,29.430964,260,10,245.984375,10308.000
1785209587.789581299,29.430964,260,12,247.609375,10015.500
1785209587.789581299,29.430964,260,15,249.250000,9794.250
1785209587.789581299,29.430964,260,15,254.171875,8923.500
1785209587.789581299,29.430964,260,15,255.796875,8745.750
1785209587.789581299,29.430964,260,15,257.437500,8595.500
1785209587.789581299,29.430964,260,15,259.078125,8429.000
1785209587.789581299,29.430964,260,15,260.718750,8246.750
1785209587.789581299,29.430964,260,14,263.984375,8049.000
1785209587.789581299,29.430964,260,15,265.609375,7877.750
1785209587.789581299,29.430964,260,14,267.250000,7754.250
1785209587.789581299,29.430964,260,15,268.890625,7657.500
1785209587.900436163,29.508609,261,7,358.968750,5027.500
1785209587.900436163,29.508609,261,10,0.609375,5042.000
1785209587.900436163,29.508609,261,15,2.250000,5064.000
1785209587.900436163,29.508609,261,10,3.875000,5070.750
1785209587.900436163,29.508609,261,11,5.515625,5115.500
1785209587.900436163,29.508609,261,8,7.156250,5164.000
1785209587.900436163,29.508609,261,15,202.921875,10201.250
1785209587.900436163,29.508609,261,15,206.187500,9711.250
1785209587.900436163,29.508609,261,15,207.812500,9756.500
1785209587.900436163,29.508609,261,15,228.187500,1505.250
1785209587.900436163,29.508609,261,15,229.859375,1489.750
1785209587.900436163,29.508609,261,15,231.453125,1485.500
1785209587.900436163,29.508609,261,15,236.375000,1545.750
1785209587.900436163,29.508609,261,9,237.968750,1569.000
1785209587.900436163,29.508609,261,13,246.968750,10115.000
1785209587.900436163,29.508609,261,13,248.593750,9932.750
1785209587.900436163,29.508609,261,15,253.546875,9039.500
1785209587.900436163,29.508609,261,15,255.171875,8827.750
1785209587.900436163,29.508609,261,15,256.796875,8674.500
1785209587.900436163,29.508609,261,15,258.453125,8540.750
1785209587.900436163,29.508609,261,15,260.078125,8359.000
1785209587.900436163,29.508609,261,15,261.718750,8185.500
1785209587.900436163,29.508609,261,15,263.359375,8074.000
1785209587.900436163,29.508609,261,15,265.000000,7969.750
1785209587.900436163,29.508609,261,15,266.625000,7852.750
1785209587.900436163,29.508609,261,15,269.906250,7695.500
1785209588.012032986,29.665476,262,11,1.546875,5056.500
1785209588.012032986,29.665476,262,15,3.171875,5075.750
1785209588.012032986,29.665476,262,11,4.812500,5080.250
1785209588.012032986,29.665476,262,10,6.437500,5119.750
1785209588.012032986,29.665476,262,10,8.078125,5168.250
1785209588.012032986,29.665476,262,15,171.546875,1869.250
1785209588.012032986,29.665476,262,15,205.218750,9678.500
1785209588.012032986,29.665476,262,15,206.843750,9697.000
1785209588.012032986,29.665476,262,15,208.484375,9779.500
1785209588.012032986,29.665476,262,15,228.906250,1507.250
1785209588.012032986,29.665476,262,15,230.531250,1487.750
1785209588.012032986,29.665476,262,15,233.765625,1498.500
1785209588.012032986,29.665476,262,12,247.625000,10026.250
1785209588.012032986,29.665476,262,15,249.265625,9797.500
1785209588.012032986,29.665476,262,15,250.937500,9565.750
1785209588.012032986,29.665476,262,15,254.203125,8931.500
1785209588.012032986,29.665476,262,15,255.843750,8756.500
1785209588.012032986,29.665476,262,15,257.484375,8610.000
1785209588.012032986,29.665476,262,15,259.109375,8465.500
1785209588.012032986,29.665476,262,15,260.750000,8294.000
1785209588.012032986,29.665476,262,15,262.375000,8125.500
1785209588.012032986,29.665476,262,15,264.015625,7997.000
1785209588.012032986,29.665476,262,15,265.656250,7885.000
1785209588.012032986,29.665476,262,15,267.296875,7760.750
1785209588.012032986,29.665476,262,9,270.718750,4120.500
1785209588.127213478,29.742558,263,9,0.546875,5007.000
1785209588.127213478,29.742558,263,13,2.187500,5066.250
1785209588.127213478,29.742558,263,14,3.796875,5067.250
1785209588.127213478,29.742558,263,9,5.437500,5090.250
1785209588.127213478,29.742558,263,10,7.062500,5138.000
1785209588.127213478,29.742558,263,8,8.703125,5214.750
1785209588.127213478,29.742558,263,15,172.125000,1877.250
1785209588.127213478,29.742558,263,15,205.765625,9731.250
1785209588.127213478,29.742558,263,7,207.390625,9787.500
1785209588.127213478,29.742558,263,15,209.015625,9772.750
1785209588.127213478,29.742558,263,15,229.453125,1502.750
1785209588.127213478,29.742558,263,12,231.078125,1494.750
1785209588.127213478,29.742558,263,15,232.687500,1495.000
1785209588.127213478,29.742558,263,15,237.515625,1570.000
1785209588.127213478,29.742558,263,14,248.234375,10053.000
1785209588.127213478,29.742558,263,15,249.859375,9786.250
1785209588.127213478,29.742558,263,15,254.765625,8953.000
1785209588.127213478,29.742558,263,15,256.406250,8779.500
1785209588.127213478,29.742558,263,15,258.046875,8602.750
1785209588.127213478,29.742558,263,15,259.671875,8409.500
1785209588.127213478,29.742558,263,15,261.312500,8234.000
1785209588.127213478,29.742558,263,15,267.859375,7777.250
1785209588.127213478,29.742558,263,15,269.500000,7664.750
1785209588.238507032,29.899600,264,8,1.187500,5047.500
1785209588.238507032,29.899600,264,15,2.812500,5049.750
1785209588.238507032,29.899600,264,11,4.453125,5074.500
1785209588.238507032,29.899600,264,10,6.078125,5119.500
1785209588.238507032,29.899600,264,9,7.718750,5175.250
1785209588.238507032,29.899600,264,7,9.343750,5233.000
1785209588.238507032,29.899600,264,8,10.906250,5342.250
1785209588.238507032,29.899600,264,15,171.218750,1858.000
1785209588.238507032,29.899600,264,15,206.515625,9666.250
1785209588.238507032,29.899600,264,15,208.125000,9682.000
1785209588.238507032,29.899600,264,15,230.171875,1501.750
1785209588.238507032,29.899600,264,15,231.781250,1493.750
1785209588.238507032,29.899600,264,15,235.062500,1518.500
1785209588.238507032,29.899600,264,15,236.656250,1550.000
1785209588.238507032,29.899600,264,15,238.250000,1585.000
1785209588.238507032,29.899600,264,15,248.937500,9915.500
1785209588.238507032,29.899600,264,14,250.578125,9714.500
1785209588.238507032,29.899600,264,15,255.484375,8868.750
1785209588.238507032,29.899600,264,15,257.109375,8726.750
1785209588.238507032,29.899600,264,15,258.750000,8555.000
1785209588.238507032,29.899600,264,15,260.390625,8382.500
1785209588.238507032,29.899600,264,15,262.015625,8199.000
1785209588.238507032,29.899600,264,15,263.656250,8094.250
1785209588.238507032,29.899600,264,15,265.296875,8029.750
1785209588.238507032,29.899600,264,15,266.921875,7897.500
1785209588.238507032,29.899600,264,15,268.562500,7750.750
1785209588.238507032,29.899600,264,15,270.187500,7650.000
1785209588.352586269,29.963388,265,9,2.046875,5017.500
1785209588.352586269,29.963388,265,14,3.671875,5067.500
1785209588.352586269,29.963388,265,13,5.296875,5085.750
1785209588.352586269,29.963388,265,11,6.937500,5126.750
1785209588.352586269,29.963388,265,9,8.578125,5163.000
1785209588.352586269,29.963388,265,15,205.875000,9694.250
1785209588.352586269,29.963388,265,10,207.515625,9718.500
1785209588.352586269,29.963388,265,15,209.156250,9725.500
1785209588.352586269,29.963388,265,15,229.531250,1521.500
1785209588.352586269,29.963388,265,15,231.187500,1495.750
1785209588.352586269,29.963388,265,15,232.843750,1503.500
1785209588.352586269,29.963388,265,10,248.343750,10014.500
1785209588.352586269,29.963388,265,14,249.968750,9798.000
1785209588.352586269,29.963388,265,15,253.234375,9213.250
1785209588.352586269,29.963388,265,15,254.875000,9006.000
1785209588.352586269,29.963388,265,15,256.500000,8803.250
1785209588.352586269,29.963388,265,15,258.140625,8645.750
1785209588.352586269,29.963388,265,15,261.406250,8246.500
1785209588.352586269,29.963388,265,9,263.046875,8209.250
1785209588.352586269,29.963388,265,15,267.953125,7808.000
1785209588.463947773,30.121679,266,9,1.390625,5067.500
1785209588.463947773,30.121679,266,15,3.000000,5095.250
1785209588.463947773,30.121679,266,9,4.640625,5080.500
1785209588.463947773,30.121679,266,11,6.281250,5105.500
1785209588.463947773,30.121679,266,11,7.921875,5172.250
1785209588.463947773,30.121679,266,15,171.562500,1842.250
1785209588.463947773,30.121679,266,15,206.890625,9680.750
1785209588.463947773,30.121679,266,15,208.531250,9674.000
1785209588.463947773,30.121679,266,15,230.578125,1513.500
1785209588.463947773,30.121679,266,15,233.796875,1512.750
1785209588.463947773,30.121679,266,15,235.406250,1519.000
1785209588.463947773,30.121679,266,12,247.687500,10133.000
1785209588.463947773,30.121679,266,15,249.312500,9962.250
1785209588.463947773,30.121679,266,15,250.937500,9752.750
1785209588.463947773,30.121679,266,15,255.843750,8886.250
1785209588.463947773,30.121679,266,15,257.484375,8724.250
1785209588.463947773,30.121679,266,15,259.125000,8568.250
1785209588.463947773,30.121679,266,15,260.750000,8402.250
1785209588.463947773,30.121679,266,15,262.375000,8215.500
1785209588.463947773,30.121679,266,15,264.015625,8106.500
1785209588.463947773,30.121679,266,15,265.656250,8014.000
1785209588.463947773,30.121679,266,15,267.281250,7868.250
1785209588.463947773,30.121679,266,15,268.921875,7768.750
1785209588.463947773,30.121679,266,15,270.546875,7694.250
1785209588.578490973,30.202159,267,8,359.015625,4982.750
1785209588.578490973,30.202159,267,8,0.625000,4995.500
1785209588.578490973,30.202159,267,11,2.265625,5061.000
1785209588.578490973,30.202159,267,15,3.890625,5072.000
1785209588.578490973,30.202159,267,12,5.531250,5088.500
1785209588.578490973,30.202159,267,12,7.187500,5132.750
1785209588.578490973,30.202159,267,9,8.812500,5178.500
1785209588.578490973,30.202159,267,15,172.453125,1836.750
1785209588.578490973,30.202159,267,15,206.140625,9632.250
1785209588.578490973,30.202159,267,8,207.765625,9755.250
1785209588.578490973,30.202159,267,15,209.406250,9811.750
1785209588.578490973,30.202159,267,15,228.125000,1544.250
1785209588.578490973,30.202159,267,15,231.421875,1515.250
1785209588.578490973,30.202159,267,15,234.640625,1518.500
1785209588.578490973,30.202159,267,15,236.296875,1536.500
1785209588.578490973,30.202159,267,15,237.828125,1558.750
1785209588.578490973,30.202159,267,15,239.468750,1600.250
1785209588.578490973,30.202159,267,8,243.593750,11700.000
1785209588.578490973,30.202159,267,12,250.203125,9812.750
1785209588.578490973,30.202159,267,15,255.093750,8993.750
1785209588.578490973,30.202159,267,15,256.734375,8785.750
1785209588.578490973,30.202159,267,15,258.359375,8617.500
1785209588.578490973,30.202159,267,15,260.000000,8531.000
1785209588.578490973,30.202159,267,15,261.640625,8400.750
1785209588.578490973,30.202159,267,15,263.265625,8223.250
1785209588.578490973,30.202159,267,7,264.890625,8096.750
1785209588.578490973,30.202159,267,15,266.546875,7968.000
1785209588.578490973,30.202159,267,15,268.171875,7837.500
1785209588.690788269,30.280800,268,7,359.875000,4851.500
1785209588.690788269,30.280800,268,8,1.515625,4956.000
1785209588.690788269,30.280800,268,8,3.140625,5037.500
1785209588.690788269,30.280800,268,15,4.781250,5072.000
1785209588.690788269,30.280800,268,13,6.406250,5086.750
1785209588.690788269,30.280800,268,15,8.062500,5114.750
1785209588.690788269,30.280800,268,10,9.671875,5154.250
1785209588.690788269,30.280800,268,10,11.281250,5177.500
1785209588.690788269,30.280800,268,15,171.781250,1841.000
1785209588.690788269,30.280800,268,15,173.375000,1854.250
1785209588.690788269,30.280800,268,15,207.015625,9618.500
1785209588.690788269,30.280800,268,15,208.656250,9628.750
1785209588.690788269,30.280800,268,15,230.640625,1531.000
1785209588.690788269,30.280800,268,15,232.296875,1510.750
1785209588.690788269,30.280800,268,15,235.515625,1517.750
1785209588.690788269,30.280800,268,15,237.109375,1545.750
1785209588.690788269,30.280800,268,15,238.703125,1573.500
1785209588.690788269,30.280800,268,12,247.734375,10224.750
1785209588.690788269,30.280800,268,15,249.375000,9973.500
1785209588.690788269,30.280800,268,11,251.046875,9738.750
1785209588.690788269,30.280800,268,15,254.328125,9121.750
1785209588.690788269,30.280800,268,15,255.968750,8896.750
1785209588.690788269,30.280800,268,15,257.609375,8719.250
1785209588.690788269,30.280800,268,15,259.234375,8606.750
1785209588.690788269,30.280800,268,15,260.859375,8436.500
1785209588.690788269,30.280800,268,15,262.515625,8219.000
1785209588.690788269,30.280800,268,15,264.140625,8071.500
1785209588.690788269,30.280800,268,15,265.781250,7975.500
1785209588.690788269,30.280800,268,9,267.406250,7862.500
1785209588.690788269,30.280800,268,15,269.046875,7761.250
1785209588.690788269,30.280800,268,7,270.671875,7701.500
1785209588.805023909,30.438883,269,8,2.390625,5027.000
1785209588.805023909,30.438883,269,9,4.015625,5067.000
1785209588.805023909,30.438883,269,14,5.656250,5081.000
1785209588.805023909,30.438883,269,8,7.312500,5099.500
1785209588.805023909,30.438883,269,8,8.921875,5146.750
1785209588.805023909,30.438883,269,8,10.515625,5201.000
1785209588.805023909,30.438883,269,15,172.625000,1825.250
1785209588.805023909,30.438883,269,15,207.875000,9763.750
1785209588.805023909,30.438883,269,15,209.500000,9705.000
1785209588.805023909,30.438883,269,15,231.484375,1522.000
1785209588.805023909,30.438883,269,15,233.171875,1511.250
1785209588.805023909,30.438883,269,15,238.031250,1569.500
1785209588.805023909,30.438883,269,15,250.328125,9855.750
1785209588.805023909,30.438883,269,15,255.234375,8988.250
1785209588.805023909,30.438883,269,15,256.859375,8830.000
1785209588.805023909,30.438883,269,15,258.500000,8679.500
1785209588.805023909,30.438883,269,15,260.125000,8531.750
1785209588.805023909,30.438883,269,15,261.765625,8372.250
1785209588.805023909,30.438883,269,15,263.406250,8215.500
1785209588.805023909,30.438883,269,15,265.031250,8093.500
1785209588.805023909,30.438883,269,15,266.671875,7972.500
1785209588.805023909,30.438883,269,15,268.328125,7825.750
1785209588.916321516,30.517031,270,14,4.953125,5052.000
1785209588.916321516,30.517031,270,12,6.593750,5082.500
1785209588.916321516,30.517031,270,12,8.234375,5148.500
1785209588.916321516,30.517031,270,12,9.875000,5209.250
1785209588.916321516,30.517031,270,15,170.328125,1828.250
1785209588.916321516,30.517031,270,15,173.593750,1845.500
1785209588.916321516,30.517031,270,15,207.218750,9727.000
1785209588.916321516,30.517031,270,15,208.843750,9709.500
1785209588.916321516,30.517031,270,15,210.484375,9740.750
1785209588.916321516,30.517031,270,15,229.218750,1549.000
1785209588.916321516,30.517031,270,15,230.859375,1530.250
1785209588.916321516,30.517031,270,15,232.515625,1521.250
1785209588.916321516,30.517031,270,15,234.140625,1518.750
1785209588.916321516,30.517031,270,15,239.000000,1587.750
1785209588.916321516,30.517031,270,15,240.625000,1621.250
1785209588.916321516,30.517031,270,15,249.640625,10050.000
1785209588.916321516,30.517031,270,15,251.265625,9774.500
1785209588.916321516,30.517031,270,15,256.171875,8876.250
1785209588.916321516,30.517031,270,15,257.812500,8736.000
1785209588.916321516,30.517031,270,15,259.437500,8618.500
1785209588.916321516,30.517031,270,15,261.078125,8460.250
1785209588.916321516,30.517031,270,15,262.703125,8268.250
1785209588.916321516,30.517031,270,15,265.984375,8069.250
1785209588.916321516,30.517031,270,15,267.609375,7901.250
1785209588.916321516,30.517031,270,15,269.250000,7801.000
1785209588.916321516,30.517031,270,15,270.890625,7689.250
1785209589.030287981,30.673905,271,10,2.500000,4932.500
1785209589.030287981,30.673905,271,9,4.125000,5030.750
1785209589.030287981,30.673905,271,15,5.765625,5050.500
1785209589.030287981,30.673905,271,11,7.390625,5068.500
1785209589.030287981,30.673905,271,12,9.031250,5124.000
1785209589.030287981,30.673905,271,9,10.609375,5179.750
1785209589.030287981,30.673905,271,10,12.234375,5208.000
1785209589.030287981,30.673905,271,15,174.281250,1854.000
1785209589.030287981,30.673905,271,15,207.937500,9783.250
1785209589.030287981,30.673905,271,15,209.578125,9698.250
1785209589.030287981,30.673905,271,15,231.578125,1536.500
1785209589.030287981,30.673905,271,15,233.187500,1522.250
1785209589.030287981,30.673905,271,15,236.437500,1543.750
1785209589.030287981,30.673905,271,15,238.125000,1570.500
1785209589.030287981,30.673905,271,15,239.671875,1598.000
1785209589.030287981,30.673905,271,11,248.750000,10206.750
1785209589.030287981,30.673905,271,11,250.343750,9931.250
1785209589.030287981,30.673905,271,14,251.984375,9688.750
1785209589.030287981,30.673905,271,14,255.234375,9039.500
1785209589.030287981,30.673905,271,15,256.890625,8839.750
1785209589.030287981,30.673905,271,15,258.515625,8684.000
1785209589.030287981,30.673905,271,15,260.156250,8540.250
1785209589.030287981,30.673905,271,15,261.781250,8381.250
1785209589.030287981,30.673905,271,15,263.421875,8225.250
1785209589.030287981,30.673905,271,15,265.046875,8100.500
1785209589.030287981,30.673905,271,15,266.687500,7987.000
1785209589.030287981,30.673905,271,15,268.312500,7872.000
1785209589.142617941,30.752893,272,9,1.484375,5014.500
1785209589.142617941,30.752893,272,11,3.109375,5056.750
1785209589.142617941,30.752893,272,14,4.750000,5068.250
1785209589.142617941,30.752893,272,10,6.390625,5086.000
1785209589.142617941,30.752893,272,10,8.000000,5119.250
1785209589.142617941,30.752893,272,7,9.640625,5182.750
1785209589.142617941,30.752893,272,15,169.843750,1824.500
1785209589.142617941,30.752893,272,15,173.140625,1817.750
1785209589.142617941,30.752893,272,15,174.750000,1862.500
1785209589.142617941,30.752893,272,15,208.421875,9810.000
1785209589.142617941,30.752893,272,15,210.046875,9785.500
1785209589.142617941,30.752893,272,15,232.031250,1533.750
1785209589.142617941,30.752893,272,15,235.296875,1526.000
1785209589.142617941,30.752893,272,15,236.921875,1538.250
1785209589.142617941,30.752893,272,15,238.531250,1560.250
1785209589.142617941,30.752893,272,11,250.843750,9814.000
1785209589.142617941,30.752893,272,14,254.125000,9235.250
1785209589.142617941,30.752893,272,15,255.765625,9003.500
1785209589.142617941,30.752893,272,15,257.406250,8815.750
1785209589.142617941,30.752893,272,15,259.031250,8662.750
1785209589.142617941,30.752893,272,15,260.656250,8514.000
1785209589.142617941,30.752893,272,15,262.296875,8334.750
1785209589.142617941,30.752893,272,15,263.953125,8175.250
1785209589.142617941,30.752893,272,15,265.593750,8067.750
1785209589.142617941,30.752893,272,15,267.203125,7946.750
1785209589.142617941,30.752893,272,15,268.843750,7803.250
1785209589.253541708,30.908567,273,10,3.796875,5068.750
1785209589.253541708,30.908567,273,13,5.421875,5085.500
1785209589.253541708,30.908567,273,11,7.062500,5125.500
1785209589.253541708,30.908567,273,13,8.687500,5171.500
1785209589.253541708,30.908567,273,15,170.718750,1808.750
1785209589.253541708,30.908567,273,15,173.921875,1825.500
1785209589.253541708,30.908567,273,15,207.625000,9760.500
1785209589.253541708,30.908567,273,15,209.265625,9829.500
1785209589.253541708,30.908567,273,15,210.890625,9835.500
1785209589.253541708,30.908567,273,15,229.625000,1559.000
1785209589.253541708,30.908567,273,12,231.265625,1541.250
1785209589.253541708,30.908567,273,15,232.890625,1529.250
1785209589.253541708,30.908567,273,15,236.109375,1536.250
1785209589.253541708,30.908567,273,15,237.750000,1558.500
1785209589.253541708,30.908567,273,15,239.390625,1583.000
1785209589.253541708,30.908567,273,13,250.031250,10015.500
1785209589.253541708,30.908567,273,15,251.671875,9733.250
1785209589.253541708,30.908567,273,15,253.312500,9452.750
1785209589.253541708,30.908567,273,15,256.578125,8853.500
1785209589.253541708,30.908567,273,15,258.218750,8731.000
1785209589.253541708,30.908567,273,15,259.859375,8599.750
1785209589.253541708,30.908567,273,15,261.500000,8417.500
1785209589.253541708,30.908567,273,15,263.125000,8248.750
1785209589.253541708,30.908567,273,11,264.765625,8129.500
1785209589.253541708,30.908567,273,15,266.390625,8023.750
1785209589.253541708,30.908567,273,14,268.031250,7934.000
1785209589.253541708,30.908567,273,15,269.671875,7822.500
1785209589.253541708,30.908567,273,15,271.296875,7700.000
1785209589.253541708,30.908567,273,8,277.843750,7093.250
1785209589.253541708,30.908567,273,15,279.468750,7120.000
1785209589.253541708,30.908567,273,15,281.093750,7099.500
1785209589.253541708,30.908567,273,13,282.734375,7020.750
1785209589.367635012,30.983744,274,10,359.796875,4850.250
1785209589.367635012,30.983744,274,11,3.062500,5086.500
1785209589.367635012,30.983744,274,12,4.687500,5078.000
1785209589.367635012,30.983744,274,11,6.328125,5078.750
1785209589.367635012,30.983744,274,8,7.953125,5123.750
1785209589.367635012,30.983744,274,9,9.593750,5186.500
1785209589.367635012,30.983744,274,15,169.984375,1823.750
1785209589.367635012,30.983744,274,15,173.203125,1810.750
1785209589.367635012,30.983744,274,15,208.562500,9674.750
1785209589.367635012,30.983744,274,15,210.203125,9700.500
1785209589.367635012,30.983744,274,15,232.156250,1540.750
1785209589.367635012,30.983744,274,15,233.828125,1534.250
1785209589.367635012,30.983744,274,15,235.421875,1536.750
1785209589.367635012,30.983744,274,15,251.015625,9874.500
1785209589.367635012,30.983744,274,15,254.281250,9288.750
1785209589.367635012,30.983744,274,15,255.921875,9039.250
1785209589.367635012,30.983744,274,15,257.546875,8844.750
1785209589.367635012,30.983744,274,15,259.187500,8663.250
1785209589.367635012,30.983744,274,15,260.828125,8500.000
1785209589.367635012,30.983744,274,15,262.453125,8349.750
1785209589.367635012,30.983744,274,15,264.109375,8194.000
1785209589.367635012,30.983744,274,15,265.734375,8066.000
1785209589.367635012,30.983744,274,15,267.359375,7981.500
1785209589.367635012,30.983744,274,15,269.000000,7895.250
1785209589.480235815,31.139232,275,9,2.515625,5054.250
1785209589.480235815,31.139232,275,13,4.140625,5061.000
1785209589.480235815,31.139232,275,13,5.796875,5080.750
1785209589.480235815,31.139232,275,12,7.437500,5113.750
1785209589.480235815,31.139232,275,10,9.062500,5144.000
1785209589.480235815,31.139232,275,15,171.046875,1804.750
1785209589.480235815,31.139232,275,15,174.328125,1823.500
1785209589.480235815,31.139232,275,14,207.968750,9646.500
1785209589.480235815,31.139232,275,15,209.593750,9687.750
1785209589.480235815,31.139232,275,15,229.953125,1567.750
1785209589.480235815,31.139232,275,13,231.593750,1544.500
1785209589.480235815,31.139232,275,15,233.234375,1534.750
1785209589.480235815,31.139232,275,8,234.843750,1536.250
1785209589.480235815,31.139232,275,15,236.468750,1546.500
1785209589.480235815,31.139232,275,15,238.046875,1561.500
1785209589.480235815,31.139232,275,15,239.671875,1591.750
1785209589.480235815,31.139232,275,15,241.265625,1628.750
1785209589.480235815,31.139232,275,10,248.718750,10210.750
1785209589.480235815,31.139232,275,15,250.375000,9943.500
1785209589.480235815,31.139232,275,14,252.000000,9740.000
1785209589.480235815,31.139232,275,15,256.921875,8902.250
1785209589.480235815,31.139232,275,15,258.546875,8697.000
1785209589.480235815,31.139232,275,15,260.187500,8610.000
1785209589.480235815,31.139232,275,15,263.453125,8246.750
1785209589.480235815,31.139232,275,15,265.093750,8139.500
1785209589.480235815,31.139232,275,15,266.718750,8023.500
1785209589.480235815,31.139232,275,15,268.359375,7871.000
1785209589.480235815,31.139232,275,15,269.984375,7781.500
1785209589.480235815,31.139232,275,15,271.625000,7705.500
1785209589.595332146,31.218646,276,11,1.734375,5047.750
1785209589.595332146,31.218646,276,12,3.390625,5075.000
1785209589.595332146,31.218646,276,13,5.015625,5074.750
1785209589.595332146,31.218646,276,10,6.656250,5087.000
1785209589.595332146,31.218646,276,9,8.281250,5130.500
1785209589.595332146,31.218646,276,15,170.187500,1820.750
1785209589.595332146,31.218646,276,15,175.046875,1835.000
1785209589.595332146,31.218646,276,12,207.078125,9720.500
1785209589.595332146,31.218646,276,15,208.703125,9723.750
1785209589.595332146,31.218646,276,15,210.328125,9692.250
1785209589.595332146,31.218646,276,15,230.703125,1560.750
1785209589.595332146,31.218646,276,15,232.281250,1548.250
1785209589.595332146,31.218646,276,10,233.968750,1545.250
1785209589.595332146,31.218646,276,15,235.578125,1551.500
1785209589.595332146,31.218646,276,15,237.187500,1559.250
1785209589.595332146,31.218646,276,12,238.812500,1573.750
1785209589.595332146,31.218646,276,15,240.421875,1608.000
1785209589.595332146,31.218646,276,15,242.000000,1651.500
1785209589.595332146,31.218646,276,14,251.140625,9901.750
1785209589.595332146,31.218646,276,14,252.781250,9684.000
1785209589.595332146,31.218646,276,15,256.046875,9046.250
1785209589.595332146,31.218646,276,15,257.687500,8847.250
1785209589.595332146,31.218646,276,15,259.312500,8666.250
1785209589.595332146,31.218646,276,15,260.953125,8511.750
1785209589.595332146,31.218646,276,15,262.593750,8371.500
1785209589.595332146,31.218646,276,15,264.218750,8221.250
1785209589.595332146,31.218646,276,15,265.875000,8100.500
1785209589.595332146,31.218646,276,15,267.500000,8011.500
1785209589.595332146,31.218646,276,15,269.140625,7884.250
1785209589.595332146,31.218646,276,15,272.562500,4224.250
1785209589.706129313,31.297704,277,10,359.187500,5028.250
1785209589.706129313,31.297704,277,9,0.828125,5057.500
1785209589.706129313,31.297704,277,11,2.468750,5058.000
1785209589.706129313,31.297704,277,15,4.093750,5067.750
1785209589.706129313,31.297704,277,11,5.734375,5102.500
1785209589.706129313,31.297704,277,8,7.359375,5159.250
1785209589.706129313,31.297704,277,15,171.031250,1793.500
1785209589.706129313,31.297704,277,15,174.265625,1798.750
1785209589.706129313,31.297704,277,15,207.796875,9692.000
1785209589.706129313,31.297704,277,14,209.437500,9776.250
1785209589.706129313,31.297704,277,15,211.062500,9817.500
1785209589.706129313,31.297704,277,15,233.093750,1549.750
1785209589.706129313,31.297704,277,15,234.687500,1546.250
1785209589.706129313,31.297704,277,15,236.328125,1554.250
1785209589.706129313,31.297704,277,15,237.953125,1565.250
1785209589.706129313,31.297704,277,15,251.875000,9833.500
1785209589.706129313,31.297704,277,15,256.812500,8972.250
1785209589.706129313,31.297704,277,15,258.437500,8808.250
1785209589.706129313,31.297704,277,15,260.062500,8651.250
1785209589.706129313,31.297704,277,15,261.703125,8524.500
1785209589.706129313,31.297704,277,15,263.343750,8352.750
1785209589.706129313,31.297704,277,11,269.875000,7829.750
1785209589.706129313,31.297704,277,15,271.515625,7724.000
1785209589.819884300,31.455821,278,8,359.890625,5043.750
1785209589.819884300,31.455821,278,11,1.531250,5056.250
1785209589.819884300,31.455821,278,15,3.171875,5064.500
1785209589.819884300,31.455821,278,13,4.796875,5095.500
1785209589.819884300,31.455821,278,8,6.421875,5133.500
1785209589.819884300,31.455821,278,15,170.062500,1823.750
1785209589.819884300,31.455821,278,15,171.734375,1799.250
1785209589.819884300,31.455821,278,15,174.921875,1813.000
1785209589.819884300,31.455821,278,15,208.578125,9598.000
1785209589.819884300,31.455821,278,15,210.203125,9711.750
1785209589.819884300,31.455821,278,15,233.828125,1550.750
1785209589.819884300,31.455821,278,15,235.453125,1540.000
1785209589.819884300,31.455821,278,9,237.125000,1548.750
1785209589.819884300,31.455821,278,8,238.671875,1573.000
1785209589.819884300,31.455821,278,9,249.343750,10268.250
1785209589.819884300,31.455821,278,15,250.968750,9996.500
1785209589.819884300,31.455821,278,14,252.609375,9727.500
1785209589.819884300,31.455821,278,15,254.250000,9477.000
1785209589.819884300,31.455821,278,15,255.890625,9227.000
1785209589.819884300,31.455821,278,15,257.515625,8961.500
1785209589.819884300,31.455821,278,15,259.140625,8755.250
1785209589.819884300,31.455821,278,15,260.781250,8614.000
1785209589.819884300,31.455821,278,15,264.046875,8248.250
1785209589.819884300,31.455821,278,15,265.687500,8150.250
1785209589.819884300,31.455821,278,15,267.312500,8021.250
1785209589.819884300,31.455821,278,15,268.953125,7903.000
1785209589.819884300,31.455821,278,10,270.562500,7820.500
1785209589.819884300,31.455821,278,15,272.218750,7737.250
1785209589.931053400,31.533077,279,10,2.343750,5056.250
1785209589.931053400,31.533077,279,15,3.968750,5073.250
1785209589.931053400,31.533077,279,9,5.609375,5099.250
1785209589.931053400,31.533077,279,9,7.234375,5127.000
1785209589.931053400,31.533077,279,7,8.890625,5161.750
1785209589.931053400,31.533077,279,15,170.984375,1804.500
1785209589.931053400,31.533077,279,15,172.562500,1810.000
1785209589.931053400,31.533077,279,15,175.875000,1833.250
1785209589.931053400,31.533077,279,15,209.484375,9731.500
1785209589.931053400,31.533077,279,15,211.125000,9745.000
1785209589.931053400,31.533077,279,15,231.437500,1579.500
1785209589.931053400,31.533077,279,15,233.078125,1559.750
1785209589.931053400,31.533077,279,15,234.734375,1553.000
1785209589.931053400,31.533077,279,15,236.312500,1550.500
1785209589.931053400,31.533077,279,14,251.859375,9872.250
1785209589.931053400,31.533077,279,13,255.109375,9323.500
1785209589.931053400,31.533077,279,15,256.750000,9062.750
1785209589.931053400,31.533077,279,15,258.375000,8816.250
1785209589.931053400,31.533077,279,15,260.015625,8642.250
1785209589.931053400,31.533077,279,15,261.656250,8530.750
1785209589.931053400,31.533077,279,15,263.281250,8390.250
1785209589.931053400,31.533077,279,15,264.906250,8225.750
1785209589.931053400,31.533077,279,15,266.546875,8078.250
1785209589.931053400,31.533077,279,15,268.171875,8015.250
1785209589.931053400,31.533077,279,15,269.812500,7899.500
1785209589.931053400,31.533077,279,13,279.718750,4129.000
1785209590.045733690,31.688002,280,9,359.843750,5026.750
1785209590.045733690,31.688002,280,11,1.468750,5056.750
1785209590.045733690,31.688002,280,12,3.109375,5067.500
1785209590.045733690,31.688002,280,13,4.750000,5096.000
1785209590.045733690,31.688002,280,10,6.390625,5128.500
1785209590.045733690,31.688002,280,7,8.000000,5146.500
1785209590.045733690,31.688002,280,15,170.000000,1829.000
1785209590.045733690,31.688002,280,15,171.671875,1808.750
1785209590.045733690,31.688002,280,15,176.531250,1840.750
1785209590.045733690,31.688002,280,15,208.593750,9614.500
1785209590.045733690,31.688002,280,13,210.234375,9712.000
1785209590.045733690,31.688002,280,15,211.859375,9775.750
1785209590.045733690,31.688002,280,15,233.859375,1567.750
1785209590.045733690,31.688002,280,15,235.468750,1558.750
1785209590.045733690,31.688002,280,15,237.046875,1569.250
1785209590.045733690,31.688002,280,8,238.687500,1587.000
1785209590.045733690,31.688002,280,15,241.953125,1618.250
1785209590.045733690,31.688002,280,14,252.609375,9797.000
1785209590.045733690,31.688002,280,13,255.875000,9213.000
1785209590.045733690,31.688002,280,15,257.515625,8963.000
1785209590.045733690,31.688002,280,15,259.140625,8769.500
1785209590.045733690,31.688002,280,15,260.781250,8616.500
1785209590.045733690,31.688002,280,15,262.406250,8451.750
1785209590.045733690,31.688002,280,15,264.031250,8292.000
1785209590.045733690,31.688002,280,12,268.937500,7911.250
1785209590.045733690,31.688002,280,15,270.562500,7824.250
1785209590.045733690,31.688002,280,15,272.203125,7733.500
1785209590.157756329,31.752344,281,8,0.656250,5046.750
1785209590.157756329,31.752344,281,8,2.296875,5064.750
1785209590.157756329,31.752344,281,15,3.937500,5075.000
1785209590.157756329,31.752344,281,9,5.562500,5084.250
1785209590.157756329,31.752344,281,9,7.203125,5121.500
1785209590.157756329,31.752344,281,8,8.828125,5168.750
1785209590.157756329,31.752344,281,15,170.890625,1808.500
1785209590.157756329,31.752344,281,15,172.531250,1792.000
1785209590.157756329,31.752344,281,15,175.796875,1804.250
1785209590.157756329,31.752344,281,15,209.515625,9767.000
1785209590.157756329,31.752344,281,15,211.156250,9700.000
1785209590.157756329,31.752344,281,15,234.765625,1559.250
1785209590.157756329,31.752344,281,15,236.421875,1556.750
1785209590.157756329,31.752344,281,15,238.015625,1566.000
1785209590.157756329,31.752344,281,15,251.937500,9949.500
1785209590.157756329,31.752344,281,10,253.562500,9726.750
1785209590.157756329,31.752344,281,15,258.484375,8822.750
1785209590.157756329,31.752344,281,15,260.093750,8668.000
1785209590.157756329,31.752344,281,15,261.750000,8541.250
1785209590.157756329,31.752344,281,15,263.375000,8398.250
1785209590.157756329,31.752344,281,15,265.015625,8232.500
1785209590.157756329,31.752344,281,15,266.640625,8118.250
1785209590.157756329,31.752344,281,15,268.281250,8019.750
1785209590.157756329,31.752344,281,15,269.906250,7920.500
1785209590.269653797,31.906200,282,8,0.062500,4994.000
1785209590.269653797,31.906200,282,10,1.703125,5044.500
1785209590.269653797,31.906200,282,9,3.343750,5070.750
1785209590.269653797,31.906200,282,13,4.984375,5073.250
1785209590.269653797,31.906200,282,9,6.625000,5089.000
1785209590.269653797,31.906200,282,8,8.250000,5132.250
1785209590.269653797,31.906200,282,15,170.359375,1822.250
1785209590.269653797,31.906200,282,15,172.015625,1799.000
1785209590.269653797,31.906200,282,15,176.906250,1823.500
1785209590.269653797,31.906200,282,15,209.000000,9669.750
1785209590.269653797,31.906200,282,15,210.625000,9708.000
1785209590.269653797,31.906200,282,15,212.265625,9802.750
1785209590.269653797,31.906200,282,7,218.796875,9984.250
1785209590.269653797,31.906200,282,15,232.578125,1585.250
1785209590.269653797,31.906200,282,15,234.234375,1572.250
1785209590.269653797,31.906200,282,15,235.906250,1557.500
1785209590.269653797,31.906200,282,10,237.515625,1561.000
1785209590.269653797,31.906200,282,15,239.093750,1587.750
1785209590.269653797,31.906200,282,15,240.765625,1607.750
1785209590.269653797,31.906200,282,13,253.109375,9806.500
1785209590.269653797,31.906200,282,15,258.031250,8972.500
1785209590.269653797,31.906200,282,15,259.671875,8807.000
1785209590.269653797,31.906200,282,15,261.312500,8627.750
1785209590.269653797,31.906200,282,15,262.937500,8498.000
1785209590.269653797,31.906200,282,15,264.593750,8347.500
1785209590.269653797,31.906200,282,15,266.218750,8217.000
1785209590.269653797,31.906200,282,15,267.875000,8092.500
1785209590.269653797,31.906200,282,15,269.500000,7937.000
1785209590.269653797,31.906200,282,15,271.125000,7821.750
1785209590.269653797,31.906200,282,13,272.765625,7737.250
1785209590.383768559,31.971083,283,8,2.859375,5020.750
1785209590.383768559,31.971083,283,10,4.500000,5072.250
1785209590.383768559,31.971083,283,15,6.140625,5073.750
1785209590.383768559,31.971083,283,10,7.781250,5084.250
1785209590.383768559,31.971083,283,10,9.390625,5146.250
1785209590.383768559,31.971083,283,8,10.968750,5201.250
1785209590.383768559,31.971083,283,15,171.500000,1808.500
1785209590.383768559,31.971083,283,15,173.140625,1785.000
1785209590.383768559,31.971083,283,15,176.390625,1797.250
1785209590.383768559,31.971083,283,15,208.359375,9856.750
1785209590.383768559,31.971083,283,15,210.015625,9779.250
1785209590.383768559,31.971083,283,15,211.625000,9701.750
1785209590.383768559,31.971083,283,15,235.281250,1574.750
1785209590.383768559,31.971083,283,15,236.921875,1564.500
1785209590.383768559,31.971083,283,15,238.562500,1578.250
1785209590.383768559,31.971083,283,14,252.531250,9903.750
1785209590.383768559,31.971083,283,11,254.156250,9688.250
1785209590.383768559,31.971083,283,15,257.421875,9078.000
1785209590.383768559,31.971083,283,15,259.078125,8864.500
1785209590.383768559,31.971083,283,15,260.718750,8702.750
1785209590.383768559,31.971083,283,15,262.343750,8568.000
1785209590.383768559,31.971083,283,15,265.640625,8196.750
1785209590.383768559,31.971083,283,15,267.265625,8102.750
1785209590.383768559,31.971083,283,15,268.906250,8031.250
1785209590.383768559,31.971083,283,15,270.531250,7936.750
1785209590.494860172,32.128956,284,8,0.734375,4823.000
1785209590.494860172,32.128956,284,10,3.984375,4953.500
1785209590.494860172,32.128956,284,10,5.625000,5050.500
1785209590.494860172,32.128956,284,13,7.265625,5072.250
1785209590.494860172,32.128956,284,12,8.906250,5097.000
1785209590.494860172,32.128956,284,11,10.468750,5151.000
1785209590.494860172,32.128956,284,7,12.109375,5196.750
1785209590.494860172,32.128956,284,15,171.000000,1821.750
1785209590.494860172,32.128956,284,15,172.656250,1798.500
1785209590.494860172,32.128956,284,15,174.250000,1798.250
1785209590.494860172,32.128956,284,15,177.515625,1820.500
1785209590.494860172,32.128956,284,15,209.484375,9684.750
1785209590.494860172,32.128956,284,15,211.109375,9763.000
1785209590.494860172,32.128956,284,15,212.750000,9812.250
1785209590.494860172,32.128956,284,15,233.109375,1599.250
1785209590.494860172,32.128956,284,15,234.812500,1581.500
1785209590.494860172,32.128956,284,15,236.437500,1574.750
1785209590.494860172,32.128956,284,15,238.031250,1584.250
1785209590.494860172,32.128956,284,15,239.625000,1601.000
1785209590.494860172,32.128956,284,15,241.265625,1618.500
1785209590.494860172,32.128956,284,15,253.609375,9818.750
1785209590.494860172,32.128956,284,15,260.171875,8725.000
1785209590.494860172,32.128956,284,15,261.796875,8630.250
1785209590.494860172,32.128956,284,15,263.437500,8466.750
1785209590.494860172,32.128956,284,15,265.062500,8289.500
1785209590.494860172,32.128956,284,15,266.703125,8164.500
1785209590.494860172,32.128956,284,15,268.343750,8072.000
1785209590.494860172,32.128956,284,15,269.984375,7952.250
1785209590.494860172,32.128956,284,15,273.265625,7783.000
1785209590.609180689,32.206805,285,8,5.093750,5032.750
1785209590.609180689,32.206805,285,15,6.734375,5054.250
1785209590.609180689,32.206805,285,11,8.375000,5071.500
1785209590.609180689,32.206805,285,9,10.015625,5124.500
1785209590.609180689,32.206805,285,14,11.562500,5185.500
1785209590.609180689,32.206805,285,15,171.984375,1811.500
1785209590.609180689,32.206805,285,15,173.625000,1803.000
1785209590.609180689,32.206805,285,15,176.843750,1812.250
1785209590.609180689,32.206805,285,15,178.500000,1843.000
1785209590.609180689,32.206805,285,15,212.125000,9803.500
1785209590.609180689,32.206805,285,10,234.078125,1586.250
1785209590.609180689,32.206805,285,15,235.781250,1574.000
1785209590.609180689,32.206805,285,15,237.406250,1572.500
1785209590.609180689,32.206805,285,14,252.937500,9921.750
1785209590.609180689,32.206805,285,14,254.562500,9694.500
1785209590.609180689,32.206805,285,15,257.828125,9075.250
1785209590.609180689,32.206805,285,15,259.468750,8871.750
1785209590.609180689,32.206805,285,15,261.109375,8728.750
1785209590.609180689,32.206805,285,15,262.734375,8580.000
1785209590.609180689,32.206805,285,15,264.359375,8404.500
1785209590.609180689,32.206805,285,15,266.000000,8244.750
1785209590.609180689,32.206805,285,15,267.640625,8143.500
1785209590.609180689,32.206805,285,15,269.265625,8070.000
1785209590.609180689,32.206805,285,14,270.906250,7927.000
1785209590.609180689,32.206805,285,15,280.812500,4146.000
1785209590.721952677,32.346626,286,9,1.140625,4805.000
1785209590.721952677,32.346626,286,7,6.031250,5025.000
1785209590.721952677,32.346626,286,15,7.687500,5042.500
1785209590.721952677,32.346626,286,13,9.296875,5063.250
1785209590.721952677,32.346626,286,10,10.875000,5126.250
1785209590.721952677,32.346626,286,9,12.515625,5166.000
1785209590.721952677,32.346626,286,15,171.312500,1826.750
1785209590.721952677,32.346626,286,15,172.968750,1799.500
1785209590.721952677,32.346626,286,15,174.625000,1788.000
1785209590.721952677,32.346626,286,15,177.859375,1807.750
1785209590.721952677,32.346626,286,15,209.953125,9829.500
1785209590.721952677,32.346626,286,15,211.578125,9844.750
1785209590.721952677,32.346626,286,15,213.218750,9933.750
1785209590.721952677,32.346626,286,15,233.515625,1609.500
1785209590.721952677,32.346626,286,15,235.171875,1591.500
1785209590.721952677,32.346626,286,15,236.781250,1587.000
1785209590.721952677,32.346626,286,15,238.437500,1588.250
1785209590.721952677,32.346626,286,15,240.031250,1597.500
1785209590.721952677,32.346626,286,15,241.671875,1612.250
1785209590.721952677,32.346626,286,12,252.343750,10011.750
1785209590.721952677,32.346626,286,15,253.984375,9777.250
1785209590.721952677,32.346626,286,15,257.250000,9203.250
1785209590.721952677,32.346626,286,15,258.906250,8968.500
1785209590.721952677,32.346626,286,15,260.515625,8796.000
1785209590.721952677,32.346626,286,15,262.156250,8649.000
1785209590.721952677,32.346626,286,15,263.796875,8511.250
1785209590.721952677,32.346626,286,15,265.421875,8365.000
1785209590.721952677,32.346626,286,15,267.062500,8202.500
1785209590.721952677,32.346626,286,15,268.703125,8062.000
1785209590.721952677,32.346626,286,15,270.328125,7946.000
1785209590.721952677,32.346626,286,15,273.609375,7805.500
1785209590.721952677,32.346626,286,15,275.187500,7668.750
1785209590.834881783,32.424918,287,8,2.140625,4794.500
1785209590.834881783,32.424918,287,15,8.671875,5010.500
1785209590.834881783,32.424918,287,13,10.312500,5047.250
1785209590.834881783,32.424918,287,11,11.890625,5113.000
1785209590.834881783,32.424918,287,15,172.328125,1811.250
1785209590.834881783,32.424918,287,15,173.921875,1794.250
1785209590.834881783,32.424918,287,15,175.593750,1799.000
1785209590.834881783,32.424918,287,15,178.812500,1832.000
1785209590.834881783,32.424918,287,15,210.906250,9719.500
1785209590.834881783,32.424918,287,15,212.546875,9743.500
1785209590.834881783,32.424918,287,15,236.125000,1594.250
1785209590.834881783,32.424918,287,15,239.343750,1593.000
1785209590.834881783,32.424918,287,15,241.000000,1616.250
1785209590.834881783,32.424918,287,15,242.625000,1645.750
1785209590.834881783,32.424918,287,15,244.218750,1680.250
1785209590.834881783,32.424918,287,13,253.312500,9891.250
1785209590.834881783,32.424918,287,15,254.937500,9685.250
1785209590.834881783,32.424918,287,15,258.218750,9054.000
1785209590.834881783,32.424918,287,15,259.859375,8872.000
1785209590.834881783,32.424918,287,15,261.500000,8709.750
1785209590.834881783,32.424918,287,15,263.125000,8584.000
1785209590.834881783,32.424918,287,15,264.750000,8418.000
1785209590.834881783,32.424918,287,13,266.390625,8347.000
1785209590.834881783,32.424918,287,15,269.656250,8017.250
1785209590.834881783,32.424918,287,15,271.281250,7913.250
1785209590.834881783,32.424918,287,15,272.937500,7782.250
1785209590.946334362,32.579429,288,7,1.453125,4777.250
1785209590.946334362,32.579429,288,7,3.093750,4810.500
1785209590.946334362,32.579429,288,12,9.625000,5061.250
1785209590.946334362,32.579429,288,12,11.250000,5077.750
1785209590.946334362,32.579429,288,15,171.812500,1819.000
1785209590.946334362,32.579429,288,15,173.437500,1794.500
1785209590.946334362,32.579429,288,15,175.062500,1786.500
1785209590.946334362,32.579429,288,15,178.312500,1808.500
1785209590.946334362,32.579429,288,15,210.359375,9681.750
1785209590.946334362,32.579429,288,15,211.984375,9729.750
1785209590.946334362,32.579429,288,15,233.937500,1609.250
1785209590.946334362,32.579429,288,15,235.515625,1594.250
1785209590.946334362,32.579429,288,15,237.187500,1586.750
1785209590.946334362,32.579429,288,15,238.812500,1596.500
1785209590.946334362,32.579429,288,15,240.390625,1612.000
1785209590.946334362,32.579429,288,15,242.015625,1626.250
1785209590.946334362,32.579429,288,13,252.765625,9931.250
1785209590.946334362,32.579429,288,14,254.390625,9703.000
1785209590.946334362,32.579429,288,13,256.046875,9463.500
1785209590.946334362,32.579429,288,15,259.312500,8923.000
1785209590.946334362,32.579429,288,15,260.953125,8781.500
1785209590.946334362,32.579429,288,15,262.578125,8630.500
1785209590.946334362,32.579429,288,15,264.218750,8460.250
1785209590.946334362,32.579429,288,15,265.859375,8280.750
1785209590.946334362,32.579429,288,15,267.500000,8139.750
1785209590.946334362,32.579429,288,15,269.125000,8053.500
1785209590.946334362,32.579429,288,15,270.765625,7950.250
1785209590.946334362,32.579429,288,15,274.187500,4227.250
1785209591.058402777,32.658053,289,8,0.921875,4755.750
1785209591.058402777,32.658053,289,12,2.546875,4780.000
1785209591.058402777,32.658053,289,8,4.187500,4808.500
1785209591.058402777,32.658053,289,12,9.093750,5014.250
1785209591.058402777,32.658053,289,11,10.687500,5030.750
1785209591.058402777,32.658053,289,11,12.296875,5088.000
1785209591.058402777,32.658053,289,15,171.218750,1828.000
1785209591.058402777,32.658053,289,15,172.859375,1799.750
1785209591.058402777,32.658053,289,15,174.531250,1781.500
1785209591.058402777,32.658053,289,15,177.765625,1798.250
1785209591.058402777,32.658053,289,15,179.406250,1853.750
1785209591.058402777,32.658053,289,15,209.781250,9787.500
1785209591.058402777,32.658053,289,15,213.046875,9811.750
1785209591.058402777,32.658053,289,15,229.937500,1900.000
1785209591.058402777,32.658053,289,15,233.390625,1620.500
1785209591.058402777,32.658053,289,15,235.031250,1597.000
1785209591.058402777,32.658053,289,15,236.625000,1587.000
1785209591.058402777,32.658053,289,14,238.265625,1593.000
1785209591.058402777,32.658053,289,15,239.859375,1610.500
1785209591.058402777,32.658053,289,15,241.515625,1622.500
1785209591.058402777,32.658053,289,12,253.859375,9786.250
1785209591.058402777,32.658053,289,15,258.765625,8924.000
1785209591.058402777,32.658053,289,15,260.390625,8790.250
1785209591.058402777,32.658053,289,15,262.031250,8650.000
1785209591.058402777,32.658053,289,15,263.687500,8529.750
1785209591.058402777,32.658053,289,15,265.312500,8370.000
1785209591.058402777,32.658053,289,9,266.953125,8284.500
1785209591.058402777,32.658053,289,15,268.593750,8188.750
1785209591.058402777,32.658053,289,15,271.859375,7947.500
1785209591.058402777,32.658053,289,15,273.500000,7765.250
1785209591.173725605,32.815445,290,7,3.703125,4803.500
1785209591.173725605,32.815445,290,9,5.343750,4827.500
1785209591.173725605,32.815445,290,8,6.968750,4917.750
1785209591.173725605,32.815445,290,13,8.593750,5010.500
1785209591.173725605,32.815445,290,11,10.250000,5046.500
1785209591.173725605,32.815445,290,11,11.812500,5087.250
1785209591.173725605,32.815445,290,15,172.421875,1810.500
1785209591.173725605,32.815445,290,15,174.046875,1798.500
1785209591.173725605,32.815445,290,15,177.328125,1810.000
1785209591.173725605,32.815445,290,15,178.921875,1841.750
1785209591.173725605,32.815445,290,15,210.953125,9808.750
1785209591.173725605,32.815445,290,15,212.578125,9826.000
1785209591.173725605,32.815445,290,15,236.218750,1593.500
1785209591.173725605,32.815445,290,15,237.875000,1579.250
1785209591.173725605,32.815445,290,14,251.812500,10161.500
1785209591.173725605,32.815445,290,14,253.453125,9885.500
1785209591.173725605,32.815445,290,15,258.375000,9012.000
1785209591.173725605,32.815445,290,15,260.000000,8823.500
1785209591.173725605,32.815445,290,15,261.625000,8694.500
1785209591.173725605,32.815445,290,15,263.281250,8541.000
1785209591.173725605,32.815445,290,15,264.921875,8393.250
1785209591.173725605,32.815445,290,7,271.453125,7889.500
1785209591.284672499,32.891584,291,7,1.703125,4759.250
1785209591.284672499,32.891584,291,9,3.359375,4786.000
1785209591.284672499,32.891584,291,10,4.984375,4813.500
1785209591.284672499,32.891584,291,7,6.625000,4897.750
1785209591.284672499,32.891584,291,11,9.906250,5002.250
1785209591.284672499,32.891584,291,13,11.453125,5076.500
1785209591.284672499,32.891584,291,15,172.140625,1816.500
1785209591.284672499,32.891584,291,15,173.765625,1795.750
1785209591.284672499,32.891584,291,15,175.468750,1798.000
1785209591.284672499,32.891584,291,8,209.093750,9791.250
1785209591.284672499,32.891584,291,15,210.718750,9781.750
1785209591.284672499,32.891584,291,15,212.359375,9812.000
1785209591.284672499,32.891584,291,9,234.343750,1598.000
1785209591.284672499,32.891584,291,15,236.015625,1583.500
1785209591.284672499,32.891584,291,15,239.281250,1589.500
1785209591.284672499,32.891584,291,15,240.859375,1610.750
1785209591.284672499,32.891584,291,15,242.484375,1640.750
1785209591.284672499,32.891584,291,15,244.078125,1677.000
1785209591.284672499,32.891584,291,12,251.562500,10155.500
1785209591.284672499,32.891584,291,13,253.203125,9905.750
1785209591.284672499,32.891584,291,12,254.843750,9689.250
1785209591.284672499,32.891584,291,15,258.109375,9059.500
1785209591.284672499,32.891584,291,15,259.750000,8853.750
1785209591.284672499,32.891584,291,15,261.375000,8707.500
1785209591.284672499,32.891584,291,15,263.015625,8588.500
1785209591.284672499,32.891584,291,15,264.656250,8408.750
1785209591.284672499,32.891584,291,15,266.296875,8226.000
1785209591.284672499,32.891584,291,8,267.906250,8231.250
1785209591.398654699,33.048623,292,10,1.328125,4748.500
1785209591.398654699,33.048623,292,9,2.968750,4765.250
1785209591.398654699,33.048623,292,15,11.078125,5050.000
1785209591.398654699,33.048623,292,9,12.703125,5099.250
1785209591.398654699,33.048623,292,15,171.671875,1823.250
1785209591.398654699,33.048623,292,15,173.343750,1798.000
1785209591.398654699,33.048623,292,15,174.953125,1787.750
1785209591.398654699,33.048623,292,15,178.218750,1809.000
1785209591.398654699,33.048623,292,15,210.265625,9766.750
1785209591.398654699,33.048623,292,15,211.906250,9835.750
1785209591.398654699,33.048623,292,15,235.578125,1605.250
1785209591.398654699,33.048623,292,15,237.218750,1579.250
1785209591.398654699,33.048623,292,8,238.843750,1581.500
1785209591.398654699,33.048623,292,15,240.453125,1609.000
1785209591.398654699,33.048623,292,15,252.781250,9937.500
1785209591.398654699,33.048623,292,15,254.421875,9698.750
1785209591.398654699,33.048623,292,13,256.046875,9455.500
1785209591.398654699,33.048623,292,15,259.343750,8886.000
1785209591.398654699,33.048623,292,15,260.984375,8738.750
1785209591.398654699,33.048623,292,15,262.625000,8628.000
1785209591.398654699,33.048623,292,15,264.250000,8459.000
1785209591.398654699,33.048623,292,15,265.890625,8279.500
1785209591.398654699,33.048623,292,15,267.515625,8139.000
1785209591.398654699,33.048623,292,15,269.156250,8047.000
1785209591.398654699,33.048623,292,15,270.796875,7947.750
1785209591.510654926,33.127256,293,8,2.546875,4770.000
1785209591.510654926,33.127256,293,12,9.078125,5008.000
1785209591.510654926,33.127256,293,14,10.656250,5030.000
1785209591.510654926,33.127256,293,13,12.281250,5092.500
1785209591.510654926,33.127256,293,15,171.156250,1834.000
1785209591.510654926,33.127256,293,15,172.796875,1804.750
1785209591.510654926,33.127256,293,15,174.437500,1782.000
1785209591.510654926,33.127256,293,15,177.718750,1798.000
1785209591.510654926,33.127256,293,15,209.781250,9704.500
1785209591.510654926,33.127256,293,15,213.031250,9732.750
1785209591.510654926,33.127256,293,11,229.968750,1900.250
1785209591.510654926,33.127256,293,15,233.406250,1617.000
1785209591.510654926,33.127256,293,15,235.000000,1591.500
1785209591.510654926,33.127256,293,15,236.640625,1582.000
1785209591.510654926,33.127256,293,15,253.875000,9794.250
1785209591.510654926,33.127256,293,15,258.781250,8961.250
1785209591.510654926,33.127256,293,15,260.421875,8784.500
1785209591.510654926,33.127256,293,15,262.062500,8652.500
1785209591.510654926,33.127256,293,15,263.703125,8530.750
1785209591.510654926,33.127256,293,15,265.328125,8363.250
1785209591.510654926,33.127256,293,15,266.968750,8185.000
1785209591.510654926,33.127256,293,15,268.609375,8087.500
1785209591.510654926,33.127256,293,12,270.234375,7977.750
1785209591.510654926,33.127256,293,15,271.875000,7861.500
1785209591.510654926,33.127256,293,15,273.515625,7768.500
1785209591.510654926,33.127256,293,15,281.656250,7666.750
1785209591.625099659,33.268729,294,8,3.640625,4793.500
1785209591.625099659,33.268729,294,8,5.281250,4827.250
1785209591.625099659,33.268729,294,8,6.906250,4918.000
1785209591.625099659,33.268729,294,12,8.531250,5013.000
1785209591.625099659,33.268729,294,10,10.187500,5048.250
1785209591.625099659,33.268729,294,12,11.796875,5082.750
1785209591.625099659,33.268729,294,15,172.234375,1815.750
1785209591.625099659,33.268729,294,15,173.859375,1795.750
1785209591.625099659,33.268729,294,15,175.437500,1798.250
1785209591.625099659,33.268729,294,15,212.406250,9809.000
1785209591.625099659,33.268729,294,10,234.343750,1598.750
1785209591.625099659,33.268729,294,15,236.015625,1584.000
1785209591.625099659,33.268729,294,15,239.203125,1589.250
1785209591.625099659,33.268729,294,15,240.859375,1610.750
1785209591.625099659,33.268729,294,15,242.515625,1640.750
1785209591.625099659,33.268729,294,15,244.062500,1676.250
1785209591.625099659,33.268729,294,11,253.187500,9905.750
1785209591.625099659,33.268729,294,15,258.093750,9067.250
1785209591.625099659,33.268729,294,15,259.734375,8859.000
1785209591.625099659,33.268729,294,15,261.375000,8707.500
1785209591.625099659,33.268729,294,15,263.015625,8586.250
1785209591.625099659,33.268729,294,15,264.656250,8409.250
1785209591.625099659,33.268729,294,15,266.281250,8267.000
1785209591.625099659,33.268729,294,7,271.187500,7899.500
1785209591.625099659,33.268729,294,15,272.828125,7783.250
1785209591.737175465,33.345933,295,10,1.359375,4747.250
1785209591.737175465,33.345933,295,9,3.000000,4767.000
1785209591.737175465,33.345933,295,8,4.625000,4803.000
1785209591.737175465,33.345933,295,8,6.250000,4859.000
1785209591.737175465,33.345933,295,8,7.890625,4964.500
1785209591.737175465,33.345933,295,15,9.531250,5022.250
1785209591.737175465,33.345933,295,15,11.140625,5050.000
1785209591.737175465,33.345933,295,10,12.781250,5100.000
1785209591.737175465,33.345933,295,15,171.593750,1823.250
1785209591.737175465,33.345933,295,15,173.171875,1797.500
1785209591.737175465,33.345933,295,15,174.859375,1786.250
1785209591.737175465,33.345933,295,15,178.062500,1807.750
1785209591.737175465,33.345933,295,13,210.156250,9700.750
1785209591.737175465,33.345933,295,15,211.781250,9763.250
1785209591.737175465,33.345933,295,15,233.687500,1611.250
1785209591.737175465,33.345933,295,15,235.343750,1591.000
1785209591.737175465,33.345933,295,15,237.000000,1585.500
1785209591.737175465,33.345933,295,15,238.640625,1591.750
1785209591.737175465,33.345933,295,15,240.234375,1599.250
1785209591.737175465,33.345933,295,15,241.828125,1617.750
1785209591.737175465,33.345933,295,10,254.171875,9739.000
1785209591.737175465,33.345933,295,15,255.828125,9472.250
1785209591.737175465,33.345933,295,15,259.093750,8916.000
1785209591.737175465,33.345933,295,15,260.718750,8786.250
1785209591.737175465,33.345933,295,15,262.359375,8667.250
1785209591.737175465,33.345933,295,15,263.984375,8543.000
1785209591.737175465,33.345933,295,15,267.265625,8145.000
1785209591.737175465,33.345933,295,15,268.890625,8069.000
1785209591.737175465,33.345933,295,15,270.531250,7944.000
1785209591.850401163,33.499409,296,7,7.265625,4924.250
1785209591.850401163,33.499409,296,13,8.906250,4988.500
1785209591.850401163,33.499409,296,12,10.484375,5025.250
1785209591.850401163,33.499409,296,11,12.109375,5066.000
1785209591.850401163,33.499409,296,15,172.515625,1808.750
1785209591.850401163,33.499409,296,15,174.109375,1799.000
1785209591.850401163,33.499409,296,15,177.359375,1810.750
1785209591.850401163,33.499409,296,15,179.046875,1842.000
1785209591.850401163,33.499409,296,15,209.406250,9770.500
1785209591.850401163,33.499409,296,15,211.031250,9811.750
1785209591.850401163,33.499409,296,15,212.671875,9866.500
1785209591.850401163,33.499409,296,15,236.312500,1589.250
1785209591.850401163,33.499409,296,15,237.875000,1578.250
1785209591.850401163,33.499409,296,11,239.515625,1594.250
1785209591.850401163,33.499409,296,15,242.718750,1627.750
1785209591.850401163,33.499409,296,13,251.859375,10159.750
1785209591.850401163,33.499409,296,15,253.500000,9886.250
1785209591.850401163,33.499409,296,14,256.781250,9321.000
1785209591.850401163,33.499409,296,15,258.406250,9045.250
1785209591.850401163,33.499409,296,15,260.046875,8811.000
1785209591.850401163,33.499409,296,15,261.687500,8670.750
1785209591.850401163,33.499409,296,15,263.328125,8548.750
1785209591.850401163,33.499409,296,15,264.953125,8394.500
1785209591.850401163,33.499409,296,14,268.218750,8220.750
1785209591.850401163,33.499409,296,10,269.859375,8036.750
1785209591.850401163,33.499409,296,15,271.500000,7888.500
1785209591.961901426,33.562262,297,8,3.343750,4762.500
1785209591.961901426,33.562262,297,9,5.000000,4812.000
1785209591.961901426,33.562262,297,8,6.640625,4858.250
1785209591.961901426,33.562262,297,15,9.890625,5045.000
1785209591.961901426,33.562262,297,11,11.468750,5073.250
1785209591.961901426,33.562262,297,15,172.000000,1816.750
1785209591.961901426,33.562262,297,15,173.640625,1793.750
1785209591.961901426,33.562262,297,15,175.265625,1790.750
1785209591.961901426,33.562262,297,15,210.515625,9755.500
1785209591.961901426,33.562262,297,15,212.156250,9752.500
1785209591.961901426,33.562262,297,15,235.843750,1596.750
1785209591.961901426,33.562262,297,15,237.421875,1587.250
1785209591.961901426,33.562262,297,15,239.046875,1587.750
1785209591.961901426,33.562262,297,8,240.718750,1593.500
1785209591.961901426,33.562262,297,15,242.312500,1620.500
1785209591.961901426,33.562262,297,12,253.031250,9912.250
1785209591.961901426,33.562262,297,15,257.953125,9088.250
1785209591.961901426,33.562262,297,15,259.593750,8874.250
1785209591.961901426,33.562262,297,15,261.218750,8725.250
1785209591.961901426,33.562262,297,15,262.875000,8576.500
1785209591.961901426,33.562262,297,15,264.515625,8391.750
1785209591.961901426,33.562262,297,15,266.140625,8225.750
1785209591.961901426,33.562262,297,15,267.781250,8114.750
1785209591.961901426,33.562262,297,15,269.421875,8034.500
1785209591.961901426,33.562262,297,15,271.046875,7898.750
1785209592.074064016,33.717849,298,7,2.859375,4782.750
1785209592.074064016,33.717849,298,8,4.500000,4801.500
1785209592.074064016,33.717849,298,12,10.984375,5051.000
1785209592.074064016,33.717849,298,12,12.625000,5100.750
1785209592.074064016,33.717849,298,15,171.593750,1823.750
1785209592.074064016,33.717849,298,15,173.218750,1797.500
1785209592.074064016,33.717849,298,15,174.859375,1786.000
1785209592.074064016,33.717849,298,15,178.093750,1807.750
1785209592.074064016,33.717849,298,15,210.093750,9713.750
1785209592.074064016,33.717849,298,15,211.734375,9761.000
1785209592.074064016,33.717849,298,15,235.421875,1602.250
1785209592.074064016,33.717849,298,15,237.046875,1586.250
1785209592.074064016,33.717849,298,15,238.703125,1592.500
1785209592.074064016,33.717849,298,15,240.265625,1606.250
1785209592.074064016,33.717849,298,15,241.937500,1625.000
1785209592.074064016,33.717849,298,15,250.984375,10242.000
1785209592.074064016,33.717849,298,14,252.609375,9967.750
1785209592.074064016,33.717849,298,11,254.250000,9718.000
1785209592.074064016,33.717849,298,15,257.546875,9176.750
1785209592.074064016,33.717849,298,15,259.171875,8936.250
1785209592.074064016,33.717849,298,15,260.812500,8766.250
1785209592.074064016,33.717849,298,15,262.453125,8660.750
1785209592.074064016,33.717849,298,15,264.078125,8536.750
1785209592.074064016,33.717849,298,15,267.359375,8145.750
1785209592.074064016,33.717849,298,15,269.000000,8067.000
1785209592.074064016,33.717849,298,15,270.640625,7948.000
1785209592.074064016,33.717849,298,15,274.046875,4229.000
1785209592.187493086,33.796945,299,8,0.828125,4749.250
1785209592.187493086,33.796945,299,9,2.468750,4769.250
1785209592.187493086,33.796945,299,7,4.109375,4784.000
1785209592.187493086,33.796945,299,11,9.031250,4988.250
1785209592.187493086,33.796945,299,14,10.593750,5024.750
1785209592.187493086,33.796945,299,12,12.218750,5071.750
1785209592.187493086,33.796945,299,15,171.328125,1833.000
1785209592.187493086,33.796945,299,15,172.968750,1804.250
1785209592.187493086,33.796945,299,15,174.593750,1784.000
1785209592.187493086,33.796945,299,15,177.828125,1804.000
1785209592.187493086,33.796945,299,15,209.875000,9743.500
1785209592.187493086,33.796945,299,15,211.531250,9797.000
1785209592.187493086,33.796945,299,15,213.156250,9768.500
1785209592.187493086,33.796945,299,15,233.484375,1612.000
1785209592.187493086,33.796945,299,15,235.171875,1592.250
1785209592.187493086,33.796945,299,15,236.812500,1581.250
1785209592.187493086,33.796945,299,15,238.421875,1577.250
1785209592.187493086,33.796945,299,13,252.343750,10012.000
1785209592.187493086,33.796945,299,15,253.984375,9773.250
1785209592.187493086,33.796945,299,15,257.265625,9226.250
1785209592.187493086,33.796945,299,15,258.906250,8974.000
1785209592.187493086,33.796945,299,15,260.531250,8789.750
1785209592.187493086,33.796945,299,15,262.171875,8668.750
1785209592.187493086,33.796945,299,15,263.812500,8538.000
1785209592.187493086,33.796945,299,15,265.453125,8328.750
1785209592.187493086,33.796945,299,15,267.078125,8158.750
1785209592.187493086,33.796945,299,15,268.718750,8059.500
1785209592.187493086,33.796945,299,15,270.343750,7946.000
1785209592.187493086,33.796945,299,8,271.968750,7874.500
1785209592.187493086,33.796945,299,15,273.609375,7788.750
1785209592.187493086,33.796945,299,10,275.218750,7671.000
1785209592.299814939,33.938857,300,8,2.234375,4759.250
1785209592.299814939,33.938857,300,8,3.890625,4790.250
1785209592.299814939,33.938857,300,10,5.500000,4822.750
1785209592.299814939,33.938857,300,9,8.781250,4921.750
1785209592.299814939,33.938857,300,13,10.359375,5043.750
1785209592.299814939,33.938857,300,10,12.000000,5090.000
1785209592.299814939,33.938857,300,15,172.671875,1806.250
1785209592.299814939,33.938857,300,15,174.343750,1798.250
1785209592.299814939,33.938857,300,15,177.609375,1811.250
1785209592.299814939,33.938857,300,15,179.156250,1848.000
1785209592.299814939,33.938857,300,15,209.578125,9714.500
1785209592.299814939,33.938857,300,14,211.218750,9800.500
1785209592.299814939,33.938857,300,15,212.859375,9823.500
1785209592.299814939,33.938857,300,15,229.765625,1900.000
1785209592.299814939,33.938857,300,15,234.828125,1596.250
1785209592.299814939,33.938857,300,15,236.468750,1584.500
1785209592.299814939,33.938857,300,13,238.109375,1582.250
1785209592.299814939,33.938857,300,15,239.687500,1596.750
1785209592.299814939,33.938857,300,15,241.359375,1610.500
1785209592.299814939,33.938857,300,15,242.937500,1641.750
1785209592.299814939,33.938857,300,15,253.625000,9825.250
1785209592.299814939,33.938857,300,14,255.281250,9584.750
1785209592.299814939,33.938857,300,13,256.906250,9304.750
1785209592.299814939,33.938857,300,15,258.546875,9037.500
1785209592.299814939,33.938857,300,15,260.187500,8827.000
1785209592.299814939,33.938857,300,15,261.796875,8659.750
1785209592.299814939,33.938857,300,15,263.437500,8512.250
1785209592.299814939,33.938857,300,15,265.093750,8369.500
1785209592.299814939,33.938857,300,15,269.984375,7953.750
1785209592.299814939,33.938857,300,15,271.640625,7843.750
1785209592.299814939,33.938857,300,15,273.250000,7749.250
1785209592.414140224,34.016042,301,7,5.093750,4791.750
1785209592.414140224,34.016042,301,8,6.703125,4889.500
1785209592.414140224,34.016042,301,7,8.359375,5002.250
1785209592.414140224,34.016042,301,10,10.000000,5057.250
1785209592.414140224,34.016042,301,15,11.625000,5070.000
1785209592.414140224,34.016042,301,15,172.250000,1813.500
1785209592.414140224,34.016042,301,15,173.890625,1794.500
1785209592.414140224,34.016042,301,15,175.531250,1799.750
1785209592.414140224,34.016042,301,15,178.765625,1832.750
1785209592.414140224,34.016042,301,15,210.859375,9810.500
1785209592.414140224,34.016042,301,15,212.500000,9827.500
1785209592.414140224,34.016042,301,12,234.421875,1598.500
1785209592.414140224,34.016042,301,15,236.062500,1583.750
1785209592.414140224,34.016042,301,15,239.296875,1595.000
1785209592.414140224,34.016042,301,15,240.906250,1621.000
1785209592.414140224,34.016042,301,15,242.531250,1646.250
1785209592.414140224,34.016042,301,15,244.140625,1680.250
1785209592.414140224,34.016042,301,11,253.218750,9900.500
1785209592.414140224,34.016042,301,14,256.484375,9321.500
1785209592.414140224,34.016042,301,15,258.125000,9070.250
1785209592.414140224,34.016042,301,15,259.750000,8862.250
1785209592.414140224,34.016042,301,15,261.390625,8706.750
1785209592.414140224,34.016042,301,15,263.015625,8589.000
1785209592.414140224,34.016042,301,15,264.640625,8418.500
1785209592.414140224,34.016042,301,10,266.281250,8312.500
1785209592.414140224,34.016042,301,15,269.546875,7994.500
1785209592.414140224,34.016042,301,15,271.171875,7905.500
1785209592.414140224,34.016042,301,15,272.812500,7782.750
1785209592.525644541,34.154784,302,10,6.203125,4767.500
1785209592.525644541,34.154784,302,12,7.843750,4816.250
1785209592.525644541,34.154784,302,11,9.468750,4893.250
1785209592.525644541,34.154784,302,15,11.078125,4965.250
1785209592.525644541,34.154784,302,9,12.734375,5043.750
1785209592.525644541,34.154784,302,15,171.656250,1822.750
1785209592.525644541,34.154784,302,15,173.296875,1797.250
1785209592.525644541,34.154784,302,15,174.953125,1786.750
1785209592.525644541,34.154784,302,15,178.203125,1808.750
1785209592.525644541,34.154784,302,15,210.312500,9696.250
1785209592.525644541,34.154784,302,15,211.953125,9729.750
1785209592.525644541,34.154784,302,15,235.546875,1604.000
1785209592.525644541,34.154784,302,15,237.218750,1579.500
1785209592.525644541,34.154784,302,15,252.765625,9955.250
1785209592.525644541,34.154784,302,15,254.390625,9721.750
1785209592.525644541,34.154784,302,15,256.031250,9461.250
1785209592.525644541,34.154784,302,15,259.296875,8890.500
1785209592.525644541,34.154784,302,15,260.937500,8743.250
1785209592.525644541,34.154784,302,15,262.578125,8628.000
1785209592.525644541,34.154784,302,15,264.218750,8453.250
1785209592.525644541,34.154784,302,15,265.859375,8276.000
1785209592.525644541,34.154784,302,15,267.484375,8140.250
1785209592.525644541,34.154784,302,15,269.109375,8042.000
1785209592.525644541,34.154784,302,15,270.750000,7942.750
1785209592.525644541,34.154784,302,11,274.187500,4228.750
1785209592.636733294,34.232969,303,12,10.703125,5031.250
1785209592.636733294,34.232969,303,11,12.328125,5086.250
1785209592.636733294,34.232969,303,15,171.187500,1832.250
1785209592.636733294,34.232969,303,15,172.828125,1803.750
1785209592.636733294,34.232969,303,15,174.500000,1782.500
1785209592.636733294,34.232969,303,15,177.750000,1799.000
1785209592.636733294,34.232969,303,15,209.828125,9744.750
1785209592.636733294,34.232969,303,11,211.453125,9792.250
1785209592.636733294,34.232969,303,15,213.093750,9755.500
1785209592.636733294,34.232969,303,12,230.046875,1896.250
1785209592.636733294,34.232969,303,15,233.437500,1612.000
1785209592.636733294,34.232969,303,15,235.093750,1591.500
1785209592.636733294,34.232969,303,15,236.703125,1581.000
1785209592.636733294,34.232969,303,15,238.296875,1586.500
1785209592.636733294,34.232969,303,15,252.296875,10024.500
1785209592.636733294,34.232969,303,14,253.937500,9786.000
1785209592.636733294,34.232969,303,15,258.859375,8974.250
1785209592.636733294,34.232969,303,15,260.484375,8790.500
1785209592.636733294,34.232969,303,15,262.125000,8651.250
1785209592.636733294,34.232969,303,15,263.765625,8524.000
1785209592.636733294,34.232969,303,15,265.406250,8351.500
1785209592.636733294,34.232969,303,15,267.046875,8180.250
1785209592.636733294,34.232969,303,15,268.671875,8066.500
1785209592.636733294,34.232969,303,15,270.312500,7954.000
1785209592.636733294,34.232969,303,11,271.953125,7839.000
1785209592.636733294,34.232969,303,15,273.578125,7749.250
1785209592.751394033,34.386379,304,8,2.046875,4729.000
1785209592.751394033,34.386379,304,8,3.687500,4752.250
1785209592.751394033,34.386379,304,8,5.312500,4779.750
1785209592.751394033,34.386379,304,15,10.218750,4976.250
1785209592.751394033,34.386379,304,13,11.765625,5017.750
1785209592.751394033,34.386379,304,15,172.234375,1813.500
1785209592.751394033,34.386379,304,15,173.890625,1795.000
1785209592.751394033,34.386379,304,15,175.546875,1799.750
1785209592.751394033,34.386379,304,15,178.781250,1832.750
1785209592.751394033,34.386379,304,15,212.343750,9897.250
1785209592.751394033,34.386379,304,15,235.984375,1591.500
1785209592.751394033,34.386379,304,9,237.640625,1576.750
1785209592.751394033,34.386379,304,11,239.281250,1589.750
1785209592.751394033,34.386379,304,15,240.890625,1615.750
1785209592.751394033,34.386379,304,15,242.484375,1644.750
1785209592.751394033,34.386379,304,15,244.125000,1676.000
1785209592.751394033,34.386379,304,11,253.218750,9899.750
1785209592.751394033,34.386379,304,15,258.140625,9075.750
1785209592.751394033,34.386379,304,15,259.765625,8870.250
1785209592.751394033,34.386379,304,15,261.406250,8708.500
1785209592.751394033,34.386379,304,15,263.046875,8590.500
1785209592.751394033,34.386379,304,15,264.687500,8421.750
1785209592.751394033,34.386379,304,8,266.312500,8337.250
1785209592.751394033,34.386379,304,15,269.609375,8010.250
1785209592.751394033,34.386379,304,15,271.234375,7906.000
1785209592.751394033,34.386379,304,15,272.859375,7783.000
1785209592.862872124,34.463136,305,9,1.359375,4741.750
1785209592.862872124,34.463136,305,9,3.000000,4764.500
1785209592.862872124,34.463136,305,8,4.640625,4790.750
1785209592.862872124,34.463136,305,9,6.250000,4831.250
1785209592.862872124,34.463136,305,8,7.906250,4919.000
1785209592.862872124,34.463136,305,9,9.546875,4963.750
1785209592.862872124,34.463136,305,15,11.093750,5010.500
1785209592.862872124,34.463136,305,12,12.734375,5086.000
1785209592.862872124,34.463136,305,15,171.500000,1830.000
1785209592.862872124,34.463136,305,15,173.140625,1802.000
1785209592.862872124,34.463136,305,15,174.812500,1787.000
1785209592.862872124,34.463136,305,15,178.062500,1808.000
1785209592.862872124,34.463136,305,15,210.000000,9780.250
1785209592.862872124,34.463136,305,15,211.640625,9826.750
1785209592.862872124,34.463136,305,11,213.265625,9930.500
1785209592.862872124,34.463136,305,15,233.609375,1611.500
1785209592.862872124,34.463136,305,15,235.265625,1591.500
1785209592.862872124,34.463136,305,15,236.890625,1583.000
1785209592.862872124,34.463136,305,15,238.562500,1587.000
1785209592.862872124,34.463136,305,15,240.171875,1597.500
1785209592.862872124,34.463136,305,15,241.781250,1618.500
1785209592.862872124,34.463136,305,15,243.359375,1656.500
1785209592.862872124,34.463136,305,15,252.468750,9991.000
1785209592.862872124,34.463136,305,14,254.093750,9743.250
1785209592.862872124,34.463136,305,15,255.734375,9475.750
1785209592.862872124,34.463136,305,15,259.015625,8917.250
1785209592.862872124,34.463136,305,15,260.640625,8752.000
1785209592.862872124,34.463136,305,15,262.281250,8637.250
1785209592.862872124,34.463136,305,15,265.562500,8273.250
1785209592.862872124,34.463136,305,15,267.187500,8160.250
1785209592.862872124,34.463136,305,15,268.828125,8069.750
1785209592.862872124,34.463136,305,15,270.453125,7952.250
1785209592.977446318,34.619262,306,10,8.890625,4984.250
1785209592.977446318,34.619262,306,11,10.437500,5043.500
1785209592.977446318,34.619262,306,11,12.062500,5066.750
1785209592.977446318,34.619262,306,15,170.937500,1842.250
1785209592.977446318,34.619262,306,15,172.625000,1808.500
1785209592.977446318,34.619262,306,15,174.218750,1798.500
1785209592.977446318,34.619262,306,15,177.500000,1811.750
1785209592.977446318,34.619262,306,15,179.140625,1848.500
1785209592.977446318,34.619262,306,15,209.562500,9725.000
1785209592.977446318,34.619262,306,15,211.187500,9811.000
1785209592.977446318,34.619262,306,15,212.828125,9837.000
1785209592.977446318,34.619262,306,15,229.796875,1900.000
1785209592.977446318,34.619262,306,15,234.875000,1592.000
1785209592.977446318,34.619262,306,15,236.515625,1581.250
1785209592.977446318,34.619262,306,14,238.109375,1582.500
1785209592.977446318,34.619262,306,15,239.750000,1597.250
1785209592.977446318,34.619262,306,15,241.390625,1615.750
1785209592.977446318,34.619262,306,15,242.953125,1647.500
1785209592.977446318,34.619262,306,12,252.046875,10040.000
1785209592.977446318,34.619262,306,12,253.687500,9845.000
1785209592.977446318,34.619262,306,15,258.609375,8992.750
1785209592.977446318,34.619262,306,15,260.234375,8843.000
1785209592.977446318,34.619262,306,15,261.875000,8661.000
1785209592.977446318,34.619262,306,15,263.515625,8514.750
1785209592.977446318,34.619262,306,15,265.140625,8368.250
1785209592.977446318,34.619262,306,15,268.421875,8161.000
1785209592.977446318,34.619262,306,15,270.046875,7960.250
1785209592.977446318,34.619262,306,15,271.687500,7846.500
1785209593.089501858,34.697936,307,7,3.656250,4777.250
1785209593.089501858,34.697936,307,8,5.265625,4803.750
1785209593.089501858,34.697936,307,13,10.187500,5038.000
1785209593.089501858,34.697936,307,12,11.781250,5055.250
1785209593.089501858,34.697936,307,15,172.421875,1811.000
1785209593.089501858,34.697936,307,15,174.015625,1796.250
1785209593.089501858,34.697936,307,15,175.640625,1783.500
1785209593.089501858,34.697936,307,15,177.265625,1793.000
1785209593.089501858,34.697936,307,15,178.921875,1841.750
1785209593.089501858,34.697936,307,15,209.421875,9725.500
1785209593.089501858,34.697936,307,9,211.046875,9808.250
1785209593.089501858,34.697936,307,15,212.687500,9866.500
1785209593.089501858,34.697936,307,11,234.703125,1591.000
1785209593.089501858,34.697936,307,15,236.312500,1578.750
1785209593.089501858,34.697936,307,15,237.921875,1586.250
1785209593.089501858,34.697936,307,15,239.593750,1594.750
1785209593.089501858,34.697936,307,14,251.890625,10122.250
1785209593.089501858,34.697936,307,13,253.546875,9858.500
1785209593.089501858,34.697936,307,12,255.156250,9587.500
1785209593.089501858,34.697936,307,15,258.453125,9029.250
1785209593.089501858,34.697936,307,15,260.093750,8804.250
1785209593.089501858,34.697936,307,15,261.718750,8670.000
1785209593.089501858,34.697936,307,15,263.359375,8541.250
1785209593.089501858,34.697936,307,15,265.000000,8381.500
1785209593.089501858,34.697936,307,15,271.531250,7932.000
1785209593.089501858,34.697936,307,15,273.171875,7750.500
1785209593.201164484,34.852991,308,7,1.828125,4757.750
1785209593.201164484,34.852991,308,9,5.109375,4814.250
1785209593.201164484,34.852991,308,13,9.984375,5053.250
1785209593.201164484,34.852991,308,11,11.640625,5065.750
1785209593.201164484,34.852991,308,15,172.281250,1811.500
1785209593.201164484,34.852991,308,15,173.921875,1796.000
1785209593.201164484,34.852991,308,15,175.531250,1799.750
1785209593.201164484,34.852991,308,15,212.500000,9812.250
1785209593.201164484,34.852991,308,15,236.125000,1592.750
1785209593.201164484,34.852991,308,15,237.750000,1573.500
1785209593.201164484,34.852991,308,15,251.703125,10153.750
1785209593.201164484,34.852991,308,10,253.328125,9887.500
1785209593.201164484,34.852991,308,15,258.250000,9011.750
1785209593.201164484,34.852991,308,15,259.875000,8823.250
1785209593.201164484,34.852991,308,15,261.515625,8700.000
1785209593.201164484,34.852991,308,15,263.140625,8577.000
1785209593.201164484,34.852991,308,15,264.796875,8414.750
1785209593.201164484,34.852991,308,7,272.968750,7916.500
1785209593.315317392,34.931443,309,9,1.562500,4741.500
1785209593.315317392,34.931443,309,10,4.828125,4790.750
1785209593.315317392,34.931443,309,9,6.484375,4853.250
1785209593.315317392,34.931443,309,13,9.734375,4933.000
1785209593.315317392,34.931443,309,15,11.390625,5042.500
1785209593.315317392,34.931443,309,15,172.031250,1817.500
1785209593.315317392,34.931443,309,15,173.671875,1794.500
1785209593.315317392,34.931443,309,15,175.265625,1791.750
1785209593.315317392,34.931443,309,15,208.968750,9796.750
1785209593.315317392,34.931443,309,15,210.609375,9743.500
1785209593.315317392,34.931443,309,15,212.234375,9806.750
1785209593.315317392,34.931443,309,15,235.812500,1597.000
1785209593.315317392,34.931443,309,15,237.468750,1587.500
1785209593.315317392,34.931443,309,15,239.062500,1592.000
1785209593.315317392,34.931443,309,15,240.687500,1601.250
1785209593.315317392,34.931443,309,15,242.328125,1631.250
1785209593.315317392,34.931443,309,15,251.421875,10155.000
1785209593.315317392,34.931443,309,15,253.062500,9919.000
1785209593.315317392,34.931443,309,15,257.968750,9082.250
1785209593.315317392,34.931443,309,15,259.625000,8877.250
1785209593.315317392,34.931443,309,15,261.250000,8729.000
1785209593.315317392,34.931443,309,15,262.890625,8599.000
1785209593.315317392,34.931443,309,15,264.515625,8419.500
1785209593.315317392,34.931443,309,15,266.171875,8241.500
1785209593.315317392,34.931443,309,15,269.437500,8076.750
1785209593.426117420,35.087393,310,8,2.984375,4764.500
1785209593.426117420,35.087393,310,9,4.609375,4792.750
1785209593.426117420,35.087393,310,8,6.265625,4833.000
1785209593.426117420,35.087393,310,8,7.890625,4922.000
1785209593.426117420,35.087393,310,10,9.546875,4969.250
1785209593.426117420,35.087393,310,15,11.109375,5016.500
1785209593.426117420,35.087393,310,10,12.750000,5087.250
1785209593.426117420,35.087393,310,15,171.781250,1819.750
1785209593.426117420,35.087393,310,15,173.468750,1795.250
1785209593.426117420,35.087393,310,15,175.093750,1787.250
1785209593.426117420,35.087393,310,15,178.390625,1813.250
1785209593.426117420,35.087393,310,15,210.390625,9740.750
1785209593.426117420,35.087393,310,15,212.000000,9782.250
1785209593.426117420,35.087393,310,15,235.625000,1597.250
1785209593.426117420,35.087393,310,15,237.265625,1583.000
1785209593.426117420,35.087393,310,15,238.906250,1592.750
1785209593.426117420,35.087393,310,15,252.875000,9930.250
1785209593.426117420,35.087393,310,14,254.515625,9698.000
1785209593.426117420,35.087393,310,15,257.796875,9112.500
1785209593.426117420,35.087393,310,15,259.437500,8886.250
1785209593.426117420,35.087393,310,15,261.078125,8737.750
1785209593.426117420,35.087393,310,15,262.703125,8590.250
1785209593.426117420,35.087393,310,15,264.343750,8405.000
1785209593.426117420,35.087393,310,15,265.984375,8243.500
1785209593.426117420,35.087393,310,15,267.625000,8137.750
1785209593.426117420,35.087393,310,15,269.265625,8062.750
1785209593.426117420,35.087393,310,15,270.890625,7932.250
1785209593.426117420,35.087393,310,15,274.312500,4249.750
1785209593.540144920,35.165437,311,8,1.140625,4750.000
1785209593.540144920,35.165437,311,8,2.796875,4780.250
1785209593.540144920,35.165437,311,12,9.359375,4969.500
1785209593.540144920,35.165437,311,12,10.890625,5027.500
1785209593.540144920,35.165437,311,13,12.531250,5093.750
1785209593.540144920,35.165437,311,15,171.656250,1823.250
1785209593.540144920,35.165437,311,15,173.250000,1797.250
1785209593.540144920,35.165437,311,15,174.906250,1786.750
1785209593.540144920,35.165437,311,15,178.140625,1808.750
1785209593.540144920,35.165437,311,13,210.187500,9561.500
1785209593.540144920,35.165437,311,15,235.421875,1601.750
1785209593.540144920,35.165437,311,13,237.062500,1586.250
1785209593.540144920,35.165437,311,13,238.656250,1592.000
1785209593.540144920,35.165437,311,15,240.265625,1611.500
1785209593.540144920,35.165437,311,15,241.906250,1630.500
1785209593.540144920,35.165437,311,15,252.625000,9963.250
1785209593.540144920,35.165437,311,11,254.265625,9717.250
1785209593.540144920,35.165437,311,15,257.546875,9131.000
1785209593.540144920,35.165437,311,15,259.187500,8926.250
1785209593.540144920,35.165437,311,15,260.812500,8759.750
1785209593.540144920,35.165437,311,15,262.453125,8623.000
1785209593.540144920,35.165437,311,15,264.093750,8449.000
1785209593.540144920,35.165437,311,15,265.718750,8269.000
1785209593.540144920,35.165437,311,15,267.359375,8142.500
1785209593.540144920,35.165437,311,15,269.000000,8063.500
1785209593.540144920,35.165437,311,15,270.640625,7956.750
1785209593.652957201,35.242493,312,7,4.046875,4785.250
1785209593.652957201,35.242493,312,15,10.515625,5025.000
1785209593.652957201,35.242493,312,11,12.140625,5075.500
1785209593.652957201,35.242493,312,15,171.000000,1839.250
1785209593.652957201,35.242493,312,15,172.656250,1806.500
1785209593.652957201,35.242493,312,15,174.312500,1797.750
1785209593.652957201,35.242493,312,15,177.578125,1810.750
1785209593.652957201,35.242493,312,15,179.171875,1848.750
1785209593.652957201,35.242493,312,15,209.609375,9700.250
1785209593.652957201,35.242493,312,15,211.234375,9807.000
1785209593.652957201,35.242493,312,15,212.859375,9883.250
1785209593.652957201,35.242493,312,15,229.843750,1901.250
1785209593.652957201,35.242493,312,15,233.203125,1621.250
1785209593.652957201,35.242493,312,15,234.843750,1592.750
1785209593.652957201,35.242493,312,15,236.562500,1581.500
1785209593.652957201,35.242493,312,15,238.093750,1583.000
1785209593.652957201,35.242493,312,15,239.765625,1598.000
1785209593.652957201,35.242493,312,15,241.359375,1616.000
1785209593.652957201,35.242493,312,15,242.968750,1647.500
1785209593.652957201,35.242493,312,13,253.703125,9832.750
1785209593.652957201,35.242493,312,15,258.593750,8994.000
1785209593.652957201,35.242493,312,15,260.234375,8845.250
1785209593.652957201,35.242493,312,15,261.875000,8664.500
1785209593.652957201,35.242493,312,15,263.500000,8517.250
1785209593.652957201,35.242493,312,15,265.140625,8365.750
1785209593.652957201,35.242493,312,15,268.406250,8160.000
1785209593.652957201,35.242493,312,15,270.046875,7968.500
1785209593.652957201,35.242493,312,15,271.687500,7853.750
1785209593.766759634,35.397567,313,8,0.140625,4748.250
1785209593.766759634,35.397567,313,8,1.765625,4755.750
1785209593.766759634,35.397567,313,8,3.406250,4783.500
1785209593.766759634,35.397567,313,8,5.015625,4813.750
1785209593.766759634,35.397567,313,8,6.656250,4862.500
1785209593.766759634,35.397567,313,9,8.281250,4961.500
1785209593.766759634,35.397567,313,14,9.906250,5017.500
1785209593.766759634,35.397567,313,14,11.515625,5045.500
1785209593.766759634,35.397567,313,15,171.859375,1820.000
1785209593.766759634,35.397567,313,15,173.500000,1795.750
1785209593.766759634,35.397567,313,15,175.156250,1791.500
1785209593.766759634,35.397567,313,15,178.375000,1818.000
1785209593.766759634,35.397567,313,15,210.421875,9751.750
1785209593.766759634,35.397567,313,15,212.062500,9715.000
1785209593.766759634,35.397567,313,15,235.687500,1597.250
1785209593.766759634,35.397567,313,15,237.296875,1583.000
1785209593.766759634,35.397567,313,15,238.921875,1592.750
1785209593.766759634,35.397567,313,15,252.843750,9945.000
1785209593.766759634,35.397567,313,13,254.484375,9713.250
1785209593.766759634,35.397567,313,15,256.109375,9456.250
1785209593.766759634,35.397567,313,15,259.406250,8885.750
1785209593.766759634,35.397567,313,15,261.015625,8739.000
1785209593.766759634,35.397567,313,15,262.656250,8596.000
1785209593.766759634,35.397567,313,15,264.296875,8421.000
1785209593.766759634,35.397567,313,15,265.921875,8271.250
1785209593.766759634,35.397567,313,15,267.562500,8141.000
1785209593.766759634,35.397567,313,15,269.187500,8043.000
1785209593.766759634,35.397567,313,15,270.828125,7931.750
1785209593.766759634,35.397567,313,10,274.250000,4229.500
1785209593.878445148,35.474039,314,9,2.421875,4753.250
1785209593.878445148,35.474039,314,15,8.937500,4993.750
1785209593.878445148,35.474039,314,15,10.515625,5029.250
1785209593.878445148,35.474039,314,11,12.156250,5079.250
1785209593.878445148,35.474039,314,15,172.437500,1811.000
1785209593.878445148,35.474039,314,15,174.078125,1796.500
1785209593.878445148,35.474039,314,15,177.296875,1806.500
1785209593.878445148,35.474039,314,15,178.921875,1841.250
1785209593.878445148,35.474039,314,15,210.937500,9772.000
1785209593.878445148,35.474039,314,15,212.593750,9809.750
1785209593.878445148,35.474039,314,15,236.203125,1592.250
1785209593.878445148,35.474039,314,15,237.812500,1574.000
1785209593.878445148,35.474039,314,12,253.359375,9884.750
1785209593.878445148,35.474039,314,15,258.265625,9019.750
1785209593.878445148,35.474039,314,15,259.906250,8826.000
1785209593.878445148,35.474039,314,15,261.531250,8693.500
1785209593.878445148,35.474039,314,15,263.187500,8573.000
1785209593.878445148,35.474039,314,15,264.812500,8414.750
1785209593.878445148,35.474039,314,11,272.984375,7907.250
1785209593.989960432,35.635670,315,8,1.421875,4740.750
1785209593.989960432,35.635670,315,9,3.046875,4765.500
1785209593.989960432,35.635670,315,8,6.328125,4823.250
1785209593.989960432,35.635670,315,14,9.578125,5038.750
1785209593.989960432,35.635670,315,11,11.187500,5053.250
1785209593.989960432,35.635670,315,15,171.562500,1825.250
1785209593.989960432,35.635670,315,15,173.187500,1797.250
1785209593.989960432,35.635670,315,15,174.812500,1786.750
1785209593.989960432,35.635670,315,15,178.046875,1809.000
1785209593.989960432,35.635670,315,15,210.125000,9655.250
1785209593.989960432,35.635670,315,15,211.765625,9779.750
1785209593.989960432,35.635670,315,15,235.296875,1604.250
1785209593.989960432,35.635670,315,15,237.000000,1583.500
1785209593.989960432,35.635670,315,15,238.609375,1590.500
1785209593.989960432,35.635670,315,15,240.203125,1605.500
1785209593.989960432,35.635670,315,15,241.843750,1623.500
1785209593.989960432,35.635670,315,12,250.906250,10244.750
1785209593.989960432,35.635670,315,15,252.531250,9993.000
1785209593.989960432,35.635670,315,14,254.171875,9740.500
1785209593.989960432,35.635670,315,13,255.812500,9474.000
1785209593.989960432,35.635670,315,15,259.078125,8917.000
1785209593.989960432,35.635670,315,15,260.718750,8752.500
1785209593.989960432,35.635670,315,15,262.343750,8606.750
1785209593.989960432,35.635670,315,15,264.000000,8452.750
1785209593.989960432,35.635670,315,15,265.625000,8275.000
1785209593.989960432,35.635670,315,15,267.265625,8147.500
1785209593.989960432,35.635670,315,15,268.890625,8062.000
1785209593.989960432,35.635670,315,15,270.531250,7954.000
1785209594.103577375,35.715863,316,9,2.390625,4743.250
1785209594.103577375,35.715863,316,7,5.671875,4790.000
1785209594.103577375,35.715863,316,10,7.296875,4852.000
1785209594.103577375,35.715863,316,12,8.921875,4942.750
1785209594.103577375,35.715863,316,15,10.531250,5031.000
1785209594.103577375,35.715863,316,12,12.171875,5079.000
1785209594.103577375,35.715863,316,15,171.000000,1838.750
1785209594.103577375,35.715863,316,15,172.656250,1805.750
1785209594.103577375,35.715863,316,15,174.234375,1786.000
1785209594.103577375,35.715863,316,15,177.484375,1799.250
1785209594.103577375,35.715863,316,15,179.171875,1848.750
1785209594.103577375,35.715863,316,15,209.562500,9708.750
1785209594.103577375,35.715863,316,15,211.203125,9803.750
1785209594.103577375,35.715863,316,15,212.843750,9879.000
1785209594.103577375,35.715863,316,15,229.781250,1901.750
1785209594.103577375,35.715863,316,15,234.781250,1595.000
1785209594.103577375,35.715863,316,15,236.453125,1583.250
1785209594.103577375,35.715863,316,15,238.046875,1585.750
1785209594.103577375,35.715863,316,15,239.656250,1600.750
1785209594.103577375,35.715863,316,15,241.328125,1615.500
1785209594.103577375,35.715863,316,15,242.906250,1646.750
1785209594.103577375,35.715863,316,13,253.640625,9798.000
1785209594.103577375,35.715863,316,12,255.281250,9590.000
1785209594.103577375,35.715863,316,15,258.562500,8999.000
1785209594.103577375,35.715863,316,15,260.187500,8834.250
1785209594.103577375,35.715863,316,15,261.828125,8665.750
1785209594.103577375,35.715863,316,15,263.468750,8525.250
1785209594.103577375,35.715863,316,15,265.093750,8365.250
1785209594.103577375,35.715863,316,15,268.375000,8158.250
1785209594.103577375,35.715863,316,14,270.000000,7972.750
1785209594.103577375,35.715863,316,15,271.640625,7859.000
1785209594.103577375,35.715863,316,15,273.281250,7753.250
1785209594.215611219,35.872524,317,8,3.562500,4783.000
1785209594.215611219,35.872524,317,9,5.203125,4814.500
1785209594.215611219,35.872524,317,12,11.703125,5044.750
1785209594.215611219,35.872524,317,15,172.234375,1813.750
1785209594.215611219,35.872524,317,15,173.890625,1796.750
1785209594.215611219,35.872524,317,15,175.500000,1799.750
1785209594.215611219,35.872524,317,15,212.453125,9878.750
1785209594.215611219,35.872524,317,15,236.109375,1592.500
1785209594.215611219,35.872524,317,15,237.750000,1573.250
1785209594.215611219,35.872524,317,11,251.718750,10142.250
1785209594.215611219,35.872524,317,14,253.359375,9883.750
1785209594.215611219,35.872524,317,11,255.000000,9659.500
1785209594.215611219,35.872524,317,15,258.281250,9019.000
1785209594.215611219,35.872524,317,15,259.921875,8825.000
1785209594.215611219,35.872524,317,15,261.562500,8700.500
1785209594.215611219,35.872524,317,15,263.203125,8580.750
1785209594.215611219,35.872524,317,15,264.843750,8416.500
1785209594.215611219,35.872524,317,11,271.390625,7888.750
1785209594.330103397,35.948683,318,7,3.343750,4754.250
1785209594.330103397,35.948683,318,9,5.000000,4790.000
1785209594.330103397,35.948683,318,8,6.640625,4817.500
1785209594.330103397,35.948683,318,7,8.265625,4905.250
1785209594.330103397,35.948683,318,12,9.906250,4984.000
1785209594.330103397,35.948683,318,13,11.468750,5040.250
1785209594.330103397,35.948683,318,15,172.250000,1813.750
1785209594.330103397,35.948683,318,15,173.875000,1797.000
1785209594.330103397,35.948683,318,15,175.515625,1800.000
1785209594.330103397,35.948683,318,15,212.406250,9869.500
1785209594.330103397,35.948683,318,15,236.062500,1591.250
1785209594.330103397,35.948683,318,15,237.687500,1572.000
1785209594.330103397,35.948683,318,14,251.687500,10157.000
1785209594.330103397,35.948683,318,13,253.328125,9894.750
1785209594.330103397,35.948683,318,12,256.609375,9296.000
1785209594.330103397,35.948683,318,15,258.250000,9061.250
1785209594.330103397,35.948683,318,15,259.890625,8861.750
1785209594.330103397,35.948683,318,15,261.546875,8694.500
1785209594.330103397,35.948683,318,15,263.187500,8569.500
1785209594.330103397,35.948683,318,15,264.812500,8415.750
1785209594.441173792,36.027412,319,9,4.875000,4797.000
1785209594.441173792,36.027412,319,8,6.500000,4851.500
1785209594.441173792,36.027412,319,12,9.781250,4937.000
1785209594.441173792,36.027412,319,14,11.359375,5040.750
1785209594.441173792,36.027412,319,15,172.093750,1814.500
1785209594.441173792,36.027412,319,15,173.718750,1795.750
1785209594.441173792,36.027412,319,15,175.390625,1797.500
1785209594.441173792,36.027412,319,13,209.000000,9863.750
1785209594.441173792,36.027412,319,15,210.640625,9878.000
1785209594.441173792,36.027412,319,15,212.281250,9869.000
1785209594.441173792,36.027412,319,15,235.921875,1592.000
1785209594.441173792,36.027412,319,15,239.156250,1595.500
1785209594.441173792,36.027412,319,15,240.812500,1619.750
1785209594.441173792,36.027412,319,15,242.453125,1643.750
1785209594.441173792,36.027412,319,15,244.046875,1675.000
1785209594.441173792,36.027412,319,15,251.500000,10119.500
1785209594.441173792,36.027412,319,14,253.156250,9904.500
1785209594.441173792,36.027412,319,15,258.062500,9080.000
1785209594.441173792,36.027412,319,15,259.703125,8877.500
1785209594.441173792,36.027412,319,15,261.328125,8713.000
1785209594.441173792,36.027412,319,15,262.984375,8583.750
1785209594.441173792,36.027412,319,15,264.609375,8414.000
1785209594.441173792,36.027412,319,15,266.250000,8247.250
1785209594.441173792,36.027412,319,15,269.515625,8082.750
1785209594.441173792,36.027412,319,10,271.156250,7897.500
1785209594.441173792,36.027412,319,15,272.796875,7781.000
1785209594.552716017,36.166345,320,10,1.406250,4738.500
1785209594.552716017,36.166345,320,9,3.062500,4766.000
1785209594.552716017,36.166345,320,7,4.703125,4791.750
1785209594.552716017,36.166345,320,7,6.343750,4838.250
1785209594.552716017,36.166345,320,8,7.953125,4945.500
1785209594.552716017,36.166345,320,14,9.593750,5014.500
1785209594.552716017,36.166345,320,12,11.171875,5044.000
1785209594.552716017,36.166345,320,15,171.937500,1817.750
1785209594.552716017,36.166345,320,15,173.531250,1795.250
1785209594.552716017,36.166345,320,15,175.187500,1791.750
1785209594.552716017,36.166345,320,15,178.437500,1818.250
1785209594.552716017,36.166345,320,15,210.437500,9681.250
1785209594.552716017,36.166345,320,15,212.062500,9802.500
1785209594.552716017,36.166345,320,15,235.703125,1597.250
1785209594.552716017,36.166345,320,15,237.296875,1587.750
1785209594.552716017,36.166345,320,15,238.953125,1588.500
1785209594.552716017,36.166345,320,15,252.859375,9950.750
1785209594.552716017,36.166345,320,14,254.500000,9716.500
1785209594.552716017,36.166345,320,15,259.406250,8884.000
1785209594.552716017,36.166345,320,15,261.031250,8736.250
1785209594.552716017,36.166345,320,15,262.671875,8593.500
1785209594.552716017,36.166345,320,15,264.312500,8417.750
1785209594.552716017,36.166345,320,15,265.953125,8256.250
1785209594.552716017,36.166345,320,15,267.578125,8143.000
1785209594.552716017,36.166345,320,15,269.218750,8055.000
1785209594.552716017,36.166345,320,15,270.843750,7932.750
1785209594.552716017,36.166345,320,15,274.281250,4235.750
1785209594.667649269,36.323547,321,7,2.640625,4758.000
1785209594.667649269,36.323547,321,8,4.265625,4788.750
1785209594.667649269,36.323547,321,10,10.781250,5029.500
1785209594.667649269,36.323547,321,11,12.437500,5083.750
1785209594.667649269,36.323547,321,15,171.296875,1833.000
1785209594.667649269,36.323547,321,15,172.968750,1803.250
1785209594.667649269,36.323547,321,15,174.625000,1783.750
1785209594.667649269,36.323547,321,15,177.875000,1803.500
1785209594.667649269,36.323547,321,15,209.859375,9732.000
1785209594.667649269,36.323547,321,15,211.484375,9696.500
1785209594.667649269,36.323547,321,15,213.140625,9717.500
1785209594.667649269,36.323547,321,12,230.031250,1909.250
1785209594.667649269,36.323547,321,15,233.437500,1612.250
1785209594.667649269,36.323547,321,15,235.078125,1591.500
1785209594.667649269,36.323547,321,15,236.718750,1580.500
1785209594.667649269,36.323547,321,15,238.343750,1581.500
1785209594.667649269,36.323547,321,15,252.250000,10035.250
1785209594.667649269,36.323547,321,14,253.875000,9831.250
1785209594.667649269,36.323547,321,15,258.796875,8974.750
1785209594.667649269,36.323547,321,15,260.421875,8796.000
1785209594.667649269,36.323547,321,15,262.046875,8659.250
1785209594.667649269,36.323547,321,15,263.687500,8526.000
1785209594.667649269,36.323547,321,15,265.328125,8348.250
1785209594.667649269,36.323547,321,15,266.953125,8177.000
1785209594.667649269,36.323547,321,15,268.593750,8086.500
1785209594.667649269,36.323547,321,15,270.218750,7979.250
1785209594.667649269,36.323547,321,15,271.859375,7860.750
1785209594.667649269,36.323547,321,15,273.500000,7767.500
1785209594.778985977,36.404010,322,9,5.265625,4806.250
1785209594.778985977,36.404010,322,13,10.156250,5040.750
1785209594.778985977,36.404010,322,10,11.781250,5059.000
1785209594.778985977,36.404010,322,15,172.250000,1812.750
1785209594.778985977,36.404010,322,15,173.906250,1796.000
1785209594.778985977,36.404010,322,15,175.500000,1800.500
1785209594.778985977,36.404010,322,15,212.515625,9816.250
1785209594.778985977,36.404010,322,15,236.093750,1592.500
1785209594.778985977,36.404010,322,15,237.703125,1572.750
1785209594.778985977,36.404010,322,14,251.625000,10146.000
1785209594.778985977,36.404010,322,14,253.265625,9892.250
1785209594.778985977,36.404010,322,15,258.171875,9085.750
1785209594.778985977,36.404010,322,15,259.796875,8879.000
1785209594.778985977,36.404010,322,15,261.437500,8707.250
1785209594.778985977,36.404010,322,15,263.062500,8569.500
1785209594.778985977,36.404010,322,15,264.703125,8408.500
1785209594.778985977,36.404010,322,15,267.968750,8214.250
1785209594.778985977,36.404010,322,15,269.593750,8038.750
1785209594.778985977,36.404010,322,15,271.234375,7898.250
1785209594.778985977,36.404010,322,15,272.875000,7778.250
1785209594.896270514,36.548137,323,8,2.937500,4764.000
1785209594.896270514,36.548137,323,9,4.578125,4791.000
1785209594.896270514,36.548137,323,7,6.187500,4831.000
1785209594.896270514,36.548137,323,8,7.828125,4922.250
1785209594.896270514,36.548137,323,14,9.468750,4972.250
1785209594.896270514,36.548137,323,14,11.078125,5017.000
1785209594.896270514,36.548137,323,12,12.703125,5086.750
1785209594.896270514,36.548137,323,15,171.468750,1829.250
1785209594.896270514,36.548137,323,15,173.062500,1801.500
1785209594.896270514,36.548137,323,15,174.703125,1784.250
1785209594.896270514,36.548137,323,15,177.921875,1804.500
1785209594.896270514,36.548137,323,15,210.046875,9718.750
1785209594.896270514,36.548137,323,15,211.687500,9781.000
1785209594.896270514,36.548137,323,15,235.265625,1604.500
1785209594.896270514,36.548137,323,15,236.906250,1584.500
1785209594.896270514,36.548137,323,15,238.515625,1585.750
1785209594.896270514,36.548137,323,15,240.125000,1595.750
1785209594.896270514,36.548137,323,15,241.796875,1618.500
1785209594.896270514,36.548137,323,15,243.375000,1656.500
1785209594.896270514,36.548137,323,15,252.500000,9994.750
1785209594.896270514,36.548137,323,14,254.140625,9732.000
1785209594.896270514,36.548137,323,15,255.765625,9465.000
1785209594.896270514,36.548137,323,15,257.421875,9196.750
1785209594.896270514,36.548137,323,15,259.046875,8951.000
1785209594.896270514,36.548137,323,15,260.687500,8755.000
1785209594.896270514,36.548137,323,15,262.328125,8646.000
1785209594.896270514,36.548137,323,15,263.953125,8520.750
1785209594.896270514,36.548137,323,15,265.609375,8309.750
1785209594.896270514,36.548137,323,15,267.234375,8151.000
1785209594.896270514,36.548137,323,15,268.875000,8064.250
1785209594.896270514,36.548137,323,15,270.500000,7954.500
1785209595.004691362,36.626240,324,8,2.203125,4749.750
1785209595.004691362,36.626240,324,8,3.828125,4783.750
1785209595.004691362,36.626240,324,8,5.468750,4821.000
1785209595.004691362,36.626240,324,7,7.109375,4909.500
1785209595.004691362,36.626240,324,10,8.750000,4980.750
1785209595.004691362,36.626240,324,13,10.312500,5022.500
1785209595.004691362,36.626240,324,11,11.937500,5065.000
1785209595.004691362,36.626240,324,15,172.343750,1810.750
1785209595.004691362,36.626240,324,15,174.000000,1796.500
1785209595.004691362,36.626240,324,15,175.578125,1801.000
1785209595.004691362,36.626240,324,15,177.218750,1807.250
1785209595.004691362,36.626240,324,15,178.890625,1837.500
1785209595.004691362,36.626240,324,15,210.875000,9774.000
1785209595.004691362,36.626240,324,15,212.531250,9812.750
1785209595.004691362,36.626240,324,15,236.156250,1591.750
1785209595.004691362,36.626240,324,15,237.781250,1573.500
1785209595.004691362,36.626240,324,13,253.390625,9881.000
1785209595.004691362,36.626240,324,11,256.656250,9297.250
1785209595.004691362,36.626240,324,15,258.296875,9064.750
1785209595.004691362,36.626240,324,15,259.937500,8865.000
1785209595.004691362,36.626240,324,15,261.562500,8695.500
1785209595.004691362,36.626240,324,15,263.203125,8560.250
1785209595.004691362,36.626240,324,15,264.843750,8406.750
1785209595.004691362,36.626240,324,8,271.390625,7888.500
1785209595.119805098,36.783144,325,13,1.515625,4737.000
1785209595.119805098,36.783144,325,7,3.140625,4761.250
1785209595.119805098,36.783144,325,9,4.765625,4779.500
1785209595.119805098,36.783144,325,8,6.406250,4827.750
1785209595.119805098,36.783144,325,15,9.671875,4937.750
1785209595.119805098,36.783144,325,13,11.218750,5045.500
1785209595.119805098,36.783144,325,15,171.593750,1824.000
1785209595.119805098,36.783144,325,15,173.265625,1797.500
1785209595.119805098,36.783144,325,15,174.890625,1786.750
1785209595.119805098,36.783144,325,15,178.125000,1809.000
1785209595.119805098,36.783144,325,15,210.078125,9643.000
1785209595.119805098,36.783144,325,15,211.718750,9707.250
1785209595.119805098,36.783144,325,15,235.359375,1604.000
1785209595.119805098,36.783144,325,15,237.000000,1585.250
1785209595.119805098,36.783144,325,15,238.625000,1590.750
1785209595.119805098,36.783144,325,15,240.218750,1605.000
1785209595.119805098,36.783144,325,15,241.875000,1624.250
1785209595.119805098,36.783144,325,15,252.562500,9990.000
1785209595.119805098,36.783144,325,13,254.187500,9722.500
1785209595.119805098,36.783144,325,14,255.843750,9465.250
1785209595.119805098,36.783144,325,15,257.468750,9191.500
1785209595.119805098,36.783144,325,15,259.125000,8931.500
1785209595.119805098,36.783144,325,15,260.750000,8758.000
1785209595.119805098,36.783144,325,15,262.390625,8627.000
1785209595.119805098,36.783144,325,15,264.031250,8450.750
1785209595.119805098,36.783144,325,15,265.671875,8273.500
1785209595.119805098,36.783144,325,15,267.312500,8149.750
1785209595.119805098,36.783144,325,15,268.937500,8062.500
1785209595.119805098,36.783144,325,15,270.562500,7953.750
1785209595.230907917,36.862381,326,12,10.468750,5033.250
1785209595.230907917,36.862381,326,12,12.109375,5075.750
1785209595.230907917,36.862381,326,15,172.593750,1807.750
1785209595.230907917,36.862381,326,15,174.218750,1799.500
1785209595.230907917,36.862381,326,15,177.453125,1813.000
1785209595.230907917,36.862381,326,15,179.046875,1847.750
1785209595.230907917,36.862381,326,15,209.468750,9635.000
1785209595.230907917,36.862381,326,15,212.718750,9747.250
1785209595.230907917,36.862381,326,15,229.671875,1898.000
1785209595.230907917,36.862381,326,12,234.765625,1594.250
1785209595.230907917,36.862381,326,15,236.328125,1582.750
1785209595.230907917,36.862381,326,15,237.968750,1586.250
1785209595.230907917,36.862381,326,15,239.640625,1594.000
1785209595.230907917,36.862381,326,15,241.234375,1602.500
1785209595.230907917,36.862381,326,15,242.859375,1636.250
1785209595.230907917,36.862381,326,13,251.921875,10094.250
1785209595.230907917,36.862381,326,13,253.546875,9841.500
1785209595.230907917,36.862381,326,12,255.203125,9598.000
1785209595.230907917,36.862381,326,15,258.468750,8994.000
1785209595.230907917,36.862381,326,15,260.109375,8809.500
1785209595.230907917,36.862381,326,15,261.734375,8669.250
1785209595.230907917,36.862381,326,15,263.390625,8536.000
1785209595.230907917,36.862381,326,15,265.015625,8375.500
1785209595.230907917,36.862381,326,15,268.281250,8176.750
1785209595.230907917,36.862381,326,15,271.562500,7933.750
1785209595.230907917,36.862381,326,15,273.187500,7752.250
1785209595.345972776,36.940588,327,10,1.812500,4732.750
1785209595.345972776,36.940588,327,8,3.453125,4762.250
1785209595.345972776,36.940588,327,8,5.093750,4813.500
1785209595.345972776,36.940588,327,8,6.734375,4861.500
1785209595.345972776,36.940588,327,8,8.375000,4956.250
1785209595.345972776,36.940588,327,15,10.000000,5029.750
1785209595.345972776,36.940588,327,15,11.546875,5061.250
1785209595.345972776,36.940588,327,15,172.031250,1817.500
1785209595.345972776,36.940588,327,15,173.640625,1795.250
1785209595.345972776,36.940588,327,15,175.312500,1792.500
1785209595.345972776,36.940588,327,15,208.984375,9823.500
1785209595.345972776,36.940588,327,15,210.625000,9830.500
1785209595.345972776,36.940588,327,15,212.250000,9857.500
1785209595.345972776,36.940588,327,15,235.921875,1597.250
1785209595.345972776,36.940588,327,15,237.484375,1588.500
1785209595.345972776,36.940588,327,15,239.109375,1596.250
1785209595.345972776,36.940588,327,15,240.781250,1610.000
1785209595.345972776,36.940588,327,15,242.343750,1635.750
1785209595.345972776,36.940588,327,15,251.453125,10161.000
1785209595.345972776,36.940588,327,14,253.078125,9918.000
1785209595.345972776,36.940588,327,14,254.703125,9684.750
1785209595.345972776,36.940588,327,15,258.000000,9079.750
1785209595.345972776,36.940588,327,15,259.625000,8877.000
1785209595.345972776,36.940588,327,15,261.265625,8718.250
1785209595.345972776,36.940588,327,15,262.906250,8583.000
1785209595.345972776,36.940588,327,15,264.531250,8412.250
1785209595.345972776,36.940588,327,15,266.171875,8242.750
1785209595.345972776,36.940588,327,15,267.812500,8158.250
1785209595.345972776,36.940588,327,15,269.453125,8060.000
1785209595.345972776,36.940588,327,14,271.078125,7928.000
1785209595.456896544,37.096966,328,12,2.906250,4774.000
1785209595.456896544,37.096966,328,14,11.031250,5022.000
1785209595.456896544,37.096966,328,10,12.656250,5087.750
1785209595.456896544,37.096966,328,15,171.484375,1829.500
1785209595.456896544,37.096966,328,15,173.109375,1801.250
1785209595.456896544,37.096966,328,15,174.734375,1784.500
1785209595.456896544,37.096966,328,15,178.015625,1806.500
1785209595.456896544,37.096966,328,15,210.078125,9648.750
1785209595.456896544,37.096966,328,15,211.718750,9713.250
1785209595.456896544,37.096966,328,15,235.312500,1604.250
1785209595.456896544,37.096966,328,15,236.937500,1585.250
1785209595.456896544,37.096966,328,15,238.593750,1591.000
1785209595.456896544,37.096966,328,15,240.218750,1605.250
1785209595.456896544,37.096966,328,15,241.796875,1623.500
1785209595.456896544,37.096966,328,10,250.875000,10259.500
1785209595.456896544,37.096966,328,15,252.500000,9995.000
1785209595.456896544,37.096966,328,14,254.140625,9720.750
1785209595.456896544,37.096966,328,15,255.781250,9459.250
1785209595.456896544,37.096966,328,15,257.406250,9195.500
1785209595.456896544,37.096966,328,15,259.046875,8948.000
1785209595.456896544,37.096966,328,15,260.671875,8756.500
1785209595.456896544,37.096966,328,15,262.312500,8646.500
1785209595.456896544,37.096966,328,15,263.953125,8510.500
1785209595.456896544,37.096966,328,15,265.578125,8304.000
1785209595.456896544,37.096966,328,15,267.218750,8149.500
1785209595.456896544,37.096966,328,15,268.859375,8061.250
1785209595.456896544,37.096966,328,15,270.500000,7951.750
1785209595.569291353,37.174790,329,8,5.531250,4811.000
1785209595.569291353,37.174790,329,13,8.812500,4923.500
1785209595.569291353,37.174790,329,11,10.468750,5027.500
1785209595.569291353,37.174790,329,10,12.093750,5068.750
1785209595.569291353,37.174790,329,15,172.515625,1808.000
1785209595.569291353,37.174790,329,15,174.156250,1800.000
1785209595.569291353,37.174790,329,15,177.406250,1811.250
1785209595.569291353,37.174790,329,15,209.390625,9693.750
1785209595.569291353,37.174790,329,11,211.031250,9761.750
1785209595.569291353,37.174790,329,15,212.656250,9866.250
1785209595.569291353,37.174790,329,15,236.250000,1591.000
1785209595.569291353,37.174790,329,15,237.828125,1577.750
1785209595.569291353,37.174790,329,15,239.406250,1590.500
1785209595.569291353,37.174790,329,13,253.406250,9875.250
1785209595.569291353,37.174790,329,13,255.046875,9641.000
1785209595.569291353,37.174790,329,15,258.312500,9063.500
1785209595.569291353,37.174790,329,15,259.937500,8858.750
1785209595.569291353,37.174790,329,15,261.562500,8693.000
1785209595.569291353,37.174790,329,15,263.203125,8561.500
1785209595.569291353,37.174790,329,15,264.828125,8404.500
1785209595.569291353,37.174790,329,7,268.109375,8204.250
1785209595.569291353,37.174790,329,15,269.750000,8026.000
1785209595.569291353,37.174790,329,14,271.375000,7851.750
1785209595.682869196,37.332349,330,8,3.093750,4761.250
1785209595.682869196,37.332349,330,9,4.734375,4782.250
1785209595.682869196,37.332349,330,8,6.359375,4829.250
1785209595.682869196,37.332349,330,15,9.640625,4936.750
1785209595.682869196,37.332349,330,14,11.234375,5044.250
1785209595.682869196,37.332349,330,15,171.593750,1823.500
1785209595.682869196,37.332349,330,15,173.250000,1797.250
1785209595.682869196,37.332349,330,15,174.875000,1787.000
1785209595.682869196,37.332349,330,15,178.140625,1809.250
1785209595.682869196,37.332349,330,14,210.156250,9653.000
1785209595.682869196,37.332349,330,15,211.765625,9680.000
1785209595.682869196,37.332349,330,15,235.343750,1603.750
1785209595.682869196,37.332349,330,15,236.953125,1585.500
1785209595.682869196,37.332349,330,15,238.562500,1591.500
1785209595.682869196,37.332349,330,15,240.218750,1605.500
1785209595.682869196,37.332349,330,15,241.859375,1624.000
1785209595.682869196,37.332349,330,15,245.015625,1746.750
1785209595.682869196,37.332349,330,15,252.546875,10001.750
1785209595.682869196,37.332349,330,13,254.187500,9720.000
1785209595.682869196,37.332349,330,15,255.812500,9451.750
1785209595.682869196,37.332349,330,15,257.453125,9190.000
1785209595.682869196,37.332349,330,15,259.093750,8942.500
1785209595.682869196,37.332349,330,15,260.718750,8753.500
1785209595.682869196,37.332349,330,15,262.343750,8623.750
1785209595.682869196,37.332349,330,15,263.984375,8459.250
1785209595.682869196,37.332349,330,15,265.625000,8277.500
1785209595.682869196,37.332349,330,15,267.250000,8148.750
1785209595.682869196,37.332349,330,15,268.890625,8058.750
1785209595.682869196,37.332349,330,15,270.515625,7947.000
1785209595.793968439,37.412829,331,7,3.937500,4785.000
1785209595.793968439,37.412829,331,8,5.546875,4817.000
1785209595.793968439,37.412829,331,8,7.187500,4871.000
1785209595.793968439,37.412829,331,9,8.828125,4956.500
1785209595.793968439,37.412829,331,12,10.406250,5030.750
1785209595.793968439,37.412829,331,14,12.015625,5065.750
1785209595.793968439,37.412829,331,15,172.515625,1808.250
1785209595.793968439,37.412829,331,15,174.156250,1800.750
1785209595.793968439,37.412829,331,15,177.406250,1812.250
1785209595.793968439,37.412829,331,15,178.968750,1846.000
1785209595.793968439,37.412829,331,13,209.359375,9710.250
1785209595.793968439,37.412829,331,15,211.000000,9764.250
1785209595.793968439,37.412829,331,15,212.625000,9816.750
1785209595.793968439,37.412829,331,15,236.234375,1590.500
1785209595.793968439,37.412829,331,15,237.859375,1577.500
1785209595.793968439,37.412829,331,14,239.468750,1590.750
1785209595.793968439,37.412829,331,12,253.406250,9868.000
1785209595.793968439,37.412829,331,12,255.046875,9632.500
1785209595.793968439,37.412829,331,15,258.328125,9056.000
1785209595.793968439,37.412829,331,15,259.937500,8851.500
1785209595.793968439,37.412829,331,15,261.578125,8690.000
1785209595.793968439,37.412829,331,15,263.203125,8562.000
1785209595.793968439,37.412829,331,15,264.859375,8408.250
1785209595.908105135,37.567839,332,8,1.453125,4735.250
1785209595.908105135,37.567839,332,8,3.078125,4763.750
1785209595.908105135,37.567839,332,8,4.703125,4790.750
1785209595.908105135,37.567839,332,8,6.343750,4833.750
1785209595.908105135,37.567839,332,15,9.609375,4936.000
1785209595.908105135,37.567839,332,12,11.156250,5037.750
1785209595.908105135,37.567839,332,9,12.781250,5088.000
1785209595.908105135,37.567839,332,15,171.562500,1826.000
1785209595.908105135,37.567839,332,15,173.187500,1798.000
1785209595.908105135,37.567839,332,15,174.828125,1786.500
1785209595.908105135,37.567839,332,15,178.093750,1809.000
1785209595.908105135,37.567839,332,15,210.031250,9702.250
1785209595.908105135,37.567839,332,15,211.687500,9762.250
1785209595.908105135,37.567839,332,15,235.281250,1604.000
1785209595.908105135,37.567839,332,15,236.921875,1585.250
1785209595.908105135,37.567839,332,15,238.546875,1587.500
1785209595.908105135,37.567839,332,15,240.156250,1596.750
1785209595.908105135,37.567839,332,15,241.765625,1618.250
1785209595.908105135,37.567839,332,15,243.359375,1656.750
1785209595.908105135,37.567839,332,10,250.796875,10291.250
1785209595.908105135,37.567839,332,15,252.437500,10002.750
1785209595.908105135,37.567839,332,13,254.062500,9726.750
1785209595.908105135,37.567839,332,15,257.343750,9189.000
1785209595.908105135,37.567839,332,15,258.984375,8947.250
1785209595.908105135,37.567839,332,15,260.609375,8757.500
1785209595.908105135,37.567839,332,15,262.250000,8645.000
1785209595.908105135,37.567839,332,15,263.890625,8505.000
1785209595.908105135,37.567839,332,15,265.515625,8308.750
1785209595.908105135,37.567839,332,15,267.140625,8164.750
1785209595.908105135,37.567839,332,15,268.765625,8072.750
1785209595.908105135,37.567839,332,15,270.406250,7960.750
1785209595.908105135,37.567839,332,15,273.671875,7801.500
1785209595.908105135,37.567839,332,15,275.250000,7664.000
1785209596.019999743,37.644569,333,8,1.984375,4716.750
1785209596.019999743,37.644569,333,7,3.640625,4783.250
1785209596.019999743,37.644569,333,7,5.281250,4811.500
1785209596.019999743,37.644569,333,7,6.906250,4906.750
1785209596.019999743,37.644569,333,8,8.531250,5010.000
1785209596.019999743,37.644569,333,15,10.156250,5040.750
1785209596.019999743,37.644569,333,13,11.734375,5058.750
1785209596.019999743,37.644569,333,15,172.125000,1814.750
1785209596.019999743,37.644569,333,15,173.734375,1795.750
1785209596.019999743,37.644569,333,15,175.343750,1797.250
1785209596.019999743,37.644569,333,15,208.984375,9823.500
1785209596.019999743,37.644569,333,15,210.625000,9829.500
1785209596.019999743,37.644569,333,15,212.265625,9849.750
1785209596.019999743,37.644569,333,15,235.890625,1597.000
1785209596.019999743,37.644569,333,12,237.500000,1592.250
1785209596.019999743,37.644569,333,15,239.171875,1600.500
1785209596.019999743,37.644569,333,15,240.750000,1610.250
1785209596.019999743,37.644569,333,15,242.421875,1635.750
1785209596.019999743,37.644569,333,15,251.437500,10164.000
1785209596.019999743,37.644569,333,13,253.078125,9919.000
1785209596.019999743,37.644569,333,15,254.718750,9683.500
1785209596.019999743,37.644569,333,15,257.984375,9078.500
1785209596.019999743,37.644569,333,15,259.625000,8873.000
1785209596.019999743,37.644569,333,15,261.265625,8720.250
1785209596.019999743,37.644569,333,15,262.906250,8588.000
1785209596.019999743,37.644569,333,15,264.531250,8416.750
1785209596.019999743,37.644569,333,15,266.171875,8244.750
1785209596.019999743,37.644569,333,15,267.796875,8160.250
1785209596.019999743,37.644569,333,15,269.421875,8058.750
1785209596.019999743,37.644569,333,15,271.062500,7919.250
1785209596.134285450,37.723884,334,9,1.109375,4723.000
1785209596.134285450,37.723884,334,8,2.718750,4760.000
1785209596.134285450,37.723884,334,8,6.000000,4822.000
1785209596.134285450,37.723884,334,8,7.625000,4916.000
1785209596.134285450,37.723884,334,15,9.250000,4974.000
1785209596.134285450,37.723884,334,10,10.828125,5028.000
1785209596.134285450,37.723884,334,11,12.453125,5087.750
1785209596.134285450,37.723884,334,15,171.187500,1832.500
1785209596.134285450,37.723884,334,15,172.843750,1803.750
1785209596.134285450,37.723884,334,15,174.437500,1782.500
1785209596.134285450,37.723884,334,15,177.671875,1799.000
1785209596.134285450,37.723884,334,15,209.750000,9698.500
1785209596.134285450,37.723884,334,15,213.031250,9777.750
1785209596.134285450,37.723884,334,15,229.984375,1893.250
1785209596.134285450,37.723884,334,15,233.375000,1614.250
1785209596.134285450,37.723884,334,15,235.000000,1592.000
1785209596.134285450,37.723884,334,15,236.671875,1581.000
1785209596.134285450,37.723884,334,10,238.296875,1582.000
1785209596.134285450,37.723884,334,13,253.843750,9842.000
1785209596.134285450,37.723884,334,15,258.765625,9014.250
1785209596.134285450,37.723884,334,15,260.390625,8835.250
1785209596.134285450,37.723884,334,15,262.031250,8660.250
1785209596.134285450,37.723884,334,15,263.671875,8520.250
1785209596.134285450,37.723884,334,15,265.312500,8339.500
1785209596.134285450,37.723884,334,15,266.937500,8175.750
1785209596.134285450,37.723884,334,15,268.578125,8083.750
1785209596.134285450,37.723884,334,15,270.203125,7970.500
1785209596.134285450,37.723884,334,15,271.843750,7849.000
1785209596.134285450,37.723884,334,15,273.484375,7758.000
1785209596.246915102,37.863674,335,10,3.578125,4782.000
1785209596.246915102,37.863674,335,15,10.093750,5031.250
1785209596.246915102,37.863674,335,11,11.703125,5064.750
1785209596.246915102,37.863674,335,15,172.156250,1815.000
1785209596.246915102,37.863674,335,15,173.781250,1796.250
1785209596.246915102,37.863674,335,15,175.390625,1797.750
1785209596.246915102,37.863674,335,15,212.343750,9862.500
1785209596.246915102,37.863674,335,15,236.000000,1594.500
1785209596.246915102,37.863674,335,15,239.234375,1598.250
1785209596.246915102,37.863674,335,15,240.843750,1619.250
1785209596.246915102,37.863674,335,15,242.421875,1643.250
1785209596.246915102,37.863674,335,15,244.078125,1675.500
1785209596.246915102,37.863674,335,13,253.156250,9902.500
1785209596.246915102,37.863674,335,15,256.437500,9367.000
1785209596.246915102,37.863674,335,15,258.078125,9129.500
1785209596.246915102,37.863674,335,15,259.703125,8884.000
1785209596.246915102,37.863674,335,15,261.359375,8716.250
1785209596.246915102,37.863674,335,15,262.984375,8585.250
1785209596.246915102,37.863674,335,15,264.625000,8415.750
1785209596.246915102,37.863674,335,15,266.265625,8287.250
1785209596.246915102,37.863674,335,10,267.906250,8142.750
1785209596.246915102,37.863674,335,15,269.531250,8002.750
1785209596.246915102,37.863674,335,15,271.171875,7870.500
1785209596.246915102,37.863674,335,15,272.812500,7754.500
1785209596.360824823,38.023313,336,10,1.390625,4736.250
1785209596.360824823,38.023313,336,8,2.984375,4763.750
1785209596.360824823,38.023313,336,9,4.625000,4792.750
1785209596.360824823,38.023313,336,8,6.281250,4833.750
1785209596.360824823,38.023313,336,15,9.531250,4939.000
1785209596.360824823,38.023313,336,12,11.156250,5043.500
1785209596.360824823,38.023313,336,9,12.796875,5091.000
1785209596.360824823,38.023313,336,15,171.625000,1823.500
1785209596.360824823,38.023313,336,15,173.265625,1797.500
1785209596.360824823,38.023313,336,15,174.906250,1786.500
1785209596.360824823,38.023313,336,15,178.109375,1809.250
1785209596.360824823,38.023313,336,15,235.437500,1601.750
1785209596.360824823,38.023313,336,14,237.109375,1582.500
1785209596.360824823,38.023313,336,11,238.703125,1588.250
1785209596.360824823,38.023313,336,15,240.312500,1612.250
1785209596.360824823,38.023313,336,15,241.921875,1635.250
1785209596.360824823,38.023313,336,15,252.640625,9958.750
1785209596.360824823,38.023313,336,14,254.281250,9718.250
1785209596.360824823,38.023313,336,15,257.562500,9141.250
1785209596.360824823,38.023313,336,15,259.203125,8923.750
1785209596.360824823,38.023313,336,15,260.828125,8754.000
1785209596.360824823,38.023313,336,15,262.453125,8629.500
1785209596.360824823,38.023313,336,15,264.093750,8458.250
1785209596.360824823,38.023313,336,15,265.734375,8281.250
1785209596.360824823,38.023313,336,15,267.359375,8149.750
1785209596.360824823,38.023313,336,15,268.984375,8048.000
1785209596.360824823,38.023313,336,15,270.625000,7947.000
1785209596.360824823,38.023313,336,15,274.046875,4255.000
1785209596.471501827,38.101277,337,8,0.937500,4724.250
1785209596.471501827,38.101277,337,11,10.703125,5032.500
1785209596.471501827,38.101277,337,11,12.328125,5081.250
1785209596.471501827,38.101277,337,15,171.140625,1833.500
1785209596.471501827,38.101277,337,15,172.734375,1805.500
1785209596.471501827,38.101277,337,15,174.390625,1785.500
1785209596.471501827,38.101277,337,15,177.625000,1801.250
1785209596.471501827,38.101277,337,15,209.718750,9700.000
1785209596.471501827,38.101277,337,15,212.984375,9747.000
1785209596.471501827,38.101277,337,15,229.890625,1893.500
1785209596.471501827,38.101277,337,15,233.328125,1614.750
1785209596.471501827,38.101277,337,15,234.953125,1592.250
1785209596.471501827,38.101277,337,15,236.562500,1581.250
1785209596.471501827,38.101277,337,12,253.796875,9831.750
1785209596.471501827,38.101277,337,15,258.718750,8988.000
1785209596.471501827,38.101277,337,15,260.343750,8832.000
1785209596.471501827,38.101277,337,15,261.984375,8665.750
1785209596.471501827,38.101277,337,15,263.625000,8512.500
1785209596.471501827,38.101277,337,15,265.250000,8333.250
1785209596.471501827,38.101277,337,15,266.890625,8216.250
1785209596.471501827,38.101277,337,15,268.531250,8122.250
1785209596.471501827,38.101277,337,9,270.156250,7973.750
1785209596.471501827,38.101277,337,15,271.796875,7849.000
1785209596.471501827,38.101277,337,15,273.421875,7759.750
1785209596.584985018,38.245052,338,9,5.296875,4786.750
1785209596.584985018,38.245052,338,15,10.218750,5032.750
1785209596.584985018,38.245052,338,14,11.796875,5055.250
1785209596.584985018,38.245052,338,15,172.218750,1814.250
1785209596.584985018,38.245052,338,15,173.859375,1796.500
1785209596.584985018,38.245052,338,15,175.500000,1798.500
1785209596.584985018,38.245052,338,15,212.328125,9867.000
1785209596.584985018,38.245052,338,15,235.953125,1594.500
1785209596.584985018,38.245052,338,15,239.203125,1597.750
1785209596.584985018,38.245052,338,15,240.843750,1618.750
1785209596.584985018,38.245052,338,15,242.437500,1643.000
1785209596.584985018,38.245052,338,15,244.046875,1676.000
1785209596.584985018,38.245052,338,15,251.562500,10155.750
1785209596.584985018,38.245052,338,13,253.187500,9908.000
1785209596.584985018,38.245052,338,12,256.468750,9365.000
1785209596.584985018,38.245052,338,15,258.109375,9127.250
1785209596.584985018,38.245052,338,15,259.734375,8887.750
1785209596.584985018,38.245052,338,15,261.375000,8717.000
1785209596.584985018,38.245052,338,15,263.015625,8584.250
1785209596.584985018,38.245052,338,15,264.656250,8418.500
1785209596.584985018,38.245052,338,15,266.281250,8297.250
1785209596.584985018,38.245052,338,11,267.921875,8148.750
1785209596.584985018,38.245052,338,15,269.562500,8002.000
1785209596.584985018,38.245052,338,14,271.203125,7859.000
1785209596.584985018,38.245052,338,15,272.843750,7744.500
1785209596.698283434,38.322935,339,10,2.937500,4762.250
1785209596.698283434,38.322935,339,15,11.078125,5042.750
1785209596.698283434,38.322935,339,11,12.703125,5091.250
1785209596.698283434,38.322935,339,15,171.468750,1829.500
1785209596.698283434,38.322935,339,15,173.140625,1801.250
1785209596.698283434,38.322935,339,15,174.734375,1785.000
1785209596.698283434,38.322935,339,15,178.031250,1807.500
1785209596.698283434,38.322935,339,15,209.968750,9709.500
1785209596.698283434,38.322935,339,15,211.578125,9765.750
1785209596.698283434,38.322935,339,15,213.218750,9893.250
1785209596.698283434,38.322935,339,9,233.609375,1611.750
1785209596.698283434,38.322935,339,15,235.265625,1592.500
1785209596.698283434,38.322935,339,15,236.843750,1585.000
1785209596.698283434,38.322935,339,15,238.531250,1586.750
1785209596.698283434,38.322935,339,15,240.156250,1596.000
1785209596.698283434,38.322935,339,15,241.703125,1618.000
1785209596.698283434,38.322935,339,15,243.375000,1657.000
1785209596.698283434,38.322935,339,9,250.812500,10288.250
1785209596.698283434,38.322935,339,15,252.453125,10000.250
1785209596.698283434,38.322935,339,14,254.093750,9737.750
1785209596.698283434,38.322935,339,15,257.375000,9197.000
1785209596.698283434,38.322935,339,15,259.000000,8954.500
1785209596.698283434,38.322935,339,15,260.625000,8763.250
1785209596.698283434,38.322935,339,15,262.281250,8647.000
1785209596.698283434,38.322935,339,15,263.921875,8507.500
1785209596.698283434,38.322935,339,15,265.546875,8313.250
1785209596.698283434,38.322935,339,15,267.187500,8166.000
1785209596.698283434,38.322935,339,15,268.828125,8075.500
1785209596.698283434,38.322935,339,15,270.453125,7966.750
1785209596.698283434,38.322935,339,15,273.734375,7795.000
1785209596.698283434,38.322935,339,15,275.312500,7653.250
1785209596.809533119,38.401167,340,8,2.203125,4748.250
1785209596.809533119,38.401167,340,7,3.843750,4783.000
1785209596.809533119,38.401167,340,7,5.484375,4817.000
1785209596.809533119,38.401167,340,7,7.109375,4872.500
1785209596.809533119,38.401167,340,9,8.750000,4960.000
1785209596.809533119,38.401167,340,12,10.328125,5032.250
1785209596.809533119,38.401167,340,10,11.937500,5062.750
1785209596.809533119,38.401167,340,15,172.453125,1808.500
1785209596.809533119,38.401167,340,15,174.109375,1800.750
1785209596.809533119,38.401167,340,15,177.359375,1811.250
1785209596.809533119,38.401167,340,15,178.937500,1844.750
1785209596.809533119,38.401167,340,15,210.953125,9781.000
1785209596.809533119,38.401167,340,15,212.578125,9820.000
1785209596.809533119,38.401167,340,15,236.187500,1590.500
1785209596.809533119,38.401167,340,15,237.796875,1577.000
1785209596.809533119,38.401167,340,12,253.343750,9868.500
1785209596.809533119,38.401167,340,12,256.625000,9279.750
1785209596.809533119,38.401167,340,15,258.250000,9052.250
1785209596.809533119,38.401167,340,15,259.875000,8850.750
1785209596.809533119,38.401167,340,15,261.515625,8689.000
1785209596.809533119,38.401167,340,15,263.140625,8562.250
1785209596.809533119,38.401167,340,15,264.781250,8408.500
1785209596.809533119,38.401167,340,9,271.296875,7913.000
1785209596.809533119,38.401167,340,15,272.937500,7795.250
1785209596.923796892,38.557397,341,10,1.453125,4735.500
1785209596.923796892,38.557397,341,9,3.062500,4762.250
1785209596.923796892,38.557397,341,7,4.703125,4791.000
1785209596.923796892,38.557397,341,8,6.328125,4837.000
1785209596.923796892,38.557397,341,7,7.953125,4939.250
1785209596.923796892,38.557397,341,15,9.609375,5006.750
1785209596.923796892,38.557397,341,12,11.187500,5043.750
1785209596.923796892,38.557397,341,9,12.812500,5099.000
1785209596.923796892,38.557397,341,15,171.687500,1823.250
1785209596.923796892,38.557397,341,15,173.359375,1797.250
1785209596.923796892,38.557397,341,15,175.015625,1787.250
1785209596.923796892,38.557397,341,15,178.234375,1810.000
1785209596.923796892,38.557397,341,15,235.375000,1602.000
1785209596.923796892,38.557397,341,13,237.031250,1588.250
1785209596.923796892,38.557397,341,13,238.671875,1594.000
1785209596.923796892,38.557397,341,15,240.281250,1612.000
1785209596.923796892,38.557397,341,15,241.890625,1633.750
1785209596.923796892,38.557397,341,14,252.593750,9999.500
1785209596.923796892,38.557397,341,12,254.218750,9721.750
1785209596.923796892,38.557397,341,15,255.859375,9456.250
1785209596.923796892,38.557397,341,15,257.500000,9184.250
1785209596.923796892,38.557397,341,15,259.125000,8925.000
1785209596.923796892,38.557397,341,15,260.750000,8755.750
1785209596.923796892,38.557397,341,15,262.390625,8634.750
1785209596.923796892,38.557397,341,15,264.015625,8462.000
1785209596.923796892,38.557397,341,15,265.656250,8283.750
1785209596.923796892,38.557397,341,15,267.312500,8150.750
1785209596.923796892,38.557397,341,15,268.937500,8051.750
1785209596.923796892,38.557397,341,15,270.562500,7955.500
1785209597.035329819,38.635949,342,7,3.968750,4784.750
1785209597.035329819,38.635949,342,9,5.609375,4825.250
1785209597.035329819,38.635949,342,7,7.250000,4915.250
1785209597.035329819,38.635949,342,11,8.875000,4985.250
1785209597.035329819,38.635949,342,12,10.500000,5028.750
1785209597.035329819,38.635949,342,10,12.140625,5073.250
1785209597.035329819,38.635949,342,15,171.046875,1833.750
1785209597.035329819,38.635949,342,15,172.703125,1805.500
1785209597.035329819,38.635949,342,15,174.359375,1786.000
1785209597.035329819,38.635949,342,15,177.578125,1799.250
1785209597.035329819,38.635949,342,15,209.656250,9700.500
1785209597.035329819,38.635949,342,15,212.921875,9811.000
1785209597.035329819,38.635949,342,15,229.875000,1894.000
1785209597.035329819,38.635949,342,15,233.218750,1619.000
1785209597.035329819,38.635949,342,15,234.890625,1592.750
1785209597.035329819,38.635949,342,15,236.578125,1581.750
1785209597.035329819,38.635949,342,9,238.187500,1586.000
1785209597.035329819,38.635949,342,15,239.796875,1601.750
1785209597.035329819,38.635949,342,15,241.421875,1620.000
1785209597.035329819,38.635949,342,11,253.718750,9828.250
1785209597.035329819,38.635949,342,15,258.625000,8997.250
1785209597.035329819,38.635949,342,15,260.265625,8835.250
1785209597.035329819,38.635949,342,15,261.906250,8664.250
1785209597.035329819,38.635949,342,15,263.531250,8524.750
1785209597.035329819,38.635949,342,15,265.171875,8363.500
1785209597.035329819,38.635949,342,15,268.437500,8161.000
1785209597.035329819,38.635949,342,15,271.718750,7931.000
1785209597.035329819,38.635949,342,15,273.343750,7767.250
1785209597.149947166,38.790228,343,8,1.906250,4752.500
1785209597.149947166,38.790228,343,9,3.546875,4780.500
1785209597.149947166,38.790228,343,8,6.812500,4838.250
1785209597.149947166,38.790228,343,9,8.453125,4954.000
1785209597.149947166,38.790228,343,15,10.078125,5028.750
1785209597.149947166,38.790228,343,12,11.734375,5055.250
1785209597.149947166,38.790228,343,15,172.296875,1810.750
1785209597.149947166,38.790228,343,15,173.937500,1796.750
1785209597.149947166,38.790228,343,15,175.562500,1801.250
1785209597.149947166,38.790228,343,15,177.218750,1808.000
1785209597.149947166,38.790228,343,15,178.859375,1838.000
1785209597.149947166,38.790228,343,9,209.343750,9721.250
1785209597.149947166,38.790228,343,15,210.968750,9783.750
1785209597.149947166,38.790228,343,15,212.609375,9832.000
1785209597.149947166,38.790228,343,15,236.265625,1590.000
1785209597.149947166,38.790228,343,15,237.921875,1577.250
1785209597.149947166,38.790228,343,15,239.468750,1590.250
1785209597.149947166,38.790228,343,14,253.421875,9863.750
1785209597.149947166,38.790228,343,12,256.703125,9292.500
1785209597.149947166,38.790228,343,15,258.343750,9054.250
1785209597.149947166,38.790228,343,15,259.968750,8846.000
1785209597.149947166,38.790228,343,15,261.609375,8687.000
1785209597.149947166,38.790228,343,15,263.250000,8540.000
1785209597.149947166,38.790228,343,15,264.890625,8376.250
1785209597.149947166,38.790228,343,14,268.156250,8173.000
1785209597.149947166,38.790228,343,14,269.796875,8004.500
1785209597.149947166,38.790228,343,15,271.437500,7898.000
1785209597.149947166,38.790228,343,11,273.062500,7782.250
1785209597.149947166,38.790228,343,10,276.328125,7613.500
1785209597.261682510,38.868802,344,9,4.859375,4778.500
1785209597.261682510,38.868802,344,9,6.500000,4852.000
1785209597.261682510,38.868802,344,15,9.765625,4933.500
1785209597.261682510,38.868802,344,15,11.359375,5041.250
1785209597.261682510,38.868802,344,15,171.875000,1819.500
1785209597.261682510,38.868802,344,15,173.546875,1795.500
1785209597.261682510,38.868802,344,15,175.187500,1792.250
1785209597.261682510,38.868802,344,15,178.421875,1819.250
1785209597.261682510,38.868802,344,15,210.531250,9751.000
1785209597.261682510,38.868802,344,15,212.171875,9841.750
1785209597.261682510,38.868802,344,15,235.796875,1597.250
1785209597.261682510,38.868802,344,15,237.406250,1588.250
1785209597.261682510,38.868802,344,15,239.046875,1592.250
1785209597.261682510,38.868802,344,15,240.671875,1600.750
1785209597.261682510,38.868802,344,15,242.312500,1630.750
1785209597.261682510,38.868802,344,15,253.031250,9925.250
1785209597.261682510,38.868802,344,14,254.687500,9691.250
1785209597.261682510,38.868802,344,15,257.953125,9074.250
1785209597.261682510,38.868802,344,15,259.593750,8869.000
1785209597.261682510,38.868802,344,15,261.250000,8725.250
1785209597.261682510,38.868802,344,15,262.875000,8588.000
1785209597.261682510,38.868802,344,15,264.515625,8411.250
1785209597.261682510,38.868802,344,15,266.156250,8245.750
1785209597.261682510,38.868802,344,15,269.437500,8067.000
1785209597.261682510,38.868802,344,10,271.062500,7924.250
1785209597.372705698,39.024073,345,7,2.875000,4772.250
1785209597.372705698,39.024073,345,8,4.500000,4795.500
1785209597.372705698,39.024073,345,10,10.968750,5042.500
1785209597.372705698,39.024073,345,10,12.609375,5083.500
1785209597.372705698,39.024073,345,15,171.500000,1829.250
1785209597.372705698,39.024073,345,15,173.156250,1800.750
1785209597.372705698,39.024073,345,15,174.781250,1786.250
1785209597.372705698,39.024073,345,15,178.031250,1808.250
1785209597.372705698,39.024073,345,15,210.031250,9706.000
1785209597.372705698,39.024073,345,15,211.656250,9763.000
1785209597.372705698,39.024073,345,15,235.343750,1604.500
1785209597.372705698,39.024073,345,15,236.937500,1584.750
1785209597.372705698,39.024073,345,15,238.578125,1591.500
1785209597.372705698,39.024073,345,15,240.187500,1607.750
1785209597.372705698,39.024073,345,15,241.796875,1625.000
1785209597.372705698,39.024073,345,15,252.562500,9999.500
1785209597.372705698,39.024073,345,14,254.203125,9724.750
1785209597.372705698,39.024073,345,15,255.843750,9459.250
1785209597.372705698,39.024073,345,15,257.468750,9187.250
1785209597.372705698,39.024073,345,15,259.125000,8928.000
1785209597.372705698,39.024073,345,15,260.750000,8753.000
1785209597.372705698,39.024073,345,15,262.406250,8631.750
1785209597.372705698,39.024073,345,15,264.046875,8455.250
1785209597.372705698,39.024073,345,15,265.671875,8277.500
1785209597.372705698,39.024073,345,15,267.328125,8148.250
1785209597.372705698,39.024073,345,15,268.953125,8053.250
1785209597.372705698,39.024073,345,15,270.593750,7958.500
1785209597.487677813,39.103051,346,7,2.437500,4749.500
1785209597.487677813,39.103051,346,8,4.078125,4781.250
1785209597.487677813,39.103051,346,8,5.703125,4822.000
1785209597.487677813,39.103051,346,13,8.968750,4925.750
1785209597.487677813,39.103051,346,15,10.546875,5030.000
1785209597.487677813,39.103051,346,13,12.171875,5074.000
1785209597.487677813,39.103051,346,15,171.078125,1834.500
1785209597.487677813,39.103051,346,15,172.718750,1806.000
1785209597.487677813,39.103051,346,15,174.375000,1790.250
1785209597.487677813,39.103051,346,15,177.609375,1803.500
1785209597.487677813,39.103051,346,15,209.593750,9712.500
1785209597.487677813,39.103051,346,15,211.218750,9806.750
1785209597.487677813,39.103051,346,15,212.843750,9858.250
1785209597.487677813,39.103051,346,15,229.796875,1898.000
1785209597.487677813,39.103051,346,15,234.828125,1593.250
1785209597.487677813,39.103051,346,15,236.468750,1582.000
1785209597.487677813,39.103051,346,13,238.109375,1585.750
1785209597.487677813,39.103051,346,15,239.750000,1602.250
1785209597.487677813,39.103051,346,15,241.343750,1619.750
1785209597.487677813,39.103051,346,11,242.984375,1650.750
1785209597.487677813,39.103051,346,11,253.703125,9830.250
1785209597.487677813,39.103051,346,15,258.625000,9007.500
1785209597.487677813,39.103051,346,15,260.250000,8839.500
1785209597.487677813,39.103051,346,15,261.890625,8664.250
1785209597.487677813,39.103051,346,15,263.546875,8520.250
1785209597.487677813,39.103051,346,15,265.171875,8361.500
1785209597.487677813,39.103051,346,15,268.437500,8163.750
1785209597.487677813,39.103051,346,10,270.093750,7978.500
1785209597.487677813,39.103051,346,15,271.703125,7861.000
1785209597.487677813,39.103051,346,15,273.343750,7765.250
1785209597.599549532,39.257177,347,9,3.593750,4778.500
1785209597.599549532,39.257177,347,11,11.671875,5058.000
1785209597.599549532,39.257177,347,15,172.203125,1814.500
1785209597.599549532,39.257177,347,15,173.843750,1796.500
1785209597.599549532,39.257177,347,15,175.437500,1798.250
1785209597.599549532,39.257177,347,15,212.343750,9859.750
1785209597.599549532,39.257177,347,15,235.968750,1594.250
1785209597.599549532,39.257177,347,15,239.250000,1597.250
1785209597.599549532,39.257177,347,15,240.828125,1618.500
1785209597.599549532,39.257177,347,15,242.468750,1643.000
1785209597.599549532,39.257177,347,15,244.093750,1676.000
1785209597.599549532,39.257177,347,15,251.531250,10161.000
1785209597.599549532,39.257177,347,14,253.156250,9915.250
1785209597.599549532,39.257177,347,15,258.078125,9085.750
1785209597.599549532,39.257177,347,15,259.703125,8886.250
1785209597.599549532,39.257177,347,15,261.359375,8720.250
1785209597.599549532,39.257177,347,15,262.984375,8579.250
1785209597.599549532,39.257177,347,15,264.609375,8405.750
1785209597.599549532,39.257177,347,15,266.250000,8248.000
1785209597.599549532,39.257177,347,15,269.515625,8071.500
1785209597.599549532,39.257177,347,14,272.796875,7856.250
1785209597.712801933,39.335964,348,9,2.968750,4763.000
1785209597.712801933,39.335964,348,15,11.062500,5022.750
1785209597.712801933,39.335964,348,10,12.703125,5091.000
1785209597.712801933,39.335964,348,15,171.468750,1829.500
1785209597.712801933,39.335964,348,15,173.140625,1800.750
1785209597.712801933,39.335964,348,15,174.734375,1785.250
1785209597.712801933,39.335964,348,15,178.015625,1807.000
1785209597.712801933,39.335964,348,15,210.078125,9703.500
1785209597.712801933,39.335964,348,15,211.718750,9757.750
1785209597.712801933,39.335964,348,15,235.328125,1604.500
1785209597.712801933,39.335964,348,15,236.968750,1585.000
1785209597.712801933,39.335964,348,15,238.562500,1591.250
1785209597.712801933,39.335964,348,15,240.187500,1604.500
1785209597.712801933,39.335964,348,15,241.812500,1622.000
1785209597.712801933,39.335964,348,15,252.500000,9997.250
1785209597.712801933,39.335964,348,13,254.125000,9722.500
1785209597.712801933,39.335964,348,15,255.765625,9454.000
1785209597.712801933,39.335964,348,15,257.406250,9198.000
1785209597.712801933,39.335964,348,15,259.046875,8957.250
1785209597.712801933,39.335964,348,15,260.671875,8764.750
1785209597.712801933,39.335964,348,15,262.312500,8646.250
1785209597.712801933,39.335964,348,15,263.937500,8509.500
1785209597.712801933,39.335964,348,15,265.593750,8317.250
1785209597.712801933,39.335964,348,15,267.218750,8154.250
1785209597.712801933,39.335964,348,15,268.843750,8055.750
1785209597.712801933,39.335964,348,15,270.484375,7958.750
1785209597.824236393,39.414366,349,10,2.250000,4756.250
1785209597.824236393,39.414366,349,8,3.890625,4783.750
1785209597.824236393,39.414366,349,10,5.515625,4814.750
1785209597.824236393,39.414366,349,11,10.406250,5035.500
1785209597.824236393,39.414366,349,14,12.046875,5066.000
1785209597.824236393,39.414366,349,15,172.500000,1808.750
1785209597.824236393,39.414366,349,15,174.109375,1801.000
1785209597.824236393,39.414366,349,15,177.343750,1811.500
1785209597.824236393,39.414366,349,15,178.953125,1844.000
1785209597.824236393,39.414366,349,15,209.406250,9711.250
1785209597.824236393,39.414366,349,13,211.015625,9778.250
1785209597.824236393,39.414366,349,15,212.656250,9865.750
1785209597.824236393,39.414366,349,15,236.281250,1589.750
1785209597.824236393,39.414366,349,15,237.890625,1577.500
1785209597.824236393,39.414366,349,15,239.468750,1591.000
1785209597.824236393,39.414366,349,13,253.406250,9863.000
1785209597.824236393,39.414366,349,12,256.671875,9299.000
1785209597.824236393,39.414366,349,15,258.312500,9056.250
1785209597.824236393,39.414366,349,15,259.953125,8844.500
1785209597.824236393,39.414366,349,15,261.578125,8684.500
1785209597.824236393,39.414366,349,15,263.218750,8559.750
1785209597.824236393,39.414366,349,15,264.859375,8408.000
1785209597.824236393,39.414366,349,15,269.765625,8004.500
1785209597.824236393,39.414366,349,14,271.390625,7866.500
1785209597.940051556,39.570694,350,12,1.468750,4737.750
1785209597.940051556,39.570694,350,8,4.750000,4787.500
1785209597.940051556,39.570694,350,10,6.375000,4851.000
1785209597.940051556,39.570694,350,14,9.656250,4937.000
1785209597.940051556,39.570694,350,13,11.281250,5038.750
1785209597.940051556,39.570694,350,15,171.750000,1822.750
1785209597.940051556,39.570694,350,15,173.359375,1796.750
1785209597.940051556,39.570694,350,15,174.968750,1787.500
1785209597.940051556,39.570694,350,15,178.203125,1810.750
1785209597.940051556,39.570694,350,15,210.265625,9677.000
1785209597.940051556,39.570694,350,15,211.890625,9702.750
1785209597.940051556,39.570694,350,15,235.484375,1601.750
1785209597.940051556,39.570694,350,15,237.078125,1583.000
1785209597.940051556,39.570694,350,11,238.718750,1589.250
1785209597.940051556,39.570694,350,15,240.312500,1613.750
1785209597.940051556,39.570694,350,15,241.953125,1639.000
1785209597.940051556,39.570694,350,10,251.031250,10238.250
1785209597.940051556,39.570694,350,15,252.656250,9969.500
1785209597.940051556,39.570694,350,14,254.281250,9725.000
1785209597.940051556,39.570694,350,15,255.937500,9461.000
1785209597.940051556,39.570694,350,15,257.578125,9186.000
1785209597.940051556,39.570694,350,15,259.203125,8923.750
1785209597.940051556,39.570694,350,15,260.843750,8752.750
1785209597.940051556,39.570694,350,15,262.484375,8634.250
1785209597.940051556,39.570694,350,15,264.109375,8460.250
1785209597.940051556,39.570694,350,15,265.750000,8283.500
1785209597.940051556,39.570694,350,15,267.375000,8152.250
1785209597.940051556,39.570694,350,15,269.015625,8052.500
1785209597.940051556,39.570694,350,15,270.656250,7953.000
1785209597.940051556,39.570694,350,15,274.093750,4253.250
1785209598.050175905,39.649587,351,8,0.812500,4732.250
1785209598.050175905,39.649587,351,9,2.468750,4754.000
1785209598.050175905,39.649587,351,9,4.093750,4782.000
1785209598.050175905,39.649587,351,13,10.578125,5027.250
1785209598.050175905,39.649587,351,12,12.218750,5074.250
1785209598.050175905,39.649587,351,15,171.109375,1834.250
1785209598.050175905,39.649587,351,15,172.750000,1805.500
1785209598.050175905,39.649587,351,15,174.359375,1784.250
1785209598.050175905,39.649587,351,15,177.609375,1798.000
1785209598.050175905,39.649587,351,15,209.640625,9703.000
1785209598.050175905,39.649587,351,10,211.281250,9859.000
1785209598.050175905,39.649587,351,15,212.906250,9912.750
1785209598.050175905,39.649587,351,15,229.843750,1894.750
1785209598.050175905,39.649587,351,15,233.265625,1622.500
1785209598.050175905,39.649587,351,15,234.843750,1594.000
1785209598.050175905,39.649587,351,15,236.500000,1582.750
1785209598.050175905,39.649587,351,12,238.109375,1585.750
1785209598.050175905,39.649587,351,15,239.765625,1602.000
1785209598.050175905,39.649587,351,15,241.343750,1619.500
1785209598.050175905,39.649587,351,11,253.734375,9825.000
1785209598.050175905,39.649587,351,15,258.625000,9010.750
1785209598.050175905,39.649587,351,15,260.281250,8842.000
1785209598.050175905,39.649587,351,15,261.921875,8666.250
1785209598.050175905,39.649587,351,15,263.546875,8515.750
1785209598.050175905,39.649587,351,15,265.187500,8356.750
1785209598.050175905,39.649587,351,15,268.468750,8162.750
1785209598.050175905,39.649587,351,7,270.093750,7967.250
1785209598.050175905,39.649587,351,15,271.734375,7847.250
1785209598.050175905,39.649587,351,15,273.359375,7757.500
1785209598.162703037,39.806138,352,9,3.609375,4773.750
1785209598.162703037,39.806138,352,9,6.890625,4840.750
1785209598.162703037,39.806138,352,9,8.515625,4962.750
1785209598.162703037,39.806138,352,15,10.171875,5030.250
1785209598.162703037,39.806138,352,13,11.718750,5051.750
1785209598.162703037,39.806138,352,15,172.421875,1811.000
1785209598.162703037,39.806138,352,15,174.046875,1797.500
1785209598.162703037,39.806138,352,15,175.687500,1801.750
1785209598.162703037,39.806138,352,15,177.312500,1810.250
1785209598.162703037,39.806138,352,15,178.937500,1843.500
1785209598.162703037,39.806138,352,15,210.953125,9784.000
1785209598.162703037,39.806138,352,15,212.593750,9827.500
1785209598.162703037,39.806138,352,15,236.203125,1589.500
1785209598.162703037,39.806138,352,15,237.859375,1577.250
1785209598.162703037,39.806138,352,15,239.453125,1590.750
1785209598.162703037,39.806138,352,11,250.156250,10460.250
1785209598.162703037,39.806138,352,13,253.421875,9861.750
1785209598.162703037,39.806138,352,13,255.046875,9633.000
1785209598.162703037,39.806138,352,15,258.343750,9052.750
1785209598.162703037,39.806138,352,15,259.968750,8839.750
1785209598.162703037,39.806138,352,15,261.609375,8685.500
1785209598.162703037,39.806138,352,15,263.250000,8546.500
1785209598.162703037,39.806138,352,15,264.875000,8382.250
1785209598.162703037,39.806138,352,12,271.421875,7869.500
1785209598.276467085,39.869314,353,8,1.609375,4737.250
1785209598.276467085,39.869314,353,7,3.218750,4763.250
1785209598.276467085,39.869314,353,9,4.875000,4799.500
1785209598.276467085,39.869314,353,9,6.500000,4848.750
1785209598.276467085,39.869314,353,15,9.781250,4932.750
1785209598.276467085,39.869314,353,14,11.343750,5034.250
1785209598.276467085,39.869314,353,15,171.921875,1819.250
1785209598.276467085,39.869314,353,15,173.609375,1796.000
1785209598.276467085,39.869314,353,15,175.265625,1791.750
1785209598.276467085,39.869314,353,15,178.484375,1819.250
1785209598.276467085,39.869314,353,15,210.515625,9693.750
1785209598.276467085,39.869314,353,15,212.156250,9832.750
1785209598.276467085,39.869314,353,15,235.828125,1597.000
1785209598.276467085,39.869314,353,15,237.437500,1588.000
1785209598.276467085,39.869314,353,15,239.093750,1591.500
1785209598.276467085,39.869314,353,15,240.718750,1600.750
1785209598.276467085,39.869314,353,15,242.281250,1630.750
1785209598.276467085,39.869314,353,14,253.000000,9930.250
1785209598.276467085,39.869314,353,15,254.640625,9696.500
1785209598.276467085,39.869314,353,15,257.906250,9074.500
1785209598.276467085,39.869314,353,15,259.562500,8872.000
1785209598.276467085,39.869314,353,15,261.187500,8726.000
1785209598.276467085,39.869314,353,15,262.843750,8592.000
1785209598.276467085,39.869314,353,15,264.468750,8417.500
1785209598.276467085,39.869314,353,15,266.109375,8245.250
1785209598.276467085,39.869314,353,15,267.734375,8134.750
1785209598.276467085,39.869314,353,15,269.375000,8048.000
1785209598.276467085,39.869314,353,15,271.000000,7937.500
1785209598.388426781,40.025177,354,8,6.000000,4817.500
1785209598.388426781,40.025177,354,8,7.640625,4913.500
1785209598.388426781,40.025177,354,14,9.281250,4978.250
1785209598.388426781,40.025177,354,12,10.843750,5027.750
1785209598.388426781,40.025177,354,13,12.484375,5080.750
1785209598.388426781,40.025177,354,15,171.390625,1833.250
1785209598.388426781,40.025177,354,15,172.984375,1800.750
1785209598.388426781,40.025177,354,15,174.687500,1785.250
1785209598.388426781,40.025177,354,15,177.906250,1806.000
1785209598.388426781,40.025177,354,15,209.953125,9718.750
1785209598.388426781,40.025177,354,15,211.593750,9759.250
1785209598.388426781,40.025177,354,15,213.218750,9885.750
1785209598.388426781,40.025177,354,11,233.578125,1612.000
1785209598.388426781,40.025177,354,15,235.265625,1592.750
1785209598.388426781,40.025177,354,15,236.859375,1584.750
1785209598.388426781,40.025177,354,15,238.515625,1585.750
1785209598.388426781,40.025177,354,15,240.109375,1594.000
1785209598.388426781,40.025177,354,15,241.734375,1616.750
1785209598.388426781,40.025177,354,15,243.328125,1657.000
1785209598.388426781,40.025177,354,10,250.828125,10289.750
1785209598.388426781,40.025177,354,15,252.468750,9993.000
1785209598.388426781,40.025177,354,14,254.093750,9728.500
1785209598.388426781,40.025177,354,15,255.734375,9462.000
1785209598.388426781,40.025177,354,15,257.390625,9203.000
1785209598.388426781,40.025177,354,15,259.015625,8963.250
1785209598.388426781,40.025177,354,15,260.656250,8771.250
1785209598.388426781,40.025177,354,15,262.296875,8649.750
1785209598.388426781,40.025177,354,15,263.937500,8501.750
1785209598.388426781,40.025177,354,15,265.578125,8304.250
1785209598.388426781,40.025177,354,15,267.203125,8162.500
1785209598.388426781,40.025177,354,15,268.859375,8070.000
1785209598.388426781,40.025177,354,15,270.484375,7964.750
1785209598.388426781,40.025177,354,15,273.750000,7799.250
1785209598.388426781,40.025177,354,15,275.312500,7654.500
1785209598.503378153,40.101727,355,8,2.203125,4754.000
1785209598.503378153,40.101727,355,8,3.843750,4783.500
1785209598.503378153,40.101727,355,8,5.500000,4816.000
1785209598.503378153,40.101727,355,8,7.125000,4909.750
1785209598.503378153,40.101727,355,10,8.750000,5003.000
1785209598.503378153,40.101727,355,13,10.343750,5038.750
1785209598.503378153,40.101727,355,11,11.968750,5066.250
1785209598.503378153,40.101727,355,15,172.437500,1809.000
1785209598.503378153,40.101727,355,15,174.093750,1801.000
1785209598.503378153,40.101727,355,15,177.359375,1810.750
1785209598.503378153,40.101727,355,15,178.906250,1842.750
1785209598.503378153,40.101727,355,15,209.390625,9700.000
1785209598.503378153,40.101727,355,10,211.031250,9766.750
1785209598.503378153,40.101727,355,15,212.656250,9854.750
1785209598.503378153,40.101727,355,9,234.656250,1590.000
1785209598.503378153,40.101727,355,15,236.343750,1578.750
1785209598.503378153,40.101727,355,15,237.890625,1583.250
1785209598.503378153,40.101727,355,15,239.593750,1591.750
1785209598.503378153,40.101727,355,13,251.875000,10093.000
1785209598.503378153,40.101727,355,14,253.500000,9842.750
1785209598.503378153,40.101727,355,13,255.140625,9598.000
1785209598.503378153,40.101727,355,15,258.421875,9046.250
1785209598.503378153,40.101727,355,15,260.046875,8821.500
1785209598.503378153,40.101727,355,15,261.687500,8672.750
1785209598.503378153,40.101727,355,15,263.328125,8548.250
1785209598.503378153,40.101727,355,15,264.968750,8382.500
1785209598.503378153,40.101727,355,15,268.250000,8172.250
1785209598.503378153,40.101727,355,15,271.515625,7947.250
1785209598.503378153,40.101727,355,15,273.156250,7781.250
1785209598.615234375,40.243172,356,7,1.671875,4734.500
1785209598.615234375,40.243172,356,7,3.312500,4760.000
1785209598.615234375,40.243172,356,8,4.953125,4790.500
1785209598.615234375,40.243172,356,10,6.593750,4840.000
1785209598.615234375,40.243172,356,13,9.859375,4932.500
1785209598.615234375,40.243172,356,12,11.468750,5035.750
1785209598.615234375,40.243172,356,15,171.937500,1819.500
1785209598.615234375,40.243172,356,15,173.546875,1796.000
1785209598.615234375,40.243172,356,15,175.171875,1791.250
1785209598.615234375,40.243172,356,15,178.406250,1819.500
1785209598.615234375,40.243172,356,15,210.500000,9703.000
1785209598.615234375,40.243172,356,15,212.109375,9832.750
1785209598.615234375,40.243172,356,15,235.734375,1597.500
1785209598.615234375,40.243172,356,15,237.343750,1588.250
1785209598.615234375,40.243172,356,15,238.937500,1588.500
1785209598.615234375,40.243172,356,15,252.890625,9952.750
1785209598.615234375,40.243172,356,15,254.515625,9719.000
1785209598.615234375,40.243172,356,15,257.796875,9108.500
1785209598.615234375,40.243172,356,15,259.421875,8887.000
1785209598.615234375,40.243172,356,15,261.062500,8731.750
1785209598.615234375,40.243172,356,15,262.703125,8594.500
1785209598.615234375,40.243172,356,15,264.328125,8417.000
1785209598.615234375,40.243172,356,15,265.968750,8244.500
1785209598.615234375,40.243172,356,15,267.609375,8130.000
1785209598.615234375,40.243172,356,15,269.234375,8051.750
1785209598.615234375,40.243172,356,15,270.875000,7936.500
1785209598.615234375,40.243172,356,12,274.296875,4254.750
1785209598.728416920,40.322428,357,8,2.640625,4760.500
1785209598.728416920,40.322428,357,8,4.296875,4788.250
1785209598.728416920,40.322428,357,11,10.796875,5036.500
1785209598.728416920,40.322428,357,12,12.421875,5082.500
1785209598.728416920,40.322428,357,15,171.109375,1834.250
1785209598.728416920,40.322428,357,15,172.718750,1805.500
1785209598.728416920,40.322428,357,15,174.343750,1784.250
1785209598.728416920,40.322428,357,15,177.625000,1798.250
1785209598.728416920,40.322428,357,15,209.671875,9702.000
1785209598.728416920,40.322428,357,15,212.921875,9823.500
1785209598.728416920,40.322428,357,15,217.843750,8809.750
1785209598.728416920,40.322428,357,15,229.843750,1895.500
1785209598.728416920,40.322428,357,15,233.218750,1622.250
1785209598.728416920,40.322428,357,15,234.859375,1594.250
1785209598.728416920,40.322428,357,15,236.484375,1582.750
1785209598.728416920,40.322428,357,14,238.125000,1585.500
1785209598.728416920,40.322428,357,15,239.734375,1602.000
1785209598.728416920,40.322428,357,15,241.390625,1619.000
1785209598.728416920,40.322428,357,15,242.968750,1650.000
1785209598.728416920,40.322428,357,12,252.046875,10093.250
1785209598.728416920,40.322428,357,11,253.687500,9834.250
1785209598.728416920,40.322428,357,15,258.593750,9008.000
1785209598.728416920,40.322428,357,15,260.218750,8841.500
1785209598.728416920,40.322428,357,15,261.859375,8666.000
1785209598.728416920,40.322428,357,15,263.484375,8518.000
1785209598.728416920,40.322428,357,15,265.125000,8362.000
1785209598.728416920,40.322428,357,15,268.390625,8163.500
1785209598.728416920,40.322428,357,12,270.015625,7979.750
1785209598.728416920,40.322428,357,15,271.640625,7862.750
1785209598.728416920,40.322428,357,13,273.281250,7752.500
1785209598.840732336,40.477624,358,9,1.812500,4737.500
1785209598.840732336,40.477624,358,9,3.484375,4766.500
1785209598.840732336,40.477624,358,9,5.109375,4810.000
1785209598.840732336,40.477624,358,7,6.718750,4859.750
1785209598.840732336,40.477624,358,7,8.375000,4953.500
1785209598.840732336,40.477624,358,15,10.015625,5001.750
1785209598.840732336,40.477624,358,11,11.593750,5031.000
1785209598.840732336,40.477624,358,15,171.953125,1819.500
1785209598.840732336,40.477624,358,15,173.578125,1796.250
1785209598.840732336,40.477624,358,15,175.187500,1791.250
1785209598.840732336,40.477624,358,15,178.437500,1819.500
1785209598.840732336,40.477624,358,15,210.468750,9745.500
1785209598.840732336,40.477624,358,15,212.078125,9805.500
1785209598.840732336,40.477624,358,15,235.671875,1597.500
1785209598.840732336,40.477624,358,15,237.296875,1588.000
1785209598.840732336,40.477624,358,15,238.921875,1592.250
1785209598.840732336,40.477624,358,15,252.859375,9955.000
1785209598.840732336,40.477624,358,15,254.500000,9722.250
1785209598.840732336,40.477624,358,15,257.781250,9113.750
1785209598.840732336,40.477624,358,15,259.421875,8886.750
1785209598.840732336,40.477624,358,15,261.062500,8730.250
1785209598.840732336,40.477624,358,15,262.687500,8592.500
1785209598.840732336,40.477624,358,15,264.328125,8421.000
1785209598.840732336,40.477624,358,15,265.953125,8250.250
1785209598.840732336,40.477624,358,15,267.593750,8130.250
1785209598.840732336,40.477624,358,15,269.234375,8053.000
1785209598.840732336,40.477624,358,15,270.859375,7942.250
1785209598.840732336,40.477624,358,15,274.281250,4238.250
1785209598.955293655,40.555465,359,12,10.687500,5040.250
1785209598.955293655,40.555465,359,12,12.328125,5080.750
1785209598.955293655,40.555465,359,15,172.703125,1805.750
1785209598.955293655,40.555465,359,15,174.312500,1795.500
1785209598.955293655,40.555465,359,15,177.578125,1809.000
1785209598.955293655,40.555465,359,15,209.500000,9712.750
1785209598.955293655,40.555465,359,11,211.140625,9787.500
1785209598.955293655,40.555465,359,15,212.765625,9851.500
1785209598.955293655,40.555465,359,15,229.718750,1897.750
1785209598.955293655,40.555465,359,14,234.750000,1594.250
1785209598.955293655,40.555465,359,15,236.421875,1582.750
1785209598.955293655,40.555465,359,13,237.968750,1582.750
1785209598.955293655,40.555465,359,15,239.656250,1591.000
1785209598.955293655,40.555465,359,15,241.250000,1603.750
1785209598.955293655,40.555465,359,15,242.875000,1636.500
1785209598.955293655,40.555465,359,13,251.968750,10086.750
1785209598.955293655,40.555465,359,14,253.609375,9876.500
1785209598.955293655,40.555465,359,13,256.875000,9266.250
1785209598.955293655,40.555465,359,15,258.515625,9034.250
1785209598.955293655,40.555465,359,15,260.156250,8818.750
1785209598.955293655,40.555465,359,15,261.796875,8670.750
1785209598.955293655,40.555465,359,15,263.437500,8526.250
1785209598.955293655,40.555465,359,15,265.062500,8362.000
1785209598.955293655,40.555465,359,15,268.343750,8166.000
1785209598.955293655,40.555465,359,11,269.968750,7948.500
1785209598.955293655,40.555465,359,15,271.609375,7830.250
1785209598.955293655,40.555465,359,13,273.250000,7755.000
1785209599.065596104,40.711793,360,8,3.312500,4751.500
1785209599.065596104,40.711793,360,10,4.937500,4793.250
1785209599.065596104,40.711793,360,11,6.578125,4842.750
1785209599.065596104,40.711793,360,15,9.843750,4934.250
1785209599.065596104,40.711793,360,11,11.437500,5036.250
1785209599.065596104,40.711793,360,15,171.937500,1820.000
1785209599.065596104,40.711793,360,15,173.578125,1796.500
1785209599.065596104,40.711793,360,15,175.203125,1790.750
1785209599.065596104,40.711793,360,15,178.468750,1819.250
1785209599.065596104,40.711793,360,15,210.421875,9747.000
1785209599.065596104,40.711793,360,15,212.046875,9765.750
1785209599.065596104,40.711793,360,15,235.671875,1597.500
1785209599.065596104,40.711793,360,15,237.312500,1588.500
1785209599.065596104,40.711793,360,15,238.984375,1589.500
1785209599.065596104,40.711793,360,15,252.921875,9953.750
1785209599.065596104,40.711793,360,15,254.562500,9718.750
1785209599.065596104,40.711793,360,15,257.828125,9116.000
1785209599.065596104,40.711793,360,15,259.453125,8882.000
1785209599.065596104,40.711793,360,15,261.109375,8724.250
1785209599.065596104,40.711793,360,15,262.734375,8596.250
1785209599.065596104,40.711793,360,15,264.375000,8426.750
1785209599.065596104,40.711793,360,15,266.015625,8245.250
1785209599.065596104,40.711793,360,15,267.656250,8124.750
1785209599.065596104,40.711793,360,15,269.296875,8049.500
1785209599.065596104,40.711793,360,15,270.921875,7943.000
1785209599.065596104,40.711793,360,12,274.359375,4241.250
1785209599.178117275,40.789757,361,8,1.156250,4741.250
1785209599.178117275,40.789757,361,8,2.796875,4766.250
1785209599.178117275,40.789757,361,9,6.062500,4815.500
1785209599.178117275,40.789757,361,15,9.328125,4920.000
1785209599.178117275,40.789757,361,11,10.890625,5029.250
1785209599.178117275,40.789757,361,11,12.531250,5078.500
1785209599.178117275,40.789757,361,15,171.609375,1823.500
1785209599.178117275,40.789757,361,15,173.281250,1797.250
1785209599.178117275,40.789757,361,15,174.875000,1786.750
1785209599.178117275,40.789757,361,15,178.140625,1808.500
1785209599.178117275,40.789757,361,14,210.171875,9635.500
1785209599.178117275,40.789757,361,15,235.406250,1601.750
1785209599.178117275,40.789757,361,10,237.078125,1583.500
1785209599.178117275,40.789757,361,12,238.687500,1589.500
1785209599.178117275,40.789757,361,15,240.281250,1613.250
1785209599.178117275,40.789757,361,15,241.937500,1633.250
1785209599.178117275,40.789757,361,14,252.609375,9978.750
1785209599.178117275,40.789757,361,11,254.250000,9722.500
1785209599.178117275,40.789757,361,15,257.531250,9127.250
1785209599.178117275,40.789757,361,15,259.171875,8916.250
1785209599.178117275,40.789757,361,15,260.812500,8749.000
1785209599.178117275,40.789757,361,15,262.421875,8631.500
1785209599.178117275,40.789757,361,15,264.062500,8461.250
1785209599.178117275,40.789757,361,15,265.703125,8283.750
1785209599.178117275,40.789757,361,15,267.343750,8149.000
1785209599.178117275,40.789757,361,15,268.968750,8051.250
1785209599.178117275,40.789757,361,15,270.609375,7959.000
1785209599.291803598,40.944727,362,8,2.468750,4753.750
1785209599.291803598,40.944727,362,8,4.125000,4781.000
1785209599.291803598,40.944727,362,8,5.734375,4819.000
1785209599.291803598,40.944727,362,9,9.031250,4918.500
1785209599.291803598,40.944727,362,13,10.609375,5026.500
1785209599.291803598,40.944727,362,13,12.234375,5075.500
1785209599.291803598,40.944727,362,15,171.343750,1833.000
1785209599.291803598,40.944727,362,15,173.015625,1802.750
1785209599.291803598,40.944727,362,15,174.656250,1785.000
1785209599.291803598,40.944727,362,15,177.843750,1805.250
1785209599.291803598,40.944727,362,15,209.906250,9727.000
1785209599.291803598,40.944727,362,15,211.546875,9744.500
1785209599.291803598,40.944727,362,15,213.171875,9767.500
1785209599.291803598,40.944727,362,15,233.531250,1612.750
1785209599.291803598,40.944727,362,15,235.109375,1592.250
1785209599.291803598,40.944727,362,15,236.765625,1581.000
1785209599.291803598,40.944727,362,15,238.453125,1576.250
1785209599.291803598,40.944727,362,12,250.703125,10310.000
1785209599.291803598,40.944727,362,15,252.343750,10041.250
1785209599.291803598,40.944727,362,15,253.968750,9829.500
1785209599.291803598,40.944727,362,15,258.875000,8972.250
1785209599.291803598,40.944727,362,15,260.515625,8796.250
1785209599.291803598,40.944727,362,15,262.140625,8610.500
1785209599.291803598,40.944727,362,15,263.781250,8462.750
1785209599.291803598,40.944727,362,15,265.406250,8318.500
1785209599.291803598,40.944727,362,15,267.046875,8168.500
1785209599.291803598,40.944727,362,15,268.671875,8078.000
1785209599.291803598,40.944727,362,15,270.328125,7968.750
1785209599.291803598,40.944727,362,15,273.578125,7806.250
1785209599.291803598,40.944727,362,8,275.203125,7666.250
1785209599.404477835,41.022924,363,12,8.640625,5000.750
1785209599.404477835,41.022924,363,12,10.265625,5042.750
1785209599.404477835,41.022924,363,11,11.890625,5066.000
1785209599.404477835,41.022924,363,15,172.484375,1808.750
1785209599.404477835,41.022924,363,15,174.109375,1801.250
1785209599.404477835,41.022924,363,15,177.359375,1811.500
1785209599.404477835,41.022924,363,15,179.000000,1843.250
1785209599.404477835,41.022924,363,15,209.468750,9673.250
1785209599.404477835,41.022924,363,15,212.750000,9783.500
1785209599.404477835,41.022924,363,11,234.656250,1590.750
1785209599.404477835,41.022924,363,15,236.328125,1579.250
1785209599.404477835,41.022924,363,15,237.953125,1587.000
1785209599.404477835,41.022924,363,15,239.546875,1595.000
1785209599.404477835,41.022924,363,13,251.875000,10102.500
1785209599.404477835,41.022924,363,14,253.500000,9857.250
1785209599.404477835,41.022924,363,13,255.125000,9627.000
1785209599.404477835,41.022924,363,15,258.406250,9045.000
1785209599.404477835,41.022924,363,15,260.046875,8831.250
1785209599.404477835,41.022924,363,15,261.671875,8675.750
1785209599.404477835,41.022924,363,15,263.312500,8547.250
1785209599.404477835,41.022924,363,15,264.937500,8382.000
1785209599.404477835,41.022924,363,15,268.203125,8173.000
1785209599.404477835,41.022924,363,15,271.484375,7949.750
1785209599.404477835,41.022924,363,15,273.125000,7778.250
1785209599.518608332,41.164343,364,8,1.640625,4737.750
1785209599.518608332,41.164343,364,8,3.265625,4767.750
1785209599.518608332,41.164343,364,10,4.906250,4797.250
1785209599.518608332,41.164343,364,11,6.546875,4846.500
1785209599.518608332,41.164343,364,15,9.812500,4936.000
1785209599.518608332,41.164343,364,12,11.421875,5036.000
1785209599.518608332,41.164343,364,15,171.875000,1820.250
1785209599.518608332,41.164343,364,15,173.515625,1796.250
1785209599.518608332,41.164343,364,15,175.187500,1790.750
1785209599.518608332,41.164343,364,15,178.375000,1819.750
1785209599.518608332,41.164343,364,15,210.546875,9695.500
1785209599.518608332,41.164343,364,15,212.171875,9826.000
1785209599.518608332,41.164343,364,15,235.781250,1597.000
1785209599.518608332,41.164343,364,15,237.421875,1587.750
1785209599.518608332,41.164343,364,15,239.078125,1591.000
1785209599.518608332,41.164343,364,15,240.656250,1600.500
1785209599.518608332,41.164343,364,15,242.328125,1630.500
1785209599.518608332,41.164343,364,14,253.015625,9925.000
1785209599.518608332,41.164343,364,15,254.640625,9697.500
1785209599.518608332,41.164343,364,15,257.921875,9071.250
1785209599.518608332,41.164343,364,15,259.562500,8870.000
1785209599.518608332,41.164343,364,15,261.187500,8722.250
1785209599.518608332,41.164343,364,15,262.828125,8598.250
1785209599.518608332,41.164343,364,15,264.468750,8431.750
1785209599.518608332,41.164343,364,15,266.109375,8244.000
1785209599.518608332,41.164343,364,15,267.750000,8128.250
1785209599.518608332,41.164343,364,15,269.390625,8037.500
1785209599.518608332,41.164343,364,15,271.015625,7926.750
1785209599.629171133,41.241537,365,9,1.140625,4741.000
1785209599.629171133,41.241537,365,8,2.781250,4766.750
1785209599.629171133,41.241537,365,9,6.046875,4817.000
1785209599.629171133,41.241537,365,7,7.687500,4914.250
1785209599.629171133,41.241537,365,13,9.328125,4980.750
1785209599.629171133,41.241537,365,13,10.906250,5029.500
1785209599.629171133,41.241537,365,12,12.531250,5079.500
1785209599.629171133,41.241537,365,15,171.375000,1831.250
1785209599.629171133,41.241537,365,15,172.984375,1800.500
1785209599.629171133,41.241537,365,15,174.625000,1785.000
1785209599.629171133,41.241537,365,15,177.875000,1805.500
1785209599.629171133,41.241537,365,15,209.921875,9733.250
1785209599.629171133,41.241537,365,15,211.562500,9774.750
1785209599.629171133,41.241537,365,15,213.187500,9820.250
1785209599.629171133,41.241537,365,15,233.562500,1613.500
1785209599.629171133,41.241537,365,15,235.171875,1592.750
1785209599.629171133,41.241537,365,15,236.859375,1581.250
1785209599.629171133,41.241537,365,15,238.406250,1581.250
1785209599.629171133,41.241537,365,12,240.078125,1597.250
1785209599.629171133,41.241537,365,15,252.406250,10038.750
1785209599.629171133,41.241537,365,15,254.031250,9772.000
1785209599.629171133,41.241537,365,15,257.328125,9148.750
1785209599.629171133,41.241537,365,15,258.968750,8956.500
1785209599.629171133,41.241537,365,15,260.593750,8770.750
1785209599.629171133,41.241537,365,15,262.234375,8646.000
1785209599.629171133,41.241537,365,15,263.875000,8496.000
1785209599.629171133,41.241537,365,15,265.515625,8315.000
1785209599.629171133,41.241537,365,15,267.140625,8174.750
1785209599.629171133,41.241537,365,15,268.796875,8079.000
1785209599.629171133,41.241537,365,15,270.421875,7972.250
1785209599.629171133,41.241537,365,15,273.703125,7807.750
1785209599.629171133,41.241537,365,15,275.296875,7663.500
1785209599.744968414,41.395634,366,7,2.140625,4741.000
1785209599.744968414,41.395634,366,10,8.671875,4978.500
1785209599.744968414,41.395634,366,14,10.328125,5038.500
1785209599.744968414,41.395634,366,11,11.875000,5063.000
1785209599.744968414,41.395634,366,15,172.328125,1811.500
1785209599.744968414,41.395634,366,15,173.953125,1797.000
1785209599.744968414,41.395634,366,15,175.578125,1801.500
1785209599.744968414,41.395634,366,15,212.421875,9810.000
1785209599.744968414,41.395634,366,15,236.062500,1593.750
1785209599.744968414,41.395634,366,15,237.703125,1571.000
1785209599.744968414,41.395634,366,15,251.640625,10157.000
1785209599.744968414,41.395634,366,14,253.265625,9910.500
1785209599.744968414,41.395634,366,15,258.203125,9067.500
1785209599.744968414,41.395634,366,15,259.843750,8852.500
1785209599.744968414,41.395634,366,15,261.468750,8688.000
1785209599.744968414,41.395634,366,15,263.109375,8560.250
1785209599.744968414,41.395634,366,15,264.734375,8410.750
1785209599.744968414,41.395634,366,14,268.015625,8205.250
1785209599.744968414,41.395634,366,15,269.656250,8029.750
1785209599.744968414,41.395634,366,15,271.296875,7908.750
1785209599.744968414,41.395634,366,15,272.937500,7788.500
1785209599.855299234,41.459002,367,8,1.421875,4735.250
1785209599.855299234,41.459002,367,8,3.062500,4763.750
1785209599.855299234,41.459002,367,9,4.687500,4791.250
1785209599.855299234,41.459002,367,8,6.328125,4839.500
1785209599.855299234,41.459002,367,15,9.593750,4938.500
1785209599.855299234,41.459002,367,13,11.171875,5038.750
1785209599.855299234,41.459002,367,10,12.796875,5089.000
1785209599.855299234,41.459002,367,15,171.593750,1827.250
1785209599.855299234,41.459002,367,15,173.187500,1801.000
1785209599.855299234,41.459002,367,15,174.875000,1786.500
1785209599.855299234,41.459002,367,15,178.078125,1808.500
1785209599.855299234,41.459002,367,15,210.031250,9711.500
1785209599.855299234,41.459002,367,15,211.671875,9768.500
1785209599.855299234,41.459002,367,15,235.234375,1605.250
1785209599.855299234,41.459002,367,15,236.937500,1586.000
1785209599.855299234,41.459002,367,15,238.515625,1586.750
1785209599.855299234,41.459002,367,15,240.140625,1597.500
1785209599.855299234,41.459002,367,15,241.750000,1620.500
1785209599.855299234,41.459002,367,15,243.375000,1659.500
1785209599.855299234,41.459002,367,15,252.468750,9994.750
1785209599.855299234,41.459002,367,15,254.093750,9733.250
1785209599.855299234,41.459002,367,15,255.734375,9470.000
1785209599.855299234,41.459002,367,15,257.375000,9203.750
1785209599.855299234,41.459002,367,15,259.000000,8959.500
1785209599.855299234,41.459002,367,15,260.625000,8773.250
1785209599.855299234,41.459002,367,15,262.265625,8646.500
1785209599.855299234,41.459002,367,15,263.906250,8497.500
1785209599.855299234,41.459002,367,15,265.546875,8314.000
1785209599.855299234,41.459002,367,15,267.171875,8173.000
1785209599.855299234,41.459002,367,15,268.796875,8082.250
1785209599.855299234,41.459002,367,15,270.437500,7974.750
1785209599.855299234,41.459002,367,15,273.703125,7798.250
1785209599.855299234,41.459002,367,15,275.296875,7654.500
1785209599.966907501,41.615712,368,8,3.859375,4781.750
1785209599.966907501,41.615712,368,8,5.500000,4815.500
1785209599.966907501,41.615712,368,8,7.125000,4882.500
1785209599.966907501,41.615712,368,9,8.750000,4974.500
1785209599.966907501,41.615712,368,13,10.312500,5036.500
1785209599.966907501,41.615712,368,11,11.937500,5063.250
1785209599.966907501,41.615712,368,15,172.250000,1813.750
1785209599.966907501,41.615712,368,15,173.859375,1797.000
1785209599.966907501,41.615712,368,15,175.531250,1801.750
1785209599.966907501,41.615712,368,15,212.406250,9863.750
1785209599.966907501,41.615712,368,15,236.000000,1593.250
1785209599.966907501,41.615712,368,10,237.640625,1574.500
1785209599.966907501,41.615712,368,14,242.484375,1648.500
1785209599.966907501,41.615712,368,15,244.140625,1680.750
1785209599.966907501,41.615712,368,13,253.218750,9912.500
1785209599.966907501,41.615712,368,15,258.109375,9096.250
1785209599.966907501,41.615712,368,15,259.750000,8889.500
1785209599.966907501,41.615712,368,15,261.390625,8722.250
1785209599.966907501,41.615712,368,15,263.015625,8581.000
1785209599.966907501,41.615712,368,15,264.656250,8405.250
1785209599.966907501,41.615712,368,15,266.281250,8255.250
1785209599.966907501,41.615712,368,15,269.546875,8084.000
1785209599.966907501,41.615712,368,10,271.171875,7890.000
1785209599.966907501,41.615712,368,15,272.812500,7769.250
1785209600.081527233,41.692741,369,7,2.984375,4766.250
1785209600.081527233,41.692741,369,7,4.609375,4793.750
1785209600.081527233,41.692741,369,15,11.078125,5023.000
1785209600.081527233,41.692741,369,10,12.718750,5088.250
1785209600.081527233,41.692741,369,15,171.500000,1828.750
1785209600.081527233,41.692741,369,15,173.140625,1800.250
1785209600.081527233,41.692741,369,15,174.734375,1785.250
1785209600.081527233,41.692741,369,15,178.046875,1807.250
1785209600.081527233,41.692741,369,15,210.078125,9707.500
1785209600.081527233,41.692741,369,15,211.718750,9765.750
1785209600.081527233,41.692741,369,15,235.343750,1604.750
1785209600.081527233,41.692741,369,15,236.937500,1585.750
1785209600.081527233,41.692741,369,15,238.609375,1590.250
1785209600.081527233,41.692741,369,15,240.234375,1604.000
1785209600.081527233,41.692741,369,15,241.812500,1622.500
1785209600.081527233,41.692741,369,15,252.515625,9995.000
1785209600.081527233,41.692741,369,15,255.796875,9408.250
1785209600.081527233,41.692741,369,15,257.421875,9201.000
1785209600.081527233,41.692741,369,15,259.062500,8957.250
1785209600.081527233,41.692741,369,15,260.687500,8772.000
1785209600.081527233,41.692741,369,15,262.328125,8647.500
1785209600.081527233,41.692741,369,15,263.968750,8476.750
1785209600.081527233,41.692741,369,15,265.609375,8285.250
1785209600.081527233,41.692741,369,15,267.250000,8149.500
1785209600.081527233,41.692741,369,15,268.875000,8054.250
1785209600.081527233,41.692741,369,15,270.500000,7960.250
1785209600.192791462,41.831730,370,8,5.640625,4810.500
1785209600.192791462,41.831730,370,11,8.906250,4916.250
1785209600.192791462,41.831730,370,15,10.531250,5025.000
1785209600.192791462,41.831730,370,12,12.187500,5076.500
1785209600.192791462,41.831730,370,15,171.109375,1833.750
1785209600.192791462,41.831730,370,15,172.765625,1806.000
1785209600.192791462,41.831730,370,15,174.421875,1784.500
1785209600.192791462,41.831730,370,15,177.656250,1798.500
1785209600.192791462,41.831730,370,15,209.687500,9751.000
1785209600.192791462,41.831730,370,15,212.968750,9824.250
1785209600.192791462,41.831730,370,13,217.875000,8804.250
1785209600.192791462,41.831730,370,15,229.859375,1895.000
1785209600.192791462,41.831730,370,15,233.281250,1618.250
1785209600.192791462,41.831730,370,15,234.921875,1594.000
1785209600.192791462,41.831730,370,15,236.531250,1582.750
1785209600.192791462,41.831730,370,15,239.765625,1596.250
1785209600.192791462,41.831730,370,15,241.390625,1628.500
1785209600.192791462,41.831730,370,12,253.750000,9820.250
1785209600.192791462,41.831730,370,15,258.671875,9008.500
1785209600.192791462,41.831730,370,15,260.296875,8846.000
1785209600.192791462,41.831730,370,15,261.937500,8668.500
1785209600.192791462,41.831730,370,15,263.578125,8512.750
1785209600.192791462,41.831730,370,15,265.218750,8352.250
1785209600.192791462,41.831730,370,10,266.843750,8272.000
1785209600.192791462,41.831730,370,15,268.468750,8157.500
1785209600.192791462,41.831730,370,15,273.390625,7786.500
1785209600.307083607,41.911361,371,8,3.562500,4775.250
1785209600.307083607,41.911361,371,7,6.828125,4839.250
1785209600.307083607,41.911361,371,8,8.468750,4956.750
1785209600.307083607,41.911361,371,15,10.109375,5026.250
1785209600.307083607,41.911361,371,13,11.734375,5051.500
1785209600.307083607,41.911361,371,15,172.265625,1811.750
1785209600.307083607,41.911361,371,15,173.953125,1797.250
1785209600.307083607,41.911361,371,15,175.531250,1801.500
1785209600.307083607,41.911361,371,15,177.187500,1804.250
1785209600.307083607,41.911361,371,15,212.484375,9819.750
1785209600.307083607,41.911361,371,15,236.046875,1593.000
1785209600.307083607,41.911361,371,15,237.734375,1573.750
1785209600.307083607,41.911361,371,15,251.656250,10150.750
1785209600.307083607,41.911361,371,12,253.296875,9900.250
1785209600.307083607,41.911361,371,12,256.562500,9325.250
1785209600.307083607,41.911361,371,15,258.203125,9069.500
1785209600.307083607,41.911361,371,15,259.843750,8855.500
1785209600.307083607,41.911361,371,15,261.468750,8687.000
1785209600.307083607,41.911361,371,15,263.109375,8562.000
1785209600.307083607,41.911361,371,15,264.750000,8418.000
1785209600.307083607,41.911361,371,7,271.296875,7908.500
1785209600.307083607,41.911361,371,14,272.921875,7793.250
1785209600.419297934,42.052711,372,14,1.531250,4734.750
1785209600.419297934,42.052711,372,7,3.140625,4767.250
1785209600.419297934,42.052711,372,9,4.781250,4799.500
1785209600.419297934,42.052711,372,8,6.421875,4844.750
1785209600.419297934,42.052711,372,7,8.062500,4939.750
1785209600.419297934,42.052711,372,15,9.703125,5001.000
1785209600.419297934,42.052711,372,13,11.265625,5038.750
1785209600.419297934,42.052711,372,15,171.859375,1819.750
1785209600.419297934,42.052711,372,15,173.531250,1795.500
1785209600.419297934,42.052711,372,15,175.109375,1790.250
1785209600.419297934,42.052711,372,15,178.390625,1819.250
1785209600.419297934,42.052711,372,15,210.375000,9790.750
1785209600.419297934,42.052711,372,15,212.000000,9769.750
1785209600.419297934,42.052711,372,15,235.578125,1597.250
1785209600.419297934,42.052711,372,15,237.218750,1583.250
1785209600.419297934,42.052711,372,14,238.828125,1592.750
1785209600.419297934,42.052711,372,13,251.187500,10225.750
1785209600.419297934,42.052711,372,15,252.828125,9965.000
1785209600.419297934,42.052711,372,15,254.468750,9723.000
1785209600.419297934,42.052711,372,15,257.750000,9122.000
1785209600.419297934,42.052711,372,15,259.375000,8889.500
1785209600.419297934,42.052711,372,15,261.015625,8735.750
1785209600.419297934,42.052711,372,15,262.656250,8600.000
1785209600.419297934,42.052711,372,15,264.281250,8421.500
1785209600.419297934,42.052711,372,15,265.906250,8262.250
1785209600.419297934,42.052711,372,15,267.546875,8138.500
1785209600.419297934,42.052711,372,15,269.203125,8041.750
1785209600.419297934,42.052711,372,15,270.812500,7944.000
1785209600.419297934,42.052711,372,15,274.234375,4237.000
1785209600.530166626,42.131509,373,7,1.000000,4725.250
1785209600.530166626,42.131509,373,8,4.281250,4768.750
1785209600.530166626,42.131509,373,10,10.734375,5041.250
1785209600.530166626,42.131509,373,13,12.375000,5078.750
1785209600.530166626,42.131509,373,15,171.281250,1833.750
1785209600.530166626,42.131509,373,15,172.906250,1803.000
1785209600.530166626,42.131509,373,15,174.609375,1782.750
1785209600.530166626,42.131509,373,15,177.828125,1802.750
1785209600.530166626,42.131509,373,15,209.843750,9729.750
1785209600.530166626,42.131509,373,15,211.484375,9736.250
1785209600.530166626,42.131509,373,15,213.125000,9757.000
1785209600.530166626,42.131509,373,10,230.031250,1915.750
1785209600.530166626,42.131509,373,15,233.468750,1613.250
1785209600.530166626,42.131509,373,15,235.062500,1592.250
1785209600.530166626,42.131509,373,15,236.734375,1580.500
1785209600.530166626,42.131509,373,15,238.343750,1576.750
1785209600.530166626,42.131509,373,15,252.312500,10040.500
1785209600.530166626,42.131509,373,15,253.937500,9817.000
1785209600.530166626,42.131509,373,13,257.218750,9206.500
1785209600.530166626,42.131509,373,15,258.843750,8966.750
1785209600.530166626,42.131509,373,15,260.484375,8793.000
1785209600.530166626,42.131509,373,15,262.125000,8615.500
1785209600.530166626,42.131509,373,15,263.750000,8471.750
1785209600.530166626,42.131509,373,15,265.390625,8333.750
1785209600.530166626,42.131509,373,15,267.031250,8171.750
1785209600.530166626,42.131509,373,15,268.671875,8072.750
1785209600.530166626,42.131509,373,15,270.296875,7979.250
1785209600.530166626,42.131509,373,15,271.937500,7848.250
1785209600.530166626,42.131509,373,15,273.578125,7742.250
1785209600.646104574,42.288417,374,7,5.312500,4792.250
1785209600.646104574,42.288417,374,14,10.218750,5029.500
1785209600.646104574,42.288417,374,12,11.796875,5051.500
1785209600.646104574,42.288417,374,15,172.328125,1812.000
1785209600.646104574,42.288417,374,15,173.953125,1797.000
1785209600.646104574,42.288417,374,15,175.578125,1802.000
1785209600.646104574,42.288417,374,15,177.203125,1804.500
1785209600.646104574,42.288417,374,15,212.500000,9823.500
1785209600.646104574,42.288417,374,15,236.171875,1590.000
1785209600.646104574,42.288417,374,15,237.812500,1572.250
1785209600.646104574,42.288417,374,15,251.687500,10145.500
1785209600.646104574,42.288417,374,12,253.343750,9863.500
1785209600.646104574,42.288417,374,12,256.609375,9305.000
1785209600.646104574,42.288417,374,15,258.250000,9066.750
1785209600.646104574,42.288417,374,15,259.875000,8856.000
1785209600.646104574,42.288417,374,15,261.515625,8684.500
1785209600.646104574,42.288417,374,15,263.140625,8566.250
1785209600.646104574,42.288417,374,15,264.781250,8422.000
1785209600.646104574,42.288417,374,8,268.046875,8203.750
1785209600.646104574,42.288417,374,15,269.687500,8021.500
1785209600.646104574,42.288417,374,10,271.328125,7904.500
1785209600.646104574,42.288417,374,15,272.953125,7786.750
1785209600.756930113,42.351392,375,11,1.359375,4735.000
1785209600.756930113,42.351392,375,8,2.984375,4765.500
1785209600.756930113,42.351392,375,9,4.609375,4793.000
1785209600.756930113,42.351392,375,7,6.265625,4835.750
1785209600.756930113,42.351392,375,7,7.875000,4928.250
1785209600.756930113,42.351392,375,14,9.531250,4980.500
1785209600.756930113,42.351392,375,15,11.093750,5023.750
1785209600.756930113,42.351392,375,10,12.718750,5089.000
1785209600.756930113,42.351392,375,15,171.453125,1828.750
1785209600.756930113,42.351392,375,15,173.062500,1800.250
1785209600.756930113,42.351392,375,15,174.718750,1785.500
1785209600.756930113,42.351392,375,15,178.000000,1806.000
1785209600.756930113,42.351392,375,15,210.000000,9708.250
1785209600.756930113,42.351392,375,15,211.640625,9763.500
1785209600.756930113,42.351392,375,11,213.265625,9927.250
1785209600.756930113,42.351392,375,15,235.234375,1605.000
1785209600.756930113,42.351392,375,15,236.890625,1585.500
1785209600.756930113,42.351392,375,15,238.546875,1589.250
1785209600.756930113,42.351392,375,15,240.171875,1599.750
1785209600.756930113,42.351392,375,15,241.765625,1619.750
1785209600.756930113,42.351392,375,15,243.390625,1659.500
1785209600.756930113,42.351392,375,15,252.468750,10004.000
1785209600.756930113,42.351392,375,14,254.109375,9742.250
1785209600.756930113,42.351392,375,15,257.390625,9199.250
1785209600.756930113,42.351392,375,15,259.015625,8958.750
1785209600.756930113,42.351392,375,15,260.640625,8774.750
1785209600.756930113,42.351392,375,15,262.281250,8650.750
1785209600.756930113,42.351392,375,15,263.921875,8502.750
1785209600.756930113,42.351392,375,15,265.562500,8314.250
1785209600.756930113,42.351392,375,15,267.203125,8171.250
1785209600.756930113,42.351392,375,15,268.828125,8080.750
1785209600.756930113,42.351392,375,15,270.468750,7973.250
1785209600.870397091,42.508686,376,10,8.656250,4996.750
1785209600.870397091,42.508686,376,13,10.281250,5037.250
1785209600.870397091,42.508686,376,10,11.875000,5060.500
1785209600.870397091,42.508686,376,15,172.203125,1814.500
1785209600.870397091,42.508686,376,15,173.859375,1796.750
1785209600.870397091,42.508686,376,15,175.468750,1798.500
1785209600.870397091,42.508686,376,15,212.359375,9863.500
1785209600.870397091,42.508686,376,15,235.937500,1593.000
1785209600.870397091,42.508686,376,15,239.203125,1596.250
1785209600.870397091,42.508686,376,15,240.812500,1617.250
1785209600.870397091,42.508686,376,15,242.437500,1641.250
1785209600.870397091,42.508686,376,15,244.046875,1675.000
1785209600.870397091,42.508686,376,14,253.125000,9918.750
1785209600.870397091,42.508686,376,13,254.765625,9696.750
1785209600.870397091,42.508686,376,15,258.031250,9088.750
1785209600.870397091,42.508686,376,15,259.671875,8881.250
1785209600.870397091,42.508686,376,15,261.296875,8720.000
1785209600.870397091,42.508686,376,15,262.953125,8579.000
1785209600.870397091,42.508686,376,15,264.562500,8400.000
1785209600.870397091,42.508686,376,15,266.218750,8249.250
1785209600.870397091,42.508686,376,15,269.468750,8081.000
1785209600.870397091,42.508686,376,7,271.109375,7891.500
1785209600.870397091,42.508686,376,12,272.734375,7775.250
1785209600.982027769,42.585441,377,8,1.156250,4740.750
1785209600.982027769,42.585441,377,8,2.796875,4767.500
1785209600.982027769,42.585441,377,8,4.421875,4790.250
1785209600.982027769,42.585441,377,8,6.062500,4825.250
1785209600.982027769,42.585441,377,8,7.671875,4916.000
1785209600.982027769,42.585441,377,13,9.312500,4981.500
1785209600.982027769,42.585441,377,13,10.921875,5028.500
1785209600.982027769,42.585441,377,13,12.562500,5081.250
1785209600.982027769,42.585441,377,15,171.156250,1833.500
1785209600.982027769,42.585441,377,15,172.796875,1805.500
1785209600.982027769,42.585441,377,15,174.421875,1784.000
1785209600.982027769,42.585441,377,15,177.671875,1799.750
1785209600.982027769,42.585441,377,15,209.703125,9757.250
1785209600.982027769,42.585441,377,15,212.953125,9835.250
1785209600.982027769,42.585441,377,15,229.875000,1895.000
1785209600.982027769,42.585441,377,15,233.296875,1618.500
1785209600.982027769,42.585441,377,15,234.890625,1594.000
1785209600.982027769,42.585441,377,15,236.562500,1583.000
1785209600.982027769,42.585441,377,8,238.125000,1585.500
1785209600.982027769,42.585441,377,15,239.812500,1601.500
1785209600.982027769,42.585441,377,15,241.421875,1618.000
1785209600.982027769,42.585441,377,11,253.703125,9823.500
1785209600.982027769,42.585441,377,15,258.593750,9015.250
1785209600.982027769,42.585441,377,15,260.234375,8848.750
1785209600.982027769,42.585441,377,15,261.859375,8668.250
1785209600.982027769,42.585441,377,15,263.500000,8508.000
1785209600.982027769,42.585441,377,15,265.125000,8349.250
1785209600.982027769,42.585441,377,15,268.390625,8164.250
1785209600.982027769,42.585441,377,7,270.031250,7982.000
1785209600.982027769,42.585441,377,15,271.656250,7865.750
1785209600.982027769,42.585441,377,15,273.296875,7758.500
1785209601.096498966,42.740622,378,7,1.875000,4749.500
1785209601.096498966,42.740622,378,9,3.515625,4778.250
1785209601.096498966,42.740622,378,10,5.156250,4809.750
1785209601.096498966,42.740622,378,15,10.046875,5004.000
1785209601.096498966,42.740622,378,12,11.671875,5031.250
1785209601.096498966,42.740622,378,15,171.984375,1819.500
1785209601.096498966,42.740622,378,15,173.609375,1796.500
1785209601.096498966,42.740622,378,15,175.296875,1791.500
1785209601.096498966,42.740622,378,15,208.968750,9778.750
1785209601.096498966,42.740622,378,15,210.625000,9760.000
1785209601.096498966,42.740622,378,15,212.234375,9826.250
1785209601.096498966,42.740622,378,15,235.828125,1597.250
1785209601.096498966,42.740622,378,15,237.437500,1588.000
1785209601.096498966,42.740622,378,15,239.125000,1591.500
1785209601.096498966,42.740622,378,15,240.687500,1601.250
1785209601.096498966,42.740622,378,15,242.359375,1631.250
1785209601.096498966,42.740622,378,15,253.046875,9927.250
1785209601.096498966,42.740622,378,14,254.671875,9701.750
1785209601.096498966,42.740622,378,15,257.953125,9071.000
1785209601.096498966,42.740622,378,15,259.593750,8866.750
1785209601.096498966,42.740622,378,15,261.234375,8723.000
1785209601.096498966,42.740622,378,15,262.859375,8603.250
1785209601.096498966,42.740622,378,15,264.500000,8431.750
1785209601.096498966,42.740622,378,15,266.140625,8254.250
1785209601.096498966,42.740622,378,8,267.765625,8212.250
1785209601.096498966,42.740622,378,11,271.031250,7930.250
1785209601.207744360,42.819102,379,9,2.937500,4765.750
1785209601.207744360,42.819102,379,15,11.078125,5025.000
1785209601.207744360,42.819102,379,10,12.718750,5087.750
1785209601.207744360,42.819102,379,15,171.593750,1822.750
1785209601.207744360,42.819102,379,15,173.234375,1796.750
1785209601.207744360,42.819102,379,15,174.859375,1786.500
1785209601.207744360,42.819102,379,15,178.125000,1808.750
1785209601.207744360,42.819102,379,14,210.171875,9636.000
1785209601.207744360,42.819102,379,15,235.421875,1602.000
1785209601.207744360,42.819102,379,14,237.031250,1583.500
1785209601.207744360,42.819102,379,10,238.656250,1589.750
1785209601.207744360,42.819102,379,15,240.328125,1613.750
1785209601.207744360,42.819102,379,15,241.921875,1637.250
1785209601.207744360,42.819102,379,15,252.671875,9980.750
1785209601.207744360,42.819102,379,15,254.312500,9730.250
1785209601.207744360,42.819102,379,15,255.968750,9462.000
1785209601.207744360,42.819102,379,15,259.234375,8914.750
1785209601.207744360,42.819102,379,15,260.875000,8749.250
1785209601.207744360,42.819102,379,15,262.515625,8631.000
1785209601.207744360,42.819102,379,15,264.156250,8462.250
1785209601.207744360,42.819102,379,15,265.781250,8282.250
1785209601.207744360,42.819102,379,15,267.421875,8140.250
1785209601.207744360,42.819102,379,15,269.062500,8038.250
1785209601.207744360,42.819102,379,15,270.703125,7951.500
1785209601.207744360,42.819102,379,15,274.125000,4250.500
1785209601.322445869,42.973093,380,8,5.828125,4782.250
1785209601.322445869,42.973093,380,11,10.656250,5040.250
1785209601.322445869,42.973093,380,12,12.312500,5077.250
1785209601.322445869,42.973093,380,15,171.265625,1833.000
1785209601.322445869,42.973093,380,15,172.921875,1803.000
1785209601.322445869,42.973093,380,15,174.562500,1783.000
1785209601.322445869,42.973093,380,15,177.796875,1800.250
1785209601.322445869,42.973093,380,15,209.750000,9753.500
1785209601.322445869,42.973093,380,8,211.375000,9817.500
1785209601.322445869,42.973093,380,15,213.015625,9839.250
1785209601.322445869,42.973093,380,15,229.968750,1890.500
1785209601.322445869,42.973093,380,15,233.390625,1613.500
1785209601.322445869,42.973093,380,15,235.015625,1592.250
1785209601.322445869,42.973093,380,15,236.640625,1580.500
1785209601.322445869,42.973093,380,12,238.250000,1585.500
1785209601.322445869,42.973093,380,15,252.250000,10035.500
1785209601.322445869,42.973093,380,13,253.890625,9821.750
1785209601.322445869,42.973093,380,15,257.171875,9205.000
1785209601.322445869,42.973093,380,15,258.812500,8967.000
1785209601.322445869,42.973093,380,15,260.437500,8796.750
1785209601.322445869,42.973093,380,15,262.078125,8676.250
1785209601.322445869,42.973093,380,15,263.718750,8527.250
1785209601.322445869,42.973093,380,15,265.359375,8331.750
1785209601.322445869,42.973093,380,15,267.000000,8173.500
1785209601.322445869,42.973093,380,15,268.640625,8078.500
1785209601.322445869,42.973093,380,15,270.281250,7973.000
1785209601.322445869,42.973093,380,15,271.921875,7838.000
1785209601.322445869,42.973093,380,15,273.546875,7746.750
1785209601.434295654,43.051168,381,8,5.328125,4791.500
1785209601.434295654,43.051168,381,15,10.218750,5029.250
1785209601.434295654,43.051168,381,13,11.796875,5054.000
1785209601.434295654,43.051168,381,15,172.390625,1811.250
1785209601.434295654,43.051168,381,15,174.046875,1797.750
1785209601.434295654,43.051168,381,15,175.687500,1783.250
1785209601.434295654,43.051168,381,15,177.312500,1791.750
1785209601.434295654,43.051168,381,15,178.875000,1842.500
1785209601.434295654,43.051168,381,15,210.906250,9814.750
1785209601.434295654,43.051168,381,15,212.546875,9819.000
1785209601.434295654,43.051168,381,15,236.203125,1590.000
1785209601.434295654,43.051168,381,15,237.812500,1573.000
1785209601.434295654,43.051168,381,14,253.359375,9864.250
1785209601.434295654,43.051168,381,14,255.000000,9590.250
1785209601.434295654,43.051168,381,12,256.640625,9310.750
1785209601.434295654,43.051168,381,15,258.265625,9069.000
1785209601.434295654,43.051168,381,15,259.921875,8859.750
1785209601.434295654,43.051168,381,15,261.546875,8687.250
1785209601.434295654,43.051168,381,15,263.187500,8564.250
1785209601.434295654,43.051168,381,15,264.812500,8422.000
1785209601.434295654,43.051168,381,10,273.000000,7879.750
1785209601.545757532,43.206560,382,13,1.546875,4734.000
1785209601.545757532,43.206560,382,8,4.812500,4782.000
1785209601.545757532,43.206560,382,9,6.437500,4844.500
1785209601.545757532,43.206560,382,7,8.078125,4941.500
1785209601.545757532,43.206560,382,15,9.718750,4999.250
1785209601.545757532,43.206560,382,14,11.265625,5036.000
1785209601.545757532,43.206560,382,15,171.890625,1820.250
1785209601.545757532,43.206560,382,15,173.531250,1796.500
1785209601.545757532,43.206560,382,15,175.140625,1791.000
1785209601.545757532,43.206560,382,15,178.406250,1818.000
1785209601.545757532,43.206560,382,15,210.375000,9789.250
1785209601.545757532,43.206560,382,15,212.000000,9769.000
1785209601.545757532,43.206560,382,8,234.000000,1598.750
1785209601.545757532,43.206560,382,15,235.609375,1584.750
1785209601.545757532,43.206560,382,15,237.234375,1583.250
1785209601.545757532,43.206560,382,13,238.875000,1593.000
1785209601.545757532,43.206560,382,12,251.156250,10214.500
1785209601.545757532,43.206560,382,15,252.796875,9973.500
1785209601.545757532,43.206560,382,15,254.437500,9726.250
1785209601.545757532,43.206560,382,15,257.718750,9128.500
1785209601.545757532,43.206560,382,15,259.343750,8894.750
1785209601.545757532,43.206560,382,15,260.984375,8741.000
1785209601.545757532,43.206560,382,15,262.609375,8605.750
1785209601.545757532,43.206560,382,15,264.250000,8423.250
1785209601.545757532,43.206560,382,15,265.890625,8262.000
1785209601.545757532,43.206560,382,15,267.515625,8140.750
1785209601.545757532,43.206560,382,15,269.156250,8034.500
1785209601.545757532,43.206560,382,15,270.796875,7952.500
1785209601.545757532,43.206560,382,13,274.203125,4244.250
1785209601.660947800,43.284994,383,7,4.234375,4758.000
1785209601.660947800,43.284994,383,11,10.750000,5041.500
1785209601.660947800,43.284994,383,13,12.359375,5077.750
1785209601.660947800,43.284994,383,15,171.312500,1832.500
1785209601.660947800,43.284994,383,15,172.984375,1802.250
1785209601.660947800,43.284994,383,15,174.609375,1785.000
1785209601.660947800,43.284994,383,15,177.875000,1805.000
1785209601.660947800,43.284994,383,15,209.875000,9724.750
1785209601.660947800,43.284994,383,15,211.500000,9727.500
1785209601.660947800,43.284994,383,15,213.140625,9766.250
1785209601.660947800,43.284994,383,15,233.421875,1613.000
1785209601.660947800,43.284994,383,15,235.062500,1591.750
1785209601.660947800,43.284994,383,15,236.703125,1580.000
1785209601.660947800,43.284994,383,15,238.296875,1580.500
1785209601.660947800,43.284994,383,13,253.890625,9824.500
1785209601.660947800,43.284994,383,15,258.781250,8970.500
1785209601.660947800,43.284994,383,15,260.406250,8796.500
1785209601.660947800,43.284994,383,15,262.046875,8671.000
1785209601.660947800,43.284994,383,15,263.687500,8525.500
1785209601.660947800,43.284994,383,15,265.312500,8334.250
1785209601.660947800,43.284994,383,15,266.953125,8175.000
1785209601.660947800,43.284994,383,15,268.593750,8077.250
1785209601.660947800,43.284994,383,15,270.218750,7969.250
1785209601.660947800,43.284994,383,15,271.859375,7847.500
1785209601.660947800,43.284994,383,15,273.484375,7754.500
1785209601.660947800,43.284994,383,15,281.625000,7767.250
1785209601.772218943,43.363251,384,8,1.890625,4746.250
1785209601.772218943,43.363251,384,9,3.531250,4775.750
1785209601.772218943,43.363251,384,9,5.140625,4807.750
1785209601.772218943,43.363251,384,15,10.062500,5005.500
1785209601.772218943,43.363251,384,11,11.687500,5031.750
1785209601.772218943,43.363251,384,15,172.062500,1818.750
1785209601.772218943,43.363251,384,15,173.687500,1798.000
1785209601.772218943,43.363251,384,15,175.312500,1797.750
1785209601.772218943,43.363251,384,15,210.671875,9818.000
1785209601.772218943,43.363251,384,15,212.296875,9770.500
1785209601.772218943,43.363251,384,15,235.937500,1594.500
1785209601.772218943,43.363251,384,15,239.140625,1590.500
1785209601.772218943,43.363251,384,15,240.750000,1611.500
1785209601.772218943,43.363251,384,15,242.406250,1641.750
1785209601.772218943,43.363251,384,11,253.062500,9921.250
1785209601.772218943,43.363251,384,15,254.703125,9700.500
1785209601.772218943,43.363251,384,15,257.968750,9083.500
1785209601.772218943,43.363251,384,15,259.593750,8874.000
1785209601.772218943,43.363251,384,15,261.218750,8725.000
1785209601.772218943,43.363251,384,15,262.859375,8598.500
1785209601.772218943,43.363251,384,15,264.515625,8422.750
1785209601.772218943,43.363251,384,15,266.125000,8247.000
1785209601.772218943,43.363251,384,15,267.750000,8202.250
1785209601.772218943,43.363251,384,14,271.015625,7928.750
1785209601.772218943,43.363251,384,9,280.984375,4153.750
1785209601.886240959,43.519462,385,7,1.093750,4725.000
1785209601.886240959,43.519462,385,9,2.718750,4757.750
1785209601.886240959,43.519462,385,8,5.984375,4814.500
1785209601.886240959,43.519462,385,15,9.265625,4921.750
1785209601.886240959,43.519462,385,12,10.875000,5031.000
1785209601.886240959,43.519462,385,12,12.531250,5078.500
1785209601.886240959,43.519462,385,15,171.078125,1833.750
1785209601.886240959,43.519462,385,15,172.750000,1805.750
1785209601.886240959,43.519462,385,15,174.359375,1784.500
1785209601.886240959,43.519462,385,15,177.640625,1802.750
1785209601.886240959,43.519462,385,15,209.734375,9743.500
1785209601.886240959,43.519462,385,15,211.359375,9807.000
1785209601.886240959,43.519462,385,15,213.000000,9789.250
1785209601.886240959,43.519462,385,15,229.921875,1891.000
1785209601.886240959,43.519462,385,15,233.296875,1613.250
1785209601.886240959,43.519462,385,15,234.953125,1593.750
1785209601.886240959,43.519462,385,15,236.562500,1582.750
1785209601.886240959,43.519462,385,8,238.171875,1581.000
1785209601.886240959,43.519462,385,15,253.781250,9819.250
1785209601.886240959,43.519462,385,15,258.703125,8974.750
1785209601.886240959,43.519462,385,15,260.328125,8809.750
1785209601.886240959,43.519462,385,15,261.953125,8676.000
1785209601.886240959,43.519462,385,15,263.593750,8520.500
1785209601.886240959,43.519462,385,15,265.234375,8336.250
1785209601.886240959,43.519462,385,15,266.859375,8181.500
1785209601.886240959,43.519462,385,15,268.515625,8078.250
1785209601.886240959,43.519462,385,12,270.125000,7967.750
1785209601.886240959,43.519462,385,15,271.781250,7851.000
1785209601.886240959,43.519462,385,15,273.406250,7760.250
1785209601.997880936,43.594883,386,11,1.812500,4733.000
1785209601.997880936,43.594883,386,10,5.078125,4779.250
1785209601.997880936,43.594883,386,9,6.718750,4849.500
1785209601.997880936,43.594883,386,8,8.343750,4928.000
1785209601.997880936,43.594883,386,14,9.984375,4978.500
1785209601.997880936,43.594883,386,15,11.531250,5031.250
1785209601.997880936,43.594883,386,15,171.781250,1821.250
1785209601.997880936,43.594883,386,15,173.390625,1796.500
1785209601.997880936,43.594883,386,15,175.046875,1787.500
1785209601.997880936,43.594883,386,15,178.296875,1811.500
1785209601.997880936,43.594883,386,15,210.265625,9704.000
1785209601.997880936,43.594883,386,15,211.906250,9730.500
1785209601.997880936,43.594883,386,15,235.468750,1600.750
1785209601.997880936,43.594883,386,15,237.125000,1583.250
1785209601.997880936,43.594883,386,14,252.750000,9981.750
1785209601.997880936,43.594883,386,15,254.359375,9734.000
1785209601.997880936,43.594883,386,15,256.015625,9453.500
1785209601.997880936,43.594883,386,15,257.640625,9172.500
1785209601.997880936,43.594883,386,15,259.281250,8917.000
1785209601.997880936,43.594883,386,15,260.921875,8745.500
1785209601.997880936,43.594883,386,15,262.562500,8611.250
1785209601.997880936,43.594883,386,15,264.203125,8431.250
1785209601.997880936,43.594883,386,15,265.828125,8265.000
1785209601.997880936,43.594883,386,15,267.453125,8138.750
1785209601.997880936,43.594883,386,15,269.109375,8033.750
1785209601.997880936,43.594883,386,15,270.734375,7952.500
1785209601.997880936,43.594883,386,10,274.171875,4241.000
1785209602.111439466,43.751394,387,8,2.453125,4748.750
1785209602.111439466,43.751394,387,9,4.093750,4777.000
1785209602.111439466,43.751394,387,7,5.718750,4813.000
1785209602.111439466,43.751394,387,8,7.343750,4862.000
1785209602.111439466,43.751394,387,11,9.000000,4938.500
1785209602.111439466,43.751394,387,15,10.546875,5026.000
1785209602.111439466,43.751394,387,12,12.187500,5074.750
1785209602.111439466,43.751394,387,15,172.562500,1809.250
1785209602.111439466,43.751394,387,15,174.187500,1801.500
1785209602.111439466,43.751394,387,15,177.484375,1815.000
1785209602.111439466,43.751394,387,15,179.078125,1850.750
1785209602.111439466,43.751394,387,15,209.453125,9841.750
1785209602.111439466,43.751394,387,9,211.078125,9809.000
1785209602.111439466,43.751394,387,15,212.703125,9847.250
1785209602.111439466,43.751394,387,15,229.687500,1897.500
1785209602.111439466,43.751394,387,14,234.718750,1595.250
1785209602.111439466,43.751394,387,15,236.375000,1583.750
1785209602.111439466,43.751394,387,15,238.015625,1581.750
1785209602.111439466,43.751394,387,15,239.593750,1590.000
1785209602.111439466,43.751394,387,15,241.234375,1607.500
1785209602.111439466,43.751394,387,15,242.875000,1641.750
1785209602.111439466,43.751394,387,13,251.968750,10087.750
1785209602.111439466,43.751394,387,13,253.609375,9880.000
1785209602.111439466,43.751394,387,15,258.531250,9007.250
1785209602.111439466,43.751394,387,15,260.156250,8832.250
1785209602.111439466,43.751394,387,15,261.812500,8671.250
1785209602.111439466,43.751394,387,15,263.437500,8520.000
1785209602.111439466,43.751394,387,15,265.093750,8353.750
1785209602.111439466,43.751394,387,15,268.359375,8161.250
1785209602.111439466,43.751394,387,15,270.000000,7983.750
1785209602.111439466,43.751394,387,15,271.640625,7866.250
1785209602.223862886,43.828225,388,10,1.921875,4743.500
1785209602.223862886,43.828225,388,9,3.531250,4768.750
1785209602.223862886,43.828225,388,9,5.187500,4797.750
1785209602.223862886,43.828225,388,8,6.828125,4846.000
1785209602.223862886,43.828225,388,9,8.468750,4927.750
1785209602.223862886,43.828225,388,15,10.125000,4964.500
1785209602.223862886,43.828225,388,13,11.640625,5013.000
1785209602.223862886,43.828225,388,15,172.203125,1815.000
1785209602.223862886,43.828225,388,15,173.875000,1797.000
1785209602.223862886,43.828225,388,15,175.484375,1798.250
1785209602.223862886,43.828225,388,15,212.359375,9863.250
1785209602.223862886,43.828225,388,15,236.015625,1593.500
1785209602.223862886,43.828225,388,12,237.656250,1574.250
1785209602.223862886,43.828225,388,13,253.203125,9889.500
1785209602.223862886,43.828225,388,14,256.484375,9385.250
1785209602.223862886,43.828225,388,15,258.125000,9150.000
1785209602.223862886,43.828225,388,15,259.765625,8890.250
1785209602.223862886,43.828225,388,15,261.390625,8714.500
1785209602.223862886,43.828225,388,15,263.031250,8573.250
1785209602.223862886,43.828225,388,15,264.671875,8405.500
1785209602.223862886,43.828225,388,11,266.312500,8359.500
1785209602.223862886,43.828225,388,15,269.578125,8024.500
1785209602.223862886,43.828225,388,15,271.218750,7903.500
1785209602.223862886,43.828225,388,15,272.859375,7779.750
1785209602.337687016,43.970484,389,11,1.484375,4733.750
1785209602.337687016,43.970484,389,8,3.109375,4765.000
1785209602.337687016,43.970484,389,9,4.750000,4795.000
1785209602.337687016,43.970484,389,7,8.031250,4887.500
1785209602.337687016,43.970484,389,12,9.656250,4975.000
1785209602.337687016,43.970484,389,14,11.218750,5031.500
1785209602.337687016,43.970484,389,15,171.718750,1821.750
1785209602.337687016,43.970484,389,15,173.343750,1796.750
1785209602.337687016,43.970484,389,15,175.015625,1787.750
1785209602.337687016,43.970484,389,15,178.234375,1812.000
1785209602.337687016,43.970484,389,15,210.312500,9724.750
1785209602.337687016,43.970484,389,15,211.953125,9731.500
1785209602.337687016,43.970484,389,11,233.937500,1598.750
1785209602.337687016,43.970484,389,15,235.546875,1584.500
1785209602.337687016,43.970484,389,15,237.234375,1583.750
1785209602.337687016,43.970484,389,15,252.765625,9982.250
1785209602.337687016,43.970484,389,15,254.406250,9734.250
1785209602.337687016,43.970484,389,15,257.687500,9135.250
1785209602.337687016,43.970484,389,15,259.328125,8898.250
1785209602.337687016,43.970484,389,15,260.968750,8745.500
1785209602.337687016,43.970484,389,15,262.593750,8608.000
1785209602.337687016,43.970484,389,15,264.234375,8424.500
1785209602.337687016,43.970484,389,15,265.875000,8260.250
1785209602.337687016,43.970484,389,15,267.515625,8136.750
1785209602.337687016,43.970484,389,15,269.140625,8035.000
1785209602.337687016,43.970484,389,15,270.781250,7950.000
1785209602.337687016,43.970484,389,9,274.187500,4237.500
1785209602.449774265,44.049125,390,7,0.953125,4733.750
1785209602.449774265,44.049125,390,8,4.218750,4772.000
1785209602.449774265,44.049125,390,7,5.859375,4813.750
1785209602.449774265,44.049125,390,10,10.718750,5042.500
1785209602.449774265,44.049125,390,12,12.359375,5078.000
1785209602.449774265,44.049125,390,15,171.171875,1832.250
1785209602.449774265,44.049125,390,15,172.859375,1802.500
1785209602.449774265,44.049125,390,15,174.500000,1783.250
1785209602.449774265,44.049125,390,15,177.703125,1800.500
1785209602.449774265,44.049125,390,15,209.781250,9722.000
1785209602.449774265,44.049125,390,15,211.421875,9767.000
1785209602.449774265,44.049125,390,15,213.046875,9799.250
1785209602.449774265,44.049125,390,15,229.984375,1895.750
1785209602.449774265,44.049125,390,15,233.406250,1613.500
1785209602.449774265,44.049125,390,15,235.015625,1592.000
1785209602.449774265,44.049125,390,15,236.687500,1580.250
1785209602.449774265,44.049125,390,14,238.296875,1587.500
1785209602.449774265,44.049125,390,11,253.843750,9822.000
1785209602.449774265,44.049125,390,15,258.734375,8974.500
1785209602.449774265,44.049125,390,15,260.390625,8798.750
1785209602.449774265,44.049125,390,15,262.000000,8666.500
1785209602.449774265,44.049125,390,15,263.656250,8525.250
1785209602.449774265,44.049125,390,15,265.296875,8336.750
1785209602.449774265,44.049125,390,15,266.921875,8178.250
1785209602.449774265,44.049125,390,15,268.546875,8077.500
1785209602.449774265,44.049125,390,15,270.187500,7971.000
1785209602.449774265,44.049125,390,15,271.812500,7852.250
1785209602.449774265,44.049125,390,15,273.468750,7762.750
1785209602.561441422,44.191469,391,8,5.250000,4788.000
1785209602.561441422,44.191469,391,14,10.140625,5033.250
1785209602.561441422,44.191469,391,13,11.796875,5059.500
1785209602.561441422,44.191469,391,15,172.359375,1810.750
1785209602.561441422,44.191469,391,15,173.953125,1797.750
1785209602.561441422,44.191469,391,15,175.609375,1796.000
1785209602.561441422,44.191469,391,15,177.234375,1804.250
1785209602.561441422,44.191469,391,15,178.890625,1840.000
1785209602.561441422,44.191469,391,15,210.921875,9817.000
1785209602.561441422,44.191469,391,15,212.562500,9822.250
1785209602.561441422,44.191469,391,15,236.156250,1590.250
1785209602.561441422,44.191469,391,15,237.765625,1573.000
1785209602.561441422,44.191469,391,15,251.703125,10148.250
1785209602.561441422,44.191469,391,12,253.328125,9872.500
1785209602.561441422,44.191469,391,15,258.250000,9055.250
1785209602.561441422,44.191469,391,15,259.875000,8849.250
1785209602.561441422,44.191469,391,15,261.531250,8687.500
1785209602.561441422,44.191469,391,15,263.156250,8569.000
1785209602.561441422,44.191469,391,15,264.781250,8421.500
1785209602.675531626,44.331761,392,12,1.500000,4731.750
1785209602.675531626,44.331761,392,8,3.140625,4763.250
1785209602.675531626,44.331761,392,8,4.765625,4793.500
1785209602.675531626,44.331761,392,8,6.406250,4839.250
1785209602.675531626,44.331761,392,7,8.046875,4920.000
1785209602.675531626,44.331761,392,12,9.671875,4976.000
1785209602.675531626,44.331761,392,11,11.265625,5028.250
1785209602.675531626,44.331761,392,15,171.796875,1822.000
1785209602.675531626,44.331761,392,15,173.406250,1797.250
1785209602.675531626,44.331761,392,15,175.062500,1788.000
1785209602.675531626,44.331761,392,15,210.343750,9752.500
1785209602.675531626,44.331761,392,15,211.984375,9740.250
1785209602.675531626,44.331761,392,15,235.515625,1599.250
1785209602.675531626,44.331761,392,15,237.203125,1583.250
1785209602.675531626,44.331761,392,14,251.109375,10228.250
1785209602.675531626,44.331761,392,15,252.750000,9981.000
1785209602.675531626,44.331761,392,15,254.390625,9727.250
1785209602.675531626,44.331761,392,15,256.015625,9447.500
1785209602.675531626,44.331761,392,15,257.656250,9169.000
1785209602.675531626,44.331761,392,15,259.296875,8914.250
1785209602.675531626,44.331761,392,15,260.921875,8746.500
1785209602.675531626,44.331761,392,15,262.562500,8612.500
1785209602.675531626,44.331761,392,15,264.187500,8431.250
1785209602.675531626,44.331761,392,15,265.812500,8265.250
1785209602.675531626,44.331761,392,15,267.468750,8139.000
1785209602.675531626,44.331761,392,15,269.109375,8037.000
1785209602.675531626,44.331761,392,15,270.734375,7954.750
1785209602.675531626,44.331761,392,12,274.140625,4237.000
1785209602.787694693,44.410552,393,8,2.500000,4747.750
1785209602.787694693,44.410552,393,8,4.125000,4778.250
1785209602.787694693,44.410552,393,8,5.765625,4814.500
1785209602.787694693,44.410552,393,12,10.625000,5038.000
1785209602.787694693,44.410552,393,12,12.250000,5076.750
1785209602.787694693,44.410552,393,15,171.125000,1834.000
1785209602.787694693,44.410552,393,15,172.781250,1805.250
1785209602.787694693,44.410552,393,15,174.406250,1784.000
1785209602.787694693,44.410552,393,15,177.640625,1800.000
1785209602.787694693,44.410552,393,15,209.671875,9700.000
1785209602.787694693,44.410552,393,15,212.921875,9809.250
1785209602.787694693,44.410552,393,15,229.859375,1896.250
1785209602.787694693,44.410552,393,15,233.203125,1620.250
1785209602.787694693,44.410552,393,15,234.890625,1594.250
1785209602.787694693,44.410552,393,15,236.531250,1583.000
1785209602.787694693,44.410552,393,9,238.109375,1580.500
1785209602.787694693,44.410552,393,15,239.781250,1595.750
1785209602.787694693,44.410552,393,15,241.359375,1618.250
1785209602.787694693,44.410552,393,15,252.093750,10065.250
1785209602.787694693,44.410552,393,14,253.718750,9822.500
1785209602.787694693,44.410552,393,15,258.625000,8977.000
1785209602.787694693,44.410552,393,15,260.281250,8813.500
1785209602.787694693,44.410552,393,15,261.906250,8676.500
1785209602.787694693,44.410552,393,15,263.546875,8514.500
1785209602.787694693,44.410552,393,15,265.187500,8345.750
1785209602.787694693,44.410552,393,15,268.453125,8156.000
1785209602.787694693,44.410552,393,8,270.078125,7981.000
1785209602.787694693,44.410552,393,15,271.718750,7866.750
1785209602.787694693,44.410552,393,15,273.359375,7763.500
1785209602.902198792,44.490248,394,8,1.890625,4749.250
1785209602.902198792,44.490248,394,8,3.531250,4774.500
1785209602.902198792,44.490248,394,9,5.171875,4802.750
1785209602.902198792,44.490248,394,15,10.078125,5003.500
1785209602.902198792,44.490248,394,13,11.640625,5049.250
1785209602.902198792,44.490248,394,15,172.171875,1815.000
1785209602.902198792,44.490248,394,15,173.828125,1796.750
1785209602.902198792,44.490248,394,15,175.453125,1798.500
1785209602.902198792,44.490248,394,15,212.359375,9864.000
1785209602.902198792,44.490248,394,15,236.015625,1593.500
1785209602.902198792,44.490248,394,11,239.250000,1590.750
1785209602.902198792,44.490248,394,15,240.828125,1612.500
1785209602.902198792,44.490248,394,15,242.468750,1642.250
1785209602.902198792,44.490248,394,15,244.062500,1675.750
1785209602.902198792,44.490248,394,14,251.546875,10141.750
1785209602.902198792,44.490248,394,15,253.171875,9896.000
1785209602.902198792,44.490248,394,13,256.453125,9380.000
1785209602.902198792,44.490248,394,15,258.093750,9146.750
1785209602.902198792,44.490248,394,15,259.718750,8896.250
1785209602.902198792,44.490248,394,15,261.359375,8717.250
1785209602.902198792,44.490248,394,15,262.984375,8576.000
1785209602.902198792,44.490248,394,15,264.625000,8406.750
1785209602.902198792,44.490248,394,15,266.265625,8282.000
1785209602.902198792,44.490248,394,10,267.890625,8181.250
1785209602.902198792,44.490248,394,15,269.531250,8049.000
1785209602.902198792,44.490248,394,11,271.171875,7877.500
1785209602.902198792,44.490248,394,15,272.796875,7757.750
1785209603.013563395,44.645477,395,9,2.875000,4764.250
1785209603.013563395,44.645477,395,9,4.515625,4788.500
1785209603.013563395,44.645477,395,13,11.000000,5022.000
1785209603.013563395,44.645477,395,10,12.625000,5079.000
1785209603.013563395,44.645477,395,15,171.500000,1829.250
1785209603.013563395,44.645477,395,15,173.109375,1801.250
1785209603.013563395,44.645477,395,15,174.750000,1785.750
1785209603.013563395,44.645477,395,15,178.031250,1807.750
1785209603.013563395,44.645477,395,15,210.062500,9687.750
1785209603.013563395,44.645477,395,15,211.687500,9757.000
1785209603.013563395,44.645477,395,15,235.375000,1604.500
1785209603.013563395,44.645477,395,15,237.000000,1588.250
1785209603.013563395,44.645477,395,15,238.593750,1595.500
1785209603.013563395,44.645477,395,15,240.218750,1609.250
1785209603.013563395,44.645477,395,15,241.890625,1626.750
1785209603.013563395,44.645477,395,15,252.562500,9966.000
1785209603.013563395,44.645477,395,14,254.203125,9742.250
1785209603.013563395,44.645477,395,15,257.484375,9179.750
1785209603.013563395,44.645477,395,15,259.125000,8928.250
1785209603.013563395,44.645477,395,15,260.765625,8755.500
1785209603.013563395,44.645477,395,15,262.406250,8632.000
1785209603.013563395,44.645477,395,15,264.031250,8463.000
1785209603.013563395,44.645477,395,15,265.671875,8284.500
1785209603.013563395,44.645477,395,15,267.296875,8150.500
1785209603.013563395,44.645477,395,15,268.937500,8052.500
1785209603.013563395,44.645477,395,15,270.578125,7960.500
1785209603.124305964,44.723871,396,8,3.937500,4783.750
1785209603.124305964,44.723871,396,8,5.578125,4818.500
1785209603.124305964,44.723871,396,10,10.375000,5038.500
1785209603.124305964,44.723871,396,11,12.031250,5067.250
1785209603.124305964,44.723871,396,15,172.531250,1809.000
1785209603.124305964,44.723871,396,15,174.171875,1801.500
1785209603.124305964,44.723871,396,15,177.421875,1812.000
1785209603.124305964,44.723871,396,15,179.015625,1843.500
1785209603.124305964,44.723871,396,15,209.468750,9766.000
1785209603.124305964,44.723871,396,12,211.109375,9805.750
1785209603.124305964,44.723871,396,15,212.750000,9836.000
1785209603.124305964,44.723871,396,15,229.703125,1897.500
1785209603.124305964,44.723871,396,15,234.750000,1595.000
1785209603.124305964,44.723871,396,15,236.421875,1583.500
1785209603.124305964,44.723871,396,15,238.000000,1582.000
1785209603.124305964,44.723871,396,15,239.671875,1590.750
1785209603.124305964,44.723871,396,15,241.265625,1611.500
1785209603.124305964,44.723871,396,15,242.937500,1648.500
1785209603.124305964,44.723871,396,13,252.000000,10084.500
1785209603.124305964,44.723871,396,15,253.640625,9883.250
1785209603.124305964,44.723871,396,15,258.562500,9034.500
1785209603.124305964,44.723871,396,15,260.203125,8863.250
1785209603.124305964,44.723871,396,15,261.828125,8677.750
1785209603.124305964,44.723871,396,15,263.468750,8519.250
1785209603.124305964,44.723871,396,15,265.109375,8351.500
1785209603.124305964,44.723871,396,15,268.390625,8157.250
1785209603.124305964,44.723871,396,15,270.031250,7982.500
1785209603.124305964,44.723871,396,15,271.671875,7867.500
1785209603.238720417,44.865007,397,8,1.843750,4749.250
1785209603.238720417,44.865007,397,8,3.500000,4773.750
1785209603.238720417,44.865007,397,9,5.109375,4804.500
1785209603.238720417,44.865007,397,15,10.015625,4985.250
1785209603.238720417,44.865007,397,12,11.640625,5027.750
1785209603.238720417,44.865007,397,15,172.218750,1815.000
1785209603.238720417,44.865007,397,15,173.875000,1796.750
1785209603.238720417,44.865007,397,15,175.453125,1799.000
1785209603.238720417,44.865007,397,15,212.406250,9807.250
1785209603.238720417,44.865007,397,15,236.031250,1593.000
1785209603.238720417,44.865007,397,11,237.640625,1574.250
1785209603.238720417,44.865007,397,12,253.234375,9896.250
1785209603.238720417,44.865007,397,15,258.156250,9096.500
1785209603.238720417,44.865007,397,15,259.781250,8897.500
1785209603.238720417,44.865007,397,15,261.421875,8714.750
1785209603.238720417,44.865007,397,15,263.062500,8574.500
1785209603.238720417,44.865007,397,15,264.703125,8414.250
1785209603.238720417,44.865007,397,15,269.609375,8025.250
1785209603.238720417,44.865007,397,15,271.234375,7900.750
1785209603.238720417,44.865007,397,15,272.875000,7781.000
1785209603.350585938,44.941087,398,13,1.484375,4732.500
1785209603.350585938,44.941087,398,8,3.109375,4763.750
1785209603.350585938,44.941087,398,9,4.734375,4793.500
1785209603.350585938,44.941087,398,8,6.375000,4840.500
1785209603.350585938,44.941087,398,7,7.984375,4926.250
1785209603.350585938,44.941087,398,14,9.656250,4980.750
1785209603.350585938,44.941087,398,13,11.265625,5029.000
1785209603.350585938,44.941087,398,15,171.687500,1822.500
1785209603.350585938,44.941087,398,15,173.328125,1797.000
1785209603.350585938,44.941087,398,15,174.937500,1788.500
1785209603.350585938,44.941087,398,15,210.296875,9718.000
1785209603.350585938,44.941087,398,15,211.937500,9727.000
1785209603.350585938,44.941087,398,15,235.531250,1600.500
1785209603.350585938,44.941087,398,15,237.140625,1581.250
1785209603.350585938,44.941087,398,15,243.625000,1664.500
1785209603.350585938,44.941087,398,10,251.062500,10236.750
1785209603.350585938,44.941087,398,15,252.703125,9984.000
1785209603.350585938,44.941087,398,11,255.984375,9350.750
1785209603.350585938,44.941087,398,15,257.609375,9127.000
1785209603.350585938,44.941087,398,15,259.234375,8924.750
1785209603.350585938,44.941087,398,15,260.875000,8755.750
1785209603.350585938,44.941087,398,15,262.515625,8630.000
1785209603.350585938,44.941087,398,15,264.140625,8453.250
1785209603.350585938,44.941087,398,15,265.781250,8277.750
1785209603.350585938,44.941087,398,15,267.406250,8140.250
1785209603.350585938,44.941087,398,15,269.046875,8034.000
1785209603.350585938,44.941087,398,15,270.687500,7955.750
1785209603.350585938,44.941087,398,13,274.109375,4238.250
1785209603.465272903,45.095936,399,8,4.234375,4764.250
1785209603.465272903,45.095936,399,11,10.734375,5042.000
1785209603.465272903,45.095936,399,12,12.359375,5076.750
1785209603.465272903,45.095936,399,15,171.125000,1833.750
1785209603.465272903,45.095936,399,15,172.734375,1805.250
1785209603.465272903,45.095936,399,15,174.375000,1784.250
1785209603.465272903,45.095936,399,15,177.656250,1799.250
1785209603.465272903,45.095936,399,15,209.718750,9706.500
1785209603.465272903,45.095936,399,15,212.968750,9808.250
1785209603.465272903,45.095936,399,15,229.859375,1895.500
1785209603.465272903,45.095936,399,15,233.250000,1619.000
1785209603.465272903,45.095936,399,15,234.906250,1593.750
1785209603.465272903,45.095936,399,15,236.593750,1582.750
1785209603.465272903,45.095936,399,10,239.796875,1597.500
1785209603.465272903,45.095936,399,15,241.453125,1629.500
1785209603.465272903,45.095936,399,15,252.125000,10066.250
1785209603.465272903,45.095936,399,13,253.765625,9818.500
1785209603.465272903,45.095936,399,15,258.671875,9023.500
1785209603.465272903,45.095936,399,15,260.312500,8858.000
1785209603.465272903,45.095936,399,15,261.953125,8675.750
1785209603.465272903,45.095936,399,15,263.593750,8515.750
1785209603.465272903,45.095936,399,15,265.234375,8342.500
1785209603.465272903,45.095936,399,15,266.859375,8191.500
1785209603.465272903,45.095936,399,15,268.500000,8079.250
1785209603.465272903,45.095936,399,8,270.125000,7970.250
1785209603.465272903,45.095936,399,15,271.765625,7851.250
1785209603.465272903,45.095936,399,15,273.406250,7761.000
1785209603.465272903,45.095936,399,15,281.562500,6456.000
1785209603.575586319,45.173753,400,9,1.953125,4746.250
1785209603.575586319,45.173753,400,9,3.578125,4774.250
1785209603.575586319,45.173753,400,8,6.859375,4834.750
1785209603.575586319,45.173753,400,15,10.140625,4957.500
1785209603.575586319,45.173753,400,11,11.703125,5053.250
1785209603.575586319,45.173753,400,15,172.140625,1815.000
1785209603.575586319,45.173753,400,15,173.765625,1797.000
1785209603.575586319,45.173753,400,15,175.375000,1799.000
1785209603.575586319,45.173753,400,12,209.000000,9861.750
1785209603.575586319,45.173753,400,15,210.640625,9923.750
1785209603.575586319,45.173753,400,15,212.281250,9897.250
1785209603.575586319,45.173753,400,15,235.906250,1596.500
1785209603.575586319,45.173753,400,15,239.109375,1596.750
1785209603.575586319,45.173753,400,15,240.765625,1614.750
1785209603.575586319,45.173753,400,15,242.390625,1640.250
1785209603.575586319,45.173753,400,15,244.000000,1670.750
1785209603.575586319,45.173753,400,13,251.484375,10132.250
1785209603.575586319,45.173753,400,15,253.125000,9923.500
1785209603.575586319,45.173753,400,14,254.750000,9704.750
1785209603.575586319,45.173753,400,15,258.031250,9097.500
1785209603.575586319,45.173753,400,15,259.671875,8895.500
1785209603.575586319,45.173753,400,15,261.312500,8716.500
1785209603.575586319,45.173753,400,15,262.953125,8573.000
1785209603.575586319,45.173753,400,15,264.578125,8400.000
1785209603.575586319,45.173753,400,15,266.218750,8234.750
1785209603.575586319,45.173753,400,15,269.500000,8064.750
1785209603.575586319,45.173753,400,15,272.765625,7856.250
1785209603.691364288,45.327935,401,9,2.890625,4762.250
1785209603.691364288,45.327935,401,9,4.531250,4787.500
1785209603.691364288,45.327935,401,12,11.000000,5024.000
1785209603.691364288,45.327935,401,12,12.640625,5084.750
1785209603.691364288,45.327935,401,15,171.515625,1829.500
1785209603.691364288,45.327935,401,15,173.140625,1801.250
1785209603.691364288,45.327935,401,15,174.812500,1786.500
1785209603.691364288,45.327935,401,15,178.015625,1808.500
1785209603.691364288,45.327935,401,15,209.953125,9772.000
1785209603.691364288,45.327935,401,15,211.593750,9790.750
1785209603.691364288,45.327935,401,15,213.203125,9926.500
1785209603.691364288,45.327935,401,15,233.593750,1612.250
1785209603.691364288,45.327935,401,15,235.171875,1592.500
1785209603.691364288,45.327935,401,15,236.812500,1584.750
1785209603.691364288,45.327935,401,15,238.437500,1588.000
1785209603.691364288,45.327935,401,15,240.125000,1595.750
1785209603.691364288,45.327935,401,15,241.734375,1616.000
1785209603.691364288,45.327935,401,15,243.328125,1655.000
1785209603.691364288,45.327935,401,15,252.406250,10026.250
1785209603.691364288,45.327935,401,14,254.046875,9773.750
1785209603.691364288,45.327935,401,15,257.328125,9193.000
1785209603.691364288,45.327935,401,15,258.968750,8959.250
1785209603.691364288,45.327935,401,15,260.593750,8776.250
1785209603.691364288,45.327935,401,15,262.218750,8648.500
1785209603.691364288,45.327935,401,15,263.859375,8500.250
1785209603.691364288,45.327935,401,15,265.500000,8318.250
1785209603.691364288,45.327935,401,15,267.140625,8176.750
1785209603.691364288,45.327935,401,15,268.765625,8084.000
1785209603.691364288,45.327935,401,15,270.406250,7979.750
1785209603.691364288,45.327935,401,15,273.687500,7814.500
1785209603.691364288,45.327935,401,15,275.250000,7665.750
1785209603.801925659,45.407627,402,7,3.734375,4770.500
1785209603.801925659,45.407627,402,9,7.000000,4837.250
1785209603.801925659,45.407627,402,10,8.656250,4957.000
1785209603.801925659,45.407627,402,15,10.265625,5028.250
1785209603.801925659,45.407627,402,11,11.843750,5057.250
1785209603.801925659,45.407627,402,15,172.328125,1811.000
1785209603.801925659,45.407627,402,15,174.000000,1798.000
1785209603.801925659,45.407627,402,15,175.609375,1803.750
1785209603.801925659,45.407627,402,15,177.265625,1804.250
1785209603.801925659,45.407627,402,15,212.453125,9818.750
1785209603.801925659,45.407627,402,15,236.125000,1592.500
1785209603.801925659,45.407627,402,15,237.750000,1573.250
1785209603.801925659,45.407627,402,15,251.609375,10149.250
1785209603.801925659,45.407627,402,14,253.250000,9901.000
1785209603.801925659,45.407627,402,15,258.140625,9095.000
1785209603.801925659,45.407627,402,15,259.781250,8892.000
1785209603.801925659,45.407627,402,15,261.421875,8714.250
1785209603.801925659,45.407627,402,15,263.062500,8572.750
1785209603.801925659,45.407627,402,15,264.687500,8413.000
1785209603.801925659,45.407627,402,8,266.328125,8352.250
1785209603.801925659,45.407627,402,15,269.593750,8027.750
1785209603.801925659,45.407627,402,15,271.234375,7907.250
1785209603.801925659,45.407627,402,15,272.843750,7781.250
1785209603.917963028,45.562988,403,9,1.390625,4731.500
1785209603.917963028,45.562988,403,7,3.015625,4764.250
1785209603.917963028,45.562988,403,9,4.671875,4793.000
1785209603.917963028,45.562988,403,15,9.562500,4985.750
1785209603.917963028,45.562988,403,14,11.125000,5029.000
1785209603.917963028,45.562988,403,10,12.734375,5085.750
1785209603.917963028,45.562988,403,15,171.625000,1823.000
1785209603.917963028,45.562988,403,15,173.250000,1797.250
1785209603.917963028,45.562988,403,15,174.921875,1786.750
1785209603.917963028,45.562988,403,15,178.171875,1808.750
1785209603.917963028,45.562988,403,14,210.125000,9674.000
1785209603.917963028,45.562988,403,15,211.750000,9717.000
1785209603.917963028,45.562988,403,15,235.328125,1604.500
1785209603.917963028,45.562988,403,15,236.953125,1584.500
1785209603.917963028,45.562988,403,15,238.578125,1588.250
1785209603.917963028,45.562988,403,15,240.234375,1605.250
1785209603.917963028,45.562988,403,15,241.796875,1625.750
1785209603.917963028,45.562988,403,15,252.484375,9970.000
1785209603.917963028,45.562988,403,14,254.125000,9736.000
1785209603.917963028,45.562988,403,15,257.406250,9196.500
1785209603.917963028,45.562988,403,15,259.031250,8964.000
1785209603.917963028,45.562988,403,15,260.656250,8775.750
1785209603.917963028,45.562988,403,15,262.281250,8649.500
1785209603.917963028,45.562988,403,15,263.921875,8503.000
1785209603.917963028,45.562988,403,15,265.562500,8318.500
1785209603.917963028,45.562988,403,15,267.187500,8174.250
1785209603.917963028,45.562988,403,15,268.828125,8079.500
1785209603.917963028,45.562988,403,15,270.468750,7969.750
1785209604.028979778,45.640467,404,9,8.687500,4975.000
1785209604.028979778,45.640467,404,13,10.312500,5037.500
1785209604.028979778,45.640467,404,11,11.921875,5066.750
1785209604.028979778,45.640467,404,15,172.406250,1810.500
1785209604.028979778,45.640467,404,15,174.062500,1797.750
1785209604.028979778,45.640467,404,15,175.687500,1784.250
1785209604.028979778,45.640467,404,15,177.312500,1792.500
1785209604.028979778,45.640467,404,15,178.937500,1843.250
1785209604.028979778,45.640467,404,15,209.375000,9773.250
1785209604.028979778,45.640467,404,14,211.000000,9806.000
1785209604.028979778,45.640467,404,15,212.640625,9822.500
1785209604.028979778,45.640467,404,15,236.203125,1589.750
1785209604.028979778,45.640467,404,15,237.875000,1578.500
1785209604.028979778,45.640467,404,15,239.484375,1591.750
1785209604.028979778,45.640467,404,13,253.406250,9869.250
1785209604.028979778,45.640467,404,13,255.031250,9604.000
1785209604.028979778,45.640467,404,12,256.656250,9315.500
1785209604.028979778,45.640467,404,15,258.312500,9063.250
1785209604.028979778,45.640467,404,15,259.937500,8852.500
1785209604.028979778,45.640467,404,15,261.578125,8686.500
1785209604.028979778,45.640467,404,15,263.218750,8565.250
1785209604.028979778,45.640467,404,15,264.843750,8420.000
1785209604.028979778,45.640467,404,10,271.375000,7898.000
1785209604.138969421,45.798122,405,13,1.468750,4733.000
1785209604.138969421,45.798122,405,7,3.109375,4762.750
1785209604.138969421,45.798122,405,8,4.734375,4793.250
1785209604.138969421,45.798122,405,9,6.375000,4840.250
1785209604.138969421,45.798122,405,7,8.000000,4947.250
1785209604.138969421,45.798122,405,15,9.640625,5005.250
1785209604.138969421,45.798122,405,13,11.265625,5032.000
1785209604.138969421,45.798122,405,15,171.671875,1823.500
1785209604.138969421,45.798122,405,15,173.328125,1797.500
1785209604.138969421,45.798122,405,15,174.953125,1788.500
1785209604.138969421,45.798122,405,15,178.234375,1815.000
1785209604.138969421,45.798122,405,15,210.359375,9756.000
1785209604.138969421,45.798122,405,15,211.968750,9755.750
1785209604.138969421,45.798122,405,15,235.609375,1598.000
1785209604.138969421,45.798122,405,15,237.218750,1583.500
1785209604.138969421,45.798122,405,10,238.843750,1592.250
1785209604.138969421,45.798122,405,15,252.781250,9980.250
1785209604.138969421,45.798122,405,15,254.437500,9726.000
1785209604.138969421,45.798122,405,15,257.703125,9140.250
1785209604.138969421,45.798122,405,15,259.328125,8903.750
1785209604.138969421,45.798122,405,15,260.968750,8746.750
1785209604.138969421,45.798122,405,15,262.609375,8618.500
1785209604.138969421,45.798122,405,15,264.234375,8437.500
1785209604.138969421,45.798122,405,15,265.875000,8269.500
1785209604.138969421,45.798122,405,15,267.500000,8141.000
1785209604.138969421,45.798122,405,15,269.156250,8032.750
1785209604.138969421,45.798122,405,15,270.781250,7958.750
1785209604.138969421,45.798122,405,15,274.218750,4234.250
1785209604.254713535,45.861670,406,8,4.156250,4762.500
1785209604.254713535,45.861670,406,7,5.765625,4814.250
1785209604.254713535,45.861670,406,12,10.640625,5042.250
1785209604.254713535,45.861670,406,13,12.265625,5078.500
1785209604.254713535,45.861670,406,15,171.031250,1834.000
1785209604.254713535,45.861670,406,15,172.703125,1805.000
1785209604.254713535,45.861670,406,15,174.312500,1788.250
1785209604.254713535,45.861670,406,15,177.531250,1803.500
1785209604.254713535,45.861670,406,15,179.218750,1851.500
1785209604.254713535,45.861670,406,15,209.625000,9712.000
1785209604.254713535,45.861670,406,8,211.250000,9867.000
1785209604.254713535,45.861670,406,15,212.890625,9939.250
1785209604.254713535,45.861670,406,15,229.843750,1895.750
1785209604.254713535,45.861670,406,15,233.265625,1619.500
1785209604.254713535,45.861670,406,15,234.843750,1594.250
1785209604.254713535,45.861670,406,15,236.531250,1583.000
1785209604.254713535,45.861670,406,9,238.109375,1585.750
1785209604.254713535,45.861670,406,15,239.781250,1601.750
1785209604.254713535,45.861670,406,15,241.390625,1618.750
1785209604.254713535,45.861670,406,14,253.734375,9817.500
1785209604.254713535,45.861670,406,15,258.640625,9019.000
1785209604.254713535,45.861670,406,15,260.281250,8855.250
1785209604.254713535,45.861670,406,15,261.921875,8677.000
1785209604.254713535,45.861670,406,15,263.562500,8515.250
1785209604.254713535,45.861670,406,15,265.203125,8339.250
1785209604.254713535,45.861670,406,7,266.843750,8256.750
1785209604.254713535,45.861670,406,15,268.468750,8150.750
1785209604.254713535,45.861670,406,15,273.375000,7765.250
1785209604.365930319,46.016110,407,9,1.906250,4740.250
1785209604.365930319,46.016110,407,8,3.531250,4767.000
1785209604.365930319,46.016110,407,9,5.171875,4800.250
1785209604.365930319,46.016110,407,9,6.812500,4844.750
1785209604.365930319,46.016110,407,7,8.437500,4926.250
1785209604.365930319,46.016110,407,15,10.078125,4978.250
1785209604.365930319,46.016110,407,12,11.625000,5022.500
1785209604.365930319,46.016110,407,15,172.125000,1816.750
1785209604.365930319,46.016110,407,15,173.703125,1796.500
1785209604.365930319,46.016110,407,15,175.390625,1797.750
1785209604.365930319,46.016110,407,15,208.937500,9774.500
1785209604.365930319,46.016110,407,15,210.562500,9728.500
1785209604.365930319,46.016110,407,15,212.187500,9722.500
1785209604.365930319,46.016110,407,15,235.796875,1596.500
1785209604.365930319,46.016110,407,11,237.453125,1592.250
1785209604.365930319,46.016110,407,15,239.093750,1596.000
1785209604.365930319,46.016110,407,15,240.671875,1609.750
1785209604.365930319,46.016110,407,15,242.296875,1646.750
1785209604.365930319,46.016110,407,15,251.453125,10137.750
1785209604.365930319,46.016110,407,12,253.093750,9914.500
1785209604.365930319,46.016110,407,14,254.734375,9691.750
1785209604.365930319,46.016110,407,15,258.000000,9078.250
1785209604.365930319,46.016110,407,15,259.656250,8869.500
1785209604.365930319,46.016110,407,15,261.296875,8713.000
1785209604.365930319,46.016110,407,15,262.937500,8620.000
1785209604.365930319,46.016110,407,15,266.203125,8233.500
1785209604.365930319,46.016110,407,10,267.859375,8092.500
1785209604.365930319,46.016110,407,15,269.500000,8007.750
1785209604.365930319,46.016110,407,13,271.140625,7882.250
1785209604.365930319,46.016110,407,15,272.765625,7757.250
1785209604.480880499,46.093969,408,11,1.359375,4738.000
1785209604.480880499,46.093969,408,7,3.000000,4767.500
1785209604.480880499,46.093969,408,9,6.281250,4828.750
1785209604.480880499,46.093969,408,15,9.546875,4932.250
1785209604.480880499,46.093969,408,15,11.109375,5033.500
1785209604.480880499,46.093969,408,9,12.718750,5086.250
1785209604.480880499,46.093969,408,15,171.640625,1823.000
1785209604.480880499,46.093969,408,15,173.265625,1797.250
1785209604.480880499,46.093969,408,15,174.968750,1786.500
1785209604.480880499,46.093969,408,14,210.156250,9666.000
1785209604.480880499,46.093969,408,15,211.796875,9680.000
1785209604.480880499,46.093969,408,15,235.421875,1601.000
1785209604.480880499,46.093969,408,13,237.078125,1582.000
1785209604.480880499,46.093969,408,11,238.671875,1588.500
1785209604.480880499,46.093969,408,15,240.281250,1613.500
1785209604.480880499,46.093969,408,15,241.953125,1635.500
1785209604.480880499,46.093969,408,14,252.625000,9984.000
1785209604.480880499,46.093969,408,14,254.265625,9719.000
1785209604.480880499,46.093969,408,15,255.906250,9438.750
1785209604.480880499,46.093969,408,15,257.546875,9166.500
1785209604.480880499,46.093969,408,15,259.187500,8921.250
1785209604.480880499,46.093969,408,15,260.812500,8758.500
1785209604.480880499,46.093969,408,15,262.453125,8630.500
1785209604.480880499,46.093969,408,15,264.093750,8451.250
1785209604.480880499,46.093969,408,15,265.718750,8278.250
1785209604.480880499,46.093969,408,15,267.359375,8148.750
1785209604.480880499,46.093969,408,15,269.000000,8050.750
1785209604.480880499,46.093969,408,15,270.625000,7960.250
1785209604.480880499,46.093969,408,15,274.062500,4298.000
1785209604.590946674,46.247535,409,8,2.531250,4747.750
1785209604.590946674,46.247535,409,7,4.171875,4780.750
1785209604.590946674,46.247535,409,8,5.812500,4810.500
1785209604.590946674,46.247535,409,12,10.625000,5040.500
1785209604.590946674,46.247535,409,12,12.250000,5078.750
1785209604.590946674,46.247535,409,15,171.125000,1834.000
1785209604.590946674,46.247535,409,15,172.734375,1805.500
1785209604.590946674,46.247535,409,15,174.375000,1788.500
1785209604.590946674,46.247535,409,15,177.671875,1804.250
1785209604.590946674,46.247535,409,15,209.656250,9718.250
1785209604.590946674,46.247535,409,15,212.921875,9842.250
1785209604.590946674,46.247535,409,15,229.906250,1895.500
1785209604.590946674,46.247535,409,15,233.281250,1618.500
1785209604.590946674,46.247535,409,15,234.937500,1593.500
1785209604.590946674,46.247535,409,15,236.562500,1582.500
1785209604.590946674,46.247535,409,11,253.765625,9819.750
1785209604.590946674,46.247535,409,15,258.687500,9012.500
1785209604.590946674,46.247535,409,15,260.312500,8847.000
1785209604.590946674,46.247535,409,15,261.953125,8674.500
1785209604.590946674,46.247535,409,15,263.593750,8509.250
1785209604.590946674,46.247535,409,15,265.234375,8321.250
1785209604.590946674,46.247535,409,13,266.859375,8177.500
1785209604.590946674,46.247535,409,15,268.500000,8082.250
1785209604.590946674,46.247535,409,15,271.765625,7921.750
1785209604.590946674,46.247535,409,15,273.406250,7764.000
1785209604.706816435,46.328301,410,7,1.953125,4763.500
1785209604.706816435,46.328301,410,10,3.593750,4788.750
1785209604.706816435,46.328301,410,7,8.484375,4989.250
1785209604.706816435,46.328301,410,15,10.125000,5029.500
1785209604.706816435,46.328301,410,12,11.687500,5053.000
1785209604.706816435,46.328301,410,15,172.156250,1815.000
1785209604.706816435,46.328301,410,15,173.781250,1796.250
1785209604.706816435,46.328301,410,15,175.421875,1797.500
1785209604.706816435,46.328301,410,15,212.312500,9831.750
1785209604.706816435,46.328301,410,15,235.921875,1593.000
1785209604.706816435,46.328301,410,9,237.562500,1589.750
1785209604.706816435,46.328301,410,15,239.218750,1603.750
1785209604.706816435,46.328301,410,15,240.843750,1615.000
1785209604.706816435,46.328301,410,15,242.406250,1640.000
1785209604.706816435,46.328301,410,15,244.046875,1670.750
1785209604.706816435,46.328301,410,14,251.468750,10139.250
1785209604.706816435,46.328301,410,13,253.109375,9921.000
1785209604.706816435,46.328301,410,14,254.750000,9696.500
1785209604.706816435,46.328301,410,15,258.031250,9099.000
1785209604.706816435,46.328301,410,15,259.656250,8891.000
1785209604.706816435,46.328301,410,15,261.296875,8716.750
1785209604.706816435,46.328301,410,15,262.921875,8567.500
1785209604.706816435,46.328301,410,15,264.562500,8392.000
1785209604.706816435,46.328301,410,15,266.203125,8232.000
1785209604.706816435,46.328301,410,15,269.453125,8066.500
1785209604.816748142,46.406506,411,8,1.156250,4735.250
1785209604.816748142,46.406506,411,10,2.765625,4759.000
1785209604.816748142,46.406506,411,7,4.406250,4783.750
1785209604.816748142,46.406506,411,7,6.046875,4819.000
1785209604.816748142,46.406506,411,13,9.312500,4921.000
1785209604.816748142,46.406506,411,12,10.937500,5032.500
1785209604.816748142,46.406506,411,12,12.562500,5076.750
1785209604.816748142,46.406506,411,15,171.312500,1832.500
1785209604.816748142,46.406506,411,15,172.937500,1802.500
1785209604.816748142,46.406506,411,15,174.578125,1783.500
1785209604.816748142,46.406506,411,15,177.812500,1802.750
1785209604.816748142,46.406506,411,15,209.875000,9723.500
1785209604.816748142,46.406506,411,15,211.500000,9755.750
1785209604.816748142,46.406506,411,15,213.140625,9797.250
1785209604.816748142,46.406506,411,12,230.031250,1908.000
1785209604.816748142,46.406506,411,15,233.421875,1613.000
1785209604.816748142,46.406506,411,15,235.062500,1591.750
1785209604.816748142,46.406506,411,15,236.765625,1580.000
1785209604.816748142,46.406506,411,15,238.375000,1576.750
1785209604.816748142,46.406506,411,15,252.265625,10038.500
1785209604.816748142,46.406506,411,15,253.890625,9824.500
1785209604.816748142,46.406506,411,14,257.171875,9209.750
1785209604.816748142,46.406506,411,15,258.796875,8975.000
1785209604.816748142,46.406506,411,15,260.437500,8799.250
1785209604.816748142,46.406506,411,15,262.062500,8663.750
1785209604.816748142,46.406506,411,15,263.703125,8525.000
1785209604.816748142,46.406506,411,15,265.343750,8334.500
1785209604.816748142,46.406506,411,15,266.984375,8174.500
1785209604.816748142,46.406506,411,15,268.609375,8082.000
1785209604.816748142,46.406506,411,15,270.250000,7975.250
1785209604.816748142,46.406506,411,10,271.875000,7855.000
1785209604.816748142,46.406506,411,15,273.500000,7761.000
1785209604.932180166,46.547861,412,8,5.296875,4793.750
1785209604.932180166,46.547861,412,15,10.187500,5028.750
1785209604.932180166,46.547861,412,13,11.828125,5058.250
1785209604.932180166,46.547861,412,15,172.359375,1810.500
1785209604.932180166,46.547861,412,15,173.984375,1798.000
1785209604.932180166,46.547861,412,15,175.562500,1784.500
1785209604.932180166,46.547861,412,15,177.234375,1791.000
1785209604.932180166,46.547861,412,15,178.875000,1839.000
1785209604.932180166,46.547861,412,15,210.906250,9806.250
1785209604.932180166,46.547861,412,15,212.515625,9814.500
1785209604.932180166,46.547861,412,15,236.093750,1592.250
1785209604.932180166,46.547861,412,15,237.750000,1572.250
1785209604.932180166,46.547861,412,12,253.281250,9894.000
1785209604.932180166,46.547861,412,15,258.203125,9089.750
1785209604.932180166,46.547861,412,15,259.828125,8881.500
1785209604.932180166,46.547861,412,15,261.453125,8684.750
1785209604.932180166,46.547861,412,15,263.093750,8561.000
1785209604.932180166,46.547861,412,15,264.718750,8421.000
1785209604.932180166,46.547861,412,11,268.000000,8235.750
1785209604.932180166,46.547861,412,15,269.625000,8061.750
1785209604.932180166,46.547861,412,8,271.265625,7907.500
1785209604.932180166,46.547861,412,15,272.890625,7784.250
1785209605.044348717,46.703398,413,11,1.453125,4736.250
1785209605.044348717,46.703398,413,8,3.078125,4767.750
1785209605.044348717,46.703398,413,8,4.718750,4796.500
1785209605.044348717,46.703398,413,9,6.343750,4839.750
1785209605.044348717,46.703398,413,8,8.000000,4944.500
1785209605.044348717,46.703398,413,14,9.609375,5002.750
1785209605.044348717,46.703398,413,14,11.218750,5030.750
1785209605.044348717,46.703398,413,15,171.718750,1822.500
1785209605.044348717,46.703398,413,15,173.359375,1797.250
1785209605.044348717,46.703398,413,15,175.031250,1788.250
1785209605.044348717,46.703398,413,15,178.234375,1814.000
1785209605.044348717,46.703398,413,15,210.296875,9682.750
1785209605.044348717,46.703398,413,15,211.921875,9690.250
1785209605.044348717,46.703398,413,15,235.468750,1601.000
1785209605.044348717,46.703398,413,15,237.140625,1582.000
1785209605.044348717,46.703398,413,15,243.625000,1663.750
1785209605.044348717,46.703398,413,10,251.078125,10246.250
1785209605.044348717,46.703398,413,14,252.718750,9985.250
1785209605.044348717,46.703398,413,15,254.343750,9721.750
1785209605.044348717,46.703398,413,15,257.625000,9113.000
1785209605.044348717,46.703398,413,15,259.265625,8923.000
1785209605.044348717,46.703398,413,15,260.890625,8754.250
1785209605.044348717,46.703398,413,15,262.531250,8623.250
1785209605.044348717,46.703398,413,15,264.187500,8443.500
1785209605.044348717,46.703398,413,15,265.812500,8274.750
1785209605.044348717,46.703398,413,15,267.437500,8141.750
1785209605.044348717,46.703398,413,15,269.078125,8030.000
1785209605.044348717,46.703398,413,15,270.703125,7963.250
1785209605.044348717,46.703398,413,15,274.125000,4235.500
1785209605.155303717,46.783361,414,8,2.500000,4746.250
1785209605.155303717,46.783361,414,9,4.156250,4777.750
1785209605.155303717,46.783361,414,7,5.781250,4814.000
1785209605.155303717,46.783361,414,13,10.609375,5040.250
1785209605.155303717,46.783361,414,12,12.265625,5076.250
1785209605.155303717,46.783361,414,15,171.156250,1833.750
1785209605.155303717,46.783361,414,15,172.796875,1804.500
1785209605.155303717,46.783361,414,15,174.453125,1783.500
1785209605.155303717,46.783361,414,15,177.703125,1800.250
1785209605.155303717,46.783361,414,15,209.734375,9715.500
1785209605.155303717,46.783361,414,15,213.000000,9832.250
1785209605.155303717,46.783361,414,15,229.906250,1895.250
1785209605.155303717,46.783361,414,15,233.343750,1614.500
1785209605.155303717,46.783361,414,15,234.921875,1593.000
1785209605.155303717,46.783361,414,15,236.609375,1582.250
1785209605.155303717,46.783361,414,13,253.812500,9812.000
1785209605.155303717,46.783361,414,15,258.734375,8961.250
1785209605.155303717,46.783361,414,15,260.359375,8782.750
1785209605.155303717,46.783361,414,15,262.000000,8664.500
1785209605.155303717,46.783361,414,15,263.640625,8518.250
1785209605.155303717,46.783361,414,15,265.281250,8326.500
1785209605.155303717,46.783361,414,15,266.906250,8176.500
1785209605.155303717,46.783361,414,15,268.562500,8088.250
1785209605.155303717,46.783361,414,15,271.828125,7928.750
1785209605.155303717,46.783361,414,15,273.468750,7760.250
1785209605.268848181,46.860728,415,8,1.968750,4759.250
1785209605.268848181,46.860728,415,9,3.609375,4787.000
1785209605.268848181,46.860728,415,8,6.890625,4841.500
1785209605.268848181,46.860728,415,15,10.140625,4963.750
1785209605.268848181,46.860728,415,12,11.703125,5053.250
1785209605.268848181,46.860728,415,15,172.250000,1811.250
1785209605.268848181,46.860728,415,15,173.921875,1798.000
1785209605.268848181,46.860728,415,15,175.546875,1803.250
1785209605.268848181,46.860728,415,15,178.765625,1836.250
1785209605.268848181,46.860728,415,15,212.453125,9829.750
1785209605.268848181,46.860728,415,15,236.109375,1592.000
1785209605.268848181,46.860728,415,15,237.781250,1572.250
1785209605.268848181,46.860728,415,13,251.671875,10138.250
1785209605.268848181,46.860728,415,13,253.312500,9889.500
1785209605.268848181,46.860728,415,14,256.593750,9321.000
1785209605.268848181,46.860728,415,15,258.218750,9070.000
1785209605.268848181,46.860728,415,15,259.859375,8861.500
1785209605.268848181,46.860728,415,15,261.500000,8684.500
1785209605.268848181,46.860728,415,15,263.140625,8558.000
1785209605.268848181,46.860728,415,15,264.765625,8419.000
1785209605.268848181,46.860728,415,13,268.031250,8232.000
1785209605.268848181,46.860728,415,15,269.671875,8055.250
1785209605.268848181,46.860728,415,10,271.312500,7902.500
1785209605.268848181,46.860728,415,15,272.953125,7781.250
1785209605.381669521,47.017442,416,8,1.421875,4735.750
1785209605.381669521,47.017442,416,8,3.046875,4767.750
1785209605.381669521,47.017442,416,8,4.687500,4796.250
1785209605.381669521,47.017442,416,8,6.312500,4840.750
1785209605.381669521,47.017442,416,15,9.593750,4934.500
1785209605.381669521,47.017442,416,12,11.171875,5035.250
1785209605.381669521,47.017442,416,10,12.796875,5085.500
1785209605.381669521,47.017442,416,15,171.625000,1823.000
1785209605.381669521,47.017442,416,15,173.265625,1797.250
1785209605.381669521,47.017442,416,15,174.906250,1786.750
1785209605.381669521,47.017442,416,15,178.140625,1809.250
1785209605.381669521,47.017442,416,15,235.484375,1600.500
1785209605.381669521,47.017442,416,15,237.140625,1581.000
1785209605.381669521,47.017442,416,15,242.031250,1638.250
1785209605.381669521,47.017442,416,15,243.656250,1663.250
1785209605.381669521,47.017442,416,10,251.078125,10244.500
1785209605.381669521,47.017442,416,15,252.718750,9984.000
1785209605.381669521,47.017442,416,15,254.359375,9725.250
1785209605.381669521,47.017442,416,15,257.640625,9155.500
1785209605.381669521,47.017442,416,15,259.296875,8915.000
1785209605.381669521,47.017442,416,15,260.906250,8751.500
1785209605.381669521,47.017442,416,15,262.546875,8625.000
1785209605.381669521,47.017442,416,15,264.203125,8441.000
1785209605.381669521,47.017442,416,15,265.828125,8271.250
1785209605.381669521,47.017442,416,15,267.468750,8140.500
1785209605.381669521,47.017442,416,15,269.109375,8031.250
1785209605.381669521,47.017442,416,15,270.734375,7961.250
1785209605.381669521,47.017442,416,15,274.156250,4236.000
1785209605.496247292,47.096053,417,8,2.468750,4743.250
1785209605.496247292,47.096053,417,8,4.078125,4776.000
1785209605.496247292,47.096053,417,8,7.359375,4839.500
1785209605.496247292,47.096053,417,11,8.984375,4939.000
1785209605.496247292,47.096053,417,14,10.578125,5027.000
1785209605.496247292,47.096053,417,13,12.218750,5075.500
1785209605.496247292,47.096053,417,15,172.640625,1806.250
1785209605.496247292,47.096053,417,15,174.250000,1799.250
1785209605.496247292,47.096053,417,15,177.531250,1813.250
1785209605.496247292,47.096053,417,15,179.156250,1850.500
1785209605.496247292,47.096053,417,15,209.562500,9770.500
1785209605.496247292,47.096053,417,15,211.171875,9810.250
1785209605.496247292,47.096053,417,15,212.812500,9845.000
1785209605.496247292,47.096053,417,15,229.781250,1897.750
1785209605.496247292,47.096053,417,15,234.796875,1595.250
1785209605.496247292,47.096053,417,15,236.453125,1583.500
1785209605.496247292,47.096053,417,14,238.093750,1585.750
1785209605.496247292,47.096053,417,15,239.687500,1597.250
1785209605.496247292,47.096053,417,15,241.296875,1614.250
1785209605.496247292,47.096053,417,15,242.890625,1648.750
1785209605.496247292,47.096053,417,15,244.546875,1693.000
1785209605.496247292,47.096053,417,13,252.015625,10081.250
1785209605.496247292,47.096053,417,15,253.640625,9810.250
1785209605.496247292,47.096053,417,12,255.296875,9589.750
1785209605.496247292,47.096053,417,15,258.546875,9012.250
1785209605.496247292,47.096053,417,15,260.187500,8835.500
1785209605.496247292,47.096053,417,15,261.812500,8673.750
1785209605.496247292,47.096053,417,15,263.453125,8514.750
1785209605.496247292,47.096053,417,15,265.109375,8343.750
1785209605.496247292,47.096053,417,15,268.375000,8154.000
1785209605.496247292,47.096053,417,15,270.000000,7978.000
1785209605.496247292,47.096053,417,15,271.640625,7862.250
1785209605.606789827,47.250744,418,9,1.765625,4757.750
1785209605.606789827,47.250744,418,8,5.015625,4818.500
1785209605.606789827,47.250744,418,8,6.640625,4910.000
1785209605.606789827,47.250744,418,9,8.265625,5007.750
1785209605.606789827,47.250744,418,13,9.906250,5045.750
1785209605.606789827,47.250744,418,14,11.500000,5063.000
1785209605.606789827,47.250744,418,15,171.906250,1818.250
1785209605.606789827,47.250744,418,15,173.562500,1796.000
1785209605.606789827,47.250744,418,15,175.171875,1790.500
1785209605.606789827,47.250744,418,15,178.390625,1818.250
1785209605.606789827,47.250744,418,15,210.484375,9734.500
1785209605.606789827,47.250744,418,15,212.125000,9826.750
1785209605.606789827,47.250744,418,15,235.718750,1597.750
1785209605.606789827,47.250744,418,15,237.312500,1591.500
1785209605.606789827,47.250744,418,15,238.968750,1591.500
1785209605.606789827,47.250744,418,15,252.906250,9975.750
1785209605.606789827,47.250744,418,15,254.531250,9725.500
1785209605.606789827,47.250744,418,15,257.812500,9138.250
1785209605.606789827,47.250744,418,15,259.437500,8899.250
1785209605.606789827,47.250744,418,15,261.078125,8728.000
1785209605.606789827,47.250744,418,15,262.718750,8597.000
1785209605.606789827,47.250744,418,15,264.343750,8425.500
1785209605.606789827,47.250744,418,15,265.984375,8238.500
1785209605.606789827,47.250744,418,15,267.609375,8126.750
1785209605.606789827,47.250744,418,15,269.234375,8048.750
1785209605.606789827,47.250744,418,15,270.875000,7937.750
1785209605.722075701,47.329413,419,8,2.734375,4760.250
1785209605.722075701,47.329413,419,7,4.375000,4784.250
1785209605.722075701,47.329413,419,9,6.046875,4818.500
1785209605.722075701,47.329413,419,15,9.296875,4922.000
1785209605.722075701,47.329413,419,12,10.890625,5031.750
1785209605.722075701,47.329413,419,12,12.515625,5074.250
1785209605.722075701,47.329413,419,15,171.250000,1832.500
1785209605.722075701,47.329413,419,15,172.890625,1802.000
1785209605.722075701,47.329413,419,15,174.531250,1783.500
1785209605.722075701,47.329413,419,15,177.765625,1801.000
1785209605.722075701,47.329413,419,15,209.843750,9725.250
1785209605.722075701,47.329413,419,15,211.484375,9756.250
1785209605.722075701,47.329413,419,15,213.093750,9798.500
1785209605.722075701,47.329413,419,15,230.000000,1904.250
1785209605.722075701,47.329413,419,15,233.421875,1613.000
1785209605.722075701,47.329413,419,15,235.046875,1591.750
1785209605.722075701,47.329413,419,15,236.687500,1579.750
1785209605.722075701,47.329413,419,15,238.312500,1582.750
1785209605.722075701,47.329413,419,12,253.875000,9827.000
1785209605.722075701,47.329413,419,15,257.140625,9211.250
1785209605.722075701,47.329413,419,15,258.781250,8977.750
1785209605.722075701,47.329413,419,15,260.390625,8802.000
1785209605.722075701,47.329413,419,15,262.031250,8667.000
1785209605.722075701,47.329413,419,15,263.671875,8521.500
1785209605.722075701,47.329413,419,15,265.296875,8331.250
1785209605.722075701,47.329413,419,15,266.937500,8177.750
1785209605.722075701,47.329413,419,15,268.578125,8087.500
1785209605.722075701,47.329413,419,15,270.203125,7978.250
1785209605.722075701,47.329413,419,15,271.843750,7855.250
1785209605.722075701,47.329413,419,15,273.453125,7760.750
1785209605.833429575,47.486607,420,7,5.281250,4801.250
1785209605.833429575,47.486607,420,15,10.187500,5027.250
1785209605.833429575,47.486607,420,14,11.781250,5057.250
1785209605.833429575,47.486607,420,15,172.125000,1815.000
1785209605.833429575,47.486607,420,15,173.734375,1796.500
1785209605.833429575,47.486607,420,15,175.390625,1798.000
1785209605.833429575,47.486607,420,15,212.328125,9788.250
1785209605.833429575,47.486607,420,15,235.937500,1594.000
1785209605.833429575,47.486607,420,15,239.156250,1594.750
1785209605.833429575,47.486607,420,15,240.765625,1615.500
1785209605.833429575,47.486607,420,15,242.375000,1640.250
1785209605.833429575,47.486607,420,15,244.031250,1674.500
1785209605.833429575,47.486607,420,14,251.531250,10118.500
1785209605.833429575,47.486607,420,14,253.156250,9898.000
1785209605.833429575,47.486607,420,14,254.796875,9676.000
1785209605.833429575,47.486607,420,15,258.093750,9098.250
1785209605.833429575,47.486607,420,15,259.718750,8891.250
1785209605.833429575,47.486607,420,15,261.359375,8719.500
1785209605.833429575,47.486607,420,15,262.984375,8573.250
1785209605.833429575,47.486607,420,15,264.640625,8395.500
1785209605.833429575,47.486607,420,15,266.265625,8279.500
1785209605.833429575,47.486607,420,8,267.906250,8141.250
1785209605.833429575,47.486607,420,15,269.546875,8007.000
1785209605.833429575,47.486607,420,12,271.171875,7878.750
1785209605.833429575,47.486607,420,15,272.812500,7757.250
1785209605.945138693,47.563470,421,10,1.375000,4733.500
1785209605.945138693,47.563470,421,8,3.015625,4767.000
1785209605.945138693,47.563470,421,8,4.656250,4796.500
1785209605.945138693,47.563470,421,15,9.593750,4996.500
1785209605.945138693,47.563470,421,13,11.140625,5036.500
1785209605.945138693,47.563470,421,11,12.796875,5085.250
1785209605.945138693,47.563470,421,15,171.750000,1823.000
1785209605.945138693,47.563470,421,15,173.359375,1797.500
1785209605.945138693,47.563470,421,15,175.000000,1788.500
1785209605.945138693,47.563470,421,15,178.250000,1814.250
1785209605.945138693,47.563470,421,15,210.265625,9727.500
1785209605.945138693,47.563470,421,15,211.890625,9737.250
1785209605.945138693,47.563470,421,15,235.515625,1600.000
1785209605.945138693,47.563470,421,15,237.125000,1580.750
1785209605.945138693,47.563470,421,15,252.765625,9981.500
1785209605.945138693,47.563470,421,15,254.421875,9727.750
1785209605.945138693,47.563470,421,15,257.703125,9143.750
1785209605.945138693,47.563470,421,15,259.328125,8907.000
1785209605.945138693,47.563470,421,15,260.984375,8750.250
1785209605.945138693,47.563470,421,15,262.625000,8625.500
1785209605.945138693,47.563470,421,15,264.250000,8444.500
1785209605.945138693,47.563470,421,15,265.906250,8274.500
1785209605.945138693,47.563470,421,15,267.531250,8142.500
1785209605.945138693,47.563470,421,15,269.171875,8029.250
1785209605.945138693,47.563470,421,15,270.812500,7963.750
1785209605.945138693,47.563470,421,14,274.234375,4227.750
1785209606.058943510,47.719284,422,8,0.953125,4733.000
1785209606.058943510,47.719284,422,8,5.843750,4785.500
1785209606.058943510,47.719284,422,11,10.703125,5042.500
1785209606.058943510,47.719284,422,11,12.328125,5078.750
1785209606.058943510,47.719284,422,15,171.312500,1832.250
1785209606.058943510,47.719284,422,15,172.906250,1801.750
1785209606.058943510,47.719284,422,15,174.593750,1783.500
1785209606.058943510,47.719284,422,15,177.796875,1802.750
1785209606.058943510,47.719284,422,15,209.781250,9727.500
1785209606.058943510,47.719284,422,15,211.406250,9762.500
1785209606.058943510,47.719284,422,15,213.046875,9807.750
1785209606.058943510,47.719284,422,15,229.968750,1891.500
1785209606.058943510,47.719284,422,15,233.375000,1613.250
1785209606.058943510,47.719284,422,15,235.015625,1591.750
1785209606.058943510,47.719284,422,15,236.687500,1579.750
1785209606.058943510,47.719284,422,15,238.265625,1582.750
1785209606.058943510,47.719284,422,15,252.250000,10062.000
1785209606.058943510,47.719284,422,13,253.875000,9831.500
1785209606.058943510,47.719284,422,14,257.156250,9209.750
1785209606.058943510,47.719284,422,15,258.796875,8977.750
1785209606.058943510,47.719284,422,15,260.421875,8803.000
1785209606.058943510,47.719284,422,15,262.046875,8668.750
1785209606.058943510,47.719284,422,15,263.687500,8531.250
1785209606.058943510,47.719284,422,15,265.328125,8342.000
1785209606.058943510,47.719284,422,15,266.968750,8178.000
1785209606.058943510,47.719284,422,15,268.593750,8083.500
1785209606.058943510,47.719284,422,15,270.234375,7976.000
1785209606.058943510,47.719284,422,15,271.875000,7851.250
1785209606.058943510,47.719284,422,15,273.515625,7758.500
1785209606.169866800,47.798768,423,7,3.671875,4772.250
1785209606.169866800,47.798768,423,8,5.312500,4805.000
1785209606.169866800,47.798768,423,15,10.218750,5026.750
1785209606.169866800,47.798768,423,13,11.765625,5056.250
1785209606.169866800,47.798768,423,15,172.375000,1810.750
1785209606.169866800,47.798768,423,15,174.015625,1797.750
1785209606.169866800,47.798768,423,15,175.687500,1786.750
1785209606.169866800,47.798768,423,15,177.328125,1795.000
1785209606.169866800,47.798768,423,15,178.843750,1840.750
1785209606.169866800,47.798768,423,15,210.875000,9759.750
1785209606.169866800,47.798768,423,15,212.515625,9799.500
1785209606.169866800,47.798768,423,15,236.125000,1590.000
1785209606.169866800,47.798768,423,15,237.796875,1571.750
1785209606.169866800,47.798768,423,14,251.671875,10142.500
1785209606.169866800,47.798768,423,13,253.312500,9890.250
1785209606.169866800,47.798768,423,14,256.578125,9317.750
1785209606.169866800,47.798768,423,15,258.218750,9074.000
1785209606.169866800,47.798768,423,15,259.859375,8863.500
1785209606.169866800,47.798768,423,15,261.484375,8687.250
1785209606.169866800,47.798768,423,15,263.140625,8556.500
1785209606.169866800,47.798768,423,15,264.765625,8415.250
1785209606.169866800,47.798768,423,13,268.031250,8232.500
1785209606.169866800,47.798768,423,15,269.656250,8056.000
1785209606.169866800,47.798768,423,9,271.296875,7905.000
1785209606.169866800,47.798768,423,15,272.937500,7786.750
1785209606.284551620,47.939662,424,11,1.468750,4732.250
1785209606.284551620,47.939662,424,8,3.078125,4766.750
1785209606.284551620,47.939662,424,8,4.718750,4797.750
1785209606.284551620,47.939662,424,8,6.359375,4840.500
1785209606.284551620,47.939662,424,8,7.984375,4943.750
1785209606.284551620,47.939662,424,15,9.625000,5009.000
1785209606.284551620,47.939662,424,15,11.218750,5038.500
1785209606.284551620,47.939662,424,8,12.843750,5096.750
1785209606.284551620,47.939662,424,15,171.750000,1823.500
1785209606.284551620,47.939662,424,15,173.437500,1797.500
1785209606.284551620,47.939662,424,15,175.031250,1788.500
1785209606.284551620,47.939662,424,15,178.312500,1814.250
1785209606.284551620,47.939662,424,15,210.296875,9728.750
1785209606.284551620,47.939662,424,15,211.921875,9735.250
1785209606.284551620,47.939662,424,15,235.500000,1600.250
1785209606.284551620,47.939662,424,15,237.156250,1580.750
1785209606.284551620,47.939662,424,15,243.656250,1667.500
1785209606.284551620,47.939662,424,12,252.703125,9976.500
1785209606.284551620,47.939662,424,15,254.328125,9721.000
1785209606.284551620,47.939662,424,15,257.609375,9111.750
1785209606.284551620,47.939662,424,15,259.250000,8922.500
1785209606.284551620,47.939662,424,15,260.875000,8758.750
1785209606.284551620,47.939662,424,15,262.515625,8631.500
1785209606.284551620,47.939662,424,15,264.156250,8452.750
1785209606.284551620,47.939662,424,15,265.781250,8275.000
1785209606.284551620,47.939662,424,15,267.421875,8139.000
1785209606.284551620,47.939662,424,15,269.046875,8030.750
1785209606.284551620,47.939662,424,15,270.671875,7960.750
1785209606.284551620,47.939662,424,15,274.109375,4209.500
1785209606.396168709,48.017687,425,7,0.781250,4745.500
1785209606.396168709,48.017687,425,8,2.421875,4768.000
1785209606.396168709,48.017687,425,8,4.046875,4780.500
1785209606.396168709,48.017687,425,8,5.671875,4816.750
1785209606.396168709,48.017687,425,13,8.953125,4913.250
1785209606.396168709,48.017687,425,13,10.562500,5025.750
1785209606.396168709,48.017687,425,12,12.203125,5077.000
1785209606.396168709,48.017687,425,15,171.062500,1834.750
1785209606.396168709,48.017687,425,15,172.718750,1806.000
1785209606.396168709,48.017687,425,15,174.328125,1788.000
1785209606.396168709,48.017687,425,15,177.609375,1802.250
1785209606.396168709,48.017687,425,15,179.250000,1851.250
1785209606.396168709,48.017687,425,15,209.687500,9720.250
1785209606.396168709,48.017687,425,15,212.953125,9829.250
1785209606.396168709,48.017687,425,15,229.921875,1895.250
1785209606.396168709,48.017687,425,15,233.265625,1615.000
1785209606.396168709,48.017687,425,15,234.921875,1593.000
1785209606.396168709,48.017687,425,15,236.546875,1582.250
1785209606.396168709,48.017687,425,15,239.828125,1597.500
1785209606.396168709,48.017687,425,15,241.437500,1631.750
1785209606.396168709,48.017687,425,10,250.484375,10365.750
1785209606.396168709,48.017687,425,13,253.750000,9806.500
1785209606.396168709,48.017687,425,13,255.390625,9572.250
1785209606.396168709,48.017687,425,15,258.656250,9006.750
1785209606.396168709,48.017687,425,15,260.296875,8840.250
1785209606.396168709,48.017687,425,15,261.937500,8674.500
1785209606.396168709,48.017687,425,15,263.562500,8511.750
1785209606.396168709,48.017687,425,15,265.203125,8337.000
1785209606.396168709,48.017687,425,7,266.828125,8250.750
1785209606.396168709,48.017687,425,15,268.468750,8144.250
1785209606.396168709,48.017687,425,7,270.093750,7974.750
1785209606.396168709,48.017687,425,15,271.750000,7850.000
1785209606.396168709,48.017687,425,15,273.375000,7754.750
1785209606.510939360,48.171461,426,8,1.890625,4751.000
1785209606.510939360,48.171461,426,8,3.546875,4779.500
1785209606.510939360,48.171461,426,9,5.156250,4803.500
1785209606.510939360,48.171461,426,8,6.796875,4855.250
1785209606.510939360,48.171461,426,8,8.437500,4966.000
1785209606.510939360,48.171461,426,15,10.046875,5009.500
1785209606.510939360,48.171461,426,12,11.671875,5024.500
1785209606.510939360,48.171461,426,15,172.156250,1815.000
1785209606.510939360,48.171461,426,15,173.828125,1796.250
1785209606.510939360,48.171461,426,15,175.453125,1798.500
1785209606.510939360,48.171461,426,15,212.453125,9832.000
1785209606.510939360,48.171461,426,15,236.093750,1592.500
1785209606.510939360,48.171461,426,15,237.718750,1572.500
1785209606.510939360,48.171461,426,13,251.656250,10134.250
1785209606.510939360,48.171461,426,15,253.281250,9885.750
1785209606.510939360,48.171461,426,14,256.562500,9302.750
1785209606.510939360,48.171461,426,15,258.203125,9078.500
1785209606.510939360,48.171461,426,15,259.828125,8866.750
1785209606.510939360,48.171461,426,15,261.468750,8690.000
1785209606.510939360,48.171461,426,15,263.109375,8557.000
1785209606.510939360,48.171461,426,15,264.734375,8413.500
1785209606.510939360,48.171461,426,13,268.015625,8231.250
1785209606.510939360,48.171461,426,15,269.640625,8056.000
1785209606.510939360,48.171461,426,9,271.281250,7907.250
1785209606.510939360,48.171461,426,15,272.921875,7788.250
1785209606.622437954,48.251121,427,8,1.437500,4733.750
1785209606.622437954,48.251121,427,8,3.078125,4767.500
1785209606.622437954,48.251121,427,8,4.687500,4797.750
1785209606.622437954,48.251121,427,8,6.328125,4841.250
1785209606.622437954,48.251121,427,15,9.609375,4940.000
1785209606.622437954,48.251121,427,13,11.171875,5040.750
1785209606.622437954,48.251121,427,10,12.812500,5095.250
1785209606.622437954,48.251121,427,15,171.609375,1822.750
1785209606.622437954,48.251121,427,15,173.250000,1797.000
1785209606.622437954,48.251121,427,15,174.890625,1786.750
1785209606.622437954,48.251121,427,15,178.125000,1809.250
1785209606.622437954,48.251121,427,15,210.156250,9724.500
1785209606.622437954,48.251121,427,15,211.781250,9728.000
1785209606.622437954,48.251121,427,15,235.406250,1600.750
1785209606.622437954,48.251121,427,12,236.984375,1587.500
1785209606.622437954,48.251121,427,13,238.656250,1594.250
1785209606.622437954,48.251121,427,15,240.281250,1613.250
1785209606.622437954,48.251121,427,15,241.921875,1634.250
1785209606.622437954,48.251121,427,15,252.625000,9975.250
1785209606.622437954,48.251121,427,13,254.265625,9718.000
1785209606.622437954,48.251121,427,15,255.906250,9455.750
1785209606.622437954,48.251121,427,15,259.187500,8924.500
1785209606.622437954,48.251121,427,15,260.812500,8762.500
1785209606.622437954,48.251121,427,15,262.453125,8630.500
1785209606.622437954,48.251121,427,15,264.078125,8451.250
1785209606.622437954,48.251121,427,15,265.718750,8276.750
1785209606.622437954,48.251121,427,15,267.375000,8147.000
1785209606.622437954,48.251121,427,15,269.000000,8047.750
1785209606.622437954,48.251121,427,15,270.640625,7971.750
1785209606.622437954,48.251121,427,15,274.078125,4278.500
1785209606.737457752,48.330889,428,8,4.078125,4778.250
1785209606.737457752,48.330889,428,9,5.703125,4812.250
1785209606.737457752,48.330889,428,11,7.359375,4858.000
1785209606.737457752,48.330889,428,9,8.968750,4936.000
1785209606.737457752,48.330889,428,15,10.531250,4995.250
1785209606.737457752,48.330889,428,12,12.171875,5041.750
1785209606.737457752,48.330889,428,15,172.609375,1806.250
1785209606.737457752,48.330889,428,15,174.265625,1799.750
1785209606.737457752,48.330889,428,15,177.531250,1813.250
1785209606.737457752,48.330889,428,15,179.109375,1850.000
1785209606.737457752,48.330889,428,15,209.468750,9716.250
1785209606.737457752,48.330889,428,15,212.734375,9788.500
1785209606.737457752,48.330889,428,15,229.671875,1898.000
1785209606.737457752,48.330889,428,12,234.656250,1594.500
1785209606.737457752,48.330889,428,15,236.328125,1583.250
1785209606.737457752,48.330889,428,15,237.984375,1587.250
1785209606.737457752,48.330889,428,15,239.593750,1595.500
1785209606.737457752,48.330889,428,15,241.171875,1602.250
1785209606.737457752,48.330889,428,15,242.828125,1635.750
1785209606.737457752,48.330889,428,13,251.921875,10080.500
1785209606.737457752,48.330889,428,13,253.562500,9814.500
1785209606.737457752,48.330889,428,15,255.187500,9587.750
1785209606.737457752,48.330889,428,15,258.468750,9011.000
1785209606.737457752,48.330889,428,15,260.109375,8830.000
1785209606.737457752,48.330889,428,15,261.750000,8676.750
1785209606.737457752,48.330889,428,15,263.390625,8548.000
1785209606.737457752,48.330889,428,15,265.015625,8381.250
1785209606.737457752,48.330889,428,15,268.281250,8174.750
1785209606.737457752,48.330889,428,8,269.921875,7978.250
1785209606.737457752,48.330889,428,15,271.562500,7854.500
1785209606.737457752,48.330889,428,15,273.203125,7757.000
1785209606.848147154,48.490140,429,7,3.312500,4755.750
1785209606.848147154,48.490140,429,11,4.937500,4813.000
1785209606.848147154,48.490140,429,11,6.593750,4857.500
1785209606.848147154,48.490140,429,14,9.859375,4925.500
1785209606.848147154,48.490140,429,13,11.406250,5033.000
1785209606.848147154,48.490140,429,15,171.796875,1823.500
1785209606.848147154,48.490140,429,15,173.453125,1797.500
1785209606.848147154,48.490140,429,15,175.078125,1788.500
1785209606.848147154,48.490140,429,15,178.296875,1814.000
1785209606.848147154,48.490140,429,15,210.281250,9728.500
1785209606.848147154,48.490140,429,15,211.921875,9736.500
1785209606.848147154,48.490140,429,15,235.562500,1600.250
1785209606.848147154,48.490140,429,15,237.140625,1580.750
1785209606.848147154,48.490140,429,12,251.093750,10253.250
1785209606.848147154,48.490140,429,14,252.734375,9983.500
1785209606.848147154,48.490140,429,11,256.015625,9350.750
1785209606.848147154,48.490140,429,15,257.640625,9121.250
1785209606.848147154,48.490140,429,15,259.281250,8921.250
1785209606.848147154,48.490140,429,15,260.921875,8753.000
1785209606.848147154,48.490140,429,15,262.546875,8621.500
1785209606.848147154,48.490140,429,15,264.171875,8441.750
1785209606.848147154,48.490140,429,15,265.812500,8265.750
1785209606.848147154,48.490140,429,15,267.453125,8135.500
1785209606.848147154,48.490140,429,15,269.078125,8027.000
1785209606.848147154,48.490140,429,15,270.718750,7957.250
1785209606.848147154,48.490140,429,15,274.156250,4241.250
1785209606.959091425,48.568033,430,7,2.531250,4744.500
1785209606.959091425,48.568033,430,9,4.187500,4781.000
1785209606.959091425,48.568033,430,8,5.796875,4815.500
1785209606.959091425,48.568033,430,12,10.640625,5040.500
1785209606.959091425,48.568033,430,12,12.281250,5078.500
1785209606.959091425,48.568033,430,15,171.015625,1839.250
1785209606.959091425,48.568033,430,15,172.687500,1806.500
1785209606.959091425,48.568033,430,15,174.312500,1795.500
1785209606.959091425,48.568033,430,15,177.531250,1808.750
1785209606.959091425,48.568033,430,15,179.140625,1850.000
1785209606.959091425,48.568033,430,15,209.562500,9765.750
1785209606.959091425,48.568033,430,15,211.203125,9790.750
1785209606.959091425,48.568033,430,15,212.828125,9826.250
1785209606.959091425,48.568033,430,15,229.765625,1898.000
1785209606.959091425,48.568033,430,15,234.796875,1593.750
1785209606.959091425,48.568033,430,15,236.484375,1581.500
1785209606.959091425,48.568033,430,15,238.125000,1584.500
1785209606.959091425,48.568033,430,15,239.703125,1598.750
1785209606.959091425,48.568033,430,15,241.312500,1615.250
1785209606.959091425,48.568033,430,15,242.921875,1648.000
1785209606.959091425,48.568033,430,12,252.015625,10078.500
1785209606.959091425,48.568033,430,14,253.656250,9849.750
1785209606.959091425,48.568033,430,15,258.546875,9016.000
1785209606.959091425,48.568033,430,15,260.187500,8839.500
1785209606.959091425,48.568033,430,15,261.828125,8676.250
1785209606.959091425,48.568033,430,15,263.468750,8515.500
1785209606.959091425,48.568033,430,15,265.109375,8346.250
1785209606.959091425,48.568033,430,15,268.359375,8155.750
1785209606.959091425,48.568033,430,15,270.000000,7968.250
1785209606.959091425,48.568033,430,15,271.640625,7852.000
1785209607.074470758,48.724846,431,9,1.765625,4757.000
1785209607.074470758,48.724846,431,8,3.375000,4782.250
1785209607.074470758,48.724846,431,8,5.031250,4812.000
1785209607.074470758,48.724846,431,14,9.937500,5038.250
1785209607.074470758,48.724846,431,13,11.515625,5058.500
1785209607.074470758,48.724846,431,15,171.968750,1817.500
1785209607.074470758,48.724846,431,15,173.609375,1795.750
1785209607.074470758,48.724846,431,15,175.203125,1791.250
1785209607.074470758,48.724846,431,15,178.453125,1819.250
1785209607.074470758,48.724846,431,15,210.515625,9766.000
1785209607.074470758,48.724846,431,15,212.140625,9823.000
1785209607.074470758,48.724846,431,15,235.734375,1595.750
1785209607.074470758,48.724846,431,15,237.390625,1590.750
1785209607.074470758,48.724846,431,15,239.046875,1594.250
1785209607.074470758,48.724846,431,15,240.625000,1598.500
1785209607.074470758,48.724846,431,15,242.250000,1628.250
1785209607.074470758,48.724846,431,10,251.296875,10213.250
1785209607.074470758,48.724846,431,15,252.953125,9968.500
1785209607.074470758,48.724846,431,15,254.578125,9716.250
1785209607.074470758,48.724846,431,15,256.218750,9454.500
1785209607.074470758,48.724846,431,15,259.484375,8866.750
1785209607.074470758,48.724846,431,15,261.109375,8723.750
1785209607.074470758,48.724846,431,15,262.765625,8598.250
1785209607.074470758,48.724846,431,15,264.390625,8430.000
1785209607.074470758,48.724846,431,15,266.031250,8248.000
1785209607.074470758,48.724846,431,15,267.656250,8129.500
1785209607.074470758,48.724846,431,15,269.296875,8045.750
1785209607.074470758,48.724846,431,15,270.921875,7938.750
1785209607.186288595,48.801486,432,7,2.765625,4833.250
1785209607.186288595,48.801486,432,11,4.390625,4899.500
1785209607.186288595,48.801486,432,9,6.015625,4962.250
1785209607.186288595,48.801486,432,14,7.656250,5012.000
1785209607.186288595,48.801486,432,11,9.296875,5056.750
1785209607.186288595,48.801486,432,11,10.937500,5110.750
1785209607.186288595,48.801486,432,10,12.562500,5155.750
1785209607.186288595,48.801486,432,15,171.468750,1829.250
1785209607.186288595,48.801486,432,15,173.062500,1801.500
1785209607.186288595,48.801486,432,15,174.750000,1789.750
1785209607.186288595,48.801486,432,15,177.968750,1813.000
1785209607.186288595,48.801486,432,15,210.062500,9680.250
1785209607.186288595,48.801486,432,15,211.687500,9705.500
1785209607.186288595,48.801486,432,15,235.234375,1600.500
1785209607.186288595,48.801486,432,15,236.875000,1588.500
1785209607.186288595,48.801486,432,15,238.531250,1592.500
1785209607.186288595,48.801486,432,15,240.125000,1602.250
1785209607.186288595,48.801486,432,15,241.750000,1621.500
1785209607.186288595,48.801486,432,11,254.109375,9746.250
1785209607.186288595,48.801486,432,15,259.015625,8920.000
1785209607.186288595,48.801486,432,15,260.640625,8766.750
1785209607.186288595,48.801486,432,15,262.281250,8646.750
1785209607.186288595,48.801486,432,15,263.921875,8506.250
1785209607.186288595,48.801486,432,15,265.562500,8319.000
1785209607.186288595,48.801486,432,15,267.203125,8169.500
1785209607.186288595,48.801486,432,15,268.828125,8076.500
1785209607.186288595,48.801486,432,15,270.468750,7968.750
1785209607.301339388,48.956512,433,8,0.671875,4759.750
1785209607.301339388,48.956512,433,9,2.296875,4780.000
1785209607.301339388,48.956512,433,8,5.562500,4813.000
1785209607.301339388,48.956512,433,15,8.843750,5021.750
1785209607.301339388,48.956512,433,10,10.468750,5048.000
1785209607.301339388,48.956512,433,10,12.093750,5079.000
1785209607.301339388,48.956512,433,15,171.078125,1838.250
1785209607.301339388,48.956512,433,15,172.765625,1806.000
1785209607.301339388,48.956512,433,15,174.359375,1785.750
1785209607.301339388,48.956512,433,15,177.625000,1802.750
1785209607.301339388,48.956512,433,15,209.718750,9802.750
1785209607.301339388,48.956512,433,10,211.359375,9786.250
1785209607.301339388,48.956512,433,15,212.984375,9842.250
1785209607.301339388,48.956512,433,15,229.953125,1889.250
1785209607.301339388,48.956512,433,15,233.375000,1611.250
1785209607.301339388,48.956512,433,15,234.953125,1592.750
1785209607.301339388,48.956512,433,15,236.625000,1581.500
1785209607.301339388,48.956512,433,12,238.203125,1573.250
1785209607.301339388,48.956512,433,14,252.187500,10003.500
1785209607.301339388,48.956512,433,13,253.828125,9807.750
1785209607.301339388,48.956512,433,15,258.734375,8998.250
1785209607.301339388,48.956512,433,15,260.359375,8821.250
1785209607.301339388,48.956512,433,15,262.000000,8667.000
1785209607.301339388,48.956512,433,15,263.640625,8528.500
1785209607.301339388,48.956512,433,15,265.281250,8337.250
1785209607.301339388,48.956512,433,15,266.921875,8179.500
1785209607.301339388,48.956512,433,15,268.546875,8085.750
1785209607.301339388,48.956512,433,15,270.187500,7975.000
1785209607.301339388,48.956512,433,15,271.828125,7850.500
1785209607.301339388,48.956512,433,15,273.453125,7759.500
1785209607.410946131,49.034804,434,8,2.125000,4743.750
1785209607.410946131,49.034804,434,8,5.390625,4794.000
1785209607.410946131,49.034804,434,8,7.031250,4859.500
1785209607.410946131,49.034804,434,10,8.671875,4957.750
1785209607.410946131,49.034804,434,15,10.312500,5034.750
1785209607.410946131,49.034804,434,11,11.890625,5063.750
1785209607.410946131,49.034804,434,15,170.953125,1836.250
1785209607.410946131,49.034804,434,15,172.609375,1808.000
1785209607.410946131,49.034804,434,15,174.250000,1785.750
1785209607.410946131,49.034804,434,15,177.531250,1802.750
1785209607.410946131,49.034804,434,15,179.125000,1853.750
1785209607.410946131,49.034804,434,15,209.562500,9704.000
1785209607.410946131,49.034804,434,15,212.828125,9736.000
1785209607.410946131,49.034804,434,15,229.765625,1898.000
1785209607.410946131,49.034804,434,15,234.781250,1594.500
1785209607.410946131,49.034804,434,15,236.406250,1583.250
1785209607.410946131,49.034804,434,12,238.015625,1583.750
1785209607.410946131,49.034804,434,15,239.687500,1597.250
1785209607.410946131,49.034804,434,15,241.250000,1615.750
1785209607.410946131,49.034804,434,15,242.890625,1647.750
1785209607.410946131,49.034804,434,12,252.015625,10074.500
1785209607.410946131,49.034804,434,12,253.656250,9806.500
1785209607.410946131,49.034804,434,15,258.578125,8989.500
1785209607.410946131,49.034804,434,15,260.203125,8830.250
1785209607.410946131,49.034804,434,15,261.843750,8679.250
1785209607.410946131,49.034804,434,15,263.500000,8526.250
1785209607.410946131,49.034804,434,15,265.125000,8353.750
1785209607.410946131,49.034804,434,15,268.406250,8159.000
1785209607.410946131,49.034804,434,15,270.046875,7971.500
1785209607.410946131,49.034804,434,15,271.687500,7851.500
1785209607.410946131,49.034804,434,15,273.312500,7755.250
1785209607.523434162,49.113350,435,9,5.187500,4804.000
1785209607.523434162,49.113350,435,14,10.093750,5028.000
1785209607.523434162,49.113350,435,11,11.656250,5046.750
1785209607.523434162,49.113350,435,15,172.265625,1811.000
1785209607.523434162,49.113350,435,15,173.921875,1798.250
1785209607.523434162,49.113350,435,15,175.578125,1803.500
1785209607.523434162,49.113350,435,15,177.218750,1809.500
1785209607.523434162,49.113350,435,15,178.796875,1839.000
1785209607.523434162,49.113350,435,15,212.484375,9854.500
1785209607.523434162,49.113350,435,15,236.093750,1591.750
1785209607.523434162,49.113350,435,15,237.687500,1576.750
1785209607.523434162,49.113350,435,15,251.656250,10140.000
1785209607.523434162,49.113350,435,12,253.296875,9887.750
1785209607.523434162,49.113350,435,12,254.921875,9663.500
1785209607.523434162,49.113350,435,15,258.203125,9039.500
1785209607.523434162,49.113350,435,15,259.843750,8865.000
1785209607.523434162,49.113350,435,15,261.468750,8691.250
1785209607.523434162,49.113350,435,15,263.109375,8564.750
1785209607.523434162,49.113350,435,15,264.734375,8417.750
1785209607.523434162,49.113350,435,15,269.656250,8023.750
1785209607.523434162,49.113350,435,15,271.281250,7907.250
1785209607.523434162,49.113350,435,15,272.921875,7783.500
1785209607.637883902,49.270052,436,9,1.375000,4735.250
1785209607.637883902,49.270052,436,7,3.000000,4767.500
1785209607.637883902,49.270052,436,11,11.093750,5033.750
1785209607.637883902,49.270052,436,9,12.718750,5085.500
1785209607.637883902,49.270052,436,15,171.546875,1823.500
1785209607.637883902,49.270052,436,15,173.218750,1797.250
1785209607.637883902,49.270052,436,15,174.828125,1787.000
1785209607.637883902,49.270052,436,15,178.093750,1809.500
1785209607.637883902,49.270052,436,14,210.093750,9613.750
1785209607.637883902,49.270052,436,15,211.718750,9632.000
1785209607.637883902,49.270052,436,15,235.359375,1600.250
1785209607.637883902,49.270052,436,14,237.015625,1576.000
1785209607.637883902,49.270052,436,9,238.593750,1576.250
1785209607.637883902,49.270052,436,15,240.234375,1604.750
1785209607.637883902,49.270052,436,15,241.828125,1633.500
1785209607.637883902,49.270052,436,13,252.562500,9970.250
1785209607.637883902,49.270052,436,12,254.203125,9744.750
1785209607.637883902,49.270052,436,15,259.109375,8921.250
1785209607.637883902,49.270052,436,15,260.750000,8756.500
1785209607.637883902,49.270052,436,15,262.390625,8627.500
1785209607.637883902,49.270052,436,15,264.031250,8450.000
1785209607.637883902,49.270052,436,15,265.671875,8276.500
1785209607.637883902,49.270052,436,15,267.296875,8147.000
1785209607.637883902,49.270052,436,15,268.937500,8047.750
1785209607.637883902,49.270052,436,15,270.578125,7951.000
1785209607.748442650,49.349231,437,8,0.593750,4754.750
1785209607.748442650,49.349231,437,7,2.218750,4777.250
1785209607.748442650,49.349231,437,10,3.859375,4787.000
1785209607.748442650,49.349231,437,8,5.500000,4820.000
1785209607.748442650,49.349231,437,8,7.140625,4906.000
1785209607.748442650,49.349231,437,14,8.750000,4992.000
1785209607.748442650,49.349231,437,15,10.328125,5034.250
1785209607.748442650,49.349231,437,11,11.968750,5068.250
1785209607.748442650,49.349231,437,15,172.343750,1810.500
1785209607.748442650,49.349231,437,15,173.984375,1798.250
1785209607.748442650,49.349231,437,15,177.234375,1806.500
1785209607.748442650,49.349231,437,15,178.812500,1839.000
1785209607.748442650,49.349231,437,15,210.859375,9796.250
1785209607.748442650,49.349231,437,15,212.484375,9842.250
1785209607.748442650,49.349231,437,15,236.171875,1589.750
1785209607.748442650,49.349231,437,15,237.796875,1576.750
1785209607.748442650,49.349231,437,8,239.390625,1581.250
1785209607.748442650,49.349231,437,15,251.687500,10146.250
1785209607.748442650,49.349231,437,15,253.328125,9878.500
1785209607.748442650,49.349231,437,15,258.234375,9073.750
1785209607.748442650,49.349231,437,15,259.859375,8866.250
1785209607.748442650,49.349231,437,15,261.500000,8691.250
1785209607.748442650,49.349231,437,15,263.140625,8566.750
1785209607.748442650,49.349231,437,15,264.781250,8416.250
1785209607.748442650,49.349231,437,15,269.687500,8017.000
1785209607.748442650,49.349231,437,9,271.312500,7903.750
1785209607.748442650,49.349231,437,15,272.953125,7783.000
1785209607.863527060,49.503905,438,10,11.078125,5028.750
1785209607.863527060,49.503905,438,11,12.703125,5082.750
1785209607.863527060,49.503905,438,15,171.406250,1829.000
1785209607.863527060,49.503905,438,15,173.031250,1801.250
1785209607.863527060,49.503905,438,15,174.671875,1786.000
1785209607.863527060,49.503905,438,15,177.937500,1808.500
1785209607.863527060,49.503905,438,15,209.906250,9733.500
1785209607.863527060,49.503905,438,15,211.546875,9814.250
1785209607.863527060,49.503905,438,15,213.171875,9861.000
1785209607.863527060,49.503905,438,15,233.515625,1613.000
1785209607.863527060,49.503905,438,15,235.125000,1592.250
1785209607.863527060,49.503905,438,15,236.750000,1579.750
1785209607.863527060,49.503905,438,15,238.437500,1579.000
1785209607.863527060,49.503905,438,15,239.984375,1594.250
1785209607.863527060,49.503905,438,15,252.312500,10045.750
1785209607.863527060,49.503905,438,15,253.953125,9824.000
1785209607.863527060,49.503905,438,15,257.234375,9205.500
1785209607.863527060,49.503905,438,15,258.875000,8977.750
1785209607.863527060,49.503905,438,15,260.484375,8805.500
1785209607.863527060,49.503905,438,15,262.125000,8661.250
1785209607.863527060,49.503905,438,15,263.765625,8524.000
1785209607.863527060,49.503905,438,15,265.406250,8344.250
1785209607.863527060,49.503905,438,15,267.031250,8178.750
1785209607.863527060,49.503905,438,15,268.671875,8072.000
1785209607.863527060,49.503905,438,15,270.312500,7976.750
1785209607.863527060,49.503905,438,15,273.562500,7816.250
1785209607.974936008,49.583137,439,8,2.046875,4746.000
1785209607.974936008,49.583137,439,7,5.296875,4796.250
1785209607.974936008,49.583137,439,15,10.203125,5029.750
1785209607.974936008,49.583137,439,11,11.812500,5057.250
1785209607.974936008,49.583137,439,15,172.125000,1815.000
1785209607.974936008,49.583137,439,15,173.750000,1796.250
1785209607.974936008,49.583137,439,15,175.375000,1802.750
1785209607.974936008,49.583137,439,15,178.609375,1836.500
1785209607.974936008,49.583137,439,15,212.343750,9715.250
1785209607.974936008,49.583137,439,15,235.953125,1592.500
1785209607.974936008,49.583137,439,15,239.140625,1590.500
1785209607.974936008,49.583137,439,15,240.781250,1611.750
1785209607.974936008,49.583137,439,15,242.421875,1639.750
1785209607.974936008,49.583137,439,15,243.984375,1673.750
1785209607.974936008,49.583137,439,12,251.453125,10146.250
1785209607.974936008,49.583137,439,15,253.078125,9923.250
1785209607.974936008,49.583137,439,15,257.984375,9062.250
1785209607.974936008,49.583137,439,15,259.609375,8861.750
1785209607.974936008,49.583137,439,15,261.250000,8717.750
1785209607.974936008,49.583137,439,15,262.890625,8594.000
1785209607.974936008,49.583137,439,15,264.500000,8416.000
1785209607.974936008,49.583137,439,15,266.156250,8236.000
1785209607.974936008,49.583137,439,15,269.406250,8073.250
1785209608.090335369,49.738732,440,9,1.218750,4760.000
1785209608.090335369,49.738732,440,8,2.843750,4798.500
1785209608.090335369,49.738732,440,7,4.500000,4806.500
1785209608.090335369,49.738732,440,8,6.125000,4847.000
1785209608.090335369,49.738732,440,8,7.765625,4959.500
1785209608.090335369,49.738732,440,12,9.406250,5010.000
1785209608.090335369,49.738732,440,12,11.000000,5027.750
1785209608.090335369,49.738732,440,12,12.625000,5082.750
1785209608.090335369,49.738732,440,15,171.281250,1831.500
1785209608.090335369,49.738732,440,15,172.921875,1801.250
1785209608.090335369,49.738732,440,15,174.531250,1788.000
1785209608.090335369,49.738732,440,15,177.812500,1806.250
1785209608.090335369,49.738732,440,15,209.859375,9748.500
1785209608.090335369,49.738732,440,15,211.500000,9821.750
1785209608.090335369,49.738732,440,15,213.125000,9859.750
1785209608.090335369,49.738732,440,15,233.437500,1613.000
1785209608.090335369,49.738732,440,15,235.109375,1593.000
1785209608.090335369,49.738732,440,15,236.750000,1579.750
1785209608.090335369,49.738732,440,15,238.390625,1572.000
1785209608.090335369,49.738732,440,12,239.937500,1588.500
1785209608.090335369,49.738732,440,15,252.265625,10044.250
1785209608.090335369,49.738732,440,15,253.921875,9818.750
1785209608.090335369,49.738732,440,15,257.187500,9143.250
1785209608.090335369,49.738732,440,15,258.828125,8977.000
1785209608.090335369,49.738732,440,15,260.453125,8807.250
1785209608.090335369,49.738732,440,15,262.093750,8661.000
1785209608.090335369,49.738732,440,15,263.734375,8529.250
1785209608.090335369,49.738732,440,15,265.359375,8355.000
1785209608.090335369,49.738732,440,15,266.984375,8186.500
1785209608.090335369,49.738732,440,15,268.625000,8082.250
1785209608.090335369,49.738732,440,15,270.265625,7978.500
1785209608.090335369,49.738732,440,10,271.906250,7849.250
1785209608.090335369,49.738732,440,15,273.515625,7744.750
1785209608.200574636,49.816692,441,8,2.078125,4748.750
1785209608.200574636,49.816692,441,7,3.734375,4777.750
1785209608.200574636,49.816692,441,8,5.359375,4808.000
1785209608.200574636,49.816692,441,8,7.000000,4859.250
1785209608.200574636,49.816692,441,11,8.640625,4957.250
1785209608.200574636,49.816692,441,15,10.265625,5025.750
1785209608.200574636,49.816692,441,12,11.859375,5052.000
1785209608.200574636,49.816692,441,15,172.281250,1813.750
1785209608.200574636,49.816692,441,15,173.890625,1800.250
1785209608.200574636,49.816692,441,15,175.515625,1805.000
1785209608.200574636,49.816692,441,15,177.093750,1809.000
1785209608.200574636,49.816692,441,15,178.765625,1839.000
1785209608.200574636,49.816692,441,15,212.406250,9730.500
1785209608.200574636,49.816692,441,15,236.046875,1590.750
1785209608.200574636,49.816692,441,15,237.656250,1575.250
1785209608.200574636,49.816692,441,13,251.640625,10141.000
1785209608.200574636,49.816692,441,14,253.281250,9884.000
1785209608.200574636,49.816692,441,15,258.203125,9047.250
1785209608.200574636,49.816692,441,15,259.828125,8868.750
1785209608.200574636,49.816692,441,15,261.468750,8692.250
1785209608.200574636,49.816692,441,15,263.109375,8570.250
1785209608.200574636,49.816692,441,15,264.750000,8421.000
1785209608.200574636,49.816692,441,15,268.031250,8230.500
1785209608.200574636,49.816692,441,15,269.671875,8049.750
1785209608.200574636,49.816692,441,10,271.296875,7900.500
1785209608.200574636,49.816692,441,15,272.937500,7780.750
1785209608.315165758,49.972433,442,8,3.093750,4751.500
1785209608.315165758,49.972433,442,9,4.750000,4793.250
1785209608.315165758,49.972433,442,8,8.015625,4844.000
1785209608.315165758,49.972433,442,11,9.640625,4944.500
1785209608.315165758,49.972433,442,11,11.234375,5036.250
1785209608.315165758,49.972433,442,15,171.828125,1823.250
1785209608.315165758,49.972433,442,15,173.453125,1798.000
1785209608.315165758,49.972433,442,15,175.078125,1788.750
1785209608.315165758,49.972433,442,15,178.281250,1814.750
1785209608.315165758,49.972433,442,15,210.265625,9764.000
1785209608.315165758,49.972433,442,15,211.906250,9832.500
1785209608.315165758,49.972433,442,9,233.906250,1598.000
1785209608.315165758,49.972433,442,15,235.515625,1580.500
1785209608.315165758,49.972433,442,15,237.125000,1576.500
1785209608.315165758,49.972433,442,13,252.750000,9913.250
1785209608.315165758,49.972433,442,14,254.390625,9716.750
1785209608.315165758,49.972433,442,15,256.031250,9460.500
1785209608.315165758,49.972433,442,15,259.296875,8916.750
1785209608.315165758,49.972433,442,15,260.937500,8748.250
1785209608.315165758,49.972433,442,15,262.578125,8613.750
1785209608.315165758,49.972433,442,15,264.218750,8434.000
1785209608.315165758,49.972433,442,15,265.843750,8262.500
1785209608.315165758,49.972433,442,15,267.484375,8134.000
1785209608.315165758,49.972433,442,15,269.109375,8026.500
1785209608.315165758,49.972433,442,15,270.750000,7957.750
1785209608.315165758,49.972433,442,12,274.171875,4238.750
1785209608.426891804,50.051743,443,8,2.515625,4744.750
1785209608.426891804,50.051743,443,8,4.156250,4778.000
1785209608.426891804,50.051743,443,7,5.796875,4812.000
1785209608.426891804,50.051743,443,8,7.421875,4903.000
1785209608.426891804,50.051743,443,15,9.046875,4994.250
1785209608.426891804,50.051743,443,10,10.609375,5043.250
1785209608.426891804,50.051743,443,11,12.250000,5077.500
1785209608.426891804,50.051743,443,15,171.140625,1834.250
1785209608.426891804,50.051743,443,15,172.796875,1801.000
1785209608.426891804,50.051743,443,15,174.437500,1783.250
1785209608.426891804,50.051743,443,15,177.671875,1801.500
1785209608.426891804,50.051743,443,15,209.640625,9722.750
1785209608.426891804,50.051743,443,15,212.906250,9834.250
1785209608.426891804,50.051743,443,15,229.875000,1893.500
1785209608.426891804,50.051743,443,15,233.250000,1612.000
1785209608.426891804,50.051743,443,15,234.890625,1593.500
1785209608.426891804,50.051743,443,15,236.578125,1582.000
1785209608.426891804,50.051743,443,14,252.078125,10054.250
1785209608.426891804,50.051743,443,13,253.703125,9815.000
1785209608.426891804,50.051743,443,15,258.625000,8990.250
1785209608.426891804,50.051743,443,15,260.250000,8830.250
1785209608.426891804,50.051743,443,15,261.890625,8676.250
1785209608.426891804,50.051743,443,15,263.515625,8524.750
1785209608.426891804,50.051743,443,15,265.156250,8352.750
1785209608.426891804,50.051743,443,15,268.421875,8158.000
1785209608.426891804,50.051743,443,15,270.046875,7979.000
1785209608.426891804,50.051743,443,15,271.687500,7860.000
1785209608.426891804,50.051743,443,13,273.328125,7754.500
1785209608.538366556,50.130209,444,8,3.500000,4776.000
1785209608.538366556,50.130209,444,9,5.125000,4801.500
1785209608.538366556,50.130209,444,12,6.781250,4849.750
1785209608.538366556,50.130209,444,7,8.406250,4956.750
1785209608.538366556,50.130209,444,15,10.046875,5003.250
1785209608.538366556,50.130209,444,13,11.609375,5024.500
1785209608.538366556,50.130209,444,15,172.203125,1814.250
1785209608.538366556,50.130209,444,15,173.843750,1796.500
1785209608.538366556,50.130209,444,15,175.468750,1803.000
1785209608.538366556,50.130209,444,15,178.656250,1836.500
1785209608.538366556,50.130209,444,15,210.625000,9865.000
1785209608.538366556,50.130209,444,15,212.265625,9770.750
1785209608.538366556,50.130209,444,15,235.843750,1591.750
1785209608.538366556,50.130209,444,15,239.140625,1590.500
1785209608.538366556,50.130209,444,15,240.750000,1611.000
1785209608.538366556,50.130209,444,15,242.375000,1639.000
1785209608.538366556,50.130209,444,15,243.984375,1672.000
1785209608.538366556,50.130209,444,13,251.390625,10154.500
1785209608.538366556,50.130209,444,15,253.015625,9922.250
1785209608.538366556,50.130209,444,15,254.656250,9689.500
1785209608.538366556,50.130209,444,15,257.921875,9070.000
1785209608.538366556,50.130209,444,15,259.562500,8866.000
1785209608.538366556,50.130209,444,15,261.187500,8718.000
1785209608.538366556,50.130209,444,15,262.828125,8592.500
1785209608.538366556,50.130209,444,15,264.453125,8428.500
1785209608.538366556,50.130209,444,15,266.078125,8249.750
1785209608.538366556,50.130209,444,15,267.703125,8135.000
1785209608.538366556,50.130209,444,15,269.343750,8046.000
1785209608.538366556,50.130209,444,15,270.984375,7931.250
1785209608.538366556,50.130209,444,15,280.875000,4162.750
1785209608.652479887,50.287997,445,9,2.781250,4789.250
1785209608.652479887,50.287997,445,8,6.062500,4835.250
1785209608.652479887,50.287997,445,14,9.328125,4937.500
1785209608.652479887,50.287997,445,12,10.890625,5033.750
1785209608.652479887,50.287997,445,13,12.546875,5079.500
1785209608.652479887,50.287997,445,15,171.421875,1828.500
1785209608.652479887,50.287997,445,15,173.062500,1801.000
1785209608.652479887,50.287997,445,15,174.734375,1786.250
1785209608.652479887,50.287997,445,15,177.968750,1808.250
1785209608.652479887,50.287997,445,15,209.984375,9798.500
1785209608.652479887,50.287997,445,15,211.625000,9826.250
1785209608.652479887,50.287997,445,14,213.250000,9933.500
1785209608.652479887,50.287997,445,15,235.171875,1605.000
1785209608.652479887,50.287997,445,15,236.812500,1583.000
1785209608.652479887,50.287997,445,15,238.468750,1582.750
1785209608.652479887,50.287997,445,15,240.109375,1592.500
1785209608.652479887,50.287997,445,15,241.734375,1608.000
1785209608.652479887,50.287997,445,15,252.359375,10037.750
1785209608.652479887,50.287997,445,14,253.984375,9809.000
1785209608.652479887,50.287997,445,15,257.265625,9187.500
1785209608.652479887,50.287997,445,15,258.906250,8978.500
1785209608.652479887,50.287997,445,15,260.531250,8808.000
1785209608.652479887,50.287997,445,15,262.171875,8654.250
1785209608.652479887,50.287997,445,15,263.812500,8499.500
1785209608.652479887,50.287997,445,15,265.437500,8317.250
1785209608.652479887,50.287997,445,15,267.062500,8166.000
1785209608.652479887,50.287997,445,15,268.703125,8069.750
1785209608.652479887,50.287997,445,15,270.343750,7973.500
1785209608.652479887,50.287997,445,15,273.593750,7812.000
1785209608.652479887,50.287997,445,15,275.203125,7661.000
1785209608.652479887,50.287997,445,7,276.828125,7535.250
1785209608.763949633,50.352422,446,8,5.296875,4775.750
1785209608.763949633,50.352422,446,11,6.937500,4855.000
1785209608.763949633,50.352422,446,9,8.578125,4929.750
1785209608.763949633,50.352422,446,15,10.218750,4977.750
1785209608.763949633,50.352422,446,12,11.828125,5026.250
1785209608.763949633,50.352422,446,15,172.312500,1810.750
1785209608.763949633,50.352422,446,15,173.921875,1798.750
1785209608.763949633,50.352422,446,15,175.546875,1804.000
1785209608.763949633,50.352422,446,15,177.171875,1809.500
1785209608.763949633,50.352422,446,15,178.843750,1839.500
1785209608.763949633,50.352422,446,15,210.875000,9788.000
1785209608.763949633,50.352422,446,15,212.515625,9831.500
1785209608.763949633,50.352422,446,15,236.109375,1589.250
1785209608.763949633,50.352422,446,15,237.781250,1580.250
1785209608.763949633,50.352422,446,12,251.656250,10143.000
1785209608.763949633,50.352422,446,14,253.296875,9882.000
1785209608.763949633,50.352422,446,13,254.921875,9661.500
1785209608.763949633,50.352422,446,15,258.203125,9058.000
1785209608.763949633,50.352422,446,15,259.828125,8879.250
1785209608.763949633,50.352422,446,15,261.468750,8703.250
1785209608.763949633,50.352422,446,15,263.093750,8573.250
1785209608.763949633,50.352422,446,15,264.718750,8421.250
1785209608.763949633,50.352422,446,14,272.890625,7853.750
1785209608.763949633,50.352422,446,4,279.421875,7331.250
1785209608.879648209,50.509272,447,8,1.312500,4739.000
1785209608.879648209,50.509272,447,10,11.046875,5030.250
1785209608.879648209,50.509272,447,11,12.703125,5078.500
1785209608.879648209,50.509272,447,15,171.328125,1830.500
1785209608.879648209,50.509272,447,15,172.953125,1801.000
1785209608.879648209,50.509272,447,15,174.609375,1786.250
1785209608.879648209,50.509272,447,15,177.843750,1808.000
1785209608.879648209,50.509272,447,15,209.953125,9788.250
1785209608.879648209,50.509272,447,15,211.593750,9814.250
1785209608.879648209,50.509272,447,15,213.218750,9931.500
1785209608.879648209,50.509272,447,15,235.218750,1604.750
1785209608.879648209,50.509272,447,15,236.796875,1583.000
1785209608.879648209,50.509272,447,15,238.437500,1583.250
1785209608.879648209,50.509272,447,15,240.093750,1592.250
1785209608.879648209,50.509272,447,15,241.656250,1613.500
1785209608.879648209,50.509272,447,15,243.281250,1648.000
1785209608.879648209,50.509272,447,10,250.750000,10310.250
1785209608.879648209,50.509272,447,15,252.390625,10032.250
1785209608.879648209,50.509272,447,12,254.031250,9756.000
1785209608.879648209,50.509272,447,15,257.312500,9116.750
1785209608.879648209,50.509272,447,15,258.937500,8927.000
1785209608.879648209,50.509272,447,15,260.562500,8771.000
1785209608.879648209,50.509272,447,15,262.218750,8643.500
1785209608.879648209,50.509272,447,15,263.843750,8500.250
1785209608.879648209,50.509272,447,15,265.484375,8320.000
1785209608.879648209,50.509272,447,15,267.109375,8169.250
1785209608.879648209,50.509272,447,15,268.765625,8070.250
1785209608.879648209,50.509272,447,15,270.375000,7974.750
1785209608.879648209,50.509272,447,15,273.640625,7815.750
1785209608.879648209,50.509272,447,15,275.281250,7661.500
1785209608.990613222,50.587675,448,8,2.125000,4755.500
1785209608.990613222,50.587675,448,11,8.671875,4978.750
1785209608.990613222,50.587675,448,14,10.281250,5016.000
1785209608.990613222,50.587675,448,13,11.859375,5067.000
1785209608.990613222,50.587675,448,15,172.203125,1813.500
1785209608.990613222,50.587675,448,15,173.843750,1796.750
1785209608.990613222,50.587675,448,15,175.453125,1803.500
1785209608.990613222,50.587675,448,15,178.703125,1838.250
1785209608.990613222,50.587675,448,15,212.328125,9766.750
1785209608.990613222,50.587675,448,15,235.937500,1590.500
1785209608.990613222,50.587675,448,15,242.437500,1643.250
1785209608.990613222,50.587675,448,15,244.015625,1675.250
1785209608.990613222,50.587675,448,12,253.156250,9885.000
1785209608.990613222,50.587675,448,15,258.078125,9023.000
1785209608.990613222,50.587675,448,15,259.718750,8883.250
1785209608.990613222,50.587675,448,15,261.359375,8715.750
1785209608.990613222,50.587675,448,15,263.000000,8577.500
1785209608.990613222,50.587675,448,15,264.625000,8399.000
1785209608.990613222,50.587675,448,15,266.265625,8274.750
1785209608.990613222,50.587675,448,11,267.906250,8139.500
1785209608.990613222,50.587675,448,15,269.546875,8006.500
1785209608.990613222,50.587675,448,14,271.171875,7873.250
1785209608.990613222,50.587675,448,15,272.828125,7753.500
1785209609.105448723,50.744920,449,8,1.265625,4736.500
1785209609.105448723,50.744920,449,9,2.906250,4769.000
1785209609.105448723,50.744920,449,7,4.546875,4797.500
1785209609.105448723,50.744920,449,11,10.984375,5029.500
1785209609.105448723,50.744920,449,12,12.609375,5080.000
1785209609.105448723,50.744920,449,15,171.359375,1830.750
1785209609.105448723,50.744920,449,15,173.031250,1800.750
1785209609.105448723,50.744920,449,15,174.671875,1786.250
1785209609.105448723,50.744920,449,15,177.859375,1807.750
1785209609.105448723,50.744920,449,15,209.875000,9749.250
1785209609.105448723,50.744920,449,15,211.515625,9815.250
1785209609.105448723,50.744920,449,15,213.125000,9852.750
1785209609.105448723,50.744920,449,15,233.484375,1612.000
1785209609.105448723,50.744920,449,15,235.125000,1592.750
1785209609.105448723,50.744920,449,15,236.750000,1580.000
1785209609.105448723,50.744920,449,15,238.406250,1576.500
1785209609.105448723,50.744920,449,13,239.953125,1593.000
1785209609.105448723,50.744920,449,15,252.328125,10033.250
1785209609.105448723,50.744920,449,14,253.968750,9762.750
1785209609.105448723,50.744920,449,15,257.250000,9134.000
1785209609.105448723,50.744920,449,15,258.890625,8976.500
1785209609.105448723,50.744920,449,15,260.515625,8808.000
1785209609.105448723,50.744920,449,15,262.156250,8659.000
1785209609.105448723,50.744920,449,15,263.796875,8508.000
1785209609.105448723,50.744920,449,15,265.437500,8322.000
1785209609.105448723,50.744920,449,15,267.062500,8166.500
1785209609.105448723,50.744920,449,15,268.703125,8069.000
1785209609.105448723,50.744920,449,15,270.343750,7975.000
1785209609.105448723,50.744920,449,15,273.625000,7816.500
1785209609.105448723,50.744920,449,12,275.203125,7659.500
1785209609.217109203,50.824122,450,8,2.187500,4754.000
1785209609.217109203,50.824122,450,9,3.828125,4784.250
1785209609.217109203,50.824122,450,8,5.468750,4817.000
1785209609.217109203,50.824122,450,8,7.093750,4866.500
1785209609.217109203,50.824122,450,10,8.734375,4957.000
1785209609.217109203,50.824122,450,15,10.296875,5036.500
1785209609.217109203,50.824122,450,12,11.906250,5068.000
1785209609.217109203,50.824122,450,15,172.453125,1808.500
1785209609.217109203,50.824122,450,15,174.093750,1802.000
1785209609.217109203,50.824122,450,15,177.359375,1812.500
1785209609.217109203,50.824122,450,15,178.984375,1844.000
1785209609.217109203,50.824122,450,15,209.359375,9875.000
1785209609.217109203,50.824122,450,15,212.640625,9863.000
1785209609.217109203,50.824122,450,15,229.625000,1899.750
1785209609.217109203,50.824122,450,10,234.671875,1591.500
1785209609.217109203,50.824122,450,15,236.328125,1579.750
1785209609.217109203,50.824122,450,15,237.937500,1583.250
1785209609.217109203,50.824122,450,15,239.546875,1592.250
1785209609.217109203,50.824122,450,15,241.171875,1603.250
1785209609.217109203,50.824122,450,15,242.812500,1636.250
1785209609.217109203,50.824122,450,10,251.859375,10047.000
1785209609.217109203,50.824122,450,12,253.500000,9819.500
1785209609.217109203,50.824122,450,15,258.406250,9013.500
1785209609.217109203,50.824122,450,15,260.046875,8822.000
1785209609.217109203,50.824122,450,15,261.687500,8673.000
1785209609.217109203,50.824122,450,15,263.328125,8548.250
1785209609.217109203,50.824122,450,15,264.953125,8383.000
1785209609.217109203,50.824122,450,15,268.218750,8179.750
1785209609.217109203,50.824122,450,15,271.500000,7945.500
1785209609.217109203,50.824122,450,15,273.140625,7759.500
1785209609.330635071,50.983048,451,15,9.968750,5010.000
1785209609.330635071,50.983048,451,13,11.531250,5035.000
1785209609.330635071,50.983048,451,15,172.093750,1813.250
1785209609.330635071,50.983048,451,15,173.718750,1796.500
1785209609.330635071,50.983048,451,15,175.359375,1803.000
1785209609.330635071,50.983048,451,15,178.625000,1835.500
1785209609.330635071,50.983048,451,15,210.656250,9782.500
1785209609.330635071,50.983048,451,15,212.296875,9772.000
1785209609.330635071,50.983048,451,15,235.984375,1590.250
1785209609.330635071,50.983048,451,8,239.187500,1590.500
1785209609.330635071,50.983048,451,15,240.843750,1616.000
1785209609.330635071,50.983048,451,15,242.468750,1642.250
1785209609.330635071,50.983048,451,15,244.078125,1674.000
1785209609.330635071,50.983048,451,13,251.500000,10151.500
1785209609.330635071,50.983048,451,13,253.140625,9910.500
1785209609.330635071,50.983048,451,15,256.406250,9319.500
1785209609.330635071,50.983048,451,15,258.046875,9091.500
1785209609.330635071,50.983048,451,15,259.687500,8886.500
1785209609.330635071,50.983048,451,15,261.328125,8716.750
1785209609.330635071,50.983048,451,15,262.968750,8579.750
1785209609.330635071,50.983048,451,15,264.593750,8402.500
1785209609.330635071,50.983048,451,15,266.218750,8270.250
1785209609.330635071,50.983048,451,8,267.875000,8129.000
1785209609.330635071,50.983048,451,15,269.500000,7999.500
1785209609.330635071,50.983048,451,11,271.140625,7871.750
1785209609.330635071,50.983048,451,15,272.781250,7746.750
1785209609.442392111,51.059208,452,14,11.093750,5031.750
1785209609.442392111,51.059208,452,8,12.734375,5080.250
1785209609.442392111,51.059208,452,15,171.671875,1823.250
1785209609.442392111,51.059208,452,15,173.265625,1797.250
1785209609.442392111,51.059208,452,15,174.953125,1787.250
1785209609.442392111,51.059208,452,15,178.187500,1810.250
1785209609.442392111,51.059208,452,15,210.234375,9710.500
1785209609.442392111,51.059208,452,15,211.843750,9777.500
1785209609.442392111,51.059208,452,15,235.453125,1599.750
1785209609.442392111,51.059208,452,15,237.093750,1576.750
1785209609.442392111,51.059208,452,15,243.546875,1667.000
1785209609.442392111,51.059208,452,14,252.656250,9973.250
1785209609.442392111,51.059208,452,14,254.312500,9715.500
1785209609.442392111,51.059208,452,15,255.937500,9457.500
1785209609.442392111,51.059208,452,15,259.218750,8932.000
1785209609.442392111,51.059208,452,15,260.843750,8754.250
1785209609.442392111,51.059208,452,15,262.468750,8620.500
1785209609.442392111,51.059208,452,15,264.125000,8444.000
1785209609.442392111,51.059208,452,15,265.750000,8271.000
1785209609.442392111,51.059208,452,15,267.390625,8144.250
1785209609.442392111,51.059208,452,15,269.015625,8032.500
1785209609.442392111,51.059208,452,15,270.640625,7959.000
1785209609.442392111,51.059208,452,15,274.078125,4212.000
1785209609.553627968,51.212557,453,8,2.484375,4749.250
1785209609.553627968,51.212557,453,8,4.109375,4781.750
1785209609.553627968,51.212557,453,8,5.750000,4816.000
1785209609.553627968,51.212557,453,12,10.640625,5032.000
1785209609.553627968,51.212557,453,10,12.296875,5077.000
1785209609.553627968,51.212557,453,15,171.265625,1830.750
1785209609.553627968,51.212557,453,15,172.906250,1800.750
1785209609.553627968,51.212557,453,15,174.500000,1784.000
1785209609.553627968,51.212557,453,15,177.765625,1802.000
1785209609.553627968,51.212557,453,15,209.828125,9748.250
1785209609.553627968,51.212557,453,15,211.453125,9822.500
1785209609.553627968,51.212557,453,15,213.093750,9853.750
1785209609.553627968,51.212557,453,15,233.390625,1612.250
1785209609.553627968,51.212557,453,15,235.046875,1596.250
1785209609.553627968,51.212557,453,15,236.687500,1583.000
1785209609.553627968,51.212557,453,15,238.328125,1575.750
1785209609.553627968,51.212557,453,15,252.218750,10053.000
1785209609.553627968,51.212557,453,15,253.859375,9818.750
1785209609.553627968,51.212557,453,15,257.140625,9177.250
1785209609.553627968,51.212557,453,15,258.765625,8973.500
1785209609.553627968,51.212557,453,15,260.406250,8806.750
1785209609.553627968,51.212557,453,15,262.046875,8657.000
1785209609.553627968,51.212557,453,15,263.671875,8529.750
1785209609.553627968,51.212557,453,15,265.312500,8361.750
1785209609.553627968,51.212557,453,15,266.937500,8185.750
1785209609.553627968,51.212557,453,15,268.578125,8076.500
1785209609.553627968,51.212557,453,15,270.218750,7975.750
1785209609.553627968,51.212557,453,14,271.843750,7857.750
1785209609.553627968,51.212557,453,15,273.468750,7759.000
1785209609.668769360,51.290769,454,7,2.046875,4755.750
1785209609.668769360,51.290769,454,7,3.687500,4783.000
1785209609.668769360,51.290769,454,7,5.312500,4809.000
1785209609.668769360,51.290769,454,15,10.234375,5007.500
1785209609.668769360,51.290769,454,11,11.828125,5052.500
1785209609.668769360,51.290769,454,15,172.343750,1810.500
1785209609.668769360,51.290769,454,15,174.000000,1799.750
1785209609.668769360,51.290769,454,15,177.296875,1808.500
1785209609.668769360,51.290769,454,15,178.875000,1843.000
1785209609.668769360,51.290769,454,9,209.312500,9790.750
1785209609.668769360,51.290769,454,15,210.921875,9847.750
1785209609.668769360,51.290769,454,15,212.546875,9875.750
1785209609.668769360,51.290769,454,15,236.125000,1588.750
1785209609.668769360,51.290769,454,15,237.781250,1580.000
1785209609.668769360,51.290769,454,15,239.406250,1589.000
1785209609.668769360,51.290769,454,15,253.343750,9893.500
1785209609.668769360,51.290769,454,11,254.968750,9602.000
1785209609.668769360,51.290769,454,15,258.250000,9079.500
1785209609.668769360,51.290769,454,15,259.890625,8884.000
1785209609.668769360,51.290769,454,15,261.515625,8712.500
1785209609.668769360,51.290769,454,15,263.156250,8577.500
1785209609.668769360,51.290769,454,15,264.796875,8424.000
1785209609.779745817,51.369361,455,9,1.484375,4735.000
1785209609.779745817,51.369361,455,8,3.125000,4765.000
1785209609.779745817,51.369361,455,8,4.750000,4795.250
1785209609.779745817,51.369361,455,9,6.406250,4841.750
1785209609.779745817,51.369361,455,14,9.687500,4936.500
1785209609.779745817,51.369361,455,12,11.250000,5032.750
1785209609.779745817,51.369361,455,15,171.718750,1822.500
1785209609.779745817,51.369361,455,15,173.390625,1797.500
1785209609.779745817,51.369361,455,15,175.015625,1789.250
1785209609.779745817,51.369361,455,15,178.265625,1815.500
1785209609.779745817,51.369361,455,15,210.281250,9713.500
1785209609.779745817,51.369361,455,15,211.921875,9783.000
1785209609.779745817,51.369361,455,15,235.453125,1599.500
1785209609.779745817,51.369361,455,15,237.125000,1576.500
1785209609.779745817,51.369361,455,13,252.671875,9973.500
1785209609.779745817,51.369361,455,14,254.312500,9712.500
1785209609.779745817,51.369361,455,15,255.953125,9456.250
1785209609.779745817,51.369361,455,15,257.593750,9192.250
1785209609.779745817,51.369361,455,15,259.234375,8938.000
1785209609.779745817,51.369361,455,15,260.859375,8756.250
1785209609.779745817,51.369361,455,15,262.500000,8620.000
1785209609.779745817,51.369361,455,15,264.125000,8445.250
1785209609.779745817,51.369361,455,15,265.765625,8269.500
1785209609.779745817,51.369361,455,15,267.406250,8141.250
1785209609.779745817,51.369361,455,15,269.046875,8028.750
1785209609.779745817,51.369361,455,15,270.671875,7953.750
1785209609.779745817,51.369361,455,15,274.078125,4263.000
1785209609.893928528,51.526585,456,8,5.609375,4813.750
1785209609.893928528,51.526585,456,7,7.250000,4860.000
1785209609.893928528,51.526585,456,11,8.875000,4959.750
1785209609.893928528,51.526585,456,13,10.437500,5043.750
1785209609.893928528,51.526585,456,11,12.062500,5068.500
1785209609.893928528,51.526585,456,15,172.484375,1808.500
1785209609.893928528,51.526585,456,15,174.109375,1802.000
1785209609.893928528,51.526585,456,15,177.343750,1812.750
1785209609.893928528,51.526585,456,15,178.968750,1844.750
1785209609.893928528,51.526585,456,15,209.359375,9794.250
1785209609.893928528,51.526585,456,15,210.984375,9839.250
1785209609.893928528,51.526585,456,15,212.625000,9870.250
1785209609.893928528,51.526585,456,15,236.203125,1588.250
1785209609.893928528,51.526585,456,15,237.843750,1579.750
1785209609.893928528,51.526585,456,15,239.500000,1588.500
1785209609.893928528,51.526585,456,15,251.765625,10086.750
1785209609.893928528,51.526585,456,14,253.406250,9846.500
1785209609.893928528,51.526585,456,13,255.046875,9607.500
1785209609.893928528,51.526585,456,15,258.328125,9082.000
1785209609.893928528,51.526585,456,15,259.953125,8880.000
1785209609.893928528,51.526585,456,15,261.578125,8704.500
1785209609.893928528,51.526585,456,15,263.218750,8574.500
1785209609.893928528,51.526585,456,15,264.859375,8420.750
1785209610.005469322,51.602515,457,10,1.390625,4735.250
1785209610.005469322,51.602515,457,7,3.015625,4766.250
1785209610.005469322,51.602515,457,7,4.656250,4794.000
1785209610.005469322,51.602515,457,14,11.109375,5033.750
1785209610.005469322,51.602515,457,10,12.734375,5081.500
1785209610.005469322,51.602515,457,15,171.468750,1829.000
1785209610.005469322,51.602515,457,15,173.062500,1801.000
1785209610.005469322,51.602515,457,15,174.734375,1786.250
1785209610.005469322,51.602515,457,15,177.937500,1808.000
1785209610.005469322,51.602515,457,15,209.953125,9751.250
1785209610.005469322,51.602515,457,15,211.578125,9787.000
1785209610.005469322,51.602515,457,13,213.203125,9942.500
1785209610.005469322,51.602515,457,15,235.203125,1604.500
1785209610.005469322,51.602515,457,15,236.859375,1583.000
1785209610.005469322,51.602515,457,15,238.484375,1583.500
1785209610.005469322,51.602515,457,15,240.093750,1592.500
1785209610.005469322,51.602515,457,15,241.718750,1613.750
1785209610.005469322,51.602515,457,15,243.328125,1652.500
1785209610.005469322,51.602515,457,10,250.765625,10320.750
1785209610.005469322,51.602515,457,15,252.406250,10030.250
1785209610.005469322,51.602515,457,13,254.046875,9761.750
1785209610.005469322,51.602515,457,15,258.953125,8931.000
1785209610.005469322,51.602515,457,15,260.593750,8772.250
1785209610.005469322,51.602515,457,15,262.234375,8645.500
1785209610.005469322,51.602515,457,15,263.859375,8504.500
1785209610.005469322,51.602515,457,15,265.500000,8324.250
1785209610.005469322,51.602515,457,15,267.140625,8166.250
1785209610.005469322,51.602515,457,15,268.781250,8067.750
1785209610.005469322,51.602515,457,15,270.406250,7977.500
1785209610.005469322,51.602515,457,15,273.671875,7819.750
1785209610.005469322,51.602515,457,15,275.218750,7662.750
1785209610.120115280,51.742392,458,7,3.609375,4756.750
1785209610.120115280,51.742392,458,8,5.250000,4799.750
1785209610.120115280,51.742392,458,9,6.875000,4836.750
1785209610.120115280,51.742392,458,9,8.515625,4921.750
1785209610.120115280,51.742392,458,15,10.140625,4973.000
1785209610.120115280,51.742392,458,12,11.718750,5016.250
1785209610.120115280,51.742392,458,15,172.031250,1818.250
1785209610.120115280,51.742392,458,15,173.656250,1797.000
1785209610.120115280,51.742392,458,15,175.281250,1796.000
1785209610.120115280,51.742392,458,15,210.562500,9843.000
1785209610.120115280,51.742392,458,15,212.187500,9766.750
1785209610.120115280,51.742392,458,15,235.828125,1591.500
1785209610.120115280,51.742392,458,15,239.078125,1586.500
1785209610.120115280,51.742392,458,15,240.687500,1607.750
1785209610.120115280,51.742392,458,15,242.312500,1640.250
1785209610.120115280,51.742392,458,15,243.937500,1671.500
1785209610.120115280,51.742392,458,12,249.765625,10499.500
1785209610.120115280,51.742392,458,13,253.062500,9915.250
1785209610.120115280,51.742392,458,15,254.687500,9683.750
1785209610.120115280,51.742392,458,15,257.968750,9071.000
1785209610.120115280,51.742392,458,15,259.609375,8871.750
1785209610.120115280,51.742392,458,15,261.234375,8718.250
1785209610.120115280,51.742392,458,15,262.875000,8591.500
1785209610.120115280,51.742392,458,15,264.515625,8415.000
1785209610.120115280,51.742392,458,15,266.156250,8266.500
1785209610.120115280,51.742392,458,15,269.437500,8102.000
1785209610.120115280,51.742392,458,8,271.062500,7878.750
1785209610.120115280,51.742392,458,15,272.687500,7747.250
1785209610.231188297,51.819341,459,9,2.859375,4721.750
1785209610.231188297,51.819341,459,8,4.484375,4773.000
1785209610.231188297,51.819341,459,7,7.734375,4842.750
1785209610.231188297,51.819341,459,12,9.390625,4937.250
1785209610.231188297,51.819341,459,12,10.968750,5026.500
1785209610.231188297,51.819341,459,12,12.593750,5071.500
1785209610.231188297,51.819341,459,15,171.453125,1829.000
1785209610.231188297,51.819341,459,15,173.156250,1801.250
1785209610.231188297,51.819341,459,15,174.796875,1787.250
1785209610.231188297,51.819341,459,15,178.015625,1809.500
1785209610.231188297,51.819341,459,15,210.031250,9646.500
1785209610.231188297,51.819341,459,15,211.671875,9727.750
1785209610.231188297,51.819341,459,15,235.281250,1600.500
1785209610.231188297,51.819341,459,15,236.890625,1590.500
1785209610.231188297,51.819341,459,15,238.546875,1596.500
1785209610.231188297,51.819341,459,15,240.156250,1604.250
1785209610.231188297,51.819341,459,15,241.781250,1626.500
1785209610.231188297,51.819341,459,15,252.468750,9977.500
1785209610.231188297,51.819341,459,11,254.109375,9752.000
1785209610.231188297,51.819341,459,15,259.031250,8937.750
1785209610.231188297,51.819341,459,15,260.640625,8774.500
1785209610.231188297,51.819341,459,15,262.296875,8643.250
1785209610.231188297,51.819341,459,15,263.937500,8494.500
1785209610.231188297,51.819341,459,15,265.562500,8314.250
1785209610.231188297,51.819341,459,15,267.203125,8161.750
1785209610.231188297,51.819341,459,15,268.828125,8064.000
1785209610.231188297,51.819341,459,15,270.468750,7959.500
1785209610.342840672,51.960981,460,8,2.359375,4746.250
1785209610.342840672,51.960981,460,8,5.640625,4803.500
1785209610.342840672,51.960981,460,12,10.531250,5052.000
1785209610.342840672,51.960981,460,9,12.156250,5075.750
1785209610.342840672,51.960981,460,15,172.531250,1808.000
1785209610.342840672,51.960981,460,15,174.171875,1788.750
1785209610.342840672,51.960981,460,15,177.453125,1800.500
1785209610.342840672,51.960981,460,15,209.531250,9791.000
1785209610.342840672,51.960981,460,10,211.171875,9804.750
1785209610.342840672,51.960981,460,15,212.812500,9822.250
1785209610.342840672,51.960981,460,15,229.734375,1897.250
1785209610.342840672,51.960981,460,15,233.109375,1618.000
1785209610.342840672,51.960981,460,15,234.734375,1594.500
1785209610.342840672,51.960981,460,15,236.437500,1582.750
1785209610.342840672,51.960981,460,10,238.046875,1583.500
1785209610.342840672,51.960981,460,15,239.625000,1601.500
1785209610.342840672,51.960981,460,15,241.250000,1621.500
1785209610.342840672,51.960981,460,15,242.875000,1645.250
1785209610.342840672,51.960981,460,13,251.953125,10029.000
1785209610.342840672,51.960981,460,13,253.578125,9797.000
1785209610.342840672,51.960981,460,14,255.218750,9533.000
1785209610.342840672,51.960981,460,15,258.484375,8999.750
1785209610.342840672,51.960981,460,15,260.125000,8819.750
1785209610.342840672,51.960981,460,15,261.750000,8678.750
1785209610.342840672,51.960981,460,15,265.015625,8321.750
1785209610.342840672,51.960981,460,15,268.281250,8176.500
1785209610.342840672,51.960981,460,15,269.921875,7986.000
1785209610.342840672,51.960981,460,15,271.562500,7863.500
1785209610.342840672,51.960981,460,15,273.203125,7756.750
1785209610.459963083,52.115594,461,15,10.000000,5012.500
1785209610.459963083,52.115594,461,11,11.625000,5032.000
1785209610.459963083,52.115594,461,15,172.031250,1817.000
1785209610.459963083,52.115594,461,15,173.656250,1796.750
1785209610.459963083,52.115594,461,15,175.281250,1800.500
1785209610.459963083,52.115594,461,15,178.531250,1835.000
1785209610.459963083,52.115594,461,15,212.281250,9781.500
1785209610.459963083,52.115594,461,15,235.890625,1591.000
1785209610.459963083,52.115594,461,9,239.156250,1590.750
1785209610.459963083,52.115594,461,15,240.750000,1616.250
1785209610.459963083,52.115594,461,15,242.375000,1641.250
1785209610.459963083,52.115594,461,15,243.984375,1672.750
1785209610.459963083,52.115594,461,13,253.109375,9908.500
1785209610.459963083,52.115594,461,15,258.031250,9075.000
1785209610.459963083,52.115594,461,15,259.671875,8884.000
1785209610.459963083,52.115594,461,15,261.312500,8716.000
1785209610.459963083,52.115594,461,15,262.937500,8585.750
1785209610.459963083,52.115594,461,15,264.578125,8409.500
1785209610.459963083,52.115594,461,15,266.203125,8266.000
1785209610.459963083,52.115594,461,11,267.843750,8126.500
1785209610.459963083,52.115594,461,15,269.484375,8010.250
1785209610.459963083,52.115594,461,15,271.125000,7889.250
1785209610.459963083,52.115594,461,15,272.765625,7752.500
1785209610.569593668,52.194140,462,9,1.375000,4734.000
1785209610.569593668,52.194140,462,7,3.015625,4763.500
1785209610.569593668,52.194140,462,10,4.640625,4791.250
1785209610.569593668,52.194140,462,14,11.125000,5032.750
1785209610.569593668,52.194140,462,9,12.765625,5084.750
1785209610.569593668,52.194140,462,15,171.656250,1822.000
1785209610.569593668,52.194140,462,15,173.296875,1796.500
1785209610.569593668,52.194140,462,15,174.937500,1787.750
1785209610.569593668,52.194140,462,15,210.171875,9629.250
1785209610.569593668,52.194140,462,15,211.796875,9662.000
1785209610.569593668,52.194140,462,15,235.421875,1599.750
1785209610.569593668,52.194140,462,15,237.031250,1576.500
1785209610.569593668,52.194140,462,15,241.890625,1639.750
1785209610.569593668,52.194140,462,15,243.515625,1666.750
1785209610.569593668,52.194140,462,14,252.625000,9970.500
1785209610.569593668,52.194140,462,14,254.265625,9714.500
1785209610.569593668,52.194140,462,15,255.906250,9453.000
1785209610.569593668,52.194140,462,15,257.562500,9187.750
1785209610.569593668,52.194140,462,15,259.187500,8934.250
1785209610.569593668,52.194140,462,15,260.828125,8752.750
1785209610.569593668,52.194140,462,15,262.468750,8619.000
1785209610.569593668,52.194140,462,15,264.109375,8445.250
1785209610.569593668,52.194140,462,15,265.750000,8271.500
1785209610.569593668,52.194140,462,15,267.390625,8146.250
1785209610.569593668,52.194140,462,15,269.015625,8029.250
1785209610.569593668,52.194140,462,15,270.656250,7951.750
1785209610.569593668,52.194140,462,15,274.078125,4220.250
1785209610.683073759,52.335614,463,11,5.640625,4797.250
1785209610.683073759,52.335614,463,12,10.500000,5047.750
1785209610.683073759,52.335614,463,10,12.125000,5073.500
1785209610.683073759,52.335614,463,15,172.609375,1808.500
1785209610.683073759,52.335614,463,15,174.234375,1794.750
1785209610.683073759,52.335614,463,15,177.468750,1807.000
1785209610.683073759,52.335614,463,15,179.062500,1846.500
1785209610.683073759,52.335614,463,15,209.406250,9792.500
1785209610.683073759,52.335614,463,15,212.656250,9821.000
1785209610.683073759,52.335614,463,15,229.593750,1900.250
1785209610.683073759,52.335614,463,9,234.609375,1590.750
1785209610.683073759,52.335614,463,15,236.296875,1579.750
1785209610.683073759,52.335614,463,15,237.890625,1584.500
1785209610.683073759,52.335614,463,15,239.500000,1594.500
1785209610.683073759,52.335614,463,15,241.093750,1605.250
1785209610.683073759,52.335614,463,15,242.750000,1636.500
1785209610.683073759,52.335614,463,11,251.828125,10085.500
1785209610.683073759,52.335614,463,13,253.468750,9837.250
1785209610.683073759,52.335614,463,14,255.109375,9596.250
1785209610.683073759,52.335614,463,15,258.390625,9039.250
1785209610.683073759,52.335614,463,15,260.031250,8816.250
1785209610.683073759,52.335614,463,15,261.656250,8675.250
1785209610.683073759,52.335614,463,15,263.296875,8547.750
1785209610.683073759,52.335614,463,15,264.921875,8379.500
1785209610.683073759,52.335614,463,15,268.203125,8179.750
1785209610.683073759,52.335614,463,15,271.468750,7945.250
1785209610.683073759,52.335614,463,15,273.109375,7759.500
1785209610.794681787,52.400332,464,8,1.578125,4736.250
1785209610.794681787,52.400332,464,8,3.218750,4768.250
1785209610.794681787,52.400332,464,9,4.843750,4801.000
1785209610.794681787,52.400332,464,11,6.500000,4846.750
1785209610.794681787,52.400332,464,15,9.750000,5015.750
1785209610.794681787,52.400332,464,13,11.312500,5027.500
1785209610.794681787,52.400332,464,15,171.828125,1821.500
1785209610.794681787,52.400332,464,15,173.468750,1797.250
1785209610.794681787,52.400332,464,15,175.140625,1789.500
1785209610.794681787,52.400332,464,15,210.328125,9769.750
1785209610.794681787,52.400332,464,15,211.953125,9791.000
1785209610.794681787,52.400332,464,11,233.953125,1598.000
1785209610.794681787,52.400332,464,15,235.562500,1584.500
1785209610.794681787,52.400332,464,15,237.203125,1579.750
1785209610.794681787,52.400332,464,15,238.843750,1580.000
1785209610.794681787,52.400332,464,15,252.734375,9967.500
1785209610.794681787,52.400332,464,15,255.984375,9406.500
1785209610.794681787,52.400332,464,15,257.640625,9185.500
1785209610.794681787,52.400332,464,15,259.281250,8937.250
1785209610.794681787,52.400332,464,15,260.906250,8759.500
1785209610.794681787,52.400332,464,15,262.531250,8618.500
1785209610.794681787,52.400332,464,15,264.171875,8436.250
1785209610.794681787,52.400332,464,15,265.812500,8265.750
1785209610.794681787,52.400332,464,15,267.437500,8141.500
1785209610.794681787,52.400332,464,15,269.078125,8022.750
1785209610.794681787,52.400332,464,15,270.687500,7947.250
1785209610.794681787,52.400332,464,15,274.125000,4281.000
1785209610.909253359,52.541286,465,7,0.765625,4729.750
1785209610.909253359,52.541286,465,8,5.671875,4780.750
1785209610.909253359,52.541286,465,14,10.515625,5048.000
1785209610.909253359,52.541286,465,11,12.171875,5074.000
1785209610.909253359,52.541286,465,15,172.593750,1808.750
1785209610.909253359,52.541286,465,15,174.218750,1790.750
1785209610.909253359,52.541286,465,15,177.500000,1806.500
1785209610.909253359,52.541286,465,15,179.062500,1853.250
1785209610.909253359,52.541286,465,15,209.453125,9787.250
1785209610.909253359,52.541286,465,10,211.078125,9810.000
1785209610.909253359,52.541286,465,15,212.703125,9824.750
1785209610.909253359,52.541286,465,15,229.625000,1899.250
1785209610.909253359,52.541286,465,13,234.687500,1594.750
1785209610.909253359,52.541286,465,15,236.312500,1583.250
1785209610.909253359,52.541286,465,10,237.953125,1583.250
1785209610.909253359,52.541286,465,15,239.546875,1593.750
1785209610.909253359,52.541286,465,15,241.187500,1604.750
1785209610.909253359,52.541286,465,15,242.796875,1636.750
1785209610.909253359,52.541286,465,11,251.828125,10092.000
1785209610.909253359,52.541286,465,13,253.468750,9834.000
1785209610.909253359,52.541286,465,14,255.109375,9586.250
1785209610.909253359,52.541286,465,15,258.375000,9065.250
1785209610.909253359,52.541286,465,15,260.015625,8846.000
1785209610.909253359,52.541286,465,15,261.640625,8676.000
1785209610.909253359,52.541286,465,15,263.281250,8556.250
1785209610.909253359,52.541286,465,15,264.906250,8419.000
1785209610.909253359,52.541286,465,11,269.796875,8017.000
1785209610.909253359,52.541286,465,15,271.437500,7901.500
1785209610.909253359,52.541286,465,15,273.062500,7763.750
1785209611.021394014,52.619967,466,7,1.484375,4736.750
1785209611.021394014,52.619967,466,8,3.125000,4770.250
1785209611.021394014,52.619967,466,12,6.375000,4832.250
1785209611.021394014,52.619967,466,15,9.656250,4935.500
1785209611.021394014,52.619967,466,14,11.234375,5031.750
1785209611.021394014,52.619967,466,15,171.718750,1822.000
1785209611.021394014,52.619967,466,15,173.359375,1797.000
1785209611.021394014,52.619967,466,15,174.984375,1790.000
1785209611.021394014,52.619967,466,15,178.265625,1816.000
1785209611.021394014,52.619967,466,15,210.343750,9766.000
1785209611.021394014,52.619967,466,15,211.968750,9790.000
1785209611.021394014,52.619967,466,10,233.890625,1598.750
1785209611.021394014,52.619967,466,15,235.578125,1584.000
1785209611.021394014,52.619967,466,15,237.218750,1579.750
1785209611.021394014,52.619967,466,12,238.812500,1585.000
1785209611.021394014,52.619967,466,14,252.734375,9927.750
1785209611.021394014,52.619967,466,15,256.000000,9406.500
1785209611.021394014,52.619967,466,15,257.640625,9186.000
1785209611.021394014,52.619967,466,15,259.265625,8938.250
1785209611.021394014,52.619967,466,15,260.906250,8758.250
1785209611.021394014,52.619967,466,15,262.531250,8613.750
1785209611.021394014,52.619967,466,15,264.171875,8431.000
1785209611.021394014,52.619967,466,15,265.812500,8263.500
1785209611.021394014,52.619967,466,15,267.437500,8140.000
1785209611.021394014,52.619967,466,15,269.062500,8023.000
1785209611.021394014,52.619967,466,15,270.703125,7955.500
1785209611.136162043,52.761665,467,8,5.640625,4801.250
1785209611.136162043,52.761665,467,13,10.531250,5045.000
1785209611.136162043,52.761665,467,10,12.171875,5073.500
1785209611.136162043,52.761665,467,15,170.921875,1837.000
1785209611.136162043,52.761665,467,15,172.562500,1808.750
1785209611.136162043,52.761665,467,15,174.203125,1790.000
1785209611.136162043,52.761665,467,15,177.468750,1802.250
1785209611.136162043,52.761665,467,15,209.578125,9778.250
1785209611.136162043,52.761665,467,15,212.859375,9770.250
1785209611.136162043,52.761665,467,15,229.812500,1893.000
1785209611.136162043,52.761665,467,15,233.171875,1617.000
1785209611.136162043,52.761665,467,15,234.843750,1594.000
1785209611.136162043,52.761665,467,15,236.453125,1582.250
1785209611.136162043,52.761665,467,15,239.718750,1588.750
1785209611.136162043,52.761665,467,15,241.359375,1627.750
1785209611.136162043,52.761665,467,11,253.656250,9803.000
1785209611.136162043,52.761665,467,14,255.296875,9539.750
1785209611.136162043,52.761665,467,15,258.578125,8990.250
1785209611.136162043,52.761665,467,15,260.203125,8827.000
1785209611.136162043,52.761665,467,15,261.859375,8673.500
1785209611.136162043,52.761665,467,15,263.500000,8517.500
1785209611.136162043,52.761665,467,15,265.109375,8349.500
1785209611.136162043,52.761665,467,15,268.390625,8156.750
1785209611.136162043,52.761665,467,9,270.015625,7973.500
1785209611.136162043,52.761665,467,15,271.671875,7860.500
1785209611.136162043,52.761665,467,15,273.281250,7755.500
1785209611.247173309,52.840583,468,7,1.781250,4752.500
1785209611.247173309,52.840583,468,8,3.406250,4779.500
1785209611.247173309,52.840583,468,10,6.687500,4828.000
1785209611.247173309,52.840583,468,15,9.953125,5012.000
1785209611.247173309,52.840583,468,13,11.546875,5032.500
1785209611.247173309,52.840583,468,15,171.984375,1816.750
1785209611.247173309,52.840583,468,15,173.578125,1796.750
1785209611.247173309,52.840583,468,15,175.218750,1800.250
1785209611.247173309,52.840583,468,15,178.453125,1832.250
1785209611.247173309,52.840583,468,10,208.937500,9823.500
1785209611.247173309,52.840583,468,15,210.578125,9791.250
1785209611.247173309,52.840583,468,15,212.218750,9772.500
1785209611.247173309,52.840583,468,15,235.859375,1591.250
1785209611.247173309,52.840583,468,15,239.109375,1586.750
1785209611.247173309,52.840583,468,15,240.734375,1608.000
1785209611.247173309,52.840583,468,15,242.328125,1639.750
1785209611.247173309,52.840583,468,15,243.984375,1674.500
1785209611.247173309,52.840583,468,11,249.765625,10498.000
1785209611.247173309,52.840583,468,13,253.078125,9905.500
1785209611.247173309,52.840583,468,15,258.000000,9075.750
1785209611.247173309,52.840583,468,15,259.640625,8876.750
1785209611.247173309,52.840583,468,15,261.265625,8714.500
1785209611.247173309,52.840583,468,15,262.921875,8584.250
1785209611.247173309,52.840583,468,15,264.546875,8406.750
1785209611.247173309,52.840583,468,15,266.187500,8262.500
1785209611.247173309,52.840583,468,15,269.468750,8107.250
1785209611.247173309,52.840583,468,7,271.109375,7894.750
1785209611.247173309,52.840583,468,15,272.734375,7760.250
1785209611.357769251,52.996379,469,12,11.000000,5032.750
1785209611.357769251,52.996379,469,12,12.656250,5085.000
1785209611.357769251,52.996379,469,15,171.515625,1824.750
1785209611.357769251,52.996379,469,15,173.187500,1797.250
1785209611.357769251,52.996379,469,15,174.781250,1788.000
1785209611.357769251,52.996379,469,15,178.046875,1810.250
1785209611.357769251,52.996379,469,15,210.078125,9635.000
1785209611.357769251,52.996379,469,15,211.718750,9716.250
1785209611.357769251,52.996379,469,15,235.328125,1600.250
1785209611.357769251,52.996379,469,15,236.984375,1578.000
1785209611.357769251,52.996379,469,9,238.546875,1583.500
1785209611.357769251,52.996379,469,15,240.171875,1608.250
1785209611.357769251,52.996379,469,15,241.812500,1637.750
1785209611.357769251,52.996379,469,15,252.578125,9976.500
1785209611.357769251,52.996379,469,14,254.234375,9733.000
1785209611.357769251,52.996379,469,15,255.875000,9455.250
1785209611.357769251,52.996379,469,15,257.515625,9180.750
1785209611.357769251,52.996379,469,15,259.156250,8943.750
1785209611.357769251,52.996379,469,15,260.796875,8761.750
1785209611.357769251,52.996379,469,15,262.437500,8619.500
1785209611.357769251,52.996379,469,15,264.062500,8444.500
1785209611.357769251,52.996379,469,15,265.718750,8267.000
1785209611.357769251,52.996379,469,15,267.359375,8141.250
1785209611.357769251,52.996379,469,15,269.000000,8040.000
1785209611.357769251,52.996379,469,15,270.640625,7949.000
1785209611.357769251,52.996379,469,15,274.062500,4249.250
1785209611.473118782,53.059405,470,9,0.875000,4733.750
1785209611.473118782,53.059405,470,9,2.515625,4758.250
1785209611.473118782,53.059405,470,7,4.156250,4789.000
1785209611.473118782,53.059405,470,7,5.781250,4821.000
1785209611.473118782,53.059405,470,8,7.406250,4908.750
1785209611.473118782,53.059405,470,12,9.062500,4974.000
1785209611.473118782,53.059405,470,11,10.609375,5019.750
1785209611.473118782,53.059405,470,12,12.250000,5076.500
1785209611.473118782,53.059405,470,15,171.281250,1831.000
1785209611.473118782,53.059405,470,15,172.875000,1800.500
1785209611.473118782,53.059405,470,15,174.531250,1784.500
1785209611.473118782,53.059405,470,15,177.812500,1802.500
1785209611.473118782,53.059405,470,15,209.781250,9761.250
1785209611.473118782,53.059405,470,15,211.421875,9832.250
1785209611.473118782,53.059405,470,15,213.046875,9849.250
1785209611.473118782,53.059405,470,15,233.406250,1612.000
1785209611.473118782,53.059405,470,15,235.046875,1593.000
1785209611.473118782,53.059405,470,15,236.671875,1579.750
1785209611.473118782,53.059405,470,15,238.343750,1575.750
1785209611.473118782,53.059405,470,15,239.968750,1593.000
1785209611.473118782,53.059405,470,15,252.296875,10033.500
1785209611.473118782,53.059405,470,15,253.937500,9767.000
1785209611.473118782,53.059405,470,15,257.218750,9179.000
1785209611.473118782,53.059405,470,15,258.843750,8973.250
1785209611.473118782,53.059405,470,15,260.484375,8806.000
1785209611.473118782,53.059405,470,15,262.125000,8653.250
1785209611.473118782,53.059405,470,15,263.750000,8523.000
1785209611.473118782,53.059405,470,15,265.390625,8351.750
1785209611.473118782,53.059405,470,15,267.031250,8176.750
1785209611.473118782,53.059405,470,15,268.656250,8066.500
1785209611.473118782,53.059405,470,15,270.312500,7980.750
1785209611.473118782,53.059405,470,15,273.593750,7823.750
1785209611.473118782,53.059405,470,15,275.171875,7666.250
1785209611.584210157,53.213967,471,8,5.531250,4800.000
1785209611.584210157,53.213967,471,10,7.171875,4863.000
1785209611.584210157,53.213967,471,10,8.796875,4957.250
1785209611.584210157,53.213967,471,15,10.359375,5036.000
1785209611.584210157,53.213967,471,15,12.000000,5067.250
1785209611.584210157,53.213967,471,15,172.609375,1809.000
1785209611.584210157,53.213967,471,15,174.234375,1791.250
1785209611.584210157,53.213967,471,15,177.468750,1806.500
1785209611.584210157,53.213967,471,15,179.046875,1852.750
1785209611.584210157,53.213967,471,15,209.500000,9734.250
1785209611.584210157,53.213967,471,9,211.125000,9805.500
1785209611.584210157,53.213967,471,15,212.750000,9761.500
1785209611.584210157,53.213967,471,15,229.718750,1893.750
1785209611.584210157,53.213967,471,15,233.156250,1617.500
1785209611.584210157,53.213967,471,15,234.750000,1594.500
1785209611.584210157,53.213967,471,15,236.421875,1583.000
1785209611.584210157,53.213967,471,10,238.015625,1583.250
1785209611.584210157,53.213967,471,15,239.687500,1598.000
1785209611.584210157,53.213967,471,15,241.281250,1617.500
1785209611.584210157,53.213967,471,15,242.906250,1645.750
1785209611.584210157,53.213967,471,13,253.593750,9799.250
1785209611.584210157,53.213967,471,13,255.250000,9546.750
1785209611.584210157,53.213967,471,15,258.515625,9010.250
1785209611.584210157,53.213967,471,15,260.156250,8823.500
1785209611.584210157,53.213967,471,15,261.781250,8676.250
1785209611.584210157,53.213967,471,15,263.421875,8525.750
1785209611.584210157,53.213967,471,15,265.062500,8346.750
1785209611.584210157,53.213967,471,15,268.343750,8155.000
1785209611.584210157,53.213967,471,15,269.953125,7968.750
1785209611.584210157,53.213967,471,15,271.593750,7857.000
1785209611.698194265,53.294717,472,15,9.937500,5018.250
1785209611.698194265,53.294717,472,14,11.500000,5039.500
1785209611.698194265,53.294717,472,15,171.906250,1819.500
1785209611.698194265,53.294717,472,15,173.546875,1797.250
1785209611.698194265,53.294717,472,15,175.203125,1793.750
1785209611.698194265,53.294717,472,15,210.421875,9676.000
1785209611.698194265,53.294717,472,15,212.062500,9702.750
1785209611.698194265,53.294717,472,15,235.687500,1596.250
1785209611.698194265,53.294717,472,15,237.328125,1586.250
1785209611.698194265,53.294717,472,15,238.937500,1585.750
1785209611.698194265,53.294717,472,14,240.562500,1595.000
1785209611.698194265,53.294717,472,15,242.171875,1623.750
1785209611.698194265,53.294717,472,15,254.484375,9670.750
1785209611.698194265,53.294717,472,15,257.750000,9153.500
1785209611.698194265,53.294717,472,15,259.406250,8916.250
1785209611.698194265,53.294717,472,15,261.031250,8741.250
1785209611.698194265,53.294717,472,15,262.656250,8613.750
1785209611.698194265,53.294717,472,15,264.312500,8472.000
1785209611.698194265,53.294717,472,15,265.937500,8295.250
1785209611.698194265,53.294717,472,15,267.562500,8137.250
1785209611.698194265,53.294717,472,15,269.203125,8040.250
1785209611.698194265,53.294717,472,15,270.828125,7939.750
1785209611.698194265,53.294717,472,15,274.250000,4234.000
1785209611.811175346,53.452289,473,7,4.203125,4789.500
1785209611.811175346,53.452289,473,7,5.812500,4840.750
1785209611.811175346,53.452289,473,8,7.453125,4931.750
1785209611.811175346,53.452289,473,12,9.078125,4978.500
1785209611.811175346,53.452289,473,11,10.703125,5023.000
1785209611.811175346,53.452289,473,14,12.343750,5080.750
1785209611.811175346,53.452289,473,15,171.125000,1836.500
1785209611.811175346,53.452289,473,15,172.765625,1805.250
1785209611.811175346,53.452289,473,15,174.390625,1785.000
1785209611.811175346,53.452289,473,15,177.656250,1801.500
1785209611.811175346,53.452289,473,15,209.656250,9760.000
1785209611.811175346,53.452289,473,15,212.906250,9838.250
1785209611.811175346,53.452289,473,15,229.796875,1893.500
1785209611.811175346,53.452289,473,15,233.187500,1616.000
1785209611.811175346,53.452289,473,15,234.843750,1594.250
1785209611.811175346,53.452289,473,15,236.515625,1582.500
1785209611.811175346,53.452289,473,15,239.687500,1592.500
1785209611.811175346,53.452289,473,15,241.343750,1631.000
1785209611.811175346,53.452289,473,12,253.640625,9804.750
1785209611.811175346,53.452289,473,12,255.281250,9558.500
1785209611.811175346,53.452289,473,15,258.546875,9011.000
1785209611.811175346,53.452289,473,15,260.171875,8824.500
1785209611.811175346,53.452289,473,15,261.812500,8662.250
1785209611.811175346,53.452289,473,15,263.453125,8508.250
1785209611.811175346,53.452289,473,15,265.078125,8342.500
1785209611.811175346,53.452289,473,15,268.343750,8152.250
1785209611.811175346,53.452289,473,15,269.984375,7969.250
1785209611.811175346,53.452289,473,15,271.609375,7857.750
1785209611.811175346,53.452289,473,8,273.234375,7757.500
1785209611.924877882,53.532229,474,8,4.921875,4778.500
1785209611.924877882,53.532229,474,9,6.546875,4856.250
1785209611.924877882,53.532229,474,7,8.171875,4955.750
1785209611.924877882,53.532229,474,15,9.828125,5011.500
1785209611.924877882,53.532229,474,14,11.437500,5036.750
1785209611.924877882,53.532229,474,15,171.781250,1820.500
1785209611.924877882,53.532229,474,15,173.453125,1797.000
1785209611.924877882,53.532229,474,15,175.046875,1790.500
1785209611.924877882,53.532229,474,15,178.296875,1816.750
1785209611.924877882,53.532229,474,15,210.359375,9739.500
1785209611.924877882,53.532229,474,15,212.000000,9769.750
1785209611.924877882,53.532229,474,11,233.937500,1598.250
1785209611.924877882,53.532229,474,15,235.578125,1583.250
1785209611.924877882,53.532229,474,15,237.171875,1579.750
1785209611.924877882,53.532229,474,15,238.828125,1584.250
1785209611.924877882,53.532229,474,14,252.734375,9931.500
1785209611.924877882,53.532229,474,15,256.000000,9394.750
1785209611.924877882,53.532229,474,15,257.640625,9179.500
1785209611.924877882,53.532229,474,15,259.265625,8942.500
1785209611.924877882,53.532229,474,15,260.906250,8754.500
1785209611.924877882,53.532229,474,15,262.546875,8610.750
1785209611.924877882,53.532229,474,15,264.171875,8422.250
1785209611.924877882,53.532229,474,15,265.812500,8244.500
1785209611.924877882,53.532229,474,15,267.437500,8132.000
1785209611.924877882,53.532229,474,15,269.062500,8023.250
1785209611.924877882,53.532229,474,15,270.703125,7953.500
1785209611.924877882,53.532229,474,12,274.125000,4211.500
