elapsed_s,planner_state,plan_reason,planned_speed,planned_steering,command_speed,command_steering,command_reason,safety_overrode_command,lidar_scan_timestamp,lidar_is_new_scan,lidar_valid,lidar_unsafe,lidar_observed_points,lidar_reason,car_count,first_car_seen,first_car_confirmed,first_car_turn_reached,first_car_edge_y_back_mm,first_car_turn_error_mm,gap_pair_observed,tracking_roi_expanded,first_car_gate_passed,second_car_gate_armed,ordered_second_car_pairing,gap_found,gap_confirmed,gap_coasted,gap_width_mm,gap_center_x_right_mm,gap_center_y_back_mm,entry_target_y_back_mm,entry_error_mm,entry_reached,slot_depth_x_right,slot_depth_y_back,raw_gap_scan_timestamp,raw_gap_observed_width_mm,raw_gap_first_x_right_mm,raw_gap_first_y_back_mm,raw_gap_second_x_right_mm,raw_gap_second_y_back_mm,geometry_found,geometry_has_side_pair,geometry_has_back_line,geometry_confidence,geometry_coasted,geometry_reason,geometry_lateral_error_px,geometry_lateral_error_norm,geometry_heading_error_deg,geometry_depth_remaining_px,geometry_slot_width_px,geometry_slot_depth_px,completion_candidate,completion_reason,footprint_min_lateral_mm,footprint_max_lateral_mm,footprint_min_depth_mm,footprint_max_depth_mm,pose_required,pose_source,pose_locked,pose_tracked,pose_stale,pose_held,pose_lost,pose_scan_timestamp,pose_translation_mm,pose_rotation_deg,pose_support_points,pose_bilateral_support,pose_depth_span_mm,pose_reason,pose_polygon_mm,map_frozen,map_source_scan_timestamp,map_landmark_count,map_surface_point_count,map_reason,map_icp_fallback_scans,path_status,path_found,path_reason,path_curvature_per_px,path_maximum_curvature_per_px,path_entry_steering_ratio,path_entry_heading_change_deg,path_final_lateral_offset_px,path_minimum_side_clearance_px,path_maximum_entry_depth_px,path_lookahead_x_px,path_lookahead_y_px,path_points_px,lease_valid,lease_expires_at_s,lease_remaining_s,lease_last_fresh_pose_at_s,lease_pose_age_s
0.012115,idle,waiting_for_start,0,0,0,0,waiting_for_start,0,1785210827.9905748,1,1,0,73,searching_for_parked_cars,0,0,0,0,,,0,0,0,0,0,0,0,0,,,,-300.0,,0,,,,,,,,,0,0,0,0.0,0,lidar_slot_box_unavailable,0.0,0.0,0.0,,,,0,footprint_unavailable,,,,,0,NONE,0,0,0,0,0,,0.0,0.0,0,0,0.0,slot_not_locked,,0,,0,0,,0,,0,,,,,,,,,,,,0,,,,
0.172788,idle,waiting_for_start,0,0,0,0,waiting_for_start,0,1785210828.1045153,1,1,0,79,searching_for_parked_cars,0,0,0,0,,,0,0,0,0,0,0,0,0,,,,-300.0,,0,,,,,,,,,0,0,0,0.0,0,lidar_slot_box_unavailable,0.0,0.0,0.0,,,,0,footprint_unavailable,,,,,0,NONE,0,0,0,0,0,,0.0,0.0,0,0,0.0,slot_not_locked,,0,,0,0,,0,,0,,,,,,,,,,,,0,,,,
0.251391,idle,waiting_for_start,0,0,0,0,waiting_for_start,0,1785210828.2169907,1,1,0,73,searching_for_parked_cars,0,0,0,0,,,0,0,0,0,0,0,0,0,,,,-300.0,,0,,,,,,,,,0,0,0,0.0,0,lidar_slot_box_unavailable,0.0,0.0,0.0,,,,0,footprint_unavailable,,,,,0,NONE,0,0,0,0,0,,0.0,0.0,0,0,0.0,slot_not_locked,,0,,0,0,,0,,0,,,,,,,,,,,,0,,,,
0.328104,idle,waiting_for_start,0,0,0,0,waiting_for_start,0,1785210828.3273437,1,1,0,74,searching_for_parked_cars,0,0,0,0,,,0,0,0,0,0,0,0,0,,,,-300.0,,0,,,,,,,,,0,0,0,0.0,0,lidar_slot_box_unavailable,0.0,0.0,0.0,,,,0,footprint_unavailable,,,,,0,NONE,0,0,0,0,0,,0.0,0.0,0,0,0.0,slot_not_locked,,0,,0,0,,0,,0,,,,,,,,,,,,0,,,,
0.40573,idle,waiting_for_start,0,0,0,0,waiting_for_start,0,1785210828.3273437,0,1,0,74,searching_for_parked_cars,0,0,0,0,,,0,0,0,0,0,0,0,0,,,,-300.0,,0,,,,,,,,,0,0,0,0.0,0,lidar_slot_box_unavailable,0.0,0.0,0.0,,,,0,footprint_unavailable,,,,,0,NONE,0,0,0,0,0,,0.0,0.0,0,0,0.0,slot_not_locked,,0,,0,0,,0,,0,,,,,,,,,,,,0,,,,
0.482952,idle,waiting_for_start,0,0,0,0,waiting_for_start,0,1785210828.4393182,1,1,0,77,searching_for_parked_cars,0,0,0,0,,,0,0,0,0,0,0,0,0,,,,-300.0,,0,,,,,,,,,0,0,0,0.0,0,lidar_slot_box_unavailable,0.0,0.0,0.0,,,,0,footprint_unavailable,,,,,0,NONE,0,0,0,0,0,,0.0,0.0,0,0,0.0,slot_not_locked,,0,,0,0,,0,,0,,,,,,,,,,,,0,,,,
0.559724,idle,waiting_for_start,0,0,0,0,waiting_for_start,0,1785210828.5536418,1,1,0,74,searching_for_parked_cars,0,0,0,0,,,0,0,0,0,0,0,0,0,,,,-300.0,,0,,,,,,,,,0,0,0,0.0,0,lidar_slot_box_unavailable,0.0,0.0,0.0,,,,0,footprint_unavailable,,,,,0,NONE,0,0,0,0,0,,0.0,0.0,0,0,0.0,slot_not_locked,,0,,0,0,,0,,0,,,,,,,,,,,,0,,,,
0.638177,idle,waiting_for_start,0,0,0,0,waiting_for_start,0,1785210828.5536418,0,1,0,74,searching_for_parked_cars,0,0,0,0,,,0,0,0,0,0,0,0,0,,,,-300.0,,0,,,,,,,,,0,0,0,0.0,0,lidar_slot_box_unavailable,0.0,0.0,0.0,,,,0,footprint_unavailable,,,,,0,NONE,0,0,0,0,0,,0.0,0.0,0,0,0.0,slot_not_locked,,0,,0,0,,0,,0,,,,,,,,,,,,0,,,,
0.71556,idle,waiting_for_start,0,0,0,0,waiting_for_start,0,1785210828.6648374,1,1,0,70,searching_for_parked_cars,0,0,0,0,,,0,0,0,0,0,0,0,0,,,,-300.0,,0,,,,,,,,,0,0,0,0.0,0,lidar_slot_box_unavailable,0.0,0.0,0.0,,,,0,footprint_unavailable,,,,,0,NONE,0,0,0,0,0,,0.0,0.0,0,0,0.0,slot_not_locked,,0,,0,0,,0,,0,,,,,,,,,,,,0,,,,
0.794999,idle,waiting_for_start,0,0,0,0,waiting_for_start,0,1785210828.776853,1,1,0,74,searching_for_parked_cars,0,0,0,0,,,0,0,0,0,0,0,0,0,,,,-300.0,,0,,,,,,,,,0,0,0,0.0,0,lidar_slot_box_unavailable,0.0,0.0,0.0,,,,0,footprint_unavailable,,,,,0,NONE,0,0,0,0,0,,0.0,0.0,0,0,0.0,slot_not_locked,,0,,0,0,,0,,0,,,,,,,,,,,,0,,,,
0.859225,idle,waiting_for_start,0,0,0,0,waiting_for_start,0,1785210828.776853,0,1,0,74,searching_for_parked_cars,0,0,0,0,,,0,0,0,0,0,0,0,0,,,,-300.0,,0,,,,,,,,,0,0,0,0.0,0,lidar_slot_box_unavailable,0.0,0.0,0.0,,,,0,footprint_unavailable,,,,,0,NONE,0,0,0,0,0,,0.0,0.0,0,0,0.0,slot_not_locked,,0,,0,0,,0,,0,,,,,,,,,,,,0,,,,
0.9377,idle,waiting_for_start,0,0,0,0,waiting_for_start,0,1785210828.8873587,1,1,0,77,searching_for_parked_cars,0,0,0,0,,,0,0,0,0,0,0,0,0,,,,-300.0,,0,,,,,,,,,0,0,0,0.0,0,lidar_slot_box_unavailable,0.0,0.0,0.0,,,,0,footprint_unavailable,,,,,0,NONE,0,0,0,0,0,,0.0,0.0,0,0,0.0,slot_not_locked,,0,,0,0,,0,,0,,,,,,,,,,,,0,,,,
1.015892,idle,waiting_for_start,0,0,0,0,waiting_for_start,0,1785210829.0020893,1,1,0,80,searching_for_parked_cars,0,0,0,0,,,0,0,0,0,0,0,0,0,,,,-300.0,,0,,,,,,,,,0,0,0,0.0,0,lidar_slot_box_unavailable,0.0,0.0,0.0,,,,0,footprint_unavailable,,,,,0,NONE,0,0,0,0,0,,0.0,0.0,0,0,0.0,slot_not_locked,,0,,0,0,,0,,0,,,,,,,,,,,,0,,,,
1.095092,idle,waiting_for_start,0,0,0,0,waiting_for_start,0,1785210829.0020893,0,1,0,80,searching_for_parked_cars,0,0,0,0,,,0,0,0,0,0,0,0,0,,,,-300.0,,0,,,,,,,,,0,0,0,0.0,0,lidar_slot_box_unavailable,0.0,0.0,0.0,,,,0,footprint_unavailable,,,,,0,NONE,0,0,0,0,0,,0.0,0.0,0,0,0.0,slot_not_locked,,0,,0,0,,0,,0,,,,,,,,,,,,0,,,,
1.173837,idle,waiting_for_start,0,0,0,0,waiting_for_start,0,1785210829.1139777,1,1,0,72,searching_for_parked_cars,0,0,0,0,,,0,0,0,0,0,0,0,0,,,,-300.0,,0,,,,,,,,,0,0,0,0.0,0,lidar_slot_box_unavailable,0.0,0.0,0.0,,,,0,footprint_unavailable,,,,,0,NONE,0,0,0,0,0,,0.0,0.0,0,0,0.0,slot_not_locked,,0,,0,0,,0,,0,,,,,,,,,,,,0,,,,
1.250843,idle,waiting_for_start,0,0,0,0,waiting_for_start,0,1785210829.2258415,1,1,0,79,searching_for_parked_cars,0,0,0,0,,,0,0,0,0,0,0,0,0,,,,-300.0,,0,,,,,,,,,0,0,0,0.0,0,lidar_slot_box_unavailable,0.0,0.0,0.0,,,,0,footprint_unavailable,,,,,0,NONE,0,0,0,0,0,,0.0,0.0,0,0,0.0,slot_not_locked,,0,,0,0,,0,,0,,,,,,,,,,,,0,,,,
1.327976,idle,waiting_for_start,0,0,0,0,waiting_for_start,0,1785210829.2258415,0,1,0,79,searching_for_parked_cars,0,0,0,0,,,0,0,0,0,0,0,0,0,,,,-300.0,,0,,,,,,,,,0,0,0,0.0,0,lidar_slot_box_unavailable,0.0,0.0,0.0,,,,0,footprint_unavailable,,,,,0,NONE,0,0,0,0,0,,0.0,0.0,0,0,0.0,slot_not_locked,,0,,0,0,,0,,0,,,,,,,,,,,,0,,,,
1.406273,idle,waiting_for_start,0,0,0,0,waiting_for_start,0,1785210829.337111,1,1,0,74,searching_for_parked_cars,0,0,0,0,,,0,0,0,0,0,0,0,0,,,,-300.0,,0,,,,,,,,,0,0,0,0.0,0,lidar_slot_box_unavailable,0.0,0.0,0.0,,,,0,footprint_unavailable,,,,,0,NONE,0,0,0,0,0,,0.0,0.0,0,0,0.0,slot_not_locked,,0,,0,0,,0,,0,,,,,,,,,,,,0,,,,
1.484342,idle,waiting_for_start,0,0,0,0,waiting_for_start,0,1785210829.4511712,1,1,0,74,searching_for_parked_cars,0,0,0,0,,,0,0,0,0,0,0,0,0,,,,-300.0,,0,,,,,,,,,0,0,0,0.0,0,lidar_slot_box_unavailable,0.0,0.0,0.0,,,,0,footprint_unavailable,,,,,0,NONE,0,0,0,0,0,,0.0,0.0,0,0,0.0,slot_not_locked,,0,,0,0,,0,,0,,,,,,,,,,,,0,,,,
1.549092,idle,waiting_for_start,0,0,0,0,waiting_for_start,0,1785210829.4511712,0,1,0,74,searching_for_parked_cars,0,0,0,0,,,0,0,0,0,0,0,0,0,,,,-300.0,,0,,,,,,,,,0,0,0,0.0,0,lidar_slot_box_unavailable,0.0,0.0,0.0,,,,0,footprint_unavailable,,,,,0,NONE,0,0,0,0,0,,0.0,0.0,0,0,0.0,slot_not_locked,,0,,0,0,,0,,0,,,,,,,,,,,,0,,,,
1.627665,idle,waiting_for_start,0,0,0,0,waiting_for_start,0,1785210829.562834,1,1,0,73,searching_for_parked_cars,0,0,0,0,,,0,0,0,0,0,0,0,0,,,,-300.0,,0,,,,,,,,,0,0,0,0.0,0,lidar_slot_box_unavailable,0.0,0.0,0.0,,,,0,footprint_unavailable,,,,,0,NONE,0,0,0,0,0,,0.0,0.0,0,0,0.0,slot_not_locked,,0,,0,0,,0,,0,,,,,,,,,,,,0,,,,
1.704681,idle,waiting_for_start,0,0,0,0,waiting_for_start,0,1785210829.6739118,1,1,0,70,searching_for_parked_cars,0,0,0,0,,,0,0,0,0,0,0,0,0,,,,-300.0,,0,,,,,,,,,0,0,0,0.0,0,lidar_slot_box_unavailable,0.0,0.0,0.0,,,,0,footprint_unavailable,,,,,0,NONE,0,0,0,0,0,,0.0,0.0,0,0,0.0,slot_not_locked,,0,,0,0,,0,,0,,,,,,,,,,,,0,,,,
1.782942,idle,waiting_for_start,0,0,0,0,waiting_for_start,0,1785210829.7859912,1,1,0,77,searching_for_parked_cars,0,0,0,0,,,0,0,0,0,0,0,0,0,,,,-300.0,,0,,,,,,,,,0,0,0,0.0,0,lidar_slot_box_unavailable,0.0,0.0,0.0,,,,0,footprint_unavailable,,,,,0,NONE,0,0,0,0,0,,0.0,0.0,0,0,0.0,slot_not_locked,,0,,0,0,,0,,0,,,,,,,,,,,,0,,,,
1.860979,idle,waiting_for_start,0,0,0,0,waiting_for_start,0,1785210829.7859912,0,1,0,77,searching_for_parked_cars,0,0,0,0,,,0,0,0,0,0,0,0,0,,,,-300.0,,0,,,,,,,,,0,0,0,0.0,0,lidar_slot_box_unavailable,0.0,0.0,0.0,,,,0,footprint_unavailable,,,,,0,NONE,0,0,0,0,0,,0.0,0.0,0,0,0.0,slot_not_locked,,0,,0,0,,0,,0,,,,,,,,,,,,0,,,,
1.936708,idle,waiting_for_start,0,0,0,0,waiting_for_start,0,1785210829.9006636,1,1,0,73,searching_for_parked_cars,0,0,0,0,,,0,0,0,0,0,0,0,0,,,,-300.0,,0,,,,,,,,,0,0,0,0.0,0,lidar_slot_box_unavailable,0.0,0.0,0.0,,,,0,footprint_unavailable,,,,,0,NONE,0,0,0,0,0,,0.0,0.0,0,0,0.0,slot_not_locked,,0,,0,0,,0,,0,,,,,,,,,,,,0,,,,
2.013465,idle,waiting_for_start,0,0,0,0,waiting_for_start,0,1785210830.0112896,1,1,0,69,searching_for_parked_cars,0,0,0,0,,,0,0,0,0,0,0,0,0,,,,-300.0,,0,,,,,,,,,0,0,0,0.0,0,lidar_slot_box_unavailable,0.0,0.0,0.0,,,,0,footprint_unavailable,,,,,0,NONE,0,0,0,0,0,,0.0,0.0,0,0,0.0,slot_not_locked,,0,,0,0,,0,,0,,,,,,,,,,,,0,,,,
2.092232,idle,waiting_for_start,0,0,0,0,waiting_for_start,0,1785210830.0112896,0,1,0,69,searching_for_parked_cars,0,0,0,0,,,0,0,0,0,0,0,0,0,,,,-300.0,,0,,,,,,,,,0,0,0,0.0,0,lidar_slot_box_unavailable,0.0,0.0,0.0,,,,0,footprint_unavailable,,,,,0,NONE,0,0,0,0,0,,0.0,0.0,0,0,0.0,slot_not_locked,,0,,0,0,,0,,0,,,,,,,,,,,,0,,,,
2.153884,idle,waiting_for_start,0,0,0,0,waiting_for_start,0,1785210830.1224806,1,1,0,76,searching_for_parked_cars,0,0,0,0,,,0,0,0,0,0,0,0,0,,,,-300.0,,0,,,,,,,,,0,0,0,0.0,0,lidar_slot_box_unavailable,0.0,0.0,0.0,,,,0,footprint_unavailable,,,,,0,NONE,0,0,0,0,0,,0.0,0.0,0,0,0.0,slot_not_locked,,0,,0,0,,0,,0,,,,,,,,,,,,0,,,,
2.232791,idle,waiting_for_start,0,0,0,0,waiting_for_start,0,1785210830.2371917,1,1,0,75,searching_for_parked_cars,0,0,0,0,,,0,0,0,0,0,0,0,0,,,,-300.0,,0,,,,,,,,,0,0,0,0.0,0,lidar_slot_box_unavailable,0.0,0.0,0.0,,,,0,footprint_unavailable,,,,,0,NONE,0,0,0,0,0,,0.0,0.0,0,0,0.0,slot_not_locked,,0,,0,0,,0,,0,,,,,,,,,,,,0,,,,
2.312123,idle,waiting_for_start,0,0,0,0,waiting_for_start,0,1785210830.2371917,0,1,0,75,searching_for_parked_cars,0,0,0,0,,,0,0,0,0,0,0,0,0,,,,-300.0,,0,,,,,,,,,0,0,0,0.0,0,lidar_slot_box_unavailable,0.0,0.0,0.0,,,,0,footprint_unavailable,,,,,0,NONE,0,0,0,0,0,,0.0,0.0,0,0,0.0,slot_not_locked,,0,,0,0,,0,,0,,,,,,,,,,,,0,,,,
2.389943,idle,waiting_for_start,0,0,0,0,waiting_for_start,0,1785210830.3486874,1,1,0,72,searching_for_parked_cars,0,0,0,0,,,0,0,0,0,0,0,0,0,,,,-300.0,,0,,,,,,,,,0,0,0,0.0,0,lidar_slot_box_unavailable,0.0,0.0,0.0,,,,0,footprint_unavailable,,,,,0,NONE,0,0,0,0,0,,0.0,0.0,0,0,0.0,slot_not_locked,,0,,0,0,,0,,0,,,,,,,,,,,,0,,,,
2.467015,idle,waiting_for_start,0,0,0,0,waiting_for_start,0,1785210830.4603908,1,1,0,71,searching_for_parked_cars,0,0,0,0,,,0,0,0,0,0,0,0,0,,,,-300.0,,0,,,,,,,,,0,0,0,0.0,0,lidar_slot_box_unavailable,0.0,0.0,0.0,,,,0,footprint_unavailable,,,,,0,NONE,0,0,0,0,0,,0.0,0.0,0,0,0.0,slot_not_locked,,0,,0,0,,0,,0,,,,,,,,,,,,0,,,,
2.546332,idle,waiting_for_start,0,0,0,0,waiting_for_start,0,1785210830.4603908,0,1,0,71,searching_for_parked_cars,0,0,0,0,,,0,0,0,0,0,0,0,0,,,,-300.0,,0,,,,,,,,,0,0,0,0.0,0,lidar_slot_box_unavailable,0.0,0.0,0.0,,,,0,footprint_unavailable,,,,,0,NONE,0,0,0,0,0,,0.0,0.0,0,0,0.0,slot_not_locked,,0,,0,0,,0,,0,,,,,,,,,,,,0,,,,
2.626667,idle,waiting_for_start,0,0,0,0,waiting_for_start,0,1785210830.5710132,1,1,0,79,searching_for_parked_cars,0,0,0,0,,,0,0,0,0,0,0,0,0,,,,-300.0,,0,,,,,,,,,0,0,0,0.0,0,lidar_slot_box_unavailable,0.0,0.0,0.0,,,,0,footprint_unavailable,,,,,0,NONE,0,0,0,0,0,,0.0,0.0,0,0,0.0,slot_not_locked,,0,,0,0,,0,,0,,,,,,,,,,,,0,,,,
2.70457,idle,waiting_for_start,0,0,0,0,waiting_for_start,0,1785210830.6863203,1,1,0,76,searching_for_parked_cars,0,0,0,0,,,0,0,0,0,0,0,0,0,,,,-300.0,,0,,,,,,,,,0,0,0,0.0,0,lidar_slot_box_unavailable,0.0,0.0,0.0,,,,0,footprint_unavailable,,,,,0,NONE,0,0,0,0,0,,0.0,0.0,0,0,0.0,slot_not_locked,,0,,0,0,,0,,0,,,,,,,,,,,,0,,,,
2.783835,idle,waiting_for_start,0,0,0,0,waiting_for_start,0,1785210830.6863203,0,1,0,76,searching_for_parked_cars,0,0,0,0,,,0,0,0,0,0,0,0,0,,,,-300.0,,0,,,,,,,,,0,0,0,0.0,0,lidar_slot_box_unavailable,0.0,0.0,0.0,,,,0,footprint_unavailable,,,,,0,NONE,0,0,0,0,0,,0.0,0.0,0,0,0.0,slot_not_locked,,0,,0,0,,0,,0,,,,,,,,,,,,0,,,,
2.847546,idle,waiting_for_start,0,0,0,0,waiting_for_start,0,1785210830.798994,1,1,0,74,searching_for_parked_cars,0,0,0,0,,,0,0,0,0,0,0,0,0,,,,-300.0,,0,,,,,,,,,0,0,0,0.0,0,lidar_slot_box_unavailable,0.0,0.0,0.0,,,,0,footprint_unavailable,,,,,0,NONE,0,0,0,0,0,,0.0,0.0,0,0,0.0,slot_not_locked,,0,,0,0,,0,,0,,,,,,,,,,,,0,,,,
2.91092,idle,waiting_for_start,0,0,0,0,waiting_for_start,0,1785210830.9087138,1,1,0,72,searching_for_parked_cars,0,0,0,0,,,0,0,0,0,0,0,0,0,,,,-300.0,,0,,,,,,,,,0,0,0,0.0,0,lidar_slot_box_unavailable,0.0,0.0,0.0,,,,0,footprint_unavailable,,,,,0,NONE,0,0,0,0,0,,0.0,0.0,0,0,0.0,slot_not_locked,,0,,0,0,,0,,0,,,,,,,,,,,,0,,,,
2.988604,idle,waiting_for_start,0,0,0,0,waiting_for_start,0,1785210830.9087138,0,1,0,72,searching_for_parked_cars,0,0,0,0,,,0,0,0,0,0,0,0,0,,,,-300.0,,0,,,,,,,,,0,0,0,0.0,0,lidar_slot_box_unavailable,0.0,0.0,0.0,,,,0,footprint_unavailable,,,,,0,NONE,0,0,0,0,0,,0.0,0.0,0,0,0.0,slot_not_locked,,0,,0,0,,0,,0,,,,,,,,,,,,0,,,,
3.067118,idle,waiting_for_start,0,0,0,0,waiting_for_start,0,1785210831.01967,1,1,0,77,searching_for_parked_cars,0,0,0,0,,,0,0,0,0,0,0,0,0,,,,-300.0,,0,,,,,,,,,0,0,0,0.0,0,lidar_slot_box_unavailable,0.0,0.0,0.0,,,,0,footprint_unavailable,,,,,0,NONE,0,0,0,0,0,,0.0,0.0,0,0,0.0,slot_not_locked,,0,,0,0,,0,,0,,,,,,,,,,,,0,,,,
3.144519,idle,waiting_for_start,0,0,0,0,waiting_for_start,0,1785210831.1349328,1,1,0,71,searching_for_parked_cars,0,0,0,0,,,0,0,0,0,0,0,0,0,,,,-300.0,,0,,,,,,,,,0,0,0,0.0,0,lidar_slot_box_unavailable,0.0,0.0,0.0,,,,0,footprint_unavailable,,,,,0,NONE,0,0,0,0,0,,0.0,0.0,0,0,0.0,slot_not_locked,,0,,0,0,,0,,0,,,,,,,,,,,,0,,,,
3.222879,idle,waiting_for_start,0,0,0,0,waiting_for_start,0,1785210831.1349328,0,1,0,71,searching_for_parked_cars,0,0,0,0,,,0,0,0,0,0,0,0,0,,,,-300.0,,0,,,,,,,,,0,0,0,0.0,0,lidar_slot_box_unavailable,0.0,0.0,0.0,,,,0,footprint_unavailable,,,,,0,NONE,0,0,0,0,0,,0.0,0.0,0,0,0.0,slot_not_locked,,0,,0,0,,0,,0,,,,,,,,,,,,0,,,,
3.302034,idle,waiting_for_start,0,0,0,0,waiting_for_start,0,1785210831.246062,1,1,0,78,searching_for_parked_cars,0,0,0,0,,,0,0,0,0,0,0,0,0,,,,-300.0,,0,,,,,,,,,0,0,0,0.0,0,lidar_slot_box_unavailable,0.0,0.0,0.0,,,,0,footprint_unavailable,,,,,0,NONE,0,0,0,0,0,,0.0,0.0,0,0,0.0,slot_not_locked,,0,,0,0,,0,,0,,,,,,,,,,,,0,,,,
3.381162,idle,waiting_for_start,0,0,0,0,waiting_for_start,0,1785210831.3582242,1,1,0,70,searching_for_parked_cars,0,0,0,0,,,0,0,0,0,0,0,0,0,,,,-300.0,,0,,,,,,,,,0,0,0,0.0,0,lidar_slot_box_unavailable,0.0,0.0,0.0,,,,0,footprint_unavailable,,,,,0,NONE,0,0,0,0,0,,0.0,0.0,0,0,0.0,slot_not_locked,,0,,0,0,,0,,0,,,,,,,,,,,,0,,,,
3.461319,idle,waiting_for_start,0,0,0,0,waiting_for_start,0,1785210831.3582242,0,1,0,70,searching_for_parked_cars,0,0,0,0,,,0,0,0,0,0,0,0,0,,,,-300.0,,0,,,,,,,,,0,0,0,0.0,0,lidar_slot_box_unavailable,0.0,0.0,0.0,,,,0,footprint_unavailable,,,,,0,NONE,0,0,0,0,0,,0.0,0.0,0,0,0.0,slot_not_locked,,0,,0,0,,0,,0,,,,,,,,,,,,0,,,,
3.540313,idle,waiting_for_start,0,0,0,0,waiting_for_start,0,1785210831.4733596,1,1,0,76,searching_for_parked_cars,0,0,0,0,,,0,0,0,0,0,0,0,0,,,,-300.0,,0,,,,,,,,,0,0,0,0.0,0,lidar_slot_box_unavailable,0.0,0.0,0.0,,,,0,footprint_unavailable,,,,,0,NONE,0,0,0,0,0,,0.0,0.0,0,0,0.0,slot_not_locked,,0,,0,0,,0,,0,,,,,,,,,,,,0,,,,
3.618819,idle,waiting_for_start,0,0,0,0,waiting_for_start,0,1785210831.5839136,1,1,0,77,searching_for_parked_cars,0,0,0,0,,,0,0,0,0,0,0,0,0,,,,-300.0,,0,,,,,,,,,0,0,0,0.0,0,lidar_slot_box_unavailable,0.0,0.0,0.0,,,,0,footprint_unavailable,,,,,0,NONE,0,0,0,0,0,,0.0,0.0,0,0,0.0,slot_not_locked,,0,,0,0,,0,,0,,,,,,,,,,,,0,,,,
3.698307,idle,waiting_for_start,0,0,0,0,waiting_for_start,0,1785210831.6945264,1,1,0,77,searching_for_parked_cars,0,0,0,0,,,0,0,0,0,0,0,0,0,,,,-300.0,,0,,,,,,,,,0,0,0,0.0,0,lidar_slot_box_unavailable,0.0,0.0,0.0,,,,0,footprint_unavailable,,,,,0,NONE,0,0,0,0,0,,0.0,0.0,0,0,0.0,slot_not_locked,,0,,0,0,,0,,0,,,,,,,,,,,,0,,,,
3.778307,idle,waiting_for_start,0,0,0,0,waiting_for_start,0,1785210831.6945264,0,1,0,77,searching_for_parked_cars,0,0,0,0,,,0,0,0,0,0,0,0,0,,,,-300.0,,0,,,,,,,,,0,0,0,0.0,0,lidar_slot_box_unavailable,0.0,0.0,0.0,,,,0,footprint_unavailable,,,,,0,NONE,0,0,0,0,0,,0.0,0.0,0,0,0.0,slot_not_locked,,0,,0,0,,0,,0,,,,,,,,,,,,0,,,,
3.858197,idle,waiting_for_start,0,0,0,0,waiting_for_start,0,1785210831.8064985,1,1,0,73,searching_for_parked_cars,0,0,0,0,,,0,0,0,0,0,0,0,0,,,,-300.0,,0,,,,,,,,,0,0,0,0.0,0,lidar_slot_box_unavailable,0.0,0.0,0.0,,,,0,footprint_unavailable,,,,,0,NONE,0,0,0,0,0,,0.0,0.0,0,0,0.0,slot_not_locked,,0,,0,0,,0,,0,,,,,,,,,,,,0,,,,
3.935758,idle,waiting_for_start,0,0,0,0,waiting_for_start,0,1785210831.9205363,1,1,0,80,searching_for_parked_cars,0,0,0,0,,,0,0,0,0,0,0,0,0,,,,-300.0,,0,,,,,,,,,0,0,0,0.0,0,lidar_slot_box_unavailable,0.0,0.0,0.0,,,,0,footprint_unavailable,,,,,0,NONE,0,0,0,0,0,,0.0,0.0,0,0,0.0,slot_not_locked,,0,,0,0,,0,,0,,,,,,,,,,,,0,,,,
4.015237,idle,waiting_for_start,0,0,0,0,waiting_for_start,0,1785210831.9205363,0,1,0,80,searching_for_parked_cars,0,0,0,0,,,0,0,0,0,0,0,0,0,,,,-300.0,,0,,,,,,,,,0,0,0,0.0,0,lidar_slot_box_unavailable,0.0,0.0,0.0,,,,0,footprint_unavailable,,,,,0,NONE,0,0,0,0,0,,0.0,0.0,0,0,0.0,slot_not_locked,,0,,0,0,,0,,0,,,,,,,,,,,,0,,,,
4.093507,idle,waiting_for_start,0,0,0,0,waiting_for_start,0,1785210832.0320113,1,1,0,69,searching_for_parked_cars,0,0,0,0,,,0,0,0,0,0,0,0,0,,,,-300.0,,0,,,,,,,,,0,0,0,0.0,0,lidar_slot_box_unavailable,0.0,0.0,0.0,,,,0,footprint_unavailable,,,,,0,NONE,0,0,0,0,0,,0.0,0.0,0,0,0.0,slot_not_locked,,0,,0,0,,0,,0,,,,,,,,,,,,0,,,,
4.172674,idle,waiting_for_start,0,0,0,0,waiting_for_start,0,1785210832.1439292,1,1,0,78,searching_for_parked_cars,0,0,0,0,,,0,0,0,0,0,0,0,0,,,,-300.0,,0,,,,,,,,,0,0,0,0.0,0,lidar_slot_box_unavailable,0.0,0.0,0.0,,,,0,footprint_unavailable,,,,,0,NONE,0,0,0,0,0,,0.0,0.0,0,0,0.0,slot_not_locked,,0,,0,0,,0,,0,,,,,,,,,,,,0,,,,
4.251412,idle,waiting_for_start,0,0,0,0,waiting_for_start,0,1785210832.257611,1,1,0,73,searching_for_parked_cars,0,0,0,0,,,0,0,0,0,0,0,0,0,,,,-300.0,,0,,,,,,,,,0,0,0,0.0,0,lidar_slot_box_unavailable,0.0,0.0,0.0,,,,0,footprint_unavailable,,,,,0,NONE,0,0,0,0,0,,0.0,0.0,0,0,0.0,slot_not_locked,,0,,0,0,,0,,0,,,,,,,,,,,,0,,,,
4.33153,idle,waiting_for_start,0,0,0,0,waiting_for_start,0,1785210832.257611,0,1,0,73,searching_for_parked_cars,0,0,0,0,,,0,0,0,0,0,0,0,0,,,,-300.0,,0,,,,,,,,,0,0,0,0.0,0,lidar_slot_box_unavailable,0.0,0.0,0.0,,,,0,footprint_unavailable,,,,,0,NONE,0,0,0,0,0,,0.0,0.0,0,0,0.0,slot_not_locked,,0,,0,0,,0,,0,,,,,,,,,,,,0,,,,
4.410594,idle,waiting_for_start,0,0,0,0,waiting_for_start,0,1785210832.3701189,1,1,0,75,searching_for_parked_cars,0,0,0,0,,,0,0,0,0,0,0,0,0,,,,-300.0,,0,,,,,,,,,0,0,0,0.0,0,lidar_slot_box_unavailable,0.0,0.0,0.0,,,,0,footprint_unavailable,,,,,0,NONE,0,0,0,0,0,,0.0,0.0,0,0,0.0,slot_not_locked,,0,,0,0,,0,,0,,,,,,,,,,,,0,,,,
4.488803,idle,waiting_for_start,0,0,0,0,waiting_for_start,0,1785210832.480334,1,1,0,77,searching_for_parked_cars,0,0,0,0,,,0,0,0,0,0,0,0,0,,,,-300.0,,0,,,,,,,,,0,0,0,0.0,0,lidar_slot_box_unavailable,0.0,0.0,0.0,,,,0,footprint_unavailable,,,,,0,NONE,0,0,0,0,0,,0.0,0.0,0,0,0.0,slot_not_locked,,0,,0,0,,0,,0,,,,,,,,,,,,0,,,,
4.56952,idle,waiting_for_start,0,0,0,0,waiting_for_start,0,1785210832.480334,0,1,0,77,searching_for_parked_cars,0,0,0,0,,,0,0,0,0,0,0,0,0,,,,-300.0,,0,,,,,,,,,0,0,0,0.0,0,lidar_slot_box_unavailable,0.0,0.0,0.0,,,,0,footprint_unavailable,,,,,0,NONE,0,0,0,0,0,,0.0,0.0,0,0,0.0,slot_not_locked,,0,,0,0,,0,,0,,,,,,,,,,,,0,,,,
4.647709,idle,waiting_for_start,0,0,0,0,waiting_for_start,0,1785210832.5928736,1,1,0,79,searching_for_parked_cars,0,0,0,0,,,0,0,0,0,0,0,0,0,,,,-300.0,,0,,,,,,,,,0,0,0,0.0,0,lidar_slot_box_unavailable,0.0,0.0,0.0,,,,0,footprint_unavailable,,,,,0,NONE,0,0,0,0,0,,0.0,0.0,0,0,0.0,slot_not_locked,,0,,0,0,,0,,0,,,,,,,,,,,,0,,,,
4.726902,idle,waiting_for_start,0,0,0,0,waiting_for_start,0,1785210832.7071612,1,1,0,72,searching_for_parked_cars,0,0,0,0,,,0,0,0,0,0,0,0,0,,,,-300.0,,0,,,,,,,,,0,0,0,0.0,0,lidar_slot_box_unavailable,0.0,0.0,0.0,,,,0,footprint_unavailable,,,,,0,NONE,0,0,0,0,0,,0.0,0.0,0,0,0.0,slot_not_locked,,0,,0,0,,0,,0,,,,,,,,,,,,0,,,,
4.803191,idle,waiting_for_start,0,0,0,0,waiting_for_start,0,1785210832.7071612,0,1,0,72,searching_for_parked_cars,0,0,0,0,,,0,0,0,0,0,0,0,0,,,,-300.0,,0,,,,,,,,,0,0,0,0.0,0,lidar_slot_box_unavailable,0.0,0.0,0.0,,,,0,footprint_unavailable,,,,,0,NONE,0,0,0,0,0,,0.0,0.0,0,0,0.0,slot_not_locked,,0,,0,0,,0,,0,,,,,,,,,,,,0,,,,
4.88092,idle,waiting_for_start,0,0,0,0,waiting_for_start,0,1785210832.818517,1,1,0,70,searching_for_parked_cars,0,0,0,0,,,0,0,0,0,0,0,0,0,,,,-300.0,,0,,,,,,,,,0,0,0,0.0,0,lidar_slot_box_unavailable,0.0,0.0,0.0,,,,0,footprint_unavailable,,,,,0,NONE,0,0,0,0,0,,0.0,0.0,0,0,0.0,slot_not_locked,,0,,0,0,,0,,0,,,,,,,,,,,,0,,,,
4.942131,idle,waiting_for_start,0,0,0,0,waiting_for_start,0,1785210832.929708,1,1,0,77,searching_for_parked_cars,0,0,0,0,,,0,0,0,0,0,0,0,0,,,,-300.0,,0,,,,,,,,,0,0,0,0.0,0,lidar_slot_box_unavailable,0.0,0.0,0.0,,,,0,footprint_unavailable,,,,,0,NONE,0,0,0,0,0,,0.0,0.0,0,0,0.0,slot_not_locked,,0,,0,0,,0,,0,,,,,,,,,,,,0,,,,
5.019302,idle,waiting_for_start,0,0,0,0,waiting_for_start,0,1785210832.929708,0,1,0,77,searching_for_parked_cars,0,0,0,0,,,0,0,0,0,0,0,0,0,,,,-300.0,,0,,,,,,,,,0,0,0,0.0,0,lidar_slot_box_unavailable,0.0,0.0,0.0,,,,0,footprint_unavailable,,,,,0,NONE,0,0,0,0,0,,0.0,0.0,0,0,0.0,slot_not_locked,,0,,0,0,,0,,0,,,,,,,,,,,,0,,,,
5.096667,idle,waiting_for_start,0,0,0,0,waiting_for_start,0,1785210833.044124,1,1,0,77,searching_for_parked_cars,0,0,0,0,,,0,0,0,0,0,0,0,0,,,,-300.0,,0,,,,,,,,,0,0,0,0.0,0,lidar_slot_box_unavailable,0.0,0.0,0.0,,,,0,footprint_unavailable,,,,,0,NONE,0,0,0,0,0,,0.0,0.0,0,0,0.0,slot_not_locked,,0,,0,0,,0,,0,,,,,,,,,,,,0,,,,
5.175513,idle,waiting_for_start,0,0,0,0,waiting_for_start,0,1785210833.1552324,1,1,0,73,searching_for_parked_cars,0,0,0,0,,,0,0,0,0,0,0,0,0,,,,-300.0,,0,,,,,,,,,0,0,0,0.0,0,lidar_slot_box_unavailable,0.0,0.0,0.0,,,,0,footprint_unavailable,,,,,0,NONE,0,0,0,0,0,,0.0,0.0,0,0,0.0,slot_not_locked,,0,,0,0,,0,,0,,,,,,,,,,,,0,,,,
5.253951,idle,waiting_for_start,0,0,0,0,waiting_for_start,0,1785210833.1552324,0,1,0,73,searching_for_parked_cars,0,0,0,0,,,0,0,0,0,0,0,0,0,,,,-300.0,,0,,,,,,,,,0,0,0,0.0,0,lidar_slot_box_unavailable,0.0,0.0,0.0,,,,0,footprint_unavailable,,,,,0,NONE,0,0,0,0,0,,0.0,0.0,0,0,0.0,slot_not_locked,,0,,0,0,,0,,0,,,,,,,,,,,,0,,,,
5.329851,idle,waiting_for_start,0,0,0,0,waiting_for_start,0,1785210833.2672873,1,1,0,78,searching_for_parked_cars,0,0,0,0,,,0,0,0,0,0,0,0,0,,,,-300.0,,0,,,,,,,,,0,0,0,0.0,0,lidar_slot_box_unavailable,0.0,0.0,0.0,,,,0,footprint_unavailable,,,,,0,NONE,0,0,0,0,0,,0.0,0.0,0,0,0.0,slot_not_locked,,0,,0,0,,0,,0,,,,,,,,,,,,0,,,,
5.408868,idle,waiting_for_start,0,0,0,0,waiting_for_start,0,1785210833.378808,1,1,0,72,searching_for_parked_cars,0,0,0,0,,,0,0,0,0,0,0,0,0,,,,-300.0,,0,,,,,,,,,0,0,0,0.0,0,lidar_slot_box_unavailable,0.0,0.0,0.0,,,,0,footprint_unavailable,,,,,0,NONE,0,0,0,0,0,,0.0,0.0,0,0,0.0,slot_not_locked,,0,,0,0,,0,,0,,,,,,,,,,,,0,,,,
5.48729,idle,waiting_for_start,0,0,0,0,waiting_for_start,0,1785210833.493418,1,1,0,74,searching_for_parked_cars,0,0,0,0,,,0,0,0,0,0,0,0,0,,,,-300.0,,0,,,,,,,,,0,0,0,0.0,0,lidar_slot_box_unavailable,0.0,0.0,0.0,,,,0,footprint_unavailable,,,,,0,NONE,0,0,0,0,0,,0.0,0.0,0,0,0.0,slot_not_locked,,0,,0,0,,0,,0,,,,,,,,,,,,0,,,,
5.549224,idle,waiting_for_start,0,0,0,0,waiting_for_start,0,1785210833.493418,0,1,0,74,searching_for_parked_cars,0,0,0,0,,,0,0,0,0,0,0,0,0,,,,-300.0,,0,,,,,,,,,0,0,0,0.0,0,lidar_slot_box_unavailable,0.0,0.0,0.0,,,,0,footprint_unavailable,,,,,0,NONE,0,0,0,0,0,,0.0,0.0,0,0,0.0,slot_not_locked,,0,,0,0,,0,,0,,,,,,,,,,,,0,,,,
5.628981,idle,waiting_for_start,0,0,0,0,waiting_for_start,0,1785210833.604432,1,1,0,77,searching_for_parked_cars,0,0,0,0,,,0,0,0,0,0,0,0,0,,,,-300.0,,0,,,,,,,,,0,0,0,0.0,0,lidar_slot_box_unavailable,0.0,0.0,0.0,,,,0,footprint_unavailable,,,,,0,NONE,0,0,0,0,0,,0.0,0.0,0,0,0.0,slot_not_locked,,0,,0,0,,0,,0,,,,,,,,,,,,0,,,,
5.706778,idle,waiting_for_start,0,0,0,0,waiting_for_start,0,1785210833.604432,0,1,0,77,searching_for_parked_cars,0,0,0,0,,,0,0,0,0,0,0,0,0,,,,-300.0,,0,,,,,,,,,0,0,0,0.0,0,lidar_slot_box_unavailable,0.0,0.0,0.0,,,,0,footprint_unavailable,,,,,0,NONE,0,0,0,0,0,,0.0,0.0,0,0,0.0,slot_not_locked,,0,,0,0,,0,,0,,,,,,,,,,,,0,,,,
5.782799,idle,waiting_for_start,0,0,0,0,waiting_for_start,0,1785210833.715521,1,1,0,76,searching_for_parked_cars,0,0,0,0,,,0,0,0,0,0,0,0,0,,,,-300.0,,0,,,,,,,,,0,0,0,0.0,0,lidar_slot_box_unavailable,0.0,0.0,0.0,,,,0,footprint_unavailable,,,,,0,NONE,0,0,0,0,0,,0.0,0.0,0,0,0.0,slot_not_locked,,0,,0,0,,0,,0,,,,,,,,,,,,0,,,,
5.86115,idle,waiting_for_start,0,0,0,0,waiting_for_start,0,1785210833.8276632,1,1,0,76,searching_for_parked_cars,0,0,0,0,,,0,0,0,0,0,0,0,0,,,,-300.0,,0,,,,,,,,,0,0,0,0.0,0,lidar_slot_box_unavailable,0.0,0.0,0.0,,,,0,footprint_unavailable,,,,,0,NONE,0,0,0,0,0,,0.0,0.0,0,0,0.0,slot_not_locked,,0,,0,0,,0,,0,,,,,,,,,,,,0,,,,
5.939876,idle,waiting_for_start,0,0,0,0,waiting_for_start,0,1785210833.9411678,1,1,0,79,searching_for_parked_cars,0,0,0,0,,,0,0,0,0,0,0,0,0,,,,-300.0,,0,,,,,,,,,0,0,0,0.0,0,lidar_slot_box_unavailable,0.0,0.0,0.0,,,,0,footprint_unavailable,,,,,0,NONE,0,0,0,0,0,,0.0,0.0,0,0,0.0,slot_not_locked,,0,,0,0,,0,,0,,,,,,,,,,,,0,,,,
6.019207,idle,waiting_for_start,0,0,0,0,waiting_for_start,0,1785210833.9411678,0,1,0,79,searching_for_parked_cars,0,0,0,0,,,0,0,0,0,0,0,0,0,,,,-300.0,,0,,,,,,,,,0,0,0,0.0,0,lidar_slot_box_unavailable,0.0,0.0,0.0,,,,0,footprint_unavailable,,,,,0,NONE,0,0,0,0,0,,0.0,0.0,0,0,0.0,slot_not_locked,,0,,0,0,,0,,0,,,,,,,,,,,,0,,,,
6.096766,idle,waiting_for_start,0,0,0,0,waiting_for_start,0,1785210834.0522683,1,1,0,76,searching_for_parked_cars,0,0,0,0,,,0,0,0,0,0,0,0,0,,,,-300.0,,0,,,,,,,,,0,0,0,0.0,0,lidar_slot_box_unavailable,0.0,0.0,0.0,,,,0,footprint_unavailable,,,,,0,NONE,0,0,0,0,0,,0.0,0.0,0,0,0.0,slot_not_locked,,0,,0,0,,0,,0,,,,,,,,,,,,0,,,,
6.174299,idle,waiting_for_start,0,0,0,0,waiting_for_start,0,1785210834.1636672,1,1,0,74,searching_for_parked_cars,0,0,0,0,,,0,0,0,0,0,0,0,0,,,,-300.0,,0,,,,,,,,,0,0,0,0.0,0,lidar_slot_box_unavailable,0.0,0.0,0.0,,,,0,footprint_unavailable,,,,,0,NONE,0,0,0,0,0,,0.0,0.0,0,0,0.0,slot_not_locked,,0,,0,0,,0,,0,,,,,,,,,,,,0,,,,
6.253387,idle,waiting_for_start,0,0,0,0,waiting_for_start,0,1785210834.1636672,0,1,0,74,searching_for_parked_cars,0,0,0,0,,,0,0,0,0,0,0,0,0,,,,-300.0,,0,,,,,,,,,0,0,0,0.0,0,lidar_slot_box_unavailable,0.0,0.0,0.0,,,,0,footprint_unavailable,,,,,0,NONE,0,0,0,0,0,,0.0,0.0,0,0,0.0,slot_not_locked,,0,,0,0,,0,,0,,,,,,,,,,,,0,,,,
6.333926,idle,waiting_for_start,0,0,0,0,waiting_for_start,0,1785210834.278193,1,1,0,76,searching_for_parked_cars,0,0,0,0,,,0,0,0,0,0,0,0,0,,,,-300.0,,0,,,,,,,,,0,0,0,0.0,0,lidar_slot_box_unavailable,0.0,0.0,0.0,,,,0,footprint_unavailable,,,,,0,NONE,0,0,0,0,0,,0.0,0.0,0,0,0.0,slot_not_locked,,0,,0,0,,0,,0,,,,,,,,,,,,0,,,,
6.413165,idle,waiting_for_start,0,0,0,0,waiting_for_start,0,1785210834.3897212,1,1,0,72,searching_for_parked_cars,0,0,0,0,,,0,0,0,0,0,0,0,0,,,,-300.0,,0,,,,,,,,,0,0,0,0.0,0,lidar_slot_box_unavailable,0.0,0.0,0.0,,,,0,footprint_unavailable,,,,,0,NONE,0,0,0,0,0,,0.0,0.0,0,0,0.0,slot_not_locked,,0,,0,0,,0,,0,,,,,,,,,,,,0,,,,
6.467443,search_cars,start_forward_rollout,100,-25,100,-25,start_forward_rollout,0,1785210834.3897212,1,1,0,72,searching_for_parked_cars,0,0,0,0,,,0,0,0,0,0,0,0,0,,,,-300.0,,0,,,,,,,,,0,0,0,0.0,0,lidar_slot_box_unavailable,0.0,0.0,0.0,,,,0,footprint_unavailable,,,,,0,NONE,0,0,0,0,0,,0.0,0.0,0,0,0.0,slot_not_locked,,0,,0,0,,0,,0,,,,,,,,,,,,0,,,,
6.552729,search_cars,start_forward_rollout,100,-25,100,-25,start_forward_rollout,0,1785210834.5013459,1,1,0,74,searching_for_parked_cars,0,0,0,0,,,0,0,0,0,0,0,0,0,,,,-300.0,,0,,,,,,,,,0,0,0,0.0,0,lidar_slot_box_unavailable,0.0,0.0,0.0,,,,0,footprint_unavailable,,,,,0,NONE,0,0,0,0,0,,0.0,0.0,0,0,0.0,slot_not_locked,,0,,0,0,,0,,0,,,,,,,,,,,,0,,,,
6.631893,search_cars,start_forward_rollout,100,-25,100,-25,start_forward_rollout,0,1785210834.616174,1,1,0,77,searching_for_parked_cars,0,0,0,0,,,0,0,0,0,0,0,0,0,,,,-300.0,,0,,,,,,,,,0,0,0,0.0,0,lidar_slot_box_unavailable,0.0,0.0,0.0,,,,0,footprint_unavailable,,,,,0,NONE,0,0,0,0,0,,0.0,0.0,0,0,0.0,slot_not_locked,,0,,0,0,,0,,0,,,,,,,,,,,,0,,,,
6.711665,search_cars,start_forward_rollout,100,-25,100,-25,start_forward_rollout,0,1785210834.616174,0,1,0,77,searching_for_parked_cars,0,0,0,0,,,0,0,0,0,0,0,0,0,,,,-300.0,,0,,,,,,,,,0,0,0,0.0,0,lidar_slot_box_unavailable,0.0,0.0,0.0,,,,0,footprint_unavailable,,,,,0,NONE,0,0,0,0,0,,0.0,0.0,0,0,0.0,slot_not_locked,,0,,0,0,,0,,0,,,,,,,,,,,,0,,,,
6.790434,search_cars,start_forward_rollout,100,-25,100,-25,start_forward_rollout,0,1785210834.7273207,1,1,0,78,searching_for_parked_cars,0,0,0,0,,,0,0,0,0,0,0,0,0,,,,-300.0,,0,,,,,,,,,0,0,0,0.0,0,lidar_slot_box_unavailable,0.0,0.0,0.0,,,,0,footprint_unavailable,,,,,0,NONE,0,0,0,0,0,,0.0,0.0,0,0,0.0,slot_not_locked,,0,,0,0,,0,,0,,,,,,,,,,,,0,,,,
6.86947,search_cars,start_forward_rollout,100,-25,100,-25,start_forward_rollout,0,1785210834.838593,1,1,0,76,searching_for_parked_cars,0,0,0,0,,,0,0,0,0,0,0,0,0,,,,-300.0,,0,,,,,,,,,0,0,0,0.0,0,lidar_slot_box_unavailable,0.0,0.0,0.0,,,,0,footprint_unavailable,,,,,0,NONE,0,0,0,0,0,,0.0,0.0,0,0,0.0,slot_not_locked,,0,,0,0,,0,,0,,,,,,,,,,,,0,,,,
6.950019,search_cars,start_forward_rollout,100,-25,100,-25,start_forward_rollout,0,1785210834.9528332,1,1,0,77,searching_for_parked_cars,0,0,0,0,,,0,0,0,0,0,0,0,0,,,,-300.0,,0,,,,,,,,,0,0,0,0.0,0,lidar_slot_box_unavailable,0.0,0.0,0.0,,,,0,footprint_unavailable,,,,,0,NONE,0,0,0,0,0,,0.0,0.0,0,0,0.0,slot_not_locked,,0,,0,0,,0,,0,,,,,,,,,,,,0,,,,
7.027667,search_cars,start_forward_rollout,100,-25,100,-25,start_forward_rollout,0,1785210834.9528332,0,1,0,77,searching_for_parked_cars,0,0,0,0,,,0,0,0,0,0,0,0,0,,,,-300.0,,0,,,,,,,,,0,0,0,0.0,0,lidar_slot_box_unavailable,0.0,0.0,0.0,,,,0,footprint_unavailable,,,,,0,NONE,0,0,0,0,0,,0.0,0.0,0,0,0.0,slot_not_locked,,0,,0,0,,0,,0,,,,,,,,,,,,0,,,,
7.105664,search_cars,start_forward_rollout,100,-25,100,-25,start_forward_rollout,0,1785210835.06431,1,1,0,77,searching_for_parked_cars,0,0,0,0,,,0,0,0,0,0,0,0,0,,,,-300.0,,0,,,,,,,,,0,0,0,0.0,0,lidar_slot_box_unavailable,0.0,0.0,0.0,,,,0,footprint_unavailable,,,,,0,NONE,0,0,0,0,0,,0.0,0.0,0,0,0.0,slot_not_locked,,0,,0,0,,0,,0,,,,,,,,,,,,0,,,,
7.187232,search_cars,start_forward_rollout,100,-25,100,-25,start_forward_rollout,0,1785210835.1769254,1,1,0,79,searching_for_parked_cars,0,0,0,0,,,0,0,0,0,0,0,0,0,,,,-300.0,,0,,,,,,,,,0,0,0,0.0,0,lidar_slot_box_unavailable,0.0,0.0,0.0,,,,0,footprint_unavailable,,,,,0,NONE,0,0,0,0,0,,0.0,0.0,0,0,0.0,slot_not_locked,,0,,0,0,,0,,0,,,,,,,,,,,,0,,,,
7.26458,search_cars,searching_for_parked_cars,100,-25,100,-25,searching_for_parked_cars,0,1785210835.1769254,0,1,0,79,searching_for_parked_cars,0,0,0,0,,,0,0,0,0,0,0,0,0,,,,-300.0,,0,,,,,,,,,0,0,0,0.0,0,lidar_slot_box_unavailable,0.0,0.0,0.0,,,,0,footprint_unavailable,,,,,0,NONE,0,0,0,0,0,,0.0,0.0,0,0,0.0,slot_not_locked,,0,,0,0,,0,,0,,,,,,,,,,,,0,,,,
7.342377,search_cars,searching_for_parked_cars,100,-25,100,-25,searching_for_parked_cars,0,1785210835.2902553,1,1,0,77,searching_for_parked_cars,0,0,0,0,,,0,0,0,0,0,0,0,0,,,,-300.0,,0,,,,,,,,,0,0,0,0.0,0,lidar_slot_box_unavailable,0.0,0.0,0.0,,,,0,footprint_unavailable,,,,,0,NONE,0,0,0,0,0,,0.0,0.0,0,0,0.0,slot_not_locked,,0,,0,0,,0,,0,,,,,,,,,,,,0,,,,
7.419289,search_cars,searching_for_parked_cars,100,-25,100,-25,searching_for_parked_cars,0,1785210835.4024787,1,1,0,73,searching_for_parked_cars,0,0,0,0,,,0,0,0,0,0,0,0,0,,,,-300.0,,0,,,,,,,,,0,0,0,0.0,0,lidar_slot_box_unavailable,0.0,0.0,0.0,,,,0,footprint_unavailable,,,,,0,NONE,0,0,0,0,0,,0.0,0.0,0,0,0.0,slot_not_locked,,0,,0,0,,0,,0,,,,,,,,,,,,0,,,,
7.496059,search_cars,searching_for_parked_cars,100,-25,100,-25,searching_for_parked_cars,0,1785210835.4024787,0,1,0,73,searching_for_parked_cars,0,0,0,0,,,0,0,0,0,0,0,0,0,,,,-300.0,,0,,,,,,,,,0,0,0,0.0,0,lidar_slot_box_unavailable,0.0,0.0,0.0,,,,0,footprint_unavailable,,,,,0,NONE,0,0,0,0,0,,0.0,0.0,0,0,0.0,slot_not_locked,,0,,0,0,,0,,0,,,,,,,,,,,,0,,,,
7.559079,search_cars,searching_for_parked_cars,100,-25,100,-25,searching_for_parked_cars,0,1785210835.5139139,1,1,0,76,searching_for_parked_cars,0,0,0,0,,,0,0,0,0,0,0,0,0,,,,-300.0,,0,,,,,,,,,0,0,0,0.0,0,lidar_slot_box_unavailable,0.0,0.0,0.0,,,,0,footprint_unavailable,,,,,0,NONE,0,0,0,0,0,,0.0,0.0,0,0,0.0,slot_not_locked,,0,,0,0,,0,,0,,,,,,,,,,,,0,,,,
7.636384,search_cars,searching_for_parked_cars,100,-25,100,-25,searching_for_parked_cars,0,1785210835.6253598,1,1,0,68,searching_for_parked_cars,0,0,0,0,,,0,0,0,0,0,0,0,0,,,,-300.0,,0,,,,,,,,,0,0,0,0.0,0,lidar_slot_box_unavailable,0.0,0.0,0.0,,,,0,footprint_unavailable,,,,,0,NONE,0,0,0,0,0,,0.0,0.0,0,0,0.0,slot_not_locked,,0,,0,0,,0,,0,,,,,,,,,,,,0,,,,
7.714075,search_cars,searching_for_parked_cars,100,-25,100,-25,searching_for_parked_cars,0,1785210835.6253598,0,1,0,68,searching_for_parked_cars,0,0,0,0,,,0,0,0,0,0,0,0,0,,,,-300.0,,0,,,,,,,,,0,0,0,0.0,0,lidar_slot_box_unavailable,0.0,0.0,0.0,,,,0,footprint_unavailable,,,,,0,NONE,0,0,0,0,0,,0.0,0.0,0,0,0.0,slot_not_locked,,0,,0,0,,0,,0,,,,,,,,,,,,0,,,,
7.793073,search_cars,searching_for_parked_cars,100,-25,100,-25,searching_for_parked_cars,0,1785210835.7396603,1,1,0,69,searching_for_parked_cars,0,0,0,0,,,0,0,0,0,0,0,0,0,,,,-300.0,,0,,,,,,,,,0,0,0,0.0,0,lidar_slot_box_unavailable,0.0,0.0,0.0,,,,0,footprint_unavailable,,,,,0,NONE,0,0,0,0,0,,0.0,0.0,0,0,0.0,slot_not_locked,,0,,0,0,,0,,0,,,,,,,,,,,,0,,,,
7.854884,search_cars,searching_for_parked_cars,100,-25,100,-25,searching_for_parked_cars,0,1785210835.8514304,1,1,0,78,searching_for_parked_cars,0,0,0,0,,,0,0,0,0,0,0,0,0,,,,-300.0,,0,,,,,,,,,0,0,0,0.0,0,lidar_slot_box_unavailable,0.0,0.0,0.0,,,,0,footprint_unavailable,,,,,0,NONE,0,0,0,0,0,,0.0,0.0,0,0,0.0,slot_not_locked,,0,,0,0,,0,,0,,,,,,,,,,,,0,,,,
7.931803,search_cars,searching_for_parked_cars,100,-25,100,-25,searching_for_parked_cars,0,1785210835.8514304,0,1,0,78,searching_for_parked_cars,0,0,0,0,,,0,0,0,0,0,0,0,0,,,,-300.0,,0,,,,,,,,,0,0,0,0.0,0,lidar_slot_box_unavailable,0.0,0.0,0.0,,,,0,footprint_unavailable,,,,,0,NONE,0,0,0,0,0,,0.0,0.0,0,0,0.0,slot_not_locked,,0,,0,0,,0,,0,,,,,,,,,,,,0,,,,
8.010658,search_cars,searching_for_parked_cars,100,-25,100,-25,searching_for_parked_cars,0,1785210835.963097,1,1,0,74,searching_for_parked_cars,0,0,0,0,,,0,0,0,0,0,0,0,0,,,,-300.0,,0,,,,,,,,,0,0,0,0.0,0,lidar_slot_box_unavailable,0.0,0.0,0.0,,,,0,footprint_unavailable,,,,,0,NONE,0,0,0,0,0,,0.0,0.0,0,0,0.0,slot_not_locked,,0,,0,0,,0,,0,,,,,,,,,,,,0,,,,
8.08771,search_cars,searching_for_parked_cars,100,-25,100,-25,searching_for_parked_cars,0,1785210836.076262,1,1,0,78,searching_for_parked_cars,0,0,0,0,,,0,0,0,0,0,0,0,0,,,,-300.0,,0,,,,,,,,,0,0,0,0.0,0,lidar_slot_box_unavailable,0.0,0.0,0.0,,,,0,footprint_unavailable,,,,,0,NONE,0,0,0,0,0,,0.0,0.0,0,0,0.0,slot_not_locked,,0,,0,0,,0,,0,,,,,,,,,,,,0,,,,
8.166344,search_cars,searching_for_parked_cars,100,-25,100,-25,searching_for_parked_cars,0,1785210836.076262,0,1,0,78,searching_for_parked_cars,0,0,0,0,,,0,0,0,0,0,0,0,0,,,,-300.0,,0,,,,,,,,,0,0,0,0.0,0,lidar_slot_box_unavailable,0.0,0.0,0.0,,,,0,footprint_unavailable,,,,,0,NONE,0,0,0,0,0,,0.0,0.0,0,0,0.0,slot_not_locked,,0,,0,0,,0,,0,,,,,,,,,,,,0,,,,
8.244046,search_cars,searching_for_parked_cars,100,-25,100,-25,searching_for_parked_cars,0,1785210836.1878376,1,1,0,69,searching_for_parked_cars,0,0,0,0,,,0,0,0,0,0,0,0,0,,,,-300.0,,0,,,,,,,,,0,0,0,0.0,0,lidar_slot_box_unavailable,0.0,0.0,0.0,,,,0,footprint_unavailable,,,,,0,NONE,0,0,0,0,0,,0.0,0.0,0,0,0.0,slot_not_locked,,0,,0,0,,0,,0,,,,,,,,,,,,0,,,,
8.32159,search_cars,searching_for_parked_cars,100,-25,100,-25,searching_for_parked_cars,0,1785210836.2997468,1,1,0,73,searching_for_parked_cars,0,0,0,0,,,0,0,0,0,0,0,0,0,,,,-300.0,,0,,,,,,,,,0,0,0,0.0,0,lidar_slot_box_unavailable,0.0,0.0,0.0,,,,0,footprint_unavailable,,,,,0,NONE,0,0,0,0,0,,0.0,0.0,0,0,0.0,slot_not_locked,,0,,0,0,,0,,0,,,,,,,,,,,,0,,,,
8.399589,search_cars,searching_for_parked_cars,100,-25,100,-25,searching_for_parked_cars,0,1785210836.2997468,0,1,0,73,searching_for_parked_cars,0,0,0,0,,,0,0,0,0,0,0,0,0,,,,-300.0,,0,,,,,,,,,0,0,0,0.0,0,lidar_slot_box_unavailable,0.0,0.0,0.0,,,,0,footprint_unavailable,,,,,0,NONE,0,0,0,0,0,,0.0,0.0,0,0,0.0,slot_not_locked,,0,,0,0,,0,,0,,,,,,,,,,,,0,,,,
8.477477,search_cars,searching_for_parked_cars,100,-25,100,-25,searching_for_parked_cars,0,1785210836.4154341,1,1,0,74,searching_for_parked_cars,0,0,0,0,,,0,0,0,0,0,0,0,0,,,,-300.0,,0,,,,,,,,,0,0,0,0.0,0,lidar_slot_box_unavailable,0.0,0.0,0.0,,,,0,footprint_unavailable,,,,,0,NONE,0,0,0,0,0,,0.0,0.0,0,0,0.0,slot_not_locked,,0,,0,0,,0,,0,,,,,,,,,,,,0,,,,
8.556205,search_cars,searching_for_parked_cars,100,-25,100,-25,searching_for_parked_cars,0,1785210836.5254972,1,1,0,77,searching_for_parked_cars,0,0,0,0,,,0,0,0,0,0,0,0,0,,,,-300.0,,0,,,,,,,,,0,0,0,0.0,0,lidar_slot_box_unavailable,0.0,0.0,0.0,,,,0,footprint_unavailable,,,,,0,NONE,0,0,0,0,0,,0.0,0.0,0,0,0.0,slot_not_locked,,0,,0,0,,0,,0,,,,,,,,,,,,0,,,,
8.633811,search_cars,searching_for_parked_cars,100,-25,100,-25,searching_for_parked_cars,0,1785210836.6367521,1,1,0,76,searching_for_parked_cars,0,0,0,0,,,0,0,0,0,0,0,0,0,,,,-300.0,,0,,,,,,,,,0,0,0,0.0,0,lidar_slot_box_unavailable,0.0,0.0,0.0,,,,0,footprint_unavailable,,,,,0,NONE,0,0,0,0,0,,0.0,0.0,0,0,0.0,slot_not_locked,,0,,0,0,,0,,0,,,,,,,,,,,,0,,,,
8.710761,search_cars,searching_for_parked_cars,100,-25,100,-25,searching_for_parked_cars,0,1785210836.6367521,0,1,0,76,searching_for_parked_cars,0,0,0,0,,,0,0,0,0,0,0,0,0,,,,-300.0,,0,,,,,,,,,0,0,0,0.0,0,lidar_slot_box_unavailable,0.0,0.0,0.0,,,,0,footprint_unavailable,,,,,0,NONE,0,0,0,0,0,,0.0,0.0,0,0,0.0,slot_not_locked,,0,,0,0,,0,,0,,,,,,,,,,,,0,,,,
8.787996,search_cars,searching_for_parked_cars,100,-25,100,-25,searching_for_parked_cars,0,1785210836.7511303,1,1,0,64,searching_for_parked_cars,0,0,0,0,,,0,0,0,0,0,0,0,0,,,,-300.0,,0,,,,,,,,,0,0,0,0.0,0,lidar_slot_box_unavailable,0.0,0.0,0.0,,,,0,footprint_unavailable,,,,,0,NONE,0,0,0,0,0,,0.0,0.0,0,0,0.0,slot_not_locked,,0,,0,0,,0,,0,,,,,,,,,,,,0,,,,
8.864358,search_cars,searching_for_parked_cars,100,-25,100,-25,searching_for_parked_cars,0,1785210836.8629253,1,1,0,62,searching_for_parked_cars,0,0,0,0,,,0,0,0,0,0,0,0,0,,,,-300.0,,0,,,,,,,,,0,0,0,0.0,0,lidar_slot_box_unavailable,0.0,0.0,0.0,,,,0,footprint_unavailable,,,,,0,NONE,0,0,0,0,0,,0.0,0.0,0,0,0.0,slot_not_locked,,0,,0,0,,0,,0,,,,,,,,,,,,0,,,,
8.939617,search_cars,searching_for_parked_cars,100,-25,100,-25,searching_for_parked_cars,0,1785210836.8629253,0,1,0,62,searching_for_parked_cars,0,0,0,0,,,0,0,0,0,0,0,0,0,,,,-300.0,,0,,,,,,,,,0,0,0,0.0,0,lidar_slot_box_unavailable,0.0,0.0,0.0,,,,0,footprint_unavailable,,,,,0,NONE,0,0,0,0,0,,0.0,0.0,0,0,0.0,slot_not_locked,,0,,0,0,,0,,0,,,,,,,,,,,,0,,,,
9.018894,search_cars,searching_for_parked_cars,100,-25,100,-25,searching_for_parked_cars,0,1785210836.9738843,1,1,0,65,searching_for_parked_cars,0,0,0,0,,,0,0,0,0,0,0,0,0,,,,-300.0,,0,,,,,,,,,0,0,0,0.0,0,lidar_slot_box_unavailable,0.0,0.0,0.0,,,,0,footprint_unavailable,,,,,0,NONE,0,0,0,0,0,,0.0,0.0,0,0,0.0,slot_not_locked,,0,,0,0,,0,,0,,,,,,,,,,,,0,,,,
9.096253,search_cars,searching_for_parked_cars,100,-25,100,-25,searching_for_parked_cars,0,1785210837.0887053,1,1,0,55,searching_for_parked_cars,0,0,0,0,,,0,0,0,0,0,0,0,0,,,,-300.0,,0,,,,,,,,,0,0,0,0.0,0,lidar_slot_box_unavailable,0.0,0.0,0.0,,,,0,footprint_unavailable,,,,,0,NONE,0,0,0,0,0,,0.0,0.0,0,0,0.0,slot_not_locked,,0,,0,0,,0,,0,,,,,,,,,,,,0,,,,
9.175338,search_cars,searching_for_parked_cars,100,-25,100,-25,searching_for_parked_cars,0,1785210837.0887053,0,1,0,55,searching_for_parked_cars,0,0,0,0,,,0,0,0,0,0,0,0,0,,,,-300.0,,0,,,,,,,,,0,0,0,0.0,0,lidar_slot_box_unavailable,0.0,0.0,0.0,,,,0,footprint_unavailable,,,,,0,NONE,0,0,0,0,0,,0.0,0.0,0,0,0.0,slot_not_locked,,0,,0,0,,0,,0,,,,,,,,,,,,0,,,,
9.237029,search_cars,searching_for_parked_cars,100,-25,100,-25,searching_for_parked_cars,0,1785210837.2010953,1,1,0,49,searching_for_parked_cars,0,0,0,0,,,0,0,0,0,0,0,0,0,,,,-300.0,,0,,,,,,,,,0,0,0,0.0,0,lidar_slot_box_unavailable,0.0,0.0,0.0,,,,0,footprint_unavailable,,,,,0,NONE,0,0,0,0,0,,0.0,0.0,0,0,0.0,slot_not_locked,,0,,0,0,,0,,0,,,,,,,,,,,,0,,,,
9.299926,search_cars,searching_for_parked_cars,100,-25,100,-25,searching_for_parked_cars,0,1785210837.2010953,0,1,0,49,searching_for_parked_cars,0,0,0,0,,,0,0,0,0,0,0,0,0,,,,-300.0,,0,,,,,,,,,0,0,0,0.0,0,lidar_slot_box_unavailable,0.0,0.0,0.0,,,,0,footprint_unavailable,,,,,0,NONE,0,0,0,0,0,,0.0,0.0,0,0,0.0,slot_not_locked,,0,,0,0,,0,,0,,,,,,,,,,,,0,,,,
9.37615,search_cars,searching_for_parked_cars,100,-25,100,-25,searching_for_parked_cars,0,1785210837.3125048,1,1,0,47,searching_for_parked_cars,0,0,0,0,,,0,0,0,0,0,0,0,0,,,,-300.0,,0,,,,,,,,,0,0,0,0.0,0,lidar_slot_box_unavailable,0.0,0.0,0.0,,,,0,footprint_unavailable,,,,,0,NONE,0,0,0,0,0,,0.0,0.0,0,0,0.0,slot_not_locked,,0,,0,0,,0,,0,,,,,,,,,,,,0,,,,
9.452458,search_cars,searching_for_parked_cars,100,-25,100,-25,searching_for_parked_cars,0,1785210837.4267914,1,1,0,52,searching_for_parked_cars,0,0,0,0,,,0,0,0,0,0,0,0,0,,,,-300.0,,0,,,,,,,,,0,0,0,0.0,0,lidar_slot_box_unavailable,0.0,0.0,0.0,,,,0,footprint_unavailable,,,,,0,NONE,0,0,0,0,0,,0.0,0.0,0,0,0.0,slot_not_locked,,0,,0,0,,0,,0,,,,,,,,,,,,0,,,,
9.530136,search_cars,searching_for_parked_cars,100,-25,100,-25,searching_for_parked_cars,0,1785210837.4267914,0,1,0,52,searching_for_parked_cars,0,0,0,0,,,0,0,0,0,0,0,0,0,,,,-300.0,,0,,,,,,,,,0,0,0,0.0,0,lidar_slot_box_unavailable,0.0,0.0,0.0,,,,0,footprint_unavailable,,,,,0,NONE,0,0,0,0,0,,0.0,0.0,0,0,0.0,slot_not_locked,,0,,0,0,,0,,0,,,,,,,,,,,,0,,,,
9.607121,search_cars,searching_for_parked_cars,100,-25,100,-25,searching_for_parked_cars,0,1785210837.5378094,1,1,0,51,searching_for_parked_cars,0,0,0,0,,,0,0,0,0,0,0,0,0,,,,-300.0,,0,,,,,,,,,0,0,0,0.0,0,lidar_slot_box_unavailable,0.0,0.0,0.0,,,,0,footprint_unavailable,,,,,0,NONE,0,0,0,0,0,,0.0,0.0,0,0,0.0,slot_not_locked,,0,,0,0,,0,,0,,,,,,,,,,,,0,,,,
9.68328,search_cars,searching_for_parked_cars,100,-25,100,-25,searching_for_parked_cars,0,1785210837.649773,1,1,0,47,searching_for_parked_cars,0,0,0,0,,,0,0,0,0,0,0,0,0,,,,-300.0,,0,,,,,,,,,0,0,0,0.0,0,lidar_slot_box_unavailable,0.0,0.0,0.0,,,,0,footprint_unavailable,,,,,0,NONE,0,0,0,0,0,,0.0,0.0,0,0,0.0,slot_not_locked,,0,,0,0,,0,,0,,,,,,,,,,,,0,,,,
9.744395,search_cars,searching_for_parked_cars,100,-25,100,-25,searching_for_parked_cars,0,1785210837.649773,0,1,0,47,searching_for_parked_cars,0,0,0,0,,,0,0,0,0,0,0,0,0,,,,-300.0,,0,,,,,,,,,0,0,0,0.0,0,lidar_slot_box_unavailable,0.0,0.0,0.0,,,,0,footprint_unavailable,,,,,0,NONE,0,0,0,0,0,,0.0,0.0,0,0,0.0,slot_not_locked,,0,,0,0,,0,,0,,,,,,,,,,,,0,,,,
9.823245,search_cars,searching_for_parked_cars,100,-25,100,-25,searching_for_parked_cars,0,1785210837.7606723,1,1,0,50,searching_for_parked_cars,0,0,0,0,,,0,0,0,0,0,0,0,0,,,,-300.0,,0,,,,,,,,,0,0,0,0.0,0,lidar_slot_box_unavailable,0.0,0.0,0.0,,,,0,footprint_unavailable,,,,,0,NONE,0,0,0,0,0,,0.0,0.0,0,0,0.0,slot_not_locked,,0,,0,0,,0,,0,,,,,,,,,,,,0,,,,
9.900736,search_cars,searching_for_parked_cars,100,-25,100,-25,searching_for_parked_cars,0,1785210837.8747327,1,1,0,44,searching_for_parked_cars,0,0,0,0,,,0,0,0,0,0,0,0,0,,,,-300.0,,0,,,,,,,,,0,0,0,0.0,0,lidar_slot_box_unavailable,0.0,0.0,0.0,,,,0,footprint_unavailable,,,,,0,NONE,0,0,0,0,0,,0.0,0.0,0,0,0.0,slot_not_locked,,0,,0,0,,0,,0,,,,,,,,,,,,0,,,,
9.978574,search_cars,searching_for_parked_cars,100,-25,100,-25,searching_for_parked_cars,0,1785210837.8747327,0,1,0,44,searching_for_parked_cars,0,0,0,0,,,0,0,0,0,0,0,0,0,,,,-300.0,,0,,,,,,,,,0,0,0,0.0,0,lidar_slot_box_unavailable,0.0,0.0,0.0,,,,0,footprint_unavailable,,,,,0,NONE,0,0,0,0,0,,0.0,0.0,0,0,0.0,slot_not_locked,,0,,0,0,,0,,0,,,,,,,,,,,,0,,,,
10.042057,search_cars,searching_for_parked_cars,100,-25,100,-25,searching_for_parked_cars,0,1785210837.985938,1,1,0,48,searching_for_parked_cars,0,0,0,0,,,0,0,0,0,0,0,0,0,,,,-300.0,,0,,,,,,,,,0,0,0,0.0,0,lidar_slot_box_unavailable,0.0,0.0,0.0,,,,0,footprint_unavailable,,,,,0,NONE,0,0,0,0,0,,0.0,0.0,0,0,0.0,slot_not_locked,,0,,0,0,,0,,0,,,,,,,,,,,,0,,,,
10.120196,search_cars,searching_for_parked_cars,100,-25,100,-25,searching_for_parked_cars,0,1785210838.1015484,1,1,0,49,searching_for_parked_cars,0,0,0,0,,,0,0,0,0,0,0,0,0,,,,-300.0,,0,,,,,,,,,0,0,0,0.0,0,lidar_slot_box_unavailable,0.0,0.0,0.0,,,,0,footprint_unavailable,,,,,0,NONE,0,0,0,0,0,,0.0,0.0,0,0,0.0,slot_not_locked,,0,,0,0,,0,,0,,,,,,,,,,,,0,,,,
10.184068,search_cars,searching_for_parked_cars,100,-25,100,-25,searching_for_parked_cars,0,1785210838.1015484,0,1,0,49,searching_for_parked_cars,0,0,0,0,,,0,0,0,0,0,0,0,0,,,,-300.0,,0,,,,,,,,,0,0,0,0.0,0,lidar_slot_box_unavailable,0.0,0.0,0.0,,,,0,footprint_unavailable,,,,,0,NONE,0,0,0,0,0,,0.0,0.0,0,0,0.0,slot_not_locked,,0,,0,0,,0,,0,,,,,,,,,,,,0,,,,
10.24581,search_cars,searching_for_parked_cars,100,-25,100,-25,searching_for_parked_cars,0,1785210838.212533,1,1,0,41,searching_for_parked_cars,0,0,0,0,,,0,0,0,0,0,0,0,0,,,,-300.0,,0,,,,,,,,,0,0,0,0.0,0,lidar_slot_box_unavailable,0.0,0.0,0.0,,,,0,footprint_unavailable,,,,,0,NONE,0,0,0,0,0,,0.0,0.0,0,0,0.0,slot_not_locked,,0,,0,0,,0,,0,,,,,,,,,,,,0,,,,
10.322551,search_cars,searching_for_parked_cars,100,-25,100,-25,searching_for_parked_cars,0,1785210838.3237076,1,1,0,49,searching_for_parked_cars,0,0,0,0,,,0,0,0,0,0,0,0,0,,,,-300.0,,0,,,,,,,,,0,0,0,0.0,0,lidar_slot_box_unavailable,0.0,0.0,0.0,,,,0,footprint_unavailable,,,,,0,NONE,0,0,0,0,0,,0.0,0.0,0,0,0.0,slot_not_locked,,0,,0,0,,0,,0,,,,,,,,,,,,0,,,,
10.400075,search_cars,searching_for_parked_cars,100,-25,100,-25,searching_for_parked_cars,0,1785210838.3237076,0,1,0,49,searching_for_parked_cars,0,0,0,0,,,0,0,0,0,0,0,0,0,,,,-300.0,,0,,,,,,,,,0,0,0,0.0,0,lidar_slot_box_unavailable,0.0,0.0,0.0,,,,0,footprint_unavailable,,,,,0,NONE,0,0,0,0,0,,0.0,0.0,0,0,0.0,slot_not_locked,,0,,0,0,,0,,0,,,,,,,,,,,,0,,,,
10.478744,search_cars,searching_for_parked_cars,100,-25,100,-25,searching_for_parked_cars,0,1785210838.4346142,1,1,0,48,searching_for_parked_cars,0,0,0,0,,,0,0,0,0,0,0,0,0,,,,-300.0,,0,,,,,,,,,0,0,0,0.0,0,lidar_slot_box_unavailable,0.0,0.0,0.0,,,,0,footprint_unavailable,,,,,0,NONE,0,0,0,0,0,,0.0,0.0,0,0,0.0,slot_not_locked,,0,,0,0,,0,,0,,,,,,,,,,,,0,,,,
10.557074,search_cars,searching_for_parked_cars,100,-25,100,-25,searching_for_parked_cars,0,1785210838.55021,1,1,0,48,searching_for_parked_cars,0,0,0,0,,,0,0,0,0,0,0,0,0,,,,-300.0,,0,,,,,,,,,0,0,0,0.0,0,lidar_slot_box_unavailable,0.0,0.0,0.0,,,,0,footprint_unavailable,,,,,0,NONE,0,0,0,0,0,,0.0,0.0,0,0,0.0,slot_not_locked,,0,,0,0,,0,,0,,,,,,,,,,,,0,,,,
10.634297,search_cars,searching_for_parked_cars,100,-25,100,-25,searching_for_parked_cars,0,1785210838.55021,0,1,0,48,searching_for_parked_cars,0,0,0,0,,,0,0,0,0,0,0,0,0,,,,-300.0,,0,,,,,,,,,0,0,0,0.0,0,lidar_slot_box_unavailable,0.0,0.0,0.0,,,,0,footprint_unavailable,,,,,0,NONE,0,0,0,0,0,,0.0,0.0,0,0,0.0,slot_not_locked,,0,,0,0,,0,,0,,,,,,,,,,,,0,,,,
10.714118,search_cars,searching_for_parked_cars,100,-25,100,-25,searching_for_parked_cars,0,1785210838.6609378,1,1,0,39,searching_for_parked_cars,0,0,0,0,,,0,0,0,0,0,0,0,0,,,,-300.0,,0,,,,,,,,,0,0,0,0.0,0,lidar_slot_box_unavailable,0.0,0.0,0.0,,,,0,footprint_unavailable,,,,,0,NONE,0,0,0,0,0,,0.0,0.0,0,0,0.0,slot_not_locked,,0,,0,0,,0,,0,,,,,,,,,,,,0,,,,
10.792024,search_cars,searching_for_parked_cars,100,-25,100,-25,searching_for_parked_cars,0,1785210838.773569,1,1,0,36,searching_for_parked_cars,0,0,0,0,,,0,0,0,0,0,0,0,0,,,,-300.0,,0,,,,,,,,,0,0,0,0.0,0,lidar_slot_box_unavailable,0.0,0.0,0.0,,,,0,footprint_unavailable,,,,,0,NONE,0,0,0,0,0,,0.0,0.0,0,0,0.0,slot_not_locked,,0,,0,0,,0,,0,,,,,,,,,,,,0,,,,
10.868231,search_cars,searching_for_parked_cars,100,-25,100,-25,searching_for_parked_cars,0,1785210838.773569,0,1,0,36,searching_for_parked_cars,0,0,0,0,,,0,0,0,0,0,0,0,0,,,,-300.0,,0,,,,,,,,,0,0,0,0.0,0,lidar_slot_box_unavailable,0.0,0.0,0.0,,,,0,footprint_unavailable,,,,,0,NONE,0,0,0,0,0,,0.0,0.0,0,0,0.0,slot_not_locked,,0,,0,0,,0,,0,,,,,,,,,,,,0,,,,
10.932254,search_cars,searching_for_parked_cars,100,-25,100,-25,searching_for_parked_cars,0,1785210838.887594,1,1,0,34,searching_for_parked_cars,0,0,0,0,,,0,0,0,0,0,0,0,0,,,,-300.0,,0,,,,,,,,,0,0,0,0.0,0,lidar_slot_box_unavailable,0.0,0.0,0.0,,,,0,footprint_unavailable,,,,,0,NONE,0,0,0,0,0,,0.0,0.0,0,0,0.0,slot_not_locked,,0,,0,0,,0,,0,,,,,,,,,,,,0,,,,
11.009394,search_cars,searching_for_parked_cars,100,-25,100,-25,searching_for_parked_cars,0,1785210838.997791,1,1,0,39,searching_for_parked_cars,0,0,0,0,,,0,0,0,0,0,0,0,0,,,,-300.0,,0,,,,,,,,,0,0,0,0.0,0,lidar_slot_box_unavailable,0.0,0.0,0.0,,,,0,footprint_unavailable,,,,,0,NONE,0,0,0,0,0,,0.0,0.0,0,0,0.0,slot_not_locked,,0,,0,0,,0,,0,,,,,,,,,,,,0,,,,
11.088388,search_cars,searching_for_parked_cars,100,-25,100,-25,searching_for_parked_cars,0,1785210838.997791,0,1,0,39,searching_for_parked_cars,0,0,0,0,,,0,0,0,0,0,0,0,0,,,,-300.0,,0,,,,,,,,,0,0,0,0.0,0,lidar_slot_box_unavailable,0.0,0.0,0.0,,,,0,footprint_unavailable,,,,,0,NONE,0,0,0,0,0,,0.0,0.0,0,0,0.0,slot_not_locked,,0,,0,0,,0,,0,,,,,,,,,,,,0,,,,
11.151433,search_cars,searching_for_parked_cars,100,-25,100,-25,searching_for_parked_cars,0,1785210839.1099706,1,1,0,28,searching_for_parked_cars,0,0,0,0,,,0,0,0,0,0,0,0,0,,,,-300.0,,0,,,,,,,,,0,0,0,0.0,0,lidar_slot_box_unavailable,0.0,0.0,0.0,,,,0,footprint_unavailable,,,,,0,NONE,0,0,0,0,0,,0.0,0.0,0,0,0.0,slot_not_locked,,0,,0,0,,0,,0,,,,,,,,,,,,0,,,,
11.230759,search_cars,searching_for_parked_cars,100,-25,100,-25,searching_for_parked_cars,0,1785210839.2219496,1,1,0,34,searching_for_parked_cars,0,0,0,0,,,0,0,0,0,0,0,0,0,,,,-300.0,,0,,,,,,,,,0,0,0,0.0,0,lidar_slot_box_unavailable,0.0,0.0,0.0,,,,0,footprint_unavailable,,,,,0,NONE,0,0,0,0,0,,0.0,0.0,0,0,0.0,slot_not_locked,,0,,0,0,,0,,0,,,,,,,,,,,,0,,,,
11.307216,search_cars,searching_for_parked_cars,100,-25,100,-25,searching_for_parked_cars,0,1785210839.2219496,0,1,0,34,searching_for_parked_cars,0,0,0,0,,,0,0,0,0,0,0,0,0,,,,-300.0,,0,,,,,,,,,0,0,0,0.0,0,lidar_slot_box_unavailable,0.0,0.0,0.0,,,,0,footprint_unavailable,,,,,0,NONE,0,0,0,0,0,,0.0,0.0,0,0,0.0,slot_not_locked,,0,,0,0,,0,,0,,,,,,,,,,,,0,,,,
11.386037,search_cars,searching_for_parked_cars,100,-25,100,-25,searching_for_parked_cars,0,1785210839.3364418,1,1,0,41,searching_for_parked_cars,0,0,0,0,,,0,0,0,0,0,0,0,0,,,,-300.0,,0,,,,,,,,,0,0,0,0.0,0,lidar_slot_box_unavailable,0.0,0.0,0.0,,,,0,footprint_unavailable,,,,,0,NONE,0,0,0,0,0,,0.0,0.0,0,0,0.0,slot_not_locked,,0,,0,0,,0,,0,,,,,,,,,,,,0,,,,
11.464946,search_cars,searching_for_parked_cars,100,-25,100,-25,searching_for_parked_cars,0,1785210839.4467766,1,1,0,32,searching_for_parked_cars,0,0,0,0,,,0,0,0,0,0,0,0,0,,,,-300.0,,0,,,,,,,,,0,0,0,0.0,0,lidar_slot_box_unavailable,0.0,0.0,0.0,,,,0,footprint_unavailable,,,,,0,NONE,0,0,0,0,0,,0.0,0.0,0,0,0.0,slot_not_locked,,0,,0,0,,0,,0,,,,,,,,,,,,0,,,,
11.541271,search_cars,searching_for_parked_cars,100,-25,100,-25,searching_for_parked_cars,0,1785210839.4467766,0,1,0,32,searching_for_parked_cars,0,0,0,0,,,0,0,0,0,0,0,0,0,,,,-300.0,,0,,,,,,,,,0,0,0,0.0,0,lidar_slot_box_unavailable,0.0,0.0,0.0,,,,0,footprint_unavailable,,,,,0,NONE,0,0,0,0,0,,0.0,0.0,0,0,0.0,slot_not_locked,,0,,0,0,,0,,0,,,,,,,,,,,,0,,,,
11.616078,search_cars,searching_for_parked_cars,100,-25,100,-25,searching_for_parked_cars,0,1785210839.5593228,1,1,0,27,searching_for_parked_cars,0,0,0,0,,,0,0,0,0,0,0,0,0,,,,-300.0,,0,,,,,,,,,0,0,0,0.0,0,lidar_slot_box_unavailable,0.0,0.0,0.0,,,,0,footprint_unavailable,,,,,0,NONE,0,0,0,0,0,,0.0,0.0,0,0,0.0,slot_not_locked,,0,,0,0,,0,,0,,,,,,,,,,,,0,,,,
11.693458,search_cars,searching_for_parked_cars,100,-25,100,-25,searching_for_parked_cars,0,1785210839.6739635,1,1,0,27,searching_for_parked_cars,0,0,0,0,,,0,0,0,0,0,0,0,0,,,,-300.0,,0,,,,,,,,,0,0,0,0.0,0,lidar_slot_box_unavailable,0.0,0.0,0.0,,,,0,footprint_unavailable,,,,,0,NONE,0,0,0,0,0,,0.0,0.0,0,0,0.0,slot_not_locked,,0,,0,0,,0,,0,,,,,,,,,,,,0,,,,
11.75753,search_cars,searching_for_parked_cars,100,-25,100,-25,searching_for_parked_cars,0,1785210839.6739635,0,1,0,27,searching_for_parked_cars,0,0,0,0,,,0,0,0,0,0,0,0,0,,,,-300.0,,0,,,,,,,,,0,0,0,0.0,0,lidar_slot_box_unavailable,0.0,0.0,0.0,,,,0,footprint_unavailable,,,,,0,NONE,0,0,0,0,0,,0.0,0.0,0,0,0.0,slot_not_locked,,0,,0,0,,0,,0,,,,,,,,,,,,0,,,,
11.838082,search_cars,searching_for_parked_cars,100,-25,100,-25,searching_for_parked_cars,0,1785210839.7838004,1,1,0,22,searching_for_parked_cars,0,0,0,0,,,0,0,0,0,0,0,0,0,,,,-300.0,,0,,,,,,,,,0,0,0,0.0,0,lidar_slot_box_unavailable,0.0,0.0,0.0,,,,0,footprint_unavailable,,,,,0,NONE,0,0,0,0,0,,0.0,0.0,0,0,0.0,slot_not_locked,,0,,0,0,,0,,0,,,,,,,,,,,,0,,,,
11.914966,search_cars,searching_for_parked_cars,100,-25,100,-25,searching_for_parked_cars,0,1785210839.895456,1,1,0,23,searching_for_parked_cars,0,0,0,0,,,0,0,0,0,0,0,0,0,,,,-300.0,,0,,,,,,,,,0,0,0,0.0,0,lidar_slot_box_unavailable,0.0,0.0,0.0,,,,0,footprint_unavailable,,,,,0,NONE,0,0,0,0,0,,0.0,0.0,0,0,0.0,slot_not_locked,,0,,0,0,,0,,0,,,,,,,,,,,,0,,,,
11.992749,search_cars,searching_for_parked_cars,100,-25,100,-25,searching_for_parked_cars,0,1785210839.895456,0,1,0,23,searching_for_parked_cars,0,0,0,0,,,0,0,0,0,0,0,0,0,,,,-300.0,,0,,,,,,,,,0,0,0,0.0,0,lidar_slot_box_unavailable,0.0,0.0,0.0,,,,0,footprint_unavailable,,,,,0,NONE,0,0,0,0,0,,0.0,0.0,0,0,0.0,slot_not_locked,,0,,0,0,,0,,0,,,,,,,,,,,,0,,,,
12.070036,search_cars,searching_for_parked_cars,100,-25,100,-25,searching_for_parked_cars,0,1785210840.0112622,1,1,0,21,searching_for_parked_cars,0,0,0,0,,,0,0,0,0,0,0,0,0,,,,-300.0,,0,,,,,,,,,0,0,0,0.0,0,lidar_slot_box_unavailable,0.0,0.0,0.0,,,,0,footprint_unavailable,,,,,0,NONE,0,0,0,0,0,,0.0,0.0,0,0,0.0,slot_not_locked,,0,,0,0,,0,,0,,,,,,,,,,,,0,,,,
12.148395,search_cars,searching_for_parked_cars,100,-25,100,-25,searching_for_parked_cars,0,1785210840.1220315,1,1,0,31,searching_for_parked_cars,0,0,0,0,,,0,0,0,0,0,0,0,0,,,,-300.0,,0,,,,,,,,,0,0,0,0.0,0,lidar_slot_box_unavailable,0.0,0.0,0.0,,,,0,footprint_unavailable,,,,,0,NONE,0,0,0,0,0,,0.0,0.0,0,0,0.0,slot_not_locked,,0,,0,0,,0,,0,,,,,,,,,,,,0,,,,
12.225679,search_cars,searching_for_parked_cars,100,-25,100,-25,searching_for_parked_cars,0,1785210840.1220315,0,1,0,31,searching_for_parked_cars,0,0,0,0,,,0,0,0,0,0,0,0,0,,,,-300.0,,0,,,,,,,,,0,0,0,0.0,0,lidar_slot_box_unavailable,0.0,0.0,0.0,,,,0,footprint_unavailable,,,,,0,NONE,0,0,0,0,0,,0.0,0.0,0,0,0.0,slot_not_locked,,0,,0,0,,0,,0,,,,,,,,,,,,0,,,,
12.303616,search_cars,searching_for_parked_cars,100,-25,100,-25,searching_for_parked_cars,0,1785210840.2331972,1,1,0,22,searching_for_parked_cars,0,0,0,0,,,0,0,0,0,0,0,0,0,,,,-300.0,,0,,,,,,,,,0,0,0,0.0,0,lidar_slot_box_unavailable,0.0,0.0,0.0,,,,0,footprint_unavailable,,,,,0,NONE,0,0,0,0,0,,0.0,0.0,0,0,0.0,slot_not_locked,,0,,0,0,,0,,0,,,,,,,,,,,,0,,,,
12.381956,search_cars,searching_for_parked_cars,100,-25,100,-25,searching_for_parked_cars,0,1785210840.347772,1,1,0,15,searching_for_parked_cars,0,0,0,0,,,0,0,0,0,0,0,0,0,,,,-300.0,,0,,,,,,,,,0,0,0,0.0,0,lidar_slot_box_unavailable,0.0,0.0,0.0,,,,0,footprint_unavailable,,,,,0,NONE,0,0,0,0,0,,0.0,0.0,0,0,0.0,slot_not_locked,,0,,0,0,,0,,0,,,,,,,,,,,,0,,,,
12.445347,search_cars,searching_for_parked_cars,100,-25,100,-25,searching_for_parked_cars,0,1785210840.347772,0,1,0,15,searching_for_parked_cars,0,0,0,0,,,0,0,0,0,0,0,0,0,,,,-300.0,,0,,,,,,,,,0,0,0,0.0,0,lidar_slot_box_unavailable,0.0,0.0,0.0,,,,0,footprint_unavailable,,,,,0,NONE,0,0,0,0,0,,0.0,0.0,0,0,0.0,slot_not_locked,,0,,0,0,,0,,0,,,,,,,,,,,,0,,,,
12.523848,search_cars,searching_for_parked_cars,100,-25,100,-25,searching_for_parked_cars,0,1785210840.459133,1,1,0,18,searching_for_parked_cars,0,0,0,0,,,0,0,0,0,0,0,0,0,,,,-300.0,,0,,,,,,,,,0,0,0,0.0,0,lidar_slot_box_unavailable,0.0,0.0,0.0,,,,0,footprint_unavailable,,,,,0,NONE,0,0,0,0,0,,0.0,0.0,0,0,0.0,slot_not_locked,,0,,0,0,,0,,0,,,,,,,,,,,,0,,,,
12.602768,search_cars,searching_for_parked_cars,100,-25,100,-25,searching_for_parked_cars,0,1785210840.5710568,1,1,0,25,searching_for_parked_cars,0,0,0,0,,,0,0,0,0,0,0,0,0,,,,-300.0,,0,,,,,,,,,0,0,0,0.0,0,lidar_slot_box_unavailable,0.0,0.0,0.0,,,,0,footprint_unavailable,,,,,0,NONE,0,0,0,0,0,,0.0,0.0,0,0,0.0,slot_not_locked,,0,,0,0,,0,,0,,,,,,,,,,,,0,,,,
12.681479,search_cars,searching_for_parked_cars,100,-25,100,-25,searching_for_parked_cars,0,1785210840.6857579,1,1,0,17,searching_for_parked_cars,0,0,0,0,,,0,0,0,0,0,0,0,0,,,,-300.0,,0,,,,,,,,,0,0,0,0.0,0,lidar_slot_box_unavailable,0.0,0.0,0.0,,,,0,footprint_unavailable,,,,,0,NONE,0,0,0,0,0,,0.0,0.0,0,0,0.0,slot_not_locked,,0,,0,0,,0,,0,,,,,,,,,,,,0,,,,
12.759562,search_cars,searching_for_parked_cars,100,-25,100,-25,searching_for_parked_cars,0,1785210840.6857579,0,1,0,17,searching_for_parked_cars,0,0,0,0,,,0,0,0,0,0,0,0,0,,,,-300.0,,0,,,,,,,,,0,0,0,0.0,0,lidar_slot_box_unavailable,0.0,0.0,0.0,,,,0,footprint_unavailable,,,,,0,NONE,0,0,0,0,0,,0.0,0.0,0,0,0.0,slot_not_locked,,0,,0,0,,0,,0,,,,,,,,,,,,0,,,,
12.837508,search_cars,searching_for_parked_cars,100,-25,100,-25,searching_for_parked_cars,0,1785210840.796504,1,1,0,21,searching_for_parked_cars,0,0,0,0,,,0,0,0,0,0,0,0,0,,,,-300.0,,0,,,,,,,,,0,0,0,0.0,0,lidar_slot_box_unavailable,0.0,0.0,0.0,,,,0,footprint_unavailable,,,,,0,NONE,0,0,0,0,0,,0.0,0.0,0,0,0.0,slot_not_locked,,0,,0,0,,0,,0,,,,,,,,,,,,0,,,,
12.916092,search_cars,searching_for_parked_cars,100,-25,100,-25,searching_for_parked_cars,0,1785210840.907936,1,1,0,26,searching_for_parked_cars,0,0,0,0,,,0,0,0,0,0,0,0,0,,,,-300.0,,0,,,,,,,,,0,0,0,0.0,0,lidar_slot_box_unavailable,0.0,0.0,0.0,,,,0,footprint_unavailable,,,,,0,NONE,0,0,0,0,0,,0.0,0.0,0,0,0.0,slot_not_locked,,0,,0,0,,0,,0,,,,,,,,,,,,0,,,,
12.994566,search_cars,searching_for_parked_cars,100,-25,100,-25,searching_for_parked_cars,0,1785210840.907936,0,1,0,26,searching_for_parked_cars,0,0,0,0,,,0,0,0,0,0,0,0,0,,,,-300.0,,0,,,,,,,,,0,0,0,0.0,0,lidar_slot_box_unavailable,0.0,0.0,0.0,,,,0,footprint_unavailable,,,,,0,NONE,0,0,0,0,0,,0.0,0.0,0,0,0.0,slot_not_locked,,0,,0,0,,0,,0,,,,,,,,,,,,0,,,,
13.071211,search_cars,searching_for_parked_cars,100,-25,100,-25,searching_for_parked_cars,0,1785210841.0228937,1,1,0,27,searching_for_parked_cars,0,0,0,0,,,0,0,0,0,0,0,0,0,,,,-300.0,,0,,,,,,,,,0,0,0,0.0,0,lidar_slot_box_unavailable,0.0,0.0,0.0,,,,0,footprint_unavailable,,,,,0,NONE,0,0,0,0,0,,0.0,0.0,0,0,0.0,slot_not_locked,,0,,0,0,,0,,0,,,,,,,,,,,,0,,,,
13.134578,search_cars,searching_for_parked_cars,100,-25,100,-25,searching_for_parked_cars,0,1785210841.1340067,1,1,0,27,searching_for_parked_cars,0,0,0,0,,,0,0,0,0,0,0,0,0,,,,-300.0,,0,,,,,,,,,0,0,0,0.0,0,lidar_slot_box_unavailable,0.0,0.0,0.0,,,,0,footprint_unavailable,,,,,0,NONE,0,0,0,0,0,,0.0,0.0,0,0,0.0,slot_not_locked,,0,,0,0,,0,,0,,,,,,,,,,,,0,,,,
13.198357,search_cars,searching_for_parked_cars,100,-25,100,-25,searching_for_parked_cars,0,1785210841.1340067,0,1,0,27,searching_for_parked_cars,0,0,0,0,,,0,0,0,0,0,0,0,0,,,,-300.0,,0,,,,,,,,,0,0,0,0.0,0,lidar_slot_box_unavailable,0.0,0.0,0.0,,,,0,footprint_unavailable,,,,,0,NONE,0,0,0,0,0,,0.0,0.0,0,0,0.0,slot_not_locked,,0,,0,0,,0,,0,,,,,,,,,,,,0,,,,
13.275064,search_cars,searching_for_parked_cars,100,-25,100,-25,searching_for_parked_cars,0,1785210841.245359,1,1,0,31,searching_for_parked_cars,0,0,0,0,,,0,0,0,0,0,0,0,0,,,,-300.0,,0,,,,,,,,,0,0,0,0.0,0,lidar_slot_box_unavailable,0.0,0.0,0.0,,,,0,footprint_unavailable,,,,,0,NONE,0,0,0,0,0,,0.0,0.0,0,0,0.0,slot_not_locked,,0,,0,0,,0,,0,,,,,,,,,,,,0,,,,
13.338209,search_cars,searching_for_parked_cars,100,-25,100,-25,searching_for_parked_cars,0,1785210841.245359,0,1,0,31,searching_for_parked_cars,0,0,0,0,,,0,0,0,0,0,0,0,0,,,,-300.0,,0,,,,,,,,,0,0,0,0.0,0,lidar_slot_box_unavailable,0.0,0.0,0.0,,,,0,footprint_unavailable,,,,,0,NONE,0,0,0,0,0,,0.0,0.0,0,0,0.0,slot_not_locked,,0,,0,0,,0,,0,,,,,,,,,,,,0,,,,
13.414506,search_cars,searching_for_parked_cars,100,-25,100,-25,searching_for_parked_cars,0,1785210841.3562272,1,1,0,37,searching_for_parked_cars,0,0,0,0,,,0,0,0,0,0,0,0,0,,,,-300.0,,0,,,,,,,,,0,0,0,0.0,0,lidar_slot_box_unavailable,0.0,0.0,0.0,,,,0,footprint_unavailable,,,,,0,NONE,0,0,0,0,0,,0.0,0.0,0,0,0.0,slot_not_locked,,0,,0,0,,0,,0,,,,,,,,,,,,0,,,,
13.491507,search_cars,searching_for_parked_cars,100,-25,100,-25,searching_for_parked_cars,0,1785210841.4711363,1,1,0,38,searching_for_parked_cars,0,0,0,0,,,0,0,0,0,0,0,0,0,,,,-300.0,,0,,,,,,,,,0,0,0,0.0,0,lidar_slot_box_unavailable,0.0,0.0,0.0,,,,0,footprint_unavailable,,,,,0,NONE,0,0,0,0,0,,0.0,0.0,0,0,0.0,slot_not_locked,,0,,0,0,,0,,0,,,,,,,,,,,,0,,,,
13.569204,search_cars,searching_for_parked_cars,100,-25,100,-25,searching_for_parked_cars,0,1785210841.4711363,0,1,0,38,searching_for_parked_cars,0,0,0,0,,,0,0,0,0,0,0,0,0,,,,-300.0,,0,,,,,,,,,0,0,0,0.0,0,lidar_slot_box_unavailable,0.0,0.0,0.0,,,,0,footprint_unavailable,,,,,0,NONE,0,0,0,0,0,,0.0,0.0,0,0,0.0,slot_not_locked,,0,,0,0,,0,,0,,,,,,,,,,,,0,,,,
13.647382,search_cars,searching_for_parked_cars,100,-25,100,-25,searching_for_parked_cars,0,1785210841.5836809,1,1,0,47,searching_for_parked_cars,0,0,0,0,,,0,0,0,0,0,0,0,0,,,,-300.0,,0,,,,,,,,,0,0,0,0.0,0,lidar_slot_box_unavailable,0.0,0.0,0.0,,,,0,footprint_unavailable,,,,,0,NONE,0,0,0,0,0,,0.0,0.0,0,0,0.0,slot_not_locked,,0,,0,0,,0,,0,,,,,,,,,,,,0,,,,
13.72546,search_cars,searching_for_parked_cars,100,-25,100,-25,searching_for_parked_cars,0,1785210841.6970792,1,1,0,53,searching_for_parked_cars,0,0,0,0,,,0,0,0,0,0,0,0,0,,,,-300.0,,0,,,,,,,,,0,0,0,0.0,0,lidar_slot_box_unavailable,0.0,0.0,0.0,,,,0,footprint_unavailable,,,,,0,NONE,0,0,0,0,0,,0.0,0.0,0,0,0.0,slot_not_locked,,0,,0,0,,0,,0,,,,,,,,,,,,0,,,,
13.803935,search_cars,first_car_seen:waiting_for_confirmation,100,-25,100,-25,first_car_seen:waiting_for_confirmation,0,1785210841.8084471,1,1,0,52,one_parked_car,1,1,0,0,-229.551,-420.449,0,0,0,0,0,0,0,0,,,,-300.0,,0,,,,,,,,,0,0,0,0.0,0,lidar_slot_box_unavailable,0.0,0.0,0.0,,,,0,footprint_unavailable,,,,,0,NONE,0,0,0,0,0,,0.0,0.0,0,0,0.0,slot_not_locked,,0,,0,0,,0,,0,,,,,,,,,,,,0,,,,
13.881501,search_cars,first_car_seen:waiting_for_confirmation,100,-25,100,-25,first_car_seen:waiting_for_confirmation,0,1785210841.8084471,0,1,0,52,one_parked_car,1,1,0,0,-229.551,-420.449,0,0,0,0,0,0,0,0,,,,-300.0,,0,,,,,,,,,0,0,0,0.0,0,lidar_slot_box_unavailable,0.0,0.0,0.0,,,,0,footprint_unavailable,,,,,0,NONE,0,0,0,0,0,,0.0,0.0,0,0,0.0,slot_not_locked,,0,,0,0,,0,,0,,,,,,,,,,,,0,,,,
13.943882,provisional_prealign,first_car_turn_reached:provisional_settle_max_left,0,-120,0,-120,first_car_turn_reached:provisional_settle_max_left,0,1785210841.9203925,1,1,0,61,tracking_first_car_to_rear_gate,1,1,1,1,-225.559,-424.441,0,0,0,0,0,0,0,0,,,,-300.0,,0,,,,,,,,,0,0,0,0.0,0,lidar_slot_box_unavailable,0.0,0.0,0.0,,,,0,footprint_unavailable,,,,,0,NONE,0,0,0,0,0,,0.0,0.0,0,0,0.0,slot_not_locked,,0,,0,0,,0,,0,,,,,,,,,,,,0,,,,
14.020644,provisional_prealign,steering_settle:provisional_prealign_waiting_for_second_car,0,-120,0,-120,steering_settle:provisional_prealign_waiting_for_second_car,0,1785210841.9203925,0,1,0,61,tracking_first_car_to_rear_gate,1,1,1,1,-225.559,-424.441,0,1,0,0,0,0,0,0,,,,-300.0,,0,,,,,,,,,0,0,0,0.0,0,slot_not_locked,0.0,0.0,0.0,,,,0,footprint_unavailable,,,,,0,NONE,0,0,0,0,0,,0.0,0.0,0,0,0.0,slot_not_locked,,0,,0,0,,0,,0,,,,,,,,,,,,0,,,,
14.098178,provisional_prealign,steering_settle:provisional_prealign_waiting_for_second_car,0,-120,0,-120,steering_settle:provisional_prealign_waiting_for_second_car,0,1785210842.0342205,1,1,0,61,tracking_first_car_to_rear_gate,1,1,1,1,-220.543,-429.457,0,1,0,0,0,0,0,0,,,,-300.0,,0,,,,,,,,,0,0,0,0.0,0,locked_slot_fallback_unavailable,0.0,0.0,0.0,,,,0,footprint_unavailable,,,,,0,NONE,0,0,0,0,0,,0.0,0.0,0,0,0.0,locked_slot_fallback_unavailable,,0,,0,0,,0,,0,,,,,,,,,,,,0,,,,
14.174576,provisional_prealign,steering_settle:provisional_prealign_waiting_for_second_car,0,-120,0,-120,steering_settle:provisional_prealign_waiting_for_second_car,0,1785210842.145393,1,1,0,64,tracking_first_car_to_rear_gate,1,1,1,1,-204.364,-445.636,0,1,0,0,0,0,0,0,,,,-300.0,,0,,,,,,,,,0,0,0,0.0,0,locked_slot_fallback_unavailable,0.0,0.0,0.0,,,,0,footprint_unavailable,,,,,0,NONE,0,0,0,0,0,,0.0,0.0,0,0,0.0,locked_slot_fallback_unavailable,,0,,0,0,,0,,0,,,,,,,,,,,,0,,,,
14.253223,provisional_prealign,steering_settle:provisional_prealign_waiting_for_second_car,0,-120,0,-120,steering_settle:provisional_prealign_waiting_for_second_car,0,1785210842.2577872,1,1,0,63,tracking_first_car_to_rear_gate,1,1,1,1,-196.201,-453.799,0,1,0,0,0,0,0,0,,,,-300.0,,0,,,,,,,,,0,0,0,0.0,0,locked_slot_fallback_unavailable,0.0,0.0,0.0,,,,0,footprint_unavailable,,,,,0,NONE,0,0,0,0,0,,0.0,0.0,0,0,0.0,locked_slot_fallback_unavailable,,0,,0,0,,0,,0,,,,,,,,,,,,0,,,,
14.330825,provisional_prealign,steering_settle:provisional_prealign_waiting_for_second_car,0,-120,0,-120,steering_settle:provisional_prealign_waiting_for_second_car,0,1785210842.2577872,0,1,0,63,tracking_first_car_to_rear_gate,1,1,1,1,-196.201,-453.799,0,1,0,0,0,0,0,0,,,,-300.0,,0,,,,,,,,,0,0,0,0.0,0,locked_slot_fallback_unavailable,0.0,0.0,0.0,,,,0,footprint_unavailable,,,,,0,NONE,0,0,0,0,0,,0.0,0.0,0,0,0.0,locked_slot_fallback_unavailable,,0,,0,0,,0,,0,,,,,,,,,,,,0,,,,
14.409875,provisional_prealign,provisional_prealign_waiting_for_second_car,20,-120,20,-120,provisional_prealign_waiting_for_second_car,0,1785210842.3687787,1,1,0,62,tracking_first_car_to_rear_gate,1,1,1,1,-191.93,-458.07,0,1,0,0,0,0,0,0,,,,-300.0,,0,,,,,,,,,0,0,0,0.0,0,locked_slot_fallback_unavailable,0.0,0.0,0.0,,,,0,footprint_unavailable,,,,,0,NONE,0,0,0,0,0,,0.0,0.0,0,0,0.0,locked_slot_fallback_unavailable,,0,,0,0,,0,,0,,,,,,,,,,,,0,,,,
14.486815,provisional_prealign,provisional_prealign_waiting_for_second_car,20,-120,20,-120,provisional_prealign_waiting_for_second_car,0,1785210842.4834156,1,1,0,63,tracking_first_car_to_rear_gate,1,1,1,1,-174.409,-475.591,0,1,0,0,0,0,0,0,,,,-300.0,,0,,,,,,,,,0,0,0,0.0,0,locked_slot_fallback_unavailable,0.0,0.0,0.0,,,,0,footprint_unavailable,,,,,0,NONE,0,0,0,0,0,,0.0,0.0,0,0,0.0,locked_slot_fallback_unavailable,,0,,0,0,,0,,0,,,,,,,,,,,,0,,,,
14.564826,provisional_prealign,provisional_prealign_waiting_for_second_car,20,-120,20,-120,provisional_prealign_waiting_for_second_car,0,1785210842.4834156,0,1,0,63,tracking_first_car_to_rear_gate,1,1,1,1,-174.409,-475.591,0,1,0,0,0,0,0,0,,,,-300.0,,0,,,,,,,,,0,0,0,0.0,0,locked_slot_fallback_unavailable,0.0,0.0,0.0,,,,0,footprint_unavailable,,,,,0,NONE,0,0,0,0,0,,0.0,0.0,0,0,0.0,locked_slot_fallback_unavailable,,0,,0,0,,0,,0,,,,,,,,,,,,0,,,,
14.640668,provisional_prealign,provisional_prealign_waiting_for_second_car,20,-120,20,-120,provisional_prealign_waiting_for_second_car,0,1785210842.5948427,1,1,0,61,tracking_first_car_to_rear_gate,1,1,1,1,-155.746,-494.254,0,1,0,0,0,0,0,0,,,,-300.0,,0,,,,,,,,,0,0,0,0.0,0,locked_slot_fallback_unavailable,0.0,0.0,0.0,,,,0,footprint_unavailable,,,,,0,NONE,0,0,0,0,0,,0.0,0.0,0,0,0.0,locked_slot_fallback_unavailable,,0,,0,0,,0,,0,,,,,,,,,,,,0,,,,
14.719323,provisional_prealign,provisional_prealign_waiting_for_second_car,20,-120,20,-120,provisional_prealign_waiting_for_second_car,0,1785210842.7069855,1,1,0,65,tracking_first_car_to_rear_gate,1,1,1,1,-172.483,-477.517,0,1,0,0,0,0,0,0,,,,-300.0,,0,,,,,,,,,0,0,0,0.0,0,locked_slot_fallback_unavailable,0.0,0.0,0.0,,,,0,footprint_unavailable,,,,,0,NONE,0,0,0,0,0,,0.0,0.0,0,0,0.0,locked_slot_fallback_unavailable,,0,,0,0,,0,,0,,,,,,,,,,,,0,,,,
14.797636,provisional_prealign,provisional_prealign_waiting_for_second_car,20,-120,20,-120,provisional_prealign_waiting_for_second_car,0,1785210842.7069855,0,1,0,65,tracking_first_car_to_rear_gate,1,1,1,1,-172.483,-477.517,0,1,0,0,0,0,0,0,,,,-300.0,,0,,,,,,,,,0,0,0,0.0,0,locked_slot_fallback_unavailable,0.0,0.0,0.0,,,,0,footprint_unavailable,,,,,0,NONE,0,0,0,0,0,,0.0,0.0,0,0,0.0,locked_slot_fallback_unavailable,,0,,0,0,,0,,0,,,,,,,,,,,,0,,,,
14.876242,provisional_prealign,provisional_prealign_waiting_for_second_car,20,-120,20,-120,provisional_prealign_waiting_for_second_car,0,1785210842.821517,1,1,0,61,tracking_first_car_to_rear_gate,1,1,1,1,-192.637,-457.363,0,1,0,0,0,0,0,0,,,,-300.0,,0,,,,,,,,,0,0,0,0.0,0,locked_slot_fallback_unavailable,0.0,0.0,0.0,,,,0,footprint_unavailable,,,,,0,NONE,0,0,0,0,0,,0.0,0.0,0,0,0.0,locked_slot_fallback_unavailable,,0,,0,0,,0,,0,,,,,,,,,,,,0,,,,
14.95423,provisional_prealign,provisional_prealign_waiting_for_second_car,20,-120,20,-120,provisional_prealign_waiting_for_second_car,0,1785210842.9325743,1,1,0,64,tracking_first_car_to_rear_gate,1,1,1,1,-203.23,-446.77,0,1,0,0,0,0,0,0,,,,-300.0,,0,,,,,,,,,0,0,0,0.0,0,locked_slot_fallback_unavailable,0.0,0.0,0.0,,,,0,footprint_unavailable,,,,,0,NONE,0,0,0,0,0,,0.0,0.0,0,0,0.0,locked_slot_fallback_unavailable,,0,,0,0,,0,,0,,,,,,,,,,,,0,,,,
15.032278,provisional_prealign,provisional_prealign_waiting_for_second_car,20,-120,20,-120,provisional_prealign_waiting_for_second_car,0,1785210842.9325743,0,1,0,64,tracking_first_car_to_rear_gate,1,1,1,1,-203.23,-446.77,0,1,0,0,0,0,0,0,,,,-300.0,,0,,,,,,,,,0,0,0,0.0,0,locked_slot_fallback_unavailable,0.0,0.0,0.0,,,,0,footprint_unavailable,,,,,0,NONE,0,0,0,0,0,,0.0,0.0,0,0,0.0,locked_slot_fallback_unavailable,,0,,0,0,,0,,0,,,,,,,,,,,,0,,,,
15.109002,provisional_prealign,provisional_prealign_waiting_for_second_car,20,-120,20,-120,provisional_prealign_waiting_for_second_car,0,1785210843.0430455,1,1,0,61,tracking_first_car_to_rear_gate,1,1,1,1,-167.719,-482.281,0,1,0,0,0,0,0,0,,,,-300.0,,0,,,,,,,,,0,0,0,0.0,0,locked_slot_fallback_unavailable,0.0,0.0,0.0,,,,0,footprint_unavailable,,,,,0,NONE,0,0,0,0,0,,0.0,0.0,0,0,0.0,locked_slot_fallback_unavailable,,0,,0,0,,0,,0,,,,,,,,,,,,0,,,,
15.18506,provisional_prealign,provisional_prealign_waiting_for_second_car,20,-120,20,-120,provisional_prealign_waiting_for_second_car,0,1785210843.1545856,1,1,0,61,tracking_first_car_to_rear_gate,1,1,1,1,-175.092,-474.908,0,1,0,0,0,0,0,0,,,,-300.0,,0,,,,,,,,,0,0,0,0.0,0,locked_slot_fallback_unavailable,0.0,0.0,0.0,,,,0,footprint_unavailable,,,,,0,NONE,0,0,0,0,0,,0.0,0.0,0,0,0.0,locked_slot_fallback_unavailable,,0,,0,0,,0,,0,,,,,,,,,,,,0,,,,
15.263099,provisional_prealign,provisional_prealign_waiting_for_second_car,20,-120,20,-120,provisional_prealign_waiting_for_second_car,0,1785210843.2692194,1,1,0,62,tracking_first_car_to_rear_gate,1,1,1,1,-183.793,-466.207,0,1,0,0,0,0,0,0,,,,-300.0,,0,,,,,,,,,0,0,0,0.0,0,locked_slot_fallback_unavailable,0.0,0.0,0.0,,,,0,footprint_unavailable,,,,,0,NONE,0,0,0,0,0,,0.0,0.0,0,0,0.0,locked_slot_fallback_unavailable,,0,,0,0,,0,,0,,,,,,,,,,,,0,,,,
15.340386,provisional_prealign,provisional_prealign_waiting_for_second_car,20,-120,20,-120,provisional_prealign_waiting_for_second_car,0,1785210843.2692194,0,1,0,62,tracking_first_car_to_rear_gate,1,1,1,1,-183.793,-466.207,0,1,0,0,0,0,0,0,,,,-300.0,,0,,,,,,,,,0,0,0,0.0,0,locked_slot_fallback_unavailable,0.0,0.0,0.0,,,,0,footprint_unavailable,,,,,0,NONE,0,0,0,0,0,,0.0,0.0,0,0,0.0,locked_slot_fallback_unavailable,,0,,0,0,,0,,0,,,,,,,,,,,,0,,,,
15.41967,provisional_prealign,provisional_prealign_waiting_for_second_car,20,-120,20,-120,provisional_prealign_waiting_for_second_car,0,1785210843.3810272,1,1,0,60,tracking_first_car_to_rear_gate,1,1,1,1,-159.395,-490.605,0,1,0,0,0,0,0,0,,,,-300.0,,0,,,,,,,,,0,0,0,0.0,0,locked_slot_fallback_unavailable,0.0,0.0,0.0,,,,0,footprint_unavailable,,,,,0,NONE,0,0,0,0,0,,0.0,0.0,0,0,0.0,locked_slot_fallback_unavailable,,0,,0,0,,0,,0,,,,,,,,,,,,0,,,,
15.49816,provisional_prealign,provisional_prealign_waiting_for_second_car,20,-120,20,-120,provisional_prealign_waiting_for_second_car,0,1785210843.4925187,1,1,0,61,tracking_first_car_to_rear_gate,1,1,1,1,-210.764,-439.236,0,1,0,0,0,0,0,0,,,,-300.0,,0,,,,,,,,,0,0,0,0.0,0,locked_slot_fallback_unavailable,0.0,0.0,0.0,,,,0,footprint_unavailable,,,,,0,NONE,0,0,0,0,0,,0.0,0.0,0,0,0.0,locked_slot_fallback_unavailable,,0,,0,0,,0,,0,,,,,,,,,,,,0,,,,
15.575869,provisional_prealign,provisional_prealign_waiting_for_second_car,20,-120,20,-120,provisional_prealign_waiting_for_second_car,0,1785210843.4925187,0,1,0,61,tracking_first_car_to_rear_gate,1,1,1,1,-210.764,-439.236,0,1,0,0,0,0,0,0,,,,-300.0,,0,,,,,,,,,0,0,0,0.0,0,locked_slot_fallback_unavailable,0.0,0.0,0.0,,,,0,footprint_unavailable,,,,,0,NONE,0,0,0,0,0,,0.0,0.0,0,0,0.0,locked_slot_fallback_unavailable,,0,,0,0,,0,,0,,,,,,,,,,,,0,,,,
15.638791,provisional_prealign,provisional_prealign_waiting_for_second_car,20,-120,20,-120,provisional_prealign_waiting_for_second_car,0,1785210843.6068668,1,1,0,58,tracking_first_car_to_rear_gate,1,1,1,1,-155.257,-494.743,0,1,0,0,0,0,0,0,,,,-300.0,,0,,,,,,,,,0,0,0,0.0,0,locked_slot_fallback_unavailable,0.0,0.0,0.0,,,,0,footprint_unavailable,,,,,0,NONE,0,0,0,0,0,,0.0,0.0,0,0,0.0,locked_slot_fallback_unavailable,,0,,0,0,,0,,0,,,,,,,,,,,,0,,,,
15.716798,provisional_prealign,provisional_prealign_waiting_for_second_car,20,-120,20,-120,provisional_prealign_waiting_for_second_car,0,1785210843.7179716,1,1,0,58,tracking_first_car_to_rear_gate,1,1,1,1,-208.175,-441.825,0,1,0,0,0,0,0,0,,,,-300.0,,0,,,,,,,,,0,0,0,0.0,0,locked_slot_fallback_unavailable,0.0,0.0,0.0,,,,0,footprint_unavailable,,,,,0,NONE,0,0,0,0,0,,0.0,0.0,0,0,0.0,locked_slot_fallback_unavailable,,0,,0,0,,0,,0,,,,,,,,,,,,0,,,,
15.796242,provisional_prealign,provisional_prealign_waiting_for_second_car,20,-120,20,-120,provisional_prealign_waiting_for_second_car,0,1785210843.7179716,0,1,0,58,tracking_first_car_to_rear_gate,1,1,1,1,-208.175,-441.825,0,1,0,0,0,0,0,0,,,,-300.0,,0,,,,,,,,,0,0,0,0.0,0,locked_slot_fallback_unavailable,0.0,0.0,0.0,,,,0,footprint_unavailable,,,,,0,NONE,0,0,0,0,0,,0.0,0.0,0,0,0.0,locked_slot_fallback_unavailable,,0,,0,0,,0,,0,,,,,,,,,,,,0,,,,
15.861003,provisional_prealign,provisional_prealign_waiting_for_second_car,20,-120,20,-120,provisional_prealign_waiting_for_second_car,0,1785210843.8294218,1,1,0,57,tracking_first_car_to_rear_gate,1,1,1,1,-184.807,-465.193,0,1,0,0,0,0,0,0,,,,-300.0,,0,,,,,,,,,0,0,0,0.0,0,locked_slot_fallback_unavailable,0.0,0.0,0.0,,,,0,footprint_unavailable,,,,,0,NONE,0,0,0,0,0,,0.0,0.0,0,0,0.0,locked_slot_fallback_unavailable,,0,,0,0,,0,,0,,,,,,,,,,,,0,,,,
15.925466,provisional_prealign,provisional_prealign_waiting_for_second_car,20,-120,20,-120,provisional_prealign_waiting_for_second_car,0,1785210843.8294218,0,1,0,57,tracking_first_car_to_rear_gate,1,1,1,1,-184.807,-465.193,0,1,0,0,0,0,0,0,,,,-300.0,,0,,,,,,,,,0,0,0,0.0,0,locked_slot_fallback_unavailable,0.0,0.0,0.0,,,,0,footprint_unavailable,,,,,0,NONE,0,0,0,0,0,,0.0,0.0,0,0,0.0,locked_slot_fallback_unavailable,,0,,0,0,,0,,0,,,,,,,,,,,,0,,,,
16.003886,provisional_prealign,provisional_prealign_waiting_for_second_car,20,-120,20,-120,provisional_prealign_waiting_for_second_car,0,1785210843.941588,1,1,0,57,tracking_first_car_to_rear_gate,1,1,1,1,-191.63,-458.37,0,1,0,0,0,0,0,0,,,,-300.0,,0,,,,,,,,,0,0,0,0.0,0,locked_slot_fallback_unavailable,0.0,0.0,0.0,,,,0,footprint_unavailable,,,,,0,NONE,0,0,0,0,0,,0.0,0.0,0,0,0.0,locked_slot_fallback_unavailable,,0,,0,0,,0,,0,,,,,,,,,,,,0,,,,
16.081991,provisional_prealign,provisional_prealign_waiting_for_second_car,20,-120,20,-120,provisional_prealign_waiting_for_second_car,0,1785210844.0561829,1,1,0,57,tracking_first_car_to_rear_gate,1,1,1,1,-130.083,-519.917,0,1,0,0,0,0,0,0,,,,-300.0,,0,,,,,,,,,0,0,0,0.0,0,locked_slot_fallback_unavailable,0.0,0.0,0.0,,,,0,footprint_unavailable,,,,,0,NONE,0,0,0,0,0,,0.0,0.0,0,0,0.0,locked_slot_fallback_unavailable,,0,,0,0,,0,,0,,,,,,,,,,,,0,,,,
16.160604,provisional_prealign,provisional_prealign_waiting_for_second_car,20,-120,20,-120,provisional_prealign_waiting_for_second_car,0,1785210844.1670413,1,1,0,58,tracking_first_car_to_rear_gate,1,1,1,1,-180.067,-469.933,0,1,0,0,0,0,0,0,,,,-300.0,,0,,,,,,,,,0,0,0,0.0,0,locked_slot_fallback_unavailable,0.0,0.0,0.0,,,,0,footprint_unavailable,,,,,0,NONE,0,0,0,0,0,,0.0,0.0,0,0,0.0,locked_slot_fallback_unavailable,,0,,0,0,,0,,0,,,,,,,,,,,,0,,,,
16.237469,provisional_prealign,provisional_prealign_waiting_for_second_car,20,-120,20,-120,provisional_prealign_waiting_for_second_car,0,1785210844.1670413,0,1,0,58,tracking_first_car_to_rear_gate,1,1,1,1,-180.067,-469.933,0,1,0,0,0,0,0,0,,,,-300.0,,0,,,,,,,,,0,0,0,0.0,0,locked_slot_fallback_unavailable,0.0,0.0,0.0,,,,0,footprint_unavailable,,,,,0,NONE,0,0,0,0,0,,0.0,0.0,0,0,0.0,locked_slot_fallback_unavailable,,0,,0,0,,0,,0,,,,,,,,,,,,0,,,,
16.315261,provisional_prealign,provisional_prealign_waiting_for_second_car,20,-120,20,-120,provisional_prealign_waiting_for_second_car,0,1785210844.2783163,1,1,0,53,tracking_first_car_to_rear_gate,1,1,1,1,-113.895,-536.105,0,1,0,0,0,0,0,0,,,,-300.0,,0,,,,,,,,,0,0,0,0.0,0,locked_slot_fallback_unavailable,0.0,0.0,0.0,,,,0,footprint_unavailable,,,,,0,NONE,0,0,0,0,0,,0.0,0.0,0,0,0.0,locked_slot_fallback_unavailable,,0,,0,0,,0,,0,,,,,,,,,,,,0,,,,
16.393693,provisional_prealign,provisional_prealign_waiting_for_second_car,20,-120,20,-120,provisional_prealign_waiting_for_second_car,0,1785210844.393196,1,1,0,57,tracking_first_car_to_rear_gate,1,1,1,1,-168.249,-481.751,0,1,0,0,0,0,0,0,,,,-300.0,,0,,,,,,,,,0,0,0,0.0,0,locked_slot_fallback_unavailable,0.0,0.0,0.0,,,,0,footprint_unavailable,,,,,0,NONE,0,0,0,0,0,,0.0,0.0,0,0,0.0,locked_slot_fallback_unavailable,,0,,0,0,,0,,0,,,,,,,,,,,,0,,,,
16.469234,provisional_prealign,provisional_prealign_waiting_for_second_car,20,-120,20,-120,provisional_prealign_waiting_for_second_car,0,1785210844.393196,0,1,0,57,tracking_first_car_to_rear_gate,1,1,1,1,-168.249,-481.751,0,1,0,0,0,0,0,0,,,,-300.0,,0,,,,,,,,,0,0,0,0.0,0,locked_slot_fallback_unavailable,0.0,0.0,0.0,,,,0,footprint_unavailable,,,,,0,NONE,0,0,0,0,0,,0.0,0.0,0,0,0.0,locked_slot_fallback_unavailable,,0,,0,0,,0,,0,,,,,,,,,,,,0,,,,
16.54933,provisional_prealign,provisional_prealign_waiting_for_second_car,20,-120,20,-120,provisional_prealign_waiting_for_second_car,0,1785210844.5046005,1,1,0,60,tracking_first_car_to_rear_gate,1,1,1,1,-150.946,-499.054,0,1,0,0,0,0,0,0,,,,-300.0,,0,,,,,,,,,0,0,0,0.0,0,locked_slot_fallback_unavailable,0.0,0.0,0.0,,,,0,footprint_unavailable,,,,,0,NONE,0,0,0,0,0,,0.0,0.0,0,0,0.0,locked_slot_fallback_unavailable,,0,,0,0,,0,,0,,,,,,,,,,,,0,,,,
16.629245,provisional_prealign,provisional_prealign_waiting_for_second_car,20,-120,20,-120,provisional_prealign_waiting_for_second_car,0,1785210844.6164334,1,1,0,62,tracking_first_car_to_rear_gate,1,1,1,1,-134.122,-515.878,0,1,0,0,0,0,0,0,,,,-300.0,,0,,,,,,,,,0,0,0,0.0,0,locked_slot_fallback_unavailable,0.0,0.0,0.0,,,,0,footprint_unavailable,,,,,0,NONE,0,0,0,0,0,,0.0,0.0,0,0,0.0,locked_slot_fallback_unavailable,,0,,0,0,,0,,0,,,,,,,,,,,,0,,,,
16.707195,provisional_prealign,provisional_prealign_waiting_for_second_car,20,-120,20,-120,provisional_prealign_waiting_for_second_car,0,1785210844.6164334,0,1,0,62,tracking_first_car_to_rear_gate,1,1,1,1,-134.122,-515.878,0,1,0,0,0,0,0,0,,,,-300.0,,0,,,,,,,,,0,0,0,0.0,0,locked_slot_fallback_unavailable,0.0,0.0,0.0,,,,0,footprint_unavailable,,,,,0,NONE,0,0,0,0,0,,0.0,0.0,0,0,0.0,locked_slot_fallback_unavailable,,0,,0,0,,0,,0,,,,,,,,,,,,0,,,,
16.783577,provisional_prealign,provisional_prealign_waiting_for_second_car,20,-120,20,-120,provisional_prealign_waiting_for_second_car,0,1785210844.7273502,1,1,0,54,tracking_first_car_to_rear_gate,1,1,1,1,-113.833,-536.167,0,1,0,0,0,0,0,0,,,,-300.0,,0,,,,,,,,,0,0,0,0.0,0,locked_slot_fallback_unavailable,0.0,0.0,0.0,,,,0,footprint_unavailable,,,,,0,NONE,0,0,0,0,0,,0.0,0.0,0,0,0.0,locked_slot_fallback_unavailable,,0,,0,0,,0,,0,,,,,,,,,,,,0,,,,
16.860458,provisional_prealign,provisional_prealign_waiting_for_second_car,20,-120,20,-120,provisional_prealign_waiting_for_second_car,0,1785210844.8416402,1,1,0,61,tracking_first_car_to_rear_gate,1,1,1,1,-127.718,-522.282,0,1,0,0,0,0,0,0,,,,-300.0,,0,,,,,,,,,0,0,0,0.0,0,locked_slot_fallback_unavailable,0.0,0.0,0.0,,,,0,footprint_unavailable,,,,,0,NONE,0,0,0,0,0,,0.0,0.0,0,0,0.0,locked_slot_fallback_unavailable,,0,,0,0,,0,,0,,,,,,,,,,,,0,,,,
16.936794,provisional_prealign,provisional_prealign_waiting_for_second_car,20,-120,20,-120,provisional_prealign_waiting_for_second_car,0,1785210844.8416402,0,1,0,61,tracking_first_car_to_rear_gate,1,1,1,1,-127.718,-522.282,0,1,0,0,0,0,0,0,,,,-300.0,,0,,,,,,,,,0,0,0,0.0,0,locked_slot_fallback_unavailable,0.0,0.0,0.0,,,,0,footprint_unavailable,,,,,0,NONE,0,0,0,0,0,,0.0,0.0,0,0,0.0,locked_slot_fallback_unavailable,,0,,0,0,,0,,0,,,,,,,,,,,,0,,,,
17.014151,provisional_prealign,provisional_prealign_waiting_for_second_car,20,-120,20,-120,provisional_prealign_waiting_for_second_car,0,1785210844.9535515,1,1,0,62,tracking_first_car_to_rear_gate,1,1,1,1,-105.359,-544.641,0,1,0,0,0,0,0,0,,,,-300.0,,0,,,,,,,,,0,0,0,0.0,0,locked_slot_fallback_unavailable,0.0,0.0,0.0,,,,0,footprint_unavailable,,,,,0,NONE,0,0,0,0,0,,0.0,0.0,0,0,0.0,locked_slot_fallback_unavailable,,0,,0,0,,0,,0,,,,,,,,,,,,0,,,,
17.093551,provisional_prealign,provisional_prealign_waiting_for_second_car,20,-120,20,-120,provisional_prealign_waiting_for_second_car,0,1785210845.06465,1,1,0,55,tracking_first_car_to_rear_gate,1,1,1,1,-119.396,-530.604,0,1,0,0,0,0,0,0,,,,-300.0,,0,,,,,,,,,0,0,0,0.0,0,locked_slot_fallback_unavailable,0.0,0.0,0.0,,,,0,footprint_unavailable,,,,,0,NONE,0,0,0,0,0,,0.0,0.0,0,0,0.0,locked_slot_fallback_unavailable,,0,,0,0,,0,,0,,,,,,,,,,,,0,,,,
17.170844,provisional_prealign,provisional_prealign_waiting_for_second_car,20,-120,20,-120,provisional_prealign_waiting_for_second_car,0,1785210845.1754408,1,1,0,65,tracking_first_car_to_rear_gate,1,1,1,1,-94.7,-555.3,0,1,0,0,0,0,0,0,,,,-300.0,,0,,,,,,,,,0,0,0,0.0,0,locked_slot_fallback_unavailable,0.0,0.0,0.0,,,,0,footprint_unavailable,,,,,0,NONE,0,0,0,0,0,,0.0,0.0,0,0,0.0,locked_slot_fallback_unavailable,,0,,0,0,,0,,0,,,,,,,,,,,,0,,,,
17.248028,provisional_prealign,provisional_prealign_waiting_for_second_car,20,-120,20,-120,provisional_prealign_waiting_for_second_car,0,1785210845.1754408,0,1,0,65,tracking_first_car_to_rear_gate,1,1,1,1,-94.7,-555.3,0,1,0,0,0,0,0,0,,,,-300.0,,0,,,,,,,,,0,0,0,0.0,0,locked_slot_fallback_unavailable,0.0,0.0,0.0,,,,0,footprint_unavailable,,,,,0,NONE,0,0,0,0,0,,0.0,0.0,0,0,0.0,locked_slot_fallback_unavailable,,0,,0,0,,0,,0,,,,,,,,,,,,0,,,,
17.325347,provisional_prealign,provisional_prealign_waiting_for_second_car,20,-120,20,-120,provisional_prealign_waiting_for_second_car,0,1785210845.2896576,1,1,0,63,tracking_first_car_to_rear_gate,1,1,1,1,-107.624,-542.376,0,1,0,0,0,0,0,0,,,,-300.0,,0,,,,,,,,,0,0,0,0.0,0,locked_slot_fallback_unavailable,0.0,0.0,0.0,,,,0,footprint_unavailable,,,,,0,NONE,0,0,0,0,0,,0.0,0.0,0,0,0.0,locked_slot_fallback_unavailable,,0,,0,0,,0,,0,,,,,,,,,,,,0,,,,
17.401791,provisional_prealign,provisional_prealign_waiting_for_second_car,20,-120,20,-120,provisional_prealign_waiting_for_second_car,0,1785210845.401403,1,1,0,62,tracking_first_car_to_rear_gate,1,1,1,1,-88.895,-561.105,0,1,0,0,0,0,0,0,,,,-300.0,,0,,,,,,,,,0,0,0,0.0,0,locked_slot_fallback_unavailable,0.0,0.0,0.0,,,,0,footprint_unavailable,,,,,0,NONE,0,0,0,0,0,,0.0,0.0,0,0,0.0,locked_slot_fallback_unavailable,,0,,0,0,,0,,0,,,,,,,,,,,,0,,,,
17.480873,provisional_prealign,provisional_prealign_waiting_for_second_car,20,-120,20,-120,provisional_prealign_waiting_for_second_car,0,1785210845.401403,0,1,0,62,tracking_first_car_to_rear_gate,1,1,1,1,-88.895,-561.105,0,1,0,0,0,0,0,0,,,,-300.0,,0,,,,,,,,,0,0,0,0.0,0,locked_slot_fallback_unavailable,0.0,0.0,0.0,,,,0,footprint_unavailable,,,,,0,NONE,0,0,0,0,0,,0.0,0.0,0,0,0.0,locked_slot_fallback_unavailable,,0,,0,0,,0,,0,,,,,,,,,,,,0,,,,
17.557305,provisional_prealign,provisional_prealign_waiting_for_second_car,20,-120,20,-120,provisional_prealign_waiting_for_second_car,0,1785210845.5136046,1,1,0,58,tracking_first_car_to_rear_gate,1,1,1,1,-71.389,-578.611,0,1,0,0,0,0,0,0,,,,-300.0,,0,,,,,,,,,0,0,0,0.0,0,locked_slot_fallback_unavailable,0.0,0.0,0.0,,,,0,footprint_unavailable,,,,,0,NONE,0,0,0,0,0,,0.0,0.0,0,0,0.0,locked_slot_fallback_unavailable,,0,,0,0,,0,,0,,,,,,,,,,,,0,,,,
17.635814,provisional_prealign,provisional_prealign_waiting_for_second_car,20,-120,20,-120,provisional_prealign_waiting_for_second_car,0,1785210845.627644,1,1,0,62,tracking_first_car_to_rear_gate,1,1,1,1,-93.266,-556.734,0,1,0,0,0,0,0,0,,,,-300.0,,0,,,,,,,,,0,0,0,0.0,0,locked_slot_fallback_unavailable,0.0,0.0,0.0,,,,0,footprint_unavailable,,,,,0,NONE,0,0,0,0,0,,0.0,0.0,0,0,0.0,locked_slot_fallback_unavailable,,0,,0,0,,0,,0,,,,,,,,,,,,0,,,,
17.713361,provisional_prealign,provisional_prealign_waiting_for_second_car,20,-120,20,-120,provisional_prealign_waiting_for_second_car,0,1785210845.627644,0,1,0,62,tracking_first_car_to_rear_gate,1,1,1,1,-93.266,-556.734,0,1,0,0,0,0,0,0,,,,-300.0,,0,,,,,,,,,0,0,0,0.0,0,locked_slot_fallback_unavailable,0.0,0.0,0.0,,,,0,footprint_unavailable,,,,,0,NONE,0,0,0,0,0,,0.0,0.0,0,0,0.0,locked_slot_fallback_unavailable,,0,,0,0,,0,,0,,,,,,,,,,,,0,,,,
17.791048,provisional_prealign,provisional_prealign_waiting_for_second_car,20,-120,20,-120,provisional_prealign_waiting_for_second_car,0,1785210845.7391422,1,1,0,58,tracking_first_car_to_rear_gate,1,1,1,1,-44.646,-605.354,0,1,0,0,0,0,0,0,,,,-300.0,,0,,,,,,,,,0,0,0,0.0,0,locked_slot_fallback_unavailable,0.0,0.0,0.0,,,,0,footprint_unavailable,,,,,0,NONE,0,0,0,0,0,,0.0,0.0,0,0,0.0,locked_slot_fallback_unavailable,,0,,0,0,,0,,0,,,,,,,,,,,,0,,,,
17.868212,provisional_prealign,provisional_prealign_waiting_for_second_car,20,-120,20,-120,provisional_prealign_waiting_for_second_car,0,1785210845.8504553,1,1,0,55,tracking_first_car_to_rear_gate,1,1,1,1,-62.883,-587.117,0,1,0,0,0,0,0,0,,,,-300.0,,0,,,,,,,,,0,0,0,0.0,0,locked_slot_fallback_unavailable,0.0,0.0,0.0,,,,0,footprint_unavailable,,,,,0,NONE,0,0,0,0,0,,0.0,0.0,0,0,0.0,locked_slot_fallback_unavailable,,0,,0,0,,0,,0,,,,,,,,,,,,0,,,,
17.944609,provisional_prealign,provisional_prealign_waiting_for_second_car,20,-120,20,-120,provisional_prealign_waiting_for_second_car,0,1785210845.8504553,0,1,0,55,tracking_first_car_to_rear_gate,1,1,1,1,-62.883,-587.117,0,1,0,0,0,0,0,0,,,,-300.0,,0,,,,,,,,,0,0,0,0.0,0,locked_slot_fallback_unavailable,0.0,0.0,0.0,,,,0,footprint_unavailable,,,,,0,NONE,0,0,0,0,0,,0.0,0.0,0,0,0.0,locked_slot_fallback_unavailable,,0,,0,0,,0,,0,,,,,,,,,,,,0,,,,
18.022239,provisional_prealign,provisional_prealign_waiting_for_second_car,20,-120,20,-120,provisional_prealign_waiting_for_second_car,0,1785210845.9641976,1,1,0,55,tracking_first_car_to_rear_gate,1,1,1,1,-41.742,-608.258,0,1,0,0,0,0,0,0,,,,-300.0,,0,,,,,,,,,0,0,0,0.0,0,locked_slot_fallback_unavailable,0.0,0.0,0.0,,,,0,footprint_unavailable,,,,,0,NONE,0,0,0,0,0,,0.0,0.0,0,0,0.0,locked_slot_fallback_unavailable,,0,,0,0,,0,,0,,,,,,,,,,,,0,,,,
18.10146,provisional_prealign,provisional_prealign_waiting_for_second_car,20,-120,20,-120,provisional_prealign_waiting_for_second_car,0,1785210846.0764124,1,1,0,53,tracking_first_car_to_rear_gate,1,1,1,1,-22.765,-627.235,0,1,0,0,0,0,0,0,,,,-300.0,,0,,,,,,,,,0,0,0,0.0,0,locked_slot_fallback_unavailable,0.0,0.0,0.0,,,,0,footprint_unavailable,,,,,0,NONE,0,0,0,0,0,,0.0,0.0,0,0,0.0,locked_slot_fallback_unavailable,,0,,0,0,,0,,0,,,,,,,,,,,,0,,,,
18.180167,provisional_prealign,provisional_prealign_waiting_for_second_car,20,-120,20,-120,provisional_prealign_waiting_for_second_car,0,1785210846.0764124,0,1,0,53,tracking_first_car_to_rear_gate,1,1,1,1,-22.765,-627.235,0,1,0,0,0,0,0,0,,,,-300.0,,0,,,,,,,,,0,0,0,0.0,0,locked_slot_fallback_unavailable,0.0,0.0,0.0,,,,0,footprint_unavailable,,,,,0,NONE,0,0,0,0,0,,0.0,0.0,0,0,0.0,locked_slot_fallback_unavailable,,0,,0,0,,0,,0,,,,,,,,,,,,0,,,,
18.242268,provisional_prealign,provisional_prealign_waiting_for_second_car,20,-120,20,-120,provisional_prealign_waiting_for_second_car,0,1785210846.1876607,1,1,0,53,tracking_first_car_to_rear_gate,1,1,1,1,-37.723,-612.277,0,1,0,0,0,0,0,0,,,,-300.0,,0,,,,,,,,,0,0,0,0.0,0,locked_slot_fallback_unavailable,0.0,0.0,0.0,,,,0,footprint_unavailable,,,,,0,NONE,0,0,0,0,0,,0.0,0.0,0,0,0.0,locked_slot_fallback_unavailable,,0,,0,0,,0,,0,,,,,,,,,,,,0,,,,
18.321161,provisional_prealign,provisional_prealign_waiting_for_second_car,20,-120,20,-120,provisional_prealign_waiting_for_second_car,0,1785210846.2990274,1,1,0,47,tracking_first_car_to_rear_gate,1,1,1,1,-49.865,-600.135,0,1,0,0,0,0,0,0,,,,-300.0,,0,,,,,,,,,0,0,0,0.0,0,locked_slot_fallback_unavailable,0.0,0.0,0.0,,,,0,footprint_unavailable,,,,,0,NONE,0,0,0,0,0,,0.0,0.0,0,0,0.0,locked_slot_fallback_unavailable,,0,,0,0,,0,,0,,,,,,,,,,,,0,,,,
18.398592,provisional_prealign,provisional_prealign_waiting_for_second_car,20,-120,20,-120,provisional_prealign_waiting_for_second_car,0,1785210846.2990274,0,1,0,47,tracking_first_car_to_rear_gate,1,1,1,1,-49.865,-600.135,0,1,0,0,0,0,0,0,,,,-300.0,,0,,,,,,,,,0,0,0,0.0,0,locked_slot_fallback_unavailable,0.0,0.0,0.0,,,,0,footprint_unavailable,,,,,0,NONE,0,0,0,0,0,,0.0,0.0,0,0,0.0,locked_slot_fallback_unavailable,,0,,0,0,,0,,0,,,,,,,,,,,,0,,,,
18.476332,provisional_prealign,provisional_prealign_waiting_for_second_car,20,-120,20,-120,provisional_prealign_waiting_for_second_car,0,1785210846.414428,1,1,0,48,tracking_first_car_to_rear_gate,1,1,1,1,6.709,-656.709,0,1,0,0,0,0,0,0,,,,-300.0,,0,,,,,,,,,0,0,0,0.0,0,locked_slot_fallback_unavailable,0.0,0.0,0.0,,,,0,footprint_unavailable,,,,,0,NONE,0,0,0,0,0,,0.0,0.0,0,0,0.0,locked_slot_fallback_unavailable,,0,,0,0,,0,,0,,,,,,,,,,,,0,,,,
18.556904,provisional_prealign,provisional_prealign_waiting_for_second_car,20,-120,20,-120,provisional_prealign_waiting_for_second_car,0,1785210846.52465,1,1,0,47,tracking_first_car_to_rear_gate,1,1,1,1,-10.069,-639.931,0,1,0,0,0,0,0,0,,,,-300.0,,0,,,,,,,,,0,0,0,0.0,0,locked_slot_fallback_unavailable,0.0,0.0,0.0,,,,0,footprint_unavailable,,,,,0,NONE,0,0,0,0,0,,0.0,0.0,0,0,0.0,locked_slot_fallback_unavailable,,0,,0,0,,0,,0,,,,,,,,,,,,0,,,,
18.635467,provisional_prealign,provisional_prealign_waiting_for_second_car,20,-120,20,-120,provisional_prealign_waiting_for_second_car,0,1785210846.6366725,1,1,0,52,tracking_first_car_to_rear_gate,1,1,1,1,5.67,-655.67,0,1,0,0,0,0,0,0,,,,-300.0,,0,,,,,,,,,0,0,0,0.0,0,locked_slot_fallback_unavailable,0.0,0.0,0.0,,,,0,footprint_unavailable,,,,,0,NONE,0,0,0,0,0,,0.0,0.0,0,0,0.0,locked_slot_fallback_unavailable,,0,,0,0,,0,,0,,,,,,,,,,,,0,,,,
18.713598,provisional_prealign,provisional_prealign_waiting_for_second_car,20,-120,20,-120,provisional_prealign_waiting_for_second_car,0,1785210846.6366725,0,1,0,52,tracking_first_car_to_rear_gate,1,1,1,1,5.67,-655.67,0,1,0,0,0,0,0,0,,,,-300.0,,0,,,,,,,,,0,0,0,0.0,0,locked_slot_fallback_unavailable,0.0,0.0,0.0,,,,0,footprint_unavailable,,,,,0,NONE,0,0,0,0,0,,0.0,0.0,0,0,0.0,locked_slot_fallback_unavailable,,0,,0,0,,0,,0,,,,,,,,,,,,0,,,,
18.793023,provisional_prealign,provisional_prealign_waiting_for_second_car,20,-120,20,-120,provisional_prealign_waiting_for_second_car,0,1785210846.7506323,1,1,0,53,tracking_first_car_to_rear_gate,1,1,1,1,-12.232,-637.768,0,1,0,0,0,0,0,0,,,,-300.0,,0,,,,,,,,,0,0,0,0.0,0,locked_slot_fallback_unavailable,0.0,0.0,0.0,,,,0,footprint_unavailable,,,,,0,NONE,0,0,0,0,0,,0.0,0.0,0,0,0.0,locked_slot_fallback_unavailable,,0,,0,0,,0,,0,,,,,,,,,,,,0,,,,
18.871696,provisional_prealign,provisional_prealign_waiting_for_second_car,20,-120,20,-120,provisional_prealign_waiting_for_second_car,0,1785210846.861827,1,1,0,50,tracking_first_car_to_rear_gate,1,1,1,1,9.727,-659.727,0,1,0,0,0,0,0,0,,,,-300.0,,0,,,,,,,,,0,0,0,0.0,0,locked_slot_fallback_unavailable,0.0,0.0,0.0,,,,0,footprint_unavailable,,,,,0,NONE,0,0,0,0,0,,0.0,0.0,0,0,0.0,locked_slot_fallback_unavailable,,0,,0,0,,0,,0,,,,,,,,,,,,0,,,,
18.950497,provisional_prealign,provisional_prealign_waiting_for_second_car,20,-120,20,-120,provisional_prealign_waiting_for_second_car,0,1785210846.861827,0,1,0,50,tracking_first_car_to_rear_gate,1,1,1,1,9.727,-659.727,0,1,0,0,0,0,0,0,,,,-300.0,,0,,,,,,,,,0,0,0,0.0,0,locked_slot_fallback_unavailable,0.0,0.0,0.0,,,,0,footprint_unavailable,,,,,0,NONE,0,0,0,0,0,,0.0,0.0,0,0,0.0,locked_slot_fallback_unavailable,,0,,0,0,,0,,0,,,,,,,,,,,,0,,,,
19.028272,provisional_prealign,provisional_prealign_waiting_for_second_car,20,-120,20,-120,provisional_prealign_waiting_for_second_car,0,1785210846.9745219,1,1,0,45,tracking_first_car_to_rear_gate,1,1,1,1,-0.0,-650.0,0,1,0,0,0,0,0,0,,,,-300.0,,0,,,,,,,,,0,0,0,0.0,0,locked_slot_fallback_unavailable,0.0,0.0,0.0,,,,0,footprint_unavailable,,,,,0,NONE,0,0,0,0,0,,0.0,0.0,0,0,0.0,locked_slot_fallback_unavailable,,0,,0,0,,0,,0,,,,,,,,,,,,0,,,,
19.107631,provisional_prealign,provisional_prealign_waiting_for_second_car,20,-120,20,-120,provisional_prealign_waiting_for_second_car,0,1785210847.0851126,1,1,0,51,tracking_first_car_to_rear_gate,1,1,1,1,24.14,-674.14,0,1,0,0,0,0,0,0,,,,-300.0,,0,,,,,,,,,0,0,0,0.0,0,locked_slot_fallback_unavailable,0.0,0.0,0.0,,,,0,footprint_unavailable,,,,,0,NONE,0,0,0,0,0,,0.0,0.0,0,0,0.0,locked_slot_fallback_unavailable,,0,,0,0,,0,,0,,,,,,,,,,,,0,,,,
19.184691,provisional_prealign,provisional_prealign_waiting_for_second_car,20,-120,20,-120,provisional_prealign_waiting_for_second_car,0,1785210847.0851126,0,1,0,51,tracking_first_car_to_rear_gate,1,1,1,1,24.14,-674.14,0,1,0,0,0,0,0,0,,,,-300.0,,0,,,,,,,,,0,0,0,0.0,0,locked_slot_fallback_unavailable,0.0,0.0,0.0,,,,0,footprint_unavailable,,,,,0,NONE,0,0,0,0,0,,0.0,0.0,0,0,0.0,locked_slot_fallback_unavailable,,0,,0,0,,0,,0,,,,,,,,,,,,0,,,,
19.263482,provisional_prealign,provisional_prealign_waiting_for_second_car,20,-120,20,-120,provisional_prealign_waiting_for_second_car,0,1785210847.2003589,1,1,0,46,tracking_first_car_to_rear_gate,1,1,1,1,14.573,-664.573,0,1,0,0,0,0,0,0,,,,-300.0,,0,,,,,,,,,0,0,0,0.0,0,locked_slot_fallback_unavailable,0.0,0.0,0.0,,,,0,footprint_unavailable,,,,,0,NONE,0,0,0,0,0,,0.0,0.0,0,0,0.0,locked_slot_fallback_unavailable,,0,,0,0,,0,,0,,,,,,,,,,,,0,,,,
19.341869,provisional_prealign,provisional_prealign_waiting_for_second_car,20,-120,20,-120,provisional_prealign_waiting_for_second_car,0,1785210847.3116684,1,1,0,47,tracking_first_car_to_rear_gate,1,1,1,1,76.628,-726.628,0,1,0,0,0,0,0,0,,,,-300.0,,0,,,,,,,,,0,0,0,0.0,0,locked_slot_fallback_unavailable,0.0,0.0,0.0,,,,0,footprint_unavailable,,,,,0,NONE,0,0,0,0,0,,0.0,0.0,0,0,0.0,locked_slot_fallback_unavailable,,0,,0,0,,0,,0,,,,,,,,,,,,0,,,,
19.420706,provisional_prealign,provisional_prealign_waiting_for_second_car,20,-120,20,-120,provisional_prealign_waiting_for_second_car,0,1785210847.4223263,1,1,0,46,tracking_first_car_to_rear_gate,1,1,1,1,58.473,-708.473,0,1,0,0,0,0,0,0,,,,-300.0,,0,,,,,,,,,0,0,0,0.0,0,locked_slot_fallback_unavailable,0.0,0.0,0.0,,,,0,footprint_unavailable,,,,,0,NONE,0,0,0,0,0,,0.0,0.0,0,0,0.0,locked_slot_fallback_unavailable,,0,,0,0,,0,,0,,,,,,,,,,,,0,,,,
19.498852,provisional_prealign,provisional_prealign_waiting_for_second_car,20,-120,20,-120,provisional_prealign_waiting_for_second_car,0,1785210847.4223263,0,1,0,46,tracking_first_car_to_rear_gate,1,1,1,1,58.473,-708.473,0,1,0,0,0,0,0,0,,,,-300.0,,0,,,,,,,,,0,0,0,0.0,0,locked_slot_fallback_unavailable,0.0,0.0,0.0,,,,0,footprint_unavailable,,,,,0,NONE,0,0,0,0,0,,0.0,0.0,0,0,0.0,locked_slot_fallback_unavailable,,0,,0,0,,0,,0,,,,,,,,,,,,0,,,,
19.576709,provisional_prealign,provisional_prealign_waiting_for_second_car,20,-120,20,-120,provisional_prealign_waiting_for_second_car,0,1785210847.5375266,1,1,0,51,tracking_first_car_to_rear_gate,1,1,1,1,43.35,-693.35,0,1,0,0,0,0,0,0,,,,-300.0,,0,,,,,,,,,0,0,0,0.0,0,locked_slot_fallback_unavailable,0.0,0.0,0.0,,,,0,footprint_unavailable,,,,,0,NONE,0,0,0,0,0,,0.0,0.0,0,0,0.0,locked_slot_fallback_unavailable,,0,,0,0,,0,,0,,,,,,,,,,,,0,,,,
19.654921,provisional_prealign,provisional_prealign_waiting_for_second_car,20,-120,20,-120,provisional_prealign_waiting_for_second_car,0,1785210847.648444,1,1,0,52,tracking_first_car_to_rear_gate,1,1,1,1,62.52,-712.52,0,1,0,0,0,0,0,0,,,,-300.0,,0,,,,,,,,,0,0,0,0.0,0,locked_slot_fallback_unavailable,0.0,0.0,0.0,,,,0,footprint_unavailable,,,,,0,NONE,0,0,0,0,0,,0.0,0.0,0,0,0.0,locked_slot_fallback_unavailable,,0,,0,0,,0,,0,,,,,,,,,,,,0,,,,
19.733014,provisional_prealign,provisional_prealign_waiting_for_second_car,20,-120,20,-120,provisional_prealign_waiting_for_second_car,0,1785210847.648444,0,1,0,52,tracking_first_car_to_rear_gate,1,1,1,1,62.52,-712.52,0,1,0,0,0,0,0,0,,,,-300.0,,0,,,,,,,,,0,0,0,0.0,0,locked_slot_fallback_unavailable,0.0,0.0,0.0,,,,0,footprint_unavailable,,,,,0,NONE,0,0,0,0,0,,0.0,0.0,0,0,0.0,locked_slot_fallback_unavailable,,0,,0,0,,0,,0,,,,,,,,,,,,0,,,,
19.813538,provisional_prealign,provisional_prealign_waiting_for_second_car,20,-120,20,-120,provisional_prealign_waiting_for_second_car,0,1785210847.760247,1,1,0,52,tracking_first_car_to_rear_gate,1,1,1,1,80.37,-730.37,0,1,0,0,0,0,0,0,,,,-300.0,,0,,,,,,,,,0,0,0,0.0,0,locked_slot_fallback_unavailable,0.0,0.0,0.0,,,,0,footprint_unavailable,,,,,0,NONE,0,0,0,0,0,,0.0,0.0,0,0,0.0,locked_slot_fallback_unavailable,,0,,0,0,,0,,0,,,,,,,,,,,,0,,,,
19.890595,provisional_prealign,provisional_prealign_waiting_for_second_car,20,-120,20,-120,provisional_prealign_waiting_for_second_car,0,1785210847.8719044,1,1,0,50,tracking_first_car_to_rear_gate,1,1,1,1,64.233,-714.233,0,1,0,0,0,0,0,0,,,,-300.0,,0,,,,,,,,,0,0,0,0.0,0,locked_slot_fallback_unavailable,0.0,0.0,0.0,,,,0,footprint_unavailable,,,,,0,NONE,0,0,0,0,0,,0.0,0.0,0,0,0.0,locked_slot_fallback_unavailable,,0,,0,0,,0,,0,,,,,,,,,,,,0,,,,
19.95441,provisional_prealign,provisional_prealign_waiting_for_second_car,20,-120,20,-120,provisional_prealign_waiting_for_second_car,0,1785210847.8719044,0,1,0,50,tracking_first_car_to_rear_gate,1,1,1,1,64.233,-714.233,0,1,0,0,0,0,0,0,,,,-300.0,,0,,,,,,,,,0,0,0,0.0,0,locked_slot_fallback_unavailable,0.0,0.0,0.0,,,,0,footprint_unavailable,,,,,0,NONE,0,0,0,0,0,,0.0,0.0,0,0,0.0,locked_slot_fallback_unavailable,,0,,0,0,,0,,0,,,,,,,,,,,,0,,,,
20.032815,provisional_prealign,provisional_prealign_waiting_for_second_car,20,-120,20,-120,provisional_prealign_waiting_for_second_car,0,1785210847.9863372,1,1,0,49,tracking_first_car_to_rear_gate,1,1,1,1,79.614,-729.614,0,1,0,0,0,0,0,0,,,,-300.0,,0,,,,,,,,,0,0,0,0.0,0,locked_slot_fallback_unavailable,0.0,0.0,0.0,,,,0,footprint_unavailable,,,,,0,NONE,0,0,0,0,0,,0.0,0.0,0,0,0.0,locked_slot_fallback_unavailable,,0,,0,0,,0,,0,,,,,,,,,,,,0,,,,
20.112626,provisional_prealign,provisional_prealign_waiting_for_second_car,20,-120,20,-120,provisional_prealign_waiting_for_second_car,0,1785210848.097896,1,1,0,46,tracking_first_car_to_rear_gate,1,1,1,1,94.409,-744.409,0,1,0,0,0,0,0,0,,,,-300.0,,0,,,,,,,,,0,0,0,0.0,0,locked_slot_fallback_unavailable,0.0,0.0,0.0,,,,0,footprint_unavailable,,,,,0,NONE,0,0,0,0,0,,0.0,0.0,0,0,0.0,locked_slot_fallback_unavailable,,0,,0,0,,0,,0,,,,,,,,,,,,0,,,,
20.19063,provisional_prealign,provisional_prealign_waiting_for_second_car,20,-120,20,-120,provisional_prealign_waiting_for_second_car,0,1785210848.097896,0,1,0,46,tracking_first_car_to_rear_gate,1,1,1,1,94.409,-744.409,0,1,0,0,0,0,0,0,,,,-300.0,,0,,,,,,,,,0,0,0,0.0,0,locked_slot_fallback_unavailable,0.0,0.0,0.0,,,,0,footprint_unavailable,,,,,0,NONE,0,0,0,0,0,,0.0,0.0,0,0,0.0,locked_slot_fallback_unavailable,,0,,0,0,,0,,0,,,,,,,,,,,,0,,,,
20.268969,provisional_prealign,provisional_prealign_waiting_for_second_car,20,-120,20,-120,provisional_prealign_waiting_for_second_car,0,1785210848.2084846,1,1,0,41,waiting_for_second_car_rear_gate,1,1,1,1,112.181,-762.181,0,1,1,1,1,0,0,0,,,,-300.0,,0,,,,,,,,,0,0,0,0.0,0,locked_slot_fallback_unavailable,0.0,0.0,0.0,,,,0,footprint_unavailable,,,,,0,NONE,0,0,0,0,0,,0.0,0.0,0,0,0.0,locked_slot_fallback_unavailable,,0,,0,0,,0,,0,,,,,,,,,,,,0,,,,
20.331623,provisional_prealign,provisional_prealign_waiting_for_second_car,20,-120,20,-120,provisional_prealign_waiting_for_second_car,0,1785210848.3237834,1,1,0,47,waiting_for_second_car_rear_gate,1,1,1,1,94.844,-744.844,0,1,1,1,1,0,0,0,,,,-300.0,,0,,,,,,,,,0,0,0,0.0,0,locked_slot_fallback_unavailable,0.0,0.0,0.0,,,,0,footprint_unavailable,,,,,0,NONE,0,0,0,0,0,,0.0,0.0,0,0,0.0,locked_slot_fallback_unavailable,,0,,0,0,,0,,0,,,,,,,,,,,,0,,,,
20.408614,provisional_prealign,provisional_prealign_waiting_for_second_car,20,-120,20,-120,provisional_prealign_waiting_for_second_car,0,1785210848.3237834,0,1,0,47,waiting_for_second_car_rear_gate,1,1,1,1,94.844,-744.844,0,1,1,1,1,0,0,0,,,,-300.0,,0,,,,,,,,,0,0,0,0.0,0,locked_slot_fallback_unavailable,0.0,0.0,0.0,,,,0,footprint_unavailable,,,,,0,NONE,0,0,0,0,0,,0.0,0.0,0,0,0.0,locked_slot_fallback_unavailable,,0,,0,0,,0,,0,,,,,,,,,,,,0,,,,
20.48791,provisional_prealign,provisional_prealign_waiting_for_second_car,20,-120,20,-120,provisional_prealign_waiting_for_second_car,0,1785210848.4344006,1,1,0,43,waiting_for_second_car_rear_gate,1,1,1,1,108.424,-758.424,0,1,1,1,1,0,0,0,,,,-300.0,,0,,,,,,,,,0,0,0,0.0,0,locked_slot_fallback_unavailable,0.0,0.0,0.0,,,,0,footprint_unavailable,,,,,0,NONE,0,0,0,0,0,,0.0,0.0,0,0,0.0,locked_slot_fallback_unavailable,,0,,0,0,,0,,0,,,,,,,,,,,,0,,,,
20.55178,provisional_prealign,provisional_prealign_waiting_for_second_car,20,-120,20,-120,provisional_prealign_waiting_for_second_car,0,1785210848.5463593,1,1,0,48,waiting_for_second_car_rear_gate,1,1,1,1,130.625,-780.625,0,1,1,1,1,0,0,0,,,,-300.0,,0,,,,,,,,,0,0,0,0.0,0,locked_slot_fallback_unavailable,0.0,0.0,0.0,,,,0,footprint_unavailable,,,,,0,NONE,0,0,0,0,0,,0.0,0.0,0,0,0.0,locked_slot_fallback_unavailable,,0,,0,0,,0,,0,,,,,,,,,,,,0,,,,
20.631767,provisional_prealign,provisional_prealign_waiting_for_second_car,20,-120,20,-120,provisional_prealign_waiting_for_second_car,0,1785210848.5463593,0,1,0,48,waiting_for_second_car_rear_gate,1,1,1,1,130.625,-780.625,0,1,1,1,1,0,0,0,,,,-300.0,,0,,,,,,,,,0,0,0,0.0,0,locked_slot_fallback_unavailable,0.0,0.0,0.0,,,,0,footprint_unavailable,,,,,0,NONE,0,0,0,0,0,,0.0,0.0,0,0,0.0,locked_slot_fallback_unavailable,,0,,0,0,,0,,0,,,,,,,,,,,,0,,,,
20.708476,provisional_prealign,provisional_prealign_waiting_for_second_car,20,-120,20,-120,provisional_prealign_waiting_for_second_car,0,1785210848.6582043,1,1,0,43,waiting_for_second_car_rear_gate,1,1,1,1,121.73,-771.73,0,1,1,1,1,0,0,0,,,,-300.0,,0,,,,,,,,,0,0,0,0.0,0,locked_slot_fallback_unavailable,0.0,0.0,0.0,,,,0,footprint_unavailable,,,,,0,NONE,0,0,0,0,0,,0.0,0.0,0,0,0.0,locked_slot_fallback_unavailable,,0,,0,0,,0,,0,,,,,,,,,,,,0,,,,
20.788049,provisional_prealign,provisional_prealign_waiting_for_second_car,20,-120,20,-120,provisional_prealign_waiting_for_second_car,0,1785210848.7718055,1,1,0,51,waiting_for_second_car_rear_gate,1,1,1,1,144.776,-794.776,0,1,1,1,1,0,0,0,,,,-300.0,,0,,,,,,,,,0,0,0,0.0,0,locked_slot_fallback_unavailable,0.0,0.0,0.0,,,,0,footprint_unavailable,,,,,0,NONE,0,0,0,0,0,,0.0,0.0,0,0,0.0,locked_slot_fallback_unavailable,,0,,0,0,,0,,0,,,,,,,,,,,,0,,,,
20.865446,provisional_prealign,provisional_prealign_waiting_for_second_car,20,-120,20,-120,provisional_prealign_waiting_for_second_car,0,1785210848.7718055,0,1,0,51,waiting_for_second_car_rear_gate,1,1,1,1,144.776,-794.776,0,1,1,1,1,0,0,0,,,,-300.0,,0,,,,,,,,,0,0,0,0.0,0,locked_slot_fallback_unavailable,0.0,0.0,0.0,,,,0,footprint_unavailable,,,,,0,NONE,0,0,0,0,0,,0.0,0.0,0,0,0.0,locked_slot_fallback_unavailable,,0,,0,0,,0,,0,,,,,,,,,,,,0,,,,
20.943172,provisional_prealign,provisional_prealign_waiting_for_second_car,20,-120,20,-120,provisional_prealign_waiting_for_second_car,0,1785210848.8827612,1,1,0,47,waiting_for_second_car_rear_gate,1,1,1,1,138.86,-788.86,0,1,1,1,1,0,0,0,,,,-300.0,,0,,,,,,,,,0,0,0,0.0,0,locked_slot_fallback_unavailable,0.0,0.0,0.0,,,,0,footprint_unavailable,,,,,0,NONE,0,0,0,0,0,,0.0,0.0,0,0,0.0,locked_slot_fallback_unavailable,,0,,0,0,,0,,0,,,,,,,,,,,,0,,,,
21.02104,provisional_prealign,provisional_prealign_waiting_for_second_car,20,-120,20,-120,provisional_prealign_waiting_for_second_car,0,1785210848.994387,1,1,0,41,waiting_for_second_car_rear_gate,1,1,1,1,159.735,-809.735,0,1,1,1,1,0,0,0,,,,-300.0,,0,,,,,,,,,0,0,0,0.0,0,locked_slot_fallback_unavailable,0.0,0.0,0.0,,,,0,footprint_unavailable,,,,,0,NONE,0,0,0,0,0,,0.0,0.0,0,0,0.0,locked_slot_fallback_unavailable,,0,,0,0,,0,,0,,,,,,,,,,,,0,,,,
21.097835,provisional_prealign,provisional_prealign_waiting_for_second_car,20,-120,20,-120,provisional_prealign_waiting_for_second_car,0,1785210848.994387,0,1,0,41,waiting_for_second_car_rear_gate,1,1,1,1,159.735,-809.735,0,1,1,1,1,0,0,0,,,,-300.0,,0,,,,,,,,,0,0,0,0.0,0,locked_slot_fallback_unavailable,0.0,0.0,0.0,,,,0,footprint_unavailable,,,,,0,NONE,0,0,0,0,0,,0.0,0.0,0,0,0.0,locked_slot_fallback_unavailable,,0,,0,0,,0,,0,,,,,,,,,,,,0,,,,
21.174089,provisional_prealign,provisional_prealign_waiting_for_second_car,20,-120,20,-120,provisional_prealign_waiting_for_second_car,0,1785210849.108592,1,1,0,42,waiting_for_second_car_rear_gate,1,1,1,1,180.884,-830.884,0,1,1,1,1,0,0,0,,,,-300.0,,0,,,,,,,,,0,0,0,0.0,0,locked_slot_fallback_unavailable,0.0,0.0,0.0,,,,0,footprint_unavailable,,,,,0,NONE,0,0,0,0,0,,0.0,0.0,0,0,0.0,locked_slot_fallback_unavailable,,0,,0,0,,0,,0,,,,,,,,,,,,0,,,,
21.250998,provisional_prealign,provisional_prealign_waiting_for_second_car,20,-120,20,-120,provisional_prealign_waiting_for_second_car,0,1785210849.2199318,1,1,0,42,waiting_for_second_car_rear_gate,1,1,1,1,161.689,-811.689,0,1,1,1,1,0,0,0,,,,-300.0,,0,,,,,,,,,0,0,0,0.0,0,locked_slot_fallback_unavailable,0.0,0.0,0.0,,,,0,footprint_unavailable,,,,,0,NONE,0,0,0,0,0,,0.0,0.0,0,0,0.0,locked_slot_fallback_unavailable,,0,,0,0,,0,,0,,,,,,,,,,,,0,,,,
21.329659,provisional_prealign,provisional_prealign_waiting_for_second_car,20,-120,20,-120,provisional_prealign_waiting_for_second_car,0,1785210849.332124,1,1,0,45,waiting_for_second_car_rear_gate,1,1,1,1,176.522,-826.522,0,1,1,1,1,0,0,0,,,,-300.0,,0,,,,,,,,,0,0,0,0.0,0,locked_slot_fallback_unavailable,0.0,0.0,0.0,,,,0,footprint_unavailable,,,,,0,NONE,0,0,0,0,0,,0.0,0.0,0,0,0.0,locked_slot_fallback_unavailable,,0,,0,0,,0,,0,,,,,,,,,,,,0,,,,
21.407411,provisional_prealign,provisional_prealign_waiting_for_second_car,20,-120,20,-120,provisional_prealign_waiting_for_second_car,0,1785210849.332124,0,1,0,45,waiting_for_second_car_rear_gate,1,1,1,1,176.522,-826.522,0,1,1,1,1,0,0,0,,,,-300.0,,0,,,,,,,,,0,0,0,0.0,0,locked_slot_fallback_unavailable,0.0,0.0,0.0,,,,0,footprint_unavailable,,,,,0,NONE,0,0,0,0,0,,0.0,0.0,0,0,0.0,locked_slot_fallback_unavailable,,0,,0,0,,0,,0,,,,,,,,,,,,0,,,,
21.485046,provisional_prealign,provisional_prealign_waiting_for_second_car,20,-120,20,-120,provisional_prealign_waiting_for_second_car,0,1785210849.443172,1,1,0,44,waiting_for_second_car_rear_gate,1,1,1,1,190.951,-840.951,0,1,1,1,1,0,0,0,,,,-300.0,,0,,,,,,,,,0,0,0,0.0,0,locked_slot_fallback_unavailable,0.0,0.0,0.0,,,,0,footprint_unavailable,,,,,0,NONE,0,0,0,0,0,,0.0,0.0,0,0,0.0,locked_slot_fallback_unavailable,,0,,0,0,,0,,0,,,,,,,,,,,,0,,,,
21.563459,provisional_prealign,provisional_prealign_waiting_for_second_car,20,-120,20,-120,provisional_prealign_waiting_for_second_car,0,1785210849.5571837,1,1,0,44,waiting_for_second_car_rear_gate,1,1,1,1,210.069,-860.069,0,1,1,1,1,0,0,0,,,,-300.0,,0,,,,,,,,,0,0,0,0.0,0,locked_slot_fallback_unavailable,0.0,0.0,0.0,,,,0,footprint_unavailable,,,,,0,NONE,0,0,0,0,0,,0.0,0.0,0,0,0.0,locked_slot_fallback_unavailable,,0,,0,0,,0,,0,,,,,,,,,,,,0,,,,
21.642029,provisional_prealign,provisional_prealign_waiting_for_second_car,20,-120,20,-120,provisional_prealign_waiting_for_second_car,0,1785210849.5571837,0,1,0,44,waiting_for_second_car_rear_gate,1,1,1,1,210.069,-860.069,0,1,1,1,1,0,0,0,,,,-300.0,,0,,,,,,,,,0,0,0,0.0,0,locked_slot_fallback_unavailable,0.0,0.0,0.0,,,,0,footprint_unavailable,,,,,0,NONE,0,0,0,0,0,,0.0,0.0,0,0,0.0,locked_slot_fallback_unavailable,,0,,0,0,,0,,0,,,,,,,,,,,,0,,,,
21.722137,provisional_prealign,provisional_prealign_waiting_for_second_car,20,-120,20,-120,provisional_prealign_waiting_for_second_car,0,1785210849.6690538,1,1,0,45,waiting_for_second_car_rear_gate,1,1,1,1,195.153,-845.153,0,1,1,1,1,0,0,0,,,,-300.0,,0,,,,,,,,,0,0,0,0.0,0,locked_slot_fallback_unavailable,0.0,0.0,0.0,,,,0,footprint_unavailable,,,,,0,NONE,0,0,0,0,0,,0.0,0.0,0,0,0.0,locked_slot_fallback_unavailable,,0,,0,0,,0,,0,,,,,,,,,,,,0,,,,
21.800989,provisional_prealign,provisional_prealign_waiting_for_second_car,20,-120,20,-120,provisional_prealign_waiting_for_second_car,0,1785210849.7804017,1,1,0,46,waiting_for_second_car_rear_gate,1,1,1,1,123.433,-773.433,0,1,1,1,1,0,0,0,,,,-300.0,,0,,,,,,,,,0,0,0,0.0,0,locked_slot_fallback_unavailable,0.0,0.0,0.0,,,,0,footprint_unavailable,,,,,0,NONE,0,0,0,0,0,,0.0,0.0,0,0,0.0,locked_slot_fallback_unavailable,,0,,0,0,,0,,0,,,,,,,,,,,,0,,,,
21.879239,provisional_prealign,provisional_prealign_waiting_for_second_car,20,-120,20,-120,provisional_prealign_waiting_for_second_car,0,1785210849.7804017,0,1,0,46,waiting_for_second_car_rear_gate,1,1,1,1,123.433,-773.433,0,1,1,1,1,0,0,0,,,,-300.0,,0,,,,,,,,,0,0,0,0.0,0,locked_slot_fallback_unavailable,0.0,0.0,0.0,,,,0,footprint_unavailable,,,,,0,NONE,0,0,0,0,0,,0.0,0.0,0,0,0.0,locked_slot_fallback_unavailable,,0,,0,0,,0,,0,,,,,,,,,,,,0,,,,
21.957913,provisional_prealign,provisional_prealign_waiting_for_second_car,20,-120,20,-120,provisional_prealign_waiting_for_second_car,0,1785210849.8916929,1,1,0,36,waiting_for_second_car_rear_gate,1,1,1,1,217.352,-867.352,0,1,1,1,1,0,0,0,,,,-300.0,,0,,,,,,,,,0,0,0,0.0,0,locked_slot_fallback_unavailable,0.0,0.0,0.0,,,,0,footprint_unavailable,,,,,0,NONE,0,0,0,0,0,,0.0,0.0,0,0,0.0,locked_slot_fallback_unavailable,,0,,0,0,,0,,0,,,,,,,,,,,,0,,,,
22.036221,provisional_prealign,provisional_prealign_waiting_for_second_car,20,-120,20,-120,provisional_prealign_waiting_for_second_car,0,1785210850.0064979,1,1,0,40,waiting_for_second_car_rear_gate,1,1,1,1,211.116,-861.116,0,1,1,1,1,0,0,0,,,,-300.0,,0,,,,,,,,,0,0,0,0.0,0,locked_slot_fallback_unavailable,0.0,0.0,0.0,,,,0,footprint_unavailable,,,,,0,NONE,0,0,0,0,0,,0.0,0.0,0,0,0.0,locked_slot_fallback_unavailable,,0,,0,0,,0,,0,,,,,,,,,,,,0,,,,
22.11561,provisional_prealign,provisional_prealign_waiting_for_second_car,20,-120,20,-120,provisional_prealign_waiting_for_second_car,0,1785210850.1184554,1,1,0,44,waiting_for_second_car_rear_gate,1,1,1,1,175.721,-825.721,0,1,1,1,1,0,0,0,,,,-300.0,,0,,,,,,,,,0,0,0,0.0,0,locked_slot_fallback_unavailable,0.0,0.0,0.0,,,,0,footprint_unavailable,,,,,0,NONE,0,0,0,0,0,,0.0,0.0,0,0,0.0,locked_slot_fallback_unavailable,,0,,0,0,,0,,0,,,,,,,,,,,,0,,,,
22.194041,provisional_prealign,provisional_prealign_waiting_for_second_car,20,-120,20,-120,provisional_prealign_waiting_for_second_car,0,1785210850.1184554,0,1,0,44,waiting_for_second_car_rear_gate,1,1,1,1,175.721,-825.721,0,1,1,1,1,0,0,0,,,,-300.0,,0,,,,,,,,,0,0,0,0.0,0,locked_slot_fallback_unavailable,0.0,0.0,0.0,,,,0,footprint_unavailable,,,,,0,NONE,0,0,0,0,0,,0.0,0.0,0,0,0.0,locked_slot_fallback_unavailable,,0,,0,0,,0,,0,,,,,,,,,,,,0,,,,
22.272212,provisional_prealign,provisional_prealign_waiting_for_second_car,20,-120,20,-120,provisional_prealign_waiting_for_second_car,0,1785210850.2297025,1,1,0,38,waiting_for_second_car_rear_gate,1,1,1,1,229.095,-879.095,0,1,1,1,1,0,0,0,,,,-300.0,,0,,,,,,,,,0,0,0,0.0,0,locked_slot_fallback_unavailable,0.0,0.0,0.0,,,,0,footprint_unavailable,,,,,0,NONE,0,0,0,0,0,,0.0,0.0,0,0,0.0,locked_slot_fallback_unavailable,,0,,0,0,,0,,0,,,,,,,,,,,,0,,,,
22.351201,provisional_prealign,provisional_prealign_waiting_for_second_car,20,-120,20,-120,provisional_prealign_waiting_for_second_car,0,1785210850.3433385,1,1,0,41,waiting_for_second_car_rear_gate,1,1,1,1,247.295,-897.295,0,1,1,1,1,0,0,0,,,,-300.0,,0,,,,,,,,,0,0,0,0.0,0,locked_slot_fallback_unavailable,0.0,0.0,0.0,,,,0,footprint_unavailable,,,,,0,NONE,0,0,0,0,0,,0.0,0.0,0,0,0.0,locked_slot_fallback_unavailable,,0,,0,0,,0,,0,,,,,,,,,,,,0,,,,
22.430192,provisional_prealign,provisional_prealign_waiting_for_second_car,20,-120,20,-120,provisional_prealign_waiting_for_second_car,0,1785210850.3433385,0,1,0,41,waiting_for_second_car_rear_gate,1,1,1,1,247.295,-897.295,0,1,1,1,1,0,0,0,,,,-300.0,,0,,,,,,,,,0,0,0,0.0,0,locked_slot_fallback_unavailable,0.0,0.0,0.0,,,,0,footprint_unavailable,,,,,0,NONE,0,0,0,0,0,,0.0,0.0,0,0,0.0,locked_slot_fallback_unavailable,,0,,0,0,,0,,0,,,,,,,,,,,,0,,,,
22.508821,provisional_prealign,provisional_prealign_waiting_for_second_car,20,-120,20,-120,provisional_prealign_waiting_for_second_car,0,1785210850.455787,1,1,0,41,waiting_for_second_car_rear_gate,1,1,1,1,172.189,-822.189,0,1,1,1,1,0,0,0,,,,-300.0,,0,,,,,,,,,0,0,0,0.0,0,locked_slot_fallback_unavailable,0.0,0.0,0.0,,,,0,footprint_unavailable,,,,,0,NONE,0,0,0,0,0,,0.0,0.0,0,0,0.0,locked_slot_fallback_unavailable,,0,,0,0,,0,,0,,,,,,,,,,,,0,,,,
22.586547,provisional_prealign,provisional_prealign_waiting_for_second_car,20,-120,20,-120,provisional_prealign_waiting_for_second_car,0,1785210850.5668526,1,1,0,40,waiting_for_second_car_rear_gate,1,1,1,1,282.235,-932.235,0,1,1,1,1,0,0,0,,,,-300.0,,0,,,,,,,,,0,0,0,0.0,0,locked_slot_fallback_unavailable,0.0,0.0,0.0,,,,0,footprint_unavailable,,,,,0,NONE,0,0,0,0,0,,0.0,0.0,0,0,0.0,locked_slot_fallback_unavailable,,0,,0,0,,0,,0,,,,,,,,,,,,0,,,,
22.665246,provisional_prealign,provisional_prealign_waiting_for_second_car,20,-120,20,-120,provisional_prealign_waiting_for_second_car,0,1785210850.5668526,0,1,0,40,waiting_for_second_car_rear_gate,1,1,1,1,282.235,-932.235,0,1,1,1,1,0,0,0,,,,-300.0,,0,,,,,,,,,0,0,0,0.0,0,locked_slot_fallback_unavailable,0.0,0.0,0.0,,,,0,footprint_unavailable,,,,,0,NONE,0,0,0,0,0,,0.0,0.0,0,0,0.0,locked_slot_fallback_unavailable,,0,,0,0,,0,,0,,,,,,,,,,,,0,,,,
22.744353,provisional_prealign,provisional_prealign_waiting_for_second_car,20,-120,20,-120,provisional_prealign_waiting_for_second_car,0,1785210850.678625,1,1,0,38,waiting_for_second_car_rear_gate,1,1,1,1,263.365,-913.365,0,1,1,1,1,0,0,0,,,,-300.0,,0,,,,,,,,,0,0,0,0.0,0,locked_slot_fallback_unavailable,0.0,0.0,0.0,,,,0,footprint_unavailable,,,,,0,NONE,0,0,0,0,0,,0.0,0.0,0,0,0.0,locked_slot_fallback_unavailable,,0,,0,0,,0,,0,,,,,,,,,,,,0,,,,
22.821304,provisional_prealign,provisional_prealign_waiting_for_second_car,20,-120,20,-120,provisional_prealign_waiting_for_second_car,0,1785210850.7932632,1,1,0,42,waiting_for_second_car_rear_gate,1,1,1,1,281.726,-931.726,0,1,1,1,1,0,0,0,,,,-300.0,,0,,,,,,,,,0,0,0,0.0,0,locked_slot_fallback_unavailable,0.0,0.0,0.0,,,,0,footprint_unavailable,,,,,0,NONE,0,0,0,0,0,,0.0,0.0,0,0,0.0,locked_slot_fallback_unavailable,,0,,0,0,,0,,0,,,,,,,,,,,,0,,,,
22.899155,provisional_prealign,provisional_prealign_waiting_for_second_car,20,-120,20,-120,provisional_prealign_waiting_for_second_car,0,1785210850.9052896,1,1,0,32,waiting_for_second_car_rear_gate,1,1,1,1,302.04,-952.04,0,1,1,1,1,0,0,0,,,,-300.0,,0,,,,,,,,,0,0,0,0.0,0,locked_slot_fallback_unavailable,0.0,0.0,0.0,,,,0,footprint_unavailable,,,,,0,NONE,0,0,0,0,0,,0.0,0.0,0,0,0.0,locked_slot_fallback_unavailable,,0,,0,0,,0,,0,,,,,,,,,,,,0,,,,
22.977873,provisional_prealign,provisional_prealign_waiting_for_second_car,20,-120,20,-120,provisional_prealign_waiting_for_second_car,0,1785210850.9052896,0,1,0,32,waiting_for_second_car_rear_gate,1,1,1,1,302.04,-952.04,0,1,1,1,1,0,0,0,,,,-300.0,,0,,,,,,,,,0,0,0,0.0,0,locked_slot_fallback_unavailable,0.0,0.0,0.0,,,,0,footprint_unavailable,,,,,0,NONE,0,0,0,0,0,,0.0,0.0,0,0,0.0,locked_slot_fallback_unavailable,,0,,0,0,,0,,0,,,,,,,,,,,,0,,,,
23.054543,provisional_prealign,provisional_prealign_waiting_for_second_car,20,-120,20,-120,provisional_prealign_waiting_for_second_car,0,1785210851.014689,1,1,0,41,waiting_for_second_car_rear_gate,1,1,1,1,289.932,-939.932,0,1,1,1,1,0,0,0,,,,-300.0,,0,,,,,,,,,0,0,0,0.0,0,locked_slot_fallback_unavailable,0.0,0.0,0.0,,,,0,footprint_unavailable,,,,,0,NONE,0,0,0,0,0,,0.0,0.0,0,0,0.0,locked_slot_fallback_unavailable,,0,,0,0,,0,,0,,,,,,,,,,,,0,,,,
23.131536,provisional_prealign,provisional_prealign_waiting_for_second_car,20,-120,20,-120,provisional_prealign_waiting_for_second_car,0,1785210851.1297011,1,1,0,43,waiting_for_second_car_rear_gate,1,1,1,1,220.669,-870.669,0,1,1,1,1,0,0,0,,,,-300.0,,0,,,,,,,,,0,0,0,0.0,0,locked_slot_fallback_unavailable,0.0,0.0,0.0,,,,0,footprint_unavailable,,,,,0,NONE,0,0,0,0,0,,0.0,0.0,0,0,0.0,locked_slot_fallback_unavailable,,0,,0,0,,0,,0,,,,,,,,,,,,0,,,,
23.209446,provisional_prealign,provisional_prealign_waiting_for_second_car,20,-120,20,-120,provisional_prealign_waiting_for_second_car,0,1785210851.1297011,0,1,0,43,waiting_for_second_car_rear_gate,1,1,1,1,220.669,-870.669,0,1,1,1,1,0,0,0,,,,-300.0,,0,,,,,,,,,0,0,0,0.0,0,locked_slot_fallback_unavailable,0.0,0.0,0.0,,,,0,footprint_unavailable,,,,,0,NONE,0,0,0,0,0,,0.0,0.0,0,0,0.0,locked_slot_fallback_unavailable,,0,,0,0,,0,,0,,,,,,,,,,,,0,,,,
23.287541,provisional_prealign,provisional_prealign_waiting_for_second_car,20,-120,20,-120,provisional_prealign_waiting_for_second_car,0,1785210851.2419734,1,1,0,36,waiting_for_second_car_rear_gate,1,1,1,1,325.823,-975.823,0,1,1,1,1,0,0,0,,,,-300.0,,0,,,,,,,,,0,0,0,0.0,0,locked_slot_fallback_unavailable,0.0,0.0,0.0,,,,0,footprint_unavailable,,,,,0,NONE,0,0,0,0,0,,0.0,0.0,0,0,0.0,locked_slot_fallback_unavailable,,0,,0,0,,0,,0,,,,,,,,,,,,0,,,,
23.366044,provisional_prealign,provisional_prealign_waiting_for_second_car,20,-120,20,-120,provisional_prealign_waiting_for_second_car,0,1785210851.3530364,1,1,0,38,waiting_for_second_car_rear_gate,1,1,1,1,304.942,-954.942,0,1,1,1,1,0,0,0,,,,-300.0,,0,,,,,,,,,0,0,0,0.0,0,locked_slot_fallback_unavailable,0.0,0.0,0.0,,,,0,footprint_unavailable,,,,,0,NONE,0,0,0,0,0,,0.0,0.0,0,0,0.0,locked_slot_fallback_unavailable,,0,,0,0,,0,,0,,,,,,,,,,,,0,,,,
23.443455,provisional_prealign,provisional_prealign_waiting_for_second_car,20,-120,20,-120,provisional_prealign_waiting_for_second_car,0,1785210851.3530364,0,1,0,38,waiting_for_second_car_rear_gate,1,1,1,1,304.942,-954.942,0,1,1,1,1,0,0,0,,,,-300.0,,0,,,,,,,,,0,0,0,0.0,0,locked_slot_fallback_unavailable,0.0,0.0,0.0,,,,0,footprint_unavailable,,,,,0,NONE,0,0,0,0,0,,0.0,0.0,0,0,0.0,locked_slot_fallback_unavailable,,0,,0,0,,0,,0,,,,,,,,,,,,0,,,,
23.522011,provisional_prealign,provisional_prealign_waiting_for_second_car,20,-120,20,-120,provisional_prealign_waiting_for_second_car,0,1785210851.467103,1,1,0,35,waiting_for_second_car_rear_gate,1,1,1,1,318.444,-968.444,0,1,1,1,1,0,0,0,,,,-300.0,,0,,,,,,,,,0,0,0,0.0,0,locked_slot_fallback_unavailable,0.0,0.0,0.0,,,,0,footprint_unavailable,,,,,0,NONE,0,0,0,0,0,,0.0,0.0,0,0,0.0,locked_slot_fallback_unavailable,,0,,0,0,,0,,0,,,,,,,,,,,,0,,,,
23.599627,provisional_prealign,provisional_prealign_waiting_for_second_car,20,-120,20,-120,provisional_prealign_waiting_for_second_car,0,1785210851.5779285,1,1,0,34,waiting_for_second_car_rear_gate,1,1,1,1,335.572,-985.572,0,1,1,1,1,0,0,0,,,,-300.0,,0,,,,,,,,,0,0,0,0.0,0,locked_slot_fallback_unavailable,0.0,0.0,0.0,,,,0,footprint_unavailable,,,,,0,NONE,0,0,0,0,0,,0.0,0.0,0,0,0.0,locked_slot_fallback_unavailable,,0,,0,0,,0,,0,,,,,,,,,,,,0,,,,
23.67836,provisional_prealign,provisional_prealign_waiting_for_second_car,20,-120,20,-120,provisional_prealign_waiting_for_second_car,0,1785210851.5779285,0,1,0,34,waiting_for_second_car_rear_gate,1,1,1,1,335.572,-985.572,0,1,1,1,1,0,0,0,,,,-300.0,,0,,,,,,,,,0,0,0,0.0,0,locked_slot_fallback_unavailable,0.0,0.0,0.0,,,,0,footprint_unavailable,,,,,0,NONE,0,0,0,0,0,,0.0,0.0,0,0,0.0,locked_slot_fallback_unavailable,,0,,0,0,,0,,0,,,,,,,,,,,,0,,,,
23.757039,provisional_prealign,provisional_prealign_waiting_for_second_car,20,-120,20,-120,provisional_prealign_waiting_for_second_car,0,1785210851.6909633,1,1,0,34,waiting_for_second_car_rear_gate,1,1,1,1,356.68,-1006.68,0,1,1,1,1,0,0,0,,,,-300.0,,0,,,,,,,,,0,0,0,0.0,0,locked_slot_fallback_unavailable,0.0,0.0,0.0,,,,0,footprint_unavailable,,,,,0,NONE,0,0,0,0,0,,0.0,0.0,0,0,0.0,locked_slot_fallback_unavailable,,0,,0,0,,0,,0,,,,,,,,,,,,0,,,,
23.834023,provisional_prealign,provisional_prealign_waiting_for_second_car,20,-120,20,-120,provisional_prealign_waiting_for_second_car,0,1785210851.8012407,1,1,0,38,waiting_for_second_car_rear_gate,1,1,1,1,341.897,-991.897,0,1,1,1,1,0,0,0,,,,-300.0,,0,,,,,,,,,0,0,0,0.0,0,locked_slot_fallback_unavailable,0.0,0.0,0.0,,,,0,footprint_unavailable,,,,,0,NONE,0,0,0,0,0,,0.0,0.0,0,0,0.0,locked_slot_fallback_unavailable,,0,,0,0,,0,,0,,,,,,,,,,,,0,,,,
23.912273,provisional_prealign,provisional_prealign_waiting_for_second_car,20,-120,20,-120,provisional_prealign_waiting_for_second_car,0,1785210851.9161124,1,1,0,34,waiting_for_second_car_rear_gate,1,1,1,1,332.601,-982.601,0,1,1,1,1,0,0,0,,,,-300.0,,0,,,,,,,,,0,0,0,0.0,0,locked_slot_fallback_unavailable,0.0,0.0,0.0,,,,0,footprint_unavailable,,,,,0,NONE,0,0,0,0,0,,0.0,0.0,0,0,0.0,locked_slot_fallback_unavailable,,0,,0,0,,0,,0,,,,,,,,,,,,0,,,,
23.991263,provisional_prealign,provisional_prealign_waiting_for_second_car,20,-120,20,-120,provisional_prealign_waiting_for_second_car,0,1785210851.9161124,0,1,0,34,waiting_for_second_car_rear_gate,1,1,1,1,332.601,-982.601,0,1,1,1,1,0,0,0,,,,-300.0,,0,,,,,,,,,0,0,0,0.0,0,locked_slot_fallback_unavailable,0.0,0.0,0.0,,,,0,footprint_unavailable,,,,,0,NONE,0,0,0,0,0,,0.0,0.0,0,0,0.0,locked_slot_fallback_unavailable,,0,,0,0,,0,,0,,,,,,,,,,,,0,,,,
24.071179,provisional_prealign,provisional_prealign_waiting_for_second_car,20,-120,20,-120,provisional_prealign_waiting_for_second_car,0,1785210852.0274198,1,1,0,32,waiting_for_second_car_rear_gate,1,1,1,1,356.567,-1006.567,0,1,1,1,1,0,0,0,,,,-300.0,,0,,,,,,,,,0,0,0,0.0,0,locked_slot_fallback_unavailable,0.0,0.0,0.0,,,,0,footprint_unavailable,,,,,0,NONE,0,0,0,0,0,,0.0,0.0,0,0,0.0,locked_slot_fallback_unavailable,,0,,0,0,,0,,0,,,,,,,,,,,,0,,,,
24.149326,provisional_prealign,provisional_prealign_waiting_for_second_car,20,-120,20,-120,provisional_prealign_waiting_for_second_car,0,1785210852.1386337,1,1,0,34,waiting_for_second_car_rear_gate,1,1,1,1,345.944,-995.944,0,1,1,1,1,0,0,0,,,,-300.0,,0,,,,,,,,,0,0,0,0.0,0,locked_slot_fallback_unavailable,0.0,0.0,0.0,,,,0,footprint_unavailable,,,,,0,NONE,0,0,0,0,0,,0.0,0.0,0,0,0.0,locked_slot_fallback_unavailable,,0,,0,0,,0,,0,,,,,,,,,,,,0,,,,
24.231269,provisional_prealign,provisional_prealign_waiting_for_second_car,20,-120,20,-120,provisional_prealign_waiting_for_second_car,0,1785210852.1386337,0,1,0,34,waiting_for_second_car_rear_gate,1,1,1,1,345.944,-995.944,0,1,1,1,1,0,0,0,,,,-300.0,,0,,,,,,,,,0,0,0,0.0,0,locked_slot_fallback_unavailable,0.0,0.0,0.0,,,,0,footprint_unavailable,,,,,0,NONE,0,0,0,0,0,,0.0,0.0,0,0,0.0,locked_slot_fallback_unavailable,,0,,0,0,,0,,0,,,,,,,,,,,,0,,,,
24.312717,provisional_prealign,provisional_prealign_waiting_for_second_car,20,-120,20,-120,provisional_prealign_waiting_for_second_car,0,1785210852.253067,1,1,0,37,waiting_for_second_car_rear_gate,1,1,1,1,392.82,-1042.82,0,1,1,1,1,0,0,0,,,,-300.0,,0,,,,,,,,,0,0,0,0.0,0,locked_slot_fallback_unavailable,0.0,0.0,0.0,,,,0,footprint_unavailable,,,,,0,NONE,0,0,0,0,0,,0.0,0.0,0,0,0.0,locked_slot_fallback_unavailable,,0,,0,0,,0,,0,,,,,,,,,,,,0,,,,
24.393922,provisional_prealign,provisional_prealign_waiting_for_second_car,20,-120,20,-120,provisional_prealign_waiting_for_second_car,0,1785210852.364059,1,1,0,34,waiting_for_second_car_rear_gate,1,1,1,1,379.233,-1029.233,0,1,1,1,1,0,0,0,,,,-300.0,,0,,,,,,,,,0,0,0,0.0,0,locked_slot_fallback_unavailable,0.0,0.0,0.0,,,,0,footprint_unavailable,,,,,0,NONE,0,0,0,0,0,,0.0,0.0,0,0,0.0,locked_slot_fallback_unavailable,,0,,0,0,,0,,0,,,,,,,,,,,,0,,,,
24.470164,provisional_prealign,provisional_prealign_waiting_for_second_car,20,-120,20,-120,provisional_prealign_waiting_for_second_car,0,1785210852.4764612,1,1,0,37,waiting_for_second_car_rear_gate,1,1,1,1,393.292,-1043.292,0,1,1,1,1,0,0,0,,,,-300.0,,0,,,,,,,,,0,0,0,0.0,0,locked_slot_fallback_unavailable,0.0,0.0,0.0,,,,0,footprint_unavailable,,,,,0,NONE,0,0,0,0,0,,0.0,0.0,0,0,0.0,locked_slot_fallback_unavailable,,0,,0,0,,0,,0,,,,,,,,,,,,0,,,,
24.547563,provisional_prealign,provisional_prealign_waiting_for_second_car,20,-120,20,-120,provisional_prealign_waiting_for_second_car,0,1785210852.4764612,0,1,0,37,waiting_for_second_car_rear_gate,1,1,1,1,393.292,-1043.292,0,1,1,1,1,0,0,0,,,,-300.0,,0,,,,,,,,,0,0,0,0.0,0,locked_slot_fallback_unavailable,0.0,0.0,0.0,,,,0,footprint_unavailable,,,,,0,NONE,0,0,0,0,0,,0.0,0.0,0,0,0.0,locked_slot_fallback_unavailable,,0,,0,0,,0,,0,,,,,,,,,,,,0,,,,
24.627732,provisional_prealign,provisional_prealign_waiting_for_second_car,20,-120,20,-120,provisional_prealign_waiting_for_second_car,0,1785210852.5880752,1,1,0,33,waiting_for_second_car_rear_gate,1,1,1,1,414.499,-1064.499,0,1,1,1,1,0,0,0,,,,-300.0,,0,,,,,,,,,0,0,0,0.0,0,locked_slot_fallback_unavailable,0.0,0.0,0.0,,,,0,footprint_unavailable,,,,,0,NONE,0,0,0,0,0,,0.0,0.0,0,0,0.0,locked_slot_fallback_unavailable,,0,,0,0,,0,,0,,,,,,,,,,,,0,,,,
24.703651,provisional_prealign,provisional_prealign_waiting_for_second_car,20,-120,20,-120,provisional_prealign_waiting_for_second_car,0,1785210852.7022717,1,1,0,35,waiting_for_second_car_rear_gate,1,1,1,1,400.915,-1050.915,0,1,1,1,1,0,0,0,,,,-300.0,,0,,,,,,,,,0,0,0,0.0,0,locked_slot_fallback_unavailable,0.0,0.0,0.0,,,,0,footprint_unavailable,,,,,0,NONE,0,0,0,0,0,,0.0,0.0,0,0,0.0,locked_slot_fallback_unavailable,,0,,0,0,,0,,0,,,,,,,,,,,,0,,,,
24.78018,provisional_prealign,provisional_prealign_waiting_for_second_car,20,-120,20,-120,provisional_prealign_waiting_for_second_car,0,1785210852.7022717,0,1,0,35,waiting_for_second_car_rear_gate,1,1,1,1,400.915,-1050.915,0,1,1,1,1,0,0,0,,,,-300.0,,0,,,,,,,,,0,0,0,0.0,0,locked_slot_fallback_unavailable,0.0,0.0,0.0,,,,0,footprint_unavailable,,,,,0,NONE,0,0,0,0,0,,0.0,0.0,0,0,0.0,locked_slot_fallback_unavailable,,0,,0,0,,0,,0,,,,,,,,,,,,0,,,,
24.858978,provisional_prealign,provisional_prealign_waiting_for_second_car,20,-120,20,-120,provisional_prealign_waiting_for_second_car,0,1785210852.8136098,1,1,0,36,waiting_for_second_car_rear_gate,1,1,1,1,418.704,-1068.704,0,1,1,1,1,0,0,0,,,,-300.0,,0,,,,,,,,,0,0,0,0.0,0,locked_slot_fallback_unavailable,0.0,0.0,0.0,,,,0,footprint_unavailable,,,,,0,NONE,0,0,0,0,0,,0.0,0.0,0,0,0.0,locked_slot_fallback_unavailable,,0,,0,0,,0,,0,,,,,,,,,,,,0,,,,
24.935826,provisional_prealign,provisional_prealign_waiting_for_second_car,20,-120,20,-120,provisional_prealign_waiting_for_second_car,0,1785210852.9249895,1,1,0,42,waiting_for_second_car_rear_gate,1,1,1,1,410.474,-1060.474,0,1,1,1,1,0,0,0,,,,-300.0,,0,,,,,,,,,0,0,0,0.0,0,locked_slot_fallback_unavailable,0.0,0.0,0.0,,,,0,footprint_unavailable,,,,,0,NONE,0,0,0,0,0,,0.0,0.0,0,0,0.0,locked_slot_fallback_unavailable,,0,,0,0,,0,,0,,,,,,,,,,,,0,,,,
25.014067,provisional_prealign,provisional_prealign_waiting_for_second_car,20,-120,20,-120,provisional_prealign_waiting_for_second_car,0,1785210852.9249895,0,1,0,42,waiting_for_second_car_rear_gate,1,1,1,1,410.474,-1060.474,0,1,1,1,1,0,0,0,,,,-300.0,,0,,,,,,,,,0,0,0,0.0,0,locked_slot_fallback_unavailable,0.0,0.0,0.0,,,,0,footprint_unavailable,,,,,0,NONE,0,0,0,0,0,,0.0,0.0,0,0,0.0,locked_slot_fallback_unavailable,,0,,0,0,,0,,0,,,,,,,,,,,,0,,,,
25.094421,provisional_prealign,provisional_prealign_waiting_for_second_car,20,-120,20,-120,provisional_prealign_waiting_for_second_car,0,1785210853.0365396,1,1,0,35,waiting_for_second_car_rear_gate,1,1,1,1,431.521,-1081.521,0,1,1,1,1,0,0,0,,,,-300.0,,0,,,,,,,,,0,0,0,0.0,0,locked_slot_fallback_unavailable,0.0,0.0,0.0,,,,0,footprint_unavailable,,,,,0,NONE,0,0,0,0,0,,0.0,0.0,0,0,0.0,locked_slot_fallback_unavailable,,0,,0,0,,0,,0,,,,,,,,,,,,0,,,,
25.171827,provisional_prealign,provisional_prealign_waiting_for_second_car,20,-120,20,-120,provisional_prealign_waiting_for_second_car,0,1785210853.1501079,1,1,0,37,waiting_for_second_car_rear_gate,1,1,1,1,456.136,-1106.136,0,1,1,1,1,0,0,0,,,,-300.0,,0,,,,,,,,,0,0,0,0.0,0,locked_slot_fallback_unavailable,0.0,0.0,0.0,,,,0,footprint_unavailable,,,,,0,NONE,0,0,0,0,0,,0.0,0.0,0,0,0.0,locked_slot_fallback_unavailable,,0,,0,0,,0,,0,,,,,,,,,,,,0,,,,
25.252484,provisional_prealign,provisional_prealign_waiting_for_second_car,20,-120,20,-120,provisional_prealign_waiting_for_second_car,0,1785210853.1501079,0,1,0,37,waiting_for_second_car_rear_gate,1,1,1,1,456.136,-1106.136,0,1,1,1,1,0,0,0,,,,-300.0,,0,,,,,,,,,0,0,0,0.0,0,locked_slot_fallback_unavailable,0.0,0.0,0.0,,,,0,footprint_unavailable,,,,,0,NONE,0,0,0,0,0,,0.0,0.0,0,0,0.0,locked_slot_fallback_unavailable,,0,,0,0,,0,,0,,,,,,,,,,,,0,,,,
25.330727,provisional_prealign,provisional_prealign_waiting_for_second_car,20,-120,20,-120,provisional_prealign_waiting_for_second_car,0,1785210853.2616184,1,1,0,33,waiting_for_second_car_rear_gate,1,1,1,1,439.713,-1089.713,0,1,1,1,1,0,0,0,,,,-300.0,,0,,,,,,,,,0,0,0,0.0,0,locked_slot_fallback_unavailable,0.0,0.0,0.0,,,,0,footprint_unavailable,,,,,0,NONE,0,0,0,0,0,,0.0,0.0,0,0,0.0,locked_slot_fallback_unavailable,,0,,0,0,,0,,0,,,,,,,,,,,,0,,,,
25.410024,provisional_prealign,provisional_prealign_waiting_for_second_car,20,-120,20,-120,provisional_prealign_waiting_for_second_car,0,1785210853.3733957,1,1,0,33,waiting_for_second_car_rear_gate,1,1,1,1,454.86,-1104.86,0,1,1,1,1,0,0,0,,,,-300.0,,0,,,,,,,,,0,0,0,0.0,0,locked_slot_fallback_unavailable,0.0,0.0,0.0,,,,0,footprint_unavailable,,,,,0,NONE,0,0,0,0,0,,0.0,0.0,0,0,0.0,locked_slot_fallback_unavailable,,0,,0,0,,0,,0,,,,,,,,,,,,0,,,,
25.489799,provisional_prealign,provisional_prealign_waiting_for_second_car,20,-120,20,-120,provisional_prealign_waiting_for_second_car,0,1785210853.48735,1,1,0,28,waiting_for_second_car_rear_gate,1,1,1,1,466.34,-1116.34,0,1,1,1,1,0,0,0,,,,-300.0,,0,,,,,,,,,0,0,0,0.0,0,locked_slot_fallback_unavailable,0.0,0.0,0.0,,,,0,footprint_unavailable,,,,,0,NONE,0,0,0,0,0,,0.0,0.0,0,0,0.0,locked_slot_fallback_unavailable,,0,,0,0,,0,,0,,,,,,,,,,,,0,,,,
25.567413,provisional_prealign,provisional_prealign_waiting_for_second_car,20,-120,20,-120,provisional_prealign_waiting_for_second_car,0,1785210853.48735,0,1,0,28,waiting_for_second_car_rear_gate,1,1,1,1,466.34,-1116.34,0,1,1,1,1,0,0,0,,,,-300.0,,0,,,,,,,,,0,0,0,0.0,0,locked_slot_fallback_unavailable,0.0,0.0,0.0,,,,0,footprint_unavailable,,,,,0,NONE,0,0,0,0,0,,0.0,0.0,0,0,0.0,locked_slot_fallback_unavailable,,0,,0,0,,0,,0,,,,,,,,,,,,0,,,,
25.646088,provisional_prealign,provisional_prealign_waiting_for_second_car,20,-120,20,-120,provisional_prealign_waiting_for_second_car,0,1785210853.6002235,1,1,0,34,waiting_for_second_car_rear_gate,1,1,1,1,486.939,-1136.939,0,1,1,1,1,0,0,0,,,,-300.0,,0,,,,,,,,,0,0,0,0.0,0,locked_slot_fallback_unavailable,0.0,0.0,0.0,,,,0,footprint_unavailable,,,,,0,NONE,0,0,0,0,0,,0.0,0.0,0,0,0.0,locked_slot_fallback_unavailable,,0,,0,0,,0,,0,,,,,,,,,,,,0,,,,
25.72554,provisional_prealign,provisional_prealign_waiting_for_second_car,20,-120,20,-120,provisional_prealign_waiting_for_second_car,0,1785210853.7111676,1,1,0,27,waiting_for_second_car_rear_gate,1,1,1,1,471.834,-1121.834,0,1,1,1,1,0,0,0,,,,-300.0,,0,,,,,,,,,0,0,0,0.0,0,locked_slot_fallback_unavailable,0.0,0.0,0.0,,,,0,footprint_unavailable,,,,,0,NONE,0,0,0,0,0,,0.0,0.0,0,0,0.0,locked_slot_fallback_unavailable,,0,,0,0,,0,,0,,,,,,,,,,,,0,,,,
25.803673,provisional_prealign,provisional_prealign_waiting_for_second_car,20,-120,20,-120,provisional_prealign_waiting_for_second_car,0,1785210853.7111676,0,1,0,27,waiting_for_second_car_rear_gate,1,1,1,1,471.834,-1121.834,0,1,1,1,1,0,0,0,,,,-300.0,,0,,,,,,,,,0,0,0,0.0,0,locked_slot_fallback_unavailable,0.0,0.0,0.0,,,,0,footprint_unavailable,,,,,0,NONE,0,0,0,0,0,,0.0,0.0,0,0,0.0,locked_slot_fallback_unavailable,,0,,0,0,,0,,0,,,,,,,,,,,,0,,,,
25.882637,provisional_prealign,provisional_prealign_waiting_for_second_car,20,-120,20,-120,provisional_prealign_waiting_for_second_car,0,1785210853.8260906,1,1,0,32,waiting_for_second_car_rear_gate,1,1,1,1,458.321,-1108.321,0,1,1,1,1,0,0,0,,,,-300.0,,0,,,,,,,,,0,0,0,0.0,0,locked_slot_fallback_unavailable,0.0,0.0,0.0,,,,0,footprint_unavailable,,,,,0,NONE,0,0,0,0,0,,0.0,0.0,0,0,0.0,locked_slot_fallback_unavailable,,0,,0,0,,0,,0,,,,,,,,,,,,0,,,,
25.945784,provisional_prealign,provisional_prealign_waiting_for_second_car,20,-120,20,-120,provisional_prealign_waiting_for_second_car,0,1785210853.9372332,1,1,0,28,waiting_for_second_car_rear_gate,1,1,1,1,504.729,-1154.729,0,1,1,1,1,0,0,0,,,,-300.0,,0,,,,,,,,,0,0,0,0.0,0,locked_slot_fallback_unavailable,0.0,0.0,0.0,,,,0,footprint_unavailable,,,,,0,NONE,0,0,0,0,0,,0.0,0.0,0,0,0.0,locked_slot_fallback_unavailable,,0,,0,0,,0,,0,,,,,,,,,,,,0,,,,
26.024652,provisional_prealign,provisional_prealign_waiting_for_second_car,20,-120,20,-120,provisional_prealign_waiting_for_second_car,0,1785210853.9372332,0,1,0,28,waiting_for_second_car_rear_gate,1,1,1,1,504.729,-1154.729,0,1,1,1,1,0,0,0,,,,-300.0,,0,,,,,,,,,0,0,0,0.0,0,locked_slot_fallback_unavailable,0.0,0.0,0.0,,,,0,footprint_unavailable,,,,,0,NONE,0,0,0,0,0,,0.0,0.0,0,0,0.0,locked_slot_fallback_unavailable,,0,,0,0,,0,,0,,,,,,,,,,,,0,,,,
26.104457,provisional_prealign,provisional_prealign_waiting_for_second_car,20,-120,20,-120,provisional_prealign_waiting_for_second_car,0,1785210854.0485637,1,1,0,30,waiting_for_second_car_rear_gate,1,1,1,1,494.519,-1144.519,0,1,1,1,1,0,0,0,,,,-300.0,,0,,,,,,,,,0,0,0,0.0,0,locked_slot_fallback_unavailable,0.0,0.0,0.0,,,,0,footprint_unavailable,,,,,0,NONE,0,0,0,0,0,,0.0,0.0,0,0,0.0,locked_slot_fallback_unavailable,,0,,0,0,,0,,0,,,,,,,,,,,,0,,,,
26.181297,provisional_prealign,provisional_prealign_waiting_for_second_car,20,-120,20,-120,provisional_prealign_waiting_for_second_car,0,1785210854.1603446,1,1,0,28,waiting_for_second_car_rear_gate,1,1,1,1,517.686,-1167.686,0,1,1,1,1,0,0,0,,,,-300.0,,0,,,,,,,,,0,0,0,0.0,0,locked_slot_fallback_unavailable,0.0,0.0,0.0,,,,0,footprint_unavailable,,,,,0,NONE,0,0,0,0,0,,0.0,0.0,0,0,0.0,locked_slot_fallback_unavailable,,0,,0,0,,0,,0,,,,,,,,,,,,0,,,,
26.258962,provisional_prealign,provisional_prealign_waiting_for_second_car,20,-120,20,-120,provisional_prealign_waiting_for_second_car,0,1785210854.1603446,0,1,0,28,waiting_for_second_car_rear_gate,1,1,1,1,517.686,-1167.686,0,1,1,1,1,0,0,0,,,,-300.0,,0,,,,,,,,,0,0,0,0.0,0,locked_slot_fallback_unavailable,0.0,0.0,0.0,,,,0,footprint_unavailable,,,,,0,NONE,0,0,0,0,0,,0.0,0.0,0,0,0.0,locked_slot_fallback_unavailable,,0,,0,0,,0,,0,,,,,,,,,,,,0,,,,
26.33744,provisional_prealign,provisional_prealign_waiting_for_second_car,20,-120,20,-120,provisional_prealign_waiting_for_second_car,0,1785210854.274591,1,1,0,32,waiting_for_second_car_rear_gate,1,1,1,1,503.268,-1153.268,0,1,1,1,1,0,0,0,,,,-300.0,,0,,,,,,,,,0,0,0,0.0,0,locked_slot_fallback_unavailable,0.0,0.0,0.0,,,,0,footprint_unavailable,,,,,0,NONE,0,0,0,0,0,,0.0,0.0,0,0,0.0,locked_slot_fallback_unavailable,,0,,0,0,,0,,0,,,,,,,,,,,,0,,,,
26.416678,provisional_prealign,provisional_prealign_waiting_for_second_car,20,-120,20,-120,provisional_prealign_waiting_for_second_car,0,1785210854.3861573,1,1,0,32,waiting_for_second_car_rear_gate,1,1,1,1,516.486,-1166.486,0,1,1,1,1,0,0,0,,,,-300.0,,0,,,,,,,,,0,0,0,0.0,0,locked_slot_fallback_unavailable,0.0,0.0,0.0,,,,0,footprint_unavailable,,,,,0,NONE,0,0,0,0,0,,0.0,0.0,0,0,0.0,locked_slot_fallback_unavailable,,0,,0,0,,0,,0,,,,,,,,,,,,0,,,,
26.495138,provisional_prealign,provisional_prealign_waiting_for_second_car,20,-120,20,-120,provisional_prealign_waiting_for_second_car,0,1785210854.4979033,1,1,0,34,waiting_for_second_car_rear_gate,1,1,1,1,535.895,-1185.895,0,1,1,1,1,0,0,0,,,,-300.0,,0,,,,,,,,,0,0,0,0.0,0,locked_slot_fallback_unavailable,0.0,0.0,0.0,,,,0,footprint_unavailable,,,,,0,NONE,0,0,0,0,0,,0.0,0.0,0,0,0.0,locked_slot_fallback_unavailable,,0,,0,0,,0,,0,,,,,,,,,,,,0,,,,
26.572619,provisional_prealign,provisional_prealign_waiting_for_second_car,20,-120,20,-120,provisional_prealign_waiting_for_second_car,0,1785210854.4979033,0,1,0,34,waiting_for_second_car_rear_gate,1,1,1,1,535.895,-1185.895,0,1,1,1,1,0,0,0,,,,-300.0,,0,,,,,,,,,0,0,0,0.0,0,locked_slot_fallback_unavailable,0.0,0.0,0.0,,,,0,footprint_unavailable,,,,,0,NONE,0,0,0,0,0,,0.0,0.0,0,0,0.0,locked_slot_fallback_unavailable,,0,,0,0,,0,,0,,,,,,,,,,,,0,,,,
26.65102,provisional_prealign,provisional_prealign_waiting_for_second_car,20,-120,20,-120,provisional_prealign_waiting_for_second_car,0,1785210854.6123374,1,1,0,29,waiting_for_second_car_rear_gate,1,1,1,1,529.709,-1179.709,0,1,1,1,1,0,0,0,,,,-300.0,,0,,,,,,,,,0,0,0,0.0,0,locked_slot_fallback_unavailable,0.0,0.0,0.0,,,,0,footprint_unavailable,,,,,0,NONE,0,0,0,0,0,,0.0,0.0,0,0,0.0,locked_slot_fallback_unavailable,,0,,0,0,,0,,0,,,,,,,,,,,,0,,,,
26.731323,provisional_prealign,provisional_prealign_waiting_for_second_car,20,-120,20,-120,provisional_prealign_waiting_for_second_car,0,1785210854.722758,1,1,0,36,waiting_for_second_car_rear_gate,1,1,1,1,525.801,-1175.801,0,1,1,1,1,0,0,0,,,,-300.0,,0,,,,,,,,,0,0,0,0.0,0,locked_slot_fallback_unavailable,0.0,0.0,0.0,,,,0,footprint_unavailable,,,,,0,NONE,0,0,0,0,0,,0.0,0.0,0,0,0.0,locked_slot_fallback_unavailable,,0,,0,0,,0,,0,,,,,,,,,,,,0,,,,
26.80989,provisional_prealign,provisional_prealign_waiting_for_second_car,20,-120,20,-120,provisional_prealign_waiting_for_second_car,0,1785210854.722758,0,1,0,36,waiting_for_second_car_rear_gate,1,1,1,1,525.801,-1175.801,0,1,1,1,1,0,0,0,,,,-300.0,,0,,,,,,,,,0,0,0,0.0,0,locked_slot_fallback_unavailable,0.0,0.0,0.0,,,,0,footprint_unavailable,,,,,0,NONE,0,0,0,0,0,,0.0,0.0,0,0,0.0,locked_slot_fallback_unavailable,,0,,0,0,,0,,0,,,,,,,,,,,,0,,,,
26.889189,provisional_prealign,provisional_prealign_waiting_for_second_car,20,-120,20,-120,provisional_prealign_waiting_for_second_car,0,1785210854.8348715,1,1,0,33,waiting_for_second_car_rear_gate,1,1,1,1,548.52,-1198.52,0,1,1,1,1,0,0,0,,,,-300.0,,0,,,,,,,,,0,0,0,0.0,0,locked_slot_fallback_unavailable,0.0,0.0,0.0,,,,0,footprint_unavailable,,,,,0,NONE,0,0,0,0,0,,0.0,0.0,0,0,0.0,locked_slot_fallback_unavailable,,0,,0,0,,0,,0,,,,,,,,,,,,0,,,,
26.968144,provisional_prealign,provisional_prealign_waiting_for_second_car,20,-120,20,-120,provisional_prealign_waiting_for_second_car,0,1785210854.9460592,1,1,0,31,waiting_for_second_car_rear_gate,1,1,1,1,576.663,-1226.663,0,1,1,1,1,0,0,0,,,,-300.0,,0,,,,,,,,,0,0,0,0.0,0,locked_slot_fallback_unavailable,0.0,0.0,0.0,,,,0,footprint_unavailable,,,,,0,NONE,0,0,0,0,0,,0.0,0.0,0,0,0.0,locked_slot_fallback_unavailable,,0,,0,0,,0,,0,,,,,,,,,,,,0,,,,
27.046028,provisional_prealign,provisional_prealign_waiting_for_second_car,20,-120,20,-120,provisional_prealign_waiting_for_second_car,0,1785210854.9460592,0,1,0,31,waiting_for_second_car_rear_gate,1,1,1,1,576.663,-1226.663,0,1,1,1,1,0,0,0,,,,-300.0,,0,,,,,,,,,0,0,0,0.0,0,locked_slot_fallback_unavailable,0.0,0.0,0.0,,,,0,footprint_unavailable,,,,,0,NONE,0,0,0,0,0,,0.0,0.0,0,0,0.0,locked_slot_fallback_unavailable,,0,,0,0,,0,,0,,,,,,,,,,,,0,,,,
27.123527,provisional_prealign,provisional_prealign_waiting_for_second_car,20,-120,20,-120,provisional_prealign_waiting_for_second_car,0,1785210855.0599957,1,1,0,36,waiting_for_second_car_rear_gate,1,1,1,1,565.798,-1215.798,0,1,1,1,1,0,0,0,,,,-300.0,,0,,,,,,,,,0,0,0,0.0,0,locked_slot_fallback_unavailable,0.0,0.0,0.0,,,,0,footprint_unavailable,,,,,0,NONE,0,0,0,0,0,,0.0,0.0,0,0,0.0,locked_slot_fallback_unavailable,,0,,0,0,,0,,0,,,,,,,,,,,,0,,,,
27.20235,provisional_prealign,provisional_prealign_waiting_for_second_car,20,-120,20,-120,provisional_prealign_waiting_for_second_car,0,1785210855.1713772,1,1,0,35,waiting_for_second_car_rear_gate,1,1,1,1,536.418,-1186.418,0,1,1,1,1,0,0,0,,,,-300.0,,0,,,,,,,,,0,0,0,0.0,0,locked_slot_fallback_unavailable,0.0,0.0,0.0,,,,0,footprint_unavailable,,,,,0,NONE,0,0,0,0,0,,0.0,0.0,0,0,0.0,locked_slot_fallback_unavailable,,0,,0,0,,0,,0,,,,,,,,,,,,0,,,,
27.297384,provisional_prealign,provisional_prealign_waiting_for_second_car,20,-120,20,-120,provisional_prealign_waiting_for_second_car,0,1785210855.283397,1,1,0,31,waiting_for_second_car_rear_gate,1,1,1,1,598.741,-1248.741,0,1,1,1,1,0,0,0,,,,-300.0,,0,,,,,,,,,0,0,0,0.0,0,locked_slot_fallback_unavailable,0.0,0.0,0.0,,,,0,footprint_unavailable,,,,,0,NONE,0,0,0,0,0,,0.0,0.0,0,0,0.0,locked_slot_fallback_unavailable,,0,,0,0,,0,,0,,,,,,,,,,,,0,,,,
27.376073,provisional_prealign,provisional_prealign_waiting_for_second_car,20,-120,20,-120,provisional_prealign_waiting_for_second_car,0,1785210855.283397,0,1,0,31,waiting_for_second_car_rear_gate,1,1,1,1,598.741,-1248.741,0,1,1,1,1,0,0,0,,,,-300.0,,0,,,,,,,,,0,0,0,0.0,0,locked_slot_fallback_unavailable,0.0,0.0,0.0,,,,0,footprint_unavailable,,,,,0,NONE,0,0,0,0,0,,0.0,0.0,0,0,0.0,locked_slot_fallback_unavailable,,0,,0,0,,0,,0,,,,,,,,,,,,0,,,,
27.453891,provisional_prealign,provisional_prealign_waiting_for_second_car,20,-120,20,-120,provisional_prealign_waiting_for_second_car,0,1785210855.3949096,1,1,0,33,waiting_for_second_car_rear_gate,1,1,1,1,582.867,-1232.867,0,1,1,1,1,0,0,0,,,,-300.0,,0,,,,,,,,,0,0,0,0.0,0,locked_slot_fallback_unavailable,0.0,0.0,0.0,,,,0,footprint_unavailable,,,,,0,NONE,0,0,0,0,0,,0.0,0.0,0,0,0.0,locked_slot_fallback_unavailable,,0,,0,0,,0,,0,,,,,,,,,,,,0,,,,
27.530678,provisional_prealign,provisional_prealign_waiting_for_second_car,20,-120,20,-120,provisional_prealign_waiting_for_second_car,0,1785210855.5092485,1,1,0,28,waiting_for_second_car_rear_gate,1,1,1,1,600.994,-1250.994,0,1,1,1,1,0,0,0,,,,-300.0,,0,,,,,,,,,0,0,0,0.0,0,locked_slot_fallback_unavailable,0.0,0.0,0.0,,,,0,footprint_unavailable,,,,,0,NONE,0,0,0,0,0,,0.0,0.0,0,0,0.0,locked_slot_fallback_unavailable,,0,,0,0,,0,,0,,,,,,,,,,,,0,,,,
27.608047,provisional_prealign,provisional_prealign_waiting_for_second_car,20,-120,20,-120,provisional_prealign_waiting_for_second_car,0,1785210855.5092485,0,1,0,28,waiting_for_second_car_rear_gate,1,1,1,1,600.994,-1250.994,0,1,1,1,1,0,0,0,,,,-300.0,,0,,,,,,,,,0,0,0,0.0,0,locked_slot_fallback_unavailable,0.0,0.0,0.0,,,,0,footprint_unavailable,,,,,0,NONE,0,0,0,0,0,,0.0,0.0,0,0,0.0,locked_slot_fallback_unavailable,,0,,0,0,,0,,0,,,,,,,,,,,,0,,,,
27.68779,provisional_prealign,provisional_prealign_waiting_for_second_car,20,-120,20,-120,provisional_prealign_waiting_for_second_car,0,1785210855.6210055,1,1,0,32,waiting_for_second_car_rear_gate,1,1,1,1,615.535,-1265.535,0,1,1,1,1,0,0,0,,,,-300.0,,0,,,,,,,,,0,0,0,0.0,0,locked_slot_fallback_unavailable,0.0,0.0,0.0,,,,0,footprint_unavailable,,,,,0,NONE,0,0,0,0,0,,0.0,0.0,0,0,0.0,locked_slot_fallback_unavailable,,0,,0,0,,0,,0,,,,,,,,,,,,0,,,,
27.765693,provisional_prealign,provisional_prealign_waiting_for_second_car,20,-120,20,-120,provisional_prealign_waiting_for_second_car,0,1785210855.732936,1,1,0,33,waiting_for_second_car_rear_gate,1,1,1,1,599.708,-1249.708,0,1,1,1,1,0,0,0,,,,-300.0,,0,,,,,,,,,0,0,0,0.0,0,locked_slot_fallback_unavailable,0.0,0.0,0.0,,,,0,footprint_unavailable,,,,,0,NONE,0,0,0,0,0,,0.0,0.0,0,0,0.0,locked_slot_fallback_unavailable,,0,,0,0,,0,,0,,,,,,,,,,,,0,,,,
27.846727,provisional_prealign,provisional_prealign_waiting_for_second_car,20,-120,20,-120,provisional_prealign_waiting_for_second_car,0,1785210855.846598,1,1,0,34,waiting_for_second_car_rear_gate,1,1,1,1,622.914,-1272.914,0,1,1,1,1,0,0,0,,,,-300.0,,0,,,,,,,,,0,0,0,0.0,0,locked_slot_fallback_unavailable,0.0,0.0,0.0,,,,0,footprint_unavailable,,,,,0,NONE,0,0,0,0,0,,0.0,0.0,0,0,0.0,locked_slot_fallback_unavailable,,0,,0,0,,0,,0,,,,,,,,,,,,0,,,,
27.926973,provisional_prealign,provisional_prealign_waiting_for_second_car,20,-120,20,-120,provisional_prealign_waiting_for_second_car,0,1785210855.846598,0,1,0,34,waiting_for_second_car_rear_gate,1,1,1,1,622.914,-1272.914,0,1,1,1,1,0,0,0,,,,-300.0,,0,,,,,,,,,0,0,0,0.0,0,locked_slot_fallback_unavailable,0.0,0.0,0.0,,,,0,footprint_unavailable,,,,,0,NONE,0,0,0,0,0,,0.0,0.0,0,0,0.0,locked_slot_fallback_unavailable,,0,,0,0,,0,,0,,,,,,,,,,,,0,,,,
28.007421,provisional_prealign,provisional_prealign_waiting_for_second_car,20,-120,20,-120,provisional_prealign_waiting_for_second_car,0,1785210855.9575925,1,1,0,31,waiting_for_second_car_rear_gate,1,1,1,1,643.355,-1293.355,0,1,1,1,1,0,0,0,,,,-300.0,,0,,,,,,,,,0,0,0,0.0,0,locked_slot_fallback_unavailable,0.0,0.0,0.0,,,,0,footprint_unavailable,,,,,0,NONE,0,0,0,0,0,,0.0,0.0,0,0,0.0,locked_slot_fallback_unavailable,,0,,0,0,,0,,0,,,,,,,,,,,,0,,,,
28.085269,provisional_prealign,provisional_prealign_waiting_for_second_car,20,-120,20,-120,provisional_prealign_waiting_for_second_car,0,1785210856.0686438,1,1,0,30,waiting_for_second_car_rear_gate,1,1,1,1,624.873,-1274.873,0,1,1,1,1,0,0,0,,,,-300.0,,0,,,,,,,,,0,0,0,0.0,0,locked_slot_fallback_unavailable,0.0,0.0,0.0,,,,0,footprint_unavailable,,,,,0,NONE,0,0,0,0,0,,0.0,0.0,0,0,0.0,locked_slot_fallback_unavailable,,0,,0,0,,0,,0,,,,,,,,,,,,0,,,,
28.167305,provisional_prealign,provisional_prealign_waiting_for_second_car,20,-120,20,-120,provisional_prealign_waiting_for_second_car,0,1785210856.0686438,0,1,0,30,waiting_for_second_car_rear_gate,1,1,1,1,624.873,-1274.873,0,1,1,1,1,0,0,0,,,,-300.0,,0,,,,,,,,,0,0,0,0.0,0,locked_slot_fallback_unavailable,0.0,0.0,0.0,,,,0,footprint_unavailable,,,,,0,NONE,0,0,0,0,0,,0.0,0.0,0,0,0.0,locked_slot_fallback_unavailable,,0,,0,0,,0,,0,,,,,,,,,,,,0,,,,
28.245579,provisional_prealign,provisional_prealign_waiting_for_second_car,20,-120,20,-120,provisional_prealign_waiting_for_second_car,0,1785210856.1834514,1,1,0,34,waiting_for_second_car_rear_gate,1,1,1,1,646.198,-1296.198,0,1,1,1,1,0,0,0,,,,-300.0,,0,,,,,,,,,0,0,0,0.0,0,locked_slot_fallback_unavailable,0.0,0.0,0.0,,,,0,footprint_unavailable,,,,,0,NONE,0,0,0,0,0,,0.0,0.0,0,0,0.0,locked_slot_fallback_unavailable,,0,,0,0,,0,,0,,,,,,,,,,,,0,,,,
28.325078,provisional_prealign,provisional_prealign_waiting_for_second_car,20,-120,20,-120,provisional_prealign_waiting_for_second_car,0,1785210856.2946556,1,1,0,32,waiting_for_second_car_rear_gate,1,1,1,1,662.263,-1312.263,0,1,1,1,1,0,0,0,,,,-300.0,,0,,,,,,,,,0,0,0,0.0,0,locked_slot_fallback_unavailable,0.0,0.0,0.0,,,,0,footprint_unavailable,,,,,0,NONE,0,0,0,0,0,,0.0,0.0,0,0,0.0,locked_slot_fallback_unavailable,,0,,0,0,,0,,0,,,,,,,,,,,,0,,,,
28.40447,provisional_prealign,provisional_prealign_waiting_for_second_car,20,-120,20,-120,provisional_prealign_waiting_for_second_car,0,1785210856.4073908,1,1,0,36,waiting_for_second_car_rear_gate,1,1,1,1,674.869,-1324.869,0,1,1,1,1,0,0,0,,,,-300.0,,0,,,,,,,,,0,0,0,0.0,0,locked_slot_fallback_unavailable,0.0,0.0,0.0,,,,0,footprint_unavailable,,,,,0,NONE,0,0,0,0,0,,0.0,0.0,0,0,0.0,locked_slot_fallback_unavailable,,0,,0,0,,0,,0,,,,,,,,,,,,0,,,,
28.482151,provisional_prealign,provisional_prealign_waiting_for_second_car,20,-120,20,-120,provisional_prealign_waiting_for_second_car,0,1785210856.4073908,0,1,0,36,waiting_for_second_car_rear_gate,1,1,1,1,674.869,-1324.869,0,1,1,1,1,0,0,0,,,,-300.0,,0,,,,,,,,,0,0,0,0.0,0,locked_slot_fallback_unavailable,0.0,0.0,0.0,,,,0,footprint_unavailable,,,,,0,NONE,0,0,0,0,0,,0.0,0.0,0,0,0.0,locked_slot_fallback_unavailable,,0,,0,0,,0,,0,,,,,,,,,,,,0,,,,
28.562791,provisional_prealign,provisional_prealign_waiting_for_second_car,20,-120,20,-120,provisional_prealign_waiting_for_second_car,0,1785210856.517889,1,1,0,33,waiting_for_second_car_rear_gate,1,1,1,1,662.522,-1312.522,0,1,1,1,1,0,0,0,,,,-300.0,,0,,,,,,,,,0,0,0,0.0,0,locked_slot_fallback_unavailable,0.0,0.0,0.0,,,,0,footprint_unavailable,,,,,0,NONE,0,0,0,0,0,,0.0,0.0,0,0,0.0,locked_slot_fallback_unavailable,,0,,0,0,,0,,0,,,,,,,,,,,,0,,,,
28.655007,provisional_prealign,provisional_prealign_waiting_for_second_car,20,-120,20,-120,provisional_prealign_waiting_for_second_car,0,1785210856.6330972,1,1,0,33,waiting_for_second_car_rear_gate,1,1,1,1,689.878,-1339.878,0,1,1,1,1,0,0,0,,,,-300.0,,0,,,,,,,,,0,0,0,0.0,0,locked_slot_fallback_unavailable,0.0,0.0,0.0,,,,0,footprint_unavailable,,,,,0,NONE,0,0,0,0,0,,0.0,0.0,0,0,0.0,locked_slot_fallback_unavailable,,0,,0,0,,0,,0,,,,,,,,,,,,0,,,,
28.733605,provisional_prealign,provisional_prealign_waiting_for_second_car,20,-120,20,-120,provisional_prealign_waiting_for_second_car,0,1785210856.6330972,0,1,0,33,waiting_for_second_car_rear_gate,1,1,1,1,689.878,-1339.878,0,1,1,1,1,0,0,0,,,,-300.0,,0,,,,,,,,,0,0,0,0.0,0,locked_slot_fallback_unavailable,0.0,0.0,0.0,,,,0,footprint_unavailable,,,,,0,NONE,0,0,0,0,0,,0.0,0.0,0,0,0.0,locked_slot_fallback_unavailable,,0,,0,0,,0,,0,,,,,,,,,,,,0,,,,
28.812723,provisional_prealign,provisional_prealign_waiting_for_second_car,20,-120,20,-120,provisional_prealign_waiting_for_second_car,0,1785210856.7429676,1,1,0,35,waiting_for_second_car_rear_gate,1,1,1,1,679.312,-1329.312,0,1,1,1,1,0,0,0,,,,-300.0,,0,,,,,,,,,0,0,0,0.0,0,locked_slot_fallback_unavailable,0.0,0.0,0.0,,,,0,footprint_unavailable,,,,,0,NONE,0,0,0,0,0,,0.0,0.0,0,0,0.0,locked_slot_fallback_unavailable,,0,,0,0,,0,,0,,,,,,,,,,,,0,,,,
28.890649,provisional_prealign,provisional_prealign_waiting_for_second_car,20,-120,20,-120,provisional_prealign_waiting_for_second_car,0,1785210856.8558767,1,1,0,32,waiting_for_second_car_rear_gate,1,1,1,1,704.676,-1354.676,0,1,1,1,1,0,0,0,,,,-300.0,,0,,,,,,,,,0,0,0,0.0,0,locked_slot_fallback_unavailable,0.0,0.0,0.0,,,,0,footprint_unavailable,,,,,0,NONE,0,0,0,0,0,,0.0,0.0,0,0,0.0,locked_slot_fallback_unavailable,,0,,0,0,,0,,0,,,,,,,,,,,,0,,,,
28.968683,provisional_prealign,provisional_prealign_waiting_for_second_car,20,-120,20,-120,provisional_prealign_waiting_for_second_car,0,1785210856.9660404,1,1,0,31,waiting_for_second_car_rear_gate,1,1,1,1,692.013,-1342.013,0,1,1,1,1,0,0,0,,,,-300.0,,0,,,,,,,,,0,0,0,0.0,0,locked_slot_fallback_unavailable,0.0,0.0,0.0,,,,0,footprint_unavailable,,,,,0,NONE,0,0,0,0,0,,0.0,0.0,0,0,0.0,locked_slot_fallback_unavailable,,0,,0,0,,0,,0,,,,,,,,,,,,0,,,,
29.04424,provisional_prealign,provisional_prealign_waiting_for_second_car,20,-120,20,-120,provisional_prealign_waiting_for_second_car,0,1785210856.9660404,0,1,0,31,waiting_for_second_car_rear_gate,1,1,1,1,692.013,-1342.013,0,1,1,1,1,0,0,0,,,,-300.0,,0,,,,,,,,,0,0,0,0.0,0,locked_slot_fallback_unavailable,0.0,0.0,0.0,,,,0,footprint_unavailable,,,,,0,NONE,0,0,0,0,0,,0.0,0.0,0,0,0.0,locked_slot_fallback_unavailable,,0,,0,0,,0,,0,,,,,,,,,,,,0,,,,
29.121464,provisional_prealign,provisional_prealign_waiting_for_second_car,20,-120,20,-120,provisional_prealign_waiting_for_second_car,0,1785210857.0810416,1,1,0,33,waiting_for_second_car_rear_gate,1,1,1,1,663.416,-1313.416,0,1,1,1,1,0,0,0,,,,-300.0,,0,,,,,,,,,0,0,0,0.0,0,locked_slot_fallback_unavailable,0.0,0.0,0.0,,,,0,footprint_unavailable,,,,,0,NONE,0,0,0,0,0,,0.0,0.0,0,0,0.0,locked_slot_fallback_unavailable,,0,,0,0,,0,,0,,,,,,,,,,,,0,,,,
29.198354,provisional_prealign,provisional_prealign_waiting_for_second_car,20,-120,20,-120,provisional_prealign_waiting_for_second_car,0,1785210857.1933105,1,1,0,31,waiting_for_second_car_rear_gate,1,1,1,1,727.697,-1377.697,0,1,1,1,1,0,0,0,,,,-300.0,,0,,,,,,,,,0,0,0,0.0,0,locked_slot_fallback_unavailable,0.0,0.0,0.0,,,,0,footprint_unavailable,,,,,0,NONE,0,0,0,0,0,,0.0,0.0,0,0,0.0,locked_slot_fallback_unavailable,,0,,0,0,,0,,0,,,,,,,,,,,,0,,,,
29.276788,provisional_prealign,provisional_prealign_waiting_for_second_car,20,-120,20,-120,provisional_prealign_waiting_for_second_car,0,1785210857.1933105,0,1,0,31,waiting_for_second_car_rear_gate,1,1,1,1,727.697,-1377.697,0,1,1,1,1,0,0,0,,,,-300.0,,0,,,,,,,,,0,0,0,0.0,0,locked_slot_fallback_unavailable,0.0,0.0,0.0,,,,0,footprint_unavailable,,,,,0,NONE,0,0,0,0,0,,0.0,0.0,0,0,0.0,locked_slot_fallback_unavailable,,0,,0,0,,0,,0,,,,,,,,,,,,0,,,,
29.354113,provisional_prealign,provisional_prealign_waiting_for_second_car,20,-120,20,-120,provisional_prealign_waiting_for_second_car,0,1785210857.3039026,1,1,0,35,waiting_for_second_car_rear_gate,1,1,1,1,700.355,-1350.355,0,1,1,1,1,0,0,0,,,,-300.0,,0,,,,,,,,,0,0,0,0.0,0,locked_slot_fallback_unavailable,0.0,0.0,0.0,,,,0,footprint_unavailable,,,,,0,NONE,0,0,0,0,0,,0.0,0.0,0,0,0.0,locked_slot_fallback_unavailable,,0,,0,0,,0,,0,,,,,,,,,,,,0,,,,
29.432338,provisional_prealign,provisional_prealign_waiting_for_second_car,20,-120,20,-120,provisional_prealign_waiting_for_second_car,0,1785210857.4178615,1,1,0,36,waiting_for_second_car_rear_gate,1,1,1,1,718.194,-1368.194,0,1,1,1,1,0,0,0,,,,-300.0,,0,,,,,,,,,0,0,0,0.0,0,locked_slot_fallback_unavailable,0.0,0.0,0.0,,,,0,footprint_unavailable,,,,,0,NONE,0,0,0,0,0,,0.0,0.0,0,0,0.0,locked_slot_fallback_unavailable,,0,,0,0,,0,,0,,,,,,,,,,,,0,,,,
29.508718,provisional_prealign,provisional_prealign_waiting_for_second_car,20,-120,20,-120,provisional_prealign_waiting_for_second_car,0,1785210857.4178615,0,1,0,36,waiting_for_second_car_rear_gate,1,1,1,1,718.194,-1368.194,0,1,1,1,1,0,0,0,,,,-300.0,,0,,,,,,,,,0,0,0,0.0,0,locked_slot_fallback_unavailable,0.0,0.0,0.0,,,,0,footprint_unavailable,,,,,0,NONE,0,0,0,0,0,,0.0,0.0,0,0,0.0,locked_slot_fallback_unavailable,,0,,0,0,,0,,0,,,,,,,,,,,,0,,,,
29.586842,provisional_prealign,provisional_prealign_waiting_for_second_car,20,-120,20,-120,provisional_prealign_waiting_for_second_car,0,1785210857.5309806,1,1,0,32,waiting_for_second_car_rear_gate,1,1,1,1,724.321,-1374.321,0,1,1,1,1,0,0,0,,,,-300.0,,0,,,,,,,,,0,0,0,0.0,0,locked_slot_fallback_unavailable,0.0,0.0,0.0,,,,0,footprint_unavailable,,,,,0,NONE,0,0,0,0,0,,0.0,0.0,0,0,0.0,locked_slot_fallback_unavailable,,0,,0,0,,0,,0,,,,,,,,,,,,0,,,,
29.64934,provisional_prealign,provisional_prealign_waiting_for_second_car,20,-120,20,-120,provisional_prealign_waiting_for_second_car,0,1785210857.641714,1,1,0,31,waiting_for_second_car_rear_gate,1,1,1,1,739.39,-1389.39,0,1,1,1,1,0,0,0,,,,-300.0,,0,,,,,,,,,0,0,0,0.0,0,locked_slot_fallback_unavailable,0.0,0.0,0.0,,,,0,footprint_unavailable,,,,,0,NONE,0,0,0,0,0,,0.0,0.0,0,0,0.0,locked_slot_fallback_unavailable,,0,,0,0,,0,,0,,,,,,,,,,,,0,,,,
29.728864,provisional_prealign,provisional_prealign_waiting_for_second_car,20,-120,20,-120,provisional_prealign_waiting_for_second_car,0,1785210857.641714,0,1,0,31,waiting_for_second_car_rear_gate,1,1,1,1,739.39,-1389.39,0,1,1,1,1,0,0,0,,,,-300.0,,0,,,,,,,,,0,0,0,0.0,0,locked_slot_fallback_unavailable,0.0,0.0,0.0,,,,0,footprint_unavailable,,,,,0,NONE,0,0,0,0,0,,0.0,0.0,0,0,0.0,locked_slot_fallback_unavailable,,0,,0,0,,0,,0,,,,,,,,,,,,0,,,,
29.805585,provisional_prealign,provisional_prealign_waiting_for_second_car,20,-120,20,-120,provisional_prealign_waiting_for_second_car,0,1785210857.755928,1,1,0,38,waiting_for_second_car_rear_gate,1,1,1,1,708.196,-1358.196,0,1,1,1,1,0,0,0,,,,-300.0,,0,,,,,,,,,0,0,0,0.0,0,locked_slot_fallback_unavailable,0.0,0.0,0.0,,,,0,footprint_unavailable,,,,,0,NONE,0,0,0,0,0,,0.0,0.0,0,0,0.0,locked_slot_fallback_unavailable,,0,,0,0,,0,,0,,,,,,,,,,,,0,,,,
29.883354,provisional_prealign,provisional_prealign_waiting_for_second_car,20,-120,20,-120,provisional_prealign_waiting_for_second_car,0,1785210857.867717,1,1,0,32,waiting_for_second_car_rear_gate,1,1,1,1,739.202,-1389.202,0,1,1,1,1,0,0,0,,,,-300.0,,0,,,,,,,,,0,0,0,0.0,0,locked_slot_fallback_unavailable,0.0,0.0,0.0,,,,0,footprint_unavailable,,,,,0,NONE,0,0,0,0,0,,0.0,0.0,0,0,0.0,locked_slot_fallback_unavailable,,0,,0,0,,0,,0,,,,,,,,,,,,0,,,,
29.960017,provisional_prealign,provisional_prealign_waiting_for_second_car,20,-120,20,-120,provisional_prealign_waiting_for_second_car,0,1785210857.867717,0,1,0,32,waiting_for_second_car_rear_gate,1,1,1,1,739.202,-1389.202,0,1,1,1,1,0,0,0,,,,-300.0,,0,,,,,,,,,0,0,0,0.0,0,locked_slot_fallback_unavailable,0.0,0.0,0.0,,,,0,footprint_unavailable,,,,,0,NONE,0,0,0,0,0,,0.0,0.0,0,0,0.0,locked_slot_fallback_unavailable,,0,,0,0,,0,,0,,,,,,,,,,,,0,,,,
30.037816,provisional_prealign,provisional_prealign_waiting_for_second_car,20,-120,20,-120,provisional_prealign_waiting_for_second_car,0,1785210857.9794612,1,1,0,32,waiting_for_second_car_rear_gate,1,1,1,1,764.154,-1414.154,0,1,1,1,1,0,0,0,,,,-300.0,,0,,,,,,,,,0,0,0,0.0,0,locked_slot_fallback_unavailable,0.0,0.0,0.0,,,,0,footprint_unavailable,,,,,0,NONE,0,0,0,0,0,,0.0,0.0,0,0,0.0,locked_slot_fallback_unavailable,,0,,0,0,,0,,0,,,,,,,,,,,,0,,,,
30.115597,provisional_prealign,provisional_prealign_waiting_for_second_car,20,-120,20,-120,provisional_prealign_waiting_for_second_car,0,1785210858.089446,1,1,0,31,waiting_for_second_car_rear_gate,1,1,1,1,734.398,-1384.398,0,1,1,1,1,0,0,0,,,,-300.0,,0,,,,,,,,,0,0,0,0.0,0,locked_slot_fallback_unavailable,0.0,0.0,0.0,,,,0,footprint_unavailable,,,,,0,NONE,0,0,0,0,0,,0.0,0.0,0,0,0.0,locked_slot_fallback_unavailable,,0,,0,0,,0,,0,,,,,,,,,,,,0,,,,
30.195057,provisional_prealign,provisional_prealign_waiting_for_second_car,20,-120,20,-120,provisional_prealign_waiting_for_second_car,0,1785210858.089446,0,1,0,31,waiting_for_second_car_rear_gate,1,1,1,1,734.398,-1384.398,0,1,1,1,1,0,0,0,,,,-300.0,,0,,,,,,,,,0,0,0,0.0,0,locked_slot_fallback_unavailable,0.0,0.0,0.0,,,,0,footprint_unavailable,,,,,0,NONE,0,0,0,0,0,,0.0,0.0,0,0,0.0,locked_slot_fallback_unavailable,,0,,0,0,,0,,0,,,,,,,,,,,,0,,,,
30.273171,provisional_prealign,provisional_prealign_waiting_for_second_car,20,-120,20,-120,provisional_prealign_waiting_for_second_car,0,1785210858.2048604,1,1,0,36,waiting_for_second_car_rear_gate,1,1,1,1,768.221,-1418.221,0,1,1,1,1,0,0,0,,,,-300.0,,0,,,,,,,,,0,0,0,0.0,0,locked_slot_fallback_unavailable,0.0,0.0,0.0,,,,0,footprint_unavailable,,,,,0,NONE,0,0,0,0,0,,0.0,0.0,0,0,0.0,locked_slot_fallback_unavailable,,0,,0,0,,0,,0,,,,,,,,,,,,0,,,,
30.351211,provisional_prealign,provisional_prealign_waiting_for_second_car,20,-120,20,-120,provisional_prealign_waiting_for_second_car,0,1785210858.3156183,1,1,0,36,waiting_for_second_car_rear_gate,1,1,1,1,784.823,-1434.823,0,1,1,1,1,0,0,0,,,,-300.0,,0,,,,,,,,,0,0,0,0.0,0,locked_slot_fallback_unavailable,0.0,0.0,0.0,,,,0,footprint_unavailable,,,,,0,NONE,0,0,0,0,0,,0.0,0.0,0,0,0.0,locked_slot_fallback_unavailable,,0,,0,0,,0,,0,,,,,,,,,,,,0,,,,
30.431619,provisional_prealign,provisional_prealign_waiting_for_second_car,20,-120,20,-120,provisional_prealign_waiting_for_second_car,0,1785210858.4269755,1,1,0,35,waiting_for_second_car_rear_gate,1,1,1,1,757.824,-1407.824,0,1,1,1,1,0,0,0,,,,-300.0,,0,,,,,,,,,0,0,0,0.0,0,locked_slot_fallback_unavailable,0.0,0.0,0.0,,,,0,footprint_unavailable,,,,,0,NONE,0,0,0,0,0,,0.0,0.0,0,0,0.0,locked_slot_fallback_unavailable,,0,,0,0,,0,,0,,,,,,,,,,,,0,,,,
30.511436,provisional_prealign,provisional_prealign_waiting_for_second_car,20,-120,20,-120,provisional_prealign_waiting_for_second_car,0,1785210858.4269755,0,1,0,35,waiting_for_second_car_rear_gate,1,1,1,1,757.824,-1407.824,0,1,1,1,1,0,0,0,,,,-300.0,,0,,,,,,,,,0,0,0,0.0,0,locked_slot_fallback_unavailable,0.0,0.0,0.0,,,,0,footprint_unavailable,,,,,0,NONE,0,0,0,0,0,,0.0,0.0,0,0,0.0,locked_slot_fallback_unavailable,,0,,0,0,,0,,0,,,,,,,,,,,,0,,,,
30.592028,provisional_prealign,provisional_prealign_waiting_for_second_car,20,-120,20,-120,provisional_prealign_waiting_for_second_car,0,1785210858.5421824,1,1,0,30,waiting_for_second_car_rear_gate,1,1,1,1,795.081,-1445.081,0,1,1,1,1,0,0,0,,,,-300.0,,0,,,,,,,,,0,0,0,0.0,0,locked_slot_fallback_unavailable,0.0,0.0,0.0,,,,0,footprint_unavailable,,,,,0,NONE,0,0,0,0,0,,0.0,0.0,0,0,0.0,locked_slot_fallback_unavailable,,0,,0,0,,0,,0,,,,,,,,,,,,0,,,,
30.670112,provisional_prealign,provisional_prealign_waiting_for_second_car,20,-120,20,-120,provisional_prealign_waiting_for_second_car,0,1785210858.6539783,1,1,0,31,waiting_for_second_car_rear_gate,1,1,1,1,812.962,-1462.962,0,1,1,1,1,0,0,0,,,,-300.0,,0,,,,,,,,,0,0,0,0.0,0,locked_slot_fallback_unavailable,0.0,0.0,0.0,,,,0,footprint_unavailable,,,,,0,NONE,0,0,0,0,0,,0.0,0.0,0,0,0.0,locked_slot_fallback_unavailable,,0,,0,0,,0,,0,,,,,,,,,,,,0,,,,
30.746518,provisional_prealign,provisional_prealign_waiting_for_second_car,20,-120,20,-120,provisional_prealign_waiting_for_second_car,0,1785210858.6539783,0,1,0,31,waiting_for_second_car_rear_gate,1,1,1,1,812.962,-1462.962,0,1,1,1,1,0,0,0,,,,-300.0,,0,,,,,,,,,0,0,0,0.0,0,locked_slot_fallback_unavailable,0.0,0.0,0.0,,,,0,footprint_unavailable,,,,,0,NONE,0,0,0,0,0,,0.0,0.0,0,0,0.0,locked_slot_fallback_unavailable,,0,,0,0,,0,,0,,,,,,,,,,,,0,,,,
30.827557,provisional_prealign,provisional_prealign_waiting_for_second_car,20,-120,20,-120,provisional_prealign_waiting_for_second_car,0,1785210858.7641027,1,1,0,35,waiting_for_second_car_rear_gate,1,1,1,1,805.831,-1455.831,0,1,1,1,1,0,0,0,,,,-300.0,,0,,,,,,,,,0,0,0,0.0,0,locked_slot_fallback_unavailable,0.0,0.0,0.0,,,,0,footprint_unavailable,,,,,0,NONE,0,0,0,0,0,,0.0,0.0,0,0,0.0,locked_slot_fallback_unavailable,,0,,0,0,,0,,0,,,,,,,,,,,,0,,,,
30.905215,provisional_prealign,provisional_prealign_waiting_for_second_car,20,-120,20,-120,provisional_prealign_waiting_for_second_car,0,1785210858.8763413,1,1,0,28,waiting_for_second_car_rear_gate,1,1,1,1,856.703,-1506.703,0,1,1,1,1,0,0,0,,,,-300.0,,0,,,,,,,,,0,0,0,0.0,0,locked_slot_fallback_unavailable,0.0,0.0,0.0,,,,0,footprint_unavailable,,,,,0,NONE,0,0,0,0,0,,0.0,0.0,0,0,0.0,locked_slot_fallback_unavailable,,0,,0,0,,0,,0,,,,,,,,,,,,0,,,,
30.982128,provisional_prealign,provisional_prealign_waiting_for_second_car,20,-120,20,-120,provisional_prealign_waiting_for_second_car,0,1785210858.8763413,0,1,0,28,waiting_for_second_car_rear_gate,1,1,1,1,856.703,-1506.703,0,1,1,1,1,0,0,0,,,,-300.0,,0,,,,,,,,,0,0,0,0.0,0,locked_slot_fallback_unavailable,0.0,0.0,0.0,,,,0,footprint_unavailable,,,,,0,NONE,0,0,0,0,0,,0.0,0.0,0,0,0.0,locked_slot_fallback_unavailable,,0,,0,0,,0,,0,,,,,,,,,,,,0,,,,
31.061603,provisional_prealign,provisional_prealign_waiting_for_second_car,20,-120,20,-120,provisional_prealign_waiting_for_second_car,0,1785210858.990601,1,1,0,31,waiting_for_second_car_rear_gate,1,1,1,1,799.46,-1449.46,0,1,1,1,1,0,0,0,,,,-300.0,,0,,,,,,,,,0,0,0,0.0,0,locked_slot_fallback_unavailable,0.0,0.0,0.0,,,,0,footprint_unavailable,,,,,0,NONE,0,0,0,0,0,,0.0,0.0,0,0,0.0,locked_slot_fallback_unavailable,,0,,0,0,,0,,0,,,,,,,,,,,,0,,,,
31.140949,provisional_prealign,provisional_prealign_waiting_for_second_car,20,-120,20,-120,provisional_prealign_waiting_for_second_car,0,1785210859.102838,1,1,0,28,waiting_for_second_car_rear_gate,1,1,1,1,835.524,-1485.524,0,1,1,1,1,0,0,0,,,,-300.0,,0,,,,,,,,,0,0,0,0.0,0,locked_slot_fallback_unavailable,0.0,0.0,0.0,,,,0,footprint_unavailable,,,,,0,NONE,0,0,0,0,0,,0.0,0.0,0,0,0.0,locked_slot_fallback_unavailable,,0,,0,0,,0,,0,,,,,,,,,,,,0,,,,
31.219728,provisional_prealign,provisional_prealign_waiting_for_second_car,20,-120,20,-120,provisional_prealign_waiting_for_second_car,0,1785210859.2140024,1,1,0,31,waiting_for_second_car_rear_gate,1,1,1,1,811.45,-1461.45,0,1,1,1,1,0,0,0,,,,-300.0,,0,,,,,,,,,0,0,0,0.0,0,locked_slot_fallback_unavailable,0.0,0.0,0.0,,,,0,footprint_unavailable,,,,,0,NONE,0,0,0,0,0,,0.0,0.0,0,0,0.0,locked_slot_fallback_unavailable,,0,,0,0,,0,,0,,,,,,,,,,,,0,,,,
31.298358,provisional_prealign,provisional_prealign_waiting_for_second_car,20,-120,20,-120,provisional_prealign_waiting_for_second_car,0,1785210859.2140024,0,1,0,31,waiting_for_second_car_rear_gate,1,1,1,1,811.45,-1461.45,0,1,1,1,1,0,0,0,,,,-300.0,,0,,,,,,,,,0,0,0,0.0,0,locked_slot_fallback_unavailable,0.0,0.0,0.0,,,,0,footprint_unavailable,,,,,0,NONE,0,0,0,0,0,,0.0,0.0,0,0,0.0,locked_slot_fallback_unavailable,,0,,0,0,,0,,0,,,,,,,,,,,,0,,,,
31.376837,provisional_prealign,provisional_prealign_waiting_for_second_car,20,-120,20,-120,provisional_prealign_waiting_for_second_car,0,1785210859.3285272,1,1,0,27,waiting_for_second_car_rear_gate,1,1,1,1,822.402,-1472.402,0,1,1,1,1,0,0,0,,,,-300.0,,0,,,,,,,,,0,0,0,0.0,0,locked_slot_fallback_unavailable,0.0,0.0,0.0,,,,0,footprint_unavailable,,,,,0,NONE,0,0,0,0,0,,0.0,0.0,0,0,0.0,locked_slot_fallback_unavailable,,0,,0,0,,0,,0,,,,,,,,,,,,0,,,,
31.455125,provisional_prealign,provisional_prealign_waiting_for_second_car,20,-120,20,-120,provisional_prealign_waiting_for_second_car,0,1785210859.4395528,1,1,0,29,waiting_for_second_car_rear_gate,1,1,1,1,855.297,-1505.297,0,1,1,1,1,0,0,0,,,,-300.0,,0,,,,,,,,,0,0,0,0.0,0,locked_slot_fallback_unavailable,0.0,0.0,0.0,,,,0,footprint_unavailable,,,,,0,NONE,0,0,0,0,0,,0.0,0.0,0,0,0.0,locked_slot_fallback_unavailable,,0,,0,0,,0,,0,,,,,,,,,,,,0,,,,
31.53298,provisional_prealign,provisional_prealign_waiting_for_second_car,20,-120,20,-120,provisional_prealign_waiting_for_second_car,0,1785210859.4395528,0,1,0,29,waiting_for_second_car_rear_gate,1,1,1,1,855.297,-1505.297,0,1,1,1,1,0,0,0,,,,-300.0,,0,,,,,,,,,0,0,0,0.0,0,locked_slot_fallback_unavailable,0.0,0.0,0.0,,,,0,footprint_unavailable,,,,,0,NONE,0,0,0,0,0,,0.0,0.0,0,0,0.0,locked_slot_fallback_unavailable,,0,,0,0,,0,,0,,,,,,,,,,,,0,,,,
31.611126,provisional_prealign,provisional_prealign_waiting_for_second_car,20,-120,20,-120,provisional_prealign_waiting_for_second_car,0,1785210859.5503628,1,1,0,29,waiting_for_second_car_rear_gate,1,1,1,1,837.315,-1487.315,0,1,1,1,1,0,0,0,,,,-300.0,,0,,,,,,,,,0,0,0,0.0,0,locked_slot_fallback_unavailable,0.0,0.0,0.0,,,,0,footprint_unavailable,,,,,0,NONE,0,0,0,0,0,,0.0,0.0,0,0,0.0,locked_slot_fallback_unavailable,,0,,0,0,,0,,0,,,,,,,,,,,,0,,,,
31.690087,provisional_prealign,provisional_prealign_waiting_for_second_car,20,-120,20,-120,provisional_prealign_waiting_for_second_car,0,1785210859.6615796,1,1,0,31,waiting_for_second_car_rear_gate,1,1,1,1,854.699,-1504.699,0,1,1,1,1,0,0,0,,,,-300.0,,0,,,,,,,,,0,0,0,0.0,0,locked_slot_fallback_unavailable,0.0,0.0,0.0,,,,0,footprint_unavailable,,,,,0,NONE,0,0,0,0,0,,0.0,0.0,0,0,0.0,locked_slot_fallback_unavailable,,0,,0,0,,0,,0,,,,,,,,,,,,0,,,,
31.769082,provisional_prealign,provisional_prealign_waiting_for_second_car,20,-120,20,-120,provisional_prealign_waiting_for_second_car,0,1785210859.6615796,0,1,0,31,waiting_for_second_car_rear_gate,1,1,1,1,854.699,-1504.699,0,1,1,1,1,0,0,0,,,,-300.0,,0,,,,,,,,,0,0,0,0.0,0,locked_slot_fallback_unavailable,0.0,0.0,0.0,,,,0,footprint_unavailable,,,,,0,NONE,0,0,0,0,0,,0.0,0.0,0,0,0.0,locked_slot_fallback_unavailable,,0,,0,0,,0,,0,,,,,,,,,,,,0,,,,
31.847287,provisional_prealign,provisional_prealign_waiting_for_second_car,20,-120,20,-120,provisional_prealign_waiting_for_second_car,0,1785210859.7766016,1,1,0,25,waiting_for_second_car_rear_gate,0,0,0,0,,,0,1,1,1,1,0,0,0,,,,-300.0,,0,,,,,,,,,0,0,0,0.0,0,locked_slot_fallback_unavailable,0.0,0.0,0.0,,,,0,footprint_unavailable,,,,,0,NONE,0,0,0,0,0,,0.0,0.0,0,0,0.0,locked_slot_fallback_unavailable,,0,,0,0,,0,,0,,,,,,,,,,,,0,,,,
31.926115,provisional_prealign,provisional_prealign_waiting_for_second_car,20,-120,20,-120,provisional_prealign_waiting_for_second_car,0,1785210859.88863,1,1,0,27,waiting_for_second_car_rear_gate,1,1,0,0,866.815,-1516.815,0,1,1,1,1,0,0,0,,,,-300.0,,0,,,,,,,,,0,0,0,0.0,0,locked_slot_fallback_unavailable,0.0,0.0,0.0,,,,0,footprint_unavailable,,,,,0,NONE,0,0,0,0,0,,0.0,0.0,0,0,0.0,locked_slot_fallback_unavailable,,0,,0,0,,0,,0,,,,,,,,,,,,0,,,,
32.00442,provisional_prealign,provisional_prealign_waiting_for_second_car,20,-120,20,-120,provisional_prealign_waiting_for_second_car,0,1785210859.9999173,1,1,0,31,waiting_for_second_car_rear_gate,1,1,1,1,869.349,-1519.349,0,1,1,1,1,0,0,0,,,,-300.0,,0,,,,,,,,,0,0,0,0.0,0,locked_slot_fallback_unavailable,0.0,0.0,0.0,,,,0,footprint_unavailable,,,,,0,NONE,0,0,0,0,0,,0.0,0.0,0,0,0.0,locked_slot_fallback_unavailable,,0,,0,0,,0,,0,,,,,,,,,,,,0,,,,
32.081983,provisional_prealign,provisional_prealign_waiting_for_second_car,20,-120,20,-120,provisional_prealign_waiting_for_second_car,0,1785210859.9999173,0,1,0,31,waiting_for_second_car_rear_gate,1,1,1,1,869.349,-1519.349,0,1,1,1,1,0,0,0,,,,-300.0,,0,,,,,,,,,0,0,0,0.0,0,locked_slot_fallback_unavailable,0.0,0.0,0.0,,,,0,footprint_unavailable,,,,,0,NONE,0,0,0,0,0,,0.0,0.0,0,0,0.0,locked_slot_fallback_unavailable,,0,,0,0,,0,,0,,,,,,,,,,,,0,,,,
32.144645,provisional_prealign,provisional_prealign_waiting_for_second_car,20,-120,20,-120,provisional_prealign_waiting_for_second_car,0,1785210860.1138985,1,1,0,29,waiting_for_second_car_rear_gate,1,1,1,1,882.878,-1532.878,0,1,1,1,1,0,0,0,,,,-300.0,,0,,,,,,,,,0,0,0,0.0,0,locked_slot_fallback_unavailable,0.0,0.0,0.0,,,,0,footprint_unavailable,,,,,0,NONE,0,0,0,0,0,,0.0,0.0,0,0,0.0,locked_slot_fallback_unavailable,,0,,0,0,,0,,0,,,,,,,,,,,,0,,,,
32.222405,provisional_prealign,provisional_prealign_waiting_for_second_car,20,-120,20,-120,provisional_prealign_waiting_for_second_car,0,1785210860.2252235,1,1,0,34,waiting_for_second_car_rear_gate,1,1,1,1,923.908,-1573.908,0,1,1,1,1,0,0,0,,,,-300.0,,0,,,,,,,,,0,0,0,0.0,0,locked_slot_fallback_unavailable,0.0,0.0,0.0,,,,0,footprint_unavailable,,,,,0,NONE,0,0,0,0,0,,0.0,0.0,0,0,0.0,locked_slot_fallback_unavailable,,0,,0,0,,0,,0,,,,,,,,,,,,0,,,,
32.29938,provisional_prealign,provisional_prealign_waiting_for_second_car,20,-120,20,-120,provisional_prealign_waiting_for_second_car,0,1785210860.2252235,0,1,0,34,waiting_for_second_car_rear_gate,1,1,1,1,923.908,-1573.908,0,1,1,1,1,0,0,0,,,,-300.0,,0,,,,,,,,,0,0,0,0.0,0,locked_slot_fallback_unavailable,0.0,0.0,0.0,,,,0,footprint_unavailable,,,,,0,NONE,0,0,0,0,0,,0.0,0.0,0,0,0.0,locked_slot_fallback_unavailable,,0,,0,0,,0,,0,,,,,,,,,,,,0,,,,
32.376243,provisional_prealign,provisional_prealign_waiting_for_second_car,20,-120,20,-120,provisional_prealign_waiting_for_second_car,0,1785210860.337574,1,1,0,29,waiting_for_second_car_rear_gate,1,1,1,1,894.542,-1544.542,0,1,1,1,1,0,0,0,,,,-300.0,,0,,,,,,,,,0,0,0,0.0,0,locked_slot_fallback_unavailable,0.0,0.0,0.0,,,,0,footprint_unavailable,,,,,0,NONE,0,0,0,0,0,,0.0,0.0,0,0,0.0,locked_slot_fallback_unavailable,,0,,0,0,,0,,0,,,,,,,,,,,,0,,,,
32.455559,provisional_prealign,provisional_prealign_waiting_for_second_car,20,-120,20,-120,provisional_prealign_waiting_for_second_car,0,1785210860.4486392,1,1,0,35,waiting_for_second_car_rear_gate,1,1,1,1,901.251,-1551.251,0,1,1,1,1,0,0,0,,,,-300.0,,0,,,,,,,,,0,0,0,0.0,0,locked_slot_fallback_unavailable,0.0,0.0,0.0,,,,0,footprint_unavailable,,,,,0,NONE,0,0,0,0,0,,0.0,0.0,0,0,0.0,locked_slot_fallback_unavailable,,0,,0,0,,0,,0,,,,,,,,,,,,0,,,,
32.53358,provisional_prealign,provisional_prealign_waiting_for_second_car,20,-120,20,-120,provisional_prealign_waiting_for_second_car,0,1785210860.4486392,0,1,0,35,waiting_for_second_car_rear_gate,1,1,1,1,901.251,-1551.251,0,1,1,1,1,0,0,0,,,,-300.0,,0,,,,,,,,,0,0,0,0.0,0,locked_slot_fallback_unavailable,0.0,0.0,0.0,,,,0,footprint_unavailable,,,,,0,NONE,0,0,0,0,0,,0.0,0.0,0,0,0.0,locked_slot_fallback_unavailable,,0,,0,0,,0,,0,,,,,,,,,,,,0,,,,
32.610653,provisional_prealign,provisional_prealign_waiting_for_second_car,20,-120,20,-120,provisional_prealign_waiting_for_second_car,0,1785210860.5624526,1,1,0,30,waiting_for_second_car_rear_gate,1,1,1,1,907.865,-1557.865,0,1,1,1,1,0,0,0,,,,-300.0,,0,,,,,,,,,0,0,0,0.0,0,locked_slot_fallback_unavailable,0.0,0.0,0.0,,,,0,footprint_unavailable,,,,,0,NONE,0,0,0,0,0,,0.0,0.0,0,0,0.0,locked_slot_fallback_unavailable,,0,,0,0,,0,,0,,,,,,,,,,,,0,,,,
32.68789,provisional_prealign,provisional_prealign_waiting_for_second_car,20,-120,20,-120,provisional_prealign_waiting_for_second_car,0,1785210860.6744049,1,1,0,29,waiting_for_second_car_rear_gate,1,1,1,1,984.737,-1634.737,0,1,1,1,1,0,0,0,,,,-300.0,,0,,,,,,,,,0,0,0,0.0,0,locked_slot_fallback_unavailable,0.0,0.0,0.0,,,,0,footprint_unavailable,,,,,0,NONE,0,0,0,0,0,,0.0,0.0,0,0,0.0,locked_slot_fallback_unavailable,,0,,0,0,,0,,0,,,,,,,,,,,,0,,,,
32.767492,provisional_prealign,provisional_prealign_waiting_for_second_car,20,-120,20,-120,provisional_prealign_waiting_for_second_car,0,1785210860.6744049,0,1,0,29,waiting_for_second_car_rear_gate,1,1,1,1,984.737,-1634.737,0,1,1,1,1,0,0,0,,,,-300.0,,0,,,,,,,,,0,0,0,0.0,0,locked_slot_fallback_unavailable,0.0,0.0,0.0,,,,0,footprint_unavailable,,,,,0,NONE,0,0,0,0,0,,0.0,0.0,0,0,0.0,locked_slot_fallback_unavailable,,0,,0,0,,0,,0,,,,,,,,,,,,0,,,,
32.843258,provisional_prealign,provisional_prealign_waiting_for_second_car,20,-120,20,-120,provisional_prealign_waiting_for_second_car,0,1785210860.786584,1,1,0,29,waiting_for_second_car_rear_gate,1,1,1,1,903.595,-1553.595,0,1,1,1,1,0,0,0,,,,-300.0,,0,,,,,,,,,0,0,0,0.0,0,locked_slot_fallback_unavailable,0.0,0.0,0.0,,,,0,footprint_unavailable,,,,,0,NONE,0,0,0,0,0,,0.0,0.0,0,0,0.0,locked_slot_fallback_unavailable,,0,,0,0,,0,,0,,,,,,,,,,,,0,,,,
32.921012,provisional_prealign,provisional_prealign_waiting_for_second_car,20,-120,20,-120,provisional_prealign_waiting_for_second_car,0,1785210860.8967447,1,1,0,27,waiting_for_second_car_rear_gate,1,1,1,1,927.835,-1577.835,0,1,1,1,1,0,0,0,,,,-300.0,,0,,,,,,,,,0,0,0,0.0,0,locked_slot_fallback_unavailable,0.0,0.0,0.0,,,,0,footprint_unavailable,,,,,0,NONE,0,0,0,0,0,,0.0,0.0,0,0,0.0,locked_slot_fallback_unavailable,,0,,0,0,,0,,0,,,,,,,,,,,,0,,,,
33.000359,provisional_prealign,provisional_prealign_waiting_for_second_car,20,-120,20,-120,provisional_prealign_waiting_for_second_car,0,1785210860.8967447,0,1,0,27,waiting_for_second_car_rear_gate,1,1,1,1,927.835,-1577.835,0,1,1,1,1,0,0,0,,,,-300.0,,0,,,,,,,,,0,0,0,0.0,0,locked_slot_fallback_unavailable,0.0,0.0,0.0,,,,0,footprint_unavailable,,,,,0,NONE,0,0,0,0,0,,0.0,0.0,0,0,0.0,locked_slot_fallback_unavailable,,0,,0,0,,0,,0,,,,,,,,,,,,0,,,,
33.079558,provisional_prealign,provisional_prealign_waiting_for_second_car,20,-120,20,-120,provisional_prealign_waiting_for_second_car,0,1785210861.0110497,1,1,0,33,waiting_for_second_car_rear_gate,1,1,1,1,905.843,-1555.843,0,1,1,1,1,0,0,0,,,,-300.0,,0,,,,,,,,,0,0,0,0.0,0,locked_slot_fallback_unavailable,0.0,0.0,0.0,,,,0,footprint_unavailable,,,,,0,NONE,0,0,0,0,0,,0.0,0.0,0,0,0.0,locked_slot_fallback_unavailable,,0,,0,0,,0,,0,,,,,,,,,,,,0,,,,
33.155893,provisional_prealign,provisional_prealign_waiting_for_second_car,20,-120,20,-120,provisional_prealign_waiting_for_second_car,0,1785210861.1235945,1,1,0,32,waiting_for_second_car_rear_gate,1,1,1,1,944.103,-1594.103,0,1,1,1,1,0,0,0,,,,-300.0,,0,,,,,,,,,0,0,0,0.0,0,locked_slot_fallback_unavailable,0.0,0.0,0.0,,,,0,footprint_unavailable,,,,,0,NONE,0,0,0,0,0,,0.0,0.0,0,0,0.0,locked_slot_fallback_unavailable,,0,,0,0,,0,,0,,,,,,,,,,,,0,,,,
33.247892,provisional_prealign,provisional_prealign_waiting_for_second_car,20,-120,20,-120,provisional_prealign_waiting_for_second_car,0,1785210861.2346225,1,1,0,32,waiting_for_second_car_rear_gate,1,1,1,1,930.847,-1580.847,0,1,1,1,1,0,0,0,,,,-300.0,,0,,,,,,,,,0,0,0,0.0,0,locked_slot_fallback_unavailable,0.0,0.0,0.0,,,,0,footprint_unavailable,,,,,0,NONE,0,0,0,0,0,,0.0,0.0,0,0,0.0,locked_slot_fallback_unavailable,,0,,0,0,,0,,0,,,,,,,,,,,,0,,,,
33.325347,provisional_prealign,provisional_prealign_waiting_for_second_car,20,-120,20,-120,provisional_prealign_waiting_for_second_car,0,1785210861.2346225,0,1,0,32,waiting_for_second_car_rear_gate,1,1,1,1,930.847,-1580.847,0,1,1,1,1,0,0,0,,,,-300.0,,0,,,,,,,,,0,0,0,0.0,0,locked_slot_fallback_unavailable,0.0,0.0,0.0,,,,0,footprint_unavailable,,,,,0,NONE,0,0,0,0,0,,0.0,0.0,0,0,0.0,locked_slot_fallback_unavailable,,0,,0,0,,0,,0,,,,,,,,,,,,0,,,,
33.402744,provisional_prealign,provisional_prealign_waiting_for_second_car,20,-120,20,-120,provisional_prealign_waiting_for_second_car,0,1785210861.3494532,1,1,0,28,waiting_for_second_car_rear_gate,1,1,1,1,967.207,-1617.207,0,1,1,1,1,0,0,0,,,,-300.0,,0,,,,,,,,,0,0,0,0.0,0,locked_slot_fallback_unavailable,0.0,0.0,0.0,,,,0,footprint_unavailable,,,,,0,NONE,0,0,0,0,0,,0.0,0.0,0,0,0.0,locked_slot_fallback_unavailable,,0,,0,0,,0,,0,,,,,,,,,,,,0,,,,
33.481039,provisional_prealign,provisional_prealign_waiting_for_second_car,20,-120,20,-120,provisional_prealign_waiting_for_second_car,0,1785210861.4602013,1,1,0,28,waiting_for_second_car_rear_gate,1,1,1,1,969.351,-1619.351,0,1,1,1,1,0,0,0,,,,-300.0,,0,,,,,,,,,0,0,0,0.0,0,locked_slot_fallback_unavailable,0.0,0.0,0.0,,,,0,footprint_unavailable,,,,,0,NONE,0,0,0,0,0,,0.0,0.0,0,0,0.0,locked_slot_fallback_unavailable,,0,,0,0,,0,,0,,,,,,,,,,,,0,,,,
33.55741,provisional_prealign,provisional_prealign_waiting_for_second_car,20,-120,20,-120,provisional_prealign_waiting_for_second_car,0,1785210861.4602013,0,1,0,28,waiting_for_second_car_rear_gate,1,1,1,1,969.351,-1619.351,0,1,1,1,1,0,0,0,,,,-300.0,,0,,,,,,,,,0,0,0,0.0,0,locked_slot_fallback_unavailable,0.0,0.0,0.0,,,,0,footprint_unavailable,,,,,0,NONE,0,0,0,0,0,,0.0,0.0,0,0,0.0,locked_slot_fallback_unavailable,,0,,0,0,,0,,0,,,,,,,,,,,,0,,,,
33.635301,provisional_prealign,provisional_prealign_waiting_for_second_car,20,-120,20,-120,provisional_prealign_waiting_for_second_car,0,1785210861.5717378,1,1,0,26,waiting_for_second_car_rear_gate,1,1,1,1,975.648,-1625.648,0,1,1,1,1,0,0,0,,,,-300.0,,0,,,,,,,,,0,0,0,0.0,0,locked_slot_fallback_unavailable,0.0,0.0,0.0,,,,0,footprint_unavailable,,,,,0,NONE,0,0,0,0,0,,0.0,0.0,0,0,0.0,locked_slot_fallback_unavailable,,0,,0,0,,0,,0,,,,,,,,,,,,0,,,,
33.713006,provisional_prealign,provisional_prealign_waiting_for_second_car,20,-120,20,-120,provisional_prealign_waiting_for_second_car,0,1785210861.6835456,1,1,0,31,waiting_for_second_car_rear_gate,1,1,1,1,990.789,-1640.789,0,1,1,1,1,0,0,0,,,,-300.0,,0,,,,,,,,,0,0,0,0.0,0,locked_slot_fallback_unavailable,0.0,0.0,0.0,,,,0,footprint_unavailable,,,,,0,NONE,0,0,0,0,0,,0.0,0.0,0,0,0.0,locked_slot_fallback_unavailable,,0,,0,0,,0,,0,,,,,,,,,,,,0,,,,
33.790358,provisional_prealign,provisional_prealign_waiting_for_second_car,20,-120,20,-120,provisional_prealign_waiting_for_second_car,0,1785210861.7967112,1,1,0,29,waiting_for_second_car_rear_gate,1,1,1,1,993.241,-1643.241,0,1,1,1,1,0,0,0,,,,-300.0,,0,,,,,,,,,0,0,0,0.0,0,locked_slot_fallback_unavailable,0.0,0.0,0.0,,,,0,footprint_unavailable,,,,,0,NONE,0,0,0,0,0,,0.0,0.0,0,0,0.0,locked_slot_fallback_unavailable,,0,,0,0,,0,,0,,,,,,,,,,,,0,,,,
33.867006,provisional_prealign,provisional_prealign_waiting_for_second_car,20,-120,20,-120,provisional_prealign_waiting_for_second_car,0,1785210861.7967112,0,1,0,29,waiting_for_second_car_rear_gate,1,1,1,1,993.241,-1643.241,0,1,1,1,1,0,0,0,,,,-300.0,,0,,,,,,,,,0,0,0,0.0,0,locked_slot_fallback_unavailable,0.0,0.0,0.0,,,,0,footprint_unavailable,,,,,0,NONE,0,0,0,0,0,,0.0,0.0,0,0,0.0,locked_slot_fallback_unavailable,,0,,0,0,,0,,0,,,,,,,,,,,,0,,,,
33.944322,provisional_prealign,provisional_prealign_waiting_for_second_car,20,-120,20,-120,provisional_prealign_waiting_for_second_car,0,1785210861.9089274,1,1,0,29,waiting_for_second_car_rear_gate,1,1,1,1,1007.249,-1657.249,0,1,1,1,1,0,0,0,,,,-300.0,,0,,,,,,,,,0,0,0,0.0,0,locked_slot_fallback_unavailable,0.0,0.0,0.0,,,,0,footprint_unavailable,,,,,0,NONE,0,0,0,0,0,,0.0,0.0,0,0,0.0,locked_slot_fallback_unavailable,,0,,0,0,,0,,0,,,,,,,,,,,,0,,,,
34.023128,provisional_prealign,provisional_prealign_waiting_for_second_car,20,-120,20,-120,provisional_prealign_waiting_for_second_car,0,1785210862.020232,1,1,0,31,waiting_for_second_car_rear_gate,1,1,1,1,1009.494,-1659.494,0,1,1,1,1,0,0,0,,,,-300.0,,0,,,,,,,,,0,0,0,0.0,0,locked_slot_fallback_unavailable,0.0,0.0,0.0,,,,0,footprint_unavailable,,,,,0,NONE,0,0,0,0,0,,0.0,0.0,0,0,0.0,locked_slot_fallback_unavailable,,0,,0,0,,0,,0,,,,,,,,,,,,0,,,,
34.103103,provisional_prealign,provisional_prealign_waiting_for_second_car,20,-120,20,-120,provisional_prealign_waiting_for_second_car,0,1785210862.020232,0,1,0,31,waiting_for_second_car_rear_gate,1,1,1,1,1009.494,-1659.494,0,1,1,1,1,0,0,0,,,,-300.0,,0,,,,,,,,,0,0,0,0.0,0,locked_slot_fallback_unavailable,0.0,0.0,0.0,,,,0,footprint_unavailable,,,,,0,NONE,0,0,0,0,0,,0.0,0.0,0,0,0.0,locked_slot_fallback_unavailable,,0,,0,0,,0,,0,,,,,,,,,,,,0,,,,
34.183595,provisional_prealign,provisional_prealign_waiting_for_second_car,20,-120,20,-120,provisional_prealign_waiting_for_second_car,0,1785210862.1324337,1,1,0,28,waiting_for_second_car_rear_gate,1,1,1,1,1020.278,-1670.278,0,1,1,1,1,0,0,0,,,,-300.0,,0,,,,,,,,,0,0,0,0.0,0,locked_slot_fallback_unavailable,0.0,0.0,0.0,,,,0,footprint_unavailable,,,,,0,NONE,0,0,0,0,0,,0.0,0.0,0,0,0.0,locked_slot_fallback_unavailable,,0,,0,0,,0,,0,,,,,,,,,,,,0,,,,
34.260576,provisional_prealign,provisional_prealign_waiting_for_second_car,20,-120,20,-120,provisional_prealign_waiting_for_second_car,0,1785210862.246319,1,1,0,27,waiting_for_second_car_rear_gate,1,1,1,1,995.827,-1645.827,0,1,1,1,1,0,0,0,,,,-300.0,,0,,,,,,,,,0,0,0,0.0,0,locked_slot_fallback_unavailable,0.0,0.0,0.0,,,,0,footprint_unavailable,,,,,0,NONE,0,0,0,0,0,,0.0,0.0,0,0,0.0,locked_slot_fallback_unavailable,,0,,0,0,,0,,0,,,,,,,,,,,,0,,,,
34.337753,provisional_prealign,provisional_prealign_waiting_for_second_car,20,-120,20,-120,provisional_prealign_waiting_for_second_car,0,1785210862.246319,0,1,0,27,waiting_for_second_car_rear_gate,1,1,1,1,995.827,-1645.827,0,1,1,1,1,0,0,0,,,,-300.0,,0,,,,,,,,,0,0,0,0.0,0,locked_slot_fallback_unavailable,0.0,0.0,0.0,,,,0,footprint_unavailable,,,,,0,NONE,0,0,0,0,0,,0.0,0.0,0,0,0.0,locked_slot_fallback_unavailable,,0,,0,0,,0,,0,,,,,,,,,,,,0,,,,
34.415882,provisional_prealign,provisional_prealign_waiting_for_second_car,20,-120,20,-120,provisional_prealign_waiting_for_second_car,0,1785210862.3577826,1,1,0,28,waiting_for_second_car_rear_gate,1,1,1,1,1036.667,-1686.667,0,1,1,1,1,0,0,0,,,,-300.0,,0,,,,,,,,,0,0,0,0.0,0,locked_slot_fallback_unavailable,0.0,0.0,0.0,,,,0,footprint_unavailable,,,,,0,NONE,0,0,0,0,0,,0.0,0.0,0,0,0.0,locked_slot_fallback_unavailable,,0,,0,0,,0,,0,,,,,,,,,,,,0,,,,
34.493816,provisional_prealign,provisional_prealign_waiting_for_second_car,20,-120,20,-120,provisional_prealign_waiting_for_second_car,0,1785210862.4692879,1,1,0,27,waiting_for_second_car_rear_gate,1,1,1,1,1050.99,-1700.99,0,1,1,1,1,0,0,0,,,,-300.0,,0,,,,,,,,,0,0,0,0.0,0,locked_slot_fallback_unavailable,0.0,0.0,0.0,,,,0,footprint_unavailable,,,,,0,NONE,0,0,0,0,0,,0.0,0.0,0,0,0.0,locked_slot_fallback_unavailable,,0,,0,0,,0,,0,,,,,,,,,,,,0,,,,
34.570593,provisional_prealign,provisional_prealign_waiting_for_second_car,20,-120,20,-120,provisional_prealign_waiting_for_second_car,0,1785210862.4692879,0,1,0,27,waiting_for_second_car_rear_gate,1,1,1,1,1050.99,-1700.99,0,1,1,1,1,0,0,0,,,,-300.0,,0,,,,,,,,,0,0,0,0.0,0,locked_slot_fallback_unavailable,0.0,0.0,0.0,,,,0,footprint_unavailable,,,,,0,NONE,0,0,0,0,0,,0.0,0.0,0,0,0.0,locked_slot_fallback_unavailable,,0,,0,0,,0,,0,,,,,,,,,,,,0,,,,
34.649617,provisional_prealign,provisional_prealign_waiting_for_second_car,20,-120,20,-120,provisional_prealign_waiting_for_second_car,0,1785210862.5800257,1,1,0,32,waiting_for_second_car_rear_gate,1,1,1,1,1049.654,-1699.654,0,1,1,1,1,0,0,0,,,,-300.0,,0,,,,,,,,,0,0,0,0.0,0,locked_slot_fallback_unavailable,0.0,0.0,0.0,,,,0,footprint_unavailable,,,,,0,NONE,0,0,0,0,0,,0.0,0.0,0,0,0.0,locked_slot_fallback_unavailable,,0,,0,0,,0,,0,,,,,,,,,,,,0,,,,
34.727109,provisional_prealign,provisional_prealign_waiting_for_second_car,20,-120,20,-120,provisional_prealign_waiting_for_second_car,0,1785210862.6950166,1,1,0,26,waiting_for_second_car_rear_gate,1,1,1,1,1062.322,-1712.322,0,1,1,1,1,0,0,0,,,,-300.0,,0,,,,,,,,,0,0,0,0.0,0,locked_slot_fallback_unavailable,0.0,0.0,0.0,,,,0,footprint_unavailable,,,,,0,NONE,0,0,0,0,0,,0.0,0.0,0,0,0.0,locked_slot_fallback_unavailable,,0,,0,0,,0,,0,,,,,,,,,,,,0,,,,
34.804254,provisional_prealign,provisional_prealign_waiting_for_second_car,20,-120,20,-120,provisional_prealign_waiting_for_second_car,0,1785210862.806714,1,1,0,26,waiting_for_second_car_rear_gate,1,1,1,1,1061.659,-1711.659,0,1,1,1,1,0,0,0,,,,-300.0,,0,,,,,,,,,0,0,0,0.0,0,locked_slot_fallback_unavailable,0.0,0.0,0.0,,,,0,footprint_unavailable,,,,,0,NONE,0,0,0,0,0,,0.0,0.0,0,0,0.0,locked_slot_fallback_unavailable,,0,,0,0,,0,,0,,,,,,,,,,,,0,,,,
34.88314,provisional_prealign,provisional_prealign_waiting_for_second_car,20,-120,20,-120,provisional_prealign_waiting_for_second_car,0,1785210862.806714,0,1,0,26,waiting_for_second_car_rear_gate,1,1,1,1,1061.659,-1711.659,0,1,1,1,1,0,0,0,,,,-300.0,,0,,,,,,,,,0,0,0,0.0,0,locked_slot_fallback_unavailable,0.0,0.0,0.0,,,,0,footprint_unavailable,,,,,0,NONE,0,0,0,0,0,,0.0,0.0,0,0,0.0,locked_slot_fallback_unavailable,,0,,0,0,,0,,0,,,,,,,,,,,,0,,,,
34.960735,provisional_prealign,provisional_prealign_waiting_for_second_car,20,-120,20,-120,provisional_prealign_waiting_for_second_car,0,1785210862.91697,1,1,0,27,waiting_for_second_car_rear_gate,1,1,1,1,1073.452,-1723.452,0,1,1,1,1,0,0,0,,,,-300.0,,0,,,,,,,,,0,0,0,0.0,0,locked_slot_fallback_unavailable,0.0,0.0,0.0,,,,0,footprint_unavailable,,,,,0,NONE,0,0,0,0,0,,0.0,0.0,0,0,0.0,locked_slot_fallback_unavailable,,0,,0,0,,0,,0,,,,,,,,,,,,0,,,,
35.039708,provisional_prealign,provisional_prealign_waiting_for_second_car,20,-120,20,-120,provisional_prealign_waiting_for_second_car,0,1785210863.032771,1,1,0,27,waiting_for_second_car_rear_gate,1,1,1,1,1085.231,-1735.231,0,1,1,1,1,0,0,0,,,,-300.0,,0,,,,,,,,,0,0,0,0.0,0,locked_slot_fallback_unavailable,0.0,0.0,0.0,,,,0,footprint_unavailable,,,,,0,NONE,0,0,0,0,0,,0.0,0.0,0,0,0.0,locked_slot_fallback_unavailable,,0,,0,0,,0,,0,,,,,,,,,,,,0,,,,
35.118691,provisional_prealign,provisional_prealign_waiting_for_second_car,20,-120,20,-120,provisional_prealign_waiting_for_second_car,0,1785210863.032771,0,1,0,27,waiting_for_second_car_rear_gate,1,1,1,1,1085.231,-1735.231,0,1,1,1,1,0,0,0,,,,-300.0,,0,,,,,,,,,0,0,0,0.0,0,locked_slot_fallback_unavailable,0.0,0.0,0.0,,,,0,footprint_unavailable,,,,,0,NONE,0,0,0,0,0,,0.0,0.0,0,0,0.0,locked_slot_fallback_unavailable,,0,,0,0,,0,,0,,,,,,,,,,,,0,,,,
35.196261,provisional_prealign,provisional_prealign_waiting_for_second_car,20,-120,20,-120,provisional_prealign_waiting_for_second_car,0,1785210863.1437495,1,1,0,27,waiting_for_second_car_rear_gate,1,1,1,1,1059.001,-1709.001,0,1,1,1,1,0,0,0,,,,-300.0,,0,,,,,,,,,0,0,0,0.0,0,locked_slot_fallback_unavailable,0.0,0.0,0.0,,,,0,footprint_unavailable,,,,,0,NONE,0,0,0,0,0,,0.0,0.0,0,0,0.0,locked_slot_fallback_unavailable,,0,,0,0,,0,,0,,,,,,,,,,,,0,,,,
35.272926,provisional_prealign,provisional_prealign_waiting_for_second_car,20,-120,20,-120,provisional_prealign_waiting_for_second_car,0,1785210863.2551506,1,1,0,25,waiting_for_second_car_rear_gate,1,1,1,1,1095.619,-1745.619,0,1,1,1,1,0,0,0,,,,-300.0,,0,,,,,,,,,0,0,0,0.0,0,locked_slot_fallback_unavailable,0.0,0.0,0.0,,,,0,footprint_unavailable,,,,,0,NONE,0,0,0,0,0,,0.0,0.0,0,0,0.0,locked_slot_fallback_unavailable,,0,,0,0,,0,,0,,,,,,,,,,,,0,,,,
35.351262,provisional_prealign,provisional_prealign_waiting_for_second_car,20,-120,20,-120,provisional_prealign_waiting_for_second_car,0,1785210863.2551506,0,1,0,25,waiting_for_second_car_rear_gate,1,1,1,1,1095.619,-1745.619,0,1,1,1,1,0,0,0,,,,-300.0,,0,,,,,,,,,0,0,0,0.0,0,locked_slot_fallback_unavailable,0.0,0.0,0.0,,,,0,footprint_unavailable,,,,,0,NONE,0,0,0,0,0,,0.0,0.0,0,0,0.0,locked_slot_fallback_unavailable,,0,,0,0,,0,,0,,,,,,,,,,,,0,,,,
35.430128,provisional_prealign,provisional_prealign_waiting_for_second_car,20,-120,20,-120,provisional_prealign_waiting_for_second_car,0,1785210863.3698893,1,1,0,27,waiting_for_second_car_rear_gate,1,1,1,1,1105.638,-1755.638,0,1,1,1,1,0,0,0,,,,-300.0,,0,,,,,,,,,0,0,0,0.0,0,locked_slot_fallback_unavailable,0.0,0.0,0.0,,,,0,footprint_unavailable,,,,,0,NONE,0,0,0,0,0,,0.0,0.0,0,0,0.0,locked_slot_fallback_unavailable,,0,,0,0,,0,,0,,,,,,,,,,,,0,,,,
35.506791,provisional_prealign,provisional_prealign_waiting_for_second_car,20,-120,20,-120,provisional_prealign_waiting_for_second_car,0,1785210863.4810326,1,1,0,26,waiting_for_second_car_rear_gate,1,1,1,1,1082.693,-1732.693,0,1,1,1,1,0,0,0,,,,-300.0,,0,,,,,,,,,0,0,0,0.0,0,locked_slot_fallback_unavailable,0.0,0.0,0.0,,,,0,footprint_unavailable,,,,,0,NONE,0,0,0,0,0,,0.0,0.0,0,0,0.0,locked_slot_fallback_unavailable,,0,,0,0,,0,,0,,,,,,,,,,,,0,,,,
35.584551,provisional_prealign,provisional_prealign_waiting_for_second_car,20,-120,20,-120,provisional_prealign_waiting_for_second_car,0,1785210863.4810326,0,1,0,26,waiting_for_second_car_rear_gate,1,1,1,1,1082.693,-1732.693,0,1,1,1,1,0,0,0,,,,-300.0,,0,,,,,,,,,0,0,0,0.0,0,locked_slot_fallback_unavailable,0.0,0.0,0.0,,,,0,footprint_unavailable,,,,,0,NONE,0,0,0,0,0,,0.0,0.0,0,0,0.0,locked_slot_fallback_unavailable,,0,,0,0,,0,,0,,,,,,,,,,,,0,,,,
35.662299,provisional_prealign,provisional_prealign_waiting_for_second_car,20,-120,20,-120,provisional_prealign_waiting_for_second_car,0,1785210863.5923412,1,1,0,24,waiting_for_second_car_rear_gate,1,1,1,1,1122.34,-1772.34,0,1,1,1,1,0,0,0,,,,-300.0,,0,,,,,,,,,0,0,0,0.0,0,locked_slot_fallback_unavailable,0.0,0.0,0.0,,,,0,footprint_unavailable,,,,,0,NONE,0,0,0,0,0,,0.0,0.0,0,0,0.0,locked_slot_fallback_unavailable,,0,,0,0,,0,,0,,,,,,,,,,,,0,,,,
35.739775,provisional_prealign,provisional_prealign_waiting_for_second_car,20,-120,20,-120,provisional_prealign_waiting_for_second_car,0,1785210863.7035306,1,1,0,30,waiting_for_second_car_rear_gate,1,1,1,1,1096.177,-1746.177,0,1,1,1,1,0,0,0,,,,-300.0,,0,,,,,,,,,0,0,0,0.0,0,locked_slot_fallback_unavailable,0.0,0.0,0.0,,,,0,footprint_unavailable,,,,,0,NONE,0,0,0,0,0,,0.0,0.0,0,0,0.0,locked_slot_fallback_unavailable,,0,,0,0,,0,,0,,,,,,,,,,,,0,,,,
35.817242,provisional_prealign,provisional_prealign_waiting_for_second_car,20,-120,20,-120,provisional_prealign_waiting_for_second_car,0,1785210863.818763,1,1,0,26,waiting_for_second_car_rear_gate,1,1,1,1,1134.915,-1784.915,0,1,1,1,1,0,0,0,,,,-300.0,,0,,,,,,,,,0,0,0,0.0,0,locked_slot_fallback_unavailable,0.0,0.0,0.0,,,,0,footprint_unavailable,,,,,0,NONE,0,0,0,0,0,,0.0,0.0,0,0,0.0,locked_slot_fallback_unavailable,,0,,0,0,,0,,0,,,,,,,,,,,,0,,,,
35.894479,provisional_prealign,provisional_prealign_waiting_for_second_car,20,-120,20,-120,provisional_prealign_waiting_for_second_car,0,1785210863.818763,0,1,0,26,waiting_for_second_car_rear_gate,1,1,1,1,1134.915,-1784.915,0,1,1,1,1,0,0,0,,,,-300.0,,0,,,,,,,,,0,0,0,0.0,0,locked_slot_fallback_unavailable,0.0,0.0,0.0,,,,0,footprint_unavailable,,,,,0,NONE,0,0,0,0,0,,0.0,0.0,0,0,0.0,locked_slot_fallback_unavailable,,0,,0,0,,0,,0,,,,,,,,,,,,0,,,,
35.972758,provisional_prealign,provisional_prealign_waiting_for_second_car,20,-120,20,-120,provisional_prealign_waiting_for_second_car,0,1785210863.9297535,1,1,0,27,waiting_for_second_car_rear_gate,1,1,1,1,1149.254,-1799.254,0,1,1,1,1,0,0,0,,,,-300.0,,0,,,,,,,,,0,0,0,0.0,0,locked_slot_fallback_unavailable,0.0,0.0,0.0,,,,0,footprint_unavailable,,,,,0,NONE,0,0,0,0,0,,0.0,0.0,0,0,0.0,locked_slot_fallback_unavailable,,0,,0,0,,0,,0,,,,,,,,,,,,0,,,,
36.050538,provisional_prealign,provisional_prealign_waiting_for_second_car,20,-120,20,-120,provisional_prealign_waiting_for_second_car,0,1785210864.041294,1,1,0,24,waiting_for_second_car_rear_gate,1,1,1,1,1150.124,-1800.124,0,1,1,1,1,0,0,0,,,,-300.0,,0,,,,,,,,,0,0,0,0.0,0,locked_slot_fallback_unavailable,0.0,0.0,0.0,,,,0,footprint_unavailable,,,,,0,NONE,0,0,0,0,0,,0.0,0.0,0,0,0.0,locked_slot_fallback_unavailable,,0,,0,0,,0,,0,,,,,,,,,,,,0,,,,
36.130203,provisional_prealign,provisional_prealign_waiting_for_second_car,20,-120,20,-120,provisional_prealign_waiting_for_second_car,0,1785210864.041294,0,1,0,24,waiting_for_second_car_rear_gate,1,1,1,1,1150.124,-1800.124,0,1,1,1,1,0,0,0,,,,-300.0,,0,,,,,,,,,0,0,0,0.0,0,locked_slot_fallback_unavailable,0.0,0.0,0.0,,,,0,footprint_unavailable,,,,,0,NONE,0,0,0,0,0,,0.0,0.0,0,0,0.0,locked_slot_fallback_unavailable,,0,,0,0,,0,,0,,,,,,,,,,,,0,,,,
36.20872,provisional_prealign,provisional_prealign_waiting_for_second_car,20,-120,20,-120,provisional_prealign_waiting_for_second_car,0,1785210864.1552687,1,1,0,28,waiting_for_second_car_rear_gate,1,1,1,1,1157.733,-1807.733,0,1,1,1,1,0,0,0,,,,-300.0,,0,,,,,,,,,0,0,0,0.0,0,locked_slot_fallback_unavailable,0.0,0.0,0.0,,,,0,footprint_unavailable,,,,,0,NONE,0,0,0,0,0,,0.0,0.0,0,0,0.0,locked_slot_fallback_unavailable,,0,,0,0,,0,,0,,,,,,,,,,,,0,,,,
36.287489,provisional_prealign,provisional_prealign_waiting_for_second_car,20,-120,20,-120,provisional_prealign_waiting_for_second_car,0,1785210864.266901,1,1,0,29,waiting_for_second_car_rear_gate,1,1,1,1,1170.132,-1820.132,0,1,1,1,1,0,0,0,,,,-300.0,,0,,,,,,,,,0,0,0,0.0,0,locked_slot_fallback_unavailable,0.0,0.0,0.0,,,,0,footprint_unavailable,,,,,0,NONE,0,0,0,0,0,,0.0,0.0,0,0,0.0,locked_slot_fallback_unavailable,,0,,0,0,,0,,0,,,,,,,,,,,,0,,,,
36.365198,provisional_prealign,provisional_prealign_waiting_for_second_car,20,-120,20,-120,provisional_prealign_waiting_for_second_car,0,1785210864.266901,0,1,0,29,waiting_for_second_car_rear_gate,1,1,1,1,1170.132,-1820.132,0,1,1,1,1,0,0,0,,,,-300.0,,0,,,,,,,,,0,0,0,0.0,0,locked_slot_fallback_unavailable,0.0,0.0,0.0,,,,0,footprint_unavailable,,,,,0,NONE,0,0,0,0,0,,0.0,0.0,0,0,0.0,locked_slot_fallback_unavailable,,0,,0,0,,0,,0,,,,,,,,,,,,0,,,,
36.445677,provisional_prealign,provisional_prealign_waiting_for_second_car,20,-120,20,-120,provisional_prealign_waiting_for_second_car,0,1785210864.378159,1,1,0,29,waiting_for_second_car_rear_gate,1,1,1,1,1141.617,-1791.617,0,1,1,1,1,0,0,0,,,,-300.0,,0,,,,,,,,,0,0,0,0.0,0,locked_slot_fallback_unavailable,0.0,0.0,0.0,,,,0,footprint_unavailable,,,,,0,NONE,0,0,0,0,0,,0.0,0.0,0,0,0.0,locked_slot_fallback_unavailable,,0,,0,0,,0,,0,,,,,,,,,,,,0,,,,
36.525694,provisional_prealign,provisional_prealign_waiting_for_second_car,20,-120,20,-120,provisional_prealign_waiting_for_second_car,0,1785210864.4903686,1,1,0,26,waiting_for_second_car_rear_gate,1,1,1,1,1180.983,-1830.983,0,1,1,1,1,0,0,0,,,,-300.0,,0,,,,,,,,,0,0,0,0.0,0,locked_slot_fallback_unavailable,0.0,0.0,0.0,,,,0,footprint_unavailable,,,,,0,NONE,0,0,0,0,0,,0.0,0.0,0,0,0.0,locked_slot_fallback_unavailable,,0,,0,0,,0,,0,,,,,,,,,,,,0,,,,
36.604681,provisional_prealign,provisional_prealign_waiting_for_second_car,20,-120,20,-120,provisional_prealign_waiting_for_second_car,0,1785210864.6036537,1,1,0,26,waiting_for_second_car_rear_gate,1,1,1,1,1159.405,-1809.405,0,1,1,1,1,0,0,0,,,,-300.0,,0,,,,,,,,,0,0,0,0.0,0,locked_slot_fallback_unavailable,0.0,0.0,0.0,,,,0,footprint_unavailable,,,,,0,NONE,0,0,0,0,0,,0.0,0.0,0,0,0.0,locked_slot_fallback_unavailable,,0,,0,0,,0,,0,,,,,,,,,,,,0,,,,
36.684503,provisional_prealign,provisional_prealign_waiting_for_second_car,20,-120,20,-120,provisional_prealign_waiting_for_second_car,0,1785210864.6036537,0,1,0,26,waiting_for_second_car_rear_gate,1,1,1,1,1159.405,-1809.405,0,1,1,1,1,0,0,0,,,,-300.0,,0,,,,,,,,,0,0,0,0.0,0,locked_slot_fallback_unavailable,0.0,0.0,0.0,,,,0,footprint_unavailable,,,,,0,NONE,0,0,0,0,0,,0.0,0.0,0,0,0.0,locked_slot_fallback_unavailable,,0,,0,0,,0,,0,,,,,,,,,,,,0,,,,
36.764611,provisional_prealign,provisional_prealign_waiting_for_second_car,20,-120,20,-120,provisional_prealign_waiting_for_second_car,0,1785210864.7152193,1,1,0,24,waiting_for_second_car_rear_gate,1,1,1,1,1199.066,-1849.066,0,1,1,1,1,0,0,0,,,,-300.0,,0,,,,,,,,,0,0,0,0.0,0,locked_slot_fallback_unavailable,0.0,0.0,0.0,,,,0,footprint_unavailable,,,,,0,NONE,0,0,0,0,0,,0.0,0.0,0,0,0.0,locked_slot_fallback_unavailable,,0,,0,0,,0,,0,,,,,,,,,,,,0,,,,
36.842835,provisional_prealign,provisional_prealign_waiting_for_second_car,20,-120,20,-120,provisional_prealign_waiting_for_second_car,0,1785210864.8275738,1,1,0,29,waiting_for_second_car_rear_gate,1,1,1,1,1179.331,-1829.331,0,1,1,1,1,0,0,0,,,,-300.0,,0,,,,,,,,,0,0,0,0.0,0,locked_slot_fallback_unavailable,0.0,0.0,0.0,,,,0,footprint_unavailable,,,,,0,NONE,0,0,0,0,0,,0.0,0.0,0,0,0.0,locked_slot_fallback_unavailable,,0,,0,0,,0,,0,,,,,,,,,,,,0,,,,
36.920157,provisional_prealign,provisional_prealign_waiting_for_second_car,20,-120,20,-120,provisional_prealign_waiting_for_second_car,0,1785210864.8275738,0,1,0,29,waiting_for_second_car_rear_gate,1,1,1,1,1179.331,-1829.331,0,1,1,1,1,0,0,0,,,,-300.0,,0,,,,,,,,,0,0,0,0.0,0,locked_slot_fallback_unavailable,0.0,0.0,0.0,,,,0,footprint_unavailable,,,,,0,NONE,0,0,0,0,0,,0.0,0.0,0,0,0.0,locked_slot_fallback_unavailable,,0,,0,0,,0,,0,,,,,,,,,,,,0,,,,
36.996884,provisional_prealign,provisional_prealign_waiting_for_second_car,20,-120,20,-120,provisional_prealign_waiting_for_second_car,0,1785210864.9385998,1,1,0,25,waiting_for_second_car_rear_gate,1,1,1,1,1216.39,-1866.39,0,1,1,1,1,0,0,0,,,,-300.0,,0,,,,,,,,,0,0,0,0.0,0,locked_slot_fallback_unavailable,0.0,0.0,0.0,,,,0,footprint_unavailable,,,,,0,NONE,0,0,0,0,0,,0.0,0.0,0,0,0.0,locked_slot_fallback_unavailable,,0,,0,0,,0,,0,,,,,,,,,,,,0,,,,
37.075978,provisional_prealign,provisional_prealign_waiting_for_second_car,20,-120,20,-120,provisional_prealign_waiting_for_second_car,0,1785210865.0526962,1,1,0,26,waiting_for_second_car_rear_gate,1,1,1,1,1194.366,-1844.366,0,1,1,1,1,0,0,0,,,,-300.0,,0,,,,,,,,,0,0,0,0.0,0,locked_slot_fallback_unavailable,0.0,0.0,0.0,,,,0,footprint_unavailable,,,,,0,NONE,0,0,0,0,0,,0.0,0.0,0,0,0.0,locked_slot_fallback_unavailable,,0,,0,0,,0,,0,,,,,,,,,,,,0,,,,
37.155193,provisional_prealign,provisional_prealign_waiting_for_second_car,20,-120,20,-120,provisional_prealign_waiting_for_second_car,0,1785210865.0526962,0,1,0,26,waiting_for_second_car_rear_gate,1,1,1,1,1194.366,-1844.366,0,1,1,1,1,0,0,0,,,,-300.0,,0,,,,,,,,,0,0,0,0.0,0,locked_slot_fallback_unavailable,0.0,0.0,0.0,,,,0,footprint_unavailable,,,,,0,NONE,0,0,0,0,0,,0.0,0.0,0,0,0.0,locked_slot_fallback_unavailable,,0,,0,0,,0,,0,,,,,,,,,,,,0,,,,
37.235896,provisional_prealign,provisional_prealign_waiting_for_second_car,20,-120,20,-120,provisional_prealign_waiting_for_second_car,0,1785210865.1645598,1,1,0,28,ordered_pair_invalid_gap,2,1,1,1,1227.724,-1877.724,0,1,1,1,1,0,0,0,,,,-300.0,,0,,,,,,,,,0,0,0,0.0,0,locked_slot_fallback_unavailable,0.0,0.0,0.0,,,,0,footprint_unavailable,,,,,0,NONE,0,0,0,0,0,,0.0,0.0,0,0,0.0,locked_slot_fallback_unavailable,,0,,0,0,,0,,0,,,,,,,,,,,,0,,,,
37.31336,provisional_prealign,provisional_prealign_waiting_for_second_car,20,-120,20,-120,provisional_prealign_waiting_for_second_car,0,1785210865.275414,1,1,0,26,waiting_for_second_car_rear_gate,1,1,1,1,1207.677,-1857.677,0,1,1,1,1,0,0,0,,,,-300.0,,0,,,,,,,,,0,0,0,0.0,0,locked_slot_fallback_unavailable,0.0,0.0,0.0,,,,0,footprint_unavailable,,,,,0,NONE,0,0,0,0,0,,0.0,0.0,0,0,0.0,locked_slot_fallback_unavailable,,0,,0,0,,0,,0,,,,,,,,,,,,0,,,,
37.391623,provisional_prealign,provisional_prealign head=+62.6 bearing=+59.4 centerX=+1273mm dist=1479mm path=collision_risk:vehicle_footprint_crosses_side_boundary,20,-120,20,-120,provisional_prealign head=+62.6 bearing=+59.4 centerX=+1273mm dist=1479mm path=collision_risk:vehicle_footprint_crosses_side_boundary,0,1785210865.3898892,1,1,0,29,gap_confirmed,2,1,1,1,1218.121,-1868.121,1,1,1,1,1,1,1,0,1606.742,1273.396,452.476,-300.0,752.476,0,0.888,0.46,1785210865.3898892,1606.742,1689.308,-236.803,857.484,1141.755,1,1,1,0.95,0,direct_pair,3.151,0.028648,58.893,629.884,220.0,347.368,0,footprint_crosses_slot_entrance,-826.347,339.839,-2149.215,-1118.856,1,DIRECT_PAIR,1,1,0,0,0,1785210865.3898892,0.0,0.0,2,1,0.0,direct_pair,1518.798:45.779|1027.994:859.174|2312.303:1634.127|2803.106:820.732,1,1785210865.3898892,2,9,direct_pair_landmarks_frozen,0,collision_risk,0,vehicle_footprint_crosses_side_boundary,0.0054,0.0054,1.0,58.893,92.663,-54.137,6.832,321.477,483.512,300.000:570.000|300.172:562.030|300.686:554.076|301.542:546.150|302.739:538.269|304.273:530.447|306.143:522.698|308.345:515.037|310.874:507.477|313.726:500.034|316.896:492.720|320.378:485.549|324.165:478.534|328.250:471.690|332.626:465.027|337.285:458.559|342.218:452.297|347.416:446.253|352.869:440.439|358.567:434.865|364.500:429.541|370.657:424.477|377.026:419.683|383.595:415.168|389.512:411.443|390.351:410.937|397.177:406.819|404.002:402.700|410.828:398.581|417.654:394.463|424.479:390.344|431.305:386.226|438.131:382.107|444.956:377.988|451.782:373.870|458.608:369.751|465.433:365.632|472.259:361.514|479.084:357.395|485.910:353.277|492.736:349.158|499.561:345.039|506.387:340.921|513.213:336.802|520.038:332.684|526.864:328.565|533.690:324.446|540.515:320.328|547.341:316.209|554.167:312.090|560.992:307.972|567.818:303.853|574.644:299.735|581.469:295.616|588.295:291.497|595.121:287.379|601.946:283.260|608.772:279.142|615.598:275.023|622.423:270.904|629.249:266.786|636.075:262.667|642.900:258.548|649.726:254.430|656.552:250.311|663.377:246.193|670.203:242.074|677.029:237.955|683.854:233.837|690.680:229.718|697.506:225.600|704.331:221.481|711.157:217.362|717.983:213.244|724.808:209.125|731.634:205.006|738.460:200.888|745.285:196.769|752.111:192.651|758.937:188.532|765.762:184.413|772.588:180.295|779.414:176.176|786.239:172.058|793.065:167.939,1,37.691623,0.3,37.391623,0.0
37.469616,provisional_prealign,provisional_prealign head=+62.6 bearing=+59.4 centerX=+1273mm dist=1479mm path=collision_risk:vehicle_footprint_crosses_side_boundary,20,-120,20,-120,provisional_prealign head=+62.6 bearing=+59.4 centerX=+1273mm dist=1479mm path=collision_risk:vehicle_footprint_crosses_side_boundary,0,1785210865.3898892,0,1,0,29,gap_confirmed,2,1,1,1,1218.121,-1868.121,1,1,1,1,1,1,1,0,1606.742,1273.396,452.476,-300.0,752.476,0,0.888,0.46,,,,,,,1,1,1,0.95,0,direct_pair,3.151,0.028648,58.893,629.884,220.0,347.368,0,footprint_crosses_slot_entrance,-826.347,339.839,-2149.215,-1118.856,1,DIRECT_PAIR,1,1,0,0,0,1785210865.3898892,0.0,0.0,2,1,0.0,direct_pair,1518.798:45.779|1027.994:859.174|2312.303:1634.127|2803.106:820.732,1,1785210865.3898892,2,9,direct_pair_landmarks_frozen,0,collision_risk,0,vehicle_footprint_crosses_side_boundary,0.0054,0.0054,1.0,58.893,92.663,-54.137,6.832,321.477,483.512,300.000:570.000|300.172:562.030|300.686:554.076|301.542:546.150|302.739:538.269|304.273:530.447|306.143:522.698|308.345:515.037|310.874:507.477|313.726:500.034|316.896:492.720|320.378:485.549|324.165:478.534|328.250:471.690|332.626:465.027|337.285:458.559|342.218:452.297|347.416:446.253|352.869:440.439|358.567:434.865|364.500:429.541|370.657:424.477|377.026:419.683|383.595:415.168|389.512:411.443|390.351:410.937|397.177:406.819|404.002:402.700|410.828:398.581|417.654:394.463|424.479:390.344|431.305:386.226|438.131:382.107|444.956:377.988|451.782:373.870|458.608:369.751|465.433:365.632|472.259:361.514|479.084:357.395|485.910:353.277|492.736:349.158|499.561:345.039|506.387:340.921|513.213:336.802|520.038:332.684|526.864:328.565|533.690:324.446|540.515:320.328|547.341:316.209|554.167:312.090|560.992:307.972|567.818:303.853|574.644:299.735|581.469:295.616|588.295:291.497|595.121:287.379|601.946:283.260|608.772:279.142|615.598:275.023|622.423:270.904|629.249:266.786|636.075:262.667|642.900:258.548|649.726:254.430|656.552:250.311|663.377:246.193|670.203:242.074|677.029:237.955|683.854:233.837|690.680:229.718|697.506:225.600|704.331:221.481|711.157:217.362|717.983:213.244|724.808:209.125|731.634:205.006|738.460:200.888|745.285:196.769|752.111:192.651|758.937:188.532|765.762:184.413|772.588:180.295|779.414:176.176|786.239:172.058|793.065:167.939,1,37.691623,0.222007,37.391623,0.077993
37.547182,provisional_prealign,provisional_prealign_waiting_for_slot_pose,20,-120,20,-120,provisional_prealign_waiting_for_slot_pose,0,1785210865.5015929,1,1,0,30,gap_confirmed,1,1,1,1,1255.878,-1905.878,0,1,1,1,1,1,1,1,1606.742,1273.396,452.476,-300.0,752.476,0,0.888,0.46,,,,,,,1,1,1,0.95,0,short_icp_fallback,54.5,0.495454,51.886,655.356,220.0,347.368,0,footprint_crosses_slot_entrance,-579.253,577.867,-2318.861,-1229.559,1,TRACKER_FALLBACK,1,1,0,0,0,1785210865.5015929,216.179,-7.008,0,0,0.0,short_icp_fallback,1688.670:121.930|1102.296:869.370|2282.465:1795.222|2868.838:1047.782,1,1785210865.3898892,2,9,direct_pair_landmarks_frozen,1,,0,,,,,,,,,,,,1,37.847182,0.3,37.547182,0.0
37.624331,provisional_prealign,provisional_prealign head=+62.7 bearing=+59.3 centerX=+1281mm dist=1490mm path=collision_risk:vehicle_footprint_crosses_side_boundary,20,-120,20,-120,provisional_prealign head=+62.7 bearing=+59.3 centerX=+1281mm dist=1490mm path=collision_risk:vehicle_footprint_crosses_side_boundary,0,1785210865.6127748,1,1,0,28,gap_confirmed,2,1,1,1,1233.117,-1883.117,1,1,1,1,1,1,1,0,1605.781,1280.627,461.226,-300.0,761.226,0,0.889,0.458,1785210865.6127748,1603.995,1676.201,-227.953,911.908,1182.906,1,1,1,0.95,0,direct_pair,-15.569,-0.141535,61.555,636.625,220.0,347.368,0,footprint_crosses_slot_entrance,-913.542,251.522,-2152.991,-1149.108,1,DIRECT_PAIR,1,1,0,0,0,1785210865.6127748,0.0,0.0,2,1,0.0,direct_pair,1520.307:59.822|1067.802:895.131|2386.710:1609.611|2839.214:774.303,1,1785210865.3898892,2,9,direct_pair_landmarks_frozen,0,collision_risk,0,vehicle_footprint_crosses_side_boundary,0.0054,0.0054,1.0,61.555,81.409,-42.883,1.268,321.481,483.514,300.000:570.000|300.169:562.088|300.676:554.190|301.520:546.321|302.700:538.495|304.212:530.727|306.056:523.031|308.226:515.420|310.720:507.909|313.532:500.512|316.657:493.241|320.091:486.110|323.826:479.133|327.856:472.322|332.173:465.689|336.769:459.247|341.637:453.007|346.767:446.980|352.149:441.178|357.775:435.612|363.633:430.291|369.713:425.225|376.005:420.423|382.495:415.895|389.173:411.648|396.027:407.691|396.978:407.172|402.984:403.918|409.943:400.148|416.903:396.378|423.862:392.608|430.821:388.838|437.780:385.068|444.739:381.299|451.698:377.529|458.657:373.759|465.617:369.989|472.576:366.219|479.535:362.449|486.494:358.679|493.453:354.909|500.412:351.139|507.371:347.369|514.331:343.599|521.290:339.829|528.249:336.059|535.208:332.290|542.167:328.520|549.126:324.750|556.086:320.980|563.045:317.210|570.004:313.440|576.963:309.670|583.922:305.900|590.881:302.130|597.840:298.360|604.800:294.590|611.759:290.820|618.718:287.051|625.677:283.281|632.636:279.511|639.595:275.741|646.554:271.971|653.514:268.201|660.473:264.431|667.432:260.661|674.391:256.891|681.350:253.121|688.309:249.351|695.269:245.581|702.228:241.812|709.187:238.042|716.146:234.272|723.105:230.502|730.064:226.732|737.023:222.962|743.983:219.192|750.942:215.422|757.901:211.652|764.860:207.882|771.819:204.112|778.778:200.342|785.737:196.572|792.697:192.803|799.656:189.033|806.615:185.263|813.574:181.493,1,37.924331,0.3,37.624331,0.0
37.702385,provisional_prealign,provisional_prealign head=+62.7 bearing=+59.3 centerX=+1281mm dist=1490mm path=collision_risk:vehicle_footprint_crosses_side_boundary,20,-120,20,-120,provisional_prealign head=+62.7 bearing=+59.3 centerX=+1281mm dist=1490mm path=collision_risk:vehicle_footprint_crosses_side_boundary,0,1785210865.6127748,0,1,0,28,gap_confirmed,2,1,1,1,1233.117,-1883.117,1,1,1,1,1,1,1,0,1605.781,1280.627,461.226,-300.0,761.226,0,0.889,0.458,,,,,,,1,1,1,0.95,0,direct_pair,-15.569,-0.141535,61.555,636.625,220.0,347.368,0,footprint_crosses_slot_entrance,-913.542,251.522,-2152.991,-1149.108,1,DIRECT_PAIR,1,1,0,0,0,1785210865.6127748,0.0,0.0,2,1,0.0,direct_pair,1520.307:59.822|1067.802:895.131|2386.710:1609.611|2839.214:774.303,1,1785210865.3898892,2,9,direct_pair_landmarks_frozen,0,collision_risk,0,vehicle_footprint_crosses_side_boundary,0.0054,0.0054,1.0,61.555,81.409,-42.883,1.268,321.481,483.514,300.000:570.000|300.169:562.088|300.676:554.190|301.520:546.321|302.700:538.495|304.212:530.727|306.056:523.031|308.226:515.420|310.720:507.909|313.532:500.512|316.657:493.241|320.091:486.110|323.826:479.133|327.856:472.322|332.173:465.689|336.769:459.247|341.637:453.007|346.767:446.980|352.149:441.178|357.775:435.612|363.633:430.291|369.713:425.225|376.005:420.423|382.495:415.895|389.173:411.648|396.027:407.691|396.978:407.172|402.984:403.918|409.943:400.148|416.903:396.378|423.862:392.608|430.821:388.838|437.780:385.068|444.739:381.299|451.698:377.529|458.657:373.759|465.617:369.989|472.576:366.219|479.535:362.449|486.494:358.679|493.453:354.909|500.412:351.139|507.371:347.369|514.331:343.599|521.290:339.829|528.249:336.059|535.208:332.290|542.167:328.520|549.126:324.750|556.086:320.980|563.045:317.210|570.004:313.440|576.963:309.670|583.922:305.900|590.881:302.130|597.840:298.360|604.800:294.590|611.759:290.820|618.718:287.051|625.677:283.281|632.636:279.511|639.595:275.741|646.554:271.971|653.514:268.201|660.473:264.431|667.432:260.661|674.391:256.891|681.350:253.121|688.309:249.351|695.269:245.581|702.228:241.812|709.187:238.042|716.146:234.272|723.105:230.502|730.064:226.732|737.023:222.962|743.983:219.192|750.942:215.422|757.901:211.652|764.860:207.882|771.819:204.112|778.778:200.342|785.737:196.572|792.697:192.803|799.656:189.033|806.615:185.263|813.574:181.493,1,37.924331,0.221946,37.624331,0.078054
37.780302,provisional_prealign,provisional_prealign head=+62.3 bearing=+58.6 centerX=+1279mm dist=1498mm path=collision_risk:vehicle_footprint_crosses_side_boundary,20,-120,20,-120,provisional_prealign head=+62.3 bearing=+58.6 centerX=+1279mm dist=1498mm path=collision_risk:vehicle_footprint_crosses_side_boundary,0,1785210865.7244108,1,1,0,27,gap_confirmed,2,1,1,1,1271.043,-1921.043,1,1,1,1,1,1,1,0,1619.945,1278.744,480.226,-300.0,780.226,0,0.886,0.464,1785210865.7244108,1646.25,1682.87,-199.72,867.627,1230.741,1,1,1,0.95,0,direct_pair,-17.851,-0.162286,60.32,637.457,220.0,347.368,0,footprint_crosses_slot_entrance,-920.677,245.221,-2168.506,-1152.073,1,DIRECT_PAIR,1,1,0,0,0,1785210865.7244108,0.0,0.0,2,1,0.0,direct_pair,1510.444:102.826|1040.053:928.195|2343.266:1670.917|2813.656:845.549,1,1785210865.3898892,2,9,direct_pair_landmarks_frozen,0,collision_risk,0,vehicle_footprint_crosses_side_boundary,0.0054,0.0054,1.0,60.32,75.64,-37.113,5.915,321.475,483.511,300.000:570.000|300.173:562.008|300.690:554.031|301.551:546.084|302.754:538.181|304.297:530.338|306.177:522.568|308.391:514.887|310.934:507.309|313.802:499.847|316.989:492.516|320.490:485.330|324.297:478.301|328.405:471.443|332.804:464.769|337.488:458.291|342.446:452.021|347.671:445.971|353.151:440.152|358.878:434.574|364.840:429.250|371.027:424.187|377.426:419.396|384.026:414.886|390.814:410.665|393.491:409.110|397.747:406.684|404.692:402.726|411.638:398.767|418.583:394.809|425.529:390.851|432.475:386.892|439.420:382.934|446.366:378.975|453.311:375.017|460.257:371.059|467.202:367.100|474.148:363.142|481.094:359.183|488.039:355.225|494.985:351.267|501.930:347.308|508.876:343.350|515.821:339.391|522.767:335.433|529.713:331.475|536.658:327.516|543.604:323.558|550.549:319.599|557.495:315.641|564.441:311.683|571.386:307.724|578.332:303.766|585.277:299.807|592.223:295.849|599.168:291.891|606.114:287.932|613.060:283.974|620.005:280.015|626.951:276.057|633.896:272.099|640.842:268.140|647.788:264.182|654.733:260.223|661.679:256.265|668.624:252.307|675.570:248.348|682.515:244.390|689.461:240.431|696.407:236.473|703.352:232.515|710.298:228.556|717.243:224.598|724.189:220.639|731.135:216.681|738.080:212.723|745.026:208.764|751.971:204.806|758.917:200.847|765.862:196.889|772.808:192.931|779.754:188.972|786.699:185.014|793.645:181.055|800.590:177.097|807.536:173.139,1,38.080302,0.3,37.780302,0.0
37.857995,provisional_prealign,provisional_prealign head=+62.5 bearing=+58.5 centerX=+1278mm dist=1499mm path=collision_risk:vehicle_footprint_crosses_side_boundary,20,-120,20,-120,provisional_prealign head=+62.5 bearing=+58.5 centerX=+1278mm dist=1499mm path=collision_risk:vehicle_footprint_crosses_side_boundary,0,1785210865.8387825,1,1,0,26,gap_confirmed,2,1,1,1,1247.538,-1897.538,1,1,1,1,1,1,1,0,1612.786,1277.753,482.907,-300.0,782.907,0,0.887,0.462,1785210865.8387825,1599.492,1668.77,-209.422,883.053,1185.196,1,1,1,0.95,0,direct_pair,-13.931,-0.126649,60.603,634.358,220.0,347.368,0,footprint_crosses_slot_entrance,-904.408,261.346,-2152.419,-1138.822,1,DIRECT_PAIR,1,1,0,0,0,1785210865.8387825,0.0,0.0,2,1,0.0,direct_pair,1509.066:74.047|1042.757:901.728|2349.622:1638.005|2815.931:810.324,1,1785210865.3898892,2,9,direct_pair_landmarks_frozen,0,collision_risk,0,vehicle_footprint_crosses_side_boundary,0.0054,0.0054,1.0,60.603,80.355,-41.829,7.201,321.478,483.512,300.000:570.000|300.171:562.039|300.684:554.094|301.539:546.177|302.733:538.305|304.264:530.491|306.129:522.750|308.326:515.097|310.850:507.545|313.695:500.109|316.858:492.801|320.333:485.637|324.111:478.628|328.188:471.789|332.555:465.131|337.204:458.666|342.127:452.408|347.314:446.367|352.756:440.555|358.443:434.982|364.364:429.658|370.509:424.594|376.865:419.799|383.422:415.281|390.167:411.050|394.287:408.659|397.074:407.088|404.012:403.180|410.950:399.271|417.887:395.362|424.825:391.454|431.763:387.545|438.700:383.636|445.638:379.728|452.576:375.819|459.514:371.910|466.451:368.002|473.389:364.093|480.327:360.184|487.264:356.276|494.202:352.367|501.140:348.458|508.078:344.550|515.015:340.641|521.953:336.732|528.891:332.824|535.829:328.915|542.766:325.006|549.704:321.098|556.642:317.189|563.579:313.281|570.517:309.372|577.455:305.463|584.393:301.555|591.330:297.646|598.268:293.737|605.206:289.829|612.143:285.920|619.081:282.011|626.019:278.103|632.957:274.194|639.894:270.285|646.832:266.377|653.770:262.468|660.707:258.559|667.645:254.651|674.583:250.742|681.521:246.833|688.458:242.925|695.396:239.016|702.334:235.107|709.271:231.199|716.209:227.290|723.147:223.381|730.085:219.473|737.022:215.564|743.960:211.655|750.898:207.747|757.835:203.838|764.773:199.930|771.711:196.021|778.649:192.112|785.586:188.204|792.524:184.295|799.462:180.386|806.399:176.478,1,38.157995,0.3,37.857995,0.0
37.936303,provisional_prealign,provisional_prealign head=+62.5 bearing=+58.5 centerX=+1278mm dist=1499mm path=collision_risk:vehicle_footprint_crosses_side_boundary,20,-120,20,-120,provisional_prealign head=+62.5 bearing=+58.5 centerX=+1278mm dist=1499mm path=collision_risk:vehicle_footprint_crosses_side_boundary,0,1785210865.8387825,0,1,0,26,gap_confirmed,2,1,1,1,1247.538,-1897.538,1,1,1,1,1,1,1,0,1612.786,1277.753,482.907,-300.0,782.907,0,0.887,0.462,,,,,,,1,1,1,0.95,0,direct_pair,-13.931,-0.126649,60.603,634.358,220.0,347.368,0,footprint_crosses_slot_entrance,-904.408,261.346,-2152.419,-1138.822,1,DIRECT_PAIR,1,1,0,0,0,1785210865.8387825,0.0,0.0,2,1,0.0,direct_pair,1509.066:74.047|1042.757:901.728|2349.622:1638.005|2815.931:810.324,1,1785210865.3898892,2,9,direct_pair_landmarks_frozen,0,collision_risk,0,vehicle_footprint_crosses_side_boundary,0.0054,0.0054,1.0,60.603,80.355,-41.829,7.201,321.478,483.512,300.000:570.000|300.171:562.039|300.684:554.094|301.539:546.177|302.733:538.305|304.264:530.491|306.129:522.750|308.326:515.097|310.850:507.545|313.695:500.109|316.858:492.801|320.333:485.637|324.111:478.628|328.188:471.789|332.555:465.131|337.204:458.666|342.127:452.408|347.314:446.367|352.756:440.555|358.443:434.982|364.364:429.658|370.509:424.594|376.865:419.799|383.422:415.281|390.167:411.050|394.287:408.659|397.074:407.088|404.012:403.180|410.950:399.271|417.887:395.362|424.825:391.454|431.763:387.545|438.700:383.636|445.638:379.728|452.576:375.819|459.514:371.910|466.451:368.002|473.389:364.093|480.327:360.184|487.264:356.276|494.202:352.367|501.140:348.458|508.078:344.550|515.015:340.641|521.953:336.732|528.891:332.824|535.829:328.915|542.766:325.006|549.704:321.098|556.642:317.189|563.579:313.281|570.517:309.372|577.455:305.463|584.393:301.555|591.330:297.646|598.268:293.737|605.206:289.829|612.143:285.920|619.081:282.011|626.019:278.103|632.957:274.194|639.894:270.285|646.832:266.377|653.770:262.468|660.707:258.559|667.645:254.651|674.583:250.742|681.521:246.833|688.458:242.925|695.396:239.016|702.334:235.107|709.271:231.199|716.209:227.290|723.147:223.381|730.085:219.473|737.022:215.564|743.960:211.655|750.898:207.747|757.835:203.838|764.773:199.930|771.711:196.021|778.649:192.112|785.586:188.204|792.524:184.295|799.462:180.386|806.399:176.478,1,38.157995,0.221692,37.857995,0.078308
38.015827,provisional_prealign,provisional_prealign head=+62.4 bearing=+58.2 centerX=+1279mm dist=1505mm path=collision_risk:vehicle_footprint_crosses_side_boundary,20,-120,20,-120,provisional_prealign head=+62.4 bearing=+58.2 centerX=+1279mm dist=1505mm path=collision_risk:vehicle_footprint_crosses_side_boundary,0,1785210865.9497342,1,1,0,30,gap_confirmed,2,1,1,1,1259.204,-1909.204,1,1,1,1,1,1,1,0,1608.428,1279.248,492.354,-300.0,792.354,0,0.886,0.464,1785210865.9497342,1600.333,1671.192,-189.447,892.857,1209.242,1,1,1,0.95,0,direct_pair,-19.524,-0.177493,60.905,637.996,220.0,347.368,0,footprint_crosses_slot_entrance,-929.239,236.331,-2165.222,-1154.676,1,DIRECT_PAIR,1,1,0,0,0,1785210865.9497342,0.0,0.0,2,1,0.0,direct_pair,1512.996:94.835|1051.053:924.960|2361.777:1654.345|2823.721:824.220,1,1785210865.3898892,2,9,direct_pair_landmarks_frozen,0,collision_risk,0,vehicle_footprint_crosses_side_boundary,0.0054,0.0054,1.0,60.905,75.613,-37.087,1.129,321.481,483.514,300.000:570.000|300.169:562.084|300.677:554.183|301.521:546.311|302.702:538.482|304.216:530.711|306.061:523.011|308.233:515.398|310.728:507.884|313.543:500.484|316.671:493.211|320.107:486.078|323.846:479.099|327.878:472.285|332.199:465.651|336.799:459.207|341.671:452.965|346.804:446.938|352.191:441.135|357.821:435.569|363.683:430.247|369.768:425.182|376.063:420.381|382.559:415.853|389.241:411.607|395.138:408.182|396.098:407.648|403.017:403.798|409.935:399.948|416.854:396.097|423.773:392.247|430.692:388.397|437.611:384.547|444.530:380.697|451.449:376.847|458.367:372.996|465.286:369.146|472.205:365.296|479.124:361.446|486.043:357.596|492.962:353.746|499.881:349.895|506.799:346.045|513.718:342.195|520.637:338.345|527.556:334.495|534.475:330.645|541.394:326.794|548.313:322.944|555.232:319.094|562.150:315.244|569.069:311.394|575.988:307.544|582.907:303.693|589.826:299.843|596.745:295.993|603.664:292.143|610.582:288.293|617.501:284.443|624.420:280.592|631.339:276.742|638.258:272.892|645.177:269.042|652.096:265.192|659.014:261.341|665.933:257.491|672.852:253.641|679.771:249.791|686.690:245.941|693.609:242.091|700.528:238.240|707.447:234.390|714.365:230.540|721.284:226.690|728.203:222.840|735.122:218.990|742.041:215.139|748.960:211.289|755.879:207.439|762.797:203.589|769.716:199.739|776.635:195.889|783.554:192.038|790.473:188.188|797.392:184.338|804.311:180.488|811.230:176.638,1,38.315827,0.3,38.015827,0.0
38.091634,provisional_prealign,provisional_prealign head=+62.0 bearing=+57.5 centerX=+1273mm dist=1509mm path=collision_risk:vehicle_footprint_crosses_side_boundary,20,-120,20,-120,provisional_prealign head=+62.0 bearing=+57.5 centerX=+1273mm dist=1509mm path=collision_risk:vehicle_footprint_crosses_side_boundary,0,1785210866.061856,1,1,0,27,gap_confirmed,2,1,1,1,1295.266,-1945.266,1,1,1,1,1,1,1,0,1619.327,1272.829,510.264,-300.0,810.264,0,0.883,0.469,1785210866.061856,1639.568,1652.892,-176.504,868.924,1263.553,1,1,1,0.95,0,direct_pair,-31.95,-0.290454,61.436,637.228,220.0,347.368,0,footprint_crosses_slot_entrance,-984.035,181.133,-2156.754,-1151.644,1,DIRECT_PAIR,1,1,0,0,0,1785210866.061856,0.0,0.0,2,1,0.0,direct_pair,1488.024:126.340|1033.792:960.710|2351.219:1677.918|2805.450:843.548,1,1785210865.3898892,2,9,direct_pair_landmarks_frozen,0,collision_risk,0,vehicle_footprint_crosses_side_boundary,0.0054,0.0054,1.0,61.436,64.691,-26.165,1.069,321.481,483.514,300.000:570.000|300.169:562.083|300.677:554.180|301.522:546.307|302.703:538.477|304.217:530.704|306.063:523.003|308.236:515.388|310.732:507.873|313.548:500.472|316.677:493.198|320.115:486.064|323.854:479.084|327.888:472.270|332.210:465.634|336.812:459.190|341.685:452.948|346.820:446.920|352.209:441.117|357.840:435.550|363.705:430.229|369.791:425.163|376.089:420.362|382.586:415.835|389.270:411.589|396.130:407.634|396.641:407.355|403.085:403.846|410.041:400.060|416.996:396.273|423.952:392.487|430.907:388.700|437.863:384.913|444.818:381.127|451.774:377.340|458.729:373.554|465.685:369.767|472.640:365.981|479.596:362.194|486.551:358.407|493.507:354.621|500.462:350.834|507.418:347.048|514.373:343.261|521.329:339.475|528.284:335.688|535.240:331.901|542.195:328.115|549.151:324.328|556.106:320.542|563.062:316.755|570.017:312.969|576.973:309.182|583.928:305.395|590.884:301.609|597.839:297.822|604.795:294.036|611.750:290.249|618.706:286.462|625.661:282.676|632.617:278.889|639.572:275.103|646.528:271.316|653.483:267.530|660.439:263.743|667.394:259.956|674.350:256.170|681.305:252.383|688.261:248.597|695.216:244.810|702.172:241.024|709.127:237.237|716.083:233.450|723.038:229.664|729.994:225.877|736.949:222.091|743.905:218.304|750.860:214.518|757.816:210.731|764.771:206.944|771.727:203.158|778.682:199.371|785.638:195.585|792.593:191.798|799.549:188.011|806.504:184.225|813.460:180.438,1,38.391634,0.3,38.091634,0.0
38.169725,provisional_prealign,provisional_prealign head=+62.0 bearing=+57.5 centerX=+1273mm dist=1509mm path=collision_risk:vehicle_footprint_crosses_side_boundary,20,-120,20,-120,provisional_prealign head=+62.0 bearing=+57.5 centerX=+1273mm dist=1509mm path=collision_risk:vehicle_footprint_crosses_side_boundary,0,1785210866.061856,0,1,0,27,gap_confirmed,2,1,1,1,1295.266,-1945.266,1,1,1,1,1,1,1,0,1619.327,1272.829,510.264,-300.0,810.264,0,0.883,0.469,,,,,,,1,1,1,0.95,0,direct_pair,-31.95,-0.290454,61.436,637.228,220.0,347.368,0,footprint_crosses_slot_entrance,-984.035,181.133,-2156.754,-1151.644,1,DIRECT_PAIR,1,1,0,0,0,1785210866.061856,0.0,0.0,2,1,0.0,direct_pair,1488.024:126.340|1033.792:960.710|2351.219:1677.918|2805.450:843.548,1,1785210865.3898892,2,9,direct_pair_landmarks_frozen,0,collision_risk,0,vehicle_footprint_crosses_side_boundary,0.0054,0.0054,1.0,61.436,64.691,-26.165,1.069,321.481,483.514,300.000:570.000|300.169:562.083|300.677:554.180|301.522:546.307|302.703:538.477|304.217:530.704|306.063:523.003|308.236:515.388|310.732:507.873|313.548:500.472|316.677:493.198|320.115:486.064|323.854:479.084|327.888:472.270|332.210:465.634|336.812:459.190|341.685:452.948|346.820:446.920|352.209:441.117|357.840:435.550|363.705:430.229|369.791:425.163|376.089:420.362|382.586:415.835|389.270:411.589|396.130:407.634|396.641:407.355|403.085:403.846|410.041:400.060|416.996:396.273|423.952:392.487|430.907:388.700|437.863:384.913|444.818:381.127|451.774:377.340|458.729:373.554|465.685:369.767|472.640:365.981|479.596:362.194|486.551:358.407|493.507:354.621|500.462:350.834|507.418:347.048|514.373:343.261|521.329:339.475|528.284:335.688|535.240:331.901|542.195:328.115|549.151:324.328|556.106:320.542|563.062:316.755|570.017:312.969|576.973:309.182|583.928:305.395|590.884:301.609|597.839:297.822|604.795:294.036|611.750:290.249|618.706:286.462|625.661:282.676|632.617:278.889|639.572:275.103|646.528:271.316|653.483:267.530|660.439:263.743|667.394:259.956|674.350:256.170|681.305:252.383|688.261:248.597|695.216:244.810|702.172:241.024|709.127:237.237|716.083:233.450|723.038:229.664|729.994:225.877|736.949:222.091|743.905:218.304|750.860:214.518|757.816:210.731|764.771:206.944|771.727:203.158|778.682:199.371|785.638:195.585|792.593:191.798|799.549:188.011|806.504:184.225|813.460:180.438,1,38.391634,0.221909,38.091634,0.078091
38.24771,provisional_prealign,motion_safety:pose_lost,20,-120,0,0,motion_safety:pose_lost,1,1785210866.1789975,1,1,0,26,gap_confirmed,1,1,1,1,1270.283,-1920.283,0,1,1,1,1,1,1,1,1619.327,1272.829,510.264,-300.0,810.264,0,0.883,0.469,,,,,,,0,0,0,0.0,0,slot_map_depth_unobservable,0.0,0.0,0.0,,,,0,footprint_unavailable,,,,,1,MAP_LOCALIZATION,1,0,0,0,1,1785210866.1789975,0.0,0.0,5,0,101.02,slot_map_depth_unobservable,1488.024:126.340|1033.792:960.710|2351.219:1677.918|2805.450:843.548,1,1785210865.3898892,2,9,direct_pair_landmarks_frozen,0,,0,,,,,,,,,,,,0,,,,
38.327534,provisional_prealign,provisional_prealign_waiting_for_slot_pose,20,-120,20,-120,provisional_prealign_waiting_for_slot_pose,0,1785210866.2871654,1,1,0,27,gap_confirmed,2,1,1,1,1307.094,-1957.094,0,1,1,1,1,1,1,1,1619.327,1272.829,510.264,-300.0,810.264,0,0.883,0.469,,,,,,,1,1,1,0.95,0,slot_map_localized,-12.08,-0.109821,58.711,633.982,220.0,347.368,0,footprint_crosses_slot_entrance,-891.618,274.553,-2168.59,-1136.5,1,MAP_LOCALIZATION,1,1,0,0,0,1785210866.2871654,23.388,2.725,5,1,74.508,slot_map_localized,1498.652:116.001|1005.265:927.832|2287.103:1706.865|2780.490:895.034,1,1785210865.3898892,2,9,direct_pair_landmarks_frozen,0,,0,,,,,,,,,,,,1,38.627534,0.3,38.327534,0.0
38.407764,provisional_prealign,provisional_prealign head=+63.0 bearing=+57.8 centerX=+1273mm dist=1505mm path=collision_risk:vehicle_footprint_crosses_side_boundary,20,-120,20,-120,provisional_prealign head=+63.0 bearing=+57.8 centerX=+1273mm dist=1505mm path=collision_risk:vehicle_footprint_crosses_side_boundary,0,1785210866.398863,1,1,0,31,gap_confirmed,2,1,1,1,1293.301,-1943.301,1,1,1,1,1,1,1,0,1569.45,1273.147,503.256,-300.0,803.256,0,0.891,0.455,1785210866.398863,1476.82,1660.384,-145.556,887.093,1126.039,1,1,1,0.95,0,direct_pair,-3.096,-0.028146,58.695,634.483,220.0,347.368,0,footprint_crosses_slot_entrance,-852.778,313.391,-2170.902,-1138.661,1,DIRECT_PAIR,1,1,0,0,0,1785210866.398863,0.0,0.0,2,1,0.0,direct_pair,1520.545:84.395|1026.932:896.089|2308.554:1675.477|2802.166:863.783,1,1785210865.3898892,2,9,direct_pair_landmarks_frozen,0,collision_risk,0,vehicle_footprint_crosses_side_boundary,0.0054,0.0054,1.0,58.695,85.868,-47.342,0.701,321.48,483.513,300.000:570.000|300.170:562.074|300.678:554.163|301.525:546.281|302.709:538.442|304.227:530.661|306.076:522.952|308.254:515.330|310.756:507.807|313.577:500.399|316.713:493.118|320.158:485.978|323.906:478.992|327.948:472.173|332.279:465.533|336.891:459.084|341.774:452.839|346.919:446.809|352.318:441.004|357.961:435.436|363.837:430.114|369.935:425.048|376.244:420.249|382.754:415.723|388.964:411.775|389.450:411.480|396.224:407.361|402.998:403.241|409.772:399.122|416.546:395.002|423.320:390.883|430.093:386.763|436.867:382.644|443.641:378.525|450.415:374.405|457.189:370.286|463.963:366.166|470.737:362.047|477.511:357.928|484.285:353.808|491.059:349.689|497.833:345.569|504.607:341.450|511.381:337.330|518.155:333.211|524.929:329.092|531.703:324.972|538.476:320.853|545.250:316.733|552.024:312.614|558.798:308.495|565.572:304.375|572.346:300.256|579.120:296.136|585.894:292.017|592.668:287.898|599.442:283.778|606.216:279.659|612.990:275.539|619.764:271.420|626.538:267.300|633.312:263.181|640.086:259.062|646.860:254.942|653.633:250.823|660.407:246.703|667.181:242.584|673.955:238.465|680.729:234.345|687.503:230.226|694.277:226.106|701.051:221.987|707.825:217.867|714.599:213.748|721.373:209.629|728.147:205.509|734.921:201.390|741.695:197.270|748.469:193.151|755.243:189.032|762.017:184.912|768.790:180.793|775.564:176.673|782.338:172.554|789.112:168.435|795.886:164.315,1,38.707764,0.3,38.407764,0.0
38.487112,provisional_prealign,provisional_prealign head=+63.0 bearing=+57.8 centerX=+1273mm dist=1505mm path=collision_risk:vehicle_footprint_crosses_side_boundary,20,-120,20,-120,provisional_prealign head=+63.0 bearing=+57.8 centerX=+1273mm dist=1505mm path=collision_risk:vehicle_footprint_crosses_side_boundary,0,1785210866.398863,0,1,0,31,gap_confirmed,2,1,1,1,1293.301,-1943.301,1,1,1,1,1,1,1,0,1569.45,1273.147,503.256,-300.0,803.256,0,0.891,0.455,,,,,,,1,1,1,0.95,0,direct_pair,-3.096,-0.028146,58.695,634.483,220.0,347.368,0,footprint_crosses_slot_entrance,-852.778,313.391,-2170.902,-1138.661,1,DIRECT_PAIR,1,1,0,0,0,1785210866.398863,0.0,0.0,2,1,0.0,direct_pair,1520.545:84.395|1026.932:896.089|2308.554:1675.477|2802.166:863.783,1,1785210865.3898892,2,9,direct_pair_landmarks_frozen,0,collision_risk,0,vehicle_footprint_crosses_side_boundary,0.0054,0.0054,1.0,58.695,85.868,-47.342,0.701,321.48,483.513,300.000:570.000|300.170:562.074|300.678:554.163|301.525:546.281|302.709:538.442|304.227:530.661|306.076:522.952|308.254:515.330|310.756:507.807|313.577:500.399|316.713:493.118|320.158:485.978|323.906:478.992|327.948:472.173|332.279:465.533|336.891:459.084|341.774:452.839|346.919:446.809|352.318:441.004|357.961:435.436|363.837:430.114|369.935:425.048|376.244:420.249|382.754:415.723|388.964:411.775|389.450:411.480|396.224:407.361|402.998:403.241|409.772:399.122|416.546:395.002|423.320:390.883|430.093:386.763|436.867:382.644|443.641:378.525|450.415:374.405|457.189:370.286|463.963:366.166|470.737:362.047|477.511:357.928|484.285:353.808|491.059:349.689|497.833:345.569|504.607:341.450|511.381:337.330|518.155:333.211|524.929:329.092|531.703:324.972|538.476:320.853|545.250:316.733|552.024:312.614|558.798:308.495|565.572:304.375|572.346:300.256|579.120:296.136|585.894:292.017|592.668:287.898|599.442:283.778|606.216:279.659|612.990:275.539|619.764:271.420|626.538:267.300|633.312:263.181|640.086:259.062|646.860:254.942|653.633:250.823|660.407:246.703|667.181:242.584|673.955:238.465|680.729:234.345|687.503:230.226|694.277:226.106|701.051:221.987|707.825:217.867|714.599:213.748|721.373:209.629|728.147:205.509|734.921:201.390|741.695:197.270|748.469:193.151|755.243:189.032|762.017:184.912|768.790:180.793|775.564:176.673|782.338:172.554|789.112:168.435|795.886:164.315,1,38.707764,0.220653,38.407764,0.079347
38.565225,provisional_prealign,provisional_prealign_waiting_for_slot_pose,20,-120,20,-120,provisional_prealign_waiting_for_slot_pose,0,1785210866.511173,1,1,0,28,gap_confirmed,2,1,1,1,1315.615,-1965.615,0,1,1,1,1,1,1,1,1569.45,1273.147,503.256,-300.0,803.256,0,0.891,0.455,,,,,,,1,1,1,0.95,0,slot_map_localized,-9.634,-0.087581,59.681,634.201,220.0,347.368,0,footprint_crosses_slot_entrance,-883.628,282.488,-2160.501,-1137.753,1,MAP_LOCALIZATION,1,1,0,0,0,1785210866.511173,2.554,-0.986,5,1,163.352,slot_map_localized,1511.631:81.922|1032.062:901.991|2326.908:1659.206|2806.477:839.137,1,1785210865.3898892,2,9,direct_pair_landmarks_frozen,0,,0,,,,,,,,,,,,1,38.865225,0.3,38.565225,0.0
38.644379,provisional_prealign,provisional_prealign head=+64.0 bearing=+58.3 centerX=+1279mm dist=1503mm path=collision_risk:vehicle_footprint_crosses_side_boundary,20,-120,20,-120,provisional_prealign head=+64.0 bearing=+58.3 centerX=+1279mm dist=1503mm path=collision_risk:vehicle_footprint_crosses_side_boundary,0,1785210866.6255395,1,1,0,31,gap_confirmed,2,1,1,1,1302.21,-1952.21,1,1,1,1,1,1,1,0,1568.925,1278.689,489.303,-300.0,789.303,0,0.898,0.439,1785210866.6255395,1567.949,1697.779,-214.572,880.185,1141.351,1,1,1,0.95,0,direct_pair,2.745,0.024953,58.911,634.281,220.0,347.368,0,footprint_crosses_slot_entrance,-828.151,338.037,-2168.037,-1137.847,1,DIRECT_PAIR,1,1,0,0,0,1785210866.6255395,0.0,0.0,2,1,0.0,direct_pair,1534.258:56.616|1043.705:870.163|2328.253:1644.719|2818.805:831.173,1,1785210865.3898892,2,9,direct_pair_landmarks_frozen,0,collision_risk,0,vehicle_footprint_crosses_side_boundary,0.0054,0.0054,1.0,58.911,92.306,-53.779,0.634,321.48,483.513,300.000:570.000|300.170:562.073|300.679:554.160|301.526:546.276|302.710:538.436|304.228:530.653|306.078:522.943|308.257:515.319|310.760:507.795|313.583:500.386|316.720:493.104|320.166:485.963|323.915:478.975|327.959:472.155|332.292:465.515|336.905:459.065|341.790:452.819|346.937:446.788|352.338:440.983|357.983:435.415|363.861:430.093|369.961:425.028|376.273:420.228|382.784:415.703|389.483:411.461|389.561:411.414|396.274:407.366|403.065:403.271|409.855:399.177|416.646:395.082|423.437:390.987|430.228:386.893|437.018:382.798|443.809:378.703|450.600:374.609|457.391:370.514|464.181:366.419|470.972:362.324|477.763:358.230|484.554:354.135|491.345:350.040|498.135:345.946|504.926:341.851|511.717:337.756|518.508:333.662|525.298:329.567|532.089:325.472|538.880:321.378|545.671:317.283|552.462:313.188|559.252:309.093|566.043:304.999|572.834:300.904|579.625:296.809|586.415:292.715|593.206:288.620|599.997:284.525|606.788:280.431|613.578:276.336|620.369:272.241|627.160:268.146|633.951:264.052|640.742:259.957|647.532:255.862|654.323:251.768|661.114:247.673|667.905:243.578|674.695:239.484|681.486:235.389|688.277:231.294|695.068:227.199|701.858:223.105|708.649:219.010|715.440:214.915|722.231:210.821|729.022:206.726|735.812:202.631|742.603:198.537|749.394:194.442|756.185:190.347|762.975:186.252|769.766:182.158|776.557:178.063|783.348:173.968|790.138:169.874|796.929:165.779,1,38.944379,0.3,38.644379,0.0
38.721574,provisional_prealign,provisional_prealign head=+64.0 bearing=+58.3 centerX=+1279mm dist=1503mm path=collision_risk:vehicle_footprint_crosses_side_boundary,20,-120,20,-120,provisional_prealign head=+64.0 bearing=+58.3 centerX=+1279mm dist=1503mm path=collision_risk:vehicle_footprint_crosses_side_boundary,0,1785210866.6255395,0,1,0,31,gap_confirmed,2,1,1,1,1302.21,-1952.21,1,1,1,1,1,1,1,0,1568.925,1278.689,489.303,-300.0,789.303,0,0.898,0.439,,,,,,,1,1,1,0.95,0,direct_pair,2.745,0.024953,58.911,634.281,220.0,347.368,0,footprint_crosses_slot_entrance,-828.151,338.037,-2168.037,-1137.847,1,DIRECT_PAIR,1,1,0,0,0,1785210866.6255395,0.0,0.0,2,1,0.0,direct_pair,1534.258:56.616|1043.705:870.163|2328.253:1644.719|2818.805:831.173,1,1785210865.3898892,2,9,direct_pair_landmarks_frozen,0,collision_risk,0,vehicle_footprint_crosses_side_boundary,0.0054,0.0054,1.0,58.911,92.306,-53.779,0.634,321.48,483.513,300.000:570.000|300.170:562.073|300.679:554.160|301.526:546.276|302.710:538.436|304.228:530.653|306.078:522.943|308.257:515.319|310.760:507.795|313.583:500.386|316.720:493.104|320.166:485.963|323.915:478.975|327.959:472.155|332.292:465.515|336.905:459.065|341.790:452.819|346.937:446.788|352.338:440.983|357.983:435.415|363.861:430.093|369.961:425.028|376.273:420.228|382.784:415.703|389.483:411.461|389.561:411.414|396.274:407.366|403.065:403.271|409.855:399.177|416.646:395.082|423.437:390.987|430.228:386.893|437.018:382.798|443.809:378.703|450.600:374.609|457.391:370.514|464.181:366.419|470.972:362.324|477.763:358.230|484.554:354.135|491.345:350.040|498.135:345.946|504.926:341.851|511.717:337.756|518.508:333.662|525.298:329.567|532.089:325.472|538.880:321.378|545.671:317.283|552.462:313.188|559.252:309.093|566.043:304.999|572.834:300.904|579.625:296.809|586.415:292.715|593.206:288.620|599.997:284.525|606.788:280.431|613.578:276.336|620.369:272.241|627.160:268.146|633.951:264.052|640.742:259.957|647.532:255.862|654.323:251.768|661.114:247.673|667.905:243.578|674.695:239.484|681.486:235.389|688.277:231.294|695.068:227.199|701.858:223.105|708.649:219.010|715.440:214.915|722.231:210.821|729.022:206.726|735.812:202.631|742.603:198.537|749.394:194.442|756.185:190.347|762.975:186.252|769.766:182.158|776.557:178.063|783.348:173.968|790.138:169.874|796.929:165.779,1,38.944379,0.222805,38.644379,0.077195
38.79926,provisional_prealign,provisional_prealign_waiting_for_slot_pose,20,-120,20,-120,provisional_prealign_waiting_for_slot_pose,0,1785210866.73668,1,1,0,19,gap_confirmed,2,1,1,1,1328.157,-1978.157,0,1,1,1,1,1,1,1,1568.925,1278.689,489.303,-300.0,789.303,0,0.898,0.439,,,,,,,1,1,1,0.95,0,slot_map_localized,-4.319,-0.039267,59.552,635.751,220.0,347.368,0,footprint_crosses_slot_entrance,-860.349,305.794,-2168.413,-1144.399,1,MAP_LOCALIZATION,1,1,0,0,0,1785210866.73668,15.13,-0.641,4,1,148.233,slot_map_localized,1528.162:68.951|1046.737:887.933|2339.866:1648.077|2821.290:829.096,1,1785210865.3898892,2,9,direct_pair_landmarks_frozen,0,,0,,,,,,,,,,,,1,39.09926,0.3,38.79926,0.0
38.892981,provisional_prealign,provisional_prealign head=+64.5 bearing=+57.9 centerX=+1275mm dist=1505mm path=collision_risk:vehicle_footprint_crosses_side_boundary,20,-120,20,-120,provisional_prealign head=+64.5 bearing=+57.9 centerX=+1275mm dist=1505mm path=collision_risk:vehicle_footprint_crosses_side_boundary,0,1785210866.8475974,1,1,0,31,gap_confirmed,2,1,1,1,1319.334,-1969.334,1,1,1,1,1,1,1,0,1537.205,1274.543,500.641,-300.0,800.641,0,0.903,0.431,1785210866.8475974,1478.297,1639.492,-121.717,894.196,1165.115,1,1,1,0.95,0,direct_pair,-17.631,-0.160278,59.922,636.607,220.0,347.368,0,footprint_crosses_slot_entrance,-918.76,247.291,-2168.621,-1148.235,1,DIRECT_PAIR,1,1,0,0,0,1785210866.8475974,0.0,0.0,2,1,0.0,direct_pair,1504.905:110.661|1028.783:932.736|2326.796:1684.508|2802.919:862.433,1,1785210865.3898892,2,9,direct_pair_landmarks_frozen,0,collision_risk,0,vehicle_footprint_crosses_side_boundary,0.0054,0.0054,1.0,59.922,74.743,-36.217,6.645,321.477,483.512,300.000:570.000|300.172:562.026|300.687:554.067|301.544:546.137|302.742:538.251|304.278:530.425|306.150:522.672|308.354:515.006|310.886:507.443|313.741:499.996|316.915:492.678|320.400:485.504|324.192:478.487|328.282:471.639|332.663:464.974|337.326:458.504|342.265:452.241|347.468:446.196|352.927:440.380|358.631:434.806|364.570:429.482|370.732:424.418|377.107:419.625|383.683:415.110|390.446:410.883|392.374:409.751|397.342:406.874|404.244:402.876|411.147:398.879|418.049:394.881|424.952:390.883|431.854:386.886|438.757:382.888|445.659:378.890|452.562:374.892|459.464:370.895|466.366:366.897|473.269:362.899|480.171:358.902|487.074:354.904|493.976:350.906|500.879:346.909|507.781:342.911|514.684:338.913|521.586:334.915|528.488:330.918|535.391:326.920|542.293:322.922|549.196:318.925|556.098:314.927|563.001:310.929|569.903:306.932|576.806:302.934|583.708:298.936|590.611:294.938|597.513:290.941|604.415:286.943|611.318:282.945|618.220:278.948|625.123:274.950|632.025:270.952|638.928:266.955|645.830:262.957|652.733:258.959|659.635:254.961|666.538:250.964|673.440:246.966|680.342:242.968|687.245:238.971|694.147:234.973|701.050:230.975|707.952:226.978|714.855:222.980|721.757:218.982|728.660:214.984|735.562:210.987|742.465:206.989|749.367:202.991|756.269:198.994|763.172:194.996|770.074:190.998|776.977:187.001|783.879:183.003|790.782:179.005|797.684:175.007|804.587:171.010,1,39.192981,0.3,38.892981,0.0
38.988872,provisional_prealign,provisional_prealign_waiting_for_slot_pose,20,-120,20,-120,provisional_prealign_waiting_for_slot_pose,0,1785210866.9622035,1,1,0,26,gap_confirmed,2,1,1,1,1343.829,-1993.829,0,1,1,1,1,1,1,1,1537.205,1274.543,500.641,-300.0,800.641,0,0.903,0.431,,,,,,,1,1,1,0.95,0,slot_map_localized,-10.031,-0.09119,58.776,635.461,220.0,347.368,0,footprint_crosses_slot_entrance,-882.947,283.231,-2174.382,-1142.904,1,MAP_LOCALIZATION,1,1,0,0,0,1785210866.9622035,6.708,1.146,6,1,109.589,slot_map_localized,1509.169:110.057|1016.696:922.443|2299.410:1700.032|2791.883:887.646,1,1785210865.3898892,2,9,direct_pair_landmarks_frozen,0,,0,,,,,,,,,,,,1,39.288872,0.3,38.988872,0.0
39.081392,provisional_prealign,provisional_prealign head=+65.0 bearing=+58.0 centerX=+1273mm dist=1501mm path=collision_risk:vehicle_footprint_crosses_side_boundary,20,-120,20,-120,provisional_prealign head=+65.0 bearing=+58.0 centerX=+1273mm dist=1501mm path=collision_risk:vehicle_footprint_crosses_side_boundary,0,1785210867.073589,1,1,0,31,gap_confirmed,2,1,1,1,1332.355,-1982.355,1,1,1,1,1,1,1,0,1549.754,1272.93,496.162,-300.0,796.162,0,0.906,0.422,1785210867.073589,1573.059,1674.052,-194.237,865.814,1169.923,1,1,1,0.95,0,direct_pair,-7.059,-0.064176,59.354,633.383,220.0,347.368,0,footprint_crosses_slot_entrance,-871.67,294.503,-2160.039,-1134.108,1,DIRECT_PAIR,1,1,0,0,0,1785210867.073589,0.0,0.0,2,1,0.0,direct_pair,1512.055:79.184|1027.811:896.501|2318.312:1661.098|2802.556:843.781,1,1785210865.3898892,2,9,direct_pair_landmarks_frozen,0,collision_risk,0,vehicle_footprint_crosses_side_boundary,0.0054,0.0054,1.0,59.354,83.731,-45.205,0.734,321.48,483.514,300.000:570.000|300.170:562.075|300.678:554.165|301.525:546.283|302.708:538.445|304.226:530.665|306.075:522.957|308.252:515.335|310.754:507.813|313.575:500.406|316.710:493.125|320.154:485.986|323.901:479.000|327.943:472.182|332.273:465.542|336.883:459.094|341.766:452.849|346.910:446.819|352.309:441.014|357.950:435.446|363.825:430.124|369.922:425.059|376.230:420.259|382.738:415.733|389.434:411.490|390.791:410.679|396.251:407.444|403.071:403.403|409.891:399.362|416.711:395.321|423.532:391.281|430.352:387.240|437.172:383.199|443.992:379.158|450.812:375.117|457.633:371.076|464.453:367.036|471.273:362.995|478.093:358.954|484.913:354.913|491.733:350.872|498.554:346.831|505.374:342.791|512.194:338.750|519.014:334.709|525.834:330.668|532.655:326.627|539.475:322.586|546.295:318.546|553.115:314.505|559.935:310.464|566.756:306.423|573.576:302.382|580.396:298.341|587.216:294.301|594.036:290.260|600.857:286.219|607.677:282.178|614.497:278.137|621.317:274.096|628.137:270.056|634.958:266.015|641.778:261.974|648.598:257.933|655.418:253.892|662.238:249.851|669.058:245.811|675.879:241.770|682.699:237.729|689.519:233.688|696.339:229.647|703.159:225.606|709.980:221.566|716.800:217.525|723.620:213.484|730.440:209.443|737.260:205.402|744.081:201.361|750.901:197.321|757.721:193.280|764.541:189.239|771.361:185.198|778.182:181.157|785.002:177.116|791.822:173.076|798.642:169.035,1,39.381392,0.3,39.081392,0.0
39.160637,provisional_prealign,provisional_prealign head=+65.0 bearing=+58.0 centerX=+1273mm dist=1501mm path=collision_risk:vehicle_footprint_crosses_side_boundary,20,-120,20,-120,provisional_prealign head=+65.0 bearing=+58.0 centerX=+1273mm dist=1501mm path=collision_risk:vehicle_footprint_crosses_side_boundary,0,1785210867.073589,0,1,0,31,gap_confirmed,2,1,1,1,1332.355,-1982.355,1,1,1,1,1,1,1,0,1549.754,1272.93,496.162,-300.0,796.162,0,0.906,0.422,,,,,,,1,1,1,0.95,0,direct_pair,-7.059,-0.064176,59.354,633.383,220.0,347.368,0,footprint_crosses_slot_entrance,-871.67,294.503,-2160.039,-1134.108,1,DIRECT_PAIR,1,1,0,0,0,1785210867.073589,0.0,0.0,2,1,0.0,direct_pair,1512.055:79.184|1027.811:896.501|2318.312:1661.098|2802.556:843.781,1,1785210865.3898892,2,9,direct_pair_landmarks_frozen,0,collision_risk,0,vehicle_footprint_crosses_side_boundary,0.0054,0.0054,1.0,59.354,83.731,-45.205,0.734,321.48,483.514,300.000:570.000|300.170:562.075|300.678:554.165|301.525:546.283|302.708:538.445|304.226:530.665|306.075:522.957|308.252:515.335|310.754:507.813|313.575:500.406|316.710:493.125|320.154:485.986|323.901:479.000|327.943:472.182|332.273:465.542|336.883:459.094|341.766:452.849|346.910:446.819|352.309:441.014|357.950:435.446|363.825:430.124|369.922:425.059|376.230:420.259|382.738:415.733|389.434:411.490|390.791:410.679|396.251:407.444|403.071:403.403|409.891:399.362|416.711:395.321|423.532:391.281|430.352:387.240|437.172:383.199|443.992:379.158|450.812:375.117|457.633:371.076|464.453:367.036|471.273:362.995|478.093:358.954|484.913:354.913|491.733:350.872|498.554:346.831|505.374:342.791|512.194:338.750|519.014:334.709|525.834:330.668|532.655:326.627|539.475:322.586|546.295:318.546|553.115:314.505|559.935:310.464|566.756:306.423|573.576:302.382|580.396:298.341|587.216:294.301|594.036:290.260|600.857:286.219|607.677:282.178|614.497:278.137|621.317:274.096|628.137:270.056|634.958:266.015|641.778:261.974|648.598:257.933|655.418:253.892|662.238:249.851|669.058:245.811|675.879:241.770|682.699:237.729|689.519:233.688|696.339:229.647|703.159:225.606|709.980:221.566|716.800:217.525|723.620:213.484|730.440:209.443|737.260:205.402|744.081:201.361|750.901:197.321|757.721:193.280|764.541:189.239|771.361:185.198|778.182:181.157|785.002:177.116|791.822:173.076|798.642:169.035,1,39.381392,0.220755,39.081392,0.079245
39.253663,provisional_prealign,provisional_prealign head=+65.0 bearing=+56.6 centerX=+1262mm dist=1512mm path=collision_risk:vehicle_footprint_crosses_side_boundary,20,-120,20,-120,provisional_prealign head=+65.0 bearing=+56.6 centerX=+1262mm dist=1512mm path=collision_risk:vehicle_footprint_crosses_side_boundary,0,1785210867.1856523,1,1,0,27,gap_confirmed,2,1,1,1,1333.77,-1983.77,0,1,1,1,1,1,1,0,1549.754,1262.045,533.027,-300.0,833.027,0,0.906,0.422,,,,,,,1,1,1,0.95,0,slot_map_localized,-8.625,-0.078413,59.925,631.085,220.0,347.368,0,footprint_crosses_slot_entrance,-879.882,286.168,-2144.747,-1124.392,1,MAP_LOCALIZATION,1,1,0,0,0,1785210867.1856523,12.536,-0.571,8,1,152.867,slot_map_localized,1503.781:64.977|1027.705:887.079|2325.761:1638.778|2801.837:816.676,1,1785210865.3898892,2,9,direct_pair_landmarks_frozen,0,collision_risk,0,vehicle_footprint_crosses_side_boundary,0.0054,0.0054,1.0,59.925,83.757,-45.231,1.427,321.481,483.514,300.000:570.000|300.169:562.092|300.675:554.197|301.519:546.332|302.697:538.510|304.208:530.746|306.050:523.053|308.218:515.445|310.709:507.938|313.519:500.543|316.642:493.275|320.072:486.148|323.804:479.173|327.830:472.364|332.143:465.733|336.735:459.292|341.599:453.054|346.724:447.028|352.102:441.227|357.723:435.661|363.576:430.341|369.651:425.275|375.937:420.473|382.423:415.944|389.095:411.696|392.383:409.746|395.921:407.697|402.767:403.733|409.613:399.768|416.459:395.804|423.305:391.840|430.150:387.875|436.996:383.911|443.842:379.946|450.688:375.982|457.534:372.018|464.380:368.053|471.225:364.089|478.071:360.124|484.917:356.160|491.763:352.196|498.609:348.231|505.455:344.267|512.301:340.302|519.146:336.338|525.992:332.374|532.838:328.409|539.684:324.445|546.530:320.480|553.376:316.516|560.221:312.552|567.067:308.587|573.913:304.623|580.759:300.658|587.605:296.694|594.451:292.729|601.297:288.765|608.142:284.801|614.988:280.836|621.834:276.872|628.680:272.907|635.526:268.943|642.372:264.979|649.217:261.014|656.063:257.050|662.909:253.085|669.755:249.121|676.601:245.157|683.447:241.192|690.292:237.228|697.138:233.263|703.984:229.299|710.830:225.335|717.676:221.370|724.522:217.406|731.368:213.441|738.213:209.477|745.059:205.513|751.905:201.548|758.751:197.584|765.597:193.619|772.443:189.655|779.288:185.691|786.134:181.726|792.980:177.762|799.826:173.797,1,39.553663,0.3,39.253663,0.0
39.350353,provisional_prealign,provisional_prealign_waiting_for_slot_pose,20,-120,20,-120,provisional_prealign_waiting_for_slot_pose,0,1785210867.2972171,1,1,0,27,gap_confirmed,2,1,1,1,1369.211,-2019.211,0,1,1,1,1,1,1,1,1549.754,1262.045,533.027,-300.0,833.027,0,0.906,0.422,,,,,,,1,1,1,0.95,0,slot_map_localized,-8.577,-0.077972,59.772,630.712,220.0,347.368,0,footprint_crosses_slot_entrance,-879.291,286.803,-2144.588,-1122.724,1,MAP_LOCALIZATION,1,1,0,0,0,1785210867.2972171,4.135,0.154,8,1,100.688,slot_map_localized,1501.514:68.014|1023.236:888.837|2319.273:1644.012|2797.550:823.189,1,1785210865.3898892,2,9,direct_pair_landmarks_frozen,0,,0,,,,,,,,,,,,1,39.650353,0.3,39.350353,0.0
39.444714,provisional_prealign,provisional_prealign head=+65.0 bearing=+54.8 centerX=+1235mm dist=1511mm path=collision_risk:vehicle_footprint_crosses_side_boundary,20,-120,20,-120,provisional_prealign head=+65.0 bearing=+54.8 centerX=+1235mm dist=1511mm path=collision_risk:vehicle_footprint_crosses_side_boundary,0,1785210867.4118302,1,1,0,32,gap_confirmed,2,1,1,1,1366.264,-2016.264,0,1,1,1,1,1,1,0,1549.754,1234.671,570.449,-300.0,870.449,0,0.906,0.422,,,,,,,1,1,1,0.95,0,slot_map_localized,-6.36,-0.057817,59.416,630.539,220.0,347.368,0,footprint_crosses_slot_entrance,-868.811,297.353,-2147.179,-1121.85,1,MAP_LOCALIZATION,1,1,0,0,0,1785210867.4118302,1.021,0.355,9,1,94.632,slot_map_localized,1503.432:68.695|1020.074:886.538|2311.404:1649.733|2794.761:831.891,1,1785210865.3898892,2,9,direct_pair_landmarks_frozen,0,collision_risk,0,vehicle_footprint_crosses_side_boundary,0.0054,0.0054,1.0,59.416,84.604,-46.077,6.102,321.476,483.511,300.000:570.000|300.172:562.013|300.689:554.040|301.549:546.097|302.751:538.199|304.292:530.360|306.170:522.595|308.382:514.918|310.922:507.343|313.787:499.885|316.970:492.558|320.467:485.374|324.270:478.349|328.373:471.493|332.768:464.821|337.446:458.345|342.400:452.077|347.619:446.028|353.094:440.210|358.815:434.634|364.771:429.309|370.951:424.246|377.344:419.455|383.938:414.944|390.720:410.721|390.963:410.577|397.598:406.655|404.476:402.590|411.355:398.525|418.233:394.460|425.111:390.395|431.990:386.329|438.868:382.264|445.746:378.199|452.625:374.134|459.503:370.069|466.381:366.003|473.260:361.938|480.138:357.873|487.016:353.808|493.895:349.743|500.773:345.678|507.651:341.612|514.530:337.547|521.408:333.482|528.286:329.417|535.165:325.352|542.043:321.286|548.921:317.221|555.800:313.156|562.678:309.091|569.556:305.026|576.434:300.960|583.313:296.895|590.191:292.830|597.069:288.765|603.948:284.700|610.826:280.634|617.704:276.569|624.583:272.504|631.461:268.439|638.339:264.374|645.218:260.308|652.096:256.243|658.974:252.178|665.853:248.113|672.731:244.048|679.609:239.982|686.488:235.917|693.366:231.852|700.244:227.787|707.123:223.722|714.001:219.656|720.879:215.591|727.758:211.526|734.636:207.461|741.514:203.396|748.393:199.330|755.271:195.265|762.149:191.200|769.028:187.135|775.906:183.070|782.784:179.004|789.663:174.939|796.541:170.874,1,39.744714,0.3,39.444714,0.0
39.539156,provisional_prealign,provisional_prealign head=+65.5 bearing=+55.6 centerX=+1257mm dist=1523mm path=collision_risk:vehicle_footprint_crosses_side_boundary,20,-120,20,-120,provisional_prealign head=+65.5 bearing=+55.6 centerX=+1257mm dist=1523mm path=collision_risk:vehicle_footprint_crosses_side_boundary,0,1785210867.5227501,1,1,0,24,gap_confirmed,2,1,1,1,1357.152,-2007.152,1,1,1,1,1,1,1,0,1557.761,1256.679,559.882,-300.0,859.882,0,0.91,0.414,1785210867.5227501,1572.632,1674.137,-154.264,920.966,1234.777,1,1,1,0.95,0,direct_pair,-27.828,-0.25298,61.532,644.273,220.0,347.368,0,footprint_crosses_slot_entrance,-966.434,198.65,-2186.234,-1182.12,1,DIRECT_PAIR,1,1,0,0,0,1785210867.5227501,0.0,0.0,2,1,0.0,direct_pair,1523.966:122.690|1071.137:957.823|2389.767:1672.815|2842.596:837.683,1,1785210865.3898892,2,9,direct_pair_landmarks_frozen,0,collision_risk,0,vehicle_footprint_crosses_side_boundary,0.0054,0.0054,1.0,61.532,69.087,-30.56,1.417,321.481,483.514,300.000:570.000|300.169:562.091|300.676:554.197|301.519:546.332|302.697:538.509|304.209:530.744|306.050:523.051|308.219:515.444|310.710:507.936|313.520:500.541|316.643:493.273|320.073:486.145|323.805:479.170|327.832:472.361|332.145:465.730|336.738:459.289|341.601:453.050|346.727:447.025|352.105:441.224|357.726:435.658|363.580:430.337|369.655:425.271|375.942:420.469|382.427:415.940|389.101:411.692|395.949:407.733|396.915:407.206|402.902:403.960|409.857:400.189|416.811:396.418|423.766:392.647|430.720:388.876|437.675:385.105|444.629:381.334|451.584:377.563|458.539:373.792|465.493:370.021|472.448:366.250|479.402:362.479|486.357:358.708|493.312:354.937|500.266:351.166|507.221:347.396|514.175:343.625|521.130:339.854|528.084:336.083|535.039:332.312|541.994:328.541|548.948:324.770|555.903:320.999|562.857:317.228|569.812:313.457|576.766:309.686|583.721:305.915|590.676:302.144|597.630:298.373|604.585:294.602|611.539:290.832|618.494:287.061|625.448:283.290|632.403:279.519|639.358:275.748|646.312:271.977|653.267:268.206|660.221:264.435|667.176:260.664|674.130:256.893|681.085:253.122|688.040:249.351|694.994:245.580|701.949:241.809|708.903:238.038|715.858:234.268|722.812:230.497|729.767:226.726|736.722:222.955|743.676:219.184|750.631:215.413|757.585:211.642|764.540:207.871|771.494:204.100|778.449:200.329|785.404:196.558|792.358:192.787|799.313:189.016|806.267:185.245|813.222:181.474|820.176:177.704,1,39.839156,0.3,39.539156,0.0
39.633519,provisional_prealign,provisional_prealign_waiting_for_slot_pose,20,-120,20,-120,provisional_prealign_waiting_for_slot_pose,0,1785210867.6347454,1,1,0,29,gap_confirmed,2,1,1,1,1387.092,-2037.092,0,1,1,1,1,1,1,1,1557.761,1256.679,559.882,-300.0,859.882,0,0.91,0.414,,,,,,,1,1,1,0.95,0,slot_map_localized,-15.148,-0.137712,58.88,638.463,220.0,347.368,0,footprint_crosses_slot_entrance,-905.331,260.855,-2186.383,-1155.896,1,MAP_LOCALIZATION,1,1,0,0,0,1785210867.6347454,33.467,2.653,8,1,73.605,slot_map_localized,1509.588:132.929|1018.594:946.209|2302.720:1721.464|2793.714:908.184,1,1785210865.3898892,2,9,direct_pair_landmarks_frozen,0,,0,,,,,,,,,,,,1,39.933519,0.3,39.633519,0.0
39.713424,provisional_prealign,provisional_prealign_waiting_for_slot_pose,20,-120,20,-120,provisional_prealign_waiting_for_slot_pose,0,1785210867.6347454,0,1,0,29,gap_confirmed,2,1,1,1,1387.092,-2037.092,0,1,1,1,1,1,1,1,1557.761,1256.679,559.882,-300.0,859.882,0,0.91,0.414,,,,,,,1,1,1,0.95,0,slot_map_localized,-15.148,-0.137712,58.88,638.463,220.0,347.368,0,footprint_crosses_slot_entrance,-905.331,260.855,-2186.383,-1155.896,1,MAP_LOCALIZATION,1,1,0,0,0,1785210867.6347454,33.467,2.653,8,1,73.605,slot_map_localized,1509.588:132.929|1018.594:946.209|2302.720:1721.464|2793.714:908.184,1,1785210865.3898892,2,9,direct_pair_landmarks_frozen,0,,0,,,,,,,,,,,,1,39.933519,0.220095,39.633519,0.079905
39.792485,provisional_prealign,provisional_prealign head=+65.7 bearing=+55.4 centerX=+1266mm dist=1537mm path=collision_risk:vehicle_footprint_crosses_side_boundary,20,-120,20,-120,provisional_prealign head=+65.7 bearing=+55.4 centerX=+1266mm dist=1537mm path=collision_risk:vehicle_footprint_crosses_side_boundary,0,1785210867.7453818,1,1,0,27,gap_confirmed,2,1,1,1,1376.239,-2026.239,1,1,1,1,1,1,1,0,1534.701,1265.591,571.956,-300.0,871.956,0,0.912,0.411,1785210867.7453818,1491.874,1642.602,-62.08,921.678,1250.841,1,1,1,0.95,0,direct_pair,-38.641,-0.351282,61.229,647.32,220.0,347.368,0,footprint_crosses_slot_entrance,-1012.492,152.844,-2202.35,-1195.108,1,DIRECT_PAIR,1,1,0,0,0,1785210867.7453818,0.0,0.0,2,1,0.0,direct_pair,1510.763:178.020|1053.517:1010.741|2368.341:1732.710|2825.587:899.988,1,1785210865.3898892,2,9,direct_pair_landmarks_frozen,0,collision_risk,0,vehicle_footprint_crosses_side_boundary,0.0054,0.0054,1.0,61.229,57.412,-18.886,0.178,321.48,483.513,300.000:570.000|300.170:562.062|300.681:554.138|301.530:546.244|302.717:538.393|304.240:530.600|306.095:522.880|308.280:515.247|310.789:507.714|313.619:500.295|316.765:493.005|320.220:485.856|323.979:478.862|328.034:472.036|332.378:465.389|337.002:458.935|341.900:452.685|347.060:446.651|352.475:440.843|358.133:435.273|364.025:429.951|370.140:424.886|376.466:420.088|382.992:415.565|389.706:411.326|396.053:407.676|396.595:407.379|403.555:403.557|410.516:399.735|417.476:395.913|424.437:392.091|431.397:388.269|438.357:384.447|445.318:380.625|452.278:376.803|459.238:372.981|466.199:369.159|473.159:365.337|480.119:361.516|487.080:357.694|494.040:353.872|501.000:350.050|507.961:346.228|514.921:342.406|521.881:338.584|528.842:334.762|535.802:330.940|542.762:327.118|549.723:323.296|556.683:319.474|563.643:315.653|570.604:311.831|577.564:308.009|584.524:304.187|591.485:300.365|598.445:296.543|605.405:292.721|612.366:288.899|619.326:285.077|626.286:281.255|633.247:277.433|640.207:273.612|647.167:269.790|654.128:265.968|661.088:262.146|668.049:258.324|675.009:254.502|681.969:250.680|688.930:246.858|695.890:243.036|702.850:239.214|709.811:235.392|716.771:231.570|723.731:227.749|730.692:223.927|737.652:220.105|744.612:216.283|751.573:212.461|758.533:208.639|765.493:204.817|772.454:200.995|779.414:197.173|786.374:193.351|793.335:189.529|800.295:185.707|807.255:181.886|814.216:178.064|821.176:174.242,1,40.092485,0.3,39.792485,0.0
39.886347,provisional_prealign,provisional_prealign_waiting_for_slot_pose,20,-120,20,-120,provisional_prealign_waiting_for_slot_pose,0,1785210867.8602493,1,1,0,25,gap_confirmed,2,1,1,1,1404.668,-2054.668,0,1,1,1,1,1,1,1,1534.701,1265.591,571.956,-300.0,871.956,0,0.912,0.411,,,,,,,1,1,1,0.95,0,slot_map_localized,-18.962,-0.172384,58.994,639.469,220.0,347.368,0,footprint_crosses_slot_entrance,-922.112,244.078,-2189.668,-1160.273,1,MAP_LOCALIZATION,1,1,0,0,0,1785210867.8602493,46.111,2.235,7,1,45.009,slot_map_localized,1505.689:146.269|1016.319:960.528|2301.990:1733.218|2791.360:918.960,1,1785210865.3898892,2,9,direct_pair_landmarks_frozen,0,,0,,,,,,,,,,,,1,40.186347,0.3,39.886347,0.0
39.978932,provisional_prealign,provisional_prealign head=+65.7 bearing=+54.5 centerX=+1256mm dist=1543mm path=collision_risk:vehicle_footprint_crosses_side_boundary,20,-120,20,-120,provisional_prealign head=+65.7 bearing=+54.5 centerX=+1256mm dist=1543mm path=collision_risk:vehicle_footprint_crosses_side_boundary,0,1785210867.9712687,1,1,0,27,gap_confirmed,1,1,1,1,-229.684,-420.316,0,1,1,1,1,1,1,0,1534.701,1255.964,596.597,-300.0,896.597,0,0.912,0.411,,,,,,,1,1,1,0.95,0,slot_map_localized,-19.638,-0.178527,58.779,642.274,220.0,347.368,0,footprint_crosses_slot_entrance,-924.442,241.737,-2203.772,-1172.326,1,MAP_LOCALIZATION,1,1,0,0,0,1785210867.9712687,14.631,0.215,7,0,153.23,slot_map_localized,1512.851:160.693|1020.427:973.109|2303.188:1750.620|2795.612:938.205,1,1785210865.3898892,2,9,direct_pair_landmarks_frozen,0,collision_risk,0,vehicle_footprint_crosses_side_boundary,0.0054,0.0054,1.0,58.779,69.558,-31.032,0.705,321.48,483.514,300.000:570.000|300.170:562.074|300.678:554.163|301.525:546.281|302.709:538.442|304.227:530.662|306.076:522.953|308.254:515.330|310.756:507.808|313.577:500.400|316.713:493.119|320.158:485.979|323.905:478.993|327.948:472.174|332.279:465.534|336.890:459.085|341.773:452.840|346.918:446.810|352.317:441.005|357.960:435.437|363.836:430.115|369.934:425.049|376.243:420.250|382.752:415.724|389.196:411.634|389.448:411.481|396.228:407.372|403.008:403.263|409.788:399.153|416.568:395.044|423.348:390.934|430.128:386.825|436.908:382.715|443.688:378.606|450.468:374.496|457.247:370.387|464.027:366.277|470.807:362.168|477.587:358.059|484.367:353.949|491.147:349.840|497.927:345.730|504.707:341.621|511.487:337.511|518.266:333.402|525.046:329.292|531.826:325.183|538.606:321.074|545.386:316.964|552.166:312.855|558.946:308.745|565.726:304.636|572.506:300.526|579.286:296.417|586.065:292.307|592.845:288.198|599.625:284.088|606.405:279.979|613.185:275.870|619.965:271.760|626.745:267.651|633.525:263.541|640.305:259.432|647.084:255.322|653.864:251.213|660.644:247.103|667.424:242.994|674.204:238.884|680.984:234.775|687.764:230.666|694.544:226.556|701.324:222.447|708.104:218.337|714.883:214.228|721.663:210.118|728.443:206.009|735.223:201.899|742.003:197.790|748.783:193.681|755.563:189.571|762.343:185.462|769.123:181.352|775.902:177.243|782.682:173.133|789.462:169.024|796.242:164.914|803.022:160.805,1,40.278932,0.3,39.978932,0.0
40.058533,provisional_prealign,provisional_prealign head=+65.7 bearing=+54.5 centerX=+1256mm dist=1543mm path=collision_risk:vehicle_footprint_crosses_side_boundary,20,-120,20,-120,provisional_prealign head=+65.7 bearing=+54.5 centerX=+1256mm dist=1543mm path=collision_risk:vehicle_footprint_crosses_side_boundary,0,1785210867.9712687,0,1,0,27,gap_confirmed,1,1,1,1,-229.684,-420.316,0,1,1,1,1,1,1,0,1534.701,1255.964,596.597,-300.0,896.597,0,0.912,0.411,,,,,,,1,1,1,0.95,0,slot_map_localized,-19.638,-0.178527,58.779,642.274,220.0,347.368,0,footprint_crosses_slot_entrance,-924.442,241.737,-2203.772,-1172.326,1,MAP_LOCALIZATION,1,1,0,0,0,1785210867.9712687,14.631,0.215,7,0,153.23,slot_map_localized,1512.851:160.693|1020.427:973.109|2303.188:1750.620|2795.612:938.205,1,1785210865.3898892,2,9,direct_pair_landmarks_frozen,0,collision_risk,0,vehicle_footprint_crosses_side_boundary,0.0054,0.0054,1.0,58.779,69.558,-31.032,0.705,321.48,483.514,300.000:570.000|300.170:562.074|300.678:554.163|301.525:546.281|302.709:538.442|304.227:530.662|306.076:522.953|308.254:515.330|310.756:507.808|313.577:500.400|316.713:493.119|320.158:485.979|323.905:478.993|327.948:472.174|332.279:465.534|336.890:459.085|341.773:452.840|346.918:446.810|352.317:441.005|357.960:435.437|363.836:430.115|369.934:425.049|376.243:420.250|382.752:415.724|389.196:411.634|389.448:411.481|396.228:407.372|403.008:403.263|409.788:399.153|416.568:395.044|423.348:390.934|430.128:386.825|436.908:382.715|443.688:378.606|450.468:374.496|457.247:370.387|464.027:366.277|470.807:362.168|477.587:358.059|484.367:353.949|491.147:349.840|497.927:345.730|504.707:341.621|511.487:337.511|518.266:333.402|525.046:329.292|531.826:325.183|538.606:321.074|545.386:316.964|552.166:312.855|558.946:308.745|565.726:304.636|572.506:300.526|579.286:296.417|586.065:292.307|592.845:288.198|599.625:284.088|606.405:279.979|613.185:275.870|619.965:271.760|626.745:267.651|633.525:263.541|640.305:259.432|647.084:255.322|653.864:251.213|660.644:247.103|667.424:242.994|674.204:238.884|680.984:234.775|687.764:230.666|694.544:226.556|701.324:222.447|708.104:218.337|714.883:214.228|721.663:210.118|728.443:206.009|735.223:201.899|742.003:197.790|748.783:193.681|755.563:189.571|762.343:185.462|769.123:181.352|775.902:177.243|782.682:173.133|789.462:169.024|796.242:164.914|803.022:160.805,1,40.278932,0.220399,39.978932,0.079601
40.138652,provisional_prealign,provisional_prealign head=+65.3 bearing=+54.3 centerX=+1243mm dist=1530mm path=collision_risk:vehicle_footprint_crosses_side_boundary,20,-120,20,-120,provisional_prealign head=+65.3 bearing=+54.3 centerX=+1243mm dist=1530mm path=collision_risk:vehicle_footprint_crosses_side_boundary,0,1785210868.0829284,1,1,0,33,gap_confirmed,2,1,1,1,1403.481,-2053.481,1,1,1,1,1,1,1,0,1520.853,1242.519,593.306,-300.0,893.306,0,0.909,0.417,1785210868.0829284,1495.137,1619.81,-48.613,815.288,1223.005,1,1,1,0.95,0,direct_pair,-22.874,-0.207943,57.679,635.491,220.0,347.368,0,footprint_crosses_slot_entrance,-935.226,230.638,-2184.504,-1142.806,1,DIRECT_PAIR,1,1,0,0,0,1785210868.0829284,0.0,0.0,2,1,0.0,direct_pair,1471.510:185.788|963.588:988.604|2231.192:1790.588|2739.115:987.771,1,1785210865.3898892,2,9,direct_pair_landmarks_frozen,0,collision_risk,0,vehicle_footprint_crosses_side_boundary,0.0054,0.0054,1.0,57.679,63.301,-24.775,0.973,321.481,483.514,300.000:570.000|300.169:562.081|300.677:554.176|301.523:546.300|302.704:538.468|304.220:530.693|306.066:522.990|308.240:515.373|310.738:507.856|313.555:500.453|316.687:493.177|320.126:486.042|323.867:479.060|327.904:472.244|332.228:465.608|336.832:459.162|341.708:452.919|346.846:446.891|352.237:441.088|357.872:435.520|363.739:430.199|369.829:425.133|376.129:420.332|382.629:415.806|386.175:413.506|389.298:411.530|395.992:407.294|402.687:403.059|409.381:398.824|416.075:394.588|422.770:390.353|429.464:386.118|436.158:381.882|442.853:377.647|449.547:373.411|456.242:369.176|462.936:364.941|469.630:360.705|476.325:356.470|483.019:352.234|489.714:347.999|496.408:343.764|503.102:339.528|509.797:335.293|516.491:331.058|523.185:326.822|529.880:322.587|536.574:318.351|543.269:314.116|549.963:309.881|556.657:305.645|563.352:301.410|570.046:297.175|576.741:292.939|583.435:288.704|590.129:284.468|596.824:280.233|603.518:275.998|610.212:271.762|616.907:267.527|623.601:263.292|630.296:259.056|636.990:254.821|643.684:250.585|650.379:246.350|657.073:242.115|663.768:237.879|670.462:233.644|677.156:229.409|683.851:225.173|690.545:220.938|697.239:216.702|703.934:212.467|710.628:208.232|717.323:203.996|724.017:199.761|730.711:195.525|737.406:191.290|744.100:187.055|750.795:182.819|757.489:178.584|764.183:174.349|770.878:170.113|777.572:165.878|784.266:161.642|790.961:157.407,1,40.438652,0.3,40.138652,0.0
40.218859,provisional_prealign,motion_safety:pose_lost,20,-120,0,0,motion_safety:pose_lost,1,1785210868.1975493,1,1,0,22,gap_confirmed,1,1,1,1,-218.737,-431.263,0,1,1,1,1,1,1,1,1520.853,1242.519,593.306,-300.0,893.306,0,0.909,0.417,,,,,,,0,0,0,0.0,0,slot_map_depth_unobservable,0.0,0.0,0.0,,,,0,footprint_unavailable,,,,,1,MAP_LOCALIZATION,1,0,0,0,1,1785210868.1975493,0.0,0.0,5,0,132.238,slot_map_depth_unobservable,1471.510:185.788|963.588:988.604|2231.192:1790.588|2739.115:987.771,1,1785210865.3898892,2,9,direct_pair_landmarks_frozen,0,,0,,,,,,,,,,,,0,,,,
40.298185,provisional_prealign,motion_safety:pose_lost,20,-120,0,0,motion_safety:pose_lost,1,1785210868.1975493,0,1,0,22,gap_confirmed,1,1,1,1,-218.737,-431.263,0,1,1,1,1,1,1,1,1520.853,1242.519,593.306,-300.0,893.306,0,0.909,0.417,,,,,,,0,0,0,0.0,0,slot_map_depth_unobservable,0.0,0.0,0.0,,,,0,footprint_unavailable,,,,,1,MAP_LOCALIZATION,1,0,0,0,1,1785210868.1975493,0.0,0.0,5,0,132.238,slot_map_depth_unobservable,1471.510:185.788|963.588:988.604|2231.192:1790.588|2739.115:987.771,1,1785210865.3898892,2,9,direct_pair_landmarks_frozen,0,,0,,,,,,,,,,,,0,,,,
40.377425,provisional_prealign,provisional_prealign head=+64.9 bearing=+53.8 centerX=+1231mm dist=1525mm path=collision_risk:vehicle_footprint_crosses_side_boundary,20,-120,20,-120,provisional_prealign head=+64.9 bearing=+53.8 centerX=+1231mm dist=1525mm path=collision_risk:vehicle_footprint_crosses_side_boundary,0,1785210868.309157,1,1,0,27,gap_confirmed,2,1,1,1,1427.385,-2077.385,1,1,1,1,1,1,1,0,1515.479,1231.093,599.391,-300.0,899.391,0,0.906,0.424,1785210868.309157,1505.499,1617.604,-27.415,802.144,1248.796,1,1,1,0.95,0,direct_pair,-26.855,-0.244139,57.423,637.022,220.0,347.368,0,footprint_crosses_slot_entrance,-951.629,214.099,-2193.418,-1149.381,1,DIRECT_PAIR,1,1,0,0,0,1785210868.309157,0.0,0.0,2,1,0.0,direct_pair,1465.631:210.424|954.116:1010.956|2218.114:1818.612|2729.630:1018.080,1,1785210865.3898892,2,9,direct_pair_landmarks_frozen,0,collision_risk,0,vehicle_footprint_crosses_side_boundary,0.0054,0.0054,1.0,57.423,58.619,-20.093,0.4,321.48,483.513,300.000:570.000|300.170:562.067|300.680:554.149|301.528:546.260|302.714:538.414|304.234:530.626|306.087:522.911|308.269:515.282|310.775:507.753|313.602:500.339|316.743:493.053|320.194:485.908|323.948:478.917|327.998:472.094|332.336:465.450|336.955:458.998|341.846:452.750|347.000:446.718|352.408:440.911|358.060:435.342|363.945:430.020|370.053:424.955|376.372:420.156|382.891:415.632|385.475:413.951|389.564:411.338|396.251:407.065|402.937:402.793|409.624:398.520|416.311:394.247|422.998:389.975|429.685:385.702|436.372:381.429|443.058:377.156|449.745:372.884|456.432:368.611|463.119:364.338|469.806:360.066|476.493:355.793|483.180:351.520|489.866:347.248|496.553:342.975|503.240:338.702|509.927:334.430|516.614:330.157|523.301:325.884|529.987:321.612|536.674:317.339|543.361:313.066|550.048:308.794|556.735:304.521|563.422:300.248|570.108:295.975|576.795:291.703|583.482:287.430|590.169:283.157|596.856:278.885|603.543:274.612|610.229:270.339|616.916:266.067|623.603:261.794|630.290:257.521|636.977:253.249|643.664:248.976|650.350:244.703|657.037:240.431|663.724:236.158|670.411:231.885|677.098:227.613|683.785:223.340|690.471:219.067|697.158:214.795|703.845:210.522|710.532:206.249|717.219:201.976|723.906:197.704|730.592:193.431|737.279:189.158|743.966:184.886|750.653:180.613|757.340:176.340|764.027:172.068|770.713:167.795|777.400:163.522|784.087:159.250|790.774:154.977,1,40.677425,0.3,40.377425,0.0
40.455214,provisional_prealign,provisional_prealign head=+64.7 bearing=+53.5 centerX=+1235mm dist=1535mm path=collision_risk:vehicle_footprint_crosses_side_boundary,20,-120,20,-120,provisional_prealign head=+64.7 bearing=+53.5 centerX=+1235mm dist=1535mm path=collision_risk:vehicle_footprint_crosses_side_boundary,0,1785210868.420375,1,1,0,32,gap_confirmed,2,1,1,1,1425.051,-2075.051,1,1,1,1,1,1,1,0,1495.792,1234.576,612.516,-300.0,912.516,0,0.904,0.428,1785210868.420375,1459.23,1623.55,11.879,858.539,1261.905,1,1,1,0.95,0,direct_pair,-35.036,-0.318513,58.534,645.76,220.0,347.368,0,footprint_crosses_slot_entrance,-990.25,175.895,-2221.084,-1187.317,1,DIRECT_PAIR,1,1,0,0,0,1785210868.420375,0.0,0.0,2,1,0.0,direct_pair,1488.994:231.743|993.095:1042.041|2272.514:1825.040|2768.413:1014.742,1,1785210865.3898892,2,9,direct_pair_landmarks_frozen,0,collision_risk,0,vehicle_footprint_crosses_side_boundary,0.0054,0.0054,1.0,58.534,53.482,-14.956,7.135,321.478,483.512,300.000:570.000|300.171:562.038|300.685:554.090|301.539:546.172|302.734:538.298|304.265:530.483|306.132:522.741|308.329:515.086|310.854:507.533|313.701:500.095|316.865:492.787|320.341:485.621|324.121:478.611|328.199:471.771|332.568:465.112|337.219:458.647|342.143:452.388|347.332:446.347|352.776:440.534|358.465:434.961|364.389:429.637|370.535:424.573|376.894:419.778|383.453:415.261|388.519:412.047|390.195:411.021|396.988:406.864|403.782:402.706|410.575:398.549|417.368:394.391|424.162:390.234|430.955:386.076|437.749:381.919|444.542:377.761|451.335:373.603|458.129:369.446|464.922:365.288|471.716:361.131|478.509:356.973|485.302:352.816|492.096:348.658|498.889:344.501|505.683:340.343|512.476:336.186|519.269:332.028|526.063:327.871|532.856:323.713|539.650:319.556|546.443:315.398|553.236:311.241|560.030:307.083|566.823:302.925|573.616:298.768|580.410:294.610|587.203:290.453|593.997:286.295|600.790:282.138|607.583:277.980|614.377:273.823|621.170:269.665|627.964:265.508|634.757:261.350|641.550:257.193|648.344:253.035|655.137:248.878|661.931:244.720|668.724:240.563|675.517:236.405|682.311:232.248|689.104:228.090|695.898:223.932|702.691:219.775|709.484:215.617|716.278:211.460|723.071:207.302|729.865:203.145|736.658:198.987|743.451:194.830|750.245:190.672|757.038:186.515|763.831:182.357|770.625:178.200|777.418:174.042|784.212:169.885|791.005:165.727|797.798:161.570|804.592:157.412,1,40.755214,0.3,40.455214,0.0
40.549859,provisional_prealign,provisional_prealign head=+63.3 bearing=+52.5 centerX=+1217mm dist=1535mm path=collision_risk:insufficient_side_clearance_for_reverse_path,20,-120,20,-120,provisional_prealign head=+63.3 bearing=+52.5 centerX=+1217mm dist=1535mm path=collision_risk:insufficient_side_clearance_for_reverse_path,0,1785210868.531818,1,1,0,26,gap_confirmed,2,1,1,1,1441.765,-2091.765,1,1,1,1,1,1,1,0,1544.091,1216.912,635.364,-300.0,935.364,0,0.894,0.449,1785210868.531818,1633.79,1604.978,-22.361,763.236,1377.952,1,1,1,0.95,0,direct_pair,-52.799,-0.479991,58.989,639.049,220.0,347.368,0,footprint_crosses_slot_entrance,-1068.212,97.978,-2187.9,-1158.461,1,DIRECT_PAIR,1,1,0,0,0,1785210868.531818,0.0,0.0,2,1,0.0,direct_pair,1428.825:270.686|939.390:1084.905|2224.999:1857.698|2714.434:1043.479,1,1785210865.3898892,2,9,direct_pair_landmarks_frozen,0,collision_risk,0,insufficient_side_clearance_for_reverse_path,0.0054,0.0054,1.0,58.989,36.98,1.547,333.684,321.476,483.511,300.000:570.000|300.172:562.014|300.689:554.044|301.548:546.103|302.750:538.206|304.290:530.369|306.168:522.605|308.378:514.930|310.917:507.357|313.780:499.900|316.963:492.574|320.458:485.392|324.260:478.368|328.361:471.513|332.753:464.842|337.430:458.367|342.381:452.100|347.598:446.051|353.071:440.233|358.789:434.657|364.743:429.333|370.921:424.270|377.312:419.478|383.903:414.966|389.779:411.283|390.681:410.741|397.527:406.625|404.373:402.510|411.220:398.394|418.066:394.279|424.912:390.164|431.758:386.048|438.605:381.933|445.451:377.818|452.297:373.702|459.144:369.587|465.990:365.471|472.836:361.356|479.682:357.241|486.529:353.125|493.375:349.010|500.221:344.895|507.068:340.779|513.914:336.664|520.760:332.548|527.607:328.433|534.453:324.318|541.299:320.202|548.145:316.087|554.992:311.972|561.838:307.856|568.684:303.741|575.531:299.625|582.377:295.510|589.223:291.395|596.069:287.279|602.916:283.164|609.762:279.049|616.608:274.933|623.455:270.818|630.301:266.702|637.147:262.587|643.994:258.472|650.840:254.356|657.686:250.241|664.532:246.126|671.379:242.010|678.225:237.895|685.071:233.779|691.918:229.664|698.764:225.549|705.610:221.433|712.456:217.318|719.303:213.203|726.149:209.087|732.995:204.972|739.842:200.856|746.688:196.741|753.534:192.626|760.381:188.510|767.227:184.395|774.073:180.279|780.919:176.164|787.766:172.049|794.612:167.933|801.458:163.818,1,40.849859,0.3,40.549859,0.0
40.62864,provisional_prealign,provisional_prealign head=+63.3 bearing=+52.5 centerX=+1217mm dist=1535mm path=collision_risk:insufficient_side_clearance_for_reverse_path,20,-120,20,-120,provisional_prealign head=+63.3 bearing=+52.5 centerX=+1217mm dist=1535mm path=collision_risk:insufficient_side_clearance_for_reverse_path,0,1785210868.531818,0,1,0,26,gap_confirmed,2,1,1,1,1441.765,-2091.765,1,1,1,1,1,1,1,0,1544.091,1216.912,635.364,-300.0,935.364,0,0.894,0.449,,,,,,,1,1,1,0.95,0,direct_pair,-52.799,-0.479991,58.989,639.049,220.0,347.368,0,footprint_crosses_slot_entrance,-1068.212,97.978,-2187.9,-1158.461,1,DIRECT_PAIR,1,1,0,0,0,1785210868.531818,0.0,0.0,2,1,0.0,direct_pair,1428.825:270.686|939.390:1084.905|2224.999:1857.698|2714.434:1043.479,1,1785210865.3898892,2,9,direct_pair_landmarks_frozen,0,collision_risk,0,insufficient_side_clearance_for_reverse_path,0.0054,0.0054,1.0,58.989,36.98,1.547,333.684,321.476,483.511,300.000:570.000|300.172:562.014|300.689:554.044|301.548:546.103|302.750:538.206|304.290:530.369|306.168:522.605|308.378:514.930|310.917:507.357|313.780:499.900|316.963:492.574|320.458:485.392|324.260:478.368|328.361:471.513|332.753:464.842|337.430:458.367|342.381:452.100|347.598:446.051|353.071:440.233|358.789:434.657|364.743:429.333|370.921:424.270|377.312:419.478|383.903:414.966|389.779:411.283|390.681:410.741|397.527:406.625|404.373:402.510|411.220:398.394|418.066:394.279|424.912:390.164|431.758:386.048|438.605:381.933|445.451:377.818|452.297:373.702|459.144:369.587|465.990:365.471|472.836:361.356|479.682:357.241|486.529:353.125|493.375:349.010|500.221:344.895|507.068:340.779|513.914:336.664|520.760:332.548|527.607:328.433|534.453:324.318|541.299:320.202|548.145:316.087|554.992:311.972|561.838:307.856|568.684:303.741|575.531:299.625|582.377:295.510|589.223:291.395|596.069:287.279|602.916:283.164|609.762:279.049|616.608:274.933|623.455:270.818|630.301:266.702|637.147:262.587|643.994:258.472|650.840:254.356|657.686:250.241|664.532:246.126|671.379:242.010|678.225:237.895|685.071:233.779|691.918:229.664|698.764:225.549|705.610:221.433|712.456:217.318|719.303:213.203|726.149:209.087|732.995:204.972|739.842:200.856|746.688:196.741|753.534:192.626|760.381:188.510|767.227:184.395|774.073:180.279|780.919:176.164|787.766:172.049|794.612:167.933|801.458:163.818,1,40.849859,0.221218,40.549859,0.078782
40.705408,provisional_prealign,provisional_prealign head=+63.4 bearing=+52.7 centerX=+1224mm dist=1540mm path=collision_risk:vehicle_footprint_crosses_side_boundary,20,-120,20,-120,provisional_prealign head=+63.4 bearing=+52.7 centerX=+1224mm dist=1540mm path=collision_risk:vehicle_footprint_crosses_side_boundary,0,1785210868.6460009,1,1,0,26,gap_confirmed,2,1,1,1,1438.431,-2088.431,1,1,1,1,1,1,1,0,1534.781,1224.198,633.804,-300.0,933.804,0,0.894,0.448,1785210868.6460009,1517.492,1630.469,-21.132,844.989,1282.943,1,1,1,0.95,0,direct_pair,-36.776,-0.334328,58.938,644.131,220.0,347.368,0,footprint_crosses_slot_entrance,-998.884,167.305,-2210.317,-1180.389,1,DIRECT_PAIR,1,1,0,0,0,1785210868.6460009,0.0,0.0,2,1,0.0,direct_pair,1482.811:224.015|992.648:1037.797|2277.566:1811.738|2767.729:997.956,1,1785210865.3898892,2,9,direct_pair_landmarks_frozen,0,collision_risk,0,vehicle_footprint_crosses_side_boundary,0.0054,0.0054,1.0,58.938,52.861,-14.335,7.617,321.479,483.513,300.000:570.000|300.171:562.050|300.683:554.114|301.535:546.207|302.726:538.345|304.253:530.541|306.114:522.809|308.305:515.165|310.822:507.621|313.661:500.193|316.816:492.894|320.282:485.736|324.051:478.734|328.118:471.901|332.475:465.248|337.113:458.788|342.024:452.534|347.199:446.496|352.628:440.685|358.302:435.114|364.210:429.791|370.341:424.726|376.684:419.930|383.227:415.410|389.637:411.368|389.958:411.175|396.770:407.071|403.583:402.968|410.395:398.865|417.208:394.761|424.020:390.658|430.833:386.555|437.645:382.451|444.458:378.348|451.270:374.245|458.083:370.141|464.895:366.038|471.708:361.934|478.520:357.831|485.333:353.728|492.146:349.624|498.958:345.521|505.771:341.418|512.583:337.314|519.396:333.211|526.208:329.108|533.021:325.004|539.833:320.901|546.646:316.798|553.458:312.694|560.271:308.591|567.083:304.487|573.896:300.384|580.708:296.281|587.521:292.177|594.333:288.074|601.146:283.971|607.958:279.867|614.771:275.764|621.583:271.661|628.396:267.557|635.208:263.454|642.021:259.350|648.833:255.247|655.646:251.144|662.458:247.040|669.271:242.937|676.083:238.834|682.896:234.730|689.708:230.627|696.521:226.524|703.334:222.420|710.146:218.317|716.959:214.213|723.771:210.110|730.584:206.007|737.396:201.903|744.209:197.800|751.021:193.697|757.834:189.593|764.646:185.490|771.459:181.387|778.271:177.283|785.084:173.180|791.896:169.076|798.709:164.973|805.521:160.870,1,41.005408,0.3,40.705408,0.0
40.783559,provisional_prealign,provisional_prealign head=+63.4 bearing=+52.6 centerX=+1220mm dist=1537mm path=collision_risk:vehicle_footprint_crosses_side_boundary,20,-120,20,-120,provisional_prealign head=+63.4 bearing=+52.6 centerX=+1220mm dist=1537mm path=collision_risk:vehicle_footprint_crosses_side_boundary,0,1785210868.7573352,1,1,0,32,gap_confirmed,2,1,1,1,1440.183,-2090.183,1,1,1,1,1,1,1,0,1511.611,1220.333,634.312,-300.0,934.312,0,0.894,0.448,1785210868.7573352,1468.581,1617.32,16.427,808.988,1254.088,1,1,1,0.95,0,direct_pair,-27.713,-0.251936,56.851,641.02,220.0,347.368,0,footprint_crosses_slot_entrance,-953.516,211.826,-2215.761,-1166.592,1,DIRECT_PAIR,1,1,0,0,0,1785210868.7573352,0.0,0.0,2,1,0.0,direct_pair,1472.893:237.563|953.415:1032.952|2209.292:1853.180|2728.769:1057.791,1,1785210865.3898892,2,9,direct_pair_landmarks_frozen,0,collision_risk,0,vehicle_footprint_crosses_side_boundary,0.0054,0.0054,1.0,56.851,56.209,-17.683,6.797,321.477,483.512,300.000:570.000|300.172:562.030|300.686:554.074|301.543:546.148|302.739:538.266|304.274:530.443|306.144:522.693|308.346:515.031|310.876:507.471|313.729:500.026|316.900:492.712|320.382:485.540|324.170:478.525|328.256:471.680|332.633:465.017|337.293:458.548|342.227:452.286|347.426:446.242|352.880:440.428|358.580:434.854|364.514:429.530|370.671:424.466|377.041:419.672|383.612:415.157|383.922:414.954|390.287:410.797|396.962:406.437|403.637:402.078|410.313:397.718|416.988:393.358|423.663:388.998|430.338:384.639|437.014:380.279|443.689:375.919|450.364:371.560|457.040:367.200|463.715:362.840|470.390:358.480|477.065:354.121|483.741:349.761|490.416:345.401|497.091:341.042|503.767:336.682|510.442:332.322|517.117:327.962|523.792:323.603|530.468:319.243|537.143:314.883|543.818:310.524|550.494:306.164|557.169:301.804|563.844:297.444|570.519:293.085|577.195:288.725|583.870:284.365|590.545:280.006|597.221:275.646|603.896:271.286|610.571:266.926|617.246:262.567|623.922:258.207|630.597:253.847|637.272:249.488|643.948:245.128|650.623:240.768|657.298:236.408|663.974:232.049|670.649:227.689|677.324:223.329|683.999:218.970|690.675:214.610|697.350:210.250|704.025:205.890|710.701:201.531|717.376:197.171|724.051:192.811|730.726:188.452|737.402:184.092|744.077:179.732|750.752:175.372|757.428:171.013|764.103:166.653|770.778:162.293|777.453:157.934|784.129:153.574|790.804:149.214,1,41.083559,0.3,40.783559,0.0
40.862889,provisional_prealign,provisional_prealign head=+63.3 bearing=+52.6 centerX=+1224mm dist=1542mm path=collision_risk:vehicle_footprint_crosses_side_boundary,20,-120,20,-120,provisional_prealign head=+63.3 bearing=+52.6 centerX=+1224mm dist=1542mm path=collision_risk:vehicle_footprint_crosses_side_boundary,0,1785210868.8695645,1,1,0,28,gap_confirmed,2,1,1,1,1450.565,-2100.565,1,1,1,1,1,1,1,0,1513.081,1224.094,637.173,-300.0,937.173,0,0.893,0.449,1785210868.8695645,1515.81,1649.02,4.692,813.138,1280.278,1,1,1,0.95,0,direct_pair,-26.298,-0.23907,56.763,645.451,220.0,347.368,0,footprint_crosses_slot_entrance,-947.119,218.154,-2235.668,-1185.722,1,DIRECT_PAIR,1,1,0,0,0,1785210868.8695645,0.0,0.0,2,1,0.0,direct_pair,1491.425:245.188|970.733:1039.782|2225.355:1861.927|2746.047:1067.333,1,1785210865.3898892,2,9,direct_pair_landmarks_frozen,0,collision_risk,0,vehicle_footprint_crosses_side_boundary,0.0054,0.0054,1.0,56.763,57.388,-18.862,0.637,321.48,483.513,300.000:570.000|300.170:562.073|300.679:554.160|301.526:546.276|302.710:538.436|304.228:530.654|306.078:522.944|308.257:515.320|310.760:507.796|313.583:500.386|316.720:493.104|320.166:485.963|323.915:478.976|327.959:472.156|332.291:465.515|336.904:459.066|341.789:452.820|346.937:446.789|352.338:440.984|357.982:435.416|363.860:430.094|369.960:425.028|376.272:420.229|382.783:415.704|383.686:415.108|389.414:411.355|396.046:407.009|402.679:402.663|409.311:398.316|415.944:393.970|422.576:389.624|429.209:385.278|435.841:380.931|442.474:376.585|449.106:372.239|455.739:367.893|462.371:363.546|469.004:359.200|475.636:354.854|482.269:350.508|488.901:346.161|495.534:341.815|502.166:337.469|508.799:333.123|515.431:328.776|522.064:324.430|528.696:320.084|535.329:315.738|541.961:311.391|548.594:307.045|555.226:302.699|561.859:298.353|568.491:294.007|575.124:289.660|581.756:285.314|588.389:280.968|595.022:276.622|601.654:272.275|608.287:267.929|614.919:263.583|621.552:259.237|628.184:254.890|634.817:250.544|641.449:246.198|648.082:241.852|654.714:237.505|661.347:233.159|667.979:228.813|674.612:224.467|681.244:220.120|687.877:215.774|694.509:211.428|701.142:207.082|707.774:202.735|714.407:198.389|721.039:194.043|727.672:189.697|734.304:185.351|740.937:181.004|747.569:176.658|754.202:172.312|760.834:167.966|767.467:163.619|774.099:159.273|780.732:154.927|787.364:150.581|793.997:146.234,1,41.162889,0.3,40.862889,0.0
40.940939,provisional_prealign,provisional_prealign head=+63.3 bearing=+52.6 centerX=+1224mm dist=1542mm path=collision_risk:vehicle_footprint_crosses_side_boundary,20,-120,20,-120,provisional_prealign head=+63.3 bearing=+52.6 centerX=+1224mm dist=1542mm path=collision_risk:vehicle_footprint_crosses_side_boundary,0,1785210868.8695645,0,1,0,28,gap_confirmed,2,1,1,1,1450.565,-2100.565,1,1,1,1,1,1,1,0,1513.081,1224.094,637.173,-300.0,937.173,0,0.893,0.449,,,,,,,1,1,1,0.95,0,direct_pair,-26.298,-0.23907,56.763,645.451,220.0,347.368,0,footprint_crosses_slot_entrance,-947.119,218.154,-2235.668,-1185.722,1,DIRECT_PAIR,1,1,0,0,0,1785210868.8695645,0.0,0.0,2,1,0.0,direct_pair,1491.425:245.188|970.733:1039.782|2225.355:1861.927|2746.047:1067.333,1,1785210865.3898892,2,9,direct_pair_landmarks_frozen,0,collision_risk,0,vehicle_footprint_crosses_side_boundary,0.0054,0.0054,1.0,56.763,57.388,-18.862,0.637,321.48,483.513,300.000:570.000|300.170:562.073|300.679:554.160|301.526:546.276|302.710:538.436|304.228:530.654|306.078:522.944|308.257:515.320|310.760:507.796|313.583:500.386|316.720:493.104|320.166:485.963|323.915:478.976|327.959:472.156|332.291:465.515|336.904:459.066|341.789:452.820|346.937:446.789|352.338:440.984|357.982:435.416|363.860:430.094|369.960:425.028|376.272:420.229|382.783:415.704|383.686:415.108|389.414:411.355|396.046:407.009|402.679:402.663|409.311:398.316|415.944:393.970|422.576:389.624|429.209:385.278|435.841:380.931|442.474:376.585|449.106:372.239|455.739:367.893|462.371:363.546|469.004:359.200|475.636:354.854|482.269:350.508|488.901:346.161|495.534:341.815|502.166:337.469|508.799:333.123|515.431:328.776|522.064:324.430|528.696:320.084|535.329:315.738|541.961:311.391|548.594:307.045|555.226:302.699|561.859:298.353|568.491:294.007|575.124:289.660|581.756:285.314|588.389:280.968|595.022:276.622|601.654:272.275|608.287:267.929|614.919:263.583|621.552:259.237|628.184:254.890|634.817:250.544|641.449:246.198|648.082:241.852|654.714:237.505|661.347:233.159|667.979:228.813|674.612:224.467|681.244:220.120|687.877:215.774|694.509:211.428|701.142:207.082|707.774:202.735|714.407:198.389|721.039:194.043|727.672:189.697|734.304:185.351|740.937:181.004|747.569:176.658|754.202:172.312|760.834:167.966|767.467:163.619|774.099:159.273|780.732:154.927|787.364:150.581|793.997:146.234,1,41.162889,0.22195,40.862889,0.07805
41.018025,provisional_prealign,provisional_prealign head=+62.3 bearing=+51.5 centerX=+1208mm dist=1543mm path=collision_risk:insufficient_side_clearance_for_reverse_path,20,-120,20,-120,provisional_prealign head=+62.3 bearing=+51.5 centerX=+1208mm dist=1543mm path=collision_risk:insufficient_side_clearance_for_reverse_path,0,1785210868.9806604,1,1,0,25,gap_confirmed,2,1,1,1,1470.625,-2120.625,1,1,1,1,1,1,1,0,1557.642,1207.802,660.978,-300.0,960.978,0,0.885,0.466,1785210868.9806604,1640.399,1604.38,4.774,750.709,1405.599,1,1,1,0.95,0,direct_pair,-56.87,-0.517002,58.642,641.366,220.0,347.368,0,footprint_crosses_slot_entrance,-1084.836,81.327,-2201.118,-1168.371,1,DIRECT_PAIR,1,1,0,0,0,1785210868.9806604,0.0,0.0,2,1,0.0,direct_pair,1424.730:299.570|930.360:1110.803|2211.253:1891.387|2705.623:1080.154,1,1785210865.3898892,2,9,direct_pair_landmarks_frozen,0,collision_risk,0,insufficient_side_clearance_for_reverse_path,0.0054,0.0054,1.0,58.642,31.947,6.58,333.684,321.481,483.514,300.000:570.000|300.169:562.088|300.676:554.189|301.520:546.320|302.700:538.494|304.213:530.726|306.056:523.029|308.226:515.419|310.720:507.907|313.532:500.510|316.658:493.239|320.092:486.108|323.827:479.131|327.857:472.319|332.175:465.686|336.771:459.244|341.639:453.004|346.769:446.977|352.152:441.175|357.778:435.609|363.637:430.288|369.717:425.222|376.009:420.421|382.499:415.892|388.817:411.865|389.178:411.645|395.936:407.526|402.695:403.407|409.454:399.289|416.213:395.170|422.971:391.051|429.730:386.932|436.489:382.813|443.248:378.694|450.006:374.576|456.765:370.457|463.524:366.338|470.283:362.219|477.042:358.100|483.800:353.981|490.559:349.863|497.318:345.744|504.077:341.625|510.835:337.506|517.594:333.387|524.353:329.268|531.112:325.150|537.870:321.031|544.629:316.912|551.388:312.793|558.147:308.674|564.905:304.555|571.664:300.437|578.423:296.318|585.182:292.199|591.940:288.080|598.699:283.961|605.458:279.843|612.217:275.724|618.976:271.605|625.734:267.486|632.493:263.367|639.252:259.248|646.011:255.130|652.769:251.011|659.528:246.892|666.287:242.773|673.046:238.654|679.804:234.535|686.563:230.417|693.322:226.298|700.081:222.179|706.839:218.060|713.598:213.941|720.357:209.822|727.116:205.704|733.874:201.585|740.633:197.466|747.392:193.347|754.151:189.228|760.910:185.109|767.668:180.991|774.427:176.872|781.186:172.753|787.945:168.634|794.703:164.515|801.462:160.396,1,41.318025,0.3,41.018025,0.0
41.095947,provisional_prealign,provisional_prealign head=+62.6 bearing=+51.5 centerX=+1215mm dist=1552mm path=collision_risk:vehicle_footprint_crosses_side_boundary,20,-120,20,-120,provisional_prealign head=+62.6 bearing=+51.5 centerX=+1215mm dist=1552mm path=collision_risk:vehicle_footprint_crosses_side_boundary,0,1785210869.0938725,1,1,0,27,gap_confirmed,2,1,1,1,1464.768,-2114.768,1,1,1,1,1,1,1,0,1526.014,1215.103,665.907,-300.0,965.907,0,0.888,0.461,1785210869.0938725,1467.275,1615.37,48.105,841.954,1302.019,1,1,1,0.95,0,direct_pair,-42.815,-0.389223,58.334,648.08,220.0,347.368,0,footprint_crosses_slot_entrance,-1023.268,142.835,-2232.932,-1197.288,1,DIRECT_PAIR,1,1,0,0,0,1785210869.0938725,0.0,0.0,2,1,0.0,direct_pair,1478.024:270.780|979.300:1079.344|2255.979:1866.802|2754.703:1058.238,1,1785210865.3898892,2,9,direct_pair_landmarks_frozen,0,collision_risk,0,vehicle_footprint_crosses_side_boundary,0.0054,0.0054,1.0,58.334,45.154,-6.627,6.164,321.476,483.511,300.000:570.000|300.172:562.014|300.689:554.043|301.548:546.102|302.750:538.205|304.291:530.367|306.168:522.604|308.378:514.928|310.918:507.355|313.781:499.898|316.964:492.572|320.459:485.389|324.261:478.364|328.363:471.510|332.756:464.839|337.432:458.364|342.384:452.096|347.601:446.047|353.075:440.230|358.794:434.653|364.748:429.329|370.926:424.266|377.317:419.474|383.908:414.963|387.968:412.385|390.674:410.716|397.473:406.523|404.272:402.329|411.071:398.135|417.870:393.942|424.669:389.748|431.468:385.554|438.267:381.361|445.066:377.167|451.865:372.974|458.664:368.780|465.463:364.586|472.262:360.393|479.061:356.199|485.860:352.005|492.659:347.812|499.458:343.618|506.257:339.424|513.056:335.231|519.855:331.037|526.654:326.844|533.453:322.650|540.252:318.456|547.051:314.263|553.850:310.069|560.649:305.875|567.448:301.682|574.247:297.488|581.046:293.295|587.845:289.101|594.644:284.907|601.443:280.714|608.242:276.520|615.041:272.326|621.840:268.133|628.639:263.939|635.438:259.745|642.237:255.552|649.036:251.358|655.835:247.165|662.634:242.971|669.433:238.777|676.232:234.584|683.031:230.390|689.830:226.196|696.629:222.003|703.428:217.809|710.227:213.616|717.026:209.422|723.825:205.228|730.624:201.035|737.423:196.841|744.222:192.647|751.021:188.454|757.820:184.260|764.619:180.066|771.418:175.873|778.217:171.679|785.016:167.486|791.815:163.292|798.614:159.098|805.413:154.905,1,41.395947,0.3,41.095947,0.0
41.172648,provisional_prealign,provisional_prealign head=+62.6 bearing=+51.5 centerX=+1215mm dist=1552mm path=collision_risk:vehicle_footprint_crosses_side_boundary,20,-120,20,-120,provisional_prealign head=+62.6 bearing=+51.5 centerX=+1215mm dist=1552mm path=collision_risk:vehicle_footprint_crosses_side_boundary,0,1785210869.0938725,0,1,0,27,gap_confirmed,2,1,1,1,1464.768,-2114.768,1,1,1,1,1,1,1,0,1526.014,1215.103,665.907,-300.0,965.907,0,0.888,0.461,,,,,,,1,1,1,0.95,0,direct_pair,-42.815,-0.389223,58.334,648.08,220.0,347.368,0,footprint_crosses_slot_entrance,-1023.268,142.835,-2232.932,-1197.288,1,DIRECT_PAIR,1,1,0,0,0,1785210869.0938725,0.0,0.0,2,1,0.0,direct_pair,1478.024:270.780|979.300:1079.344|2255.979:1866.802|2754.703:1058.238,1,1785210865.3898892,2,9,direct_pair_landmarks_frozen,0,collision_risk,0,vehicle_footprint_crosses_side_boundary,0.0054,0.0054,1.0,58.334,45.154,-6.627,6.164,321.476,483.511,300.000:570.000|300.172:562.014|300.689:554.043|301.548:546.102|302.750:538.205|304.291:530.367|306.168:522.604|308.378:514.928|310.918:507.355|313.781:499.898|316.964:492.572|320.459:485.389|324.261:478.364|328.363:471.510|332.756:464.839|337.432:458.364|342.384:452.096|347.601:446.047|353.075:440.230|358.794:434.653|364.748:429.329|370.926:424.266|377.317:419.474|383.908:414.963|387.968:412.385|390.674:410.716|397.473:406.523|404.272:402.329|411.071:398.135|417.870:393.942|424.669:389.748|431.468:385.554|438.267:381.361|445.066:377.167|451.865:372.974|458.664:368.780|465.463:364.586|472.262:360.393|479.061:356.199|485.860:352.005|492.659:347.812|499.458:343.618|506.257:339.424|513.056:335.231|519.855:331.037|526.654:326.844|533.453:322.650|540.252:318.456|547.051:314.263|553.850:310.069|560.649:305.875|567.448:301.682|574.247:297.488|581.046:293.295|587.845:289.101|594.644:284.907|601.443:280.714|608.242:276.520|615.041:272.326|621.840:268.133|628.639:263.939|635.438:259.745|642.237:255.552|649.036:251.358|655.835:247.165|662.634:242.971|669.433:238.777|676.232:234.584|683.031:230.390|689.830:226.196|696.629:222.003|703.428:217.809|710.227:213.616|717.026:209.422|723.825:205.228|730.624:201.035|737.423:196.841|744.222:192.647|751.021:188.454|757.820:184.260|764.619:180.066|771.418:175.873|778.217:171.679|785.016:167.486|791.815:163.292|798.614:159.098|805.413:154.905,1,41.395947,0.2233,41.095947,0.0767
41.251979,provisional_prealign,provisional_prealign head=+62.9 bearing=+51.6 centerX=+1230mm dist=1570mm path=collision_risk:vehicle_footprint_crosses_side_boundary,20,-120,20,-120,provisional_prealign head=+62.9 bearing=+51.6 centerX=+1230mm dist=1570mm path=collision_risk:vehicle_footprint_crosses_side_boundary,0,1785210869.205664,1,1,0,24,gap_confirmed,2,1,1,1,1480.042,-2130.042,1,1,1,1,1,1,1,0,1525.197,1230.268,675.772,-300.0,975.772,0,0.891,0.455,1785210869.205664,1523.679,1647.019,35.873,869.846,1352.312,1,1,1,0.95,0,direct_pair,-50.087,-0.455339,59.444,655.36,220.0,347.368,0,footprint_crosses_slot_entrance,-1057.707,108.454,-2254.097,-1229.038,1,DIRECT_PAIR,1,1,0,0,0,1785210869.205664,0.0,0.0,2,1,0.0,direct_pair,1499.913:285.054|1016.953:1103.131|2308.653:1865.699|2791.613:1047.622,1,1785210865.3898892,2,9,direct_pair_landmarks_frozen,0,collision_risk,0,vehicle_footprint_crosses_side_boundary,0.0054,0.0054,1.0,59.444,40.954,-2.427,1.537,321.481,483.514,300.000:570.000|300.169:562.094|300.675:554.203|301.518:546.340|302.695:538.521|304.205:530.758|306.046:523.068|308.213:515.463|310.702:507.957|313.510:500.565|316.631:493.299|320.059:486.173|323.788:479.200|327.812:472.393|332.122:465.763|336.712:459.324|341.572:453.086|346.694:447.061|352.069:441.261|357.687:435.696|363.537:430.375|369.608:425.309|375.891:420.507|382.373:415.977|389.042:411.728|391.041:410.531|395.844:407.695|402.654:403.675|409.465:399.654|416.275:395.634|423.085:391.613|429.895:387.593|436.705:383.573|443.515:379.552|450.325:375.532|457.135:371.512|463.945:367.491|470.755:363.471|477.565:359.450|484.375:355.430|491.185:351.410|497.996:347.389|504.806:343.369|511.616:339.348|518.426:335.328|525.236:331.308|532.046:327.287|538.856:323.267|545.666:319.246|552.476:315.226|559.286:311.206|566.096:307.185|572.906:303.165|579.716:299.144|586.527:295.124|593.337:291.104|600.147:287.083|606.957:283.063|613.767:279.042|620.577:275.022|627.387:271.002|634.197:266.981|641.007:262.961|647.817:258.940|654.627:254.920|661.437:250.900|668.247:246.879|675.058:242.859|681.868:238.838|688.678:234.818|695.488:230.798|702.298:226.777|709.108:222.757|715.918:218.736|722.728:214.716|729.538:210.696|736.348:206.675|743.158:202.655|749.968:198.634|756.778:194.614|763.589:190.594|770.399:186.573|777.209:182.553|784.019:178.533|790.829:174.512|797.639:170.492|804.449:166.471|811.259:162.451|818.069:158.431,1,41.551979,0.3,41.251979,0.0
41.330785,verify_slot_box,provisional_safe_path_ready,0,0,0,0,provisional_safe_path_ready,0,1785210869.31736,1,1,0,26,gap_confirmed,2,1,1,1,1490.713,-2140.713,1,1,1,1,1,1,1,0,1566.234,1207.218,695.3,-300.0,995.3,0,0.882,0.472,1785210869.31736,1642.446,1598.297,34.297,730.522,1428.838,1,1,1,0.95,0,direct_pair,-60.361,-0.54874,58.107,642.526,220.0,347.368,0,footprint_crosses_slot_entrance,-1098.382,67.655,-2211.012,-1173.259,1,DIRECT_PAIR,1,1,0,0,0,1785210869.31736,0.0,0.0,2,1,0.0,direct_pair,1415.365:328.274|913.453:1134.862|2187.013:1927.354|2688.925:1120.766,1,1785210865.3898892,2,9,direct_pair_landmarks_frozen,0,ready,1,full_arc_straight_ready,0.0054,0.0054,1.0,58.107,26.985,11.541,333.684,321.481,483.514,300.000:570.000|300.169:562.084|300.677:554.182|301.522:546.308|302.702:538.479|304.217:530.707|306.062:523.006|308.235:515.392|310.731:507.877|313.546:500.476|316.675:493.203|320.112:486.069|323.851:479.089|327.885:472.275|332.206:465.640|336.807:459.196|341.680:452.954|346.814:446.927|352.202:441.124|357.833:435.557|363.697:430.236|369.783:425.170|376.079:420.369|382.576:415.841|387.347:412.770|389.252:411.584|395.976:407.401|402.699:403.217|409.423:399.033|416.146:394.849|422.870:390.666|429.593:386.482|436.317:382.298|443.040:378.114|449.764:373.930|456.487:369.747|463.210:365.563|469.934:361.379|476.657:357.195|483.381:353.012|490.104:348.828|496.828:344.644|503.551:340.460|510.275:336.276|516.998:332.093|523.721:327.909|530.445:323.725|537.168:319.541|543.892:315.358|550.615:311.174|557.339:306.990|564.062:302.806|570.786:298.623|577.509:294.439|584.233:290.255|590.956:286.071|597.679:281.887|604.403:277.704|611.126:273.520|617.850:269.336|624.573:265.152|631.297:260.969|638.020:256.785|644.744:252.601|651.467:248.417|658.190:244.233|664.914:240.050|671.637:235.866|678.361:231.682|685.084:227.498|691.808:223.315|698.531:219.131|705.255:214.947|711.978:210.763|718.702:206.580|725.425:202.396|732.148:198.212|738.872:194.028|745.595:189.844|752.319:185.661|759.042:181.477|765.766:177.293|772.489:173.109|779.213:168.926|785.936:164.742|792.660:160.558|799.383:156.374,1,41.630785,0.3,41.330785,0.0
41.409969,verify_slot_box,waiting_for_unique_lidar_arm_scan,0,0,0,0,waiting_for_unique_lidar_arm_scan,0,1785210869.31736,0,1,0,26,gap_confirmed,2,1,1,1,1490.713,-2140.713,1,1,1,1,1,1,1,0,1566.234,1207.218,695.3,-300.0,995.3,0,0.882,0.472,,,,,,,1,1,1,0.95,0,direct_pair,-60.361,-0.54874,58.107,642.526,220.0,347.368,0,footprint_crosses_slot_entrance,-1098.382,67.655,-2211.012,-1173.259,1,DIRECT_PAIR,1,1,0,0,0,1785210869.31736,0.0,0.0,2,1,0.0,direct_pair,1415.365:328.274|913.453:1134.862|2187.013:1927.354|2688.925:1120.766,1,1785210865.3898892,2,9,direct_pair_landmarks_frozen,0,,0,,,,,,,,,,,,1,41.630785,0.220816,41.330785,0.079184
41.488257,provisional_prealign,reverse_path_not_armable:collision_risk:vehicle_footprint_crosses_side_boundary:resume_provisional_prealign,0,0,0,0,reverse_path_not_armable:collision_risk:vehicle_footprint_crosses_side_boundary:resume_provisional_prealign,0,1785210869.431864,1,1,0,28,gap_confirmed,2,1,1,1,1501.48,-2151.48,1,1,1,1,1,1,1,0,1538.1,1206.514,698.613,-300.0,998.613,0,0.882,0.472,1785210869.431864,1485.851,1613.426,80.528,796.986,1329.001,1,1,1,0.95,0,direct_pair,-41.984,-0.381675,56.817,648.305,220.0,347.368,0,footprint_crosses_slot_entrance,-1015.032,150.284,-2247.518,-1198.05,1,DIRECT_PAIR,1,1,0,0,0,1785210869.431864,0.0,0.0,2,1,0.0,direct_pair,1465.179:307.223|945.234:1102.306|2200.628:1923.272|2720.573:1128.188,1,1785210865.3898892,2,9,direct_pair_landmarks_frozen,0,collision_risk,0,vehicle_footprint_crosses_side_boundary,0.0054,0.0054,1.0,56.817,41.847,-3.321,7.152,321.478,483.512,300.000:570.000|300.171:562.038|300.685:554.091|301.539:546.174|302.733:538.300|304.265:530.485|306.131:522.743|308.328:515.089|310.853:507.536|313.699:500.099|316.863:492.790|320.338:485.625|324.118:478.616|328.196:471.776|332.564:465.117|337.215:458.652|342.139:452.393|347.328:446.352|352.771:440.539|358.459:434.966|364.382:429.643|370.528:424.579|376.887:419.784|383.445:415.266|383.831:415.013|390.110:410.907|396.776:406.548|403.441:402.189|410.107:397.830|416.772:393.471|423.437:389.113|430.103:384.754|436.768:380.395|443.434:376.036|450.099:371.677|456.765:367.318|463.430:362.959|470.096:358.600|476.761:354.241|483.427:349.883|490.092:345.524|496.758:341.165|503.423:336.806|510.089:332.447|516.754:328.088|523.420:323.729|530.085:319.370|536.751:315.011|543.416:310.653|550.082:306.294|556.747:301.935|563.412:297.576|570.078:293.217|576.743:288.858|583.409:284.499|590.074:280.140|596.740:275.781|603.405:271.423|610.071:267.064|616.736:262.705|623.402:258.346|630.067:253.987|636.733:249.628|643.398:245.269|650.064:240.910|656.729:236.551|663.395:232.193|670.060:227.834|676.726:223.475|683.391:219.116|690.057:214.757|696.722:210.398|703.387:206.039|710.053:201.680|716.718:197.321|723.384:192.963|730.049:188.604|736.715:184.245|743.380:179.886|750.046:175.527|756.711:171.168|763.377:166.809|770.042:162.450|776.708:158.091|783.373:153.733|790.039:149.374|796.704:145.015,1,41.788257,0.3,41.488257,0.0
41.565514,provisional_prealign,steering_settle:provisional_prealign head=+62.2 bearing=+50.5 centerX=+1211mm dist=1569mm path=collision_risk:vehicle_footprint_crosses_side_boundary,0,-120,0,-120,steering_settle:provisional_prealign head=+62.2 bearing=+50.5 centerX=+1211mm dist=1569mm path=collision_risk:vehicle_footprint_crosses_side_boundary,0,1785210869.542817,1,1,0,31,gap_confirmed,2,1,1,1,1493.55,-2143.55,1,1,1,1,1,1,1,0,1516.357,1210.751,698.639,-300.0,998.639,0,0.884,0.467,1785210869.542817,1475.977,1611.55,70.428,825.692,1326.946,1,1,1,0.95,0,direct_pair,-46.441,-0.422187,57.977,649.269,220.0,347.368,0,footprint_crosses_slot_entrance,-1037.885,128.106,-2241.311,-1202.351,1,DIRECT_PAIR,1,1,0,0,0,1785210869.542817,0.0,0.0,2,1,0.0,direct_pair,1470.494:295.965|966.749:1101.409|2238.503:1896.796|2742.248:1091.352,1,1785210865.3898892,2,9,direct_pair_landmarks_frozen,0,collision_risk,0,vehicle_footprint_crosses_side_boundary,0.0054,0.0054,1.0,57.977,40.549,-2.022,5.853,321.475,483.511,300.000:570.000|300.173:562.007|300.690:554.028|301.551:546.079|302.755:538.175|304.299:530.330|306.180:522.560|308.394:514.877|310.938:507.297|313.807:499.835|316.996:492.503|320.498:485.315|324.306:478.285|328.415:471.427|332.816:464.752|337.501:458.273|342.461:452.002|347.688:445.952|353.170:440.132|358.899:434.555|364.863:429.230|371.051:424.168|377.453:419.377|384.055:414.867|386.989:412.993|390.816:410.600|397.595:406.360|404.375:402.120|411.154:397.880|417.933:393.640|424.712:389.400|431.491:385.161|438.271:380.921|445.050:376.681|451.829:372.441|458.608:368.201|465.387:363.961|472.167:359.721|478.946:355.481|485.725:351.241|492.504:347.002|499.283:342.762|506.063:338.522|512.842:334.282|519.621:330.042|526.400:325.802|533.179:321.562|539.959:317.322|546.738:313.083|553.517:308.843|560.296:304.603|567.075:300.363|573.854:296.123|580.634:291.883|587.413:287.643|594.192:283.403|600.971:279.163|607.750:274.924|614.530:270.684|621.309:266.444|628.088:262.204|634.867:257.964|641.646:253.724|648.426:249.484|655.205:245.244|661.984:241.005|668.763:236.765|675.542:232.525|682.322:228.285|689.101:224.045|695.880:219.805|702.659:215.565|709.438:211.325|716.218:207.086|722.997:202.846|729.776:198.606|736.555:194.366|743.334:190.126|750.114:185.886|756.893:181.646|763.672:177.406|770.451:173.166|777.230:168.927|784.010:164.687|790.789:160.447|797.568:156.207|804.347:151.967,1,41.865514,0.3,41.565514,0.0
41.644197,provisional_prealign,steering_settle:provisional_prealign head=+62.2 bearing=+50.5 centerX=+1211mm dist=1569mm path=collision_risk:vehicle_footprint_crosses_side_boundary,0,-120,0,-120,steering_settle:provisional_prealign head=+62.2 bearing=+50.5 centerX=+1211mm dist=1569mm path=collision_risk:vehicle_footprint_crosses_side_boundary,0,1785210869.542817,0,1,0,31,gap_confirmed,2,1,1,1,1493.55,-2143.55,1,1,1,1,1,1,1,0,1516.357,1210.751,698.639,-300.0,998.639,0,0.884,0.467,,,,,,,1,1,1,0.95,0,direct_pair,-46.441,-0.422187,57.977,649.269,220.0,347.368,0,footprint_crosses_slot_entrance,-1037.885,128.106,-2241.311,-1202.351,1,DIRECT_PAIR,1,1,0,0,0,1785210869.542817,0.0,0.0,2,1,0.0,direct_pair,1470.494:295.965|966.749:1101.409|2238.503:1896.796|2742.248:1091.352,1,1785210865.3898892,2,9,direct_pair_landmarks_frozen,0,collision_risk,0,vehicle_footprint_crosses_side_boundary,0.0054,0.0054,1.0,57.977,40.549,-2.022,5.853,321.475,483.511,300.000:570.000|300.173:562.007|300.690:554.028|301.551:546.079|302.755:538.175|304.299:530.330|306.180:522.560|308.394:514.877|310.938:507.297|313.807:499.835|316.996:492.503|320.498:485.315|324.306:478.285|328.415:471.427|332.816:464.752|337.501:458.273|342.461:452.002|347.688:445.952|353.170:440.132|358.899:434.555|364.863:429.230|371.051:424.168|377.453:419.377|384.055:414.867|386.989:412.993|390.816:410.600|397.595:406.360|404.375:402.120|411.154:397.880|417.933:393.640|424.712:389.400|431.491:385.161|438.271:380.921|445.050:376.681|451.829:372.441|458.608:368.201|465.387:363.961|472.167:359.721|478.946:355.481|485.725:351.241|492.504:347.002|499.283:342.762|506.063:338.522|512.842:334.282|519.621:330.042|526.400:325.802|533.179:321.562|539.959:317.322|546.738:313.083|553.517:308.843|560.296:304.603|567.075:300.363|573.854:296.123|580.634:291.883|587.413:287.643|594.192:283.403|600.971:279.163|607.750:274.924|614.530:270.684|621.309:266.444|628.088:262.204|634.867:257.964|641.646:253.724|648.426:249.484|655.205:245.244|661.984:241.005|668.763:236.765|675.542:232.525|682.322:228.285|689.101:224.045|695.880:219.805|702.659:215.565|709.438:211.325|716.218:207.086|722.997:202.846|729.776:198.606|736.555:194.366|743.334:190.126|750.114:185.886|756.893:181.646|763.672:177.406|770.451:173.166|777.230:168.927|784.010:164.687|790.789:160.447|797.568:156.207|804.347:151.967,1,41.865514,0.221317,41.565514,0.078683
41.72167,provisional_prealign,steering_settle:provisional_prealign head=+62.1 bearing=+50.5 centerX=+1215mm dist=1576mm path=collision_risk:insufficient_side_clearance_for_reverse_path,0,-120,0,-120,steering_settle:provisional_prealign head=+62.1 bearing=+50.5 centerX=+1215mm dist=1576mm path=collision_risk:insufficient_side_clearance_for_reverse_path,0,1785210869.6559508,1,1,0,24,gap_confirmed,2,1,1,1,1506.703,-2156.703,1,1,1,1,1,1,1,0,1523.848,1215.031,703.082,-300.0,1003.082,0,0.884,0.467,1785210869.6559508,1537.759,1622.244,52.798,823.715,1369.87,1,1,1,0.95,0,direct_pair,-53.438,-0.485798,58.772,650.972,220.0,347.368,0,footprint_crosses_slot_entrance,-1070.376,95.802,-2241.394,-1209.882,1,DIRECT_PAIR,1,1,0,0,0,1785210869.6559508,0.0,0.0,2,1,0.0,direct_pair,1469.241:305.156|976.718:1117.511|2259.384:1895.179|2751.907:1082.824,1,1785210865.3898892,2,9,direct_pair_landmarks_frozen,0,collision_risk,0,insufficient_side_clearance_for_reverse_path,0.0054,0.0054,1.0,58.772,35.739,2.787,333.684,321.48,483.513,300.000:570.000|300.170:562.066|300.680:554.146|301.529:546.255|302.715:538.408|304.236:530.619|306.089:522.902|308.272:515.271|310.779:507.742|313.607:500.326|316.750:493.039|320.202:485.892|323.957:478.901|328.008:472.076|332.348:465.432|336.969:458.980|341.862:452.731|347.018:446.698|352.428:440.891|358.082:435.322|363.969:429.999|370.079:424.934|376.400:420.136|382.921:415.612|389.177:411.646|389.629:411.372|396.416:407.257|403.203:403.142|409.990:399.027|416.777:394.912|423.564:390.797|430.351:386.683|437.138:382.568|443.925:378.453|450.712:374.338|457.499:370.223|464.286:366.108|471.073:361.993|477.860:357.879|484.647:353.764|491.433:349.649|498.220:345.534|505.007:341.419|511.794:337.304|518.581:333.189|525.368:329.075|532.155:324.960|538.942:320.845|545.729:316.730|552.516:312.615|559.303:308.500|566.090:304.385|572.877:300.271|579.664:296.156|586.451:292.041|593.238:287.926|600.024:283.811|606.811:279.696|613.598:275.582|620.385:271.467|627.172:267.352|633.959:263.237|640.746:259.122|647.533:255.007|654.320:250.892|661.107:246.778|667.894:242.663|674.681:238.548|681.468:234.433|688.255:230.318|695.042:226.203|701.828:222.088|708.615:217.974|715.402:213.859|722.189:209.744|728.976:205.629|735.763:201.514|742.550:197.399|749.337:193.284|756.124:189.170|762.911:185.055|769.698:180.940|776.485:176.825|783.272:172.710|790.059:168.595|796.846:164.480|803.632:160.366|810.419:156.251,1,42.02167,0.3,41.72167,0.0
41.799522,provisional_prealign,steering_settle:provisional_prealign head=+62.1 bearing=+50.3 centerX=+1206mm dist=1569mm path=collision_risk:vehicle_footprint_crosses_side_boundary,0,-120,0,-120,steering_settle:provisional_prealign head=+62.1 bearing=+50.3 centerX=+1206mm dist=1569mm path=collision_risk:vehicle_footprint_crosses_side_boundary,0,1785210869.7670236,1,1,0,28,gap_confirmed,2,1,1,1,1505.432,-2155.432,1,1,1,1,1,1,1,0,1509.928,1206.099,702.937,-300.0,1002.937,0,0.884,0.468,1785210869.7670236,1484.078,1608.473,85.229,770.549,1320.106,1,1,1,0.95,0,direct_pair,-37.469,-0.340624,55.841,645.688,220.0,347.368,0,footprint_crosses_slot_entrance,-992.23,172.147,-2244.724,-1186.745,1,DIRECT_PAIR,1,1,0,0,0,1785210869.7670236,0.0,0.0,2,1,0.0,direct_pair,1456.218:309.612|922.804:1095.723|2164.031:1937.955|2697.445:1151.844,1,1785210865.3898892,2,9,direct_pair_landmarks_frozen,0,collision_risk,0,vehicle_footprint_crosses_side_boundary,0.0054,0.0054,1.0,55.841,43.737,-5.211,1.176,321.481,483.514,300.000:570.000|300.169:562.086|300.676:554.186|301.521:546.314|302.701:538.487|304.215:530.716|306.059:523.018|308.230:515.405|310.725:507.893|313.539:500.493|316.667:493.221|320.102:486.089|323.839:479.110|327.871:472.298|332.190:465.664|336.789:459.220|341.659:452.979|346.792:446.952|352.177:441.150|357.805:435.583|363.666:430.262|369.749:425.196|376.044:420.395|381.206:416.762|382.533:415.861|389.084:411.416|395.635:406.971|402.186:402.526|408.738:398.081|415.289:393.635|421.840:389.190|428.391:384.745|434.942:380.300|441.493:375.854|448.044:371.409|454.595:366.964|461.146:362.519|467.697:358.073|474.248:353.628|480.800:349.183|487.351:344.738|493.902:340.293|500.453:335.847|507.004:331.402|513.555:326.957|520.106:322.512|526.657:318.066|533.208:313.621|539.759:309.176|546.310:304.731|552.862:300.286|559.413:295.840|565.964:291.395|572.515:286.950|579.066:282.505|585.617:278.059|592.168:273.614|598.719:269.169|605.270:264.724|611.821:260.278|618.372:255.833|624.924:251.388|631.475:246.943|638.026:242.498|644.577:238.052|651.128:233.607|657.679:229.162|664.230:224.717|670.781:220.271|677.332:215.826|683.883:211.381|690.434:206.936|696.985:202.491|703.537:198.045|710.088:193.600|716.639:189.155|723.190:184.710|729.741:180.264|736.292:175.819|742.843:171.374|749.394:166.929|755.945:162.483|762.496:158.038|769.047:153.593|775.599:149.148|782.150:144.703|788.701:140.257,1,42.099522,0.3,41.799522,0.0
41.876339,verify_slot_box,provisional_safe_path_ready,0,0,0,0,provisional_safe_path_ready,0,1785210869.88071,1,1,0,31,gap_confirmed,2,1,1,1,1502.511,-2152.511,1,1,1,1,1,1,1,0,1557.121,1198.069,722.386,-300.0,1022.386,0,0.875,0.484,1785210869.88071,1644.766,1600.433,49.551,765.88,1467.458,1,1,1,0.95,0,direct_pair,-72.271,-0.657006,59.52,647.836,220.0,347.368,0,footprint_crosses_slot_entrance,-1153.694,12.455,-2220.9,-1196.577,1,DIRECT_PAIR,1,1,0,0,0,1785210869.88071,0.0,0.0,2,1,0.0,direct_pair,1424.096:349.148|942.217:1167.862|2234.923:1928.723|2716.802:1110.009,1,1785210865.3898892,2,9,direct_pair_landmarks_frozen,0,ready,1,full_arc_straight_ready,0.0054,0.0054,1.0,59.52,18.981,19.545,333.684,321.481,483.514,300.000:570.000|300.169:562.088|300.676:554.191|301.520:546.323|302.699:538.497|304.212:530.730|306.055:523.034|308.225:515.424|310.718:507.913|313.530:500.516|316.655:493.246|320.088:486.116|323.823:479.139|327.852:472.328|332.169:465.695|336.765:459.253|341.632:453.013|346.761:446.987|352.143:441.185|357.768:435.619|363.625:430.298|369.705:425.232|375.995:420.430|382.485:415.902|389.162:411.655|391.252:410.407|395.975:407.627|402.795:403.612|409.615:399.598|416.436:395.584|423.256:391.569|430.077:387.555|436.897:383.541|443.718:379.526|450.538:375.512|457.359:371.497|464.179:367.483|470.999:363.469|477.820:359.454|484.640:355.440|491.461:351.426|498.281:347.411|505.102:343.397|511.922:339.382|518.742:335.368|525.563:331.354|532.383:327.339|539.204:323.325|546.024:319.310|552.845:315.296|559.665:311.282|566.486:307.267|573.306:303.253|580.126:299.239|586.947:295.224|593.767:291.210|600.588:287.195|607.408:283.181|614.229:279.167|621.049:275.152|627.870:271.138|634.690:267.124|641.510:263.109|648.331:259.095|655.151:255.080|661.972:251.066|668.792:247.052|675.613:243.037|682.433:239.023|689.254:235.009|696.074:230.994|702.894:226.980|709.715:222.965|716.535:218.951|723.356:214.937|730.176:210.922|736.997:206.908|743.817:202.893|750.637:198.879|757.458:194.865|764.278:190.850|771.099:186.836|777.919:182.822|784.740:178.807|791.560:174.793|798.381:170.778|805.201:166.764|812.021:162.750,1,42.176339,0.3,41.876339,0.0
41.954718,verify_slot_box,waiting_for_unique_lidar_arm_scan,0,0,0,0,waiting_for_unique_lidar_arm_scan,0,1785210869.88071,0,1,0,31,gap_confirmed,2,1,1,1,1502.511,-2152.511,1,1,1,1,1,1,1,0,1557.121,1198.069,722.386,-300.0,1022.386,0,0.875,0.484,,,,,,,1,1,1,0.95,0,direct_pair,-72.271,-0.657006,59.52,647.836,220.0,347.368,0,footprint_crosses_slot_entrance,-1153.694,12.455,-2220.9,-1196.577,1,DIRECT_PAIR,1,1,0,0,0,1785210869.88071,0.0,0.0,2,1,0.0,direct_pair,1424.096:349.148|942.217:1167.862|2234.923:1928.723|2716.802:1110.009,1,1785210865.3898892,2,9,direct_pair_landmarks_frozen,0,,0,,,,,,,,,,,,1,42.176339,0.221621,41.876339,0.078379
42.035523,provisional_prealign,reverse_path_not_armable:collision_risk:vehicle_footprint_crosses_side_boundary:resume_provisional_prealign,0,0,0,0,reverse_path_not_armable:collision_risk:vehicle_footprint_crosses_side_boundary:resume_provisional_prealign,0,1785210869.9927926,1,1,0,29,gap_confirmed,2,1,1,1,1505.903,-2155.903,0,1,1,1,1,1,1,0,1557.121,1194.84,711.081,-300.0,1011.081,0,0.875,0.484,,,,,,,1,1,1,0.95,0,slot_map_localized,-36.108,-0.328252,54.842,653.978,220.0,347.368,0,footprint_crosses_slot_entrance,-982.722,180.345,-2289.027,-1222.65,1,MAP_LOCALIZATION,1,1,0,0,0,1785210869.9927926,28.853,4.678,11,1,116.035,slot_map_localized,1478.012:350.735|930.965:1127.420|2157.310:1991.178|2704.357:1214.493,1,1785210865.3898892,2,9,direct_pair_landmarks_frozen,0,collision_risk,0,vehicle_footprint_crosses_side_boundary,0.0054,0.0054,1.0,54.842,42.441,-3.914,5.766,321.475,483.511,300.000:570.000|300.173:562.004|300.690:554.024|301.552:546.073|302.757:538.167|304.301:530.320|306.183:522.547|308.399:514.863|310.944:507.281|313.815:499.817|317.005:492.483|320.508:485.294|324.319:478.263|328.430:471.403|332.833:464.727|337.520:458.247|342.483:451.976|347.712:445.925|353.197:440.105|358.929:434.527|364.895:429.203|371.087:424.140|377.491:419.350|378.548:418.599|384.027:414.741|390.566:410.135|397.105:405.530|403.644:400.924|410.182:396.318|416.721:391.713|423.260:387.107|429.799:382.502|436.338:377.896|442.877:373.291|449.416:368.685|455.955:364.079|462.493:359.474|469.032:354.868|475.571:350.263|482.110:345.657|488.649:341.052|495.188:336.446|501.727:331.841|508.266:327.235|514.804:322.629|521.343:318.024|527.882:313.418|534.421:308.813|540.960:304.207|547.499:299.602|554.038:294.996|560.577:290.390|567.115:285.785|573.654:281.179|580.193:276.574|586.732:271.968|593.271:267.363|599.810:262.757|606.349:258.152|612.888:253.546|619.426:248.940|625.965:244.335|632.504:239.729|639.043:235.124|645.582:230.518|652.121:225.913|658.660:221.307|665.199:216.701|671.737:212.096|678.276:207.490|684.815:202.885|691.354:198.279|697.893:193.674|704.432:189.068|710.971:184.462|717.510:179.857|724.048:175.251|730.587:170.646|737.126:166.040|743.665:161.435|750.204:156.829|756.743:152.224|763.282:147.618|769.820:143.012|776.359:138.407|782.898:133.801|789.437:129.196,1,42.335523,0.3,42.035523,0.0
42.130796,provisional_prealign,steering_settle:provisional_prealign head=+61.6 bearing=+50.0 centerX=+1204mm dist=1570mm path=collision_risk:vehicle_footprint_crosses_side_boundary,0,-120,0,-120,steering_settle:provisional_prealign head=+61.6 bearing=+50.0 centerX=+1204mm dist=1570mm path=collision_risk:vehicle_footprint_crosses_side_boundary,0,1785210870.1043513,1,1,0,28,gap_confirmed,2,1,1,1,1504.744,-2154.744,1,1,1,1,1,1,1,0,1532.32,1203.572,708.813,-300.0,1008.813,0,0.88,0.475,1785210870.1043513,1486.26,1612.529,70.306,827.048,1338.896,1,1,1,0.95,0,direct_pair,-49.092,-0.446295,58.235,650.007,220.0,347.368,0,footprint_crosses_slot_entrance,-1050.093,115.983,-2242.152,-1205.588,1,DIRECT_PAIR,1,1,0,0,0,1785210870.1043513,0.0,0.0,2,1,0.0,direct_pair,1469.845:300.748|969.733:1108.454|2245.057:1898.104|2745.169:1090.399,1,1785210865.3898892,2,9,direct_pair_landmarks_frozen,0,collision_risk,0,vehicle_footprint_crosses_side_boundary,0.0054,0.0054,1.0,58.235,38.605,-0.079,1.21,321.481,483.514,300.000:570.000|300.169:562.086|300.676:554.187|301.521:546.317|302.700:538.490|304.214:530.720|306.058:523.023|308.229:515.411|310.723:507.899|313.536:500.500|316.663:493.228|320.098:486.097|323.834:479.119|327.865:472.307|332.184:465.673|336.782:459.230|341.651:452.989|346.782:446.962|352.167:441.160|357.794:435.594|363.654:430.273|369.736:425.207|376.029:420.405|382.522:415.877|387.697:412.553|389.197:411.624|395.928:407.457|402.658:403.289|409.388:399.122|416.119:394.955|422.849:390.788|429.579:386.620|436.310:382.453|443.040:378.286|449.770:374.118|456.501:369.951|463.231:365.784|469.962:361.617|476.692:357.449|483.422:353.282|490.153:349.115|496.883:344.947|503.613:340.780|510.344:336.613|517.074:332.446|523.804:328.278|530.535:324.111|537.265:319.944|543.996:315.776|550.726:311.609|557.456:307.442|564.187:303.275|570.917:299.107|577.647:294.940|584.378:290.773|591.108:286.605|597.838:282.438|604.569:278.271|611.299:274.104|618.030:269.936|624.760:265.769|631.490:261.602|638.221:257.435|644.951:253.267|651.681:249.100|658.412:244.933|665.142:240.765|671.872:236.598|678.603:232.431|685.333:228.264|692.064:224.096|698.794:219.929|705.524:215.762|712.255:211.594|718.985:207.427|725.715:203.260|732.446:199.093|739.176:194.925|745.906:190.758|752.637:186.591|759.367:182.423|766.097:178.256|772.828:174.089|779.558:169.922|786.289:165.754|793.019:161.587|799.749:157.420|806.480:153.252,1,42.430796,0.3,42.130796,0.0
42.224152,provisional_prealign,steering_settle:provisional_prealign head=+61.6 bearing=+50.3 centerX=+1203mm dist=1564mm path=collision_risk:vehicle_footprint_crosses_side_boundary,0,-120,0,-120,steering_settle:provisional_prealign head=+61.6 bearing=+50.3 centerX=+1203mm dist=1564mm path=collision_risk:vehicle_footprint_crosses_side_boundary,0,1785210870.2178488,1,1,0,30,gap_confirmed,2,1,1,1,1506.368,-2156.368,0,1,1,1,1,1,1,0,1532.32,1202.781,700.022,-300.0,1000.022,0,0.88,0.475,,,,,,,1,1,1,0.95,0,slot_map_localized,-35.855,-0.325956,56.11,654.727,220.0,347.368,0,footprint_crosses_slot_entrance,-986.198,178.472,-2281.432,-1225.767,1,MAP_LOCALIZATION,1,1,0,0,0,1785210870.2178488,13.637,2.125,10,1,82.168,slot_map_localized,1495.350:318.750|965.632:1107.356|2210.800:1943.752|2740.517:1155.146,1,1785210865.3898892,2,9,direct_pair_landmarks_frozen,0,collision_risk,0,vehicle_footprint_crosses_side_boundary,0.0054,0.0054,1.0,56.11,46.071,-7.545,0.441,321.48,483.513,300.000:570.000|300.170:562.068|300.679:554.151|301.528:546.262|302.713:538.418|304.233:530.631|306.086:522.916|308.267:515.288|310.772:507.761|313.598:500.347|316.739:493.062|320.189:485.917|323.942:478.927|327.991:472.104|332.328:465.461|336.946:459.010|341.836:452.762|346.989:446.730|352.396:440.924|358.047:435.355|363.931:430.033|370.037:424.967|376.355:420.168|381.926:416.276|382.870:415.642|389.457:411.217|396.043:406.793|402.630:402.369|409.216:397.945|415.802:393.521|422.389:389.096|428.975:384.672|435.562:380.248|442.148:375.824|448.735:371.400|455.321:366.976|461.907:362.551|468.494:358.127|475.080:353.703|481.667:349.279|488.253:344.855|494.839:340.430|501.426:336.006|508.012:331.582|514.599:327.158|521.185:322.734|527.772:318.310|534.358:313.885|540.944:309.461|547.531:305.037|554.117:300.613|560.704:296.189|567.290:291.764|573.876:287.340|580.463:282.916|587.049:278.492|593.636:274.068|600.222:269.644|606.808:265.219|613.395:260.795|619.981:256.371|626.568:251.947|633.154:247.523|639.741:243.098|646.327:238.674|652.913:234.250|659.500:229.826|666.086:225.402|672.673:220.978|679.259:216.553|685.845:212.129|692.432:207.705|699.018:203.281|705.605:198.857|712.191:194.432|718.778:190.008|725.364:185.584|731.950:181.160|738.537:176.736|745.123:172.312|751.710:167.887|758.296:163.463|764.882:159.039|771.469:154.615|778.055:150.191|784.642:145.766|791.228:141.342|797.814:136.918,1,42.524152,0.3,42.224152,0.0
42.319219,provisional_prealign,steering_settle:provisional_prealign head=+61.6 bearing=+50.3 centerX=+1203mm dist=1564mm path=collision_risk:vehicle_footprint_crosses_side_boundary,0,-120,0,-120,steering_settle:provisional_prealign head=+61.6 bearing=+50.3 centerX=+1203mm dist=1564mm path=collision_risk:vehicle_footprint_crosses_side_boundary,0,1785210870.2178488,0,1,0,30,gap_confirmed,2,1,1,1,1506.368,-2156.368,0,1,1,1,1,1,1,0,1532.32,1202.781,700.022,-300.0,1000.022,0,0.88,0.475,,,,,,,1,1,1,0.95,0,slot_map_localized,-35.855,-0.325956,56.11,654.727,220.0,347.368,0,footprint_crosses_slot_entrance,-986.198,178.472,-2281.432,-1225.767,1,MAP_LOCALIZATION,1,1,0,0,0,1785210870.2178488,13.637,2.125,10,1,82.168,slot_map_localized,1495.350:318.750|965.632:1107.356|2210.800:1943.752|2740.517:1155.146,1,1785210865.3898892,2,9,direct_pair_landmarks_frozen,0,collision_risk,0,vehicle_footprint_crosses_side_boundary,0.0054,0.0054,1.0,56.11,46.071,-7.545,0.441,321.48,483.513,300.000:570.000|300.170:562.068|300.679:554.151|301.528:546.262|302.713:538.418|304.233:530.631|306.086:522.916|308.267:515.288|310.772:507.761|313.598:500.347|316.739:493.062|320.189:485.917|323.942:478.927|327.991:472.104|332.328:465.461|336.946:459.010|341.836:452.762|346.989:446.730|352.396:440.924|358.047:435.355|363.931:430.033|370.037:424.967|376.355:420.168|381.926:416.276|382.870:415.642|389.457:411.217|396.043:406.793|402.630:402.369|409.216:397.945|415.802:393.521|422.389:389.096|428.975:384.672|435.562:380.248|442.148:375.824|448.735:371.400|455.321:366.976|461.907:362.551|468.494:358.127|475.080:353.703|481.667:349.279|488.253:344.855|494.839:340.430|501.426:336.006|508.012:331.582|514.599:327.158|521.185:322.734|527.772:318.310|534.358:313.885|540.944:309.461|547.531:305.037|554.117:300.613|560.704:296.189|567.290:291.764|573.876:287.340|580.463:282.916|587.049:278.492|593.636:274.068|600.222:269.644|606.808:265.219|613.395:260.795|619.981:256.371|626.568:251.947|633.154:247.523|639.741:243.098|646.327:238.674|652.913:234.250|659.500:229.826|666.086:225.402|672.673:220.978|679.259:216.553|685.845:212.129|692.432:207.705|699.018:203.281|705.605:198.857|712.191:194.432|718.778:190.008|725.364:185.584|731.950:181.160|738.537:176.736|745.123:172.312|751.710:167.887|758.296:163.463|764.882:159.039|771.469:154.615|778.055:150.191|784.642:145.766|791.228:141.342|797.814:136.918,1,42.524152,0.204933,42.224152,0.095067
42.398508,provisional_prealign,steering_settle:provisional_prealign head=+61.9 bearing=+50.3 centerX=+1199mm dist=1558mm path=collision_risk:vehicle_footprint_crosses_side_boundary,0,-120,0,-120,steering_settle:provisional_prealign head=+61.9 bearing=+50.3 centerX=+1199mm dist=1558mm path=collision_risk:vehicle_footprint_crosses_side_boundary,0,1785210870.3293624,1,1,0,28,gap_confirmed,2,1,1,1,1491.71,-2141.71,1,1,1,1,1,1,1,0,1509.909,1199.058,695.118,-300.0,995.118,0,0.882,0.471,1785210870.3293624,1468.289,1606.287,73.709,778.001,1298.313,1,1,1,0.95,0,direct_pair,-34.467,-0.313332,55.927,643.975,220.0,347.368,0,footprint_crosses_slot_entrance,-979.566,184.908,-2236.593,-1179.347,1,DIRECT_PAIR,1,1,0,0,0,1785210870.3293624,0.0,0.0,2,1,0.0,direct_pair,1458.264:292.558|926.024:1079.464|2168.506:1919.843|2700.746:1132.937,1,1785210865.3898892,2,9,direct_pair_landmarks_frozen,0,collision_risk,0,vehicle_footprint_crosses_side_boundary,0.0054,0.0054,1.0,55.927,46.968,-8.442,6.005,321.476,483.511,300.000:570.000|300.172:562.010|300.689:554.035|301.550:546.090|302.753:538.190|304.295:530.349|306.174:522.581|308.387:514.902|310.928:507.325|313.795:499.865|316.980:492.536|320.479:485.351|324.284:478.324|328.390:471.467|332.787:464.794|337.468:458.317|342.424:452.048|347.646:445.998|353.124:440.180|358.848:434.603|364.807:429.278|370.990:424.216|377.386:419.425|381.435:416.607|383.969:414.893|390.589:410.415|397.209:405.938|403.829:401.460|410.450:396.982|417.070:392.505|423.690:388.027|430.310:383.549|436.930:379.072|443.550:374.594|450.170:370.116|456.790:365.639|463.410:361.161|470.030:356.684|476.650:352.206|483.271:347.728|489.891:343.251|496.511:338.773|503.131:334.295|509.751:329.818|516.371:325.340|522.991:320.862|529.611:316.385|536.231:311.907|542.851:307.430|549.471:302.952|556.092:298.474|562.712:293.997|569.332:289.519|575.952:285.041|582.572:280.564|589.192:276.086|595.812:271.608|602.432:267.131|609.052:262.653|615.672:258.176|622.293:253.698|628.913:249.220|635.533:244.743|642.153:240.265|648.773:235.787|655.393:231.310|662.013:226.832|668.633:222.354|675.253:217.877|681.873:213.399|688.493:208.921|695.114:204.444|701.734:199.966|708.354:195.489|714.974:191.011|721.594:186.533|728.214:182.056|734.834:177.578|741.454:173.100|748.074:168.623|754.694:164.145|761.314:159.667|767.935:155.190|774.555:150.712|781.175:146.235|787.795:141.757,1,42.698508,0.3,42.398508,0.0
42.492879,verify_slot_box,provisional_safe_path_ready,0,0,0,0,provisional_safe_path_ready,0,1785210870.4404602,1,1,0,28,gap_confirmed,2,1,1,1,1502.95,-2152.95,1,1,1,1,1,1,1,0,1557.572,1193.163,717.003,-300.0,1017.003,0,0.874,0.485,1785210870.4404602,1646.089,1597.549,46.759,766.879,1468.531,1,1,1,0.95,0,direct_pair,-73.37,-0.667002,59.704,647.313,220.0,347.368,0,footprint_crosses_slot_entrance,-1158.912,7.199,-2216.904,-1194.383,1,DIRECT_PAIR,1,1,0,0,0,1785210870.4404602,0.0,0.0,2,1,0.0,direct_pair,1421.833:347.514|942.595:1167.776|2237.747:1924.468|2716.985:1104.205,1,1785210865.3898892,2,9,direct_pair_landmarks_frozen,0,ready,1,full_arc_straight_ready,0.0054,0.0054,1.0,59.704,18.396,20.13,333.684,321.481,483.514,300.000:570.000|300.169:562.091|300.676:554.196|301.519:546.330|302.697:538.508|304.209:530.743|306.051:523.049|308.219:515.441|310.711:507.933|313.521:500.538|316.644:493.270|320.075:486.142|323.807:479.167|327.834:472.357|332.148:465.726|336.741:459.285|341.605:453.046|346.731:447.021|352.109:441.220|357.731:435.654|363.585:430.333|369.661:425.267|375.948:420.465|382.434:415.936|389.108:411.688|391.766:410.105|395.926:407.675|402.757:403.684|409.588:399.693|416.419:395.702|423.250:391.711|430.081:387.720|436.912:383.729|443.743:379.738|450.574:375.746|457.405:371.755|464.236:367.764|471.067:363.773|477.898:359.782|484.729:355.791|491.560:351.800|498.391:347.809|505.222:343.818|512.053:339.827|518.884:335.836|525.716:331.845|532.547:327.854|539.378:323.863|546.209:319.872|553.040:315.881|559.871:311.890|566.702:307.899|573.533:303.908|580.364:299.917|587.195:295.926|594.026:291.935|600.857:287.944|607.688:283.953|614.519:279.962|621.350:275.971|628.181:271.980|635.012:267.988|641.843:263.997|648.674:260.006|655.505:256.015|662.336:252.024|669.168:248.033|675.999:244.042|682.830:240.051|689.661:236.060|696.492:232.069|703.323:228.078|710.154:224.087|716.985:220.096|723.816:216.105|730.647:212.114|737.478:208.123|744.309:204.132|751.140:200.141|757.971:196.150|764.802:192.159|771.633:188.168|778.464:184.177|785.295:180.186|792.126:176.195|798.957:172.204|805.788:168.213|812.620:164.222,1,42.792879,0.3,42.492879,0.0
42.600669,provisional_prealign,reverse_path_not_armable:collision_risk:insufficient_side_clearance_for_reverse_path:resume_provisional_prealign,0,0,0,0,reverse_path_not_armable:collision_risk:insufficient_side_clearance_for_reverse_path:resume_provisional_prealign,0,1785210870.552015,1,1,0,23,gap_confirmed,2,1,1,1,1509.041,-2159.041,1,1,1,1,1,1,1,0,1550.975,1204.67,714.777,-300.0,1014.777,0,0.877,0.48,1785210870.552015,1538.723,1623.915,50.584,828.167,1370.702,1,1,1,0.95,0,direct_pair,-53.868,-0.489707,58.919,651.358,220.0,347.368,0,footprint_crosses_slot_entrance,-1072.636,93.552,-2241.703,-1211.591,1,DIRECT_PAIR,1,1,0,0,0,1785210870.552015,0.0,0.0,2,1,0.0,direct_pair,1471.259:303.835|980.823:1117.451|2265.480:1891.825|2755.917:1078.208,1,1785210865.3898892,2,9,direct_pair_landmarks_frozen,0,collision_risk,0,insufficient_side_clearance_for_reverse_path,0.0054,0.0054,1.0,58.919,35.716,2.811,333.684,321.479,483.513,300.000:570.000|300.170:562.058|300.681:554.131|301.531:546.234|302.720:538.379|304.243:530.584|306.100:522.860|308.287:515.223|310.798:507.688|313.631:500.266|316.780:492.974|320.238:485.822|323.999:478.826|328.058:471.997|332.405:465.349|337.034:458.894|341.935:452.642|347.099:446.607|352.518:440.799|358.181:435.228|364.077:429.906|370.197:424.841|376.528:420.043|383.058:415.521|389.583:411.400|389.777:411.284|396.581:407.183|403.384:403.081|410.188:398.980|416.991:394.879|423.795:390.778|430.599:386.677|437.402:382.576|444.206:378.475|451.009:374.374|457.813:370.272|464.617:366.171|471.420:362.070|478.224:357.969|485.027:353.868|491.831:349.767|498.635:345.666|505.438:341.565|512.242:337.464|519.045:333.362|525.849:329.261|532.653:325.160|539.456:321.059|546.260:316.958|553.063:312.857|559.867:308.756|566.671:304.655|573.474:300.553|580.278:296.452|587.081:292.351|593.885:288.250|600.689:284.149|607.492:280.048|614.296:275.947|621.100:271.846|627.903:267.745|634.707:263.643|641.510:259.542|648.314:255.441|655.118:251.340|661.921:247.239|668.725:243.138|675.528:239.037|682.332:234.936|689.136:230.834|695.939:226.733|702.743:222.632|709.546:218.531|716.350:214.430|723.154:210.329|729.957:206.228|736.761:202.127|743.564:198.026|750.368:193.924|757.172:189.823|763.975:185.722|770.779:181.621|777.582:177.520|784.386:173.419|791.190:169.318|797.993:165.217|804.797:161.115|811.600:157.014,1,42.900669,0.3,42.600669,0.0
42.695691,provisional_prealign,steering_settle:provisional_prealign head=+61.4 bearing=+49.9 centerX=+1200mm dist=1568mm path=collision_risk:vehicle_footprint_crosses_side_boundary,0,-120,0,-120,steering_settle:provisional_prealign head=+61.4 bearing=+49.9 centerX=+1200mm dist=1568mm path=collision_risk:vehicle_footprint_crosses_side_boundary,0,1785210870.6667025,1,1,0,32,gap_confirmed,2,1,1,1,1500.578,-2150.578,1,1,1,1,1,1,1,0,1525.551,1199.795,709.371,-300.0,1009.371,0,0.878,0.478,1785210870.6667025,1478.337,1610.402,85.509,771.083,1313.154,1,1,1,0.95,0,direct_pair,-35.413,-0.321937,55.64,645.616,220.0,347.368,0,footprint_crosses_slot_entrance,-982.645,181.498,-2246.142,-1186.449,1,DIRECT_PAIR,1,1,0,0,0,1785210870.6667025,0.0,0.0,2,1,0.0,direct_pair,1458.826:307.214|922.659:1091.449|2160.925:1938.029|2697.092:1153.794,1,1785210865.3898892,2,9,direct_pair_landmarks_frozen,0,collision_risk,0,vehicle_footprint_crosses_side_boundary,0.0054,0.0054,1.0,55.64,45.256,-6.73,1.351,321.481,483.514,300.000:570.000|300.169:562.090|300.676:554.194|301.519:546.327|302.698:538.503|304.210:530.737|306.052:523.042|308.222:515.433|310.714:507.924|313.525:500.528|316.649:493.259|320.081:486.130|323.814:479.154|327.842:472.344|332.157:465.712|336.752:459.270|341.617:453.031|346.744:447.005|352.125:441.204|357.748:435.638|363.603:430.317|369.681:425.251|375.969:420.449|380.669:417.128|382.450:415.910|388.982:411.444|395.514:406.978|402.046:402.513|408.578:398.047|415.110:393.581|421.642:389.115|428.174:384.649|434.706:380.184|441.238:375.718|447.770:371.252|454.302:366.786|460.834:362.320|467.366:357.855|473.898:353.389|480.430:348.923|486.962:344.457|493.494:339.991|500.026:335.525|506.558:331.060|513.090:326.594|519.622:322.128|526.154:317.662|532.686:313.196|539.218:308.731|545.750:304.265|552.282:299.799|558.814:295.333|565.346:290.867|571.878:286.401|578.410:281.936|584.942:277.470|591.474:273.004|598.006:268.538|604.538:264.072|611.070:259.607|617.602:255.141|624.134:250.675|630.666:246.209|637.198:241.743|643.730:237.278|650.262:232.812|656.794:228.346|663.326:223.880|669.858:219.414|676.390:214.948|682.922:210.483|689.454:206.017|695.986:201.551|702.518:197.085|709.050:192.619|715.582:188.154|722.114:183.688|728.647:179.222|735.179:174.756|741.711:170.290|748.243:165.824|754.775:161.359|761.307:156.893|767.839:152.427|774.371:147.961|780.903:143.495|787.435:139.030,1,42.995691,0.3,42.695691,0.0
42.788304,verify_slot_box,provisional_safe_path_ready,0,0,0,0,provisional_safe_path_ready,0,1785210870.7775543,1,1,0,29,gap_confirmed,2,1,1,1,1504.457,-2154.457,1,1,1,1,1,1,1,0,1568.949,1187.45,721.465,-300.0,1021.465,0,0.871,0.49,1785210870.7775543,1649.544,1605.539,46.927,723.507,1440.923,1,1,1,0.95,0,direct_pair,-60.096,-0.546325,57.677,644.522,220.0,347.368,0,footprint_crosses_slot_entrance,-1095.95,69.912,-2223.523,-1181.802,1,DIRECT_PAIR,1,1,0,0,0,1785210870.7775543,0.0,0.0,2,1,0.0,direct_pair,1418.502:342.528|910.544:1145.322|2178.114:1947.361|2686.072:1144.566,1,1785210865.3898892,2,9,direct_pair_landmarks_frozen,0,ready,1,full_arc_straight_ready,0.0054,0.0054,1.0,57.677,26.072,12.454,333.684,321.48,483.513,300.000:570.000|300.170:562.068|300.680:554.150|301.528:546.261|302.713:538.416|304.234:530.629|306.086:522.915|308.267:515.286|310.773:507.758|313.599:500.345|316.741:493.059|320.191:485.914|323.944:478.924|327.993:472.101|332.331:465.458|336.949:459.006|341.840:452.758|346.993:446.726|352.400:440.920|358.051:435.350|363.936:430.028|370.042:424.963|376.361:420.164|382.879:415.640|386.168:413.510|389.561:411.363|396.267:407.120|402.972:402.878|409.677:398.635|416.382:394.392|423.087:390.150|429.793:385.907|436.498:381.664|443.203:377.422|449.908:373.179|456.613:368.937|463.319:364.694|470.024:360.451|476.729:356.209|483.434:351.966|490.139:347.723|496.844:343.481|503.550:339.238|510.255:334.996|516.960:330.753|523.665:326.510|530.370:322.268|537.076:318.025|543.781:313.783|550.486:309.540|557.191:305.297|563.896:301.055|570.602:296.812|577.307:292.569|584.012:288.327|590.717:284.084|597.422:279.842|604.128:275.599|610.833:271.356|617.538:267.114|624.243:262.871|630.948:258.628|637.654:254.386|644.359:250.143|651.064:245.901|657.769:241.658|664.474:237.415|671.179:233.173|677.885:228.930|684.590:224.687|691.295:220.445|698.000:216.202|704.705:211.960|711.411:207.717|718.116:203.474|724.821:199.232|731.526:194.989|738.231:190.747|744.937:186.504|751.642:182.261|758.347:178.019|765.052:173.776|771.757:169.533|778.463:165.291|785.168:161.048|791.873:156.806|798.578:152.563,1,43.088304,0.3,42.788304,0.0
42.881286,verify_slot_box,waiting_for_unique_lidar_arm_scan,0,0,0,0,waiting_for_unique_lidar_arm_scan,0,1785210870.7775543,0,1,0,29,gap_confirmed,2,1,1,1,1504.457,-2154.457,1,1,1,1,1,1,1,0,1568.949,1187.45,721.465,-300.0,1021.465,0,0.871,0.49,,,,,,,1,1,1,0.95,0,direct_pair,-60.096,-0.546325,57.677,644.522,220.0,347.368,0,footprint_crosses_slot_entrance,-1095.95,69.912,-2223.523,-1181.802,1,DIRECT_PAIR,1,1,0,0,0,1785210870.7775543,0.0,0.0,2,1,0.0,direct_pair,1418.502:342.528|910.544:1145.322|2178.114:1947.361|2686.072:1144.566,1,1785210865.3898892,2,9,direct_pair_landmarks_frozen,0,,0,,,,,,,,,,,,1,43.088304,0.207018,42.788304,0.092982
42.959347,provisional_prealign,reverse_path_not_armable:collision_risk:vehicle_footprint_crosses_side_boundary:resume_provisional_prealign,0,0,0,0,reverse_path_not_armable:collision_risk:vehicle_footprint_crosses_side_boundary:resume_provisional_prealign,0,1785210870.8895001,1,1,0,28,gap_confirmed,2,1,1,1,1505.265,-2155.265,0,1,1,1,1,1,1,0,1568.949,1186.733,711.598,-300.0,1011.598,0,0.871,0.49,,,,,,,1,1,1,0.95,0,slot_map_localized,-35.672,-0.324288,55.149,654.06,220.0,347.368,0,footprint_crosses_slot_entrance,-981.984,181.524,-2286.785,-1222.959,1,MAP_LOCALIZATION,1,1,0,0,0,1785210870.8895001,48.579,2.528,9,1,97.714,slot_map_localized,1482.852:341.443|939.986:1121.055|2170.952:1978.214|2713.819:1198.601,1,1785210865.3898892,2,9,direct_pair_landmarks_frozen,0,collision_risk,0,vehicle_footprint_crosses_side_boundary,0.0054,0.0054,1.0,55.149,43.691,-5.165,1.427,321.481,483.514,300.000:570.000|300.169:562.092|300.675:554.197|301.519:546.332|302.697:538.510|304.208:530.746|306.050:523.053|308.218:515.445|310.709:507.938|313.519:500.543|316.642:493.275|320.072:486.148|323.804:479.173|327.830:472.364|332.143:465.733|336.735:459.292|341.599:453.053|346.724:447.028|352.102:441.227|357.723:435.661|363.576:430.341|369.651:425.274|375.937:420.473|379.363:418.029|382.402:415.913|388.894:411.392|395.386:406.872|401.878:402.351|408.370:397.831|414.862:393.310|421.354:388.789|427.846:384.269|434.338:379.748|440.830:375.228|447.322:370.707|453.814:366.186|460.306:361.666|466.798:357.145|473.290:352.625|479.782:348.104|486.274:343.584|492.766:339.063|499.258:334.542|505.750:330.022|512.242:325.501|518.734:320.981|525.226:316.460|531.718:311.939|538.210:307.419|544.702:302.898|551.194:298.378|557.686:293.857|564.179:289.336|570.671:284.816|577.163:280.295|583.655:275.775|590.147:271.254|596.639:266.733|603.131:262.213|609.623:257.692|616.115:253.172|622.607:248.651|629.099:244.131|635.591:239.610|642.083:235.089|648.575:230.569|655.067:226.048|661.559:221.528|668.051:217.007|674.543:212.486|681.035:207.966|687.527:203.445|694.019:198.925|700.511:194.404|707.003:189.883|713.495:185.363|719.987:180.842|726.479:176.322|732.971:171.801|739.463:167.281|745.955:162.760|752.447:158.239|758.939:153.719|765.431:149.198|771.923:144.678|778.415:140.157|784.907:135.636|791.400:131.116,1,43.259347,0.3,42.959347,0.0
43.054748,provisional_prealign,steering_settle:provisional_prealign head=+60.6 bearing=+49.5 centerX=+1186mm dist=1559mm path=collision_risk:vehicle_footprint_crosses_side_boundary,0,-120,0,-120,steering_settle:provisional_prealign head=+60.6 bearing=+49.5 centerX=+1186mm dist=1559mm path=collision_risk:vehicle_footprint_crosses_side_boundary,0,1785210871.004568,1,1,0,27,gap_confirmed,2,1,1,1,1504.457,-2154.457,0,1,1,1,1,1,1,0,1568.949,1186.052,712.034,-300.0,1012.034,0,0.871,0.49,,,,,,,1,1,1,0.95,0,slot_map_localized,-31.599,-0.287261,55.17,651.55,220.0,347.368,0,footprint_crosses_slot_entrance,-964.473,199.064,-2275.772,-1212.119,1,MAP_LOCALIZATION,1,1,0,0,0,1785210871.004568,21.119,-0.021,10,1,158.845,slot_map_localized,1484.233:320.280|941.648:1100.089|2172.924:1956.802|2715.509:1176.994,1,1785210865.3898892,2,9,direct_pair_landmarks_frozen,0,collision_risk,0,vehicle_footprint_crosses_side_boundary,0.0054,0.0054,1.0,55.17,47.819,-9.293,6.719,321.477,483.512,300.000:570.000|300.172:562.028|300.686:554.070|301.543:546.142|302.741:538.258|304.276:530.434|306.147:522.682|308.350:515.018|310.881:507.456|313.735:500.011|316.907:492.694|320.391:485.522|324.181:478.506|328.269:471.659|332.648:464.995|337.310:458.526|342.246:452.263|347.448:446.218|352.904:440.403|358.606:434.829|364.542:429.505|370.703:424.441|377.075:419.648|379.418:417.991|383.608:415.075|390.155:410.520|396.701:405.965|403.247:401.411|409.793:396.856|416.339:392.301|422.885:387.747|429.431:383.192|435.977:378.637|442.523:374.082|449.069:369.528|455.616:364.973|462.162:360.418|468.708:355.863|475.254:351.309|481.800:346.754|488.346:342.199|494.892:337.645|501.438:333.090|507.984:328.535|514.530:323.980|521.076:319.426|527.623:314.871|534.169:310.316|540.715:305.761|547.261:301.207|553.807:296.652|560.353:292.097|566.899:287.542|573.445:282.988|579.991:278.433|586.537:273.878|593.084:269.324|599.630:264.769|606.176:260.214|612.722:255.659|619.268:251.105|625.814:246.550|632.360:241.995|638.906:237.440|645.452:232.886|651.998:228.331|658.544:223.776|665.091:219.222|671.637:214.667|678.183:210.112|684.729:205.557|691.275:201.003|697.821:196.448|704.367:191.893|710.913:187.338|717.459:182.784|724.005:178.229|730.552:173.674|737.098:169.120|743.644:164.565|750.190:160.010|756.736:155.455|763.282:150.901|769.828:146.346|776.374:141.791|782.920:137.236|789.466:132.682,1,43.354748,0.3,43.054748,0.0
43.136591,verify_slot_box,provisional_safe_path_ready,0,0,0,0,provisional_safe_path_ready,0,1785210871.115233,1,1,0,31,gap_confirmed,2,1,1,1,1502.795,-2152.795,1,1,1,1,1,1,1,0,1594.555,1175.768,726.927,-300.0,1026.927,0,0.865,0.501,1785210871.115233,1642.11,1602.047,64.774,711.289,1444.395,1,1,1,0.95,0,direct_pair,-59.878,-0.544349,57.152,644.869,220.0,347.368,0,footprint_crosses_slot_entrance,-1093.378,72.182,-2229.721,-1183.237,1,DIRECT_PAIR,1,1,0,0,0,1785210871.115233,0.0,0.0,2,1,0.0,direct_pair,1414.317:355.533|899.019:1153.636|2159.181:1967.265|2674.479:1169.162,1,1785210865.3898892,2,9,direct_pair_landmarks_frozen,0,ready,1,full_arc_straight_ready,0.0054,0.0054,1.0,57.152,24.859,13.668,333.684,321.48,483.513,300.000:570.000|300.170:562.073|300.679:554.160|301.526:546.277|302.710:538.437|304.228:530.654|306.078:522.944|308.257:515.321|310.759:507.797|313.582:500.387|316.719:493.105|320.165:485.965|323.914:478.978|327.958:472.158|332.290:465.517|336.903:459.068|341.788:452.822|346.935:446.791|352.336:440.986|357.980:435.417|363.858:430.096|369.958:425.030|376.269:420.231|382.780:415.706|384.737:414.424|389.434:411.392|396.095:407.091|402.757:402.790|409.419:398.489|416.081:394.187|422.742:389.886|429.404:385.585|436.066:381.284|442.727:376.983|449.389:372.682|456.051:368.381|462.712:364.079|469.374:359.778|476.036:355.477|482.697:351.176|489.359:346.875|496.021:342.574|502.682:338.273|509.344:333.971|516.006:329.670|522.667:325.369|529.329:321.068|535.991:316.767|542.653:312.466|549.314:308.165|555.976:303.863|562.638:299.562|569.299:295.261|575.961:290.960|582.623:286.659|589.284:282.358|595.946:278.057|602.608:273.755|609.269:269.454|615.931:265.153|622.593:260.852|629.254:256.551|635.916:252.250|642.578:247.949|649.239:243.647|655.901:239.346|662.563:235.045|669.225:230.744|675.886:226.443|682.548:222.142|689.210:217.841|695.871:213.539|702.533:209.238|709.195:204.937|715.856:200.636|722.518:196.335|729.180:192.034|735.841:187.733|742.503:183.431|749.165:179.130|755.826:174.829|762.488:170.528|769.150:166.227|775.812:161.926|782.473:157.625|789.135:153.323|795.797:149.022,1,43.436591,0.3,43.136591,0.0
43.233412,reacquire_slot,motion_safety:pose_lost,0,0,0,0,motion_safety:pose_lost,1,1785210871.2276607,1,1,0,23,gap_confirmed,1,1,1,1,-143.951,-506.049,0,1,1,1,1,1,1,0,1594.555,1179.49,722.476,-300.0,1022.476,0,0.865,0.501,,,,,,,0,0,0,0.0,0,slot_map_depth_unobservable,0.0,0.0,0.0,,,,0,footprint_unavailable,,,,,1,MAP_LOCALIZATION,1,0,0,0,1,1785210871.2276607,0.0,0.0,7,0,109.162,slot_map_depth_unobservable,1414.317:355.533|899.019:1153.636|2159.181:1967.265|2674.479:1169.162,1,1785210865.3898892,2,9,direct_pair_landmarks_frozen,0,,0,,,,,,,,,,,,0,,,,
43.325711,reacquire_slot,motion_safety:pose_lost,0,0,0,0,motion_safety:pose_lost,1,1785210871.2276607,0,1,0,23,gap_confirmed,1,1,1,1,-143.951,-506.049,0,1,1,1,1,1,1,0,1594.555,1179.49,722.476,-300.0,1022.476,0,0.865,0.501,,,,,,,0,0,0,0.0,0,slot_map_depth_unobservable,0.0,0.0,0.0,,,,0,footprint_unavailable,,,,,1,MAP_LOCALIZATION,1,0,0,0,1,1785210871.2276607,0.0,0.0,7,0,109.162,slot_map_depth_unobservable,1414.317:355.533|899.019:1153.636|2159.181:1967.265|2674.479:1169.162,1,1785210865.3898892,2,9,direct_pair_landmarks_frozen,0,,0,,,,,,,,,,,,0,,,,
43.403018,set_reverse_steer,slot_reacquired:resume_pending:set_reverse_steer,0,0,0,0,slot_reacquired:resume_pending:set_reverse_steer,0,1785210871.3400357,1,1,0,29,gap_confirmed,2,1,1,1,1502.792,-2152.792,1,1,1,1,1,1,1,0,1611.153,1171.559,733.965,-300.0,1033.965,0,0.86,0.51,1785210871.3400357,1641.977,1603.14,66.168,710.518,1444.432,1,1,1,0.95,0,direct_pair,-59.496,-0.540872,57.071,645.074,220.0,347.368,0,footprint_crosses_slot_entrance,-1091.471,74.034,-2231.319,-1184.115,1,DIRECT_PAIR,1,1,0,0,0,1785210871.3400357,0.0,0.0,2,1,0.0,direct_pair,1415.038:356.610|898.621:1153.990|2157.641:1969.384|2674.058:1172.005,1,1785210865.3898892,2,9,direct_pair_landmarks_frozen,0,ready,1,full_arc_straight_ready,0.0054,0.0054,1.0,57.071,25.023,13.503,333.684,321.48,483.513,300.000:570.000|300.170:562.072|300.679:554.158|301.526:546.274|302.710:538.433|304.229:530.649|306.080:522.938|308.259:515.314|310.762:507.789|313.585:500.379|316.723:493.096|320.170:485.955|323.920:478.967|327.965:472.146|332.298:465.505|336.912:459.056|341.798:452.809|346.947:446.778|352.349:440.973|357.994:435.404|363.873:430.082|369.975:425.017|376.287:420.217|382.800:415.693|384.519:414.565|389.450:411.372|396.106:407.061|402.763:402.750|409.419:398.439|416.076:394.128|422.732:389.817|429.389:385.506|436.045:381.195|442.702:376.884|449.358:372.573|456.015:368.262|462.671:363.951|469.328:359.640|475.984:355.329|482.641:351.018|489.297:346.707|495.954:342.396|502.610:338.085|509.267:333.774|515.923:329.462|522.580:325.151|529.236:320.840|535.893:316.529|542.549:312.218|549.206:307.907|555.862:303.596|562.519:299.285|569.175:294.974|575.832:290.663|582.488:286.352|589.145:282.041|595.801:277.730|602.458:273.419|609.114:269.108|615.771:264.797|622.427:260.486|629.084:256.175|635.741:251.864|642.397:247.553|649.054:243.242|655.710:238.931|662.367:234.620|669.023:230.309|675.680:225.998|682.336:221.687|688.993:217.376|695.649:213.065|702.306:208.754|708.962:204.443|715.619:200.132|722.275:195.820|728.932:191.509|735.588:187.198|742.245:182.887|748.901:178.576|755.558:174.265|762.214:169.954|768.871:165.643|775.527:161.332|782.184:157.021|788.840:152.710|795.497:148.399,1,43.703018,0.3,43.403018,0.0
43.498294,set_reverse_steer,reverse_entry_candidate_steer:settling,0,0,0,0,reverse_entry_candidate_steer:settling,0,1785210871.4524708,1,1,0,29,gap_confirmed,2,1,1,1,1503.627,-2153.627,1,1,1,1,1,1,1,0,1567.383,1188.844,723.455,-300.0,1023.455,0,0.869,0.495,1785210871.4524708,1486.096,1612.619,69.133,829.27,1338.743,1,1,1,0.95,0,direct_pair,-49.392,-0.449021,58.325,650.076,220.0,347.368,0,footprint_crosses_slot_entrance,-1051.648,114.452,-2241.628,-1205.907,1,DIRECT_PAIR,1,1,0,0,0,1785210871.4524708,0.0,0.0,2,1,0.0,direct_pair,1470.364:299.692|971.525:1108.184|2248.091:1895.825|2746.930:1087.333,1,1785210865.3898892,2,9,direct_pair_landmarks_frozen,0,collision_risk,0,vehicle_footprint_crosses_side_boundary,0.0054,0.0054,1.0,58.325,38.553,-0.027,1.108,321.481,483.514,300.000:570.000|300.169:562.084|300.677:554.182|301.522:546.310|302.702:538.480|304.216:530.709|306.061:523.009|308.234:515.395|310.730:507.880|313.545:500.480|316.673:493.206|320.110:486.073|323.848:479.093|327.882:472.280|332.203:465.645|336.804:459.201|341.675:452.959|346.810:446.932|352.197:441.129|357.827:435.562|363.691:430.241|369.776:425.175|376.072:420.374|382.568:415.847|387.946:412.399|389.248:411.596|395.987:407.438|402.726:403.280|409.465:399.122|416.204:394.964|422.943:390.806|429.682:386.648|436.421:382.490|443.160:378.332|449.899:374.174|456.638:370.016|463.377:365.858|470.116:361.700|476.855:357.542|483.594:353.384|490.332:349.227|497.071:345.069|503.810:340.911|510.549:336.753|517.288:332.595|524.027:328.437|530.766:324.279|537.505:320.121|544.244:315.963|550.983:311.805|557.722:307.647|564.461:303.489|571.200:299.331|577.939:295.173|584.678:291.015|591.417:286.857|598.156:282.699|604.895:278.541|611.634:274.384|618.373:270.226|625.112:266.068|631.851:261.910|638.590:257.752|645.329:253.594|652.068:249.436|658.807:245.278|665.546:241.120|672.285:236.962|679.024:232.804|685.763:228.646|692.502:224.488|699.241:220.330|705.980:216.172|712.719:212.014|719.458:207.856|726.197:203.699|732.935:199.541|739.674:195.383|746.413:191.225|753.152:187.067|759.891:182.909|766.630:178.751|773.369:174.593|780.108:170.435|786.847:166.277|793.586:162.119|800.325:157.961|807.064:153.803,1,43.798294,0.3,43.498294,0.0
43.577465,set_reverse_steer,reverse_entry_candidate_steer:settling,0,0,0,0,reverse_entry_candidate_steer:settling,0,1785210871.5639892,1,1,0,28,gap_confirmed,2,1,1,1,1507.648,-2157.648,1,1,1,1,1,1,1,0,1554.691,1196.101,713.887,-300.0,1013.887,0,0.873,0.488,1785210871.5639892,1531.121,1637.264,56.213,781.892,1336.024,1,1,1,0.95,0,direct_pair,-36.136,-0.328511,56.243,648.437,220.0,347.368,0,footprint_crosses_slot_entrance,-987.865,176.939,-2253.119,-1198.605,1,DIRECT_PAIR,1,1,0,0,0,1785210871.5639892,0.0,0.0,2,1,0.0,direct_pair,1473.523:301.203|945.633:1091.033|2192.734:1924.544|2720.624:1134.713,1,1785210865.3898892,2,9,direct_pair_landmarks_frozen,0,collision_risk,0,vehicle_footprint_crosses_side_boundary,0.0054,0.0054,1.0,56.243,46.146,-7.62,7.49,321.479,483.513,300.000:570.000|300.171:562.046|300.683:554.108|301.536:546.198|302.728:538.333|304.256:530.525|306.118:522.791|308.311:515.144|310.831:507.598|313.671:500.167|316.829:492.865|320.297:485.706|324.070:478.702|328.140:471.866|332.499:465.212|337.141:458.751|342.055:452.495|347.234:446.456|352.667:440.646|358.345:435.073|364.257:429.750|370.392:424.686|376.739:419.890|382.283:416.037|383.284:415.367|389.899:410.947|396.514:406.526|403.128:402.105|409.743:397.684|416.357:393.263|422.972:388.842|429.586:384.421|436.201:380.000|442.816:375.579|449.430:371.158|456.045:366.737|462.659:362.316|469.274:357.896|475.889:353.475|482.503:349.054|489.118:344.633|495.732:340.212|502.347:335.791|508.962:331.370|515.576:326.949|522.191:322.528|528.805:318.107|535.420:313.686|542.034:309.266|548.649:304.845|555.264:300.424|561.878:296.003|568.493:291.582|575.107:287.161|581.722:282.740|588.337:278.319|594.951:273.898|601.566:269.477|608.180:265.056|614.795:260.635|621.409:256.215|628.024:251.794|634.639:247.373|641.253:242.952|647.868:238.531|654.482:234.110|661.097:229.689|667.712:225.268|674.326:220.847|680.941:216.426|687.555:212.005|694.170:207.585|700.785:203.164|707.399:198.743|714.014:194.322|720.628:189.901|727.243:185.480|733.857:181.059|740.472:176.638|747.087:172.217|753.701:167.796|760.316:163.375|766.930:158.954|773.545:154.534|780.160:150.113|786.774:145.692|793.389:141.271,1,43.877465,0.3,43.577465,0.0
43.657542,set_reverse_steer,reverse_entry_candidate_steer:settling,0,0,0,0,reverse_entry_candidate_steer:settling,0,1785210871.5639892,0,1,0,28,gap_confirmed,2,1,1,1,1507.648,-2157.648,1,1,1,1,1,1,1,0,1554.691,1196.101,713.887,-300.0,1013.887,0,0.873,0.488,,,,,,,1,1,1,0.95,0,direct_pair,-36.136,-0.328511,56.243,648.437,220.0,347.368,0,footprint_crosses_slot_entrance,-987.865,176.939,-2253.119,-1198.605,1,DIRECT_PAIR,1,1,0,0,0,1785210871.5639892,0.0,0.0,2,1,0.0,direct_pair,1473.523:301.203|945.633:1091.033|2192.734:1924.544|2720.624:1134.713,1,1785210865.3898892,2,9,direct_pair_landmarks_frozen,0,collision_risk,0,vehicle_footprint_crosses_side_boundary,0.0054,0.0054,1.0,56.243,46.146,-7.62,7.49,321.479,483.513,300.000:570.000|300.171:562.046|300.683:554.108|301.536:546.198|302.728:538.333|304.256:530.525|306.118:522.791|308.311:515.144|310.831:507.598|313.671:500.167|316.829:492.865|320.297:485.706|324.070:478.702|328.140:471.866|332.499:465.212|337.141:458.751|342.055:452.495|347.234:446.456|352.667:440.646|358.345:435.073|364.257:429.750|370.392:424.686|376.739:419.890|382.283:416.037|383.284:415.367|389.899:410.947|396.514:406.526|403.128:402.105|409.743:397.684|416.357:393.263|422.972:388.842|429.586:384.421|436.201:380.000|442.816:375.579|449.430:371.158|456.045:366.737|462.659:362.316|469.274:357.896|475.889:353.475|482.503:349.054|489.118:344.633|495.732:340.212|502.347:335.791|508.962:331.370|515.576:326.949|522.191:322.528|528.805:318.107|535.420:313.686|542.034:309.266|548.649:304.845|555.264:300.424|561.878:296.003|568.493:291.582|575.107:287.161|581.722:282.740|588.337:278.319|594.951:273.898|601.566:269.477|608.180:265.056|614.795:260.635|621.409:256.215|628.024:251.794|634.639:247.373|641.253:242.952|647.868:238.531|654.482:234.110|661.097:229.689|667.712:225.268|674.326:220.847|680.941:216.426|687.555:212.005|694.170:207.585|700.785:203.164|707.399:198.743|714.014:194.322|720.628:189.901|727.243:185.480|733.857:181.059|740.472:176.638|747.087:172.217|753.701:167.796|760.316:163.375|766.930:158.954|773.545:154.534|780.160:150.113|786.774:145.692|793.389:141.271,1,43.877465,0.219923,43.577465,0.080077
43.735627,set_reverse_steer,reverse_entry_candidate_steer:settling,0,0,0,0,reverse_entry_candidate_steer:settling,0,1785210871.6749294,1,1,0,28,gap_confirmed,2,1,1,1,1505.883,-2155.883,1,1,1,1,1,1,1,0,1586.255,1189.393,732.394,-300.0,1032.394,0,0.866,0.5,1785210871.6749294,1644.872,1600.729,61.605,753.145,1471.922,1,1,1,0.95,0,direct_pair,-71.345,-0.648592,58.995,648.234,220.0,347.368,0,footprint_crosses_slot_entrance,-1148.312,17.878,-2227.515,-1198.125,1,DIRECT_PAIR,1,1,0,0,0,1785210871.6749294,0.0,0.0,2,1,0.0,direct_pair,1421.618:359.632|932.255:1173.895|2217.934:1946.573|2707.296:1132.310,1,1785210865.3898892,2,9,direct_pair_landmarks_frozen,0,ready,1,full_arc_straight_ready,0.0054,0.0054,1.0,58.995,18.448,20.079,333.684,321.481,483.514,300.000:570.000|300.169:562.093|300.675:554.201|301.518:546.338|302.696:538.517|304.206:530.754|306.047:523.063|308.214:515.457|310.705:507.951|313.513:500.558|316.634:493.291|320.063:486.165|323.793:479.191|327.818:472.383|332.129:465.753|336.720:459.313|341.581:453.075|346.704:447.051|352.080:441.250|357.698:435.684|363.549:430.364|369.622:425.298|375.906:420.495|382.389:415.966|389.059:411.717|389.793:411.274|395.837:407.642|402.616:403.567|409.395:399.493|416.174:395.419|422.954:391.345|429.733:387.271|436.512:383.197|443.291:379.123|450.070:375.049|456.849:370.974|463.628:366.900|470.407:362.826|477.186:358.752|483.965:354.678|490.744:350.604|497.523:346.530|504.302:342.455|511.081:338.381|517.860:334.307|524.639:330.233|531.419:326.159|538.198:322.085|544.977:318.011|551.756:313.937|558.535:309.862|565.314:305.788|572.093:301.714|578.872:297.640|585.651:293.566|592.430:289.492|599.209:285.418|605.988:281.343|612.767:277.269|619.546:273.195|626.325:269.121|633.104:265.047|639.883:260.973|646.663:256.899|653.442:252.824|660.221:248.750|667.000:244.676|673.779:240.602|680.558:236.528|687.337:232.454|694.116:228.380|700.895:224.306|707.674:220.231|714.453:216.157|721.232:212.083|728.011:208.009|734.790:203.935|741.569:199.861|748.348:195.787|755.127:191.712|761.907:187.638|768.686:183.564|775.465:179.490|782.244:175.416|789.023:171.342|795.802:167.268|802.581:163.194|809.360:159.119,1,44.035627,0.3,43.735627,0.0
43.814808,follow_entry_curve,following_entry_curve:candidate_steer,-100,0,-100,0,following_entry_curve:candidate_steer,0,1785210871.7906704,1,1,0,28,gap_confirmed,2,1,1,1,1503.562,-2153.562,1,1,1,1,1,1,1,0,1607.743,1180.751,736.355,-300.0,1036.355,0,0.862,0.507,1785210871.7906704,1647.649,1604.011,46.762,725.389,1440.661,1,1,1,0.95,0,direct_pair,-60.645,-0.55132,57.775,644.427,220.0,347.368,0,footprint_crosses_slot_entrance,-1098.62,67.288,-2222.224,-1181.406,1,DIRECT_PAIR,1,1,0,0,0,1785210871.7906704,0.0,0.0,2,1,0.0,direct_pair,1417.989:341.879|911.411:1145.544|2180.357:1945.405|2686.935:1141.739,1,1785210865.3898892,2,9,direct_pair_landmarks_frozen,0,ready,1,full_arc_straight_ready,0.0054,0.0054,1.0,57.775,25.792,12.735,333.684,321.48,483.513,300.000:570.000|300.170:562.067|300.680:554.149|301.528:546.260|302.714:538.414|304.234:530.626|306.087:522.911|308.269:515.282|310.775:507.754|313.602:500.339|316.743:493.053|320.194:485.908|323.948:478.917|327.998:472.094|332.336:465.450|336.955:458.999|341.846:452.751|347.000:446.718|352.408:440.912|358.060:435.342|363.945:430.020|370.053:424.955|376.372:420.156|382.891:415.632|386.437:413.340|389.578:411.360|396.291:407.129|403.004:402.898|409.717:398.666|416.430:394.435|423.143:390.203|429.856:385.972|436.569:381.740|443.282:377.509|449.995:373.278|456.707:369.046|463.420:364.815|470.133:360.583|476.846:356.352|483.559:352.120|490.272:347.889|496.985:343.658|503.698:339.426|510.411:335.195|517.124:330.963|523.837:326.732|530.550:322.500|537.263:318.269|543.976:314.037|550.689:309.806|557.402:305.575|564.115:301.343|570.828:297.112|577.541:292.880|584.254:288.649|590.967:284.417|597.680:280.186|604.393:275.955|611.106:271.723|617.819:267.492|624.532:263.260|631.245:259.029|637.958:254.797|644.671:250.566|651.384:246.335|658.097:242.103|664.810:237.872|671.523:233.640|678.236:229.409|684.949:225.177|691.662:220.946|698.375:216.715|705.088:212.483|711.801:208.252|718.514:204.020|725.227:199.789|731.940:195.557|738.653:191.326|745.366:187.095|752.079:182.863|758.792:178.632|765.505:174.400|772.218:170.169|778.931:165.937|785.644:161.706|792.357:157.475|799.070:153.243,1,44.114808,0.3,43.814808,0.0
43.907823,reacquire_slot,entry_curve_path_lost:collision_risk:vehicle_footprint_crosses_side_boundary,0,0,0,0,entry_curve_path_lost:collision_risk:vehicle_footprint_crosses_side_boundary,0,1785210871.9014878,1,1,0,30,gap_confirmed,2,1,1,1,1507.455,-2157.455,1,1,1,1,1,1,1,0,1580.766,1191.619,722.191,-300.0,1022.191,0,0.867,0.497,1785210871.9014878,1530.666,1641.514,57.525,782.093,1334.245,1,1,1,0.95,0,direct_pair,-34.611,-0.314643,56.054,648.952,220.0,347.368,0,footprint_crosses_slot_entrance,-980.629,183.982,-2256.985,-1200.832,1,DIRECT_PAIR,1,1,0,0,0,1785210871.9014878,0.0,0.0,2,1,0.0,direct_pair,1477.052:301.844|946.556:1089.926|2190.896:1927.552|2721.392:1139.469,1,1785210865.3898892,2,9,direct_pair_landmarks_frozen,0,collision_risk,0,vehicle_footprint_crosses_side_boundary,0.0054,0.0054,1.0,56.054,47.164,-8.638,7.372,321.478,483.512,300.000:570.000|300.171:562.044|300.684:554.102|301.537:546.190|302.730:538.321|304.259:530.511|306.123:522.775|308.317:515.125|310.838:507.576|313.681:500.143|316.841:492.839|320.312:485.678|324.087:478.672|328.159:471.835|332.522:465.179|337.166:458.717|342.084:452.460|347.267:446.420|352.703:440.609|358.385:435.036|364.301:429.713|370.440:424.649|376.791:419.853|381.775:416.378|383.336:415.326|389.939:410.882|396.541:406.438|403.143:401.993|409.746:397.549|416.348:393.105|422.950:388.660|429.553:384.216|436.155:379.772|442.757:375.327|449.360:370.883|455.962:366.439|462.564:361.994|469.167:357.550|475.769:353.106|482.371:348.661|488.974:344.217|495.576:339.773|502.178:335.328|508.781:330.884|515.383:326.440|521.985:321.995|528.588:317.551|535.190:313.107|541.792:308.662|548.394:304.218|554.997:299.774|561.599:295.329|568.201:290.885|574.804:286.441|581.406:281.996|588.008:277.552|594.611:273.108|601.213:268.663|607.815:264.219|614.418:259.774|621.020:255.330|627.622:250.886|634.225:246.441|640.827:241.997|647.429:237.553|654.032:233.108|660.634:228.664|667.236:224.220|673.839:219.775|680.441:215.331|687.043:210.887|693.646:206.442|700.248:201.998|706.850:197.554|713.453:193.109|720.055:188.665|726.657:184.221|733.260:179.776|739.862:175.332|746.464:170.888|753.067:166.443|759.669:161.999|766.271:157.555|772.874:153.110|779.476:148.666|786.078:144.222|792.681:139.777,1,44.207823,0.3,43.907823,0.0
43.985992,reacquire_slot,reacquire_waiting_for_unique_lidar_scan,0,0,0,0,reacquire_waiting_for_unique_lidar_scan,0,1785210871.9014878,0,1,0,30,gap_confirmed,2,1,1,1,1507.455,-2157.455,1,1,1,1,1,1,1,0,1580.766,1191.619,722.191,-300.0,1022.191,0,0.867,0.497,,,,,,,1,1,1,0.95,0,direct_pair,-34.611,-0.314643,56.054,648.952,220.0,347.368,0,footprint_crosses_slot_entrance,-980.629,183.982,-2256.985,-1200.832,1,DIRECT_PAIR,1,1,0,0,0,1785210871.9014878,0.0,0.0,2,1,0.0,direct_pair,1477.052:301.844|946.556:1089.926|2190.896:1927.552|2721.392:1139.469,1,1785210865.3898892,2,9,direct_pair_landmarks_frozen,0,,0,,,,,,,,,,,,1,44.207823,0.221832,43.907823,0.078168
44.063938,reacquire_slot,reacquired_slot_path_not_ready:collision_risk:vehicle_footprint_crosses_side_boundary,0,0,0,0,reacquired_slot_path_not_ready:collision_risk:vehicle_footprint_crosses_side_boundary,0,1785210872.0137453,1,1,0,29,gap_confirmed,2,1,1,1,1490.015,-2140.015,1,1,1,1,1,1,1,0,1540.669,1200.008,715.046,-300.0,1015.046,0,0.873,0.488,1785210872.0137453,1466.205,1611.635,81.31,819.54,1322.243,1,1,1,0.95,0,direct_pair,-44.088,-0.400801,57.45,649.474,220.0,347.368,0,footprint_crosses_slot_entrance,-1026.128,139.616,-2246.946,-1203.154,1,DIRECT_PAIR,1,1,0,0,0,1785210872.0137453,0.0,0.0,2,1,0.0,direct_pair,1471.157:301.390|960.018:1102.163|2224.396:1909.224|2735.535:1108.451,1,1785210865.3898892,2,9,direct_pair_landmarks_frozen,0,collision_risk,0,vehicle_footprint_crosses_side_boundary,0.0054,0.0054,1.0,57.45,41.46,-2.934,6.137,321.476,483.511,300.000:570.000|300.172:562.014|300.689:554.042|301.549:546.100|302.750:538.203|304.291:530.364|306.169:522.600|308.380:514.923|310.920:507.350|313.784:499.892|316.967:492.566|320.463:485.383|324.265:478.358|328.367:471.503|332.761:464.831|337.438:458.356|342.391:452.088|347.609:446.039|353.083:440.221|358.803:434.645|364.758:429.320|370.937:424.258|377.329:419.466|383.921:414.954|385.548:413.904|390.650:410.648|397.384:406.349|404.118:402.051|410.852:397.752|417.586:393.454|424.320:389.156|431.054:384.857|437.788:380.559|444.522:376.261|451.256:371.962|457.990:367.664|464.724:363.365|471.458:359.067|478.192:354.769|484.926:350.470|491.660:346.172|498.394:341.873|505.128:337.575|511.862:333.277|518.596:328.978|525.330:324.680|532.064:320.382|538.798:316.083|545.532:311.785|552.266:307.486|559.000:303.188|565.734:298.890|572.468:294.591|579.203:290.293|585.937:285.995|592.671:281.696|599.405:277.398|606.139:273.099|612.873:268.801|619.607:264.503|626.341:260.204|633.075:255.906|639.809:251.608|646.543:247.309|653.277:243.011|660.011:238.712|666.745:234.414|673.479:230.116|680.213:225.817|686.947:221.519|693.681:217.220|700.415:212.922|707.149:208.624|713.883:204.325|720.617:200.027|727.351:195.729|734.085:191.430|740.819:187.132|747.553:182.833|754.287:178.535|761.021:174.237|767.755:169.938|774.489:165.640|781.224:161.342|787.958:157.043|794.692:152.745|801.426:148.446,1,44.363938,0.3,44.063938,0.0
44.142052,follow_slot_center,slot_reacquired:resume_pending:follow_slot_center,0,0,0,0,slot_reacquired:resume_pending:follow_slot_center,0,1785210872.1244373,1,1,0,23,gap_confirmed,2,1,1,1,1490.12,-2140.12,1,1,1,1,1,1,1,0,1576.045,1196.267,724.326,-300.0,1024.326,0,0.868,0.497,1785210872.1244373,1641.743,1600.356,30.709,778.282,1452.411,1,1,1,0.95,0,direct_pair,-70.94,-0.644909,59.962,646.539,220.0,347.368,0,footprint_crosses_slot_entrance,-1149.059,16.979,-2211.13,-1191.141,1,DIRECT_PAIR,1,1,0,0,0,1785210872.1244373,0.0,0.0,2,1,0.0,direct_pair,1427.091:330.355|951.547:1152.765|2250.089:1903.624|2725.633:1081.214,1,1785210865.3898892,2,9,direct_pair_landmarks_frozen,0,ready,1,full_arc_straight_ready,0.0054,0.0054,1.0,59.962,21.547,16.98,333.684,321.481,483.514,300.000:570.000|300.169:562.095|300.675:554.205|301.517:546.343|302.695:538.524|304.204:530.763|306.044:523.073|308.211:515.469|310.700:507.965|313.507:500.573|316.627:493.308|320.054:486.183|323.783:479.210|327.805:472.403|332.115:465.774|336.703:459.335|341.563:453.098|346.684:447.074|352.057:441.274|357.673:435.708|363.522:430.388|369.592:425.321|375.874:420.519|382.354:415.989|389.022:411.740|392.487:409.686|395.845:407.744|402.690:403.786|409.536:399.828|416.381:395.870|423.226:391.911|430.072:387.953|436.917:383.995|443.762:380.037|450.608:376.079|457.453:372.121|464.298:368.162|471.144:364.204|477.989:360.246|484.834:356.288|491.679:352.330|498.525:348.371|505.370:344.413|512.215:340.455|519.061:336.497|525.906:332.539|532.751:328.581|539.597:324.622|546.442:320.664|553.287:316.706|560.133:312.748|566.978:308.790|573.823:304.831|580.668:300.873|587.514:296.915|594.359:292.957|601.204:288.999|608.050:285.041|614.895:281.082|621.740:277.124|628.586:273.166|635.431:269.208|642.276:265.250|649.122:261.291|655.967:257.333|662.812:253.375|669.658:249.417|676.503:245.459|683.348:241.501|690.193:237.542|697.039:233.584|703.884:229.626|710.729:225.668|717.575:221.710|724.420:217.752|731.265:213.793|738.111:209.835|744.956:205.877|751.801:201.919|758.647:197.961|765.492:194.002|772.337:190.044|779.182:186.086|786.028:182.128|792.873:178.170|799.718:174.212|806.564:170.253|813.409:166.295,1,44.442052,0.3,44.142052,0.0
44.219544,follow_slot_center,following_slot_center:local_target,-100,150,-100,150,following_slot_center:local_target,0,1785210872.1244373,0,1,0,23,gap_confirmed,2,1,1,1,1490.12,-2140.12,1,1,1,1,1,1,1,0,1576.045,1196.267,724.326,-300.0,1024.326,0,0.868,0.497,,,,,,,1,1,1,0.95,0,direct_pair,-70.94,-0.644909,59.962,646.539,220.0,347.368,0,footprint_crosses_slot_entrance,-1149.059,16.979,-2211.13,-1191.141,1,DIRECT_PAIR,1,1,0,0,0,1785210872.1244373,0.0,0.0,2,1,0.0,direct_pair,1427.091:330.355|951.547:1152.765|2250.089:1903.624|2725.633:1081.214,1,1785210865.3898892,2,9,direct_pair_landmarks_frozen,0,ready,1,full_arc_straight_ready,0.0054,0.0054,1.0,59.962,21.547,16.98,333.684,321.481,483.514,300.000:570.000|300.169:562.095|300.675:554.205|301.517:546.343|302.695:538.524|304.204:530.763|306.044:523.073|308.211:515.469|310.700:507.965|313.507:500.573|316.627:493.308|320.054:486.183|323.783:479.210|327.805:472.403|332.115:465.774|336.703:459.335|341.563:453.098|346.684:447.074|352.057:441.274|357.673:435.708|363.522:430.388|369.592:425.321|375.874:420.519|382.354:415.989|389.022:411.740|392.487:409.686|395.845:407.744|402.690:403.786|409.536:399.828|416.381:395.870|423.226:391.911|430.072:387.953|436.917:383.995|443.762:380.037|450.608:376.079|457.453:372.121|464.298:368.162|471.144:364.204|477.989:360.246|484.834:356.288|491.679:352.330|498.525:348.371|505.370:344.413|512.215:340.455|519.061:336.497|525.906:332.539|532.751:328.581|539.597:324.622|546.442:320.664|553.287:316.706|560.133:312.748|566.978:308.790|573.823:304.831|580.668:300.873|587.514:296.915|594.359:292.957|601.204:288.999|608.050:285.041|614.895:281.082|621.740:277.124|628.586:273.166|635.431:269.208|642.276:265.250|649.122:261.291|655.967:257.333|662.812:253.375|669.658:249.417|676.503:245.459|683.348:241.501|690.193:237.542|697.039:233.584|703.884:229.626|710.729:225.668|717.575:221.710|724.420:217.752|731.265:213.793|738.111:209.835|744.956:205.877|751.801:201.919|758.647:197.961|765.492:194.002|772.337:190.044|779.182:186.086|786.028:182.128|792.873:178.170|799.718:174.212|806.564:170.253|813.409:166.295,1,44.442052,0.222508,44.142052,0.077492
44.29737,reacquire_slot,slot_center_path_lost:vehicle_footprint_crosses_side_boundary,0,0,0,0,slot_center_path_lost:vehicle_footprint_crosses_side_boundary,0,1785210872.2403042,1,1,0,33,gap_confirmed,2,1,1,1,1482.457,-2132.457,1,1,1,1,1,1,1,0,1537.823,1195.579,708.088,-300.0,1008.088,0,0.872,0.489,1785210872.2403042,1466.84,1610.55,68.012,778.052,1287.851,1,1,1,0.95,0,direct_pair,-31.152,-0.283202,55.688,643.474,220.0,347.368,0,footprint_crosses_slot_entrance,-964.414,199.785,-2236.483,-1177.194,1,DIRECT_PAIR,1,1,0,0,0,1785210872.2403042,0.0,0.0,2,1,0.0,direct_pair,1462.059:285.592|926.542:1070.272|2165.510:1915.824|2701.026:1131.145,1,1785210865.3898892,2,9,direct_pair_landmarks_frozen,0,collision_risk,0,vehicle_footprint_crosses_side_boundary,0.0054,0.0054,1.0,55.688,49.644,-11.117,6.415,321.476,483.511,300.000:570.000|300.172:562.020|300.688:554.055|301.546:546.120|302.746:538.229|304.284:530.397|306.159:522.639|308.366:514.969|310.901:507.401|313.761:499.949|316.938:492.627|320.429:485.449|324.225:478.428|328.320:471.577|332.707:464.909|337.377:458.437|342.322:452.171|347.532:446.125|352.997:440.308|358.709:434.733|364.655:429.408|370.825:424.345|377.208:419.553|380.796:417.041|383.771:415.011|390.364:410.511|396.957:406.011|403.550:401.512|410.144:397.012|416.737:392.513|423.330:388.013|429.923:383.514|436.516:379.014|443.109:374.514|449.702:370.015|456.295:365.515|462.888:361.016|469.482:356.516|476.075:352.017|482.668:347.517|489.261:343.017|495.854:338.518|502.447:334.018|509.040:329.519|515.633:325.019|522.226:320.520|528.820:316.020|535.413:311.520|542.006:307.021|548.599:302.521|555.192:298.022|561.785:293.522|568.378:289.023|574.971:284.523|581.564:280.024|588.158:275.524|594.751:271.024|601.344:266.525|607.937:262.025|614.530:257.526|621.123:253.026|627.716:248.527|634.309:244.027|640.902:239.527|647.495:235.028|654.089:230.528|660.682:226.029|667.275:221.529|673.868:217.030|680.461:212.530|687.054:208.030|693.647:203.531|700.240:199.031|706.833:194.532|713.427:190.032|720.020:185.533|726.613:181.033|733.206:176.533|739.799:172.034|746.392:167.534|752.985:163.035|759.578:158.535|766.171:154.036|772.765:149.536|779.358:145.036|785.951:140.537,1,44.59737,0.3,44.29737,0.0
44.373765,reacquire_slot,reacquired_slot_path_not_ready:collision_risk:vehicle_footprint_crosses_side_boundary,0,0,0,0,reacquired_slot_path_not_ready:collision_risk:vehicle_footprint_crosses_side_boundary,0,1785210872.3505948,1,1,0,25,gap_confirmed,2,1,1,1,1499.074,-2149.074,0,1,1,1,1,1,1,0,1537.823,1193.294,701.432,-300.0,1001.432,0,0.872,0.489,,,,,,,1,1,1,0.95,0,slot_map_localized,-27.891,-0.253556,55.671,647.88,220.0,347.368,0,footprint_crosses_slot_entrance,-950.271,213.908,-2255.657,-1196.221,1,MAP_LOCALIZATION,1,1,0,0,0,1785210872.3505948,23.364,0.017,8,1,156.82,slot_map_localized,1485.535:285.134|949.782:1069.652|2188.494:1915.578|2724.247:1131.060,1,1785210865.3898892,2,9,direct_pair_landmarks_frozen,0,collision_risk,0,vehicle_footprint_crosses_side_boundary,0.0054,0.0054,1.0,55.671,52.859,-14.332,0.212,321.48,483.513,300.000:570.000|300.170:562.063|300.680:554.140|301.530:546.246|302.717:538.396|304.239:530.604|306.094:522.885|308.278:515.252|310.787:507.720|313.617:500.302|316.762:493.012|320.216:485.864|323.974:478.870|328.028:472.044|332.371:465.398|336.995:458.945|341.892:452.695|347.051:446.661|352.465:440.854|358.122:435.284|364.013:429.961|370.127:424.896|376.452:420.098|380.750:417.073|382.966:415.559|389.523:411.081|396.080:406.604|402.636:402.126|409.193:397.648|415.750:393.171|422.307:388.693|428.863:384.215|435.420:379.738|441.977:375.260|448.534:370.782|455.090:366.305|461.647:361.827|468.204:357.349|474.761:352.872|481.317:348.394|487.874:343.916|494.431:339.439|500.988:334.961|507.545:330.483|514.101:326.006|520.658:321.528|527.215:317.050|533.772:312.573|540.328:308.095|546.885:303.617|553.442:299.140|559.999:294.662|566.555:290.184|573.112:285.707|579.669:281.229|586.226:276.751|592.783:272.274|599.339:267.796|605.896:263.318|612.453:258.841|619.010:254.363|625.566:249.885|632.123:245.408|638.680:240.930|645.237:236.452|651.793:231.975|658.350:227.497|664.907:223.019|671.464:218.542|678.021:214.064|684.577:209.586|691.134:205.109|697.691:200.631|704.248:196.153|710.804:191.676|717.361:187.198|723.918:182.720|730.475:178.243|737.031:173.765|743.588:169.287|750.145:164.810|756.702:160.332|763.259:155.854|769.815:151.377|776.372:146.899|782.929:142.421|789.486:137.944,1,44.673765,0.3,44.373765,0.0
44.449992,reacquire_slot,reacquire_waiting_for_unique_lidar_scan,0,0,0,0,reacquire_waiting_for_unique_lidar_scan,0,1785210872.3505948,0,1,0,25,gap_confirmed,2,1,1,1,1499.074,-2149.074,0,1,1,1,1,1,1,0,1537.823,1193.294,701.432,-300.0,1001.432,0,0.872,0.489,,,,,,,1,1,1,0.95,0,slot_map_localized,-27.891,-0.253556,55.671,647.88,220.0,347.368,0,footprint_crosses_slot_entrance,-950.271,213.908,-2255.657,-1196.221,1,MAP_LOCALIZATION,1,1,0,0,0,1785210872.3505948,23.364,0.017,8,1,156.82,slot_map_localized,1485.535:285.134|949.782:1069.652|2188.494:1915.578|2724.247:1131.060,1,1785210865.3898892,2,9,direct_pair_landmarks_frozen,0,,0,,,,,,,,,,,,1,44.673765,0.223773,44.373765,0.076227
44.527708,reacquire_slot,reacquired_slot_path_not_ready:collision_risk:vehicle_footprint_crosses_side_boundary,0,0,0,0,reacquired_slot_path_not_ready:collision_risk:vehicle_footprint_crosses_side_boundary,0,1785210872.4629354,1,1,0,26,gap_confirmed,2,1,1,1,1470.882,-2120.882,1,1,1,1,1,1,1,0,1526.202,1196.715,685.085,-300.0,985.085,0,0.876,0.483,1785210872.4629354,1504.619,1636.331,32.747,769.806,1276.707,1,1,1,0.95,0,direct_pair,-22.173,-0.201572,55.139,642.35,220.0,347.368,0,footprint_crosses_slot_entrance,-923.658,239.837,-2236.304,-1172.396,1,DIRECT_PAIR,1,1,0,0,0,1785210872.4629354,0.0,0.0,2,1,0.0,direct_pair,1474.569:264.967|931.568:1044.486|2162.387:1901.857|2705.388:1122.338,1,1785210865.3898892,2,9,direct_pair_landmarks_frozen,0,collision_risk,0,vehicle_footprint_crosses_side_boundary,0.0054,0.0054,1.0,55.139,57.164,-18.638,7.337,321.478,483.512,300.000:570.000|300.171:562.043|300.684:554.100|301.537:546.187|302.730:538.318|304.260:530.507|306.124:522.770|308.319:515.119|310.841:507.570|313.684:500.136|316.845:492.832|320.316:485.669|324.092:478.663|328.165:471.825|332.529:465.169|337.174:458.706|342.093:452.449|347.276:446.409|352.714:440.598|358.397:435.025|364.314:429.702|370.454:424.637|376.806:419.842|379.337:418.047|383.322:415.271|389.853:410.721|396.385:406.172|402.916:401.622|409.447:397.073|415.979:392.523|422.510:387.973|429.041:383.424|435.572:378.874|442.104:374.325|448.635:369.775|455.166:365.225|461.698:360.676|468.229:356.126|474.760:351.577|481.291:347.027|487.823:342.477|494.354:337.928|500.885:333.378|507.417:328.829|513.948:324.279|520.479:319.729|527.010:315.180|533.542:310.630|540.073:306.081|546.604:301.531|553.136:296.981|559.667:292.432|566.198:287.882|572.729:283.333|579.261:278.783|585.792:274.233|592.323:269.684|598.855:265.134|605.386:260.585|611.917:256.035|618.448:251.485|624.980:246.936|631.511:242.386|638.042:237.837|644.574:233.287|651.105:228.737|657.636:224.188|664.167:219.638|670.699:215.089|677.230:210.539|683.761:205.989|690.292:201.440|696.824:196.890|703.355:192.341|709.886:187.791|716.418:183.241|722.949:178.692|729.480:174.142|736.011:169.593|742.543:165.043|749.074:160.493|755.605:155.944|762.137:151.394|768.668:146.845|775.199:142.295|781.730:137.745,1,44.827708,0.3,44.527708,0.0
44.604745,follow_slot_center,slot_reacquired:resume_pending:follow_slot_center,0,0,0,0,slot_reacquired:resume_pending:follow_slot_center,0,1785210872.5758102,1,1,0,25,gap_confirmed,2,1,1,1,1478.812,-2128.812,1,1,1,1,1,1,1,0,1568.52,1201.648,703.643,-300.0,1003.643,0,0.87,0.494,1785210872.5758102,1647.112,1615.647,20.235,805.974,1455.982,1,1,1,0.95,0,direct_pair,-71.666,-0.651511,60.58,649.696,220.0,347.368,0,footprint_crosses_slot_entrance,-1153.663,12.104,-2218.878,-1205.041,1,DIRECT_PAIR,1,1,0,0,0,1785210872.5758102,0.0,0.0,2,1,0.0,direct_pair,1444.136:324.365|977.484:1151.852|2284.043:1888.671|2750.696:1061.184,1,1785210865.3898892,2,9,direct_pair_landmarks_frozen,0,ready,1,full_arc_straight_ready,0.0054,0.0054,1.0,60.58,22.554,15.973,333.684,321.479,483.513,300.000:570.000|300.171:562.047|300.683:554.108|301.536:546.199|302.728:538.334|304.256:530.527|306.118:522.793|308.311:515.146|310.830:507.600|313.671:500.169|316.828:492.868|320.296:485.708|324.068:478.704|328.138:471.869|332.497:465.215|337.138:458.754|342.053:452.498|347.231:446.459|352.664:440.649|358.342:435.077|364.254:429.753|370.388:424.689|376.735:419.893|383.282:415.374|390.017:411.140|394.220:408.696|396.915:407.177|403.844:403.269|410.774:399.361|417.704:395.453|424.634:391.545|431.563:387.637|438.493:383.729|445.423:379.821|452.353:375.913|459.282:372.005|466.212:368.097|473.142:364.189|480.072:360.281|487.001:356.373|493.931:352.465|500.861:348.557|507.790:344.649|514.720:340.742|521.650:336.834|528.580:332.926|535.509:329.018|542.439:325.110|549.369:321.202|556.299:317.294|563.228:313.386|570.158:309.478|577.088:305.570|584.018:301.662|590.947:297.754|597.877:293.846|604.807:289.938|611.737:286.030|618.666:282.122|625.596:278.214|632.526:274.306|639.456:270.398|646.385:266.491|653.315:262.583|660.245:258.675|667.175:254.767|674.104:250.859|681.034:246.951|687.964:243.043|694.893:239.135|701.823:235.227|708.753:231.319|715.683:227.411|722.612:223.503|729.542:219.595|736.472:215.687|743.402:211.779|750.331:207.871|757.261:203.963|764.191:200.055|771.121:196.147|778.050:192.239|784.980:188.332|791.910:184.424|798.840:180.516|805.769:176.608|812.699:172.700|819.629:168.792,1,44.904745,0.3,44.604745,0.0
44.69794,reacquire_slot,slot_center_path_lost:vehicle_footprint_crosses_side_boundary,0,0,0,0,slot_center_path_lost:vehicle_footprint_crosses_side_boundary,0,1785210872.6870766,1,1,0,24,gap_confirmed,2,1,1,1,1482.71,-2132.71,0,1,1,1,1,1,1,0,1568.52,1201.311,692.712,-300.0,992.712,0,0.87,0.494,,,,,,,1,1,1,0.95,0,slot_map_localized,-31.456,-0.285962,56.101,648.838,220.0,347.368,0,footprint_crosses_slot_entrance,-967.17,197.491,-2256.077,-1200.337,1,MAP_LOCALIZATION,1,1,0,0,0,1785210872.6870766,55.554,4.478,7,1,135.383,slot_map_localized,1484.741:289.028|954.903:1077.553|2199.943:1914.139|2729.781:1125.614,1,1785210865.3898892,2,9,direct_pair_landmarks_frozen,0,collision_risk,0,vehicle_footprint_crosses_side_boundary,0.0054,0.0054,1.0,56.101,50.447,-11.921,7.395,321.478,483.512,300.000:570.000|300.171:562.044|300.684:554.103|301.537:546.191|302.729:538.323|304.259:530.514|306.122:522.778|308.316:515.128|310.837:507.581|313.679:500.148|316.839:492.844|320.309:485.683|324.083:478.678|328.156:471.841|332.518:465.185|337.162:458.723|342.079:452.466|347.260:446.427|352.697:440.616|358.377:435.043|364.292:429.720|370.431:424.656|376.781:419.860|381.903:416.291|383.327:415.335|389.932:410.896|396.538:406.458|403.144:402.019|409.749:397.581|416.355:393.142|422.960:388.703|429.566:384.265|436.171:379.826|442.777:375.388|449.383:370.949|455.988:366.511|462.594:362.072|469.199:357.634|475.805:353.195|482.411:348.757|489.016:344.318|495.622:339.880|502.227:335.441|508.833:331.003|515.438:326.564|522.044:322.126|528.650:317.687|535.255:313.249|541.861:308.810|548.466:304.371|555.072:299.933|561.678:295.494|568.283:291.056|574.889:286.617|581.494:282.179|588.100:277.740|594.705:273.302|601.311:268.863|607.917:264.425|614.522:259.986|621.128:255.548|627.733:251.109|634.339:246.671|640.945:242.232|647.550:237.794|654.156:233.355|660.761:228.916|667.367:224.478|673.972:220.039|680.578:215.601|687.184:211.162|693.789:206.724|700.395:202.285|707.000:197.847|713.606:193.408|720.212:188.970|726.817:184.531|733.423:180.093|740.028:175.654|746.634:171.216|753.239:166.777|759.845:162.339|766.451:157.900|773.056:153.461|779.662:149.023|786.267:144.584|792.873:140.146,1,44.99794,0.3,44.69794,0.0
44.775567,reacquire_slot,reacquire_waiting_for_unique_lidar_scan,0,0,0,0,reacquire_waiting_for_unique_lidar_scan,0,1785210872.6870766,0,1,0,24,gap_confirmed,2,1,1,1,1482.71,-2132.71,0,1,1,1,1,1,1,0,1568.52,1201.311,692.712,-300.0,992.712,0,0.87,0.494,,,,,,,1,1,1,0.95,0,slot_map_localized,-31.456,-0.285962,56.101,648.838,220.0,347.368,0,footprint_crosses_slot_entrance,-967.17,197.491,-2256.077,-1200.337,1,MAP_LOCALIZATION,1,1,0,0,0,1785210872.6870766,55.554,4.478,7,1,135.383,slot_map_localized,1484.741:289.028|954.903:1077.553|2199.943:1914.139|2729.781:1125.614,1,1785210865.3898892,2,9,direct_pair_landmarks_frozen,0,,0,,,,,,,,,,,,1,44.99794,0.222374,44.69794,0.077626
44.8535,reacquire_slot,reacquired_slot_path_not_ready:collision_risk:vehicle_footprint_crosses_side_boundary,0,0,0,0,reacquired_slot_path_not_ready:collision_risk:vehicle_footprint_crosses_side_boundary,0,1785210872.7994978,1,1,0,29,gap_confirmed,2,1,1,1,1474.857,-2124.857,1,1,1,1,1,1,1,0,1546.514,1209.533,686.346,-300.0,986.346,0,0.875,0.484,1785210872.7994978,1505.646,1637.722,40.066,811.884,1308.983,1,1,1,0.95,0,direct_pair,-34.431,-0.313012,56.943,648.196,220.0,347.368,0,footprint_crosses_slot_entrance,-982.825,182.587,-2245.935,-1197.586,1,DIRECT_PAIR,1,1,0,0,0,1785210872.7994978,0.0,0.0,2,1,0.0,direct_pair,1483.902:276.413|965.704:1072.635|2222.897:1890.844|2741.096:1094.622,1,1785210865.3898892,2,9,direct_pair_landmarks_frozen,0,collision_risk,0,vehicle_footprint_crosses_side_boundary,0.0054,0.0054,1.0,56.943,49.74,-11.214,7.116,321.478,483.512,300.000:570.000|300.171:562.037|300.685:554.089|301.540:546.171|302.734:538.297|304.266:530.481|306.132:522.738|308.330:515.083|310.855:507.529|313.702:500.091|316.867:492.782|320.343:485.616|324.124:478.607|328.202:471.766|332.571:465.107|337.223:458.642|342.148:452.382|347.338:446.341|352.782:440.528|358.472:434.955|364.396:429.631|370.543:424.567|376.902:419.772|383.462:415.255|384.172:414.791|390.137:410.909|396.812:406.564|403.488:402.219|410.164:397.875|416.840:393.530|423.515:389.185|430.191:384.841|436.867:380.496|443.543:376.151|450.218:371.806|456.894:367.462|463.570:363.117|470.246:358.772|476.922:354.427|483.597:350.083|490.273:345.738|496.949:341.393|503.625:337.048|510.300:332.704|516.976:328.359|523.652:324.014|530.328:319.670|537.003:315.325|543.679:310.980|550.355:306.635|557.031:302.291|563.707:297.946|570.382:293.601|577.058:289.256|583.734:284.912|590.410:280.567|597.085:276.222|603.761:271.877|610.437:267.533|617.113:263.188|623.788:258.843|630.464:254.499|637.140:250.154|643.816:245.809|650.491:241.464|657.167:237.120|663.843:232.775|670.519:228.430|677.195:224.085|683.870:219.741|690.546:215.396|697.222:211.051|703.898:206.707|710.573:202.362|717.249:198.017|723.925:193.672|730.601:189.328|737.276:184.983|743.952:180.638|750.628:176.293|757.304:171.949|763.979:167.604|770.655:163.259|777.331:158.914|784.007:154.570|790.683:150.225|797.358:145.880,1,45.1535,0.3,44.8535,0.0
44.931494,reacquire_slot,reacquired_slot_path_not_ready:collision_risk:vehicle_footprint_crosses_side_boundary,0,0,0,0,reacquired_slot_path_not_ready:collision_risk:vehicle_footprint_crosses_side_boundary,0,1785210872.9106438,1,1,0,25,gap_confirmed,1,1,1,1,-143.704,-506.296,0,1,1,1,1,1,1,0,1546.514,1199.93,690.505,-300.0,990.505,0,0.875,0.484,,,,,,,1,1,1,0.95,0,slot_map_localized,-33.111,-0.301013,56.765,651.116,220.0,347.368,0,footprint_crosses_slot_entrance,-976.546,188.728,-2260.119,-1210.183,1,MAP_LOCALIZATION,1,1,0,0,0,1785210872.9106438,12.182,0.178,7,0,132.29,slot_map_localized,1495.769:283.175|975.093:1077.780|2229.732:1899.900|2750.408:1105.295,1,1785210865.3898892,2,9,direct_pair_landmarks_frozen,0,collision_risk,0,vehicle_footprint_crosses_side_boundary,0.0054,0.0054,1.0,56.765,50.577,-12.051,5.834,321.475,483.511,300.000:570.000|300.173:562.006|300.690:554.027|301.552:546.078|302.755:538.173|304.299:530.328|306.180:522.557|308.395:514.874|310.940:507.294|313.809:499.831|316.998:492.498|320.500:485.310|324.309:478.280|328.418:471.421|332.820:464.746|337.505:458.267|342.466:451.996|347.693:445.946|353.176:440.126|358.906:434.549|364.870:429.224|371.059:424.162|377.461:419.371|383.689:415.106|384.063:414.861|390.752:410.478|397.440:406.096|404.129:401.713|410.817:397.330|417.505:392.948|424.194:388.565|430.882:384.182|437.570:379.800|444.259:375.417|450.947:371.034|457.635:366.652|464.324:362.269|471.012:357.886|477.700:353.504|484.389:349.121|491.077:344.739|497.766:340.356|504.454:335.973|511.142:331.591|517.831:327.208|524.519:322.825|531.207:318.443|537.896:314.060|544.584:309.677|551.272:305.295|557.961:300.912|564.649:296.529|571.338:292.147|578.026:287.764|584.714:283.382|591.403:278.999|598.091:274.616|604.779:270.234|611.468:265.851|618.156:261.468|624.844:257.086|631.533:252.703|638.221:248.320|644.909:243.938|651.598:239.555|658.286:235.172|664.975:230.790|671.663:226.407|678.351:222.025|685.040:217.642|691.728:213.259|698.416:208.877|705.105:204.494|711.793:200.111|718.481:195.729|725.170:191.346|731.858:186.963|738.547:182.581|745.235:178.198|751.923:173.815|758.612:169.433|765.300:165.050|771.988:160.667|778.677:156.285|785.365:151.902|792.053:147.520|798.742:143.137,1,45.231494,0.3,44.931494,0.0
45.010019,reacquire_slot,reacquire_waiting_for_unique_lidar_scan,0,0,0,0,reacquire_waiting_for_unique_lidar_scan,0,1785210872.9106438,0,1,0,25,gap_confirmed,1,1,1,1,-143.704,-506.296,0,1,1,1,1,1,1,0,1546.514,1199.93,690.505,-300.0,990.505,0,0.875,0.484,,,,,,,1,1,1,0.95,0,slot_map_localized,-33.111,-0.301013,56.765,651.116,220.0,347.368,0,footprint_crosses_slot_entrance,-976.546,188.728,-2260.119,-1210.183,1,MAP_LOCALIZATION,1,1,0,0,0,1785210872.9106438,12.182,0.178,7,0,132.29,slot_map_localized,1495.769:283.175|975.093:1077.780|2229.732:1899.900|2750.408:1105.295,1,1785210865.3898892,2,9,direct_pair_landmarks_frozen,0,,0,,,,,,,,,,,,1,45.231494,0.221474,44.931494,0.078526
45.08882,reacquire_slot,reacquired_slot_path_not_ready:collision_risk:vehicle_footprint_crosses_side_boundary,0,0,0,0,reacquired_slot_path_not_ready:collision_risk:vehicle_footprint_crosses_side_boundary,0,1785210873.0248291,1,1,0,24,gap_confirmed,2,1,1,1,1485.951,-2135.951,1,1,1,1,1,1,1,0,1538.183,1209.182,689.329,-300.0,989.329,0,0.879,0.477,1785210873.0248291,1522.712,1620.656,33.695,832.071,1340.597,1,1,1,0.95,0,direct_pair,-49.006,-0.445512,58.893,648.635,220.0,347.368,0,footprint_crosses_slot_entrance,-1051.573,114.613,-2230.183,-1199.825,1,DIRECT_PAIR,1,1,0,0,0,1785210873.0248291,0.0,0.0,2,1,0.0,direct_pair,1471.765:280.448|980.962:1093.844|2265.271:1868.796|2756.074:1055.400,1,1785210865.3898892,2,9,direct_pair_landmarks_frozen,0,collision_risk,0,vehicle_footprint_crosses_side_boundary,0.0054,0.0054,1.0,58.893,40.506,-1.979,1.383,321.481,483.514,300.000:570.000|300.169:562.090|300.676:554.195|301.519:546.329|302.698:538.506|304.209:530.741|306.051:523.047|308.220:515.438|310.712:507.930|313.522:500.534|316.646:493.266|320.077:486.137|323.810:479.162|327.837:472.352|332.151:465.721|336.745:459.280|341.609:453.041|346.736:447.015|352.115:441.214|357.737:435.648|363.592:430.327|369.668:425.261|375.956:420.459|382.443:415.930|389.117:411.682|389.512:411.443|395.891:407.594|402.665:403.507|409.439:399.419|416.214:395.332|422.988:391.244|429.762:387.156|436.536:383.069|443.311:378.981|450.085:374.894|456.859:370.806|463.633:366.719|470.408:362.631|477.182:358.543|483.956:354.456|490.730:350.368|497.505:346.281|504.279:342.193|511.053:338.106|517.827:334.018|524.602:329.930|531.376:325.843|538.150:321.755|544.924:317.668|551.699:313.580|558.473:309.492|565.247:305.405|572.021:301.317|578.795:297.230|585.570:293.142|592.344:289.055|599.118:284.967|605.892:280.879|612.667:276.792|619.441:272.704|626.215:268.617|632.989:264.529|639.764:260.441|646.538:256.354|653.312:252.266|660.086:248.179|666.861:244.091|673.635:240.004|680.409:235.916|687.183:231.828|693.958:227.741|700.732:223.653|707.506:219.566|714.280:215.478|721.055:211.391|727.829:207.303|734.603:203.215|741.377:199.128|748.152:195.040|754.926:190.953|761.700:186.865|768.474:182.777|775.249:178.690|782.023:174.602|788.797:170.515|795.571:166.427|802.346:162.340|809.120:158.252,1,45.38882,0.3,45.08882,0.0
45.165646,reacquire_slot,reacquired_slot_path_not_ready:collision_risk:insufficient_side_clearance_for_reverse_path,0,0,0,0,reacquired_slot_path_not_ready:collision_risk:insufficient_side_clearance_for_reverse_path,0,1785210873.1358879,1,1,0,28,gap_confirmed,2,1,1,1,1475.45,-2125.45,1,1,1,1,1,1,1,0,1511.533,1222.216,696.147,-300.0,996.147,0,0.884,0.468,1785210873.1358879,1462.039,1615.414,75.549,877.431,1342.067,1,1,1,0.95,0,direct_pair,-56.532,-0.513929,59.771,654.381,220.0,347.368,0,footprint_crosses_slot_entrance,-1086.37,79.724,-2246.795,-1224.928,1,DIRECT_PAIR,1,1,0,0,0,1785210873.1358879,0.0,0.0,2,1,0.0,direct_pair,1485.563:298.398|1007.282:1119.219|2303.315:1874.400|2781.596:1053.579,1,1785210865.3898892,2,9,direct_pair_landmarks_frozen,0,collision_risk,0,insufficient_side_clearance_for_reverse_path,0.0054,0.0054,1.0,59.771,35.421,3.106,333.684,321.475,483.511,300.000:570.000|300.173:562.008|300.690:554.030|301.551:546.082|302.754:538.179|304.298:530.335|306.178:522.565|308.392:514.884|310.936:507.305|313.804:499.843|316.992:492.511|320.493:485.325|324.301:478.295|328.408:471.437|332.808:464.763|337.492:458.284|342.452:452.014|347.677:445.964|353.158:440.145|358.886:434.567|364.848:429.243|371.036:424.180|377.435:419.390|384.036:414.879|390.825:410.658|391.953:409.996|397.731:406.629|404.638:402.604|411.546:398.579|418.454:394.554|425.362:390.529|432.269:386.504|439.177:382.479|446.085:378.454|452.993:374.429|459.901:370.404|466.808:366.379|473.716:362.354|480.624:358.329|487.532:354.304|494.439:350.278|501.347:346.253|508.255:342.228|515.163:338.203|522.071:334.178|528.978:330.153|535.886:326.128|542.794:322.103|549.702:318.078|556.609:314.053|563.517:310.028|570.425:306.003|577.333:301.978|584.241:297.953|591.148:293.927|598.056:289.902|604.964:285.877|611.872:281.852|618.780:277.827|625.687:273.802|632.595:269.777|639.503:265.752|646.411:261.727|653.318:257.702|660.226:253.677|667.134:249.652|674.042:245.627|680.950:241.602|687.857:237.576|694.765:233.551|701.673:229.526|708.581:225.501|715.488:221.476|722.396:217.451|729.304:213.426|736.212:209.401|743.120:205.376|750.027:201.351|756.935:197.326|763.843:193.301|770.751:189.276|777.659:185.251|784.566:181.226|791.474:177.200|798.382:173.175|805.290:169.150|812.197:165.125|819.105:161.100,1,45.465646,0.3,45.165646,0.0
45.244219,follow_slot_center,slot_reacquired:resume_pending:follow_slot_center,0,0,0,0,slot_reacquired:resume_pending:follow_slot_center,0,1785210873.248288,1,1,0,25,gap_confirmed,2,1,1,1,1492.669,-2142.669,1,1,1,1,1,1,1,0,1558.294,1209.864,712.936,-300.0,1012.936,0,0.876,0.483,1785210873.248288,1645.136,1601.295,33.19,772.556,1455.041,1,1,1,0.95,0,direct_pair,-70.487,-0.640792,59.764,646.601,220.0,347.368,0,footprint_crosses_slot_entrance,-1146.611,19.485,-2213.273,-1191.333,1,DIRECT_PAIR,1,1,0,0,0,1785210873.248288,0.0,0.0,2,1,0.0,direct_pair,1426.119:333.736|947.732:1154.495|2243.667:1909.843|2722.055:1089.084,1,1785210865.3898892,2,9,direct_pair_landmarks_frozen,0,ready,1,full_arc_straight_ready,0.0054,0.0054,1.0,59.764,21.445,17.081,333.684,321.475,483.511,300.000:570.000|300.173:562.005|300.690:554.025|301.552:546.075|302.756:538.170|304.300:530.323|306.182:522.551|308.397:514.868|310.942:507.287|313.812:499.823|317.002:492.490|320.505:485.301|324.315:478.270|328.425:471.411|332.828:464.735|337.514:458.256|342.476:451.985|347.704:445.934|353.188:440.114|358.919:434.536|364.885:429.212|371.075:424.149|377.478:419.359|384.082:414.849|390.875:410.629|391.932:410.008|397.782:406.598|404.691:402.571|411.601:398.544|418.510:394.517|425.419:390.490|432.329:386.463|439.238:382.435|446.147:378.408|453.057:374.381|459.966:370.354|466.875:366.327|473.785:362.300|480.694:358.272|487.603:354.245|494.513:350.218|501.422:346.191|508.331:342.164|515.241:338.137|522.150:334.109|529.059:330.082|535.969:326.055|542.878:322.028|549.787:318.001|556.697:313.974|563.606:309.946|570.515:305.919|577.425:301.892|584.334:297.865|591.243:293.838|598.153:289.811|605.062:285.783|611.971:281.756|618.881:277.729|625.790:273.702|632.699:269.675|639.609:265.648|646.518:261.620|653.427:257.593|660.337:253.566|667.246:249.539|674.155:245.512|681.065:241.485|687.974:237.457|694.883:233.430|701.793:229.403|708.702:225.376|715.611:221.349|722.521:217.322|729.430:213.294|736.339:209.267|743.249:205.240|750.158:201.213|757.067:197.186|763.977:193.158|770.886:189.131|777.795:185.104|784.705:181.077|791.614:177.050|798.523:173.023|805.433:168.995|812.342:164.968,1,45.544219,0.3,45.244219,0.0
45.322834,follow_slot_center,following_slot_center:local_target,-100,150,-100,150,following_slot_center:local_target,0,1785210873.248288,0,1,0,25,gap_confirmed,2,1,1,1,1492.669,-2142.669,1,1,1,1,1,1,1,0,1558.294,1209.864,712.936,-300.0,1012.936,0,0.876,0.483,,,,,,,1,1,1,0.95,0,direct_pair,-70.487,-0.640792,59.764,646.601,220.0,347.368,0,footprint_crosses_slot_entrance,-1146.611,19.485,-2213.273,-1191.333,1,DIRECT_PAIR,1,1,0,0,0,1785210873.248288,0.0,0.0,2,1,0.0,direct_pair,1426.119:333.736|947.732:1154.495|2243.667:1909.843|2722.055:1089.084,1,1785210865.3898892,2,9,direct_pair_landmarks_frozen,0,ready,1,full_arc_straight_ready,0.0054,0.0054,1.0,59.764,21.445,17.081,333.684,321.475,483.511,300.000:570.000|300.173:562.005|300.690:554.025|301.552:546.075|302.756:538.170|304.300:530.323|306.182:522.551|308.397:514.868|310.942:507.287|313.812:499.823|317.002:492.490|320.505:485.301|324.315:478.270|328.425:471.411|332.828:464.735|337.514:458.256|342.476:451.985|347.704:445.934|353.188:440.114|358.919:434.536|364.885:429.212|371.075:424.149|377.478:419.359|384.082:414.849|390.875:410.629|391.932:410.008|397.782:406.598|404.691:402.571|411.601:398.544|418.510:394.517|425.419:390.490|432.329:386.463|439.238:382.435|446.147:378.408|453.057:374.381|459.966:370.354|466.875:366.327|473.785:362.300|480.694:358.272|487.603:354.245|494.513:350.218|501.422:346.191|508.331:342.164|515.241:338.137|522.150:334.109|529.059:330.082|535.969:326.055|542.878:322.028|549.787:318.001|556.697:313.974|563.606:309.946|570.515:305.919|577.425:301.892|584.334:297.865|591.243:293.838|598.153:289.811|605.062:285.783|611.971:281.756|618.881:277.729|625.790:273.702|632.699:269.675|639.609:265.648|646.518:261.620|653.427:257.593|660.337:253.566|667.246:249.539|674.155:245.512|681.065:241.485|687.974:237.457|694.883:233.430|701.793:229.403|708.702:225.376|715.611:221.349|722.521:217.322|729.430:213.294|736.339:209.267|743.249:205.240|750.158:201.213|757.067:197.186|763.977:193.158|770.886:189.131|777.795:185.104|784.705:181.077|791.614:177.050|798.523:173.023|805.433:168.995|812.342:164.968,1,45.544219,0.221385,45.244219,0.078615
45.402287,reacquire_slot,slot_center_path_lost:vehicle_footprint_crosses_side_boundary,0,0,0,0,slot_center_path_lost:vehicle_footprint_crosses_side_boundary,0,1785210873.3630254,1,1,0,27,gap_confirmed,2,1,1,1,1485.908,-2135.908,1,1,1,1,1,1,1,0,1546.193,1209.837,699.942,-300.0,999.942,0,0.878,0.479,1785210873.3630254,1523.719,1635.394,39.114,784.179,1312.506,1,1,1,0.95,0,direct_pair,-32.174,-0.292487,56.239,645.866,220.0,347.368,0,footprint_crosses_slot_entrance,-970.74,194.061,-2242.054,-1187.505,1,DIRECT_PAIR,1,1,0,0,0,1785210873.3630254,0.0,0.0,2,1,0.0,direct_pair,1473.760:280.914|945.814:1070.707|2192.855:1904.307|2720.801:1114.514,1,1785210865.3898892,2,9,direct_pair_landmarks_frozen,0,collision_risk,0,vehicle_footprint_crosses_side_boundary,0.0054,0.0054,1.0,56.239,50.098,-11.572,0.807,321.48,483.514,300.000:570.000|300.170:562.077|300.678:554.168|301.524:546.288|302.707:538.452|304.224:530.674|306.072:522.967|308.249:515.347|310.749:507.826|313.569:500.420|316.703:493.141|320.146:486.003|323.891:479.019|327.931:472.201|332.259:465.562|336.868:459.115|341.748:452.871|346.891:446.841|352.287:441.037|357.926:435.469|363.799:430.147|369.894:425.081|376.200:420.281|382.272:416.044|382.705:415.755|389.294:411.350|395.883:406.946|402.472:402.541|409.061:398.137|415.650:393.732|422.239:389.328|428.828:384.923|435.417:380.518|442.006:376.114|448.595:371.709|455.184:367.305|461.774:362.900|468.363:358.496|474.952:354.091|481.541:349.687|488.130:345.282|494.719:340.878|501.308:336.473|507.897:332.068|514.486:327.664|521.075:323.259|527.664:318.855|534.253:314.450|540.842:310.046|547.431:305.641|554.020:301.237|560.610:296.832|567.199:292.428|573.788:288.023|580.377:283.619|586.966:279.214|593.555:274.809|600.144:270.405|606.733:266.000|613.322:261.596|619.911:257.191|626.500:252.787|633.089:248.382|639.678:243.978|646.267:239.573|652.856:235.169|659.446:230.764|666.035:226.359|672.624:221.955|679.213:217.550|685.802:213.146|692.391:208.741|698.980:204.337|705.569:199.932|712.158:195.528|718.747:191.123|725.336:186.719|731.925:182.314|738.514:177.909|745.103:173.505|751.692:169.100|758.281:164.696|764.871:160.291|771.460:155.887|778.049:151.482|784.638:147.078|791.227:142.673,1,45.702287,0.3,45.402287,0.0
45.480304,reacquire_slot,reacquired_slot_path_not_ready:collision_risk:vehicle_footprint_crosses_side_boundary,0,0,0,0,reacquired_slot_path_not_ready:collision_risk:vehicle_footprint_crosses_side_boundary,0,1785210873.4739816,1,1,0,28,gap_confirmed,2,1,1,1,1578.458,-2228.458,0,1,1,1,1,1,1,0,1546.193,1202.169,703.341,-300.0,1003.341,0,0.878,0.479,,,,,,,1,1,1,0.95,0,slot_map_localized,-23.388,-0.212621,54.686,645.795,220.0,347.368,0,footprint_crosses_slot_entrance,-927.211,235.62,-2254.992,-1187.341,1,MAP_LOCALIZATION,1,1,0,0,0,1785210873.4739816,5.356,1.552,9,1,368.375,slot_map_localized,1479.160:289.491|930.012:1064.691|2154.013:1931.768|2703.161:1156.567,1,1785210865.3898892,2,9,direct_pair_landmarks_frozen,0,collision_risk,0,vehicle_footprint_crosses_side_boundary,0.0054,0.0054,1.0,54.686,54.75,-16.224,5.96,321.475,483.511,300.000:570.000|300.172:562.009|300.690:554.033|301.550:546.087|302.753:538.186|304.296:530.343|306.176:522.575|308.389:514.895|310.931:507.317|313.798:499.856|316.985:492.526|320.484:485.341|324.291:478.312|328.397:471.455|332.795:464.782|337.478:458.304|342.435:452.034|347.658:445.984|353.137:440.166|358.863:434.589|364.824:429.264|371.008:424.201|377.406:419.410|378.139:418.889|383.927:414.788|390.450:410.168|396.972:405.547|403.495:400.927|410.017:396.306|416.540:391.686|423.062:387.065|429.585:382.444|436.107:377.824|442.630:373.203|449.153:368.583|455.675:363.962|462.198:359.342|468.720:354.721|475.243:350.101|481.765:345.480|488.288:340.860|494.810:336.239|501.333:331.619|507.855:326.998|514.378:322.378|520.900:317.757|527.423:313.137|533.945:308.516|540.468:303.896|546.990:299.275|553.513:294.655|560.035:290.034|566.558:285.414|573.080:280.793|579.603:276.173|586.125:271.552|592.648:266.931|599.171:262.311|605.693:257.690|612.216:253.070|618.738:248.449|625.261:243.829|631.783:239.208|638.306:234.588|644.828:229.967|651.351:225.347|657.873:220.726|664.396:216.106|670.918:211.485|677.441:206.865|683.963:202.244|690.486:197.624|697.008:193.003|703.531:188.383|710.053:183.762|716.576:179.142|723.098:174.521|729.621:169.901|736.143:165.280|742.666:160.660|749.189:156.039|755.711:151.418|762.234:146.798|768.756:142.177|775.279:137.557|781.801:132.936,1,45.780304,0.3,45.480304,0.0
45.556975,reacquire_slot,reacquire_waiting_for_unique_lidar_scan,0,0,0,0,reacquire_waiting_for_unique_lidar_scan,0,1785210873.4739816,0,1,0,28,gap_confirmed,2,1,1,1,1578.458,-2228.458,0,1,1,1,1,1,1,0,1546.193,1202.169,703.341,-300.0,1003.341,0,0.878,0.479,,,,,,,1,1,1,0.95,0,slot_map_localized,-23.388,-0.212621,54.686,645.795,220.0,347.368,0,footprint_crosses_slot_entrance,-927.211,235.62,-2254.992,-1187.341,1,MAP_LOCALIZATION,1,1,0,0,0,1785210873.4739816,5.356,1.552,9,1,368.375,slot_map_localized,1479.160:289.491|930.012:1064.691|2154.013:1931.768|2703.161:1156.567,1,1785210865.3898892,2,9,direct_pair_landmarks_frozen,0,,0,,,,,,,,,,,,1,45.780304,0.223329,45.480304,0.076671
45.633591,reacquire_slot,reacquired_slot_path_not_ready:collision_risk:vehicle_footprint_crosses_side_boundary,0,0,0,0,reacquired_slot_path_not_ready:collision_risk:vehicle_footprint_crosses_side_boundary,0,1785210873.5850646,1,1,0,27,gap_confirmed,2,1,1,1,1469.614,-2119.614,0,1,1,1,1,1,1,0,1546.193,1203.277,691.736,-300.0,991.736,0,0.878,0.479,,,,,,,1,1,1,0.95,0,slot_map_localized,-23.345,-0.212225,54.678,647.7,220.0,347.368,0,footprint_crosses_slot_entrance,-926.992,235.826,-2263.284,-1195.568,1,MAP_LOCALIZATION,1,1,0,0,0,1785210873.5850646,8.211,0.008,8,1,160.292,slot_map_localized,1485.898:294.299|936.642:1069.423|2160.522:1936.670|2709.778:1161.546,1,1785210865.3898892,2,9,direct_pair_landmarks_frozen,0,collision_risk,0,vehicle_footprint_crosses_side_boundary,0.0054,0.0054,1.0,54.678,54.773,-16.247,0.98,321.481,483.514,300.000:570.000|300.169:562.081|300.677:554.176|301.523:546.301|302.704:538.468|304.220:530.694|306.066:522.991|308.240:515.374|310.738:507.858|313.555:500.454|316.686:493.179|320.125:486.043|323.866:479.062|327.903:472.246|332.227:465.610|336.831:459.164|341.706:452.922|346.844:446.893|352.235:441.090|357.869:435.522|363.737:430.201|369.826:425.135|376.126:420.335|378.118:418.904|382.580:415.742|389.043:411.162|395.507:406.582|401.970:402.002|408.433:397.422|414.897:392.842|421.360:388.262|427.823:383.682|434.287:379.102|440.750:374.522|447.213:369.942|453.677:365.362|460.140:360.782|466.603:356.202|473.067:351.622|479.530:347.042|485.993:342.462|492.457:337.883|498.920:333.303|505.383:328.723|511.847:324.143|518.310:319.563|524.773:314.983|531.237:310.403|537.700:305.823|544.163:301.243|550.627:296.663|557.090:292.083|563.553:287.503|570.017:282.923|576.480:278.343|582.943:273.763|589.407:269.183|595.870:264.603|602.333:260.024|608.797:255.444|615.260:250.864|621.723:246.284|628.187:241.704|634.650:237.124|641.113:232.544|647.577:227.964|654.040:223.384|660.503:218.804|666.967:214.224|673.430:209.644|679.893:205.064|686.357:200.484|692.820:195.904|699.283:191.324|705.747:186.744|712.210:182.164|718.673:177.585|725.137:173.005|731.600:168.425|738.063:163.845|744.527:159.265|750.990:154.685|757.453:150.105|763.917:145.525|770.380:140.945|776.843:136.365|783.307:131.785,1,45.933591,0.3,45.633591,0.0
45.712616,reacquire_slot,reacquired_slot_path_not_ready:collision_risk:vehicle_footprint_crosses_side_boundary,0,0,0,0,reacquired_slot_path_not_ready:collision_risk:vehicle_footprint_crosses_side_boundary,0,1785210873.699082,1,1,0,28,gap_confirmed,2,1,1,1,1449.789,-2099.789,1,1,1,1,1,1,1,0,1526.446,1203.547,675.364,-300.0,975.364,0,0.879,0.477,1785210873.699082,1489.772,1619.395,22.133,788.701,1267.786,1,1,1,0.95,0,direct_pair,-27.361,-0.248735,56.302,640.761,220.0,347.368,0,footprint_crosses_slot_entrance,-950.171,214.691,-2219.462,-1165.459,1,DIRECT_PAIR,1,1,0,0,0,1785210873.699082,0.0,0.0,2,1,0.0,direct_pair,1467.587:249.774|940.508:1040.146|2188.464:1872.375|2715.543:1082.003,1,1785210865.3898892,2,9,direct_pair_landmarks_frozen,0,collision_risk,0,vehicle_footprint_crosses_side_boundary,0.0054,0.0054,1.0,56.302,55.08,-16.554,7.312,321.478,483.512,300.000:570.000|300.171:562.042|300.684:554.099|301.538:546.185|302.731:538.315|304.261:530.504|306.125:522.766|308.320:515.115|310.842:507.565|313.686:500.131|316.847:492.826|320.319:485.663|324.095:478.657|328.169:471.819|332.534:465.162|337.180:458.699|342.099:452.442|347.283:446.401|352.722:440.590|358.405:435.017|364.323:429.694|370.464:424.629|376.817:419.834|382.441:415.931|383.368:415.313|389.991:410.896|396.614:406.480|403.236:402.063|409.859:397.647|416.482:393.230|423.104:388.814|429.727:384.397|436.350:379.981|442.973:375.564|449.595:371.148|456.218:366.731|462.841:362.315|469.464:357.898|476.086:353.482|482.709:349.065|489.332:344.649|495.955:340.232|502.577:335.815|509.200:331.399|515.823:326.982|522.445:322.566|529.068:318.149|535.691:313.733|542.314:309.316|548.936:304.900|555.559:300.483|562.182:296.067|568.805:291.650|575.427:287.234|582.050:282.817|588.673:278.401|595.296:273.984|601.918:269.567|608.541:265.151|615.164:260.734|621.786:256.318|628.409:251.901|635.032:247.485|641.655:243.068|648.277:238.652|654.900:234.235|661.523:229.819|668.146:225.402|674.768:220.986|681.391:216.569|688.014:212.153|694.636:207.736|701.259:203.320|707.882:198.903|714.505:194.486|721.127:190.070|727.750:185.653|734.373:181.237|740.996:176.820|747.618:172.404|754.241:167.987|760.864:163.571|767.487:159.154|774.109:154.738|780.732:150.321|787.355:145.905,1,46.012616,0.3,45.712616,0.0
45.791444,reacquire_slot,reacquire_waiting_for_unique_lidar_scan,0,0,0,0,reacquire_waiting_for_unique_lidar_scan,0,1785210873.699082,0,1,0,28,gap_confirmed,2,1,1,1,1449.789,-2099.789,1,1,1,1,1,1,1,0,1526.446,1203.547,675.364,-300.0,975.364,0,0.879,0.477,,,,,,,1,1,1,0.95,0,direct_pair,-27.361,-0.248735,56.302,640.761,220.0,347.368,0,footprint_crosses_slot_entrance,-950.171,214.691,-2219.462,-1165.459,1,DIRECT_PAIR,1,1,0,0,0,1785210873.699082,0.0,0.0,2,1,0.0,direct_pair,1467.587:249.774|940.508:1040.146|2188.464:1872.375|2715.543:1082.003,1,1785210865.3898892,2,9,direct_pair_landmarks_frozen,0,,0,,,,,,,,,,,,1,46.012616,0.221172,45.712616,0.078828
45.85393,reacquire_slot,reacquired_slot_path_not_ready:collision_risk:vehicle_footprint_crosses_side_boundary,0,0,0,0,reacquired_slot_path_not_ready:collision_risk:vehicle_footprint_crosses_side_boundary,0,1785210873.8118103,1,1,0,24,gap_confirmed,2,1,1,1,1468.035,-2118.035,1,1,1,1,1,1,1,0,1516.636,1199.538,671.446,-300.0,971.446,0,0.879,0.476,1785210873.8118103,1498.417,1605.779,35.986,778.404,1292.355,1,1,1,0.95,0,direct_pair,-34.644,-0.314947,56.633,640.731,220.0,347.368,0,footprint_crosses_slot_entrance,-982.733,182.432,-2216.432,-1165.336,1,DIRECT_PAIR,1,1,0,0,0,1785210873.8118103,0.0,0.0,2,1,0.0,direct_pair,1453.339:267.466|930.844:1060.875|2183.596:1885.868|2706.091:1092.458,1,1785210865.3898892,2,9,direct_pair_landmarks_frozen,0,collision_risk,0,vehicle_footprint_crosses_side_boundary,0.0054,0.0054,1.0,56.633,48.69,-10.164,7.092,321.478,483.512,300.000:570.000|300.171:562.037|300.685:554.088|301.540:546.169|302.734:538.294|304.266:530.478|306.133:522.735|308.331:515.079|310.857:507.525|313.704:500.086|316.869:492.777|320.346:485.611|324.127:478.601|328.206:471.760|332.576:465.100|337.228:458.635|342.154:452.375|347.344:446.334|352.789:440.521|358.480:434.947|364.404:429.624|370.552:424.560|376.912:419.765|383.334:415.339|383.473:415.248|390.125:410.867|396.778:406.486|403.431:402.105|410.083:397.724|416.736:393.343|423.389:388.962|430.041:384.581|436.694:380.199|443.347:375.818|449.999:371.437|456.652:367.056|463.305:362.675|469.957:358.294|476.610:353.913|483.263:349.532|489.915:345.151|496.568:340.770|503.221:336.389|509.873:332.008|516.526:327.627|523.179:323.246|529.831:318.865|536.484:314.483|543.137:310.102|549.789:305.721|556.442:301.340|563.095:296.959|569.747:292.578|576.400:288.197|583.053:283.816|589.705:279.435|596.358:275.054|603.010:270.673|609.663:266.292|616.316:261.911|622.968:257.530|629.621:253.148|636.274:248.767|642.926:244.386|649.579:240.005|656.232:235.624|662.884:231.243|669.537:226.862|676.190:222.481|682.842:218.100|689.495:213.719|696.148:209.338|702.800:204.957|709.453:200.576|716.106:196.195|722.758:191.814|729.411:187.432|736.064:183.051|742.716:178.670|749.369:174.289|756.022:169.908|762.674:165.527|769.327:161.146|775.980:156.765|782.632:152.384|789.285:148.003,1,46.15393,0.3,45.85393,0.0
45.929711,reacquire_slot,reacquired_slot_path_not_ready:collision_risk:vehicle_footprint_crosses_side_boundary,0,0,0,0,reacquired_slot_path_not_ready:collision_risk:vehicle_footprint_crosses_side_boundary,0,1785210873.9228523,1,1,0,30,gap_confirmed,2,1,1,1,1463.497,-2113.497,1,1,1,1,1,1,1,0,1496.798,1198.181,669.617,-300.0,969.617,0,0.881,0.474,1785210873.9228523,1459.958,1611.259,60.248,780.067,1272.189,1,1,1,0.95,0,direct_pair,-27.919,-0.25381,55.556,642.27,220.0,347.368,0,footprint_crosses_slot_entrance,-949.985,214.055,-2232.413,-1172.008,1,DIRECT_PAIR,1,1,0,0,0,1785210873.9228523,0.0,0.0,2,1,0.0,direct_pair,1464.321:274.494|927.005:1057.942|2164.028:1906.337|2701.345:1122.889,1,1785210865.3898892,2,9,direct_pair_landmarks_frozen,0,collision_risk,0,vehicle_footprint_crosses_side_boundary,0.0054,0.0054,1.0,55.556,52.526,-14.0,7.093,321.478,483.512,300.000:570.000|300.171:562.037|300.685:554.088|301.540:546.169|302.734:538.294|304.266:530.478|306.133:522.735|308.331:515.079|310.857:507.525|313.704:500.087|316.869:492.777|320.346:485.611|324.127:478.601|328.206:471.760|332.576:465.100|337.228:458.635|342.154:452.375|347.344:446.334|352.789:440.521|358.480:434.947|364.404:429.624|370.552:424.560|376.912:419.765|380.445:417.281|383.453:415.218|390.022:410.713|396.591:406.208|403.160:401.702|409.729:397.197|416.298:392.692|422.867:388.186|429.437:383.681|436.006:379.176|442.575:374.670|449.144:370.165|455.713:365.660|462.282:361.154|468.851:356.649|475.420:352.144|481.990:347.638|488.559:343.133|495.128:338.628|501.697:334.122|508.266:329.617|514.835:325.112|521.404:320.606|527.974:316.101|534.543:311.595|541.112:307.090|547.681:302.585|554.250:298.079|560.819:293.574|567.388:289.069|573.957:284.563|580.527:280.058|587.096:275.553|593.665:271.047|600.234:266.542|606.803:262.037|613.372:257.531|619.941:253.026|626.510:248.521|633.080:244.015|639.649:239.510|646.218:235.005|652.787:230.499|659.356:225.994|665.925:221.489|672.494:216.983|679.063:212.478|685.633:207.973|692.202:203.467|698.771:198.962|705.340:194.457|711.909:189.951|718.478:185.446|725.047:180.941|731.616:176.435|738.186:171.930|744.755:167.424|751.324:162.919|757.893:158.414|764.462:153.908|771.031:149.403|777.600:144.898|784.170:140.392,1,46.229711,0.3,45.929711,0.0
46.006552,reacquire_slot,reacquire_waiting_for_unique_lidar_scan,0,0,0,0,reacquire_waiting_for_unique_lidar_scan,0,1785210873.9228523,0,1,0,30,gap_confirmed,2,1,1,1,1463.497,-2113.497,1,1,1,1,1,1,1,0,1496.798,1198.181,669.617,-300.0,969.617,0,0.881,0.474,,,,,,,1,1,1,0.95,0,direct_pair,-27.919,-0.25381,55.556,642.27,220.0,347.368,0,footprint_crosses_slot_entrance,-949.985,214.055,-2232.413,-1172.008,1,DIRECT_PAIR,1,1,0,0,0,1785210873.9228523,0.0,0.0,2,1,0.0,direct_pair,1464.321:274.494|927.005:1057.942|2164.028:1906.337|2701.345:1122.889,1,1785210865.3898892,2,9,direct_pair_landmarks_frozen,0,,0,,,,,,,,,,,,1,46.229711,0.223159,45.929711,0.076841
46.083222,follow_slot_center,slot_reacquired:resume_pending:follow_slot_center,0,0,0,0,slot_reacquired:resume_pending:follow_slot_center,0,1785210874.03727,1,1,0,24,gap_confirmed,2,1,1,1,1469.907,-2119.907,1,1,1,1,1,1,1,0,1545.474,1199.426,691.925,-300.0,991.925,0,0.874,0.487,1785210874.03727,1635.871,1600.86,18.571,802.612,1448.139,1,1,1,0.95,0,direct_pair,-73.26,-0.665996,60.822,647.019,220.0,347.368,0,footprint_crosses_slot_entrance,-1161.092,4.532,-2204.99,-1193.597,1,DIRECT_PAIR,1,1,0,0,0,1785210874.03727,0.0,0.0,2,1,0.0,direct_pair,1433.313:318.630|970.160:1148.081|2279.820:1879.374|2742.973:1049.923,1,1785210865.3898892,2,9,direct_pair_landmarks_frozen,0,ready,1,full_arc_straight_ready,0.0054,0.0054,1.0,60.822,21.642,16.884,333.684,321.48,483.513,300.000:570.000|300.170:562.073|300.679:554.161|301.526:546.278|302.709:538.438|304.228:530.656|306.078:522.946|308.256:515.323|310.759:507.799|313.581:500.390|316.718:493.108|320.164:485.968|323.912:478.981|327.956:472.161|332.288:465.521|336.900:459.072|341.784:452.826|346.931:446.795|352.332:440.990|357.976:435.422|363.853:430.100|369.952:425.035|376.263:420.235|382.774:415.710|389.472:411.468|394.902:408.314|396.342:407.509|403.265:403.644|410.188:399.778|417.111:395.912|424.034:392.047|430.957:388.181|437.880:384.315|444.804:380.449|451.727:376.584|458.650:372.718|465.573:368.852|472.496:364.986|479.419:361.121|486.342:357.255|493.265:353.389|500.188:349.524|507.111:345.658|514.034:341.792|520.957:337.926|527.880:334.061|534.803:330.195|541.726:326.329|548.649:322.463|555.573:318.598|562.496:314.732|569.419:310.866|576.342:307.001|583.265:303.135|590.188:299.269|597.111:295.403|604.034:291.538|610.957:287.672|617.880:283.806|624.803:279.940|631.726:276.075|638.649:272.209|645.572:268.343|652.495:264.478|659.418:260.612|666.342:256.746|673.265:252.880|680.188:249.015|687.111:245.149|694.034:241.283|700.957:237.417|707.880:233.552|714.803:229.686|721.726:225.820|728.649:221.955|735.572:218.089|742.495:214.223|749.418:210.357|756.341:206.492|763.264:202.626|770.187:198.760|777.110:194.894|784.034:191.029|790.957:187.163|797.880:183.297|804.803:179.432|811.726:175.566|818.649:171.700,1,46.383222,0.3,46.083222,0.0
46.162023,reacquire_slot,slot_center_path_lost:vehicle_footprint_crosses_side_boundary,0,0,0,0,slot_center_path_lost:vehicle_footprint_crosses_side_boundary,0,1785210874.1486828,1,1,0,29,gap_confirmed,2,1,1,1,1463.371,-2113.371,1,1,1,1,1,1,1,0,1530.655,1200.01,676.883,-300.0,976.883,0,0.877,0.481,1785210874.1486828,1503.135,1635.301,27.899,766.89,1269.997,1,1,1,0.95,0,direct_pair,-20.726,-0.188419,55.041,641.247,220.0,347.368,0,footprint_crosses_slot_entrance,-917.045,246.311,-2232.374,-1167.644,1,DIRECT_PAIR,1,1,0,0,0,1785210874.1486828,0.0,0.0,2,1,0.0,direct_pair,1473.268:259.657|928.923:1038.239|2158.262:1897.730|2702.607:1119.149,1,1785210865.3898892,2,9,direct_pair_landmarks_frozen,0,collision_risk,0,vehicle_footprint_crosses_side_boundary,0.0054,0.0054,1.0,55.041,58.349,-19.823,7.943,321.479,483.513,300.000:570.000|300.170:562.058|300.681:554.130|301.532:546.231|302.720:538.376|304.244:530.579|306.102:522.855|308.288:515.218|310.801:507.681|313.634:500.259|316.783:492.966|320.242:485.814|324.004:478.817|328.064:471.988|332.412:465.339|337.041:458.883|341.943:452.632|347.109:446.596|352.529:440.788|358.193:435.217|364.090:429.895|370.211:424.830|376.543:420.032|379.075:418.230|383.039:415.458|389.550:410.906|396.062:406.354|402.573:401.801|409.084:397.249|415.596:392.696|422.107:388.144|428.618:383.592|435.130:379.039|441.641:374.487|448.152:369.935|454.664:365.382|461.175:360.830|467.686:356.277|474.198:351.725|480.709:347.173|487.220:342.620|493.732:338.068|500.243:333.515|506.754:328.963|513.266:324.411|519.777:319.858|526.288:315.306|532.800:310.753|539.311:306.201|545.822:301.649|552.334:297.096|558.845:292.544|565.356:287.991|571.868:283.439|578.379:278.887|584.890:274.334|591.402:269.782|597.913:265.230|604.424:260.677|610.936:256.125|617.447:251.572|623.958:247.020|630.470:242.468|636.981:237.915|643.492:233.363|650.004:228.810|656.515:224.258|663.026:219.706|669.538:215.153|676.049:210.601|682.560:206.048|689.072:201.496|695.583:196.944|702.094:192.391|708.606:187.839|715.117:183.286|721.628:178.734|728.140:174.182|734.651:169.629|741.162:165.077|747.674:160.525|754.185:155.972|760.696:151.420|767.208:146.867|773.719:142.315|780.230:137.763,1,46.462023,0.3,46.162023,0.0
46.238546,reacquire_slot,reacquire_waiting_for_unique_lidar_scan,0,0,0,0,reacquire_waiting_for_unique_lidar_scan,0,1785210874.1486828,0,1,0,29,gap_confirmed,2,1,1,1,1463.371,-2113.371,1,1,1,1,1,1,1,0,1530.655,1200.01,676.883,-300.0,976.883,0,0.877,0.481,,,,,,,1,1,1,0.95,0,direct_pair,-20.726,-0.188419,55.041,641.247,220.0,347.368,0,footprint_crosses_slot_entrance,-917.045,246.311,-2232.374,-1167.644,1,DIRECT_PAIR,1,1,0,0,0,1785210874.1486828,0.0,0.0,2,1,0.0,direct_pair,1473.268:259.657|928.923:1038.239|2158.262:1897.730|2702.607:1119.149,1,1785210865.3898892,2,9,direct_pair_landmarks_frozen,0,,0,,,,,,,,,,,,1,46.462023,0.223477,46.162023,0.076523
46.31702,reacquire_slot,reacquired_slot_path_not_ready:collision_risk:vehicle_footprint_crosses_side_boundary,0,0,0,0,reacquired_slot_path_not_ready:collision_risk:vehicle_footprint_crosses_side_boundary,0,1785210874.260591,1,1,0,27,gap_confirmed,2,1,1,1,1464.257,-2114.257,1,1,1,1,1,1,1,0,1504.118,1204.631,677.36,-300.0,977.36,0,0.88,0.475,1785210874.260591,1454.834,1610.31,64.665,816.115,1291.824,1,1,1,0.95,0,direct_pair,-37.537,-0.341245,57.09,646.321,220.0,347.368,0,footprint_crosses_slot_entrance,-996.707,168.81,-2236.54,-1189.502,1,DIRECT_PAIR,1,1,0,0,0,1785210874.260591,0.0,0.0,2,1,0.0,direct_pair,1471.292:279.471|955.134:1077.018|2214.419:1892.004|2730.576:1094.457,1,1785210865.3898892,2,9,direct_pair_landmarks_frozen,0,collision_risk,0,vehicle_footprint_crosses_side_boundary,0.0054,0.0054,1.0,57.09,47.033,-8.506,7.916,321.479,483.513,300.000:570.000|300.170:562.057|300.681:554.128|301.532:546.229|302.721:538.374|304.245:530.576|306.103:522.851|308.290:515.213|310.803:507.676|313.636:500.254|316.786:492.960|320.245:485.808|324.008:478.810|328.068:471.981|332.417:465.332|337.047:458.876|341.950:452.624|347.116:446.588|352.537:440.779|358.202:435.209|364.100:429.886|370.221:424.821|376.554:420.024|383.087:415.502|384.570:414.533|389.753:411.178|396.424:406.861|403.094:402.544|409.765:398.227|416.435:393.910|423.106:389.593|429.776:385.276|436.447:380.959|443.117:376.642|449.787:372.325|456.458:368.008|463.128:363.691|469.799:359.374|476.469:355.057|483.140:350.740|489.810:346.423|496.481:342.106|503.151:337.789|509.822:333.472|516.492:329.155|523.163:324.838|529.833:320.521|536.504:316.204|543.174:311.887|549.845:307.570|556.515:303.253|563.186:298.936|569.856:294.619|576.527:290.302|583.197:285.985|589.868:281.668|596.538:277.351|603.209:273.034|609.879:268.716|616.550:264.399|623.220:260.082|629.891:255.765|636.561:251.448|643.232:247.131|649.902:242.814|656.573:238.497|663.243:234.180|669.914:229.863|676.584:225.546|683.255:221.229|689.925:216.912|696.596:212.595|703.266:208.278|709.937:203.961|716.607:199.644|723.278:195.327|729.948:191.010|736.619:186.693|743.289:182.376|749.960:178.059|756.630:173.742|763.301:169.425|769.971:165.108|776.642:160.791|783.312:156.474|789.982:152.157|796.653:147.840,1,46.61702,0.3,46.31702,0.0
46.410426,follow_slot_center,slot_reacquired:resume_pending:follow_slot_center,0,0,0,0,slot_reacquired:resume_pending:follow_slot_center,0,1785210874.371367,1,1,0,27,gap_confirmed,2,1,1,1,1472.628,-2122.628,1,1,1,1,1,1,1,0,1548.278,1187.691,693.119,-300.0,993.119,0,0.872,0.49,1785210874.371367,1630.289,1596.254,36.176,716.205,1408.594,1,1,1,0.95,0,direct_pair,-54.772,-0.497927,57.33,640.57,220.0,347.368,0,footprint_crosses_slot_entrance,-1071.891,93.782,-2209.562,-1164.69,1,DIRECT_PAIR,1,1,0,0,0,1785210874.371367,0.0,0.0,2,1,0.0,direct_pair,1412.632:322.531|899.828:1122.239|2162.524:1931.929|2675.328:1132.222,1,1785210865.3898892,2,9,direct_pair_landmarks_frozen,0,ready,1,full_arc_straight_ready,0.0054,0.0054,1.0,57.33,30.451,8.075,333.684,321.477,483.512,300.000:570.000|300.172:562.027|300.687:554.068|301.544:546.139|302.741:538.254|304.277:530.428|306.149:522.675|308.353:515.010|310.884:507.448|313.739:500.001|316.912:492.684|320.397:485.510|324.188:478.493|328.277:471.646|332.658:464.981|337.321:458.512|342.258:452.248|347.461:446.204|352.919:440.388|358.622:434.814|364.560:429.490|370.722:424.426|377.096:419.633|383.671:415.118|385.223:414.112|390.380:410.805|397.094:406.500|403.808:402.194|410.522:397.889|417.236:393.584|423.950:389.278|430.664:384.973|437.379:380.668|444.093:376.362|450.807:372.057|457.521:367.752|464.235:363.446|470.949:359.141|477.663:354.835|484.377:350.530|491.092:346.225|497.806:341.919|504.520:337.614|511.234:333.309|517.948:329.003|524.662:324.698|531.376:320.393|538.090:316.087|544.804:311.782|551.519:307.477|558.233:303.171|564.947:298.866|571.661:294.560|578.375:290.255|585.089:285.950|591.803:281.644|598.517:277.339|605.232:273.034|611.946:268.728|618.660:264.423|625.374:260.118|632.088:255.812|638.802:251.507|645.516:247.201|652.230:242.896|658.945:238.591|665.659:234.285|672.373:229.980|679.087:225.675|685.801:221.369|692.515:217.064|699.229:212.759|705.943:208.453|712.657:204.148|719.372:199.843|726.086:195.537|732.800:191.232|739.514:186.926|746.228:182.621|752.942:178.316|759.656:174.010|766.370:169.705|773.085:165.400|779.799:161.094|786.513:156.789|793.227:152.484,1,46.710426,0.3,46.410426,0.0
46.490702,follow_slot_center,following_slot_center:local_target,-100,150,-100,150,following_slot_center:local_target,0,1785210874.4858792,1,1,0,24,gap_confirmed,2,1,1,1,1472.207,-2122.207,1,1,1,1,1,1,1,0,1578.616,1181.976,702.456,-300.0,1002.456,0,0.866,0.5,1785210874.4858792,1634.959,1596.382,21.429,746.345,1418.164,1,1,1,0.95,0,direct_pair,-60.716,-0.55196,58.676,641.869,220.0,347.368,0,footprint_crosses_slot_entrance,-1101.536,64.631,-2202.973,-1170.549,1,DIRECT_PAIR,1,1,0,0,0,1785210874.4858792,0.0,0.0,2,1,0.0,direct_pair,1418.307:314.033|924.420:1125.560|2205.779:1905.381|2699.665:1093.854,1,1785210865.3898892,2,9,direct_pair_landmarks_frozen,0,ready,1,full_arc_straight_ready,0.0054,0.0054,1.0,58.676,28.195,10.331,333.684,321.481,483.514,300.000:570.000|300.169:562.081|300.677:554.176|301.523:546.301|302.704:538.469|304.219:530.694|306.066:522.991|308.240:515.375|310.738:507.858|313.555:500.455|316.685:493.179|320.125:486.044|323.866:479.063|327.902:472.247|332.226:465.611|336.830:459.165|341.705:452.923|346.843:446.894|352.234:441.091|357.868:435.524|363.735:430.202|369.824:425.136|376.125:420.336|382.624:415.809|388.911:411.808|389.312:411.564|396.078:407.446|402.845:403.327|409.612:399.209|416.379:395.091|423.146:390.973|429.912:386.855|436.679:382.736|443.446:378.618|450.213:374.500|456.980:370.382|463.746:366.264|470.513:362.145|477.280:358.027|484.047:353.909|490.814:349.791|497.580:345.673|504.347:341.554|511.114:337.436|517.881:333.318|524.648:329.200|531.414:325.082|538.181:320.963|544.948:316.845|551.715:312.727|558.482:308.609|565.248:304.491|572.015:300.372|578.782:296.254|585.549:292.136|592.315:288.018|599.082:283.900|605.849:279.781|612.616:275.663|619.383:271.545|626.149:267.427|632.916:263.309|639.683:259.190|646.450:255.072|653.217:250.954|659.983:246.836|666.750:242.718|673.517:238.600|680.284:234.481|687.051:230.363|693.817:226.245|700.584:222.127|707.351:218.009|714.118:213.890|720.885:209.772|727.651:205.654|734.418:201.536|741.185:197.418|747.952:193.299|754.719:189.181|761.485:185.063|768.252:180.945|775.019:176.827|781.786:172.708|788.553:168.590|795.319:164.472|802.086:160.354,1,46.790702,0.3,46.490702,0.0
46.570347,follow_slot_center,following_slot_center:local_target,-100,150,-100,150,following_slot_center:local_target,0,1785210874.4858792,0,1,0,24,gap_confirmed,2,1,1,1,1472.207,-2122.207,1,1,1,1,1,1,1,0,1578.616,1181.976,702.456,-300.0,1002.456,0,0.866,0.5,,,,,,,1,1,1,0.95,0,direct_pair,-60.716,-0.55196,58.676,641.869,220.0,347.368,0,footprint_crosses_slot_entrance,-1101.536,64.631,-2202.973,-1170.549,1,DIRECT_PAIR,1,1,0,0,0,1785210874.4858792,0.0,0.0,2,1,0.0,direct_pair,1418.307:314.033|924.420:1125.560|2205.779:1905.381|2699.665:1093.854,1,1785210865.3898892,2,9,direct_pair_landmarks_frozen,0,ready,1,full_arc_straight_ready,0.0054,0.0054,1.0,58.676,28.195,10.331,333.684,321.481,483.514,300.000:570.000|300.169:562.081|300.677:554.176|301.523:546.301|302.704:538.469|304.219:530.694|306.066:522.991|308.240:515.375|310.738:507.858|313.555:500.455|316.685:493.179|320.125:486.044|323.866:479.063|327.902:472.247|332.226:465.611|336.830:459.165|341.705:452.923|346.843:446.894|352.234:441.091|357.868:435.524|363.735:430.202|369.824:425.136|376.125:420.336|382.624:415.809|388.911:411.808|389.312:411.564|396.078:407.446|402.845:403.327|409.612:399.209|416.379:395.091|423.146:390.973|429.912:386.855|436.679:382.736|443.446:378.618|450.213:374.500|456.980:370.382|463.746:366.264|470.513:362.145|477.280:358.027|484.047:353.909|490.814:349.791|497.580:345.673|504.347:341.554|511.114:337.436|517.881:333.318|524.648:329.200|531.414:325.082|538.181:320.963|544.948:316.845|551.715:312.727|558.482:308.609|565.248:304.491|572.015:300.372|578.782:296.254|585.549:292.136|592.315:288.018|599.082:283.900|605.849:279.781|612.616:275.663|619.383:271.545|626.149:267.427|632.916:263.309|639.683:259.190|646.450:255.072|653.217:250.954|659.983:246.836|666.750:242.718|673.517:238.600|680.284:234.481|687.051:230.363|693.817:226.245|700.584:222.127|707.351:218.009|714.118:213.890|720.885:209.772|727.651:205.654|734.418:201.536|741.185:197.418|747.952:193.299|754.719:189.181|761.485:185.063|768.252:180.945|775.019:176.827|781.786:172.708|788.553:168.590|795.319:164.472|802.086:160.354,1,46.790702,0.220355,46.490702,0.079645
46.649614,reacquire_slot,slot_center_path_lost:vehicle_footprint_crosses_side_boundary,0,0,0,0,slot_center_path_lost:vehicle_footprint_crosses_side_boundary,0,1785210874.5977385,1,1,0,24,gap_confirmed,2,1,1,1,1531.577,-2181.577,0,1,1,1,1,1,1,0,1578.616,1184.185,692.49,-300.0,992.49,0,0.866,0.5,,,,,,,1,1,1,0.95,0,slot_map_localized,-21.38,-0.194367,54.025,647.817,220.0,347.368,0,footprint_crosses_slot_entrance,-915.974,245.759,-2269.207,-1196.213,1,MAP_LOCALIZATION,1,1,0,0,0,1785210874.5977385,45.871,4.65,9,1,387.676,slot_map_localized,1484.419:304.629|926.363:1073.442|2140.279:1954.583|2698.335:1185.769,1,1785210865.3898892,2,9,direct_pair_landmarks_frozen,0,collision_risk,0,vehicle_footprint_crosses_side_boundary,0.0054,0.0054,1.0,54.025,55.022,-16.496,1.358,321.481,483.514,300.000:570.000|300.169:562.090|300.676:554.194|301.519:546.327|302.698:538.504|304.210:530.738|306.052:523.043|308.222:515.434|310.714:507.925|313.525:500.529|316.649:493.260|320.080:486.131|323.813:479.156|327.841:472.346|332.156:465.714|336.750:459.272|341.615:453.033|346.743:447.007|352.123:441.206|357.745:435.640|363.601:430.319|369.678:425.253|375.967:420.451|376.402:420.134|382.370:415.803|388.773:411.154|395.176:406.506|401.580:401.858|407.983:397.210|414.387:392.562|420.790:387.914|427.194:383.266|433.597:378.618|440.000:373.970|446.404:369.322|452.807:364.674|459.211:360.026|465.614:355.378|472.018:350.730|478.421:346.082|484.824:341.434|491.228:336.786|497.631:332.138|504.035:327.490|510.438:322.842|516.842:318.194|523.245:313.546|529.649:308.898|536.052:304.250|542.455:299.602|548.859:294.954|555.262:290.305|561.666:285.657|568.069:281.009|574.473:276.361|580.876:271.713|587.279:267.065|593.683:262.417|600.086:257.769|606.490:253.121|612.893:248.473|619.297:243.825|625.700:239.177|632.103:234.529|638.507:229.881|644.910:225.233|651.314:220.585|657.717:215.937|664.121:211.289|670.524:206.641|676.928:201.993|683.331:197.345|689.734:192.697|696.138:188.049|702.541:183.401|708.945:178.753|715.348:174.105|721.752:169.456|728.155:164.808|734.558:160.160|740.962:155.512|747.365:150.864|753.769:146.216|760.172:141.568|766.576:136.920|772.979:132.272|779.382:127.624,1,46.949614,0.3,46.649614,0.0
46.745034,reacquire_slot,reacquired_slot_path_not_ready:collision_risk:insufficient_side_clearance_for_reverse_path,0,0,0,0,reacquired_slot_path_not_ready:collision_risk:insufficient_side_clearance_for_reverse_path,0,1785210874.708257,1,1,0,27,gap_confirmed,2,1,1,1,1468.702,-2118.702,1,1,1,1,1,1,1,0,1598.136,1173.557,700.286,-300.0,1000.286,0,0.86,0.511,1785210874.708257,1634.388,1600.536,30.468,707.104,1399.058,1,1,1,0.95,0,direct_pair,-50.716,-0.461055,56.863,639.573,220.0,347.368,0,footprint_crosses_slot_entrance,-1052.887,112.465,-2209.406,-1160.344,1,DIRECT_PAIR,1,1,0,0,0,1785210874.708257,0.0,0.0,2,1,0.0,direct_pair,1413.475:317.014|894.164:1112.512|2150.213:1932.476|2669.524:1136.978,1,1785210865.3898892,2,9,direct_pair_landmarks_frozen,0,collision_risk,0,insufficient_side_clearance_for_reverse_path,0.0054,0.0054,1.0,56.863,33.239,5.287,333.684,321.479,483.513,300.000:570.000|300.171:562.047|300.683:554.108|301.536:546.198|302.728:538.333|304.256:530.526|306.118:522.792|308.311:515.145|310.830:507.599|313.671:500.168|316.829:492.866|320.297:485.707|324.069:478.703|328.139:471.868|332.498:465.213|337.140:458.752|342.054:452.497|347.233:446.458|352.666:440.647|358.344:435.075|364.256:429.752|370.391:424.687|376.738:419.891|383.285:415.372|383.955:414.932|389.946:411.022|396.607:406.673|403.269:402.324|409.931:397.975|416.593:393.626|423.255:389.277|429.917:384.928|436.579:380.579|443.241:376.230|449.903:371.881|456.565:367.531|463.227:363.182|469.889:358.833|476.551:354.484|483.213:350.135|489.875:345.786|496.537:341.437|503.199:337.088|509.861:332.739|516.523:328.390|523.185:324.041|529.847:319.692|536.509:315.343|543.171:310.994|549.833:306.645|556.494:302.296|563.156:297.947|569.818:293.598|576.480:289.249|583.142:284.900|589.804:280.551|596.466:276.202|603.128:271.853|609.790:267.504|616.452:263.155|623.114:258.806|629.776:254.457|636.438:250.108|643.100:245.759|649.762:241.410|656.424:237.061|663.086:232.712|669.748:228.363|676.410:224.014|683.072:219.665|689.734:215.316|696.396:210.967|703.058:206.618|709.719:202.269|716.381:197.920|723.043:193.571|729.705:189.222|736.367:184.873|743.029:180.524|749.691:176.175|756.353:171.826|763.015:167.477|769.677:163.128|776.339:158.779|783.001:154.430|789.663:150.081,1,47.045034,0.3,46.745034,0.0
46.822145,reacquire_slot,reacquired_slot_path_not_ready:collision_risk:vehicle_footprint_crosses_side_boundary,0,0,0,0,reacquired_slot_path_not_ready:collision_risk:vehicle_footprint_crosses_side_boundary,0,1785210874.8206809,1,1,0,18,gap_confirmed,2,1,1,1,1421.109,-2071.109,0,1,1,1,1,1,1,1,1598.136,1173.557,700.286,-300.0,1000.286,0,0.86,0.511,,,,,,,1,1,1,0.95,0,slot_map_localized,-18.994,-0.172677,53.192,640.668,220.0,347.368,0,footprint_crosses_slot_entrance,-902.279,257.849,-2245.118,-1165.592,1,MAP_LOCALIZATION,1,1,0,0,0,1785210874.8206809,39.63,3.671,6,1,83.437,slot_map_localized,1456.925:299.417|887.743:1060.030|2088.712:1958.737|2657.893:1198.124,1,1785210865.3898892,2,9,direct_pair_landmarks_frozen,0,collision_risk,0,vehicle_footprint_crosses_side_boundary,0.0054,0.0054,1.0,53.192,55.239,-16.713,1.523,321.481,483.514,300.000:570.000|300.169:562.094|300.675:554.202|301.518:546.339|302.695:538.519|304.206:530.757|306.046:523.066|308.213:515.461|310.703:507.955|313.511:500.562|316.632:493.296|320.061:486.170|323.790:479.197|327.814:472.389|332.125:465.759|336.715:459.320|341.576:453.082|346.698:447.057|352.073:441.257|357.691:435.691|363.541:430.371|369.614:425.305|374.234:421.732|375.890:420.493|382.222:415.755|388.554:411.016|394.886:406.278|401.217:401.540|407.549:396.801|413.881:392.063|420.213:387.325|426.545:382.586|432.877:377.848|439.209:373.110|445.541:368.371|451.873:363.633|458.205:358.895|464.537:354.156|470.869:349.418|477.201:344.680|483.533:339.941|489.865:335.203|496.197:330.465|502.529:325.726|508.861:320.988|515.193:316.250|521.525:311.511|527.857:306.773|534.189:302.035|540.521:297.296|546.853:292.558|553.185:287.820|559.517:283.081|565.849:278.343|572.181:273.605|578.513:268.866|584.845:264.128|591.177:259.390|597.509:254.651|603.841:249.913|610.173:245.175|616.505:240.436|622.837:235.698|629.169:230.960|635.501:226.221|641.833:221.483|648.165:216.745|654.497:212.006|660.829:207.268|667.161:202.530|673.493:197.791|679.825:193.053|686.157:188.315|692.489:183.576|698.820:178.838|705.152:174.100|711.484:169.361|717.816:164.623|724.148:159.885|730.480:155.146|736.812:150.408|743.144:145.670|749.476:140.931|755.808:136.193|762.140:131.455|768.472:126.716,1,47.122145,0.3,46.822145,0.0
46.901999,reacquire_slot,reacquire_waiting_for_unique_lidar_scan,0,0,0,0,reacquire_waiting_for_unique_lidar_scan,0,1785210874.8206809,0,1,0,18,gap_confirmed,2,1,1,1,1421.109,-2071.109,0,1,1,1,1,1,1,1,1598.136,1173.557,700.286,-300.0,1000.286,0,0.86,0.511,,,,,,,1,1,1,0.95,0,slot_map_localized,-18.994,-0.172677,53.192,640.668,220.0,347.368,0,footprint_crosses_slot_entrance,-902.279,257.849,-2245.118,-1165.592,1,MAP_LOCALIZATION,1,1,0,0,0,1785210874.8206809,39.63,3.671,6,1,83.437,slot_map_localized,1456.925:299.417|887.743:1060.030|2088.712:1958.737|2657.893:1198.124,1,1785210865.3898892,2,9,direct_pair_landmarks_frozen,0,,0,,,,,,,,,,,,1,47.122145,0.220147,46.822145,0.079853
46.981234,reacquire_slot,reacquired_slot_path_not_ready:collision_risk:vehicle_footprint_crosses_side_boundary,0,0,0,0,reacquired_slot_path_not_ready:collision_risk:vehicle_footprint_crosses_side_boundary,0,1785210874.9346635,1,1,0,27,gap_confirmed,2,1,1,1,1412.589,-2062.589,1,1,1,1,1,1,1,0,1604.057,1177.202,686.016,-300.0,986.016,0,0.857,0.515,1785210874.9346635,1615.053,1620.703,-19.854,747.238,1338.883,1,1,1,0.95,0,direct_pair,-38.648,-0.351345,57.265,638.163,220.0,347.368,0,footprint_crosses_slot_entrance,-1002.06,163.573,-2199.751,-1154.289,1,DIRECT_PAIR,1,1,0,0,0,1785210874.9346635,0.0,0.0,2,1,0.0,direct_pair,1440.828:259.953|927.112:1059.075|2188.884:1870.206|2702.600:1071.084,1,1785210865.3898892,2,9,direct_pair_landmarks_frozen,0,collision_risk,0,vehicle_footprint_crosses_side_boundary,0.0054,0.0054,1.0,57.265,46.398,-7.871,7.893,321.479,483.513,300.000:570.000|300.170:562.056|300.682:554.127|301.532:546.227|302.721:538.371|304.246:530.573|306.103:522.848|308.291:515.210|310.804:507.672|313.638:500.249|316.788:492.955|320.248:485.802|324.012:478.805|328.072:471.975|332.421:465.325|337.052:458.869|341.955:452.617|347.123:446.581|352.544:440.772|358.209:435.201|364.108:429.879|370.230:424.814|376.564:420.017|383.098:415.495|385.046:414.226|389.774:411.186|396.458:406.889|403.142:402.592|409.826:398.295|416.511:393.999|423.195:389.702|429.879:385.405|436.563:381.108|443.247:376.811|449.931:372.514|456.615:368.217|463.299:363.920|469.984:359.623|476.668:355.326|483.352:351.030|490.036:346.733|496.720:342.436|503.404:338.139|510.088:333.842|516.772:329.545|523.457:325.248|530.141:320.951|536.825:316.654|543.509:312.357|550.193:308.061|556.877:303.764|563.561:299.467|570.245:295.170|576.930:290.873|583.614:286.576|590.298:282.279|596.982:277.982|603.666:273.685|610.350:269.389|617.034:265.092|623.719:260.795|630.403:256.498|637.087:252.201|643.771:247.904|650.455:243.607|657.139:239.310|663.823:235.013|670.507:230.716|677.192:226.420|683.876:222.123|690.560:217.826|697.244:213.529|703.928:209.232|710.612:204.935|717.296:200.638|723.980:196.341|730.665:192.044|737.349:187.748|744.033:183.451|750.717:179.154|757.401:174.857|764.085:170.560|770.769:166.263|777.453:161.966|784.138:157.669|790.822:153.372,1,47.281234,0.3,46.981234,0.0
47.060303,reacquire_slot,reacquired_slot_path_not_ready:collision_risk:vehicle_footprint_crosses_side_boundary,0,0,0,0,reacquired_slot_path_not_ready:collision_risk:vehicle_footprint_crosses_side_boundary,0,1785210875.0461223,1,1,0,25,gap_confirmed,2,1,1,1,1429.969,-2079.969,0,1,1,1,1,1,1,0,1604.057,1182.224,677.636,-300.0,977.636,0,0.857,0.515,,,,,,,1,1,1,0.95,0,slot_map_localized,-18.536,-0.168511,53.741,642.923,220.0,347.368,0,footprint_crosses_slot_entrance,-902.556,258.658,-2250.403,-1175.157,1,MAP_LOCALIZATION,1,1,0,0,0,1785210875.0461223,14.713,3.524,8,1,98.964,slot_map_localized,1471.626:289.583|909.764:1055.619|2119.294:1942.770|2681.156:1176.734,1,1785210865.3898892,2,9,direct_pair_landmarks_frozen,0,collision_risk,0,vehicle_footprint_crosses_side_boundary,0.0054,0.0054,1.0,53.741,57.124,-18.598,0.037,321.479,483.513,300.000:570.000|300.170:562.058|300.681:554.132|301.531:546.234|302.720:538.380|304.243:530.584|306.100:522.861|308.286:515.224|310.798:507.688|313.631:500.267|316.779:492.974|320.237:485.823|323.999:478.827|328.057:471.998|332.404:465.350|337.033:458.895|341.934:452.643|347.098:446.608|352.517:440.800|358.180:435.229|364.076:429.907|370.195:424.842|375.660:420.675|376.524:420.042|382.930:415.343|389.336:410.645|395.741:405.947|402.147:401.248|408.553:396.550|414.958:391.852|421.364:387.153|427.770:382.455|434.175:377.757|440.581:373.058|446.987:368.360|453.392:363.662|459.798:358.963|466.204:354.265|472.609:349.567|479.015:344.868|485.421:340.170|491.826:335.471|498.232:330.773|504.637:326.075|511.043:321.376|517.449:316.678|523.854:311.980|530.260:307.281|536.666:302.583|543.071:297.885|549.477:293.186|555.883:288.488|562.288:283.790|568.694:279.091|575.100:274.393|581.505:269.695|587.911:264.996|594.317:260.298|600.722:255.600|607.128:250.901|613.534:246.203|619.939:241.505|626.345:236.806|632.751:232.108|639.156:227.410|645.562:222.711|651.968:218.013|658.373:213.315|664.779:208.616|671.185:203.918|677.590:199.220|683.996:194.521|690.402:189.823|696.807:185.125|703.213:180.426|709.619:175.728|716.024:171.030|722.430:166.331|728.836:161.633|735.241:156.934|741.647:152.236|748.053:147.538|754.458:142.839|760.864:138.141|767.270:133.443|773.675:128.744,1,47.360303,0.3,47.060303,0.0
47.152132,reacquire_slot,reacquired_slot_path_not_ready:collision_risk:vehicle_footprint_crosses_side_boundary,0,0,0,0,reacquired_slot_path_not_ready:collision_risk:vehicle_footprint_crosses_side_boundary,0,1785210875.1566927,1,1,0,25,gap_confirmed,2,1,1,1,1440.715,-2090.715,0,1,1,1,1,1,1,1,1604.057,1182.224,677.636,-300.0,977.636,0,0.857,0.515,,,,,,,1,1,1,0.95,0,slot_map_localized,-22.641,-0.205829,53.697,642.432,220.0,347.368,0,footprint_crosses_slot_entrance,-920.102,241.028,-2248.646,-1173.048,1,MAP_LOCALIZATION,1,1,0,0,0,1785210875.1566927,19.047,0.045,5,1,178.811,slot_map_localized,1458.962:303.758|896.503:1069.356|2105.343:1957.448|2667.801:1191.850,1,1785210865.3898892,2,9,direct_pair_landmarks_frozen,0,collision_risk,0,vehicle_footprint_crosses_side_boundary,0.0054,0.0054,1.0,53.697,52.903,-14.377,0.312,321.48,483.513,300.000:570.000|300.170:562.065|300.680:554.145|301.529:546.253|302.715:538.406|304.236:530.616|306.090:522.899|308.273:515.268|310.781:507.738|313.609:500.322|316.752:493.034|320.205:485.887|323.960:478.895|328.012:472.071|332.353:465.426|336.974:458.973|341.867:452.724|347.024:446.691|352.435:440.884|358.089:435.315|363.977:429.992|370.088:424.927|375.544:420.761|376.408:420.126|382.804:415.427|389.201:410.727|395.598:406.028|401.994:401.328|408.391:396.629|414.788:391.930|421.185:387.230|427.581:382.531|433.978:377.831|440.375:373.132|446.772:368.432|453.168:363.733|459.565:359.033|465.962:354.334|472.358:349.635|478.755:344.935|485.152:340.236|491.549:335.536|497.945:330.837|504.342:326.137|510.739:321.438|517.136:316.738|523.532:312.039|529.929:307.339|536.326:302.640|542.722:297.941|549.119:293.241|555.516:288.542|561.913:283.842|568.309:279.143|574.706:274.443|581.103:269.744|587.499:265.044|593.896:260.345|600.293:255.645|606.690:250.946|613.086:246.247|619.483:241.547|625.880:236.848|632.277:232.148|638.673:227.449|645.070:222.749|651.467:218.050|657.863:213.350|664.260:208.651|670.657:203.952|677.054:199.252|683.450:194.553|689.847:189.853|696.244:185.154|702.640:180.454|709.037:175.755|715.434:171.055|721.831:166.356|728.227:161.656|734.624:156.957|741.021:152.258|747.418:147.558|753.814:142.859|760.211:138.159|766.608:133.460|773.004:128.760,1,47.452132,0.3,47.152132,0.0
47.24619,reacquire_slot,reacquire_waiting_for_unique_lidar_scan,0,0,0,0,reacquire_waiting_for_unique_lidar_scan,0,1785210875.1566927,0,1,0,25,gap_confirmed,2,1,1,1,1440.715,-2090.715,0,1,1,1,1,1,1,1,1604.057,1182.224,677.636,-300.0,977.636,0,0.857,0.515,,,,,,,1,1,1,0.95,0,slot_map_localized,-22.641,-0.205829,53.697,642.432,220.0,347.368,0,footprint_crosses_slot_entrance,-920.102,241.028,-2248.646,-1173.048,1,MAP_LOCALIZATION,1,1,0,0,0,1785210875.1566927,19.047,0.045,5,1,178.811,slot_map_localized,1458.962:303.758|896.503:1069.356|2105.343:1957.448|2667.801:1191.850,1,1785210865.3898892,2,9,direct_pair_landmarks_frozen,0,,0,,,,,,,,,,,,1,47.452132,0.205943,47.152132,0.094057
47.326335,reacquire_slot,reacquired_slot_path_not_ready:collision_risk:vehicle_footprint_crosses_side_boundary,0,0,0,0,reacquired_slot_path_not_ready:collision_risk:vehicle_footprint_crosses_side_boundary,0,1785210875.2713027,1,1,0,21,gap_confirmed,2,1,1,1,1432.763,-2082.763,0,1,1,1,1,1,1,1,1604.057,1182.224,677.636,-300.0,977.636,0,0.857,0.515,,,,,,,1,1,1,0.95,0,slot_map_localized,-20.689,-0.18808,53.812,644.88,220.0,347.368,0,footprint_crosses_slot_entrance,-912.135,249.21,-2258.277,-1183.588,1,MAP_LOCALIZATION,1,1,0,0,0,1785210875.2713027,15.768,-0.115,6,1,192.292,slot_map_localized,1473.684:300.259|912.767:1066.987|2123.391:1952.646|2684.308:1185.918,1,1785210865.3898892,2,9,direct_pair_landmarks_frozen,0,collision_risk,0,vehicle_footprint_crosses_side_boundary,0.0054,0.0054,1.0,53.812,55.156,-16.63,6.98,321.478,483.512,300.000:570.000|300.171:562.034|300.685:554.083|301.541:546.161|302.736:538.284|304.269:530.465|306.138:522.719|308.337:515.061|310.864:507.504|313.714:500.064|316.881:492.752|320.360:485.584|324.143:478.572|328.225:471.729|332.598:465.068|337.253:458.602|342.182:452.341|347.375:446.299|352.824:440.485|358.518:434.912|364.446:429.588|370.598:424.524|375.845:420.540|376.958:419.726|383.390:415.021|389.821:410.316|396.252:405.611|402.683:400.906|409.114:396.201|415.545:391.496|421.976:386.792|428.408:382.087|434.839:377.382|441.270:372.677|447.701:367.972|454.132:363.267|460.563:358.562|466.994:353.858|473.426:349.153|479.857:344.448|486.288:339.743|492.719:335.038|499.150:330.333|505.581:325.629|512.013:320.924|518.444:316.219|524.875:311.514|531.306:306.809|537.737:302.104|544.168:297.399|550.599:292.695|557.031:287.990|563.462:283.285|569.893:278.580|576.324:273.875|582.755:269.170|589.186:264.465|595.618:259.761|602.049:255.056|608.480:250.351|614.911:245.646|621.342:240.941|627.773:236.236|634.204:231.531|640.636:226.827|647.067:222.122|653.498:217.417|659.929:212.712|666.360:208.007|672.791:203.302|679.222:198.598|685.654:193.893|692.085:189.188|698.516:184.483|704.947:179.778|711.378:175.073|717.809:170.368|724.241:165.664|730.672:160.959|737.103:156.254|743.534:151.549|749.965:146.844|756.396:142.139|762.827:137.434|769.259:132.730|775.690:128.025,1,47.626335,0.3,47.326335,0.0
47.420733,reacquire_slot,reacquired_slot_path_not_ready:collision_risk:vehicle_footprint_crosses_side_boundary,0,0,0,0,reacquired_slot_path_not_ready:collision_risk:vehicle_footprint_crosses_side_boundary,0,1785210875.3831825,1,1,0,26,gap_confirmed,2,1,1,1,1415.411,-2065.411,1,1,1,1,1,1,1,0,1586.2,1185.885,643.842,-300.0,943.842,0,0.864,0.504,1785210875.3831825,1553.038,1640.589,-60.073,744.778,1222.236,1,1,1,0.95,0,direct_pair,-9.09,-0.082638,55.062,630.641,220.0,347.368,0,footprint_crosses_slot_entrance,-866.879,296.508,-2186.397,-1121.845,1,DIRECT_PAIR,1,1,0,0,0,1785210875.3831825,0.0,0.0,2,1,0.0,direct_pair,1464.710:191.689|920.657:970.474|2150.318:1829.505|2694.371:1050.720,1,1785210865.3898892,2,9,direct_pair_landmarks_frozen,0,collision_risk,0,vehicle_footprint_crosses_side_boundary,0.0054,0.0054,1.0,55.062,70.042,-31.515,1.329,321.481,483.514,300.000:570.000|300.169:562.089|300.676:554.193|301.520:546.325|302.699:538.501|304.211:530.734|306.053:523.039|308.223:515.430|310.716:507.920|313.527:500.524|316.651:493.254|320.084:486.125|323.817:479.148|327.846:472.338|332.161:465.706|336.756:459.264|341.622:453.025|346.750:446.999|352.131:441.197|357.755:435.631|363.611:430.310|369.690:425.244|375.979:420.442|379.132:418.190|382.442:415.877|388.929:411.346|395.416:406.814|401.904:402.282|408.391:397.750|414.878:393.218|421.365:388.687|427.852:384.155|434.339:379.623|440.826:375.091|447.313:370.559|453.800:366.028|460.287:361.496|466.774:356.964|473.261:352.432|479.748:347.900|486.235:343.369|492.722:338.837|499.209:334.305|505.696:329.773|512.183:325.241|518.670:320.710|525.157:316.178|531.645:311.646|538.132:307.114|544.619:302.582|551.106:298.051|557.593:293.519|564.080:288.987|570.567:284.455|577.054:279.923|583.541:275.392|590.028:270.860|596.515:266.328|603.002:261.796|609.489:257.264|615.976:252.733|622.463:248.201|628.950:243.669|635.437:239.137|641.924:234.605|648.411:230.074|654.899:225.542|661.386:221.010|667.873:216.478|674.360:211.946|680.847:207.415|687.334:202.883|693.821:198.351|700.308:193.819|706.795:189.287|713.282:184.756|719.769:180.224|726.256:175.692|732.743:171.160|739.230:166.628|745.717:162.097|752.204:157.565|758.691:153.033|765.178:148.501|771.665:143.969,1,47.720733,0.3,47.420733,0.0
47.496666,reacquire_slot,reacquired_slot_path_not_ready:collision_risk:vehicle_footprint_crosses_side_boundary,0,0,0,0,reacquired_slot_path_not_ready:collision_risk:vehicle_footprint_crosses_side_boundary,0,1785210875.4942682,1,1,0,27,gap_confirmed,2,1,1,1,1417.368,-2067.368,1,1,1,1,1,1,1,0,1574.922,1193.404,622.732,-300.0,922.732,0,0.87,0.494,1785210875.4942682,1553.975,1660.932,-56.288,753.804,1223.342,1,1,1,0.95,0,direct_pair,-5.219,-0.047447,54.667,633.798,220.0,347.368,0,footprint_crosses_slot_entrance,-848.68,314.121,-2203.346,-1135.538,1,DIRECT_PAIR,1,1,0,0,0,1785210875.4942682,0.0,0.0,2,1,0.0,direct_pair,1482.072:196.019|932.664:971.035|2156.375:1838.521|2705.783:1063.505,1,1785210865.3898892,2,9,direct_pair_landmarks_frozen,0,collision_risk,0,vehicle_footprint_crosses_side_boundary,0.0054,0.0054,1.0,54.667,72.869,-34.343,0.006,321.479,483.513,300.000:570.000|300.170:562.058|300.681:554.130|301.532:546.232|302.720:538.377|304.244:530.580|306.101:522.856|308.288:515.219|310.800:507.683|313.633:500.261|316.782:492.968|320.241:485.816|324.003:478.819|328.062:471.990|332.410:465.342|337.039:458.886|341.941:452.634|347.107:446.599|352.526:440.790|358.190:435.220|364.087:429.897|370.207:424.832|376.539:420.035|378.088:418.925|383.015:415.432|389.496:410.837|395.978:406.243|402.459:401.648|408.940:397.054|415.422:392.459|421.903:387.864|428.384:383.270|434.866:378.675|441.347:374.080|447.828:369.486|454.310:364.891|460.791:360.297|467.273:355.702|473.754:351.107|480.235:346.513|486.717:341.918|493.198:337.323|499.679:332.729|506.161:328.134|512.642:323.540|519.123:318.945|525.605:314.350|532.086:309.756|538.567:305.161|545.049:300.566|551.530:295.972|558.012:291.377|564.493:286.783|570.974:282.188|577.456:277.593|583.937:272.999|590.418:268.404|596.900:263.810|603.381:259.215|609.862:254.620|616.344:250.026|622.825:245.431|629.306:240.836|635.788:236.242|642.269:231.647|648.751:227.053|655.232:222.458|661.713:217.863|668.195:213.269|674.676:208.674|681.157:204.079|687.639:199.485|694.120:194.890|700.601:190.296|707.083:185.701|713.564:181.106|720.046:176.512|726.527:171.917|733.008:167.322|739.490:162.728|745.971:158.133|752.452:153.539|758.934:148.944|765.415:144.349|771.896:139.755,1,47.796666,0.3,47.496666,0.0
47.574313,reacquire_slot,reacquire_waiting_for_unique_lidar_scan,0,0,0,0,reacquire_waiting_for_unique_lidar_scan,0,1785210875.4942682,0,1,0,27,gap_confirmed,2,1,1,1,1417.368,-2067.368,1,1,1,1,1,1,1,0,1574.922,1193.404,622.732,-300.0,922.732,0,0.87,0.494,,,,,,,1,1,1,0.95,0,direct_pair,-5.219,-0.047447,54.667,633.798,220.0,347.368,0,footprint_crosses_slot_entrance,-848.68,314.121,-2203.346,-1135.538,1,DIRECT_PAIR,1,1,0,0,0,1785210875.4942682,0.0,0.0,2,1,0.0,direct_pair,1482.072:196.019|932.664:971.035|2156.375:1838.521|2705.783:1063.505,1,1785210865.3898892,2,9,direct_pair_landmarks_frozen,0,,0,,,,,,,,,,,,1,47.796666,0.222352,47.496666,0.077648
47.651536,reacquire_slot,reacquired_slot_path_not_ready:collision_risk:insufficient_side_clearance_for_reverse_path,0,0,0,0,reacquired_slot_path_not_ready:collision_risk:insufficient_side_clearance_for_reverse_path,0,1785210875.609689,1,1,0,28,gap_confirmed,2,1,1,1,1440.041,-2090.041,1,1,1,1,1,1,1,0,1591.077,1183.376,651.05,-300.0,951.05,0,0.862,0.508,1785210875.609689,1621.079,1601.81,20.969,727.696,1386.312,1,1,1,0.95,0,direct_pair,-50.308,-0.457348,57.372,639.852,220.0,347.368,0,footprint_crosses_slot_entrance,-1052.746,112.952,-2206.09,-1161.594,1,DIRECT_PAIR,1,1,0,0,0,1785210875.609689,0.0,0.0,2,1,0.0,direct_pair,1420.865:303.601|908.641:1103.680|2171.924:1912.455|2684.148:1112.375,1,1785210865.3898892,2,9,direct_pair_landmarks_frozen,0,collision_risk,0,insufficient_side_clearance_for_reverse_path,0.0054,0.0054,1.0,57.372,35.028,3.498,333.684,321.478,483.512,300.000:570.000|300.171:562.034|300.685:554.083|301.541:546.162|302.736:538.285|304.269:530.466|306.137:522.721|308.337:515.063|310.863:507.506|313.713:500.066|316.880:492.755|320.358:485.587|324.142:478.575|328.223:471.732|332.596:465.072|337.250:458.605|342.179:452.345|347.372:446.302|352.820:440.489|358.514:434.915|364.442:429.591|370.593:424.528|376.957:419.733|383.520:415.217|385.337:414.039|390.224:410.910|396.935:406.614|403.646:402.317|410.356:398.021|417.067:393.725|423.778:389.429|430.488:385.132|437.199:380.836|443.910:376.540|450.620:372.243|457.331:367.947|464.041:363.651|470.752:359.355|477.463:355.058|484.173:350.762|490.884:346.466|497.595:342.170|504.305:337.873|511.016:333.577|517.727:329.281|524.437:324.984|531.148:320.688|537.859:316.392|544.569:312.096|551.280:307.799|557.991:303.503|564.701:299.207|571.412:294.911|578.123:290.614|584.833:286.318|591.544:282.022|598.255:277.725|604.965:273.429|611.676:269.133|618.387:264.837|625.097:260.540|631.808:256.244|638.519:251.948|645.229:247.651|651.940:243.355|658.651:239.059|665.361:234.763|672.072:230.466|678.783:226.170|685.493:221.874|692.204:217.578|698.915:213.281|705.625:208.985|712.336:204.689|719.047:200.392|725.757:196.096|732.468:191.800|739.179:187.504|745.889:183.207|752.600:178.911|759.311:174.615|766.021:170.319|772.732:166.022|779.443:161.726|786.153:157.430|792.864:153.133,1,47.951536,0.3,47.651536,0.0
47.728193,reacquire_slot,reacquired_slot_path_not_ready:collision_risk:vehicle_footprint_crosses_side_boundary,0,0,0,0,reacquired_slot_path_not_ready:collision_risk:vehicle_footprint_crosses_side_boundary,0,1785210875.7203462,1,1,0,26,gap_confirmed,2,1,1,1,1416.212,-2066.212,0,1,1,1,1,1,1,0,1591.077,1173.33,653.396,-300.0,953.396,0,0.862,0.508,,,,,,,1,1,1,0.95,0,slot_map_localized,-20.048,-0.182251,54.193,642.111,220.0,347.368,0,footprint_crosses_slot_entrance,-910.879,251.147,-2243.187,-1171.533,1,MAP_LOCALIZATION,1,1,0,0,0,1785210875.7203462,45.923,3.179,10,1,111.177,slot_map_localized,1469.564:281.207|913.756:1051.647|2130.241:1929.237|2686.048:1158.797,1,1785210865.3898892,2,9,direct_pair_landmarks_frozen,0,collision_risk,0,vehicle_footprint_crosses_side_boundary,0.0054,0.0054,1.0,54.193,56.793,-18.267,0.143,321.48,483.513,300.000:570.000|300.170:562.061|300.681:554.137|301.530:546.241|302.718:538.390|304.241:530.596|306.096:522.875|308.281:515.241|310.791:507.707|313.622:500.288|316.769:492.997|320.225:485.848|323.984:478.853|328.040:472.026|332.384:465.379|337.010:458.925|341.908:452.674|347.070:446.640|352.485:440.832|358.145:435.262|364.038:429.940|370.154:424.875|376.481:420.077|376.841:419.817|382.921:415.430|389.362:410.784|395.802:406.138|402.243:401.491|408.683:396.845|415.124:392.199|421.564:387.553|428.005:382.906|434.445:378.260|440.885:373.614|447.326:368.968|453.766:364.321|460.207:359.675|466.647:355.029|473.088:350.383|479.528:345.736|485.969:341.090|492.409:336.444|498.849:331.798|505.290:327.151|511.730:322.505|518.171:317.859|524.611:313.213|531.052:308.566|537.492:303.920|543.933:299.274|550.373:294.628|556.814:289.982|563.254:285.335|569.694:280.689|576.135:276.043|582.575:271.397|589.016:266.750|595.456:262.104|601.897:257.458|608.337:252.812|614.778:248.165|621.218:243.519|627.658:238.873|634.099:234.227|640.539:229.580|646.980:224.934|653.420:220.288|659.861:215.642|666.301:210.995|672.742:206.349|679.182:201.703|685.623:197.057|692.063:192.411|698.503:187.764|704.944:183.118|711.384:178.472|717.825:173.826|724.265:169.179|730.706:164.533|737.146:159.887|743.587:155.241|750.027:150.594|756.467:145.948|762.908:141.302|769.348:136.656|775.789:132.009,1,48.028193,0.3,47.728193,0.0
47.806374,reacquire_slot,reacquire_waiting_for_unique_lidar_scan,0,0,0,0,reacquire_waiting_for_unique_lidar_scan,0,1785210875.7203462,0,1,0,26,gap_confirmed,2,1,1,1,1416.212,-2066.212,0,1,1,1,1,1,1,0,1591.077,1173.33,653.396,-300.0,953.396,0,0.862,0.508,,,,,,,1,1,1,0.95,0,slot_map_localized,-20.048,-0.182251,54.193,642.111,220.0,347.368,0,footprint_crosses_slot_entrance,-910.879,251.147,-2243.187,-1171.533,1,MAP_LOCALIZATION,1,1,0,0,0,1785210875.7203462,45.923,3.179,10,1,111.177,slot_map_localized,1469.564:281.207|913.756:1051.647|2130.241:1929.237|2686.048:1158.797,1,1785210865.3898892,2,9,direct_pair_landmarks_frozen,0,,0,,,,,,,,,,,,1,48.028193,0.221819,47.728193,0.078181
47.882199,reacquire_slot,reacquired_slot_path_not_ready:collision_risk:vehicle_footprint_crosses_side_boundary,0,0,0,0,reacquired_slot_path_not_ready:collision_risk:vehicle_footprint_crosses_side_boundary,0,1785210875.8318129,1,1,0,27,gap_confirmed,2,1,1,1,1440.933,-2090.933,0,1,1,1,1,1,1,0,1591.077,1163.851,653.342,-300.0,953.342,0,0.862,0.508,,,,,,,1,1,1,0.95,0,slot_map_localized,-20.091,-0.182649,54.408,643.528,220.0,347.368,0,footprint_crosses_slot_entrance,-911.906,250.481,-2247.524,-1177.604,1,MAP_LOCALIZATION,1,1,0,0,0,1785210875.8318129,8.519,-0.215,7,1,170.952,slot_map_localized,1476.600:279.400|923.689:1051.922|2143.459:1924.939|2696.371:1152.418,1,1785210865.3898892,2,9,direct_pair_landmarks_frozen,0,collision_risk,0,vehicle_footprint_crosses_side_boundary,0.0054,0.0054,1.0,54.408,57.314,-18.788,7.251,321.478,483.512,300.000:570.000|300.171:562.041|300.684:554.096|301.538:546.181|302.732:538.310|304.262:530.497|306.127:522.757|308.323:515.105|310.846:507.554|313.691:500.119|316.853:492.812|320.326:485.649|324.104:478.641|328.180:471.802|332.545:465.145|337.193:458.681|342.114:452.423|347.300:446.383|352.741:440.571|358.426:434.998|364.346:429.674|370.488:424.610|376.843:419.815|377.405:419.411|383.317:415.180|389.791:410.546|396.266:405.912|402.740:401.278|409.214:396.644|415.689:392.011|422.163:387.377|428.638:382.743|435.112:378.109|441.586:373.475|448.061:368.841|454.535:364.208|461.009:359.574|467.484:354.940|473.958:350.306|480.432:345.672|486.907:341.038|493.381:336.404|499.856:331.771|506.330:327.137|512.804:322.503|519.279:317.869|525.753:313.235|532.227:308.601|538.702:303.967|545.176:299.334|551.650:294.700|558.125:290.066|564.599:285.432|571.074:280.798|577.548:276.164|584.022:271.530|590.497:266.897|596.971:262.263|603.445:257.629|609.920:252.995|616.394:248.361|622.868:243.727|629.343:239.094|635.817:234.460|642.292:229.826|648.766:225.192|655.240:220.558|661.715:215.924|668.189:211.290|674.663:206.657|681.138:202.023|687.612:197.389|694.086:192.755|700.561:188.121|707.035:183.487|713.510:178.853|719.984:174.220|726.458:169.586|732.933:164.952|739.407:160.318|745.881:155.684|752.356:151.050|758.830:146.416|765.305:141.783|771.779:137.149|778.253:132.515,1,48.182199,0.3,47.882199,0.0
47.960318,follow_slot_center,slot_reacquired:resume_pending:follow_slot_center,0,0,0,0,slot_reacquired:resume_pending:follow_slot_center,0,1785210875.943714,1,1,0,23,gap_confirmed,2,1,1,1,1432.345,-2082.345,1,1,1,1,1,1,1,0,1599.18,1172.585,674.112,-300.0,974.112,0,0.856,0.516,1785210875.943714,1614.23,1598.963,16.808,778.649,1408.564,1,1,1,0.95,0,direct_pair,-62.244,-0.565851,59.485,643.62,220.0,347.368,0,footprint_crosses_slot_entrance,-1110.304,55.851,-2203.024,-1178.358,1,DIRECT_PAIR,1,1,0,0,0,1785210875.943714,0.0,0.0,2,1,0.0,direct_pair,1429.997:303.477|947.614:1121.895|2239.852:1883.552|2722.235:1065.134,1,1785210865.3898892,2,9,direct_pair_landmarks_frozen,0,ready,1,full_arc_straight_ready,0.0054,0.0054,1.0,59.485,28.91,9.616,333.684,321.478,483.513,300.000:570.000|300.171:562.045|300.683:554.106|301.536:546.195|302.728:538.329|304.257:530.520|306.120:522.785|308.313:515.137|310.833:507.590|313.675:500.159|316.833:492.856|320.302:485.696|324.076:478.691|328.147:471.855|332.507:465.200|337.150:458.739|342.066:452.483|347.246:446.443|352.680:440.632|358.360:435.060|364.273:429.737|370.409:424.673|376.758:419.877|383.306:415.358|390.043:411.124|391.153:410.464|396.896:407.080|403.750:403.040|410.605:398.999|417.460:394.959|424.315:390.919|431.170:386.878|438.025:382.838|444.880:378.798|451.735:374.757|458.590:370.717|465.444:366.677|472.299:362.636|479.154:358.596|486.009:354.556|492.864:350.515|499.719:346.475|506.574:342.435|513.429:338.394|520.283:334.354|527.138:330.314|533.993:326.273|540.848:322.233|547.703:318.193|554.558:314.152|561.413:310.112|568.268:306.072|575.122:302.031|581.977:297.991|588.832:293.951|595.687:289.910|602.542:285.870|609.397:281.830|616.252:277.789|623.107:273.749|629.961:269.709|636.816:265.668|643.671:261.628|650.526:257.588|657.381:253.547|664.236:249.507|671.091:245.467|677.946:241.426|684.801:237.386|691.655:233.346|698.510:229.305|705.365:225.265|712.220:221.225|719.075:217.184|725.930:213.144|732.785:209.104|739.640:205.063|746.494:201.023|753.349:196.983|760.204:192.942|767.059:188.902|773.914:184.862|780.769:180.822|787.624:176.781|794.479:172.741|801.333:168.701|808.188:164.660,1,48.260318,0.3,47.960318,0.0
48.036589,follow_slot_center,following_slot_center:local_target,-100,150,-100,150,following_slot_center:local_target,0,1785210875.943714,0,1,0,23,gap_confirmed,2,1,1,1,1432.345,-2082.345,1,1,1,1,1,1,1,0,1599.18,1172.585,674.112,-300.0,974.112,0,0.856,0.516,,,,,,,1,1,1,0.95,0,direct_pair,-62.244,-0.565851,59.485,643.62,220.0,347.368,0,footprint_crosses_slot_entrance,-1110.304,55.851,-2203.024,-1178.358,1,DIRECT_PAIR,1,1,0,0,0,1785210875.943714,0.0,0.0,2,1,0.0,direct_pair,1429.997:303.477|947.614:1121.895|2239.852:1883.552|2722.235:1065.134,1,1785210865.3898892,2,9,direct_pair_landmarks_frozen,0,ready,1,full_arc_straight_ready,0.0054,0.0054,1.0,59.485,28.91,9.616,333.684,321.478,483.513,300.000:570.000|300.171:562.045|300.683:554.106|301.536:546.195|302.728:538.329|304.257:530.520|306.120:522.785|308.313:515.137|310.833:507.590|313.675:500.159|316.833:492.856|320.302:485.696|324.076:478.691|328.147:471.855|332.507:465.200|337.150:458.739|342.066:452.483|347.246:446.443|352.680:440.632|358.360:435.060|364.273:429.737|370.409:424.673|376.758:419.877|383.306:415.358|390.043:411.124|391.153:410.464|396.896:407.080|403.750:403.040|410.605:398.999|417.460:394.959|424.315:390.919|431.170:386.878|438.025:382.838|444.880:378.798|451.735:374.757|458.590:370.717|465.444:366.677|472.299:362.636|479.154:358.596|486.009:354.556|492.864:350.515|499.719:346.475|506.574:342.435|513.429:338.394|520.283:334.354|527.138:330.314|533.993:326.273|540.848:322.233|547.703:318.193|554.558:314.152|561.413:310.112|568.268:306.072|575.122:302.031|581.977:297.991|588.832:293.951|595.687:289.910|602.542:285.870|609.397:281.830|616.252:277.789|623.107:273.749|629.961:269.709|636.816:265.668|643.671:261.628|650.526:257.588|657.381:253.547|664.236:249.507|671.091:245.467|677.946:241.426|684.801:237.386|691.655:233.346|698.510:229.305|705.365:225.265|712.220:221.225|719.075:217.184|725.930:213.144|732.785:209.104|739.640:205.063|746.494:201.023|753.349:196.983|760.204:192.942|767.059:188.902|773.914:184.862|780.769:180.822|787.624:176.781|794.479:172.741|801.333:168.701|808.188:164.660,1,48.260318,0.22373,47.960318,0.07627
48.11453,reacquire_slot,slot_center_path_lost:vehicle_footprint_crosses_side_boundary,0,0,0,0,slot_center_path_lost:vehicle_footprint_crosses_side_boundary,0,1785210876.0577888,1,1,0,25,gap_confirmed,2,1,1,1,1424.064,-2074.064,1,1,1,1,1,1,1,0,1586.217,1197.866,654.787,-300.0,954.787,0,0.868,0.497,1785210876.0577888,1562.144,1642.996,-55.844,846.636,1293.641,1,1,1,0.95,0,direct_pair,-36.758,-0.334166,59.454,643.785,220.0,347.368,0,footprint_crosses_slot_entrance,-1000.175,165.984,-2204.021,-1179.061,1,DIRECT_PAIR,1,1,0,0,0,1785210876.0577888,0.0,0.0,2,1,0.0,direct_pair,1486.223:209.817|1003.408:1027.980|2295.244:1790.319|2778.059:972.157,1,1785210865.3898892,2,9,direct_pair_landmarks_frozen,0,collision_risk,0,vehicle_footprint_crosses_side_boundary,0.0054,0.0054,1.0,59.454,54.311,-15.785,7.391,321.478,483.512,300.000:570.000|300.171:562.044|300.684:554.103|301.537:546.191|302.729:538.323|304.259:530.514|306.122:522.777|308.316:515.128|310.837:507.580|313.680:500.147|316.839:492.843|320.309:485.682|324.084:478.677|328.156:471.840|332.518:465.184|337.162:458.722|342.080:452.465|347.261:446.426|352.698:440.615|358.379:435.042|364.294:429.719|370.432:424.655|376.782:419.859|383.333:415.340|390.071:411.107|391.069:410.514|396.923:407.059|403.777:403.015|410.631:398.970|417.485:394.925|424.339:390.881|431.193:386.836|438.047:382.792|444.901:378.747|451.755:374.702|458.609:370.658|465.463:366.613|472.317:362.568|479.171:358.524|486.025:354.479|492.878:350.434|499.732:346.390|506.586:342.345|513.440:338.300|520.294:334.256|527.148:330.211|534.002:326.166|540.856:322.122|547.710:318.077|554.564:314.032|561.418:309.988|568.272:305.943|575.126:301.899|581.980:297.854|588.834:293.809|595.687:289.765|602.541:285.720|609.395:281.675|616.249:277.631|623.103:273.586|629.957:269.541|636.811:265.497|643.665:261.452|650.519:257.407|657.373:253.363|664.227:249.318|671.081:245.273|677.935:241.229|684.789:237.184|691.642:233.139|698.496:229.095|705.350:225.050|712.204:221.005|719.058:216.961|725.912:212.916|732.766:208.872|739.620:204.827|746.474:200.782|753.328:196.738|760.182:192.693|767.036:188.648|773.890:184.604|780.744:180.559|787.598:176.514|794.451:172.470|801.305:168.425|808.159:164.380,1,48.41453,0.3,48.11453,0.0
48.192147,reacquire_slot,reacquired_slot_path_not_ready:collision_risk:vehicle_footprint_crosses_side_boundary,0,0,0,0,reacquired_slot_path_not_ready:collision_risk:vehicle_footprint_crosses_side_boundary,0,1785210876.169078,1,1,0,23,gap_confirmed,1,1,1,1,-197.449,-452.551,0,1,1,1,1,1,1,1,1586.217,1197.866,654.787,-300.0,954.787,0,0.868,0.497,,,,,,,1,1,1,0.95,0,slot_map_localized,-19.577,-0.177972,56.487,639.796,220.0,347.368,0,footprint_crosses_slot_entrance,-917.184,247.852,-2213.673,-1161.293,1,MAP_LOCALIZATION,1,1,0,0,0,1785210876.169078,24.06,2.967,6,1,347.151,slot_map_localized,1484.444:214.689|959.929:1006.765|2210.574:1834.947|2735.090:1042.871,1,1785210865.3898892,2,9,direct_pair_landmarks_frozen,0,collision_risk,0,vehicle_footprint_crosses_side_boundary,0.0054,0.0054,1.0,56.487,63.364,-24.837,7.652,321.479,483.513,300.000:570.000|300.171:562.050|300.683:554.116|301.534:546.210|302.725:538.348|304.252:530.545|306.112:522.814|308.303:515.170|310.820:507.628|313.658:500.200|316.813:492.901|320.277:485.745|324.046:478.743|328.112:471.910|332.468:465.258|337.105:458.798|342.015:452.544|347.189:446.507|352.618:440.697|358.290:435.125|364.197:429.802|370.327:424.738|376.669:419.941|382.941:415.599|383.210:415.421|389.840:411.030|396.471:406.640|403.101:402.249|409.731:397.859|416.361:393.468|422.991:389.078|429.621:384.687|436.251:380.297|442.881:375.906|449.511:371.516|456.141:367.125|462.771:362.735|469.401:358.345|476.032:353.954|482.662:349.564|489.292:345.173|495.922:340.783|502.552:336.392|509.182:332.002|515.812:327.611|522.442:323.221|529.072:318.830|535.702:314.440|542.332:310.049|548.963:305.659|555.593:301.269|562.223:296.878|568.853:292.488|575.483:288.097|582.113:283.707|588.743:279.316|595.373:274.926|602.003:270.535|608.633:266.145|615.263:261.754|621.893:257.364|628.524:252.973|635.154:248.583|641.784:244.192|648.414:239.802|655.044:235.412|661.674:231.021|668.304:226.631|674.934:222.240|681.564:217.850|688.194:213.459|694.824:209.069|701.454:204.678|708.085:200.288|714.715:195.897|721.345:191.507|727.975:187.116|734.605:182.726|741.235:178.336|747.865:173.945|754.495:169.555|761.125:165.164|767.755:160.774|774.385:156.383|781.016:151.993|787.646:147.602,1,48.492147,0.3,48.192147,0.0
48.27137,reacquire_slot,reacquire_waiting_for_unique_lidar_scan,0,0,0,0,reacquire_waiting_for_unique_lidar_scan,0,1785210876.169078,0,1,0,23,gap_confirmed,1,1,1,1,-197.449,-452.551,0,1,1,1,1,1,1,1,1586.217,1197.866,654.787,-300.0,954.787,0,0.868,0.497,,,,,,,1,1,1,0.95,0,slot_map_localized,-19.577,-0.177972,56.487,639.796,220.0,347.368,0,footprint_crosses_slot_entrance,-917.184,247.852,-2213.673,-1161.293,1,MAP_LOCALIZATION,1,1,0,0,0,1785210876.169078,24.06,2.967,6,1,347.151,slot_map_localized,1484.444:214.689|959.929:1006.765|2210.574:1834.947|2735.090:1042.871,1,1785210865.3898892,2,9,direct_pair_landmarks_frozen,0,,0,,,,,,,,,,,,1,48.492147,0.220777,48.192147,0.079223
48.347647,reacquire_slot,reacquired_slot_path_not_ready:collision_risk:vehicle_footprint_crosses_side_boundary,0,0,0,0,reacquired_slot_path_not_ready:collision_risk:vehicle_footprint_crosses_side_boundary,0,1785210876.2807267,1,1,0,27,gap_confirmed,2,1,1,1,1404.17,-2054.17,0,1,1,1,1,1,1,0,1586.217,1178.58,652.872,-300.0,952.872,0,0.868,0.497,,,,,,,1,1,1,0.95,0,slot_map_localized,-18.68,-0.169814,56.297,639.738,220.0,347.368,0,footprint_crosses_slot_entrance,-912.668,252.19,-2215.085,-1161.042,1,MAP_LOCALIZATION,1,1,0,0,0,1785210876.2807267,1.292,0.19,10,1,124.136,slot_map_localized,1484.668:216.256|957.524:1006.585|2205.411:1838.918|2732.555:1048.589,1,1785210865.3898892,2,9,direct_pair_landmarks_frozen,0,collision_risk,0,vehicle_footprint_crosses_side_boundary,0.0054,0.0054,1.0,56.297,63.749,-25.222,7.815,321.479,483.513,300.000:570.000|300.171:562.054|300.682:554.123|301.533:546.222|302.722:538.364|304.248:530.564|306.106:522.837|308.295:515.197|310.809:507.658|313.645:500.233|316.796:492.937|320.258:485.783|324.023:478.785|328.085:471.954|332.436:465.303|337.069:458.846|341.975:452.593|347.144:446.557|352.568:440.748|358.236:435.177|364.137:429.854|370.262:424.789|376.598:419.992|382.428:415.940|383.133:415.469|389.746:411.059|396.358:406.649|402.970:402.239|409.582:397.828|416.194:393.418|422.806:389.008|429.419:384.597|436.031:380.187|442.643:375.777|449.255:371.367|455.867:366.956|462.479:362.546|469.092:358.136|475.704:353.726|482.316:349.315|488.928:344.905|495.540:340.495|502.152:336.084|508.765:331.674|515.377:327.264|521.989:322.854|528.601:318.443|535.213:314.033|541.825:309.623|548.438:305.213|555.050:300.802|561.662:296.392|568.274:291.982|574.886:287.571|581.498:283.161|588.111:278.751|594.723:274.341|601.335:269.930|607.947:265.520|614.559:261.110|621.171:256.700|627.784:252.289|634.396:247.879|641.008:243.469|647.620:239.058|654.232:234.648|660.844:230.238|667.457:225.828|674.069:221.417|680.681:217.007|687.293:212.597|693.905:208.187|700.517:203.776|707.130:199.366|713.742:194.956|720.354:190.545|726.966:186.135|733.578:181.725|740.190:177.315|746.803:172.904|753.415:168.494|760.027:164.084|766.639:159.674|773.251:155.263|779.863:150.853|786.476:146.443,1,48.647647,0.3,48.347647,0.0
48.426599,reacquire_slot,reacquired_slot_path_not_ready:collision_risk:vehicle_footprint_crosses_side_boundary,0,0,0,0,reacquired_slot_path_not_ready:collision_risk:vehicle_footprint_crosses_side_boundary,0,1785210876.3956554,1,1,0,25,gap_confirmed,2,1,1,1,1430.893,-2080.893,0,1,1,1,1,1,1,1,1586.217,1178.58,652.872,-300.0,952.872,0,0.868,0.497,,,,,,,1,1,1,0.95,0,slot_map_localized,-19.472,-0.177015,56.292,639.974,220.0,347.368,0,footprint_crosses_slot_entrance,-916.073,248.78,-2216.141,-1162.059,1,MAP_LOCALIZATION,1,1,0,0,0,1785210876.3956554,3.682,0.005,6,1,103.244,slot_map_localized,1483.575:219.784|956.368:1010.071|2204.189:1842.502|2731.396:1052.216,1,1785210865.3898892,2,9,direct_pair_landmarks_frozen,0,collision_risk,0,vehicle_footprint_crosses_side_boundary,0.0054,0.0054,1.0,56.292,62.944,-24.418,7.703,321.479,483.513,300.000:570.000|300.171:562.052|300.682:554.118|301.534:546.214|302.724:538.353|304.251:530.551|306.111:522.821|308.301:515.179|310.817:507.637|313.654:500.211|316.807:492.913|320.271:485.757|324.039:478.756|328.104:471.924|332.458:465.272|337.094:458.813|342.002:452.560|347.175:446.522|352.602:440.712|358.273:435.141|364.179:429.818|370.307:424.754|376.647:419.957|382.416:415.948|383.186:415.435|389.800:411.022|396.414:406.610|403.028:402.198|409.642:397.785|416.256:393.373|422.870:388.961|429.484:384.548|436.098:380.136|442.712:375.724|449.326:371.311|455.940:366.899|462.555:362.487|469.169:358.075|475.783:353.662|482.397:349.250|489.011:344.838|495.625:340.425|502.239:336.013|508.853:331.601|515.467:327.188|522.081:322.776|528.695:318.364|535.310:313.951|541.924:309.539|548.538:305.127|555.152:300.714|561.766:296.302|568.380:291.890|574.994:287.478|581.608:283.065|588.222:278.653|594.836:274.241|601.450:269.828|608.064:265.416|614.679:261.004|621.293:256.591|627.907:252.179|634.521:247.767|641.135:243.354|647.749:238.942|654.363:234.530|660.977:230.118|667.591:225.705|674.205:221.293|680.819:216.881|687.433:212.468|694.048:208.056|700.662:203.644|707.276:199.231|713.890:194.819|720.504:190.407|727.118:185.994|733.732:181.582|740.346:177.170|746.960:172.757|753.574:168.345|760.188:163.933|766.803:159.521|773.417:155.108|780.031:150.696|786.645:146.284,1,48.726599,0.3,48.426599,0.0
48.505481,reacquire_slot,reacquired_slot_path_not_ready:collision_risk:vehicle_footprint_crosses_side_boundary,0,0,0,0,reacquired_slot_path_not_ready:collision_risk:vehicle_footprint_crosses_side_boundary,0,1785210876.5067432,1,1,0,28,gap_confirmed,2,1,1,1,1408.707,-2058.707,0,1,1,1,1,1,1,0,1586.217,1161.572,649.455,-300.0,949.455,0,0.868,0.497,,,,,,,1,1,1,0.95,0,slot_map_localized,-16.316,-0.148326,55.29,639.563,220.0,347.368,0,footprint_crosses_slot_entrance,-898.917,264.782,-2222.996,-1160.344,1,MAP_LOCALIZATION,1,1,0,0,0,1785210876.5067432,13.372,1.003,10,1,144.541,slot_map_localized,1480.555:233.454|939.601:1014.394|2172.665:1868.533|2713.619:1087.593,1,1785210865.3898892,2,9,direct_pair_landmarks_frozen,0,collision_risk,0,vehicle_footprint_crosses_side_boundary,0.0054,0.0054,1.0,55.29,63.42,-24.894,0.667,321.48,483.513,300.000:570.000|300.170:562.073|300.679:554.161|301.526:546.278|302.709:538.439|304.227:530.657|306.077:522.948|308.255:515.324|310.758:507.801|313.580:500.392|316.717:493.111|320.162:485.970|323.910:478.984|327.954:472.164|332.286:465.523|336.898:459.075|341.782:452.829|346.929:446.798|352.329:440.993|357.972:435.425|363.849:430.103|369.949:425.038|376.259:420.238|379.736:417.770|382.749:415.683|389.267:411.168|395.785:406.653|402.303:402.138|408.821:397.623|415.339:393.108|421.857:388.593|428.375:384.078|434.892:379.563|441.410:375.048|447.928:370.533|454.446:366.018|460.964:361.503|467.482:356.988|474.000:352.473|480.518:347.958|487.036:343.443|493.554:338.928|500.072:334.413|506.590:329.898|513.108:325.383|519.626:320.868|526.144:316.354|532.662:311.839|539.180:307.324|545.698:302.809|552.216:298.294|558.734:293.779|565.252:289.264|571.770:284.749|578.288:280.234|584.806:275.719|591.324:271.204|597.842:266.689|604.360:262.174|610.878:257.659|617.396:253.144|623.913:248.629|630.431:244.114|636.949:239.599|643.467:235.084|649.985:230.569|656.503:226.054|663.021:221.539|669.539:217.024|676.057:212.509|682.575:207.994|689.093:203.479|695.611:198.964|702.129:194.449|708.647:189.934|715.165:185.419|721.683:180.904|728.201:176.389|734.719:171.874|741.237:167.359|747.755:162.844|754.273:158.329|760.791:153.815|767.309:149.300|773.827:144.785|780.345:140.270,1,48.805481,0.3,48.505481,0.0
48.583998,reacquire_slot,reacquire_waiting_for_unique_lidar_scan,0,0,0,0,reacquire_waiting_for_unique_lidar_scan,0,1785210876.5067432,0,1,0,28,gap_confirmed,2,1,1,1,1408.707,-2058.707,0,1,1,1,1,1,1,0,1586.217,1161.572,649.455,-300.0,949.455,0,0.868,0.497,,,,,,,1,1,1,0.95,0,slot_map_localized,-16.316,-0.148326,55.29,639.563,220.0,347.368,0,footprint_crosses_slot_entrance,-898.917,264.782,-2222.996,-1160.344,1,MAP_LOCALIZATION,1,1,0,0,0,1785210876.5067432,13.372,1.003,10,1,144.541,slot_map_localized,1480.555:233.454|939.601:1014.394|2172.665:1868.533|2713.619:1087.593,1,1785210865.3898892,2,9,direct_pair_landmarks_frozen,0,,0,,,,,,,,,,,,1,48.805481,0.221483,48.505481,0.078517
48.661313,reacquire_slot,reacquired_slot_path_not_ready:collision_risk:vehicle_footprint_crosses_side_boundary,0,0,0,0,reacquired_slot_path_not_ready:collision_risk:vehicle_footprint_crosses_side_boundary,0,1785210876.6189578,1,1,0,24,gap_confirmed,2,1,1,1,1411.678,-2061.678,1,1,1,1,1,1,1,0,1574.404,1180.77,629.927,-300.0,929.927,0,0.873,0.487,1785210876.6189578,1552.466,1638.659,-62.206,794.187,1249.527,1,1,1,0.95,0,direct_pair,-21.526,-0.195686,57.227,636.252,220.0,347.368,0,footprint_crosses_slot_entrance,-928.003,237.606,-2191.838,-1146.035,1,DIRECT_PAIR,1,1,0,0,0,1785210876.6189578,0.0,0.0,2,1,0.0,direct_pair,1473.544:194.269|959.301:993.052|2220.537:1805.015|2734.780:1006.232,1,1785210865.3898892,2,9,direct_pair_landmarks_frozen,0,collision_risk,0,vehicle_footprint_crosses_side_boundary,0.0054,0.0054,1.0,57.227,63.417,-24.891,0.93,321.481,483.514,300.000:570.000|300.169:562.080|300.677:554.174|301.523:546.297|302.705:538.464|304.221:530.688|306.068:522.984|308.243:515.366|310.741:507.849|313.559:500.445|316.691:493.168|320.131:486.032|323.873:479.049|327.911:472.233|332.236:465.596|336.842:459.150|341.718:452.907|346.858:446.878|352.250:441.074|357.886:435.507|363.754:430.185|369.845:425.120|376.147:420.319|382.649:415.793|384.943:414.292|389.300:411.487|395.961:407.198|402.623:402.910|409.284:398.621|415.946:394.333|422.608:390.044|429.269:385.755|435.931:381.467|442.592:377.178|449.254:372.889|455.916:368.601|462.577:364.312|469.239:360.024|475.900:355.735|482.562:351.446|489.224:347.158|495.885:342.869|502.547:338.580|509.208:334.292|515.870:330.003|522.532:325.714|529.193:321.426|535.855:317.137|542.516:312.849|549.178:308.560|555.840:304.271|562.501:299.983|569.163:295.694|575.824:291.405|582.486:287.117|589.148:282.828|595.809:278.540|602.471:274.251|609.132:269.962|615.794:265.674|622.456:261.385|629.117:257.096|635.779:252.808|642.441:248.519|649.102:244.230|655.764:239.942|662.425:235.653|669.087:231.365|675.749:227.076|682.410:222.787|689.072:218.499|695.733:214.210|702.395:209.921|709.057:205.633|715.718:201.344|722.380:197.056|729.041:192.767|735.703:188.478|742.365:184.190|749.026:179.901|755.688:175.612|762.349:171.324|769.011:167.035|775.673:162.746|782.334:158.458|788.996:154.169,1,48.961313,0.3,48.661313,0.0
48.737931,reacquire_slot,reacquired_slot_path_not_ready:collision_risk:vehicle_footprint_crosses_side_boundary,0,0,0,0,reacquired_slot_path_not_ready:collision_risk:vehicle_footprint_crosses_side_boundary,0,1785210876.7287564,1,1,0,21,gap_confirmed,2,1,1,1,1407.036,-2057.036,1,1,1,1,1,1,1,0,1565.906,1182.322,606.751,-300.0,906.751,0,0.877,0.48,1785210876.7287564,1550.123,1634.839,-76.205,735.569,1203.626,1,1,1,0.95,0,direct_pair,-5.861,-0.053277,54.906,626.935,220.0,347.368,0,footprint_crosses_slot_entrance,-852.352,310.81,-2171.705,-1105.862,1,DIRECT_PAIR,1,1,0,0,0,1785210876.7287564,0.0,0.0,2,1,0.0,direct_pair,1458.289:175.059|912.119:952.361|2139.438:1814.734|2685.608:1037.432,1,1785210865.3898892,2,9,direct_pair_landmarks_frozen,0,collision_risk,0,vehicle_footprint_crosses_side_boundary,0.0054,0.0054,1.0,54.906,72.859,-34.333,7.246,321.478,483.512,300.000:570.000|300.171:562.041|300.684:554.096|301.538:546.180|302.732:538.309|304.262:530.496|306.128:522.757|308.324:515.104|310.847:507.553|313.692:500.118|316.854:492.811|320.327:485.648|324.105:478.640|328.180:471.801|332.546:465.143|337.194:458.680|342.116:452.422|347.301:446.381|352.742:440.569|358.428:434.996|364.347:429.673|370.490:424.609|376.846:419.813|378.719:418.479|383.352:415.224|389.866:410.647|396.381:406.069|402.895:401.492|409.410:396.914|415.924:392.337|422.439:387.760|428.954:383.182|435.468:378.605|441.983:374.027|448.497:369.450|455.012:364.873|461.526:360.295|468.041:355.718|474.555:351.140|481.070:346.563|487.584:341.985|494.099:337.408|500.613:332.831|507.128:328.253|513.642:323.676|520.157:319.098|526.671:314.521|533.186:309.943|539.701:305.366|546.215:300.789|552.730:296.211|559.244:291.634|565.759:287.056|572.273:282.479|578.788:277.902|585.302:273.324|591.817:268.747|598.331:264.169|604.846:259.592|611.360:255.014|617.875:250.437|624.389:245.860|630.904:241.282|637.419:236.705|643.933:232.127|650.448:227.550|656.962:222.973|663.477:218.395|669.991:213.818|676.506:209.240|683.020:204.663|689.535:200.085|696.049:195.508|702.564:190.931|709.078:186.353|715.593:181.776|722.107:177.198|728.622:172.621|735.136:168.043|741.651:163.466|748.166:158.889|754.680:154.311|761.195:149.734|767.709:145.156,1,49.037931,0.3,48.737931,0.0
48.817259,reacquire_slot,reacquire_waiting_for_unique_lidar_scan,0,0,0,0,reacquire_waiting_for_unique_lidar_scan,0,1785210876.7287564,0,1,0,21,gap_confirmed,2,1,1,1,1407.036,-2057.036,1,1,1,1,1,1,1,0,1565.906,1182.322,606.751,-300.0,906.751,0,0.877,0.48,,,,,,,1,1,1,0.95,0,direct_pair,-5.861,-0.053277,54.906,626.935,220.0,347.368,0,footprint_crosses_slot_entrance,-852.352,310.81,-2171.705,-1105.862,1,DIRECT_PAIR,1,1,0,0,0,1785210876.7287564,0.0,0.0,2,1,0.0,direct_pair,1458.289:175.059|912.119:952.361|2139.438:1814.734|2685.608:1037.432,1,1785210865.3898892,2,9,direct_pair_landmarks_frozen,0,,0,,,,,,,,,,,,1,49.037931,0.220671,48.737931,0.079329
48.896424,reacquire_slot,reacquired_slot_path_not_ready:collision_risk:insufficient_side_clearance_for_reverse_path,0,0,0,0,reacquired_slot_path_not_ready:collision_risk:insufficient_side_clearance_for_reverse_path,0,1785210876.8432705,1,1,0,27,gap_confirmed,2,1,1,1,1421.492,-2071.492,1,1,1,1,1,1,1,0,1582.674,1183.963,641.259,-300.0,941.259,0,0.868,0.497,1785210876.8432705,1613.814,1600.964,11.929,773.056,1398.761,1,1,1,0.95,0,direct_pair,-59.002,-0.53638,59.164,642.734,220.0,347.368,0,footprint_crosses_slot_entrance,-1095.465,70.723,-2202.195,-1174.427,1,DIRECT_PAIR,1,1,0,0,0,1785210876.8432705,0.0,0.0,2,1,0.0,direct_pair,1430.488:297.493|943.532:1113.197|2231.485:1882.076|2718.442:1066.372,1,1785210865.3898892,2,9,direct_pair_landmarks_frozen,0,collision_risk,0,insufficient_side_clearance_for_reverse_path,0.0054,0.0054,1.0,59.164,31.26,7.266,333.684,321.48,483.513,300.000:570.000|300.170:562.062|300.681:554.138|301.530:546.244|302.717:538.393|304.240:530.600|306.095:522.880|308.279:515.247|310.789:507.714|313.619:500.295|316.765:493.005|320.220:485.856|323.979:478.862|328.034:472.036|332.378:465.389|337.002:458.935|341.899:452.685|347.060:446.651|352.474:440.844|358.133:435.273|364.025:429.951|370.139:424.886|376.466:420.088|382.992:415.565|389.706:411.327|390.262:410.993|396.523:407.255|403.341:403.185|410.159:399.115|416.977:395.045|423.795:390.975|430.614:386.904|437.432:382.834|444.250:378.764|451.068:374.694|457.886:370.623|464.704:366.553|471.522:362.483|478.340:358.413|485.158:354.342|491.976:350.272|498.794:346.202|505.612:342.132|512.431:338.061|519.249:333.991|526.067:329.921|532.885:325.851|539.703:321.780|546.521:317.710|553.339:313.640|560.157:309.570|566.975:305.500|573.793:301.429|580.611:297.359|587.429:293.289|594.247:289.219|601.066:285.148|607.884:281.078|614.702:277.008|621.520:272.938|628.338:268.867|635.156:264.797|641.974:260.727|648.792:256.657|655.610:252.586|662.428:248.516|669.246:244.446|676.064:240.376|682.882:236.305|689.701:232.235|696.519:228.165|703.337:224.095|710.155:220.025|716.973:215.954|723.791:211.884|730.609:207.814|737.427:203.744|744.245:199.673|751.063:195.603|757.881:191.533|764.699:187.463|771.517:183.392|778.336:179.322|785.154:175.252|791.972:171.182|798.790:167.111|805.608:163.041,1,49.196424,0.3,48.896424,0.0
48.974954,reacquire_slot,reacquired_slot_path_not_ready:collision_risk:vehicle_footprint_crosses_side_boundary,0,0,0,0,reacquired_slot_path_not_ready:collision_risk:vehicle_footprint_crosses_side_boundary,0,1785210876.9557085,1,1,0,23,gap_confirmed,2,1,1,1,1412.362,-2062.362,1,1,1,1,1,1,1,0,1573.759,1204.488,630.809,-300.0,930.809,0,0.875,0.484,1785210876.9557085,1557.202,1640.753,-60.473,844.46,1283.274,1,1,1,0.95,0,direct_pair,-34.873,-0.317027,59.349,642.527,220.0,347.368,0,footprint_crosses_slot_entrance,-991.762,174.411,-2199.567,-1173.59,1,DIRECT_PAIR,1,1,0,0,0,1785210876.9557085,0.0,0.0,2,1,0.0,direct_pair,1484.762:202.762|1000.451:1020.039|2290.888:1784.742|2775.200:967.464,1,1785210865.3898892,2,9,direct_pair_landmarks_frozen,0,collision_risk,0,vehicle_footprint_crosses_side_boundary,0.0054,0.0054,1.0,59.349,55.904,-17.378,0.137,321.48,483.513,300.000:570.000|300.170:562.061|300.681:554.136|301.530:546.241|302.718:538.389|304.241:530.596|306.097:522.874|308.282:515.240|310.792:507.706|313.623:500.287|316.769:492.996|320.225:485.846|323.985:478.852|328.041:472.025|332.386:465.378|337.011:458.923|341.910:452.673|347.071:446.638|352.487:440.831|358.147:435.260|364.040:429.938|370.156:424.873|376.484:420.075|383.011:415.553|389.726:411.314|390.777:410.687|396.556:407.262|403.388:403.214|410.221:399.165|417.053:395.116|423.885:391.068|430.717:387.019|437.549:382.970|444.381:378.922|451.213:374.873|458.045:370.824|464.877:366.776|471.709:362.727|478.541:358.678|485.374:354.630|492.206:350.581|499.038:346.533|505.870:342.484|512.702:338.435|519.534:334.387|526.366:330.338|533.198:326.289|540.030:322.241|546.862:318.192|553.695:314.143|560.527:310.095|567.359:306.046|574.191:301.997|581.023:297.949|587.855:293.900|594.687:289.852|601.519:285.803|608.351:281.754|615.183:277.706|622.015:273.657|628.848:269.608|635.680:265.560|642.512:261.511|649.344:257.462|656.176:253.414|663.008:249.365|669.840:245.317|676.672:241.268|683.504:237.219|690.336:233.171|697.168:229.122|704.001:225.073|710.833:221.025|717.665:216.976|724.497:212.927|731.329:208.879|738.161:204.830|744.993:200.781|751.825:196.733|758.657:192.684|765.489:188.636|772.322:184.587|779.154:180.538|785.986:176.490|792.818:172.441|799.650:168.392|806.482:164.344,1,49.274954,0.3,48.974954,0.0
49.053782,reacquire_slot,reacquire_waiting_for_unique_lidar_scan,0,0,0,0,reacquire_waiting_for_unique_lidar_scan,0,1785210876.9557085,0,1,0,23,gap_confirmed,2,1,1,1,1412.362,-2062.362,1,1,1,1,1,1,1,0,1573.759,1204.488,630.809,-300.0,930.809,0,0.875,0.484,,,,,,,1,1,1,0.95,0,direct_pair,-34.873,-0.317027,59.349,642.527,220.0,347.368,0,footprint_crosses_slot_entrance,-991.762,174.411,-2199.567,-1173.59,1,DIRECT_PAIR,1,1,0,0,0,1785210876.9557085,0.0,0.0,2,1,0.0,direct_pair,1484.762:202.762|1000.451:1020.039|2290.888:1784.742|2775.200:967.464,1,1785210865.3898892,2,9,direct_pair_landmarks_frozen,0,,0,,,,,,,,,,,,1,49.274954,0.221172,48.974954,0.078828
49.131806,reacquire_slot,reacquired_slot_path_not_ready:collision_risk:insufficient_side_clearance_for_reverse_path,0,0,0,0,reacquired_slot_path_not_ready:collision_risk:insufficient_side_clearance_for_reverse_path,0,1785210877.0674736,1,1,0,26,gap_confirmed,2,1,1,1,1427.621,-2077.621,1,1,1,1,1,1,1,0,1599.375,1189.892,649.055,-300.0,949.055,0,0.868,0.497,1785210877.0674736,1646.948,1584.764,-24.627,740.808,1390.511,1,1,1,0.95,0,direct_pair,-57.577,-0.523423,59.189,635.233,220.0,347.368,0,footprint_crosses_slot_entrance,-1089.378,76.808,-2169.566,-1142.042,1,DIRECT_PAIR,1,1,0,0,0,1785210877.0674736,0.0,0.0,2,1,0.0,direct_pair,1406.084:274.982|919.488:1090.902|2207.782:1859.211|2694.378:1043.291,1,1785210865.3898892,2,9,direct_pair_landmarks_frozen,0,collision_risk,0,insufficient_side_clearance_for_reverse_path,0.0054,0.0054,1.0,59.189,32.756,5.771,333.684,321.479,483.513,300.000:570.000|300.170:562.056|300.682:554.127|301.532:546.227|302.721:538.371|304.246:530.573|306.104:522.847|308.291:515.209|310.804:507.671|313.639:500.248|316.789:492.953|320.249:485.800|324.013:478.803|328.073:471.973|332.423:465.324|337.054:458.867|341.957:452.615|347.124:446.579|352.546:440.770|358.212:435.199|364.111:429.876|370.233:424.812|376.567:420.014|383.101:415.493|389.823:411.256|390.332:410.951|396.647:407.185|403.472:403.115|410.297:399.045|417.122:394.975|423.946:390.905|430.771:386.835|437.596:382.764|444.421:378.694|451.245:374.624|458.070:370.554|464.895:366.484|471.720:362.414|478.545:358.344|485.369:354.273|492.194:350.203|499.019:346.133|505.844:342.063|512.668:337.993|519.493:333.923|526.318:329.853|533.143:325.782|539.968:321.712|546.792:317.642|553.617:313.572|560.442:309.502|567.267:305.432|574.091:301.362|580.916:297.291|587.741:293.221|594.566:289.151|601.391:285.081|608.215:281.011|615.040:276.941|621.865:272.871|628.690:268.800|635.514:264.730|642.339:260.660|649.164:256.590|655.989:252.520|662.814:248.450|669.638:244.380|676.463:240.309|683.288:236.239|690.113:232.169|696.937:228.099|703.762:224.029|710.587:219.959|717.412:215.889|724.237:211.818|731.061:207.748|737.886:203.678|744.711:199.608|751.536:195.538|758.360:191.468|765.185:187.398|772.010:183.327|778.835:179.257|785.659:175.187|792.484:171.117|799.309:167.047,1,49.431806,0.3,49.131806,0.0
49.211565,reacquire_slot,reacquired_slot_path_not_ready:collision_risk:insufficient_side_clearance_for_reverse_path,0,0,0,0,reacquired_slot_path_not_ready:collision_risk:insufficient_side_clearance_for_reverse_path,0,1785210877.1778147,1,1,0,26,gap_confirmed,2,1,1,1,1421.054,-2071.054,1,1,1,1,1,1,1,0,1604.183,1189.141,668.911,-300.0,968.911,0,0.86,0.51,1785210877.1778147,1613.114,1600.457,12.048,775.033,1399.526,1,1,1,0.95,0,direct_pair,-59.545,-0.541317,59.251,642.843,220.0,347.368,0,footprint_crosses_slot_entrance,-1098.042,68.141,-2201.848,-1174.922,1,DIRECT_PAIR,1,1,0,0,0,1785210877.1778147,0.0,0.0,2,1,0.0,direct_pair,1430.601:297.564|944.889:1114.010|2234.014:1880.924|2719.726:1064.478,1,1785210865.3898892,2,9,direct_pair_landmarks_frozen,0,collision_risk,0,insufficient_side_clearance_for_reverse_path,0.0054,0.0054,1.0,59.251,30.96,7.567,333.684,321.479,483.513,300.000:570.000|300.170:562.059|300.681:554.133|301.531:546.235|302.719:538.382|304.243:530.586|306.099:522.863|308.285:515.227|310.797:507.692|313.629:500.271|316.777:492.979|320.235:485.828|323.996:478.832|328.054:472.004|332.400:465.356|337.028:458.901|341.929:452.649|347.093:446.614|352.511:440.806|358.173:435.236|364.069:429.913|370.187:424.848|376.517:420.051|383.047:415.529|389.765:411.291|390.505:410.849|396.591:407.228|403.418:403.167|410.244:399.105|417.071:395.044|423.898:390.983|430.725:386.921|437.552:382.860|444.378:378.799|451.205:374.737|458.032:370.676|464.859:366.615|471.685:362.553|478.512:358.492|485.339:354.431|492.166:350.369|498.992:346.308|505.819:342.247|512.646:338.186|519.473:334.124|526.300:330.063|533.126:326.002|539.953:321.940|546.780:317.879|553.607:313.818|560.433:309.756|567.260:305.695|574.087:301.634|580.914:297.572|587.740:293.511|594.567:289.450|601.394:285.388|608.221:281.327|615.048:277.266|621.874:273.205|628.701:269.143|635.528:265.082|642.355:261.021|649.181:256.959|656.008:252.898|662.835:248.837|669.662:244.775|676.488:240.714|683.315:236.653|690.142:232.591|696.969:228.530|703.796:224.469|710.622:220.408|717.449:216.346|724.276:212.285|731.103:208.224|737.929:204.162|744.756:200.101|751.583:196.040|758.410:191.978|765.236:187.917|772.063:183.856|778.890:179.794|785.717:175.733|792.543:171.672|799.370:167.610|806.197:163.549,1,49.511565,0.3,49.211565,0.0
49.292839,reacquire_slot,reacquired_slot_path_not_ready:collision_risk:vehicle_footprint_crosses_side_boundary,0,0,0,0,reacquired_slot_path_not_ready:collision_risk:vehicle_footprint_crosses_side_boundary,0,1785210877.2926166,1,1,0,26,gap_confirmed,2,1,1,1,1404.5,-2054.5,0,1,1,1,1,1,1,0,1604.183,1172.027,656.085,-300.0,956.085,0,0.86,0.51,,,,,,,1,1,1,0.95,0,slot_map_localized,-17.384,-0.158034,54.073,640.153,220.0,347.368,0,footprint_crosses_slot_entrance,-898.904,262.913,-2235.723,-1163.109,1,MAP_LOCALIZATION,1,1,0,0,0,1785210877.2926166,51.174,5.178,10,1,103.407,slot_map_localized,1468.248:270.007|910.829:1039.282|2125.474:1919.418|2682.893:1150.143,1,1785210865.3898892,2,9,direct_pair_landmarks_frozen,0,collision_risk,0,vehicle_footprint_crosses_side_boundary,0.0054,0.0054,1.0,54.073,59.143,-20.616,1.202,321.481,483.514,300.000:570.000|300.169:562.086|300.676:554.187|301.521:546.316|302.701:538.489|304.214:530.719|306.058:523.022|308.229:515.409|310.724:507.897|313.537:500.498|316.664:493.227|320.099:486.095|323.835:479.117|327.867:472.304|332.185:465.671|336.784:459.228|341.653:452.987|346.785:446.960|352.169:441.158|357.797:435.591|363.657:430.270|369.739:425.204|376.033:420.403|376.527:420.044|382.442:415.757|388.853:411.112|395.263:406.467|401.673:401.822|408.083:397.178|414.494:392.533|420.904:387.888|427.314:383.243|433.725:378.598|440.135:373.953|446.545:369.308|452.956:364.663|459.366:360.018|465.776:355.373|472.186:350.728|478.597:346.083|485.007:341.439|491.417:336.794|497.828:332.149|504.238:327.504|510.648:322.859|517.058:318.214|523.469:313.569|529.879:308.924|536.289:304.279|542.700:299.634|549.110:294.989|555.520:290.345|561.930:285.700|568.341:281.055|574.751:276.410|581.161:271.765|587.572:267.120|593.982:262.475|600.392:257.830|606.803:253.185|613.213:248.540|619.623:243.895|626.033:239.250|632.444:234.606|638.854:229.961|645.264:225.316|651.675:220.671|658.085:216.026|664.495:211.381|670.905:206.736|677.316:202.091|683.726:197.446|690.136:192.801|696.547:188.156|702.957:183.511|709.367:178.867|715.777:174.222|722.188:169.577|728.598:164.932|735.008:160.287|741.419:155.642|747.829:150.997|754.239:146.352|760.650:141.707|767.060:137.062|773.470:132.417,1,49.592839,0.3,49.292839,0.0
49.38757,reacquire_slot,reacquire_waiting_for_unique_lidar_scan,0,0,0,0,reacquire_waiting_for_unique_lidar_scan,0,1785210877.2926166,0,1,0,26,gap_confirmed,2,1,1,1,1404.5,-2054.5,0,1,1,1,1,1,1,0,1604.183,1172.027,656.085,-300.0,956.085,0,0.86,0.51,,,,,,,1,1,1,0.95,0,slot_map_localized,-17.384,-0.158034,54.073,640.153,220.0,347.368,0,footprint_crosses_slot_entrance,-898.904,262.913,-2235.723,-1163.109,1,MAP_LOCALIZATION,1,1,0,0,0,1785210877.2926166,51.174,5.178,10,1,103.407,slot_map_localized,1468.248:270.007|910.829:1039.282|2125.474:1919.418|2682.893:1150.143,1,1785210865.3898892,2,9,direct_pair_landmarks_frozen,0,,0,,,,,,,,,,,,1,49.592839,0.205269,49.292839,0.094731
49.466343,reacquire_slot,reacquired_slot_path_not_ready:collision_risk:vehicle_footprint_crosses_side_boundary,0,0,0,0,reacquired_slot_path_not_ready:collision_risk:vehicle_footprint_crosses_side_boundary,0,1785210877.4038892,1,1,0,29,gap_confirmed,2,1,1,1,1408.57,-2058.57,1,1,1,1,1,1,1,0,1584.661,1179.244,626.773,-300.0,926.773,0,0.867,0.498,1785210877.4038892,1548.405,1634.114,-70.341,751.177,1215.014,1,1,1,0.95,0,direct_pair,-10.133,-0.092116,55.514,629.405,220.0,347.368,0,footprint_crosses_slot_entrance,-873.028,290.959,-2177.219,-1116.456,1,DIRECT_PAIR,1,1,0,0,0,1785210877.4038892,0.0,0.0,2,1,0.0,direct_pair,1461.592:180.810|923.698:963.862|2160.095:1813.169|2697.990:1030.117,1,1785210865.3898892,2,9,direct_pair_landmarks_frozen,0,collision_risk,0,vehicle_footprint_crosses_side_boundary,0.0054,0.0054,1.0,55.514,70.2,-31.673,1.636,321.481,483.514,300.000:570.000|300.169:562.097|300.675:554.207|301.517:546.347|302.694:538.530|304.203:530.770|306.042:523.082|308.208:515.479|310.696:507.975|313.502:500.585|316.621:493.321|320.047:486.196|323.774:479.225|327.796:472.419|332.104:465.791|336.691:459.352|341.548:453.115|346.668:447.092|352.040:441.292|357.654:435.727|363.501:430.406|369.569:425.340|375.849:420.537|380.333:417.358|382.318:415.994|388.835:411.518|395.352:407.041|401.868:402.565|408.385:398.089|414.901:393.612|421.418:389.136|427.934:384.660|434.451:380.183|440.967:375.707|447.484:371.231|454.001:366.754|460.517:362.278|467.034:357.802|473.550:353.325|480.067:348.849|486.583:344.372|493.100:339.896|499.616:335.420|506.133:330.943|512.650:326.467|519.166:321.991|525.683:317.514|532.199:313.038|538.716:308.562|545.232:304.085|551.749:299.609|558.265:295.133|564.782:290.656|571.299:286.180|577.815:281.704|584.332:277.227|590.848:272.751|597.365:268.274|603.881:263.798|610.398:259.322|616.914:254.845|623.431:250.369|629.948:245.893|636.464:241.416|642.981:236.940|649.497:232.464|656.014:227.987|662.530:223.511|669.047:219.035|675.563:214.558|682.080:210.082|688.597:205.605|695.113:201.129|701.630:196.653|708.146:192.176|714.663:187.700|721.179:183.224|727.696:178.747|734.212:174.271|740.729:169.795|747.246:165.318|753.762:160.842|760.279:156.366|766.795:151.889|773.312:147.413,1,49.766343,0.3,49.466343,0.0
49.542653,reacquire_slot,reacquired_slot_path_not_ready:collision_risk:vehicle_footprint_crosses_side_boundary,0,0,0,0,reacquired_slot_path_not_ready:collision_risk:vehicle_footprint_crosses_side_boundary,0,1785210877.5151188,1,1,0,19,gap_confirmed,2,1,1,1,1406.821,-2056.821,1,1,1,1,1,1,1,0,1573.968,1202.891,618.009,-300.0,918.009,0,0.876,0.482,1785210877.5151188,1554.109,1636.87,-72.974,856.747,1276.441,1,1,1,0.95,0,direct_pair,-36.274,-0.329762,59.967,641.852,220.0,347.368,0,footprint_crosses_slot_entrance,-999.376,166.66,-2190.846,-1170.904,1,DIRECT_PAIR,1,1,0,0,0,1785210877.5151188,0.0,0.0,2,1,0.0,direct_pair,1484.546:190.509|1009.071:1012.959|2307.677:1763.708|2783.151:941.258,1,1785210865.3898892,2,9,direct_pair_landmarks_frozen,0,collision_risk,0,vehicle_footprint_crosses_side_boundary,0.0054,0.0054,1.0,59.967,56.226,-17.7,7.928,321.479,483.513,300.000:570.000|300.170:562.057|300.681:554.129|301.532:546.230|302.720:538.375|304.245:530.578|306.102:522.853|308.289:515.215|310.802:507.678|313.635:500.256|316.785:492.962|320.244:485.810|324.007:478.813|328.066:471.984|332.415:465.335|337.044:458.879|341.947:452.627|347.113:446.592|352.533:440.783|358.198:435.212|364.096:429.890|370.217:424.825|376.549:420.027|383.082:415.506|389.802:411.269|392.500:409.678|396.667:407.269|403.546:403.293|410.424:399.316|417.303:395.339|424.181:391.363|431.060:387.386|437.938:383.410|444.817:379.433|451.695:375.456|458.574:371.480|465.453:367.503|472.331:363.527|479.210:359.550|486.088:355.573|492.967:351.597|499.845:347.620|506.724:343.643|513.602:339.667|520.481:335.690|527.359:331.714|534.238:327.737|541.116:323.760|547.995:319.784|554.873:315.807|561.752:311.831|568.630:307.854|575.509:303.877|582.387:299.901|589.266:295.924|596.145:291.948|603.023:287.971|609.902:283.994|616.780:280.018|623.659:276.041|630.537:272.064|637.416:268.088|644.294:264.111|651.173:260.135|658.051:256.158|664.930:252.181|671.808:248.205|678.687:244.228|685.565:240.252|692.444:236.275|699.322:232.298|706.201:228.322|713.079:224.345|719.958:220.369|726.837:216.392|733.715:212.415|740.594:208.439|747.472:204.462|754.351:200.485|761.229:196.509|768.108:192.532|774.986:188.556|781.865:184.579|788.743:180.602|795.622:176.626|802.500:172.649|809.379:168.673,1,49.842653,0.3,49.542653,0.0
49.623436,reacquire_slot,reacquired_slot_path_not_ready:collision_risk:insufficient_side_clearance_for_reverse_path,0,0,0,0,reacquired_slot_path_not_ready:collision_risk:insufficient_side_clearance_for_reverse_path,0,1785210877.6264546,1,1,0,26,gap_confirmed,2,1,1,1,1421.051,-2071.051,1,1,1,1,1,1,1,0,1586.805,1197.988,649.314,-300.0,949.314,0,0.867,0.499,1785210877.6264546,1610.644,1601.297,14.891,776.469,1400.01,1,1,1,0.95,0,direct_pair,-59.588,-0.541711,59.227,643.292,220.0,347.368,0,footprint_crosses_slot_entrance,-1098.164,68.02,-2204.017,-1176.854,1,DIRECT_PAIR,1,1,0,0,0,1785210877.6264546,0.0,0.0,2,1,0.0,direct_pair,1431.914:299.332|945.852:1115.569|2234.647:1883.036|2720.710:1066.799,1,1785210865.3898892,2,9,direct_pair_landmarks_frozen,0,collision_risk,0,insufficient_side_clearance_for_reverse_path,0.0054,0.0054,1.0,59.227,30.848,7.678,333.684,321.479,483.513,300.000:570.000|300.171:562.054|300.682:554.123|301.533:546.221|302.722:538.363|304.248:530.563|306.107:522.835|308.295:515.195|310.810:507.656|313.646:500.231|316.797:492.935|320.259:485.781|324.025:478.782|328.087:471.951|332.439:465.300|337.072:458.843|341.978:452.590|347.147:446.553|352.571:440.744|358.240:435.173|364.142:429.850|370.267:424.785|376.603:419.988|383.140:415.467|389.864:411.231|390.436:410.889|396.693:407.163|403.522:403.097|410.351:399.030|417.181:394.963|424.010:390.897|430.839:386.830|437.668:382.763|444.497:378.696|451.326:374.630|458.156:370.563|464.985:366.496|471.814:362.430|478.643:358.363|485.472:354.296|492.301:350.229|499.131:346.163|505.960:342.096|512.789:338.029|519.618:333.963|526.447:329.896|533.276:325.829|540.106:321.762|546.935:317.696|553.764:313.629|560.593:309.562|567.422:305.496|574.251:301.429|581.081:297.362|587.910:293.295|594.739:289.229|601.568:285.162|608.397:281.095|615.226:277.029|622.056:272.962|628.885:268.895|635.714:264.828|642.543:260.762|649.372:256.695|656.201:252.628|663.031:248.562|669.860:244.495|676.689:240.428|683.518:236.361|690.347:232.295|697.176:228.228|704.006:224.161|710.835:220.095|717.664:216.028|724.493:211.961|731.322:207.894|738.151:203.828|744.981:199.761|751.810:195.694|758.639:191.628|765.468:187.561|772.297:183.494|779.126:179.427|785.956:175.361|792.785:171.294|799.614:167.227|806.443:163.161,1,49.923436,0.3,49.623436,0.0
49.700716,reacquire_slot,reacquire_waiting_for_unique_lidar_scan,0,0,0,0,reacquire_waiting_for_unique_lidar_scan,0,1785210877.6264546,0,1,0,26,gap_confirmed,2,1,1,1,1421.051,-2071.051,1,1,1,1,1,1,1,0,1586.805,1197.988,649.314,-300.0,949.314,0,0.867,0.499,,,,,,,1,1,1,0.95,0,direct_pair,-59.588,-0.541711,59.227,643.292,220.0,347.368,0,footprint_crosses_slot_entrance,-1098.164,68.02,-2204.017,-1176.854,1,DIRECT_PAIR,1,1,0,0,0,1785210877.6264546,0.0,0.0,2,1,0.0,direct_pair,1431.914:299.332|945.852:1115.569|2234.647:1883.036|2720.710:1066.799,1,1785210865.3898892,2,9,direct_pair_landmarks_frozen,0,,0,,,,,,,,,,,,1,49.923436,0.222721,49.623436,0.077279
49.77953,reacquire_slot,reacquired_slot_path_not_ready:collision_risk:vehicle_footprint_crosses_side_boundary,0,0,0,0,reacquired_slot_path_not_ready:collision_risk:vehicle_footprint_crosses_side_boundary,0,1785210877.74152,1,1,0,24,gap_confirmed,2,1,1,1,1409.819,-2059.819,1,1,1,1,1,1,1,0,1574.57,1213.389,636.218,-300.0,936.218,0,0.874,0.485,1785210877.74152,1551.848,1642.809,-55.426,841.171,1279.219,1,1,1,0.95,0,direct_pair,-32.937,-0.299425,59.009,642.664,220.0,347.368,0,footprint_crosses_slot_entrance,-982.498,183.693,-2203.325,-1174.076,1,DIRECT_PAIR,1,1,0,0,0,1785210877.74152,0.0,0.0,2,1,0.0,direct_pair,1486.567:204.702|997.414:1019.091|2283.292:1791.437|2772.444:977.048,1,1785210865.3898892,2,9,direct_pair_landmarks_frozen,0,collision_risk,0,vehicle_footprint_crosses_side_boundary,0.0054,0.0054,1.0,59.009,56.897,-18.371,0.334,321.48,483.513,300.000:570.000|300.170:562.066|300.680:554.146|301.529:546.255|302.715:538.408|304.236:530.618|306.089:522.902|308.272:515.271|310.779:507.742|313.607:500.326|316.750:493.039|320.202:485.892|323.957:478.901|328.008:472.076|332.348:465.432|336.969:458.979|341.862:452.731|347.018:446.698|352.428:440.891|358.082:435.321|363.969:429.999|370.079:424.934|376.400:420.136|382.921:415.612|389.630:411.372|389.834:411.250|396.434:407.285|403.238:403.199|410.042:399.112|416.846:395.025|423.650:390.939|430.453:386.852|437.257:382.765|444.061:378.679|450.865:374.592|457.669:370.505|464.473:366.418|471.277:362.332|478.081:358.245|484.885:354.158|491.689:350.072|498.493:345.985|505.297:341.898|512.101:337.812|518.905:333.725|525.709:329.638|532.512:325.552|539.316:321.465|546.120:317.378|552.924:313.291|559.728:309.205|566.532:305.118|573.336:301.031|580.140:296.945|586.944:292.858|593.748:288.771|600.552:284.685|607.356:280.598|614.160:276.511|620.964:272.424|627.768:268.338|634.571:264.251|641.375:260.164|648.179:256.078|654.983:251.991|661.787:247.904|668.591:243.818|675.395:239.731|682.199:235.644|689.003:231.558|695.807:227.471|702.611:223.384|709.415:219.297|716.219:215.211|723.023:211.124|729.827:207.037|736.630:202.951|743.434:198.864|750.238:194.777|757.042:190.691|763.846:186.604|770.650:182.517|777.454:178.430|784.258:174.344|791.062:170.257|797.866:166.170|804.670:162.084,1,50.07953,0.3,49.77953,0.0
49.858873,reacquire_slot,reacquired_slot_path_not_ready:collision_risk:vehicle_footprint_crosses_side_boundary,0,0,0,0,reacquired_slot_path_not_ready:collision_risk:vehicle_footprint_crosses_side_boundary,0,1785210877.8532627,1,1,0,23,gap_confirmed,2,1,1,1,1427.838,-2077.838,0,1,1,1,1,1,1,1,1574.57,1213.389,636.218,-300.0,936.218,0,0.874,0.485,,,,,,,1,1,1,0.95,0,slot_map_localized,-17.455,-0.158681,56.71,636.931,220.0,347.368,0,footprint_crosses_slot_entrance,-908.76,256.469,-2199.344,-1148.928,1,MAP_LOCALIZATION,1,1,0,0,0,1785210877.8532627,29.685,2.299,6,1,59.655,slot_map_localized,1481.123:194.458|959.694:988.569|2213.554:1811.877|2734.982:1017.766,1,1785210865.3898892,2,9,direct_pair_landmarks_frozen,0,collision_risk,0,vehicle_footprint_crosses_side_boundary,0.0054,0.0054,1.0,56.71,66.087,-27.561,0.971,321.481,483.514,300.000:570.000|300.169:562.081|300.677:554.176|301.523:546.300|302.704:538.467|304.220:530.693|306.066:522.990|308.241:515.373|310.738:507.856|313.556:500.453|316.687:493.177|320.126:486.041|323.868:479.059|327.904:472.244|332.229:465.607|336.833:459.162|341.708:452.919|346.847:446.890|352.238:441.087|357.872:435.519|363.740:430.198|369.830:425.132|376.130:420.332|382.630:415.805|383.542:415.203|389.250:411.454|395.872:407.106|402.494:402.758|409.116:398.410|415.738:394.062|422.360:389.714|428.981:385.366|435.603:381.018|442.225:376.670|448.847:372.322|455.469:367.974|462.091:363.626|468.713:359.278|475.334:354.930|481.956:350.582|488.578:346.234|495.200:341.886|501.822:337.538|508.444:333.190|515.065:328.842|521.687:324.494|528.309:320.146|534.931:315.798|541.553:311.450|548.175:307.102|554.796:302.754|561.418:298.406|568.040:294.058|574.662:289.710|581.284:285.362|587.906:281.014|594.527:276.666|601.149:272.318|607.771:267.970|614.393:263.622|621.015:259.274|627.637:254.926|634.258:250.577|640.880:246.229|647.502:241.881|654.124:237.533|660.746:233.185|667.368:228.837|673.989:224.489|680.611:220.141|687.233:215.793|693.855:211.445|700.477:207.097|707.099:202.749|713.720:198.401|720.342:194.053|726.964:189.705|733.586:185.357|740.208:181.009|746.830:176.661|753.451:172.313|760.073:167.965|766.695:163.617|773.317:159.269|779.939:154.921|786.561:150.573,1,50.158873,0.3,49.858873,0.0
49.939125,reacquire_slot,reacquire_waiting_for_unique_lidar_scan,0,0,0,0,reacquire_waiting_for_unique_lidar_scan,0,1785210877.8532627,0,1,0,23,gap_confirmed,2,1,1,1,1427.838,-2077.838,0,1,1,1,1,1,1,1,1574.57,1213.389,636.218,-300.0,936.218,0,0.874,0.485,,,,,,,1,1,1,0.95,0,slot_map_localized,-17.455,-0.158681,56.71,636.931,220.0,347.368,0,footprint_crosses_slot_entrance,-908.76,256.469,-2199.344,-1148.928,1,MAP_LOCALIZATION,1,1,0,0,0,1785210877.8532627,29.685,2.299,6,1,59.655,slot_map_localized,1481.123:194.458|959.694:988.569|2213.554:1811.877|2734.982:1017.766,1,1785210865.3898892,2,9,direct_pair_landmarks_frozen,0,,0,,,,,,,,,,,,1,50.158873,0.219748,49.858873,0.080252
50.0198,reacquire_slot,reacquired_slot_path_not_ready:collision_risk:insufficient_side_clearance_for_reverse_path,0,0,0,0,reacquired_slot_path_not_ready:collision_risk:insufficient_side_clearance_for_reverse_path,0,1785210877.9637997,1,1,0,26,gap_confirmed,2,1,1,1,1421.712,-2071.712,1,1,1,1,1,1,1,0,1588.834,1204.64,660.648,-300.0,960.648,0,0.866,0.501,1785210877.9637997,1615.326,1601.088,10.973,775.693,1401.064,1,1,1,0.95,0,direct_pair,-59.814,-0.543762,59.299,642.948,220.0,347.368,0,footprint_crosses_slot_entrance,-1099.33,66.848,-2201.855,-1175.395,1,DIRECT_PAIR,1,1,0,0,0,1785210877.9637997,0.0,0.0,2,1,0.0,direct_pair,1430.903:297.592|945.879:1114.446|2235.649:1880.274|2720.673:1063.420,1,1785210865.3898892,2,9,direct_pair_landmarks_frozen,0,collision_risk,0,insufficient_side_clearance_for_reverse_path,0.0054,0.0054,1.0,59.299,30.825,7.702,333.684,321.479,483.513,300.000:570.000|300.170:562.057|300.681:554.128|301.532:546.229|302.721:538.373|304.245:530.576|306.103:522.851|308.290:515.213|310.803:507.676|313.636:500.253|316.786:492.959|320.246:485.807|324.009:478.810|328.068:471.980|332.417:465.331|337.048:458.875|341.950:452.623|347.117:446.587|352.538:440.779|358.202:435.208|364.101:429.885|370.222:424.820|376.555:420.023|383.088:415.501|389.809:411.264|390.639:410.769|396.640:407.206|403.472:403.149|410.304:399.092|417.136:395.036|423.968:390.979|430.800:386.922|437.632:382.866|444.464:378.809|451.296:374.752|458.128:370.696|464.960:366.639|471.792:362.582|478.624:358.526|485.456:354.469|492.288:350.412|499.120:346.356|505.952:342.299|512.784:338.242|519.616:334.186|526.448:330.129|533.281:326.072|540.113:322.016|546.945:317.959|553.777:313.902|560.609:309.846|567.441:305.789|574.273:301.733|581.105:297.676|587.937:293.619|594.769:289.563|601.601:285.506|608.433:281.449|615.265:277.393|622.097:273.336|628.929:269.279|635.761:265.223|642.593:261.166|649.425:257.109|656.257:253.053|663.089:248.996|669.921:244.939|676.753:240.883|683.585:236.826|690.417:232.769|697.249:228.713|704.081:224.656|710.913:220.599|717.745:216.543|724.577:212.486|731.409:208.429|738.241:204.373|745.073:200.316|751.905:196.259|758.737:192.203|765.569:188.146|772.401:184.089|779.233:180.033|786.065:175.976|792.897:171.919|799.730:167.863|806.562:163.806,1,50.3198,0.3,50.0198,0.0
50.111749,reacquire_slot,reacquired_slot_path_not_ready:collision_risk:vehicle_footprint_crosses_side_boundary,0,0,0,0,reacquired_slot_path_not_ready:collision_risk:vehicle_footprint_crosses_side_boundary,0,1785210878.0795584,1,1,0,29,gap_confirmed,2,1,1,1,1406.083,-2056.083,0,1,1,1,1,1,1,0,1588.834,1178.707,653.13,-300.0,953.13,0,0.866,0.501,,,,,,,1,1,1,0.95,0,slot_map_localized,-16.377,-0.148882,53.872,639.509,220.0,347.368,0,footprint_crosses_slot_entrance,-893.757,267.699,-2234.59,-1160.377,1,MAP_LOCALIZATION,1,1,0,0,0,1785210878.0795584,52.396,5.427,10,1,103.813,slot_map_localized,1466.555:269.999|906.443:1037.315|2117.994:1921.704|2678.107:1154.388,1,1785210865.3898892,2,9,direct_pair_landmarks_frozen,0,collision_risk,0,vehicle_footprint_crosses_side_boundary,0.0054,0.0054,1.0,53.872,59.624,-21.098,1.658,321.481,483.514,300.000:570.000|300.169:562.097|300.675:554.208|301.517:546.349|302.693:538.532|304.202:530.772|306.041:523.085|308.207:515.482|310.695:507.979|313.500:500.589|316.619:493.325|320.045:486.201|323.771:479.230|327.792:472.424|332.100:465.796|336.686:459.358|341.543:453.122|346.662:447.098|352.033:441.298|357.647:435.733|363.493:430.413|369.561:425.346|375.840:420.544|376.001:420.426|382.225:415.883|388.610:411.222|394.995:406.561|401.380:401.900|407.766:397.239|414.151:392.578|420.536:387.917|426.921:383.256|433.306:378.595|439.692:373.934|446.077:369.273|452.462:364.612|458.847:359.951|465.232:355.290|471.618:350.629|478.003:345.968|484.388:341.307|490.773:336.646|497.158:331.986|503.544:327.325|509.929:322.664|516.314:318.003|522.699:313.342|529.084:308.681|535.470:304.020|541.855:299.359|548.240:294.698|554.625:290.037|561.010:285.376|567.396:280.715|573.781:276.054|580.166:271.393|586.551:266.732|592.936:262.071|599.322:257.410|605.707:252.749|612.092:248.088|618.477:243.427|624.862:238.766|631.248:234.105|637.633:229.444|644.018:224.783|650.403:220.122|656.788:215.461|663.173:210.800|669.559:206.140|675.944:201.479|682.329:196.818|688.714:192.157|695.099:187.496|701.485:182.835|707.870:178.174|714.255:173.513|720.640:168.852|727.025:164.191|733.411:159.530|739.796:154.869|746.181:150.208|752.566:145.547|758.951:140.886|765.337:136.225|771.722:131.564,1,50.411749,0.3,50.111749,0.0
50.190285,reacquire_slot,reacquired_slot_path_not_ready:collision_risk:vehicle_footprint_crosses_side_boundary,0,0,0,0,reacquired_slot_path_not_ready:collision_risk:vehicle_footprint_crosses_side_boundary,0,1785210878.1895905,1,1,0,25,gap_confirmed,2,1,1,1,1409.14,-2059.14,1,1,1,1,1,1,1,0,1577.121,1200.804,637.706,-300.0,937.706,0,0.874,0.486,1785210878.1895905,1555.369,1640.906,-61.231,842.779,1279.356,1,1,1,0.95,0,direct_pair,-33.772,-0.307021,59.232,642.168,220.0,347.368,0,footprint_crosses_slot_entrance,-986.701,179.482,-2199.111,-1172.003,1,DIRECT_PAIR,1,1,0,0,0,1785210878.1895905,0.0,0.0,2,1,0.0,direct_pair,1484.833:200.919|998.852:1017.205|2287.724:1784.543|2773.705:968.257,1,1785210865.3898892,2,9,direct_pair_landmarks_frozen,0,collision_risk,0,vehicle_footprint_crosses_side_boundary,0.0054,0.0054,1.0,59.232,56.68,-18.154,0.406,321.48,483.513,300.000:570.000|300.170:562.067|300.680:554.149|301.528:546.260|302.714:538.414|304.234:530.627|306.087:522.912|308.268:515.283|310.775:507.754|313.601:500.340|316.743:493.054|320.193:485.909|323.947:478.919|327.997:472.095|332.335:465.452|336.954:459.000|341.845:452.752|346.999:446.719|352.407:440.913|358.058:435.344|363.943:430.022|370.051:424.957|376.370:420.158|382.888:415.634|389.595:411.393|390.452:410.880|396.412:407.332|403.230:403.272|410.048:399.213|416.867:395.154|423.685:391.095|430.503:387.035|437.322:382.976|444.140:378.917|450.958:374.857|457.777:370.798|464.595:366.739|471.413:362.679|478.231:358.620|485.050:354.561|491.868:350.501|498.686:346.442|505.505:342.383|512.323:338.323|519.141:334.264|525.960:330.205|532.778:326.145|539.596:322.086|546.415:318.027|553.233:313.967|560.051:309.908|566.869:305.849|573.688:301.789|580.506:297.730|587.324:293.671|594.143:289.611|600.961:285.552|607.779:281.493|614.598:277.434|621.416:273.374|628.234:269.315|635.053:265.256|641.871:261.196|648.689:257.137|655.508:253.078|662.326:249.018|669.144:244.959|675.962:240.900|682.781:236.840|689.599:232.781|696.417:228.722|703.236:224.662|710.054:220.603|716.872:216.544|723.691:212.484|730.509:208.425|737.327:204.366|744.146:200.306|750.964:196.247|757.782:192.188|764.600:188.128|771.419:184.069|778.237:180.010|785.055:175.950|791.874:171.891|798.692:167.832|805.510:163.772,1,50.490285,0.3,50.190285,0.0
50.265234,reacquire_slot,reacquire_waiting_for_unique_lidar_scan,0,0,0,0,reacquire_waiting_for_unique_lidar_scan,0,1785210878.1895905,0,1,0,25,gap_confirmed,2,1,1,1,1409.14,-2059.14,1,1,1,1,1,1,1,0,1577.121,1200.804,637.706,-300.0,937.706,0,0.874,0.486,,,,,,,1,1,1,0.95,0,direct_pair,-33.772,-0.307021,59.232,642.168,220.0,347.368,0,footprint_crosses_slot_entrance,-986.701,179.482,-2199.111,-1172.003,1,DIRECT_PAIR,1,1,0,0,0,1785210878.1895905,0.0,0.0,2,1,0.0,direct_pair,1484.833:200.919|998.852:1017.205|2287.724:1784.543|2773.705:968.257,1,1785210865.3898892,2,9,direct_pair_landmarks_frozen,0,,0,,,,,,,,,,,,1,50.490285,0.225051,50.190285,0.074949
50.343863,reacquire_slot,reacquired_slot_path_not_ready:collision_risk:vehicle_footprint_crosses_side_boundary,0,0,0,0,reacquired_slot_path_not_ready:collision_risk:vehicle_footprint_crosses_side_boundary,0,1785210878.301251,1,1,0,28,gap_confirmed,2,1,1,1,1406.792,-2056.792,1,1,1,1,1,1,1,0,1566.329,1198.067,614.295,-300.0,914.295,0,0.877,0.481,1785210878.301251,1546.285,1634.743,-70.383,751.226,1212.018,1,1,1,0.95,0,direct_pair,-9.326,-0.084784,55.435,629.284,220.0,347.368,0,footprint_crosses_slot_entrance,-869.261,294.627,-2177.371,-1115.94,1,DIRECT_PAIR,1,1,0,0,0,1785210878.301251,0.0,0.0,2,1,0.0,direct_pair,1462.472:179.663|923.497:961.971|2158.720:1812.985|2697.695:1030.676,1,1785210865.3898892,2,9,direct_pair_landmarks_frozen,0,collision_risk,0,vehicle_footprint_crosses_side_boundary,0.0054,0.0054,1.0,55.435,70.796,-32.269,5.705,321.475,483.511,300.000:570.000|300.173:562.003|300.691:554.021|301.553:546.069|302.758:538.161|304.303:530.313|306.185:522.539|308.402:514.853|310.948:507.270|313.820:499.805|317.011:492.470|320.516:485.280|324.328:478.248|328.440:471.387|332.845:464.710|337.534:458.230|342.498:451.958|347.729:445.906|353.216:440.086|358.949:434.508|364.918:429.183|371.111:424.121|377.517:419.331|380.122:417.503|384.089:414.770|390.676:410.232|397.264:405.693|403.851:401.155|410.439:396.616|417.026:392.078|423.614:387.539|430.201:383.001|436.788:378.463|443.376:373.924|449.963:369.386|456.551:364.847|463.138:360.309|469.726:355.770|476.313:351.232|482.900:346.693|489.488:342.155|496.075:337.617|502.663:333.078|509.250:328.540|515.838:324.001|522.425:319.463|529.012:314.924|535.600:310.386|542.187:305.847|548.775:301.309|555.362:296.771|561.950:292.232|568.537:287.694|575.124:283.155|581.712:278.617|588.299:274.078|594.887:269.540|601.474:265.001|608.062:260.463|614.649:255.925|621.237:251.386|627.824:246.848|634.411:242.309|640.999:237.771|647.586:233.232|654.174:228.694|660.761:224.155|667.349:219.617|673.936:215.079|680.523:210.540|687.111:206.002|693.698:201.463|700.286:196.925|706.873:192.386|713.461:187.848|720.048:183.309|726.635:178.771|733.223:174.233|739.810:169.694|746.398:165.156|752.985:160.617|759.573:156.079|766.160:151.540|772.747:147.002,1,50.643863,0.3,50.343863,0.0
50.421887,reacquire_slot,reacquired_slot_path_not_ready:collision_risk:vehicle_footprint_crosses_side_boundary,0,0,0,0,reacquired_slot_path_not_ready:collision_risk:vehicle_footprint_crosses_side_boundary,0,1785210878.4132411,1,1,0,25,gap_confirmed,2,1,1,1,1406.106,-2056.106,1,1,1,1,1,1,1,0,1562.502,1214.888,609.458,-300.0,909.458,0,0.883,0.469,1785210878.4132411,1555.394,1636.026,-75.027,856.227,1275.979,1,1,1,0.95,0,direct_pair,-36.345,-0.330412,60.007,641.545,220.0,347.368,0,footprint_crosses_slot_entrance,-999.782,166.241,-2189.143,-1169.592,1,DIRECT_PAIR,1,1,0,0,0,1785210878.4132411,0.0,0.0,2,1,0.0,direct_pair,1483.579:189.087|1008.673:1011.865|2307.797:1761.717|2782.703:938.939,1,1785210865.3898892,2,9,direct_pair_landmarks_frozen,0,collision_risk,0,vehicle_footprint_crosses_side_boundary,0.0054,0.0054,1.0,60.007,56.265,-17.739,0.103,321.479,483.513,300.000:570.000|300.170:562.060|300.681:554.135|301.531:546.238|302.718:538.386|304.242:530.592|306.098:522.870|308.283:515.235|310.794:507.700|313.626:500.280|316.773:492.988|320.229:485.838|323.990:478.843|328.046:472.016|332.392:465.368|337.019:458.913|341.918:452.663|347.081:446.628|352.497:440.820|358.158:435.250|364.052:429.927|370.169:424.862|376.498:420.064|383.027:415.542|389.743:411.304|392.611:409.614|396.607:407.308|403.486:403.337|410.364:399.367|417.243:395.397|424.122:391.426|431.001:387.456|437.880:383.485|444.758:379.515|451.637:375.544|458.516:371.574|465.395:367.604|472.274:363.633|479.152:359.663|486.031:355.692|492.910:351.722|499.789:347.751|506.667:343.781|513.546:339.811|520.425:335.840|527.304:331.870|534.183:327.899|541.061:323.929|547.940:319.959|554.819:315.988|561.698:312.018|568.577:308.047|575.455:304.077|582.334:300.106|589.213:296.136|596.092:292.166|602.970:288.195|609.849:284.225|616.728:280.254|623.607:276.284|630.486:272.313|637.364:268.343|644.243:264.373|651.122:260.402|658.001:256.432|664.880:252.461|671.758:248.491|678.637:244.520|685.516:240.550|692.395:236.580|699.274:232.609|706.152:228.639|713.031:224.668|719.910:220.698|726.789:216.727|733.667:212.757|740.546:208.787|747.425:204.816|754.304:200.846|761.183:196.875|768.061:192.905|774.940:188.934|781.819:184.964|788.698:180.994|795.577:177.023|802.455:173.053|809.334:169.082,1,50.721887,0.3,50.421887,0.0
50.499671,reacquire_slot,reacquire_waiting_for_unique_lidar_scan,0,0,0,0,reacquire_waiting_for_unique_lidar_scan,0,1785210878.4132411,0,1,0,25,gap_confirmed,2,1,1,1,1406.106,-2056.106,1,1,1,1,1,1,1,0,1562.502,1214.888,609.458,-300.0,909.458,0,0.883,0.469,,,,,,,1,1,1,0.95,0,direct_pair,-36.345,-0.330412,60.007,641.545,220.0,347.368,0,footprint_crosses_slot_entrance,-999.782,166.241,-2189.143,-1169.592,1,DIRECT_PAIR,1,1,0,0,0,1785210878.4132411,0.0,0.0,2,1,0.0,direct_pair,1483.579:189.087|1008.673:1011.865|2307.797:1761.717|2782.703:938.939,1,1785210865.3898892,2,9,direct_pair_landmarks_frozen,0,,0,,,,,,,,,,,,1,50.721887,0.222215,50.421887,0.077785
50.579547,reacquire_slot,reacquired_slot_path_not_ready:collision_risk:vehicle_footprint_crosses_side_boundary,0,0,0,0,reacquired_slot_path_not_ready:collision_risk:vehicle_footprint_crosses_side_boundary,0,1785210878.5279238,1,1,0,25,gap_confirmed,2,1,1,1,1423.02,-2073.02,0,1,1,1,1,1,1,0,1562.502,1216.566,626.946,-300.0,926.946,0,0.883,0.469,,,,,,,1,1,1,0.95,0,slot_map_localized,-10.987,-0.09988,55.621,638.316,220.0,347.368,0,footprint_crosses_slot_entrance,-877.097,287.022,-2214.786,-1154.926,1,MAP_LOCALIZATION,1,1,0,0,0,1785210878.5279238,22.878,4.386,7,1,150.255,slot_map_localized,1492.159:202.863|955.722:986.913|2193.697:1833.919|2730.134:1049.868,1,1785210865.3898892,2,9,direct_pair_landmarks_frozen,0,collision_risk,0,vehicle_footprint_crosses_side_boundary,0.0054,0.0054,1.0,55.621,69.63,-31.104,1.059,321.481,483.514,300.000:570.000|300.169:562.083|300.677:554.180|301.522:546.306|302.703:538.476|304.218:530.703|306.063:523.002|308.236:515.387|310.733:507.872|313.549:500.470|316.678:493.196|320.116:486.062|323.855:479.081|327.890:472.267|332.212:465.631|336.814:459.187|341.687:452.945|346.823:446.917|352.212:441.114|357.844:435.547|363.708:430.226|369.795:425.160|376.093:420.359|380.617:417.164|382.582:415.819|389.118:411.347|395.654:406.875|402.190:402.403|408.727:397.931|415.263:393.459|421.799:388.987|428.335:384.515|434.871:380.043|441.408:375.571|447.944:371.099|454.480:366.627|461.016:362.155|467.553:357.683|474.089:353.211|480.625:348.739|487.161:344.267|493.697:339.795|500.234:335.323|506.770:330.851|513.306:326.379|519.842:321.907|526.378:317.435|532.915:312.963|539.451:308.491|545.987:304.019|552.523:299.547|559.060:295.075|565.596:290.603|572.132:286.131|578.668:281.659|585.204:277.187|591.741:272.715|598.277:268.243|604.813:263.771|611.349:259.299|617.886:254.827|624.422:250.355|630.958:245.883|637.494:241.411|644.030:236.939|650.567:232.468|657.103:227.996|663.639:223.524|670.175:219.052|676.711:214.580|683.248:210.108|689.784:205.636|696.320:201.164|702.856:196.692|709.393:192.220|715.929:187.748|722.465:183.276|729.001:178.804|735.537:174.332|742.074:169.860|748.610:165.388|755.146:160.916|761.682:156.444|768.218:151.972|774.755:147.500|781.291:143.028,1,50.879547,0.3,50.579547,0.0
50.658511,reacquire_slot,reacquired_slot_path_not_ready:collision_risk:vehicle_footprint_crosses_side_boundary,0,0,0,0,reacquired_slot_path_not_ready:collision_risk:vehicle_footprint_crosses_side_boundary,0,1785210878.6389563,1,1,0,28,gap_confirmed,2,1,1,1,1408.796,-2058.796,1,1,1,1,1,1,1,0,1557.033,1208.509,608.742,-300.0,908.742,0,0.884,0.468,1785210878.6389563,1546.878,1636.299,-66.181,750.792,1216.049,1,1,1,0.95,0,direct_pair,-9.656,-0.08778,55.371,629.943,220.0,347.368,0,footprint_crosses_slot_entrance,-870.453,293.352,-2180.76,-1118.791,1,DIRECT_PAIR,1,1,0,0,0,1785210878.6389563,0.0,0.0,2,1,0.0,direct_pair,1463.469:184.081|923.622:965.788|2157.897:1818.177|2697.743:1036.470,1,1785210865.3898892,2,9,direct_pair_landmarks_frozen,0,collision_risk,0,vehicle_footprint_crosses_side_boundary,0.0054,0.0054,1.0,55.371,70.296,-31.77,1.465,321.481,483.514,300.000:570.000|300.169:562.092|300.675:554.199|301.518:546.335|302.696:538.514|304.207:530.750|306.048:523.058|308.216:515.452|310.707:507.945|313.516:500.551|316.638:493.284|320.068:486.157|323.798:479.182|327.824:472.374|332.136:465.743|336.727:459.303|341.589:453.065|346.714:447.040|352.090:441.239|357.710:435.673|363.562:430.353|369.636:425.287|375.921:420.484|379.952:417.620|382.392:415.936|388.900:411.441|395.409:406.946|401.918:402.451|408.427:397.956|414.935:393.461|421.444:388.966|427.953:384.471|434.461:379.976|440.970:375.481|447.479:370.986|453.988:366.492|460.496:361.997|467.005:357.502|473.514:353.007|480.022:348.512|486.531:344.017|493.040:339.522|499.549:335.027|506.057:330.532|512.566:326.037|519.075:321.542|525.583:317.047|532.092:312.553|538.601:308.058|545.110:303.563|551.618:299.068|558.127:294.573|564.636:290.078|571.144:285.583|577.653:281.088|584.162:276.593|590.671:272.098|597.179:267.603|603.688:263.108|610.197:258.614|616.705:254.119|623.214:249.624|629.723:245.129|636.232:240.634|642.740:236.139|649.249:231.644|655.758:227.149|662.266:222.654|668.775:218.159|675.284:213.664|681.793:209.170|688.301:204.675|694.810:200.180|701.319:195.685|707.827:191.190|714.336:186.695|720.845:182.200|727.354:177.705|733.862:173.210|740.371:168.715|746.880:164.220|753.388:159.725|759.897:155.231|766.406:150.736|772.915:146.241,1,50.958511,0.3,50.658511,0.0
50.735894,reacquire_slot,reacquire_waiting_for_unique_lidar_scan,0,0,0,0,reacquire_waiting_for_unique_lidar_scan,0,1785210878.6389563,0,1,0,28,gap_confirmed,2,1,1,1,1408.796,-2058.796,1,1,1,1,1,1,1,0,1557.033,1208.509,608.742,-300.0,908.742,0,0.884,0.468,,,,,,,1,1,1,0.95,0,direct_pair,-9.656,-0.08778,55.371,629.943,220.0,347.368,0,footprint_crosses_slot_entrance,-870.453,293.352,-2180.76,-1118.791,1,DIRECT_PAIR,1,1,0,0,0,1785210878.6389563,0.0,0.0,2,1,0.0,direct_pair,1463.469:184.081|923.622:965.788|2157.897:1818.177|2697.743:1036.470,1,1785210865.3898892,2,9,direct_pair_landmarks_frozen,0,,0,,,,,,,,,,,,1,50.958511,0.222617,50.658511,0.077383
50.813048,reacquire_slot,reacquired_slot_path_not_ready:collision_risk:vehicle_footprint_crosses_side_boundary,0,0,0,0,reacquired_slot_path_not_ready:collision_risk:vehicle_footprint_crosses_side_boundary,0,1785210878.7509217,1,1,0,26,gap_confirmed,2,1,1,1,1427.181,-2077.181,1,1,1,1,1,1,1,0,1588.365,1193.19,634.019,-300.0,934.019,0,0.874,0.486,1785210878.7509217,1646.552,1609.397,-11.904,720.081,1373.828,1,1,1,0.95,0,direct_pair,-45.503,-0.413662,57.309,637.068,220.0,347.368,0,footprint_crosses_slot_entrance,-1031.799,133.862,-2194.629,-1149.564,1,DIRECT_PAIR,1,1,0,0,0,1785210878.7509217,0.0,0.0,2,1,0.0,direct_pair,1421.290:281.204|908.188:1080.720|2170.582:1890.881|2683.684:1091.365,1,1785210865.3898892,2,9,direct_pair_landmarks_frozen,0,collision_risk,0,vehicle_footprint_crosses_side_boundary,0.0054,0.0054,1.0,57.309,39.662,-1.136,0.462,321.48,483.513,300.000:570.000|300.170:562.069|300.679:554.152|301.527:546.264|302.713:538.420|304.233:530.633|306.085:522.919|308.266:515.292|310.771:507.764|313.597:500.351|316.737:493.066|320.187:485.922|323.939:478.933|327.988:472.110|332.324:465.467|336.942:459.016|341.831:452.769|346.984:446.736|352.390:440.930|358.040:435.361|363.923:430.039|370.029:424.974|376.346:420.175|382.863:415.651|385.165:414.149|389.529:411.349|396.206:407.063|402.883:402.778|409.560:398.493|416.237:394.208|422.914:389.923|429.591:385.638|436.268:381.353|442.946:377.067|449.623:372.782|456.300:368.497|462.977:364.212|469.654:359.927|476.331:355.642|483.008:351.357|489.685:347.072|496.362:342.786|503.040:338.501|509.717:334.216|516.394:329.931|523.071:325.646|529.748:321.361|536.425:317.076|543.102:312.790|549.779:308.505|556.456:304.220|563.133:299.935|569.811:295.650|576.488:291.365|583.165:287.080|589.842:282.794|596.519:278.509|603.196:274.224|609.873:269.939|616.550:265.654|623.227:261.369|629.905:257.084|636.582:252.798|643.259:248.513|649.936:244.228|656.613:239.943|663.290:235.658|669.967:231.373|676.644:227.088|683.321:222.802|689.999:218.517|696.676:214.232|703.353:209.947|710.030:205.662|716.707:201.377|723.384:197.092|730.061:192.807|736.738:188.521|743.415:184.236|750.093:179.951|756.770:175.666|763.447:171.381|770.124:167.096|776.801:162.811|783.478:158.525|790.155:154.240,1,51.113048,0.3,50.813048,0.0
50.889788,reacquire_slot,reacquired_slot_path_not_ready:collision_risk:vehicle_footprint_crosses_side_boundary,0,0,0,0,reacquired_slot_path_not_ready:collision_risk:vehicle_footprint_crosses_side_boundary,0,1785210878.8609972,1,1,0,23,gap_confirmed,2,1,1,1,1409.14,-2059.14,1,1,1,1,1,1,1,0,1575.574,1210.467,626.115,-300.0,926.115,0,0.88,0.476,1785210878.8609972,1551.82,1642.561,-56.369,842.549,1279.241,1,1,1,0.95,0,direct_pair,-33.21,-0.301906,59.079,642.681,220.0,347.368,0,footprint_crosses_slot_entrance,-983.863,182.327,-2202.753,-1174.171,1,DIRECT_PAIR,1,1,0,0,0,1785210878.8609972,0.0,0.0,2,1,0.0,direct_pair,1486.636:203.945|998.473:1018.927|2285.288:1789.711|2773.451:974.729,1,1785210865.3898892,2,9,direct_pair_landmarks_frozen,0,collision_risk,0,vehicle_footprint_crosses_side_boundary,0.0054,0.0054,1.0,59.079,56.817,-18.291,0.271,321.48,483.513,300.000:570.000|300.170:562.064|300.680:554.143|301.529:546.250|302.716:538.402|304.237:530.611|306.092:522.893|308.275:515.261|310.783:507.730|313.612:500.314|316.756:493.025|320.209:485.878|323.966:478.885|328.019:472.060|332.360:465.415|336.983:458.962|341.877:452.713|347.035:446.679|352.447:440.872|358.102:435.302|363.992:429.980|370.103:424.915|376.427:420.116|382.950:415.593|389.661:411.354|390.027:411.134|396.470:407.274|403.281:403.195|410.091:399.116|416.901:395.037|423.711:390.957|430.521:386.878|437.331:382.799|444.142:378.720|450.952:374.641|457.762:370.562|464.572:366.482|471.382:362.403|478.192:358.324|485.003:354.245|491.813:350.166|498.623:346.086|505.433:342.007|512.243:337.928|519.053:333.849|525.864:329.770|532.674:325.690|539.484:321.611|546.294:317.532|553.104:313.453|559.914:309.374|566.725:305.294|573.535:301.215|580.345:297.136|587.155:293.057|593.965:288.978|600.775:284.898|607.586:280.819|614.396:276.740|621.206:272.661|628.016:268.582|634.826:264.502|641.636:260.423|648.447:256.344|655.257:252.265|662.067:248.186|668.877:244.106|675.687:240.027|682.497:235.948|689.308:231.869|696.118:227.790|702.928:223.711|709.738:219.631|716.548:215.552|723.358:211.473|730.169:207.394|736.979:203.315|743.789:199.235|750.599:195.156|757.409:191.077|764.219:186.998|771.030:182.919|777.840:178.839|784.650:174.760|791.460:170.681|798.270:166.602|805.080:162.523,1,51.189788,0.3,50.889788,0.0
50.965777,reacquire_slot,reacquire_waiting_for_unique_lidar_scan,0,0,0,0,reacquire_waiting_for_unique_lidar_scan,0,1785210878.8609972,0,1,0,23,gap_confirmed,2,1,1,1,1409.14,-2059.14,1,1,1,1,1,1,1,0,1575.574,1210.467,626.115,-300.0,926.115,0,0.88,0.476,,,,,,,1,1,1,0.95,0,direct_pair,-33.21,-0.301906,59.079,642.681,220.0,347.368,0,footprint_crosses_slot_entrance,-983.863,182.327,-2202.753,-1174.171,1,DIRECT_PAIR,1,1,0,0,0,1785210878.8609972,0.0,0.0,2,1,0.0,direct_pair,1486.636:203.945|998.473:1018.927|2285.288:1789.711|2773.451:974.729,1,1785210865.3898892,2,9,direct_pair_landmarks_frozen,0,,0,,,,,,,,,,,,1,51.189788,0.224011,50.889788,0.075989
51.044578,reacquire_slot,reacquired_slot_path_not_ready:collision_risk:insufficient_side_clearance_for_reverse_path,0,0,0,0,reacquired_slot_path_not_ready:collision_risk:insufficient_side_clearance_for_reverse_path,0,1785210878.9757783,1,1,0,27,gap_confirmed,2,1,1,1,1426.095,-2076.095,1,1,1,1,1,1,1,0,1599.185,1189.957,643.5,-300.0,943.5,0,0.871,0.492,1785210878.9757783,1643.035,1584.223,-22.867,719.508,1374.44,1,1,1,0.95,0,direct_pair,-51.783,-0.470752,58.249,633.108,220.0,347.368,0,footprint_crosses_slot_entrance,-1061.75,104.33,-2169.055,-1132.619,1,DIRECT_PAIR,1,1,0,0,0,1785210878.9757783,0.0,0.0,2,1,0.0,direct_pair,1401.825:271.874|901.907:1079.699|2177.420:1869.044|2677.339:1061.218,1,1785210865.3898892,2,9,direct_pair_landmarks_frozen,0,collision_risk,0,insufficient_side_clearance_for_reverse_path,0.0054,0.0054,1.0,58.249,35.953,2.574,333.684,321.475,483.511,300.000:570.000|300.173:562.004|300.691:554.022|301.553:546.071|302.757:538.164|304.302:530.316|306.184:522.542|308.400:514.857|310.946:507.275|313.817:499.810|317.008:492.476|320.512:485.286|324.324:478.255|328.436:471.394|332.840:464.718|337.528:458.237|342.492:451.966|347.721:445.914|353.208:440.094|358.940:434.517|364.908:429.192|371.100:424.129|377.506:419.339|384.112:414.830|387.735:412.529|390.887:410.579|397.689:406.370|404.490:402.160|411.292:397.951|418.094:393.742|424.896:389.533|431.697:385.324|438.499:381.114|445.301:376.905|452.103:372.696|458.904:368.487|465.706:364.277|472.508:360.068|479.310:355.859|486.111:351.650|492.913:347.440|499.715:343.231|506.517:339.022|513.318:334.813|520.120:330.604|526.922:326.394|533.724:322.185|540.525:317.976|547.327:313.767|554.129:309.557|560.931:305.348|567.732:301.139|574.534:296.930|581.336:292.721|588.138:288.511|594.939:284.302|601.741:280.093|608.543:275.884|615.345:271.674|622.146:267.465|628.948:263.256|635.750:259.047|642.552:254.838|649.353:250.628|656.155:246.419|662.957:242.210|669.759:238.001|676.560:233.791|683.362:229.582|690.164:225.373|696.966:221.164|703.767:216.955|710.569:212.745|717.371:208.536|724.173:204.327|730.974:200.118|737.776:195.908|744.578:191.699|751.380:187.490|758.181:183.281|764.983:179.071|771.785:174.862|778.587:170.653|785.388:166.444|792.190:162.235,1,51.344578,0.3,51.044578,0.0
51.122515,reacquire_slot,reacquired_slot_path_not_ready:collision_risk:vehicle_footprint_crosses_side_boundary,0,0,0,0,reacquired_slot_path_not_ready:collision_risk:vehicle_footprint_crosses_side_boundary,0,1785210879.088095,1,1,0,27,gap_confirmed,2,1,1,1,1403.057,-2053.057,0,1,1,1,1,1,1,0,1599.185,1168.376,638.091,-300.0,938.091,0,0.871,0.492,,,,,,,1,1,1,0.95,0,slot_map_localized,-17.603,-0.16003,54.101,640.578,220.0,347.368,0,footprint_crosses_slot_entrance,-899.962,261.904,-2237.326,-1164.935,1,MAP_LOCALIZATION,1,1,0,0,0,1785210879.088095,43.834,4.148,9,1,91.186,slot_map_localized,1469.455:271.134|912.411:1040.681|2127.485:1920.224|2684.529:1150.677,1,1785210865.3898892,2,9,direct_pair_landmarks_frozen,0,collision_risk,0,vehicle_footprint_crosses_side_boundary,0.0054,0.0054,1.0,54.101,58.996,-20.47,0.971,321.481,483.514,300.000:570.000|300.169:562.081|300.677:554.176|301.523:546.300|302.704:538.467|304.220:530.693|306.066:522.990|308.241:515.373|310.738:507.856|313.556:500.453|316.687:493.176|320.126:486.041|323.868:479.059|327.904:472.244|332.229:465.607|336.833:459.162|341.709:452.919|346.847:446.890|352.238:441.087|357.873:435.519|363.740:430.198|369.830:425.132|376.130:420.332|376.600:419.991|382.547:415.686|388.964:411.041|395.381:406.396|401.798:401.751|408.215:397.106|414.632:392.461|421.049:387.816|427.466:383.171|433.883:378.526|440.300:373.881|446.717:369.236|453.134:364.591|459.551:359.946|465.968:355.301|472.385:350.656|478.802:346.011|485.219:341.366|491.636:336.721|498.053:332.076|504.470:327.431|510.887:322.786|517.304:318.141|523.721:313.496|530.138:308.851|536.555:304.206|542.972:299.561|549.389:294.916|555.806:290.271|562.223:285.626|568.640:280.981|575.057:276.336|581.474:271.691|587.891:267.046|594.308:262.401|600.725:257.756|607.142:253.111|613.559:248.465|619.976:243.820|626.393:239.175|632.810:234.530|639.227:229.885|645.644:225.240|652.061:220.595|658.478:215.950|664.895:211.305|671.312:206.660|677.729:202.015|684.146:197.370|690.563:192.725|696.980:188.080|703.397:183.435|709.814:178.790|716.231:174.145|722.648:169.500|729.065:164.855|735.482:160.210|741.899:155.565|748.316:150.920|754.733:146.275|761.150:141.630|767.567:136.985|773.984:132.340,1,51.422515,0.3,51.122515,0.0
51.201873,reacquire_slot,reacquired_slot_path_not_ready:collision_risk:vehicle_footprint_crosses_side_boundary,0,0,0,0,reacquired_slot_path_not_ready:collision_risk:vehicle_footprint_crosses_side_boundary,0,1785210879.1990662,1,1,0,21,gap_confirmed,2,1,1,1,1406.35,-2056.35,1,1,1,1,1,1,1,0,1584.024,1195.645,625.129,-300.0,925.129,0,0.879,0.477,1785210879.1990662,1555.867,1636.982,-74.249,855.595,1276.363,1,1,1,0.95,0,direct_pair,-36.086,-0.328054,59.949,641.681,220.0,347.368,0,footprint_crosses_slot_entrance,-998.52,167.522,-2190.279,-1170.158,1,DIRECT_PAIR,1,1,0,0,0,1785210879.1990662,0.0,0.0,2,1,0.0,direct_pair,1484.157:189.907|1008.421:1012.206|2306.788:1763.368|2782.523:941.069,1,1785210865.3898892,2,9,direct_pair_landmarks_frozen,0,collision_risk,0,vehicle_footprint_crosses_side_boundary,0.0054,0.0054,1.0,59.949,56.363,-17.837,0.081,321.479,483.513,300.000:570.000|300.170:562.060|300.681:554.134|301.531:546.237|302.719:538.384|304.242:530.589|306.099:522.867|308.284:515.231|310.795:507.696|313.627:500.276|316.775:492.984|320.232:485.834|323.993:478.838|328.050:472.010|332.396:465.362|337.023:458.907|341.923:452.656|347.086:446.622|352.504:440.813|358.165:435.243|364.060:429.921|370.178:424.856|376.507:420.058|383.036:415.536|389.754:411.298|392.449:409.708|396.615:407.297|403.491:403.320|410.366:399.342|417.241:395.365|424.116:391.387|430.992:387.409|437.867:383.432|444.742:379.454|451.617:375.477|458.492:371.499|465.368:367.521|472.243:363.544|479.118:359.566|485.993:355.588|492.869:351.611|499.744:347.633|506.619:343.656|513.494:339.678|520.369:335.700|527.245:331.723|534.120:327.745|540.995:323.768|547.870:319.790|554.746:315.812|561.621:311.835|568.496:307.857|575.371:303.880|582.246:299.902|589.122:295.924|595.997:291.947|602.872:287.969|609.747:283.991|616.623:280.014|623.498:276.036|630.373:272.059|637.248:268.081|644.123:264.103|650.999:260.126|657.874:256.148|664.749:252.171|671.624:248.193|678.500:244.215|685.375:240.238|692.250:236.260|699.125:232.282|706.000:228.305|712.876:224.327|719.751:220.350|726.626:216.372|733.501:212.394|740.377:208.417|747.252:204.439|754.127:200.462|761.002:196.484|767.877:192.506|774.753:188.529|781.628:184.551|788.503:180.574|795.378:176.596|802.253:172.618|809.129:168.641,1,51.501873,0.3,51.201873,0.0
51.280864,reacquire_slot,reacquire_waiting_for_unique_lidar_scan,0,0,0,0,reacquire_waiting_for_unique_lidar_scan,0,1785210879.1990662,0,1,0,21,gap_confirmed,2,1,1,1,1406.35,-2056.35,1,1,1,1,1,1,1,0,1584.024,1195.645,625.129,-300.0,925.129,0,0.879,0.477,,,,,,,1,1,1,0.95,0,direct_pair,-36.086,-0.328054,59.949,641.681,220.0,347.368,0,footprint_crosses_slot_entrance,-998.52,167.522,-2190.279,-1170.158,1,DIRECT_PAIR,1,1,0,0,0,1785210879.1990662,0.0,0.0,2,1,0.0,direct_pair,1484.157:189.907|1008.421:1012.206|2306.788:1763.368|2782.523:941.069,1,1785210865.3898892,2,9,direct_pair_landmarks_frozen,0,,0,,,,,,,,,,,,1,51.501873,0.221009,51.201873,0.078991
51.358776,reacquire_slot,reacquired_slot_path_not_ready:collision_risk:insufficient_side_clearance_for_reverse_path,0,0,0,0,reacquired_slot_path_not_ready:collision_risk:insufficient_side_clearance_for_reverse_path,0,1785210879.314194,1,1,0,25,gap_confirmed,2,1,1,1,1421.5,-2071.5,1,1,1,1,1,1,1,0,1594.422,1192.641,653.591,-300.0,953.591,0,0.869,0.495,1785210879.314194,1613.733,1601.035,13.098,773.088,1399.798,1,1,1,0.95,0,direct_pair,-59.193,-0.538116,59.16,642.879,220.0,347.368,0,footprint_crosses_slot_entrance,-1096.28,69.908,-2202.854,-1175.052,1,DIRECT_PAIR,1,1,0,0,0,1785210879.314194,0.0,0.0,2,1,0.0,direct_pair,1430.565:298.611|943.557:1114.285|2231.463:1883.244|2718.471:1067.571,1,1785210865.3898892,2,9,direct_pair_landmarks_frozen,0,collision_risk,0,insufficient_side_clearance_for_reverse_path,0.0054,0.0054,1.0,59.16,31.059,7.467,333.684,321.479,483.513,300.000:570.000|300.170:562.060|300.681:554.135|301.531:546.239|302.718:538.387|304.242:530.592|306.098:522.871|308.283:515.236|310.794:507.701|313.625:500.282|316.772:492.990|320.229:485.840|323.989:478.845|328.045:472.018|332.391:465.370|337.017:458.916|341.916:452.665|347.078:446.630|352.495:440.822|358.155:435.252|364.050:429.930|370.166:424.865|376.495:420.067|383.023:415.545|389.739:411.306|390.252:410.999|396.558:407.234|403.377:403.163|410.197:399.091|417.016:395.020|423.835:390.948|430.654:386.877|437.473:382.805|444.293:378.734|451.112:374.662|457.931:370.591|464.750:366.519|471.570:362.448|478.389:358.376|485.208:354.305|492.027:350.233|498.847:346.162|505.666:342.090|512.485:338.019|519.304:333.947|526.123:329.876|532.943:325.804|539.762:321.733|546.581:317.661|553.400:313.590|560.220:309.518|567.039:305.447|573.858:301.375|580.677:297.303|587.497:293.232|594.316:289.160|601.135:285.089|607.954:281.017|614.773:276.946|621.593:272.874|628.412:268.803|635.231:264.731|642.050:260.660|648.870:256.588|655.689:252.517|662.508:248.445|669.327:244.374|676.146:240.302|682.966:236.231|689.785:232.159|696.604:228.088|703.423:224.016|710.243:219.945|717.062:215.873|723.881:211.802|730.700:207.730|737.520:203.659|744.339:199.587|751.158:195.516|757.977:191.444|764.796:187.373|771.616:183.301|778.435:179.230|785.254:175.158|792.073:171.087|798.893:167.015|805.712:162.944,1,51.658776,0.3,51.358776,0.0
51.437716,reacquire_slot,reacquired_slot_path_not_ready:collision_risk:vehicle_footprint_crosses_side_boundary,0,0,0,0,reacquired_slot_path_not_ready:collision_risk:vehicle_footprint_crosses_side_boundary,0,1785210879.4245143,1,1,0,29,gap_confirmed,2,1,1,1,1405.847,-2055.847,0,1,1,1,1,1,1,0,1594.422,1166.193,645.038,-300.0,945.038,0,0.869,0.495,,,,,,,1,1,1,0.95,0,slot_map_localized,-18.141,-0.164922,53.981,640.635,220.0,347.368,0,footprint_crosses_slot_entrance,-901.811,259.843,-2238.559,-1165.212,1,MAP_LOCALIZATION,1,1,0,0,0,1785210879.4245143,46.033,5.179,11,1,102.736,slot_map_localized,1467.091:276.230|908.439:1044.610|2121.671:1926.692|2680.323:1158.312,1,1785210865.3898892,2,9,direct_pair_landmarks_frozen,0,collision_risk,0,vehicle_footprint_crosses_side_boundary,0.0054,0.0054,1.0,53.981,58.145,-19.619,1.022,321.481,483.514,300.000:570.000|300.169:562.082|300.677:554.178|301.522:546.304|302.704:538.472|304.218:530.699|306.064:522.997|308.238:515.381|310.735:507.865|313.552:500.463|316.682:493.188|320.120:486.053|323.861:479.072|327.896:472.257|332.219:465.621|336.822:459.176|341.696:452.934|346.833:446.906|352.223:441.103|357.856:435.535|363.722:430.214|369.810:425.148|376.109:420.348|376.286:420.218|382.515:415.690|388.921:411.032|395.327:406.374|401.734:401.717|408.140:397.059|414.546:392.401|420.953:387.744|427.359:383.086|433.765:378.428|440.172:373.770|446.578:369.113|452.984:364.455|459.390:359.797|465.797:355.140|472.203:350.482|478.609:345.824|485.016:341.166|491.422:336.509|497.828:331.851|504.234:327.193|510.641:322.536|517.047:317.878|523.453:313.220|529.860:308.563|536.266:303.905|542.672:299.247|549.078:294.589|555.485:289.932|561.891:285.274|568.297:280.616|574.704:275.959|581.110:271.301|587.516:266.643|593.923:261.986|600.329:257.328|606.735:252.670|613.141:248.012|619.548:243.355|625.954:238.697|632.360:234.039|638.767:229.382|645.173:224.724|651.579:220.066|657.985:215.408|664.392:210.751|670.798:206.093|677.204:201.435|683.611:196.778|690.017:192.120|696.423:187.462|702.830:182.805|709.236:178.147|715.642:173.489|722.048:168.831|728.455:164.174|734.861:159.516|741.267:154.858|747.674:150.201|754.080:145.543|760.486:140.885|766.892:136.228|773.299:131.570,1,51.737716,0.3,51.437716,0.0
51.515279,reacquire_slot,reacquire_waiting_for_unique_lidar_scan,0,0,0,0,reacquire_waiting_for_unique_lidar_scan,0,1785210879.4245143,0,1,0,29,gap_confirmed,2,1,1,1,1405.847,-2055.847,0,1,1,1,1,1,1,0,1594.422,1166.193,645.038,-300.0,945.038,0,0.869,0.495,,,,,,,1,1,1,0.95,0,slot_map_localized,-18.141,-0.164922,53.981,640.635,220.0,347.368,0,footprint_crosses_slot_entrance,-901.811,259.843,-2238.559,-1165.212,1,MAP_LOCALIZATION,1,1,0,0,0,1785210879.4245143,46.033,5.179,11,1,102.736,slot_map_localized,1467.091:276.230|908.439:1044.610|2121.671:1926.692|2680.323:1158.312,1,1785210865.3898892,2,9,direct_pair_landmarks_frozen,0,,0,,,,,,,,,,,,1,51.737716,0.222436,51.437716,0.077564
51.593,reacquire_slot,reacquired_slot_path_not_ready:collision_risk:vehicle_footprint_crosses_side_boundary,0,0,0,0,reacquired_slot_path_not_ready:collision_risk:vehicle_footprint_crosses_side_boundary,0,1785210879.5371192,1,1,0,21,gap_confirmed,2,1,1,1,1411.93,-2061.93,1,1,1,1,1,1,1,0,1581.13,1193.141,633.036,-300.0,933.036,0,0.876,0.482,1785210879.5371192,1556.445,1641.925,-60.409,844.448,1281.906,1,1,1,0.95,0,direct_pair,-34.277,-0.311607,59.285,642.604,220.0,347.368,0,footprint_crosses_slot_entrance,-989.019,177.16,-2200.499,-1173.902,1,DIRECT_PAIR,1,1,0,0,0,1785210879.5371192,0.0,0.0,2,1,0.0,direct_pair,1485.800:202.381|1000.573:1019.115|2290.154:1785.262|2775.380:968.528,1,1785210865.3898892,2,9,direct_pair_landmarks_frozen,0,collision_risk,0,vehicle_footprint_crosses_side_boundary,0.0054,0.0054,1.0,59.285,56.322,-17.796,0.149,321.48,483.513,300.000:570.000|300.170:562.061|300.681:554.137|301.530:546.242|302.718:538.390|304.241:530.597|306.096:522.876|308.281:515.242|310.791:507.708|313.622:500.289|316.768:492.999|320.224:485.849|323.983:478.855|328.039:472.028|332.383:465.381|337.009:458.927|341.907:452.676|347.068:446.642|352.483:440.834|358.143:435.264|364.036:429.942|370.151:424.877|376.478:420.079|383.006:415.556|389.720:411.318|390.599:410.792|396.546:407.259|403.374:403.203|410.201:399.147|417.028:395.091|423.856:391.035|430.683:386.979|437.510:382.922|444.337:378.866|451.165:374.810|457.992:370.754|464.819:366.698|471.647:362.642|478.474:358.586|485.301:354.529|492.129:350.473|498.956:346.417|505.783:342.361|512.611:338.305|519.438:334.249|526.265:330.193|533.092:326.136|539.920:322.080|546.747:318.024|553.574:313.968|560.402:309.912|567.229:305.856|574.056:301.800|580.884:297.743|587.711:293.687|594.538:289.631|601.366:285.575|608.193:281.519|615.020:277.463|621.848:273.407|628.675:269.350|635.502:265.294|642.329:261.238|649.157:257.182|655.984:253.126|662.811:249.070|669.639:245.014|676.466:240.957|683.293:236.901|690.121:232.845|696.948:228.789|703.775:224.733|710.603:220.677|717.430:216.621|724.257:212.564|731.084:208.508|737.912:204.452|744.739:200.396|751.566:196.340|758.394:192.284|765.221:188.228|772.048:184.171|778.876:180.115|785.703:176.059|792.530:172.003|799.358:167.947|806.185:163.891,1,51.893,0.3,51.593,0.0
51.671922,reacquire_slot,reacquired_slot_path_not_ready:collision_risk:vehicle_footprint_crosses_side_boundary,0,0,0,0,reacquired_slot_path_not_ready:collision_risk:vehicle_footprint_crosses_side_boundary,0,1785210879.6478462,1,1,0,21,gap_confirmed,2,1,1,1,1404.726,-2054.726,1,1,1,1,1,1,1,0,1571.792,1205.679,618.066,-300.0,918.066,0,0.881,0.473,1785210879.6478462,1554.45,1636.291,-75.154,821.636,1255.683,1,1,1,0.95,0,direct_pair,-27.251,-0.247733,58.528,637.74,220.0,347.368,0,footprint_crosses_slot_entrance,-956.613,209.531,-2186.506,-1152.683,1,DIRECT_PAIR,1,1,0,0,0,1785210879.6478462,0.0,0.0,2,1,0.0,direct_pair,1476.955:185.140|980.972:995.388|2260.310:1778.519|2756.293:968.271,1,1785210865.3898892,2,9,direct_pair_landmarks_frozen,0,collision_risk,0,vehicle_footprint_crosses_side_boundary,0.0054,0.0054,1.0,58.528,61.252,-22.725,7.166,321.478,483.512,300.000:570.000|300.171:562.039|300.685:554.092|301.539:546.175|302.733:538.301|304.265:530.487|306.131:522.745|308.328:515.091|310.852:507.539|313.698:500.101|316.862:492.794|320.337:485.629|324.116:478.619|328.194:471.779|332.562:465.121|337.212:458.656|342.135:452.398|347.324:446.356|352.767:440.544|358.455:434.971|364.377:429.647|370.523:424.583|376.880:419.788|383.438:415.271|388.502:412.057|390.179:411.031|396.971:406.873|403.764:402.715|410.556:398.557|417.348:394.399|424.141:390.242|430.933:386.084|437.725:381.926|444.517:377.768|451.310:373.610|458.102:369.452|464.894:365.295|471.687:361.137|478.479:356.979|485.271:352.821|492.064:348.663|498.856:344.505|505.648:340.348|512.441:336.190|519.233:332.032|526.025:327.874|532.817:323.716|539.610:319.558|546.402:315.401|553.194:311.243|559.987:307.085|566.779:302.927|573.571:298.769|580.364:294.612|587.156:290.454|593.948:286.296|600.741:282.138|607.533:277.980|614.325:273.822|621.117:269.665|627.910:265.507|634.702:261.349|641.494:257.191|648.287:253.033|655.079:248.875|661.871:244.718|668.664:240.560|675.456:236.402|682.248:232.244|689.041:228.086|695.833:223.928|702.625:219.771|709.417:215.613|716.210:211.455|723.002:207.297|729.794:203.139|736.587:198.981|743.379:194.824|750.171:190.666|756.964:186.508|763.756:182.350|770.548:178.192|777.341:174.035|784.133:169.877|790.925:165.719|797.717:161.561,1,51.971922,0.3,51.671922,0.0
51.748813,reacquire_slot,reacquire_waiting_for_unique_lidar_scan,0,0,0,0,reacquire_waiting_for_unique_lidar_scan,0,1785210879.6478462,0,1,0,21,gap_confirmed,2,1,1,1,1404.726,-2054.726,1,1,1,1,1,1,1,0,1571.792,1205.679,618.066,-300.0,918.066,0,0.881,0.473,,,,,,,1,1,1,0.95,0,direct_pair,-27.251,-0.247733,58.528,637.74,220.0,347.368,0,footprint_crosses_slot_entrance,-956.613,209.531,-2186.506,-1152.683,1,DIRECT_PAIR,1,1,0,0,0,1785210879.6478462,0.0,0.0,2,1,0.0,direct_pair,1476.955:185.140|980.972:995.388|2260.310:1778.519|2756.293:968.271,1,1785210865.3898892,2,9,direct_pair_landmarks_frozen,0,,0,,,,,,,,,,,,1,51.971922,0.22311,51.671922,0.07689
51.827725,reacquire_slot,reacquired_slot_path_not_ready:collision_risk:insufficient_side_clearance_for_reverse_path,0,0,0,0,reacquired_slot_path_not_ready:collision_risk:insufficient_side_clearance_for_reverse_path,0,1785210879.7624972,1,1,0,27,gap_confirmed,2,1,1,1,1421.28,-2071.28,1,1,1,1,1,1,1,0,1584.828,1199.007,649.63,-300.0,949.63,0,0.87,0.492,1785210879.7624972,1609.038,1599.828,17.095,773.406,1399.402,1,1,1,0.95,0,direct_pair,-59.395,-0.539958,59.127,643.04,220.0,347.368,0,footprint_crosses_slot_entrance,-1097.065,69.123,-2203.857,-1175.733,1,DIRECT_PAIR,1,1,0,0,0,1785210879.7624972,0.0,0.0,2,1,0.0,direct_pair,1430.359:300.554|942.874:1115.943|2230.330:1885.656|2717.815:1070.268,1,1785210865.3898892,2,9,direct_pair_landmarks_frozen,0,collision_risk,0,insufficient_side_clearance_for_reverse_path,0.0054,0.0054,1.0,59.127,30.763,7.763,333.684,321.479,483.513,300.000:570.000|300.170:562.059|300.681:554.132|301.531:546.235|302.719:538.382|304.243:530.586|306.099:522.863|308.285:515.227|310.797:507.692|313.629:500.271|316.777:492.979|320.235:485.828|323.996:478.832|328.054:472.004|332.401:465.356|337.028:458.900|341.929:452.649|347.093:446.614|352.511:440.806|358.173:435.236|364.069:429.913|370.187:424.848|376.517:420.051|383.047:415.529|389.765:411.291|390.159:411.055|396.583:407.214|403.401:403.138|410.219:399.062|417.037:394.986|423.855:390.910|430.673:386.833|437.491:382.757|444.308:378.681|451.126:374.605|457.944:370.529|464.762:366.453|471.580:362.377|478.398:358.300|485.216:354.224|492.034:350.148|498.852:346.072|505.670:341.996|512.488:337.920|519.306:333.844|526.124:329.767|532.942:325.691|539.760:321.615|546.577:317.539|553.395:313.463|560.213:309.387|567.031:305.311|573.849:301.234|580.667:297.158|587.485:293.082|594.303:289.006|601.121:284.930|607.939:280.854|614.757:276.778|621.575:272.701|628.393:268.625|635.211:264.549|642.028:260.473|648.846:256.397|655.664:252.321|662.482:248.245|669.300:244.168|676.118:240.092|682.936:236.016|689.754:231.940|696.572:227.864|703.390:223.788|710.208:219.712|717.026:215.635|723.844:211.559|730.662:207.483|737.479:203.407|744.297:199.331|751.115:195.255|757.933:191.179|764.751:187.102|771.569:183.026|778.387:178.950|785.205:174.874|792.023:170.798|798.841:166.722|805.659:162.646,1,52.127725,0.3,51.827725,0.0
51.905748,reacquire_slot,reacquired_slot_path_not_ready:collision_risk:vehicle_footprint_crosses_side_boundary,0,0,0,0,reacquired_slot_path_not_ready:collision_risk:vehicle_footprint_crosses_side_boundary,0,1785210879.8741114,1,1,0,24,gap_confirmed,2,1,1,1,1408.939,-2058.939,1,1,1,1,1,1,1,0,1572.846,1214.091,636.249,-300.0,936.249,0,0.877,0.48,1785210879.8741114,1550.593,1642.183,-55.66,842.025,1278.459,1,1,1,0.95,0,direct_pair,-33.053,-0.300477,59.046,642.606,220.0,347.368,0,footprint_crosses_slot_entrance,-983.096,183.094,-2202.735,-1173.838,1,DIRECT_PAIR,1,1,0,0,0,1785210879.8741114,0.0,0.0,2,1,0.0,direct_pair,1486.419:204.048|997.789:1018.751|2284.162:1790.272|2772.792:975.570,1,1785210865.3898892,2,9,direct_pair_landmarks_frozen,0,collision_risk,0,vehicle_footprint_crosses_side_boundary,0.0054,0.0054,1.0,59.046,56.883,-18.357,0.334,321.48,483.513,300.000:570.000|300.170:562.066|300.680:554.146|301.529:546.255|302.715:538.408|304.236:530.618|306.089:522.902|308.272:515.271|310.779:507.742|313.607:500.326|316.750:493.039|320.202:485.892|323.957:478.901|328.008:472.076|332.348:465.432|336.969:458.979|341.862:452.731|347.018:446.698|352.428:440.891|358.082:435.321|363.969:429.999|370.079:424.934|376.400:420.136|382.921:415.612|389.630:411.372|389.936:411.189|396.436:407.290|403.243:403.207|410.049:399.125|416.856:395.043|423.663:390.960|430.469:386.878|437.276:382.796|444.082:378.713|450.889:374.631|457.695:370.549|464.502:366.466|471.308:362.384|478.115:358.302|484.922:354.219|491.728:350.137|498.535:346.055|505.341:341.972|512.148:337.890|518.954:333.808|525.761:329.725|532.567:325.643|539.374:321.561|546.180:317.478|552.987:313.396|559.794:309.314|566.600:305.231|573.407:301.149|580.213:297.067|587.020:292.984|593.826:288.902|600.633:284.820|607.439:280.737|614.246:276.655|621.053:272.573|627.859:268.490|634.666:264.408|641.472:260.326|648.279:256.243|655.085:252.161|661.892:248.079|668.698:243.996|675.505:239.914|682.312:235.832|689.118:231.749|695.925:227.667|702.731:223.585|709.538:219.502|716.344:215.420|723.151:211.338|729.957:207.255|736.764:203.173|743.571:199.091|750.377:195.008|757.184:190.926|763.990:186.844|770.797:182.761|777.603:178.679|784.410:174.597|791.216:170.514|798.023:166.432|804.829:162.350,1,52.205748,0.3,51.905748,0.0
51.985496,reacquire_slot,reacquired_slot_path_not_ready:collision_risk:vehicle_footprint_crosses_side_boundary,0,0,0,0,reacquired_slot_path_not_ready:collision_risk:vehicle_footprint_crosses_side_boundary,0,1785210879.9855402,1,1,0,21,gap_confirmed,2,1,1,1,1406.458,-2056.458,1,1,1,1,1,1,1,0,1565.868,1219.079,620.929,-300.0,920.929,0,0.882,0.472,1785210879.9855402,1552.91,1635.849,-71.92,820.835,1256.874,1,1,1,0.95,0,direct_pair,-27.454,-0.249583,58.477,637.909,220.0,347.368,0,footprint_crosses_slot_entrance,-957.349,208.786,-2187.699,-1153.402,1,DIRECT_PAIR,1,1,0,0,0,1785210879.9855402,0.0,0.0,2,1,0.0,direct_pair,1476.690:187.572|979.994:997.382|2258.643:1781.639|2755.339:971.829,1,1785210865.3898892,2,9,direct_pair_landmarks_frozen,0,collision_risk,0,vehicle_footprint_crosses_side_boundary,0.0054,0.0054,1.0,58.477,60.909,-22.383,7.122,321.478,483.512,300.000:570.000|300.171:562.038|300.685:554.090|301.539:546.171|302.734:538.297|304.266:530.482|306.132:522.739|308.330:515.084|310.855:507.530|313.702:500.092|316.866:492.784|320.342:485.618|324.123:478.608|328.201:471.767|332.570:465.108|337.222:458.643|342.146:452.384|347.336:446.343|352.780:440.530|358.470:434.957|364.393:429.633|370.541:424.569|376.900:419.774|383.459:415.257|388.363:412.142|390.200:411.015|396.990:406.851|403.779:402.687|410.569:398.522|417.359:394.358|424.148:390.194|430.938:386.029|437.727:381.865|444.517:377.701|451.306:373.536|458.096:369.372|464.886:365.207|471.675:361.043|478.465:356.879|485.254:352.714|492.044:348.550|498.833:344.386|505.623:340.221|512.413:336.057|519.202:331.892|525.992:327.728|532.781:323.564|539.571:319.399|546.360:315.235|553.150:311.071|559.940:306.906|566.729:302.742|573.519:298.577|580.308:294.413|587.098:290.249|593.887:286.084|600.677:281.920|607.467:277.756|614.256:273.591|621.046:269.427|627.835:265.262|634.625:261.098|641.415:256.934|648.204:252.769|654.994:248.605|661.783:244.441|668.573:240.276|675.362:236.112|682.152:231.947|688.942:227.783|695.731:223.619|702.521:219.454|709.310:215.290|716.100:211.126|722.889:206.961|729.679:202.797|736.469:198.632|743.258:194.468|750.048:190.304|756.837:186.139|763.627:181.975|770.416:177.811|777.206:173.646|783.996:169.482|790.785:165.317|797.575:161.153,1,52.285496,0.3,51.985496,0.0
52.064362,reacquire_slot,reacquire_waiting_for_unique_lidar_scan,0,0,0,0,reacquire_waiting_for_unique_lidar_scan,0,1785210879.9855402,0,1,0,21,gap_confirmed,2,1,1,1,1406.458,-2056.458,1,1,1,1,1,1,1,0,1565.868,1219.079,620.929,-300.0,920.929,0,0.882,0.472,,,,,,,1,1,1,0.95,0,direct_pair,-27.454,-0.249583,58.477,637.909,220.0,347.368,0,footprint_crosses_slot_entrance,-957.349,208.786,-2187.699,-1153.402,1,DIRECT_PAIR,1,1,0,0,0,1785210879.9855402,0.0,0.0,2,1,0.0,direct_pair,1476.690:187.572|979.994:997.382|2258.643:1781.639|2755.339:971.829,1,1785210865.3898892,2,9,direct_pair_landmarks_frozen,0,,0,,,,,,,,,,,,1,52.285496,0.221134,51.985496,0.078866
52.145563,reacquire_slot,reacquired_slot_path_not_ready:collision_risk:vehicle_footprint_crosses_side_boundary,0,0,0,0,reacquired_slot_path_not_ready:collision_risk:vehicle_footprint_crosses_side_boundary,0,1785210880.0964153,1,1,0,25,gap_confirmed,2,1,1,1,1425.218,-2075.218,0,1,1,1,1,1,1,1,1565.868,1219.079,620.929,-300.0,920.929,0,0.882,0.472,,,,,,,1,1,1,0.95,0,slot_map_localized,-9.76,-0.088726,55.54,636.439,220.0,347.368,0,footprint_crosses_slot_entrance,-871.51,292.51,-2207.373,-1146.827,1,MAP_LOCALIZATION,1,1,0,0,0,1785210880.0964153,10.52,2.938,8,1,125.878,slot_map_localized,1487.761:196.016|950.217:979.308|2186.993:1828.062|2724.538:1044.770,1,1785210865.3898892,2,9,direct_pair_landmarks_frozen,0,collision_risk,0,vehicle_footprint_crosses_side_boundary,0.0054,0.0054,1.0,55.54,70.641,-32.115,6.05,321.476,483.511,300.000:570.000|300.172:562.011|300.689:554.038|301.550:546.094|302.752:538.194|304.294:530.354|306.172:522.587|308.384:514.909|310.925:507.334|313.791:499.875|316.976:492.546|320.473:485.362|324.278:478.335|328.382:471.479|332.778:464.807|337.458:458.330|342.412:452.061|347.633:446.012|353.110:440.194|358.832:434.617|364.790:429.293|370.972:424.230|377.367:419.439|380.401:417.312|383.934:414.887|390.523:410.365|397.112:405.843|403.701:401.322|410.289:396.800|416.878:392.278|423.467:387.757|430.056:383.235|436.645:378.713|443.233:374.192|449.822:369.670|456.411:365.149|463.000:360.627|469.589:356.105|476.177:351.584|482.766:347.062|489.355:342.540|495.944:338.019|502.532:333.497|509.121:328.975|515.710:324.454|522.299:319.932|528.888:315.410|535.476:310.889|542.065:306.367|548.654:301.846|555.243:297.324|561.831:292.802|568.420:288.281|575.009:283.759|581.598:279.237|588.187:274.716|594.775:270.194|601.364:265.672|607.953:261.151|614.542:256.629|621.131:252.108|627.719:247.586|634.308:243.064|640.897:238.543|647.486:234.021|654.074:229.499|660.663:224.978|667.252:220.456|673.841:215.934|680.430:211.413|687.018:206.891|693.607:202.369|700.196:197.848|706.785:193.326|713.374:188.805|719.962:184.283|726.551:179.761|733.140:175.240|739.729:170.718|746.317:166.196|752.906:161.675|759.495:157.153|766.084:152.631|772.673:148.110|779.261:143.588,1,52.445563,0.3,52.145563,0.0
52.240954,reacquire_slot,reacquired_slot_path_not_ready:collision_risk:vehicle_footprint_crosses_side_boundary,0,0,0,0,reacquired_slot_path_not_ready:collision_risk:vehicle_footprint_crosses_side_boundary,0,1785210880.2107606,1,1,0,28,gap_confirmed,2,1,1,1,1422.364,-2072.364,1,1,1,1,1,1,1,0,1583.096,1192.6,640.532,-300.0,940.532,0,0.871,0.491,1785210880.2107606,1615.092,1600.547,10.985,686.3,1342.892,1,1,1,0.95,0,direct_pair,-36.672,-0.333378,55.534,633.712,220.0,347.368,0,footprint_crosses_slot_entrance,-987.698,176.314,-2195.653,-1135.055,1,DIRECT_PAIR,1,1,0,0,0,1785210880.2107606,0.0,0.0,2,1,0.0,direct_pair,1412.237:285.321|874.610:1068.556|2111.297:1917.441|2648.924:1134.206,1,1785210865.3898892,2,9,direct_pair_landmarks_frozen,0,collision_risk,0,vehicle_footprint_crosses_side_boundary,0.0054,0.0054,1.0,55.534,43.713,-5.187,7.401,321.478,483.512,300.000:570.000|300.171:562.044|300.684:554.103|301.537:546.192|302.729:538.324|304.258:530.515|306.122:522.779|308.316:515.129|310.836:507.582|313.679:500.149|316.838:492.846|320.308:485.685|324.083:478.679|328.154:471.842|332.516:465.187|337.160:458.725|342.077:452.468|347.259:446.429|352.695:440.618|358.375:435.045|364.290:429.722|370.428:424.658|376.778:419.862|380.385:417.323|383.309:415.315|389.870:410.811|396.432:406.308|402.993:401.804|409.554:397.300|416.115:392.797|422.676:388.293|429.237:383.789|435.798:379.286|442.360:374.782|448.921:370.278|455.482:365.774|462.043:361.271|468.604:356.767|475.165:352.263|481.726:347.760|488.288:343.256|494.849:338.752|501.410:334.249|507.971:329.745|514.532:325.241|521.093:320.738|527.654:316.234|534.216:311.730|540.777:307.226|547.338:302.723|553.899:298.219|560.460:293.715|567.021:289.212|573.582:284.708|580.143:280.204|586.705:275.701|593.266:271.197|599.827:266.693|606.388:262.190|612.949:257.686|619.510:253.182|626.071:248.679|632.633:244.175|639.194:239.671|645.755:235.167|652.316:230.664|658.877:226.160|665.438:221.656|671.999:217.153|678.561:212.649|685.122:208.145|691.683:203.642|698.244:199.138|704.805:194.634|711.366:190.131|717.927:185.627|724.489:181.123|731.050:176.619|737.611:172.116|744.172:167.612|750.733:163.108|757.294:158.605|763.855:154.101|770.417:149.597|776.978:145.094,1,52.540954,0.3,52.240954,0.0
52.322037,reacquire_slot,reacquired_slot_path_not_ready:collision_risk:insufficient_side_clearance_for_reverse_path,0,0,0,0,reacquired_slot_path_not_ready:collision_risk:insufficient_side_clearance_for_reverse_path,0,1785210880.3218184,1,1,0,28,gap_confirmed,2,1,1,1,1404.85,-2054.85,0,1,1,1,1,1,1,0,1583.096,1168.428,640.401,-300.0,940.401,0,0.871,0.491,,,,,,,1,1,1,0.95,0,slot_map_localized,-56.995,-0.518138,58.812,617.521,220.0,347.368,0,footprint_crosses_slot_entrance,-1085.849,80.332,-2096.576,-1065.449,1,MAP_LOCALIZATION,1,1,0,0,0,1785210880.3218184,58.464,-3.279,11,1,163.19,slot_map_localized,1338.144:242.461|846.195:1055.164|2129.409:1831.926|2621.359:1019.224,1,1785210865.3898892,2,9,direct_pair_landmarks_frozen,0,collision_risk,0,insufficient_side_clearance_for_reverse_path,0.0054,0.0054,1.0,58.812,32.293,6.233,333.684,321.481,483.514,300.000:570.000|300.169:562.085|300.677:554.185|301.521:546.314|302.701:538.486|304.215:530.716|306.059:523.018|308.231:515.405|310.726:507.892|313.539:500.493|316.667:493.221|320.102:486.088|323.839:479.110|327.871:472.297|332.191:465.663|336.789:459.220|341.660:452.979|346.792:446.952|352.177:441.149|357.806:435.583|363.667:430.261|369.750:425.196|376.044:420.394|382.538:415.867|389.219:411.620|389.289:411.578|395.992:407.521|402.765:403.421|409.537:399.321|416.310:395.222|423.083:391.122|429.855:387.022|436.628:382.923|443.401:378.823|450.174:374.723|456.946:370.623|463.719:366.524|470.492:362.424|477.265:358.324|484.037:354.225|490.810:350.125|497.583:346.025|504.356:341.925|511.128:337.826|517.901:333.726|524.674:329.626|531.446:325.527|538.219:321.427|544.992:317.327|551.765:313.228|558.537:309.128|565.310:305.028|572.083:300.928|578.856:296.829|585.628:292.729|592.401:288.629|599.174:284.530|605.947:280.430|612.719:276.330|619.492:272.230|626.265:268.131|633.037:264.031|639.810:259.931|646.583:255.832|653.356:251.732|660.128:247.632|666.901:243.532|673.674:239.433|680.447:235.333|687.219:231.233|693.992:227.134|700.765:223.034|707.537:218.934|714.310:214.835|721.083:210.735|727.856:206.635|734.628:202.535|741.401:198.436|748.174:194.336|754.947:190.236|761.719:186.137|768.492:182.037|775.265:177.937|782.038:173.837,1,52.622037,0.3,52.322037,0.0
52.401622,reacquire_slot,reacquire_waiting_for_unique_lidar_scan,0,0,0,0,reacquire_waiting_for_unique_lidar_scan,0,1785210880.3218184,0,1,0,28,gap_confirmed,2,1,1,1,1404.85,-2054.85,0,1,1,1,1,1,1,0,1583.096,1168.428,640.401,-300.0,940.401,0,0.871,0.491,,,,,,,1,1,1,0.95,0,slot_map_localized,-56.995,-0.518138,58.812,617.521,220.0,347.368,0,footprint_crosses_slot_entrance,-1085.849,80.332,-2096.576,-1065.449,1,MAP_LOCALIZATION,1,1,0,0,0,1785210880.3218184,58.464,-3.279,11,1,163.19,slot_map_localized,1338.144:242.461|846.195:1055.164|2129.409:1831.926|2621.359:1019.224,1,1785210865.3898892,2,9,direct_pair_landmarks_frozen,0,,0,,,,,,,,,,,,1,52.622037,0.220416,52.322037,0.079584
52.480626,reacquire_slot,reacquired_slot_path_not_ready:collision_risk:vehicle_footprint_crosses_side_boundary,0,0,0,0,reacquired_slot_path_not_ready:collision_risk:vehicle_footprint_crosses_side_boundary,0,1785210880.4338546,1,1,0,27,gap_confirmed,2,1,1,1,1407.708,-2057.708,1,1,1,1,1,1,1,0,1572.389,1177.0,615.833,-300.0,915.833,0,0.875,0.485,1785210880.4338546,1552.504,1635.725,-73.946,750.113,1214.362,1,1,1,0.95,0,direct_pair,-9.574,-0.087038,55.495,629.182,220.0,347.368,0,footprint_crosses_slot_entrance,-870.546,293.417,-2176.421,-1115.492,1,DIRECT_PAIR,1,1,0,0,0,1785210880.4338546,0.0,0.0,2,1,0.0,direct_pair,1461.999:178.774|923.838:961.642|2159.946:1811.370|2698.107:1028.502,1,1785210865.3898892,2,9,direct_pair_landmarks_frozen,0,collision_risk,0,vehicle_footprint_crosses_side_boundary,0.0054,0.0054,1.0,55.495,70.706,-32.18,5.715,321.475,483.511,300.000:570.000|300.173:562.003|300.691:554.021|301.553:546.069|302.757:538.162|304.302:530.314|306.185:522.540|308.401:514.855|310.948:507.272|313.819:499.807|317.010:492.472|320.515:485.282|324.326:478.250|328.439:471.389|332.843:464.713|337.532:458.232|342.496:451.961|347.726:445.909|353.213:440.089|358.946:434.511|364.914:429.186|371.107:424.124|377.513:419.334|380.281:417.394|384.087:414.777|390.679:410.246|397.271:405.714|403.863:401.183|410.455:396.651|417.047:392.120|423.639:387.588|430.231:383.057|436.823:378.526|443.415:373.994|450.007:369.463|456.599:364.931|463.191:360.400|469.783:355.868|476.375:351.337|482.967:346.805|489.559:342.274|496.151:337.742|502.743:333.211|509.335:328.679|515.927:324.148|522.519:319.617|529.111:315.085|535.702:310.554|542.294:306.022|548.886:301.491|555.478:296.959|562.070:292.428|568.662:287.896|575.254:283.365|581.846:278.833|588.438:274.302|595.030:269.770|601.622:265.239|608.214:260.708|614.806:256.176|621.398:251.645|627.990:247.113|634.582:242.582|641.174:238.050|647.766:233.519|654.358:228.987|660.950:224.456|667.542:219.924|674.134:215.393|680.726:210.861|687.318:206.330|693.910:201.799|700.501:197.267|707.093:192.736|713.685:188.204|720.277:183.673|726.869:179.141|733.461:174.610|740.053:170.078|746.645:165.547|753.237:161.015|759.829:156.484|766.421:151.953|773.013:147.421,1,52.780626,0.3,52.480626,0.0
52.55946,reacquire_slot,reacquired_slot_path_not_ready:collision_risk:vehicle_footprint_crosses_side_boundary,0,0,0,0,reacquired_slot_path_not_ready:collision_risk:vehicle_footprint_crosses_side_boundary,0,1785210880.5457957,1,1,0,26,gap_confirmed,2,1,1,1,1426.957,-2076.957,1,1,1,1,1,1,1,0,1597.74,1172.716,638.58,-300.0,938.58,0,0.867,0.498,1785210880.5457957,1644.82,1607.368,-12.324,722.15,1373.973,1,1,1,0.95,0,direct_pair,-46.271,-0.420648,57.44,636.95,220.0,347.368,0,footprint_crosses_slot_entrance,-1035.525,130.213,-2192.952,-1149.07,1,DIRECT_PAIR,1,1,0,0,0,1785210880.5457957,0.0,0.0,2,1,0.0,direct_pair,1420.397:280.482|909.121:1081.167|2173.360:1888.446|2684.637:1087.761,1,1785210865.3898892,2,9,direct_pair_landmarks_frozen,0,collision_risk,0,vehicle_footprint_crosses_side_boundary,0.0054,0.0054,1.0,57.44,39.25,-0.724,0.424,321.48,483.513,300.000:570.000|300.170:562.068|300.680:554.150|301.528:546.261|302.713:538.416|304.234:530.629|306.086:522.914|308.267:515.286|310.773:507.758|313.600:500.344|316.741:493.058|320.191:485.913|323.945:478.923|327.994:472.100|332.332:465.457|336.950:459.005|341.840:452.757|346.994:446.725|352.401:440.919|358.052:435.349|363.937:430.027|370.044:424.962|376.362:420.163|382.880:415.639|385.521:413.921|389.553:411.346|396.241:407.076|402.929:402.806|409.616:398.535|416.304:394.265|422.991:389.994|429.679:385.724|436.367:381.454|443.054:377.183|449.742:372.913|456.430:368.643|463.117:364.372|469.805:360.102|476.493:355.831|483.180:351.561|489.868:347.291|496.556:343.020|503.243:338.750|509.931:334.479|516.618:330.209|523.306:325.939|529.994:321.668|536.681:317.398|543.369:313.128|550.057:308.857|556.744:304.587|563.432:300.316|570.120:296.046|576.807:291.776|583.495:287.505|590.182:283.235|596.870:278.964|603.558:274.694|610.245:270.424|616.933:266.153|623.621:261.883|630.308:257.613|636.996:253.342|643.684:249.072|650.371:244.801|657.059:240.531|663.746:236.261|670.434:231.990|677.122:227.720|683.809:223.449|690.497:219.179|697.185:214.909|703.872:210.638|710.560:206.368|717.248:202.098|723.935:197.827|730.623:193.557|737.310:189.286|743.998:185.016|750.686:180.746|757.373:176.475|764.061:172.205|770.749:167.934|777.436:163.664|784.124:159.394|790.812:155.123,1,52.85946,0.3,52.55946,0.0
52.640279,reacquire_slot,reacquire_waiting_for_unique_lidar_scan,0,0,0,0,reacquire_waiting_for_unique_lidar_scan,0,1785210880.5457957,0,1,0,26,gap_confirmed,2,1,1,1,1426.957,-2076.957,1,1,1,1,1,1,1,0,1597.74,1172.716,638.58,-300.0,938.58,0,0.867,0.498,,,,,,,1,1,1,0.95,0,direct_pair,-46.271,-0.420648,57.44,636.95,220.0,347.368,0,footprint_crosses_slot_entrance,-1035.525,130.213,-2192.952,-1149.07,1,DIRECT_PAIR,1,1,0,0,0,1785210880.5457957,0.0,0.0,2,1,0.0,direct_pair,1420.397:280.482|909.121:1081.167|2173.360:1888.446|2684.637:1087.761,1,1785210865.3898892,2,9,direct_pair_landmarks_frozen,0,,0,,,,,,,,,,,,1,52.85946,0.219181,52.55946,0.080819
52.720317,reacquire_slot,reacquired_slot_path_not_ready:collision_risk:vehicle_footprint_crosses_side_boundary,0,0,0,0,reacquired_slot_path_not_ready:collision_risk:vehicle_footprint_crosses_side_boundary,0,1785210880.6597178,1,1,0,29,gap_confirmed,2,1,1,1,1402.255,-2052.255,0,1,1,1,1,1,1,0,1597.74,1159.576,636.011,-300.0,936.011,0,0.867,0.498,,,,,,,1,1,1,0.95,0,slot_map_localized,-15.569,-0.141533,53.819,639.705,220.0,347.368,0,footprint_crosses_slot_entrance,-890.055,271.304,-2235.867,-1161.237,1,MAP_LOCALIZATION,1,1,0,0,0,1785210880.6597178,36.926,3.621,11,1,104.268,slot_map_localized,1468.775:269.030|907.957:1035.830|2118.694:1921.332|2679.513:1154.532,1,1785210865.3898892,2,9,direct_pair_landmarks_frozen,0,collision_risk,0,vehicle_footprint_crosses_side_boundary,0.0054,0.0054,1.0,53.819,60.295,-21.769,1.594,321.481,483.514,300.000:570.000|300.169:562.096|300.675:554.205|301.517:546.344|302.694:538.526|304.204:530.765|306.044:523.076|308.210:515.472|310.699:507.968|313.505:500.576|316.625:493.312|320.052:486.187|323.780:479.214|327.802:472.408|332.112:465.779|336.700:459.340|341.558:453.103|346.679:447.079|352.052:441.279|357.668:435.714|363.516:430.393|369.586:425.327|375.864:420.526|375.866:420.524|382.249:415.857|388.631:411.189|395.013:406.521|401.395:401.853|407.777:397.186|414.159:392.518|420.541:387.850|426.923:383.183|433.306:378.515|439.688:373.847|446.070:369.179|452.452:364.512|458.834:359.844|465.216:355.176|471.598:350.509|477.980:345.841|484.362:341.173|490.745:336.505|497.127:331.838|503.509:327.170|509.891:322.502|516.273:317.835|522.655:313.167|529.037:308.499|535.419:303.831|541.802:299.164|548.184:294.496|554.566:289.828|560.948:285.161|567.330:280.493|573.712:275.825|580.094:271.157|586.476:266.490|592.859:261.822|599.241:257.154|605.623:252.487|612.005:247.819|618.387:243.151|624.769:238.483|631.151:233.816|637.533:229.148|643.916:224.480|650.298:219.812|656.680:215.145|663.062:210.477|669.444:205.809|675.826:201.142|682.208:196.474|688.590:191.806|694.972:187.138|701.355:182.471|707.737:177.803|714.119:173.135|720.501:168.468|726.883:163.800|733.265:159.132|739.647:154.464|746.029:149.797|752.412:145.129|758.794:140.461|765.176:135.794|771.558:131.126,1,53.020317,0.3,52.720317,0.0
52.815262,reacquire_slot,reacquired_slot_path_not_ready:collision_risk:vehicle_footprint_crosses_side_boundary,0,0,0,0,reacquired_slot_path_not_ready:collision_risk:vehicle_footprint_crosses_side_boundary,0,1785210880.7707927,1,1,0,24,gap_confirmed,2,1,1,1,1406.351,-2056.351,1,1,1,1,1,1,1,0,1580.845,1175.017,615.455,-300.0,915.455,0,0.872,0.489,1785210880.7707927,1549.469,1636.006,-71.201,771.384,1225.761,1,1,1,0.95,0,direct_pair,-14.42,-0.131088,56.311,631.995,220.0,347.368,0,footprint_crosses_slot_entrance,-894.319,270.552,-2181.531,-1127.606,1,DIRECT_PAIR,1,1,0,0,0,1785210880.7707927,0.0,0.0,2,1,0.0,direct_pair,1467.173:182.053|940.217:972.507|2188.301:1804.543|2715.258:1014.090,1,1785210865.3898892,2,9,direct_pair_landmarks_frozen,0,collision_risk,0,vehicle_footprint_crosses_side_boundary,0.0054,0.0054,1.0,56.311,68.045,-29.519,7.704,321.479,483.513,300.000:570.000|300.171:562.052|300.682:554.118|301.534:546.214|302.724:538.353|304.251:530.551|306.111:522.821|308.300:515.179|310.816:507.637|313.654:500.211|316.807:492.913|320.271:485.757|324.039:478.756|328.104:471.924|332.458:465.272|337.094:458.813|342.002:452.560|347.175:446.522|352.602:440.713|358.273:435.141|364.178:429.818|370.307:424.754|376.646:419.957|382.465:415.916|383.185:415.435|389.801:411.025|396.416:406.615|403.032:402.204|409.647:397.794|416.263:393.384|422.878:388.974|429.494:384.564|436.109:380.153|442.725:375.743|449.340:371.333|455.955:366.923|462.571:362.513|469.186:358.102|475.802:353.692|482.417:349.282|489.033:344.872|495.648:340.461|502.264:336.051|508.879:331.641|515.495:327.231|522.110:322.821|528.726:318.410|535.341:314.000|541.956:309.590|548.572:305.180|555.187:300.770|561.803:296.359|568.418:291.949|575.034:287.539|581.649:283.129|588.265:278.719|594.880:274.308|601.496:269.898|608.111:265.488|614.727:261.078|621.342:256.668|627.958:252.257|634.573:247.847|641.188:243.437|647.804:239.027|654.419:234.616|661.035:230.206|667.650:225.796|674.266:221.386|680.881:216.976|687.497:212.565|694.112:208.155|700.728:203.745|707.343:199.335|713.959:194.925|720.574:190.514|727.190:186.104|733.805:181.694|740.420:177.284|747.036:172.874|753.651:168.463|760.267:164.053|766.882:159.643|773.498:155.233|780.113:150.823,1,53.115262,0.3,52.815262,0.0
52.894242,reacquire_slot,reacquired_slot_path_not_ready:collision_risk:vehicle_footprint_crosses_side_boundary,0,0,0,0,reacquired_slot_path_not_ready:collision_risk:vehicle_footprint_crosses_side_boundary,0,1785210880.8830152,1,1,0,28,gap_confirmed,2,1,1,1,1404.498,-2054.498,1,1,1,1,1,1,1,0,1591.67,1168.677,626.274,-300.0,926.274,0,0.867,0.499,1785210880.8830152,1611.772,1618.78,-15.351,695.024,1308.084,1,1,1,0.95,0,direct_pair,-26.367,-0.2397,55.085,632.496,220.0,347.368,0,footprint_crosses_slot_entrance,-941.567,221.851,-2194.214,-1129.852,1,DIRECT_PAIR,1,1,0,0,0,1785210880.8830152,0.0,0.0,2,1,0.0,direct_pair,1428.773:256.865|885.031:1035.867|2115.034:1894.408|2658.776:1115.406,1,1785210865.3898892,2,9,direct_pair_landmarks_frozen,0,collision_risk,0,vehicle_footprint_crosses_side_boundary,0.0054,0.0054,1.0,55.085,52.826,-14.299,0.374,321.48,483.513,300.000:570.000|300.170:562.066|300.680:554.148|301.528:546.258|302.714:538.411|304.235:530.623|306.088:522.907|308.270:515.278|310.777:507.749|313.604:500.334|316.746:493.047|320.197:485.902|323.951:478.911|328.002:472.087|332.341:465.443|336.960:458.991|341.852:452.743|347.007:446.710|352.416:440.903|358.069:435.334|363.954:430.012|370.063:424.947|376.383:420.148|379.193:418.148|382.872:415.580|389.379:411.037|395.887:406.495|402.394:401.953|408.902:397.411|415.409:392.868|421.917:388.326|428.424:383.784|434.932:379.242|441.439:374.700|447.947:370.157|454.454:365.615|460.962:361.073|467.469:356.531|473.977:351.988|480.484:347.446|486.992:342.904|493.499:338.362|500.007:333.820|506.514:329.277|513.022:324.735|519.529:320.193|526.037:315.651|532.544:311.108|539.052:306.566|545.559:302.024|552.067:297.482|558.574:292.940|565.082:288.397|571.589:283.855|578.097:279.313|584.604:274.771|591.112:270.228|597.619:265.686|604.127:261.144|610.634:256.602|617.142:252.060|623.649:247.517|630.157:242.975|636.664:238.433|643.172:233.891|649.679:229.348|656.187:224.806|662.694:220.264|669.202:215.722|675.709:211.180|682.217:206.637|688.724:202.095|695.232:197.553|701.739:193.011|708.247:188.468|714.754:183.926|721.262:179.384|727.769:174.842|734.277:170.299|740.784:165.757|747.292:161.215|753.799:156.673|760.307:152.131|766.814:147.588|773.322:143.046,1,53.194242,0.3,52.894242,0.0
52.987424,reacquire_slot,reacquired_slot_path_not_ready:collision_risk:vehicle_footprint_crosses_side_boundary,0,0,0,0,reacquired_slot_path_not_ready:collision_risk:vehicle_footprint_crosses_side_boundary,0,1785210880.9937565,1,1,0,27,gap_confirmed,2,1,1,1,1402.774,-2052.774,0,1,1,1,1,1,1,0,1591.67,1160.086,631.457,-300.0,931.457,0,0.867,0.499,,,,,,,1,1,1,0.95,0,slot_map_localized,10.915,0.099229,49.862,655.287,220.0,347.368,0,footprint_crosses_slot_entrance,-757.85,393.422,-2333.793,-1230.466,1,MAP_LOCALIZATION,1,1,0,0,0,1785210880.9937565,97.46,5.223,11,1,178.47,slot_map_localized,1551.165:324.984|938.765:1051.253|2085.505:2018.200|2697.905:1291.931,1,1785210865.3898892,2,9,direct_pair_landmarks_frozen,0,collision_risk,0,vehicle_footprint_crosses_side_boundary,0.0054,0.0054,1.0,49.862,76.724,-38.198,0.218,321.48,483.513,300.000:570.000|300.170:562.063|300.680:554.140|301.530:546.247|302.717:538.397|304.239:530.605|306.094:522.886|308.278:515.253|310.787:507.721|313.616:500.303|316.761:493.013|320.216:485.865|323.973:478.872|328.027:472.046|332.370:465.400|336.994:458.946|341.890:452.697|347.050:446.663|352.463:440.855|358.120:435.285|364.011:429.963|365.809:428.427|370.071:424.833|376.141:419.715|382.211:414.597|388.280:409.479|394.350:404.361|400.420:399.243|406.490:394.124|412.560:389.006|418.630:383.888|424.699:378.770|430.769:373.652|436.839:368.534|442.909:363.415|448.979:358.297|455.049:353.179|461.118:348.061|467.188:342.943|473.258:337.825|479.328:332.706|485.398:327.588|491.468:322.470|497.537:317.352|503.607:312.234|509.677:307.116|515.747:301.997|521.817:296.879|527.887:291.761|533.956:286.643|540.026:281.525|546.096:276.407|552.166:271.288|558.236:266.170|564.306:261.052|570.375:255.934|576.445:250.816|582.515:245.698|588.585:240.579|594.655:235.461|600.725:230.343|606.794:225.225|612.864:220.107|618.934:214.989|625.004:209.870|631.074:204.752|637.144:199.634|643.213:194.516|649.283:189.398|655.353:184.280|661.423:179.161|667.493:174.043|673.563:168.925|679.632:163.807|685.702:158.689|691.772:153.571|697.842:148.452|703.912:143.334|709.981:138.216|716.051:133.098|722.121:127.980|728.191:122.862|734.261:117.743|740.331:112.625|746.400:107.507|752.470:102.389|758.540:97.271,1,53.287424,0.3,52.987424,0.0
53.06682,reacquire_slot,reacquire_waiting_for_unique_lidar_scan,0,0,0,0,reacquire_waiting_for_unique_lidar_scan,0,1785210880.9937565,0,1,0,27,gap_confirmed,2,1,1,1,1402.774,-2052.774,0,1,1,1,1,1,1,0,1591.67,1160.086,631.457,-300.0,931.457,0,0.867,0.499,,,,,,,1,1,1,0.95,0,slot_map_localized,10.915,0.099229,49.862,655.287,220.0,347.368,0,footprint_crosses_slot_entrance,-757.85,393.422,-2333.793,-1230.466,1,MAP_LOCALIZATION,1,1,0,0,0,1785210880.9937565,97.46,5.223,11,1,178.47,slot_map_localized,1551.165:324.984|938.765:1051.253|2085.505:2018.200|2697.905:1291.931,1,1785210865.3898892,2,9,direct_pair_landmarks_frozen,0,,0,,,,,,,,,,,,1,53.287424,0.220603,52.987424,0.079397
53.145341,reacquire_slot,reacquired_slot_path_not_ready:collision_risk:vehicle_footprint_crosses_side_boundary,0,0,0,0,reacquired_slot_path_not_ready:collision_risk:vehicle_footprint_crosses_side_boundary,0,1785210881.1088896,1,1,0,22,gap_confirmed,2,1,1,1,1402.108,-2052.108,0,1,1,1,1,1,1,1,1591.67,1160.086,631.457,-300.0,931.457,0,0.867,0.499,,,,,,,1,1,1,0.95,0,slot_map_localized,-18.811,-0.171006,54.088,642.13,220.0,347.368,0,footprint_crosses_slot_entrance,-905.127,256.718,-2244.129,-1171.639,1,MAP_LOCALIZATION,1,1,0,0,0,1785210881.1088896,57.069,-4.226,7,1,347.562,slot_map_localized,1471.701:279.603|914.492:1049.030|2129.377:1928.834|2686.586:1159.407,1,1785210865.3898892,2,9,direct_pair_landmarks_frozen,0,collision_risk,0,vehicle_footprint_crosses_side_boundary,0.0054,0.0054,1.0,54.088,57.757,-19.23,0.203,321.48,483.513,300.000:570.000|300.170:562.062|300.680:554.139|301.530:546.246|302.717:538.395|304.239:530.603|306.094:522.884|308.278:515.250|310.788:507.718|313.617:500.300|316.763:493.010|320.218:485.862|323.976:478.868|328.030:472.042|332.373:465.396|336.997:458.942|341.894:452.692|347.054:446.658|352.467:440.851|358.125:435.281|364.016:429.958|370.130:424.894|376.456:420.095|376.567:420.014|382.886:415.438|389.317:410.781|395.748:406.124|402.179:401.467|408.610:396.810|415.040:392.153|421.471:387.495|427.902:382.838|434.333:378.181|440.764:373.524|447.195:368.867|453.625:364.210|460.056:359.553|466.487:354.896|472.918:350.239|479.349:345.581|485.779:340.924|492.210:336.267|498.641:331.610|505.072:326.953|511.503:322.296|517.933:317.639|524.364:312.982|530.795:308.324|537.226:303.667|543.657:299.010|550.088:294.353|556.518:289.696|562.949:285.039|569.380:280.382|575.811:275.725|582.242:271.068|588.672:266.410|595.103:261.753|601.534:257.096|607.965:252.439|614.396:247.782|620.826:243.125|627.257:238.468|633.688:233.811|640.119:229.154|646.550:224.496|652.981:219.839|659.411:215.182|665.842:210.525|672.273:205.868|678.704:201.211|685.135:196.554|691.565:191.897|697.996:187.240|704.427:182.582|710.858:177.925|717.289:173.268|723.719:168.611|730.150:163.954|736.581:159.297|743.012:154.640|749.443:149.983|755.874:145.326|762.304:140.668|768.735:136.011|775.166:131.354,1,53.445341,0.3,53.145341,0.0
53.237553,reacquire_slot,reacquired_slot_path_not_ready:collision_risk:vehicle_footprint_crosses_side_boundary,0,0,0,0,reacquired_slot_path_not_ready:collision_risk:vehicle_footprint_crosses_side_boundary,0,1785210881.2190158,1,1,0,27,gap_confirmed,2,1,1,1,1407.051,-2057.051,1,1,1,1,1,1,1,0,1576.687,1171.927,611.136,-300.0,911.136,0,0.871,0.491,1785210881.2190158,1548.863,1635.439,-69.456,752.393,1216.249,1,1,1,0.95,0,direct_pair,-10.192,-0.092655,55.518,629.786,220.0,347.368,0,footprint_crosses_slot_entrance,-873.298,290.694,-2178.83,-1118.1,1,DIRECT_PAIR,1,1,0,0,0,1785210881.2190158,0.0,0.0,2,1,0.0,direct_pair,1462.836:181.852|924.996:964.941|2161.451:1814.163|2699.292:1031.074,1,1785210865.3898892,2,9,direct_pair_landmarks_frozen,0,collision_risk,0,vehicle_footprint_crosses_side_boundary,0.0054,0.0054,1.0,55.518,70.151,-31.625,1.441,321.481,483.514,300.000:570.000|300.169:562.092|300.675:554.198|301.519:546.333|302.697:538.512|304.208:530.747|306.049:523.055|308.217:515.448|310.708:507.940|313.518:500.546|316.640:493.278|320.070:486.151|323.802:479.176|327.828:472.367|332.140:465.737|336.732:459.296|341.595:453.058|346.720:447.032|352.098:441.232|357.718:435.666|363.571:430.345|369.646:425.279|375.931:420.477|380.343:417.351|382.407:415.934|388.927:411.455|395.448:406.977|401.969:402.498|408.490:398.020|415.010:393.541|421.531:389.062|428.052:384.584|434.572:380.105|441.093:375.627|447.614:371.148|454.135:366.670|460.655:362.191|467.176:357.713|473.697:353.234|480.217:348.756|486.738:344.277|493.259:339.798|499.779:335.320|506.300:330.841|512.821:326.363|519.342:321.884|525.862:317.406|532.383:312.927|538.904:308.449|545.424:303.970|551.945:299.492|558.466:295.013|564.986:290.534|571.507:286.056|578.028:281.577|584.549:277.099|591.069:272.620|597.590:268.142|604.111:263.663|610.631:259.185|617.152:254.706|623.673:250.228|630.193:245.749|636.714:241.270|643.235:236.792|649.756:232.313|656.276:227.835|662.797:223.356|669.318:218.878|675.838:214.399|682.359:209.921|688.880:205.442|695.400:200.964|701.921:196.485|708.442:192.006|714.963:187.528|721.483:183.049|728.004:178.571|734.525:174.092|741.045:169.614|747.566:165.135|754.087:160.657|760.607:156.178|767.128:151.700|773.649:147.221,1,53.537553,0.3,53.237553,0.0
53.315383,reacquire_slot,reacquire_waiting_for_unique_lidar_scan,0,0,0,0,reacquire_waiting_for_unique_lidar_scan,0,1785210881.2190158,0,1,0,27,gap_confirmed,2,1,1,1,1407.051,-2057.051,1,1,1,1,1,1,1,0,1576.687,1171.927,611.136,-300.0,911.136,0,0.871,0.491,,,,,,,1,1,1,0.95,0,direct_pair,-10.192,-0.092655,55.518,629.786,220.0,347.368,0,footprint_crosses_slot_entrance,-873.298,290.694,-2178.83,-1118.1,1,DIRECT_PAIR,1,1,0,0,0,1785210881.2190158,0.0,0.0,2,1,0.0,direct_pair,1462.836:181.852|924.996:964.941|2161.451:1814.163|2699.292:1031.074,1,1785210865.3898892,2,9,direct_pair_landmarks_frozen,0,,0,,,,,,,,,,,,1,53.537553,0.22217,53.237553,0.07783
53.392418,reacquire_slot,reacquired_slot_path_not_ready:collision_risk:vehicle_footprint_crosses_side_boundary,0,0,0,0,reacquired_slot_path_not_ready:collision_risk:vehicle_footprint_crosses_side_boundary,0,1785210881.3316767,1,1,0,23,gap_confirmed,2,1,1,1,1425.874,-2075.874,0,1,1,1,1,1,1,1,1576.687,1171.927,611.136,-300.0,911.136,0,0.871,0.491,,,,,,,1,1,1,0.95,0,slot_map_localized,-7.638,-0.069438,55.321,632.355,220.0,347.368,0,footprint_crosses_slot_entrance,-861.559,302.181,-2191.602,-1129.213,1,MAP_LOCALIZATION,1,1,0,0,0,1785210881.3316767,12.461,0.197,6,1,122.258,slot_map_localized,1476.569:184.119|936.041:965.355|2169.570:1818.821|2710.099:1037.586,1,1785210865.3898892,2,9,direct_pair_landmarks_frozen,0,collision_risk,0,vehicle_footprint_crosses_side_boundary,0.0054,0.0054,1.0,55.321,72.181,-33.655,0.28,321.48,483.513,300.000:570.000|300.170:562.064|300.680:554.143|301.529:546.251|302.716:538.403|304.237:530.612|306.091:522.894|308.275:515.263|310.783:507.732|313.611:500.315|316.755:493.027|320.208:485.880|323.965:478.887|328.017:472.062|332.359:465.417|336.981:458.964|341.875:452.715|347.033:446.682|352.444:440.875|358.100:435.305|363.988:429.983|370.100:424.917|376.423:420.119|379.819:417.712|382.924:415.564|389.452:411.047|395.980:406.531|402.508:402.014|409.036:397.497|415.564:392.981|422.092:388.464|428.620:383.948|435.148:379.431|441.676:374.914|448.204:370.398|454.732:365.881|461.260:361.364|467.788:356.848|474.316:352.331|480.844:347.814|487.372:343.298|493.900:338.781|500.428:334.264|506.956:329.748|513.484:325.231|520.012:320.714|526.540:316.198|533.068:311.681|539.596:307.164|546.124:302.648|552.652:298.131|559.180:293.614|565.708:289.098|572.236:284.581|578.764:280.065|585.292:275.548|591.820:271.031|598.348:266.515|604.876:261.998|611.404:257.481|617.932:252.965|624.460:248.448|630.988:243.931|637.516:239.415|644.044:234.898|650.572:230.381|657.100:225.865|663.628:221.348|670.156:216.831|676.684:212.315|683.212:207.798|689.740:203.281|696.268:198.765|702.796:194.248|709.324:189.731|715.852:185.215|722.380:180.698|728.908:176.182|735.436:171.665|741.964:167.148|748.492:162.632|755.020:158.115|761.548:153.598|768.076:149.082|774.604:144.565,1,53.692418,0.3,53.392418,0.0
53.46931,reacquire_slot,reacquired_slot_path_not_ready:collision_risk:vehicle_footprint_crosses_side_boundary,0,0,0,0,reacquired_slot_path_not_ready:collision_risk:vehicle_footprint_crosses_side_boundary,0,1785210881.442605,1,1,0,26,gap_confirmed,2,1,1,1,1404.105,-2054.105,1,1,1,1,1,1,1,0,1589.046,1173.172,627.323,-300.0,927.323,0,0.865,0.502,1785210881.442605,1611.999,1618.145,-16.332,732.826,1331.101,1,1,1,0.95,0,direct_pair,-35.813,-0.325575,56.693,636.618,220.0,347.368,0,footprint_crosses_slot_entrance,-987.979,177.236,-2198.141,-1147.576,1,DIRECT_PAIR,1,1,0,0,0,1785210881.442605,0.0,0.0,2,1,0.0,direct_pair,1436.317:260.406|914.654:1054.363|2168.270:1878.041|2689.933:1084.084,1,1785210865.3898892,2,9,direct_pair_landmarks_frozen,0,collision_risk,0,vehicle_footprint_crosses_side_boundary,0.0054,0.0054,1.0,56.693,47.683,-9.157,1.14,321.481,483.514,300.000:570.000|300.169:562.085|300.677:554.184|301.521:546.312|302.702:538.483|304.216:530.712|306.060:523.013|308.232:515.400|310.728:507.886|313.542:500.486|316.670:493.213|320.106:486.081|323.844:479.101|327.877:472.288|332.197:465.654|336.797:459.210|341.668:452.969|346.801:446.941|352.188:441.139|357.817:435.572|363.679:430.251|369.763:425.185|376.059:420.384|382.553:415.856|383.497:415.233|389.169:411.506|395.786:407.158|402.403:402.810|409.020:398.462|415.638:394.115|422.255:389.767|428.872:385.419|435.489:381.071|442.106:376.723|448.724:372.376|455.341:368.028|461.958:363.680|468.575:359.332|475.192:354.985|481.809:350.637|488.427:346.289|495.044:341.941|501.661:337.594|508.278:333.246|514.895:328.898|521.513:324.550|528.130:320.202|534.747:315.855|541.364:311.507|547.981:307.159|554.599:302.811|561.216:298.464|567.833:294.116|574.450:289.768|581.067:285.420|587.685:281.073|594.302:276.725|600.919:272.377|607.536:268.029|614.153:263.681|620.771:259.334|627.388:254.986|634.005:250.638|640.622:246.290|647.239:241.943|653.857:237.595|660.474:233.247|667.091:228.899|673.708:224.552|680.325:220.204|686.942:215.856|693.560:211.508|700.177:207.160|706.794:202.813|713.411:198.465|720.028:194.117|726.646:189.769|733.263:185.422|739.880:181.074|746.497:176.726|753.114:172.378|759.732:168.031|766.349:163.683|772.966:159.335|779.583:154.987|786.200:150.639,1,53.76931,0.3,53.46931,0.0
53.546148,reacquire_slot,reacquire_waiting_for_unique_lidar_scan,0,0,0,0,reacquire_waiting_for_unique_lidar_scan,0,1785210881.442605,0,1,0,26,gap_confirmed,2,1,1,1,1404.105,-2054.105,1,1,1,1,1,1,1,0,1589.046,1173.172,627.323,-300.0,927.323,0,0.865,0.502,,,,,,,1,1,1,0.95,0,direct_pair,-35.813,-0.325575,56.693,636.618,220.0,347.368,0,footprint_crosses_slot_entrance,-987.979,177.236,-2198.141,-1147.576,1,DIRECT_PAIR,1,1,0,0,0,1785210881.442605,0.0,0.0,2,1,0.0,direct_pair,1436.317:260.406|914.654:1054.363|2168.270:1878.041|2689.933:1084.084,1,1785210865.3898892,2,9,direct_pair_landmarks_frozen,0,,0,,,,,,,,,,,,1,53.76931,0.223162,53.46931,0.076838
53.624033,reacquire_slot,reacquired_slot_path_not_ready:collision_risk:vehicle_footprint_crosses_side_boundary,0,0,0,0,reacquired_slot_path_not_ready:collision_risk:vehicle_footprint_crosses_side_boundary,0,1785210881.5566673,1,1,0,28,gap_confirmed,2,1,1,1,1402.25,-2052.25,0,1,1,1,1,1,1,0,1589.046,1163.804,633.525,-300.0,933.525,0,0.865,0.502,,,,,,,1,1,1,0.95,0,slot_map_localized,-4.615,-0.041956,52.001,647.725,220.0,347.368,0,footprint_crosses_slot_entrance,-835.04,322.37,-2285.013,-1196.551,1,MAP_LOCALIZATION,1,1,0,0,0,1785210881.5566673,41.792,4.693,11,1,124.373,slot_map_localized,1506.391:299.402|921.523:1048.020|2103.551:1971.496|2688.419:1222.878,1,1785210865.3898892,2,9,direct_pair_landmarks_frozen,0,collision_risk,0,vehicle_footprint_crosses_side_boundary,0.0054,0.0054,1.0,52.001,66.561,-28.034,6.725,321.477,483.512,300.000:570.000|300.172:562.028|300.686:554.070|301.543:546.143|302.740:538.259|304.276:530.434|306.147:522.683|308.350:515.019|310.881:507.458|313.735:500.012|316.907:492.696|320.391:485.523|324.180:478.507|328.268:471.661|332.647:464.997|337.309:458.527|342.245:452.265|347.446:446.220|352.902:440.405|358.604:434.831|364.540:429.507|370.700:424.443|371.176:424.071|376.984:419.533|383.268:414.624|389.552:409.714|395.836:404.804|402.120:399.895|408.404:394.985|414.688:390.076|420.973:385.166|427.257:380.257|433.541:375.347|439.825:370.437|446.109:365.528|452.393:360.618|458.677:355.709|464.962:350.799|471.246:345.889|477.530:340.980|483.814:336.070|490.098:331.161|496.382:326.251|502.666:321.342|508.951:316.432|515.235:311.522|521.519:306.613|527.803:301.703|534.087:296.794|540.371:291.884|546.655:286.975|552.940:282.065|559.224:277.155|565.508:272.246|571.792:267.336|578.076:262.427|584.360:257.517|590.644:252.608|596.929:247.698|603.213:242.788|609.497:237.879|615.781:232.969|622.065:228.060|628.349:223.150|634.633:218.241|640.918:213.331|647.202:208.421|653.486:203.512|659.770:198.602|666.054:193.693|672.338:188.783|678.623:183.874|684.907:178.964|691.191:174.054|697.475:169.145|703.759:164.235|710.043:159.326|716.327:154.416|722.612:149.507|728.896:144.597|735.180:139.687|741.464:134.778|747.748:129.868|754.032:124.959|760.316:120.049|766.601:115.139,1,53.924033,0.3,53.624033,0.0
53.701896,reacquire_slot,reacquired_slot_path_not_ready:collision_risk:vehicle_footprint_crosses_side_boundary,0,0,0,0,reacquired_slot_path_not_ready:collision_risk:vehicle_footprint_crosses_side_boundary,0,1785210881.6685076,1,1,0,23,gap_confirmed,2,1,1,1,1426.738,-2076.738,0,1,1,1,1,1,1,1,1589.046,1163.804,633.525,-300.0,933.525,0,0.865,0.502,,,,,,,1,1,1,0.95,0,slot_map_localized,-22.249,-0.202261,53.978,639.853,220.0,347.368,0,footprint_crosses_slot_entrance,-919.534,242.114,-2235.209,-1161.834,1,MAP_LOCALIZATION,1,1,0,0,0,1785210881.6685076,39.422,-1.977,7,1,239.078,slot_map_localized,1453.893:288.676|895.196:1057.023|2108.375:1939.177|2667.073:1170.830,1,1785210865.3898892,2,9,direct_pair_landmarks_frozen,0,collision_risk,0,vehicle_footprint_crosses_side_boundary,0.0054,0.0054,1.0,53.978,54.029,-15.502,1.415,321.481,483.514,300.000:570.000|300.169:562.091|300.676:554.197|301.519:546.331|302.697:538.509|304.209:530.744|306.050:523.051|308.219:515.444|310.710:507.936|313.520:500.541|316.643:493.273|320.073:486.145|323.805:479.170|327.832:472.361|332.145:465.730|336.738:459.289|341.602:453.050|346.727:447.025|352.105:441.224|357.727:435.658|363.580:430.337|369.656:425.271|375.942:420.469|376.277:420.225|382.340:415.816|388.739:411.163|395.137:406.511|401.536:401.858|407.934:397.206|414.333:392.553|420.731:387.901|427.129:383.248|433.528:378.595|439.926:373.943|446.325:369.290|452.723:364.638|459.122:359.985|465.520:355.333|471.918:350.680|478.317:346.027|484.715:341.375|491.114:336.722|497.512:332.070|503.911:327.417|510.309:322.765|516.708:318.112|523.106:313.459|529.504:308.807|535.903:304.154|542.301:299.502|548.700:294.849|555.098:290.196|561.497:285.544|567.895:280.891|574.293:276.239|580.692:271.586|587.090:266.934|593.489:262.281|599.887:257.628|606.286:252.976|612.684:248.323|619.083:243.671|625.481:239.018|631.879:234.366|638.278:229.713|644.676:225.060|651.075:220.408|657.473:215.755|663.872:211.103|670.270:206.450|676.668:201.798|683.067:197.145|689.465:192.492|695.864:187.840|702.262:183.187|708.661:178.535|715.059:173.882|721.458:169.229|727.856:164.577|734.254:159.924|740.653:155.272|747.051:150.619|753.450:145.967|759.848:141.314|766.247:136.661|772.645:132.009,1,54.001896,0.3,53.701896,0.0
53.781853,reacquire_slot,reacquired_slot_path_not_ready:collision_risk:vehicle_footprint_crosses_side_boundary,0,0,0,0,reacquired_slot_path_not_ready:collision_risk:vehicle_footprint_crosses_side_boundary,0,1785210881.779749,1,1,0,25,gap_confirmed,2,1,1,1,1400.969,-2050.969,1,1,1,1,1,1,1,0,1597.567,1178.331,646.826,-300.0,946.826,0,0.861,0.508,1785210881.779749,1613.391,1624.526,-17.735,786.093,1360.791,1,1,1,0.95,0,direct_pair,-47.178,-0.428894,58.692,642.76,220.0,347.368,0,footprint_crosses_slot_entrance,-1043.124,123.045,-2206.675,-1174.401,1,DIRECT_PAIR,1,1,0,0,0,1785210881.779749,0.0,0.0,2,1,0.0,direct_pair,1452.141:265.696|958.479:1077.360|2240.053:1856.826|2733.715:1045.163,1,1785210865.3898892,2,9,direct_pair_landmarks_frozen,0,collision_risk,0,vehicle_footprint_crosses_side_boundary,0.0054,0.0054,1.0,58.692,41.776,-3.25,0.532,321.48,483.513,300.000:570.000|300.170:562.070|300.679:554.155|301.527:546.269|302.711:538.426|304.231:530.641|306.082:522.929|308.262:515.303|310.767:507.777|313.591:500.365|316.730:493.081|320.178:485.939|323.929:478.950|327.976:472.128|332.311:465.486|336.927:459.036|341.814:452.789|346.965:446.757|352.369:440.952|358.017:435.383|363.898:430.061|370.001:424.996|376.316:420.196|382.831:415.672|388.955:411.781|389.533:411.430|396.310:407.308|403.087:403.186|409.864:399.064|416.641:394.942|423.418:390.820|430.195:386.698|436.973:382.576|443.750:378.454|450.527:374.332|457.304:370.210|464.081:366.088|470.858:361.966|477.635:357.845|484.413:353.723|491.190:349.601|497.967:345.479|504.744:341.357|511.521:337.235|518.298:333.113|525.075:328.991|531.853:324.869|538.630:320.747|545.407:316.625|552.184:312.503|558.961:308.381|565.738:304.259|572.515:300.138|579.293:296.016|586.070:291.894|592.847:287.772|599.624:283.650|606.401:279.528|613.178:275.406|619.955:271.284|626.733:267.162|633.510:263.040|640.287:258.918|647.064:254.796|653.841:250.674|660.618:246.553|667.395:242.431|674.172:238.309|680.950:234.187|687.727:230.065|694.504:225.943|701.281:221.821|708.058:217.699|714.835:213.577|721.612:209.455|728.390:205.333|735.167:201.211|741.944:197.089|748.721:192.968|755.498:188.846|762.275:184.724|769.052:180.602|775.830:176.480|782.607:172.358|789.384:168.236|796.161:164.114|802.938:159.992,1,54.081853,0.3,53.781853,0.0
53.859173,reacquire_slot,reacquire_waiting_for_unique_lidar_scan,0,0,0,0,reacquire_waiting_for_unique_lidar_scan,0,1785210881.779749,0,1,0,25,gap_confirmed,2,1,1,1,1400.969,-2050.969,1,1,1,1,1,1,1,0,1597.567,1178.331,646.826,-300.0,946.826,0,0.861,0.508,,,,,,,1,1,1,0.95,0,direct_pair,-47.178,-0.428894,58.692,642.76,220.0,347.368,0,footprint_crosses_slot_entrance,-1043.124,123.045,-2206.675,-1174.401,1,DIRECT_PAIR,1,1,0,0,0,1785210881.779749,0.0,0.0,2,1,0.0,direct_pair,1452.141:265.696|958.479:1077.360|2240.053:1856.826|2733.715:1045.163,1,1785210865.3898892,2,9,direct_pair_landmarks_frozen,0,,0,,,,,,,,,,,,1,54.081853,0.222679,53.781853,0.077321
53.935504,reacquire_slot,reacquired_slot_path_not_ready:collision_risk:vehicle_footprint_crosses_side_boundary,0,0,0,0,reacquired_slot_path_not_ready:collision_risk:vehicle_footprint_crosses_side_boundary,0,1785210881.8940294,1,1,0,25,gap_confirmed,2,1,1,1,1401.633,-2051.633,0,1,1,1,1,1,1,1,1597.567,1178.331,646.826,-300.0,946.826,0,0.861,0.508,,,,,,,1,1,1,0.95,0,slot_map_localized,-19.726,-0.179328,55.774,640.621,220.0,347.368,0,footprint_crosses_slot_entrance,-915.379,248.921,-2223.42,-1164.868,1,MAP_LOCALIZATION,1,1,0,0,0,1785210881.8940294,43.865,2.917,8,1,112.288,slot_map_localized,1480.505:235.661|946.172:1021.147|2186.413:1864.830|2720.746:1079.344,1,1785210865.3898892,2,9,direct_pair_landmarks_frozen,0,collision_risk,0,vehicle_footprint_crosses_side_boundary,0.0054,0.0054,1.0,55.774,61.301,-22.774,7.748,321.479,483.513,300.000:570.000|300.171:562.053|300.682:554.120|301.534:546.217|302.723:538.357|304.249:530.556|306.109:522.828|308.298:515.186|310.814:507.645|313.650:500.220|316.803:492.923|320.266:485.767|324.032:478.768|328.096:471.936|332.449:465.285|337.084:458.826|341.991:452.573|347.163:446.536|352.588:440.727|358.258:435.155|364.162:429.832|370.289:424.768|376.627:419.971|381.027:416.884|383.156:415.436|389.729:410.964|396.302:406.493|402.875:402.022|409.448:397.550|416.021:393.079|422.594:388.608|429.167:384.136|435.740:379.665|442.313:375.194|448.886:370.722|455.459:366.251|462.032:361.780|468.605:357.308|475.178:352.837|481.751:348.366|488.324:343.894|494.897:339.423|501.470:334.952|508.043:330.480|514.616:326.009|521.189:321.538|527.762:317.066|534.335:312.595|540.908:308.124|547.481:303.652|554.054:299.181|560.627:294.710|567.200:290.238|573.773:285.767|580.346:281.296|586.919:276.824|593.492:272.353|600.065:267.882|606.638:263.410|613.211:258.939|619.784:254.468|626.357:249.996|632.930:245.525|639.503:241.054|646.076:236.582|652.649:232.111|659.222:227.640|665.795:223.168|672.368:218.697|678.941:214.226|685.514:209.754|692.087:205.283|698.660:200.812|705.233:196.340|711.806:191.869|718.379:187.398|724.952:182.926|731.525:178.455|738.098:173.984|744.671:169.512|751.244:165.041|757.817:160.570|764.390:156.098|770.963:151.627|777.536:147.156|784.109:142.684,1,54.235504,0.3,53.935504,0.0
54.01311,reacquire_slot,reacquired_slot_path_not_ready:collision_risk:vehicle_footprint_crosses_side_boundary,0,0,0,0,reacquired_slot_path_not_ready:collision_risk:vehicle_footprint_crosses_side_boundary,0,1785210882.0052822,1,1,0,28,gap_confirmed,2,1,1,1,1426.28,-2076.28,0,1,1,1,1,1,1,1,1597.567,1178.331,646.826,-300.0,946.826,0,0.861,0.508,,,,,,,1,1,1,0.95,0,slot_map_localized,-17.344,-0.157674,55.526,637.504,220.0,347.368,0,footprint_crosses_slot_entrance,-904.212,259.791,-2212.088,-1151.427,1,MAP_LOCALIZATION,1,1,0,0,0,1785210882.0052822,14.295,0.248,8,1,113.575,slot_map_localized,1472.899:225.969|935.170:1009.134|2171.746:1858.179|2709.475:1075.014,1,1785210865.3898892,2,9,direct_pair_landmarks_frozen,0,collision_risk,0,vehicle_footprint_crosses_side_boundary,0.0054,0.0054,1.0,55.526,63.021,-24.494,1.531,321.481,483.514,300.000:570.000|300.169:562.094|300.675:554.202|301.518:546.340|302.695:538.520|304.206:530.758|306.046:523.067|308.213:515.462|310.703:507.956|313.511:500.564|316.631:493.298|320.060:486.172|323.789:479.199|327.813:472.391|332.123:465.762|336.713:459.322|341.574:453.084|346.696:447.060|352.071:441.259|357.688:435.694|363.539:430.373|369.610:425.307|375.893:420.505|380.365:417.336|382.366:415.962|388.886:411.486|395.405:407.009|401.925:402.533|408.444:398.056|414.964:393.580|421.483:389.104|428.003:384.627|434.523:380.151|441.042:375.675|447.562:371.198|454.081:366.722|460.601:362.245|467.120:357.769|473.640:353.293|480.160:348.816|486.679:344.340|493.199:339.863|499.718:335.387|506.238:330.911|512.757:326.434|519.277:321.958|525.796:317.481|532.316:313.005|538.836:308.529|545.355:304.052|551.875:299.576|558.394:295.099|564.914:290.623|571.433:286.147|577.953:281.670|584.473:277.194|590.992:272.717|597.512:268.241|604.031:263.765|610.551:259.288|617.070:254.812|623.590:250.335|630.109:245.859|636.629:241.383|643.149:236.906|649.668:232.430|656.188:227.953|662.707:223.477|669.227:219.001|675.746:214.524|682.266:210.048|688.786:205.571|695.305:201.095|701.825:196.619|708.344:192.142|714.864:187.666|721.383:183.190|727.903:178.713|734.422:174.237|740.942:169.760|747.462:165.284|753.981:160.808|760.501:156.331|767.020:151.855|773.540:147.378|780.059:142.902,1,54.31311,0.3,54.01311,0.0
54.089395,reacquire_slot,reacquire_waiting_for_unique_lidar_scan,0,0,0,0,reacquire_waiting_for_unique_lidar_scan,0,1785210882.0052822,0,1,0,28,gap_confirmed,2,1,1,1,1426.28,-2076.28,0,1,1,1,1,1,1,1,1597.567,1178.331,646.826,-300.0,946.826,0,0.861,0.508,,,,,,,1,1,1,0.95,0,slot_map_localized,-17.344,-0.157674,55.526,637.504,220.0,347.368,0,footprint_crosses_slot_entrance,-904.212,259.791,-2212.088,-1151.427,1,MAP_LOCALIZATION,1,1,0,0,0,1785210882.0052822,14.295,0.248,8,1,113.575,slot_map_localized,1472.899:225.969|935.170:1009.134|2171.746:1858.179|2709.475:1075.014,1,1785210865.3898892,2,9,direct_pair_landmarks_frozen,0,,0,,,,,,,,,,,,1,54.31311,0.223716,54.01311,0.076284
54.166659,reacquire_slot,reacquired_slot_path_not_ready:collision_risk:vehicle_footprint_crosses_side_boundary,0,0,0,0,reacquired_slot_path_not_ready:collision_risk:vehicle_footprint_crosses_side_boundary,0,1785210882.1168156,1,1,0,26,gap_confirmed,2,1,1,1,1400.826,-2050.826,1,1,1,1,1,1,1,0,1582.82,1206.167,630.936,-300.0,930.936,0,0.872,0.49,1785210882.1168156,1555.432,1658.914,-68.804,856.81,1271.658,1,1,1,0.95,0,direct_pair,-29.559,-0.268723,59.105,644.518,220.0,347.368,0,footprint_crosses_slot_entrance,-968.17,198.02,-2210.447,-1182.111,1,DIRECT_PAIR,1,1,0,0,0,1785210882.1168156,0.0,0.0,2,1,0.0,direct_pair,1501.761:193.827|1013.963:1009.028|2301.122:1779.236|2788.921:964.035,1,1785210865.3898892,2,9,direct_pair_landmarks_frozen,0,collision_risk,0,vehicle_footprint_crosses_side_boundary,0.0054,0.0054,1.0,59.105,60.538,-22.012,7.304,321.478,483.512,300.000:570.000|300.171:562.042|300.684:554.099|301.538:546.185|302.731:538.315|304.261:530.503|306.125:522.765|308.321:515.114|310.843:507.564|313.687:500.130|316.848:492.824|320.320:485.662|324.096:478.655|328.171:471.816|332.535:465.160|337.181:458.697|342.101:452.439|347.285:446.399|352.724:440.587|358.408:435.015|364.326:429.691|370.467:424.627|376.820:419.832|383.374:415.313|390.098:411.091|390.115:411.081|396.946:406.994|403.777:402.906|410.608:398.819|417.439:394.731|424.270:390.644|431.101:386.556|437.932:382.469|444.762:378.381|451.593:374.294|458.424:370.206|465.255:366.119|472.086:362.031|478.917:357.944|485.748:353.856|492.579:349.769|499.410:345.681|506.241:341.594|513.072:337.506|519.903:333.419|526.734:329.331|533.565:325.244|540.396:321.156|547.227:317.069|554.058:312.981|560.888:308.894|567.719:304.806|574.550:300.719|581.381:296.632|588.212:292.544|595.043:288.457|601.874:284.369|608.705:280.282|615.536:276.194|622.367:272.107|629.198:268.019|636.029:263.932|642.860:259.844|649.691:255.757|656.522:251.669|663.353:247.582|670.183:243.494|677.014:239.407|683.845:235.319|690.676:231.232|697.507:227.144|704.338:223.057|711.169:218.969|718.000:214.882|724.831:210.794|731.662:206.707|738.493:202.619|745.324:198.532|752.155:194.444|758.986:190.357|765.817:186.269|772.648:182.182|779.479:178.094|786.309:174.007|793.140:169.919|799.971:165.832|806.802:161.744,1,54.466659,0.3,54.166659,0.0
54.244294,reacquire_slot,reacquired_slot_path_not_ready:collision_risk:vehicle_footprint_crosses_side_boundary,0,0,0,0,reacquired_slot_path_not_ready:collision_risk:vehicle_footprint_crosses_side_boundary,0,1785210882.2284706,1,1,0,28,gap_confirmed,2,1,1,1,1399.509,-2049.509,1,1,1,1,1,1,1,0,1589.851,1189.727,636.998,-300.0,936.998,0,0.866,0.5,1785210882.2284706,1602.91,1583.78,-31.495,734.61,1328.004,1,1,1,0.95,0,direct_pair,-44.035,-0.40032,58.01,631.383,220.0,347.368,0,footprint_crosses_slot_entrance,-1027.597,138.407,-2163.774,-1125.121,1,DIRECT_PAIR,1,1,0,0,0,1785210882.2284706,0.0,0.0,2,1,0.0,direct_pair,1410.834:245.387|907.556:1051.122|2179.770:1845.773|2683.049:1040.037,1,1785210865.3898892,2,9,direct_pair_landmarks_frozen,0,collision_risk,0,vehicle_footprint_crosses_side_boundary,0.0054,0.0054,1.0,58.01,43.045,-4.519,6.764,321.477,483.512,300.000:570.000|300.172:562.029|300.686:554.072|301.543:546.145|302.740:538.263|304.275:530.439|306.146:522.688|308.348:515.026|310.878:507.465|313.732:500.020|316.903:492.704|320.386:485.532|324.175:478.517|328.262:471.671|332.640:465.008|337.300:458.539|342.235:452.276|347.435:446.232|352.890:440.418|358.591:434.843|364.526:429.519|370.684:424.456|377.055:419.662|383.627:415.147|387.080:412.936|390.365:410.884|397.128:406.660|403.891:402.436|410.654:398.212|417.417:393.988|424.179:389.764|430.942:385.539|437.705:381.315|444.468:377.091|451.231:372.867|457.993:368.643|464.756:364.418|471.519:360.194|478.282:355.970|485.045:351.746|491.807:347.522|498.570:343.298|505.333:339.073|512.096:334.849|518.859:330.625|525.621:326.401|532.384:322.177|539.147:317.952|545.910:313.728|552.673:309.504|559.435:305.280|566.198:301.056|572.961:296.831|579.724:292.607|586.487:288.383|593.250:284.159|600.012:279.935|606.775:275.711|613.538:271.486|620.301:267.262|627.064:263.038|633.826:258.814|640.589:254.590|647.352:250.365|654.115:246.141|660.878:241.917|667.640:237.693|674.403:233.469|681.166:229.245|687.929:225.020|694.692:220.796|701.454:216.572|708.217:212.348|714.980:208.124|721.743:203.899|728.506:199.675|735.268:195.451|742.031:191.227|748.794:187.003|755.557:182.778|762.320:178.554|769.082:174.330|775.845:170.106|782.608:165.882|789.371:161.658,1,54.544294,0.3,54.244294,0.0
54.321091,reacquire_slot,reacquire_waiting_for_unique_lidar_scan,0,0,0,0,reacquire_waiting_for_unique_lidar_scan,0,1785210882.2284706,0,1,0,28,gap_confirmed,2,1,1,1,1399.509,-2049.509,1,1,1,1,1,1,1,0,1589.851,1189.727,636.998,-300.0,936.998,0,0.866,0.5,,,,,,,1,1,1,0.95,0,direct_pair,-44.035,-0.40032,58.01,631.383,220.0,347.368,0,footprint_crosses_slot_entrance,-1027.597,138.407,-2163.774,-1125.121,1,DIRECT_PAIR,1,1,0,0,0,1785210882.2284706,0.0,0.0,2,1,0.0,direct_pair,1410.834:245.387|907.556:1051.122|2179.770:1845.773|2683.049:1040.037,1,1785210865.3898892,2,9,direct_pair_landmarks_frozen,0,,0,,,,,,,,,,,,1,54.544294,0.223203,54.244294,0.076797
54.399225,reacquire_slot,reacquired_slot_path_not_ready:collision_risk:vehicle_footprint_crosses_side_boundary,0,0,0,0,reacquired_slot_path_not_ready:collision_risk:vehicle_footprint_crosses_side_boundary,0,1785210882.3427935,1,1,0,22,gap_confirmed,2,1,1,1,1398.857,-2048.857,1,1,1,1,1,1,1,0,1597.831,1195.592,647.902,-300.0,947.902,0,0.862,0.507,1785210882.3427935,1612.651,1624.766,-21.253,788.205,1357.561,1,1,1,0.95,0,direct_pair,-46.755,-0.425042,58.754,642.536,220.0,347.368,0,footprint_crosses_slot_entrance,-1041.467,124.709,-2205.135,-1173.45,1,DIRECT_PAIR,1,1,0,0,0,1785210882.3427935,0.0,0.0,2,1,0.0,direct_pair,1452.876:262.054|960.095:1074.253|2242.514:1852.329|2735.295:1040.130,1,1785210865.3898892,2,9,direct_pair_landmarks_frozen,0,collision_risk,0,vehicle_footprint_crosses_side_boundary,0.0054,0.0054,1.0,58.754,42.372,-3.846,0.595,321.48,483.513,300.000:570.000|300.170:562.072|300.679:554.158|301.526:546.273|302.710:538.432|304.229:530.649|306.080:522.938|308.259:515.313|310.763:507.788|313.586:500.378|316.724:493.095|320.171:485.953|323.921:478.966|327.966:472.145|332.299:465.504|336.913:459.054|341.799:452.808|346.948:446.776|352.350:440.971|357.996:435.402|363.875:430.081|369.977:425.015|376.290:420.216|382.802:415.691|389.126:411.677|389.502:411.449|396.282:407.335|403.063:403.221|409.843:399.107|416.623:394.994|423.404:390.880|430.184:386.766|436.964:382.652|443.745:378.538|450.525:374.425|457.305:370.311|464.086:366.197|470.866:362.083|477.646:357.969|484.427:353.856|491.207:349.742|497.987:345.628|504.768:341.514|511.548:337.400|518.328:333.287|525.109:329.173|531.889:325.059|538.669:320.945|545.450:316.832|552.230:312.718|559.010:308.604|565.791:304.490|572.571:300.376|579.351:296.263|586.132:292.149|592.912:288.035|599.692:283.921|606.473:279.807|613.253:275.694|620.033:271.580|626.814:267.466|633.594:263.352|640.374:259.238|647.155:255.125|653.935:251.011|660.715:246.897|667.496:242.783|674.276:238.669|681.056:234.556|687.837:230.442|694.617:226.328|701.397:222.214|708.177:218.101|714.958:213.987|721.738:209.873|728.518:205.759|735.299:201.645|742.079:197.532|748.859:193.418|755.640:189.304|762.420:185.190|769.200:181.076|775.981:176.963|782.761:172.849|789.541:168.735|796.322:164.621|803.102:160.507,1,54.699225,0.3,54.399225,0.0
54.475979,reacquire_slot,reacquired_slot_path_not_ready:collision_risk:vehicle_footprint_crosses_side_boundary,0,0,0,0,reacquired_slot_path_not_ready:collision_risk:vehicle_footprint_crosses_side_boundary,0,1785210882.4539843,1,1,0,24,gap_confirmed,2,1,1,1,1400.097,-2050.097,0,1,1,1,1,1,1,1,1597.831,1195.592,647.902,-300.0,947.902,0,0.862,0.507,,,,,,,1,1,1,0.95,0,slot_map_localized,-18.899,-0.171805,55.967,639.363,220.0,347.368,0,footprint_crosses_slot_entrance,-912.482,252.036,-2216.322,-1159.426,1,MAP_LOCALIZATION,1,1,0,0,0,1785210882.4539843,50.405,2.786,8,1,95.739,slot_map_localized,1479.800:224.664|948.119:1011.948|2191.197:1851.445|2722.879:1064.162,1,1785210865.3898892,2,9,direct_pair_landmarks_frozen,0,collision_risk,0,vehicle_footprint_crosses_side_boundary,0.0054,0.0054,1.0,55.967,62.645,-24.119,0.29,321.48,483.513,300.000:570.000|300.170:562.064|300.680:554.144|301.529:546.252|302.715:538.404|304.237:530.613|306.091:522.896|308.274:515.264|310.782:507.734|313.610:500.317|316.754:493.029|320.207:485.882|323.963:478.890|328.016:472.065|332.357:465.420|336.978:458.967|341.873:452.718|347.030:446.685|352.441:440.878|358.096:435.308|363.985:429.986|370.096:424.921|376.419:420.122|381.544:416.533|382.937:415.593|389.515:411.150|396.093:406.707|402.672:402.265|409.250:397.822|415.828:393.380|422.407:388.937|428.985:384.494|435.563:380.052|442.142:375.609|448.720:371.167|455.298:366.724|461.877:362.282|468.455:357.839|475.033:353.396|481.612:348.954|488.190:344.511|494.768:340.069|501.347:335.626|507.925:331.183|514.503:326.741|521.082:322.298|527.660:317.856|534.238:313.413|540.817:308.970|547.395:304.528|553.973:300.085|560.552:295.643|567.130:291.200|573.708:286.757|580.287:282.315|586.865:277.872|593.443:273.430|600.022:268.987|606.600:264.545|613.178:260.102|619.757:255.659|626.335:251.217|632.913:246.774|639.492:242.332|646.070:237.889|652.648:233.446|659.227:229.004|665.805:224.561|672.383:220.119|678.962:215.676|685.540:211.233|692.118:206.791|698.697:202.348|705.275:197.906|711.853:193.463|718.432:189.020|725.010:184.578|731.588:180.135|738.167:175.693|744.745:171.250|751.323:166.808|757.902:162.365|764.480:157.922|771.058:153.480|777.637:149.037|784.215:144.595,1,54.775979,0.3,54.475979,0.0
