elapsed_s,planner_state,plan_reason,planned_speed,planned_steering,command_speed,command_steering,command_reason,safety_overrode_command,lidar_scan_timestamp,lidar_is_new_scan,lidar_valid,lidar_unsafe,lidar_observed_points,lidar_reason,car_count,first_car_seen,first_car_confirmed,first_car_turn_reached,first_car_edge_y_back_mm,first_car_turn_error_mm,gap_pair_observed,tracking_roi_expanded,first_car_gate_passed,second_car_gate_armed,ordered_second_car_pairing,gap_found,gap_confirmed,gap_coasted,gap_width_mm,gap_center_x_right_mm,gap_center_y_back_mm,entry_target_y_back_mm,entry_error_mm,entry_reached,slot_depth_x_right,slot_depth_y_back,raw_gap_scan_timestamp,raw_gap_observed_width_mm,raw_gap_first_x_right_mm,raw_gap_first_y_back_mm,raw_gap_second_x_right_mm,raw_gap_second_y_back_mm,geometry_found,geometry_has_side_pair,geometry_has_back_line,geometry_confidence,geometry_coasted,geometry_reason,geometry_lateral_error_px,geometry_lateral_error_norm,geometry_heading_error_deg,geometry_depth_remaining_px,geometry_slot_width_px,geometry_slot_depth_px,completion_candidate,completion_reason,footprint_min_lateral_mm,footprint_max_lateral_mm,footprint_min_depth_mm,footprint_max_depth_mm,pose_required,pose_source,pose_locked,pose_tracked,pose_stale,pose_held,pose_lost,pose_scan_timestamp,pose_translation_mm,pose_rotation_deg,pose_support_points,pose_bilateral_support,pose_depth_span_mm,pose_reason,pose_polygon_mm,map_frozen,map_source_scan_timestamp,map_landmark_count,map_surface_point_count,map_reason,map_icp_fallback_scans,path_status,path_found,path_reason,path_curvature_per_px,path_maximum_curvature_per_px,path_entry_steering_ratio,path_entry_heading_change_deg,path_final_lateral_offset_px,path_minimum_side_clearance_px,path_maximum_entry_depth_px,path_lookahead_x_px,path_lookahead_y_px,path_points_px,lease_valid,lease_expires_at_s,lease_remaining_s,lease_last_fresh_pose_at_s,lease_pose_age_s
0.020919,idle,waiting_for_start,0,0,0,0,waiting_for_start,0,1785215002.7314422,1,1,0,84,searching_for_parked_cars,0,0,0,0,,,0,0,0,0,0,0,0,0,,,,-300.0,,0,,,,,,,,,0,0,0,0.0,0,lidar_slot_box_unavailable,0.0,0.0,0.0,,,,0,footprint_unavailable,,,,,0,NONE,0,0,0,0,0,,0.0,0.0,0,0,0.0,slot_not_locked,,0,,0,0,,0,,0,,,,,,,,,,,,0,,,,
0.227243,idle,waiting_for_start,0,0,0,0,waiting_for_start,0,1785215002.8442354,1,1,0,80,searching_for_parked_cars,0,0,0,0,,,0,0,0,0,0,0,0,0,,,,-300.0,,0,,,,,,,,,0,0,0,0.0,0,lidar_slot_box_unavailable,0.0,0.0,0.0,,,,0,footprint_unavailable,,,,,0,NONE,0,0,0,0,0,,0.0,0.0,0,0,0.0,slot_not_locked,,0,,0,0,,0,,0,,,,,,,,,,,,0,,,,
0.320809,idle,waiting_for_start,0,0,0,0,waiting_for_start,0,1785215002.9563842,1,1,0,76,searching_for_parked_cars,0,0,0,0,,,0,0,0,0,0,0,0,0,,,,-300.0,,0,,,,,,,,,0,0,0,0.0,0,lidar_slot_box_unavailable,0.0,0.0,0.0,,,,0,footprint_unavailable,,,,,0,NONE,0,0,0,0,0,,0.0,0.0,0,0,0.0,slot_not_locked,,0,,0,0,,0,,0,,,,,,,,,,,,0,,,,
0.399219,idle,waiting_for_start,0,0,0,0,waiting_for_start,0,1785215003.0680504,1,1,0,83,searching_for_parked_cars,0,0,0,0,,,0,0,0,0,0,0,0,0,,,,-300.0,,0,,,,,,,,,0,0,0,0.0,0,lidar_slot_box_unavailable,0.0,0.0,0.0,,,,0,footprint_unavailable,,,,,0,NONE,0,0,0,0,0,,0.0,0.0,0,0,0.0,slot_not_locked,,0,,0,0,,0,,0,,,,,,,,,,,,0,,,,
0.479008,idle,waiting_for_start,0,0,0,0,waiting_for_start,0,1785215003.1789806,1,1,0,80,searching_for_parked_cars,0,0,0,0,,,0,0,0,0,0,0,0,0,,,,-300.0,,0,,,,,,,,,0,0,0,0.0,0,lidar_slot_box_unavailable,0.0,0.0,0.0,,,,0,footprint_unavailable,,,,,0,NONE,0,0,0,0,0,,0.0,0.0,0,0,0.0,slot_not_locked,,0,,0,0,,0,,0,,,,,,,,,,,,0,,,,
0.558502,idle,waiting_for_start,0,0,0,0,waiting_for_start,0,1785215003.1789806,0,1,0,80,searching_for_parked_cars,0,0,0,0,,,0,0,0,0,0,0,0,0,,,,-300.0,,0,,,,,,,,,0,0,0,0.0,0,lidar_slot_box_unavailable,0.0,0.0,0.0,,,,0,footprint_unavailable,,,,,0,NONE,0,0,0,0,0,,0.0,0.0,0,0,0.0,slot_not_locked,,0,,0,0,,0,,0,,,,,,,,,,,,0,,,,
0.636573,idle,waiting_for_start,0,0,0,0,waiting_for_start,0,1785215003.2889342,1,1,0,81,searching_for_parked_cars,0,0,0,0,,,0,0,0,0,0,0,0,0,,,,-300.0,,0,,,,,,,,,0,0,0,0.0,0,lidar_slot_box_unavailable,0.0,0.0,0.0,,,,0,footprint_unavailable,,,,,0,NONE,0,0,0,0,0,,0.0,0.0,0,0,0.0,slot_not_locked,,0,,0,0,,0,,0,,,,,,,,,,,,0,,,,
0.728695,idle,waiting_for_start,0,0,0,0,waiting_for_start,0,1785215003.4012585,1,1,0,79,searching_for_parked_cars,0,0,0,0,,,0,0,0,0,0,0,0,0,,,,-300.0,,0,,,,,,,,,0,0,0,0.0,0,lidar_slot_box_unavailable,0.0,0.0,0.0,,,,0,footprint_unavailable,,,,,0,NONE,0,0,0,0,0,,0.0,0.0,0,0,0.0,slot_not_locked,,0,,0,0,,0,,0,,,,,,,,,,,,0,,,,
0.821182,idle,waiting_for_start,0,0,0,0,waiting_for_start,0,1785215003.5151508,1,1,0,79,searching_for_parked_cars,0,0,0,0,,,0,0,0,0,0,0,0,0,,,,-300.0,,0,,,,,,,,,0,0,0,0.0,0,lidar_slot_box_unavailable,0.0,0.0,0.0,,,,0,footprint_unavailable,,,,,0,NONE,0,0,0,0,0,,0.0,0.0,0,0,0.0,slot_not_locked,,0,,0,0,,0,,0,,,,,,,,,,,,0,,,,
0.916122,idle,waiting_for_start,0,0,0,0,waiting_for_start,0,1785215003.626899,1,1,0,77,searching_for_parked_cars,0,0,0,0,,,0,0,0,0,0,0,0,0,,,,-300.0,,0,,,,,,,,,0,0,0,0.0,0,lidar_slot_box_unavailable,0.0,0.0,0.0,,,,0,footprint_unavailable,,,,,0,NONE,0,0,0,0,0,,0.0,0.0,0,0,0.0,slot_not_locked,,0,,0,0,,0,,0,,,,,,,,,,,,0,,,,
0.994683,idle,waiting_for_start,0,0,0,0,waiting_for_start,0,1785215003.626899,0,1,0,77,searching_for_parked_cars,0,0,0,0,,,0,0,0,0,0,0,0,0,,,,-300.0,,0,,,,,,,,,0,0,0,0.0,0,lidar_slot_box_unavailable,0.0,0.0,0.0,,,,0,footprint_unavailable,,,,,0,NONE,0,0,0,0,0,,0.0,0.0,0,0,0.0,slot_not_locked,,0,,0,0,,0,,0,,,,,,,,,,,,0,,,,
1.072774,idle,waiting_for_start,0,0,0,0,waiting_for_start,0,1785215003.73907,1,1,0,81,searching_for_parked_cars,0,0,0,0,,,0,0,0,0,0,0,0,0,,,,-300.0,,0,,,,,,,,,0,0,0,0.0,0,lidar_slot_box_unavailable,0.0,0.0,0.0,,,,0,footprint_unavailable,,,,,0,NONE,0,0,0,0,0,,0.0,0.0,0,0,0.0,slot_not_locked,,0,,0,0,,0,,0,,,,,,,,,,,,0,,,,
1.149687,idle,waiting_for_start,0,0,0,0,waiting_for_start,0,1785215003.849321,1,1,0,78,searching_for_parked_cars,0,0,0,0,,,0,0,0,0,0,0,0,0,,,,-300.0,,0,,,,,,,,,0,0,0,0.0,0,lidar_slot_box_unavailable,0.0,0.0,0.0,,,,0,footprint_unavailable,,,,,0,NONE,0,0,0,0,0,,0.0,0.0,0,0,0.0,slot_not_locked,,0,,0,0,,0,,0,,,,,,,,,,,,0,,,,
1.226952,idle,waiting_for_start,0,0,0,0,waiting_for_start,0,1785215003.849321,0,1,0,78,searching_for_parked_cars,0,0,0,0,,,0,0,0,0,0,0,0,0,,,,-300.0,,0,,,,,,,,,0,0,0,0.0,0,lidar_slot_box_unavailable,0.0,0.0,0.0,,,,0,footprint_unavailable,,,,,0,NONE,0,0,0,0,0,,0.0,0.0,0,0,0.0,slot_not_locked,,0,,0,0,,0,,0,,,,,,,,,,,,0,,,,
1.303894,idle,waiting_for_start,0,0,0,0,waiting_for_start,0,1785215003.960528,1,1,0,79,searching_for_parked_cars,0,0,0,0,,,0,0,0,0,0,0,0,0,,,,-300.0,,0,,,,,,,,,0,0,0,0.0,0,lidar_slot_box_unavailable,0.0,0.0,0.0,,,,0,footprint_unavailable,,,,,0,NONE,0,0,0,0,0,,0.0,0.0,0,0,0.0,slot_not_locked,,0,,0,0,,0,,0,,,,,,,,,,,,0,,,,
1.381908,idle,waiting_for_start,0,0,0,0,waiting_for_start,0,1785215004.0721319,1,1,0,83,searching_for_parked_cars,0,0,0,0,,,0,0,0,0,0,0,0,0,,,,-300.0,,0,,,,,,,,,0,0,0,0.0,0,lidar_slot_box_unavailable,0.0,0.0,0.0,,,,0,footprint_unavailable,,,,,0,NONE,0,0,0,0,0,,0.0,0.0,0,0,0.0,slot_not_locked,,0,,0,0,,0,,0,,,,,,,,,,,,0,,,,
1.459591,idle,waiting_for_start,0,0,0,0,waiting_for_start,0,1785215004.0721319,0,1,0,83,searching_for_parked_cars,0,0,0,0,,,0,0,0,0,0,0,0,0,,,,-300.0,,0,,,,,,,,,0,0,0,0.0,0,lidar_slot_box_unavailable,0.0,0.0,0.0,,,,0,footprint_unavailable,,,,,0,NONE,0,0,0,0,0,,0.0,0.0,0,0,0.0,slot_not_locked,,0,,0,0,,0,,0,,,,,,,,,,,,0,,,,
1.537703,idle,waiting_for_start,0,0,0,0,waiting_for_start,0,1785215004.187375,1,1,0,82,searching_for_parked_cars,0,0,0,0,,,0,0,0,0,0,0,0,0,,,,-300.0,,0,,,,,,,,,0,0,0,0.0,0,lidar_slot_box_unavailable,0.0,0.0,0.0,,,,0,footprint_unavailable,,,,,0,NONE,0,0,0,0,0,,0.0,0.0,0,0,0.0,slot_not_locked,,0,,0,0,,0,,0,,,,,,,,,,,,0,,,,
1.631778,idle,waiting_for_start,0,0,0,0,waiting_for_start,0,1785215004.297773,1,1,0,82,searching_for_parked_cars,0,0,0,0,,,0,0,0,0,0,0,0,0,,,,-300.0,,0,,,,,,,,,0,0,0,0.0,0,lidar_slot_box_unavailable,0.0,0.0,0.0,,,,0,footprint_unavailable,,,,,0,NONE,0,0,0,0,0,,0.0,0.0,0,0,0.0,slot_not_locked,,0,,0,0,,0,,0,,,,,,,,,,,,0,,,,
1.709371,idle,waiting_for_start,0,0,0,0,waiting_for_start,0,1785215004.410138,1,1,0,77,searching_for_parked_cars,0,0,0,0,,,0,0,0,0,0,0,0,0,,,,-300.0,,0,,,,,,,,,0,0,0,0.0,0,lidar_slot_box_unavailable,0.0,0.0,0.0,,,,0,footprint_unavailable,,,,,0,NONE,0,0,0,0,0,,0.0,0.0,0,0,0.0,slot_not_locked,,0,,0,0,,0,,0,,,,,,,,,,,,0,,,,
1.786201,idle,waiting_for_start,0,0,0,0,waiting_for_start,0,1785215004.410138,0,1,0,77,searching_for_parked_cars,0,0,0,0,,,0,0,0,0,0,0,0,0,,,,-300.0,,0,,,,,,,,,0,0,0,0.0,0,lidar_slot_box_unavailable,0.0,0.0,0.0,,,,0,footprint_unavailable,,,,,0,NONE,0,0,0,0,0,,0.0,0.0,0,0,0.0,slot_not_locked,,0,,0,0,,0,,0,,,,,,,,,,,,0,,,,
1.863097,idle,waiting_for_start,0,0,0,0,waiting_for_start,0,1785215004.5207121,1,1,0,82,searching_for_parked_cars,0,0,0,0,,,0,0,0,0,0,0,0,0,,,,-300.0,,0,,,,,,,,,0,0,0,0.0,0,lidar_slot_box_unavailable,0.0,0.0,0.0,,,,0,footprint_unavailable,,,,,0,NONE,0,0,0,0,0,,0.0,0.0,0,0,0.0,slot_not_locked,,0,,0,0,,0,,0,,,,,,,,,,,,0,,,,
1.940134,idle,waiting_for_start,0,0,0,0,waiting_for_start,0,1785215004.6330554,1,1,0,79,searching_for_parked_cars,0,0,0,0,,,0,0,0,0,0,0,0,0,,,,-300.0,,0,,,,,,,,,0,0,0,0.0,0,lidar_slot_box_unavailable,0.0,0.0,0.0,,,,0,footprint_unavailable,,,,,0,NONE,0,0,0,0,0,,0.0,0.0,0,0,0.0,slot_not_locked,,0,,0,0,,0,,0,,,,,,,,,,,,0,,,,
2.01788,idle,waiting_for_start,0,0,0,0,waiting_for_start,0,1785215004.6330554,0,1,0,79,searching_for_parked_cars,0,0,0,0,,,0,0,0,0,0,0,0,0,,,,-300.0,,0,,,,,,,,,0,0,0,0.0,0,lidar_slot_box_unavailable,0.0,0.0,0.0,,,,0,footprint_unavailable,,,,,0,NONE,0,0,0,0,0,,0.0,0.0,0,0,0.0,slot_not_locked,,0,,0,0,,0,,0,,,,,,,,,,,,0,,,,
2.09429,idle,waiting_for_start,0,0,0,0,waiting_for_start,0,1785215004.7443357,1,1,0,77,searching_for_parked_cars,0,0,0,0,,,0,0,0,0,0,0,0,0,,,,-300.0,,0,,,,,,,,,0,0,0,0.0,0,lidar_slot_box_unavailable,0.0,0.0,0.0,,,,0,footprint_unavailable,,,,,0,NONE,0,0,0,0,0,,0.0,0.0,0,0,0.0,slot_not_locked,,0,,0,0,,0,,0,,,,,,,,,,,,0,,,,
2.170448,idle,waiting_for_start,0,0,0,0,waiting_for_start,0,1785215004.8580554,1,1,0,83,searching_for_parked_cars,0,0,0,0,,,0,0,0,0,0,0,0,0,,,,-300.0,,0,,,,,,,,,0,0,0,0.0,0,lidar_slot_box_unavailable,0.0,0.0,0.0,,,,0,footprint_unavailable,,,,,0,NONE,0,0,0,0,0,,0.0,0.0,0,0,0.0,slot_not_locked,,0,,0,0,,0,,0,,,,,,,,,,,,0,,,,
2.247154,idle,waiting_for_start,0,0,0,0,waiting_for_start,0,1785215004.8580554,0,1,0,83,searching_for_parked_cars,0,0,0,0,,,0,0,0,0,0,0,0,0,,,,-300.0,,0,,,,,,,,,0,0,0,0.0,0,lidar_slot_box_unavailable,0.0,0.0,0.0,,,,0,footprint_unavailable,,,,,0,NONE,0,0,0,0,0,,0.0,0.0,0,0,0.0,slot_not_locked,,0,,0,0,,0,,0,,,,,,,,,,,,0,,,,
2.324172,idle,waiting_for_start,0,0,0,0,waiting_for_start,0,1785215004.9701405,1,1,0,82,searching_for_parked_cars,0,0,0,0,,,0,0,0,0,0,0,0,0,,,,-300.0,,0,,,,,,,,,0,0,0,0.0,0,lidar_slot_box_unavailable,0.0,0.0,0.0,,,,0,footprint_unavailable,,,,,0,NONE,0,0,0,0,0,,0.0,0.0,0,0,0.0,slot_not_locked,,0,,0,0,,0,,0,,,,,,,,,,,,0,,,,
2.401878,idle,waiting_for_start,0,0,0,0,waiting_for_start,0,1785215005.080768,1,1,0,78,searching_for_parked_cars,0,0,0,0,,,0,0,0,0,0,0,0,0,,,,-300.0,,0,,,,,,,,,0,0,0,0.0,0,lidar_slot_box_unavailable,0.0,0.0,0.0,,,,0,footprint_unavailable,,,,,0,NONE,0,0,0,0,0,,0.0,0.0,0,0,0.0,slot_not_locked,,0,,0,0,,0,,0,,,,,,,,,,,,0,,,,
2.48069,idle,waiting_for_start,0,0,0,0,waiting_for_start,0,1785215005.191884,1,1,0,84,searching_for_parked_cars,0,0,0,0,,,0,0,0,0,0,0,0,0,,,,-300.0,,0,,,,,,,,,0,0,0,0.0,0,lidar_slot_box_unavailable,0.0,0.0,0.0,,,,0,footprint_unavailable,,,,,0,NONE,0,0,0,0,0,,0.0,0.0,0,0,0.0,slot_not_locked,,0,,0,0,,0,,0,,,,,,,,,,,,0,,,,
2.558715,idle,waiting_for_start,0,0,0,0,waiting_for_start,0,1785215005.191884,0,1,0,84,searching_for_parked_cars,0,0,0,0,,,0,0,0,0,0,0,0,0,,,,-300.0,,0,,,,,,,,,0,0,0,0.0,0,lidar_slot_box_unavailable,0.0,0.0,0.0,,,,0,footprint_unavailable,,,,,0,NONE,0,0,0,0,0,,0.0,0.0,0,0,0.0,slot_not_locked,,0,,0,0,,0,,0,,,,,,,,,,,,0,,,,
2.651967,idle,waiting_for_start,0,0,0,0,waiting_for_start,0,1785215005.3040893,1,1,0,79,searching_for_parked_cars,0,0,0,0,,,0,0,0,0,0,0,0,0,,,,-300.0,,0,,,,,,,,,0,0,0,0.0,0,lidar_slot_box_unavailable,0.0,0.0,0.0,,,,0,footprint_unavailable,,,,,0,NONE,0,0,0,0,0,,0.0,0.0,0,0,0.0,slot_not_locked,,0,,0,0,,0,,0,,,,,,,,,,,,0,,,,
2.730173,idle,waiting_for_start,0,0,0,0,waiting_for_start,0,1785215005.4189065,1,1,0,82,searching_for_parked_cars,0,0,0,0,,,0,0,0,0,0,0,0,0,,,,-300.0,,0,,,,,,,,,0,0,0,0.0,0,lidar_slot_box_unavailable,0.0,0.0,0.0,,,,0,footprint_unavailable,,,,,0,NONE,0,0,0,0,0,,0.0,0.0,0,0,0.0,slot_not_locked,,0,,0,0,,0,,0,,,,,,,,,,,,0,,,,
2.808619,idle,waiting_for_start,0,0,0,0,waiting_for_start,0,1785215005.5298421,1,1,0,79,searching_for_parked_cars,0,0,0,0,,,0,0,0,0,0,0,0,0,,,,-300.0,,0,,,,,,,,,0,0,0,0.0,0,lidar_slot_box_unavailable,0.0,0.0,0.0,,,,0,footprint_unavailable,,,,,0,NONE,0,0,0,0,0,,0.0,0.0,0,0,0.0,slot_not_locked,,0,,0,0,,0,,0,,,,,,,,,,,,0,,,,
2.885742,idle,waiting_for_start,0,0,0,0,waiting_for_start,0,1785215005.5298421,0,1,0,79,searching_for_parked_cars,0,0,0,0,,,0,0,0,0,0,0,0,0,,,,-300.0,,0,,,,,,,,,0,0,0,0.0,0,lidar_slot_box_unavailable,0.0,0.0,0.0,,,,0,footprint_unavailable,,,,,0,NONE,0,0,0,0,0,,0.0,0.0,0,0,0.0,slot_not_locked,,0,,0,0,,0,,0,,,,,,,,,,,,0,,,,
2.963666,idle,waiting_for_start,0,0,0,0,waiting_for_start,0,1785215005.640852,1,1,0,79,searching_for_parked_cars,0,0,0,0,,,0,0,0,0,0,0,0,0,,,,-300.0,,0,,,,,,,,,0,0,0,0.0,0,lidar_slot_box_unavailable,0.0,0.0,0.0,,,,0,footprint_unavailable,,,,,0,NONE,0,0,0,0,0,,0.0,0.0,0,0,0.0,slot_not_locked,,0,,0,0,,0,,0,,,,,,,,,,,,0,,,,
3.04053,idle,waiting_for_start,0,0,0,0,waiting_for_start,0,1785215005.7520626,1,1,0,80,searching_for_parked_cars,0,0,0,0,,,0,0,0,0,0,0,0,0,,,,-300.0,,0,,,,,,,,,0,0,0,0.0,0,lidar_slot_box_unavailable,0.0,0.0,0.0,,,,0,footprint_unavailable,,,,,0,NONE,0,0,0,0,0,,0.0,0.0,0,0,0.0,slot_not_locked,,0,,0,0,,0,,0,,,,,,,,,,,,0,,,,
3.118449,idle,waiting_for_start,0,0,0,0,waiting_for_start,0,1785215005.7520626,0,1,0,80,searching_for_parked_cars,0,0,0,0,,,0,0,0,0,0,0,0,0,,,,-300.0,,0,,,,,,,,,0,0,0,0.0,0,lidar_slot_box_unavailable,0.0,0.0,0.0,,,,0,footprint_unavailable,,,,,0,NONE,0,0,0,0,0,,0.0,0.0,0,0,0.0,slot_not_locked,,0,,0,0,,0,,0,,,,,,,,,,,,0,,,,
3.195218,idle,waiting_for_start,0,0,0,0,waiting_for_start,0,1785215005.8632557,1,1,0,81,searching_for_parked_cars,0,0,0,0,,,0,0,0,0,0,0,0,0,,,,-300.0,,0,,,,,,,,,0,0,0,0.0,0,lidar_slot_box_unavailable,0.0,0.0,0.0,,,,0,footprint_unavailable,,,,,0,NONE,0,0,0,0,0,,0.0,0.0,0,0,0.0,slot_not_locked,,0,,0,0,,0,,0,,,,,,,,,,,,0,,,,
3.273362,idle,waiting_for_start,0,0,0,0,waiting_for_start,0,1785215005.9783144,1,1,0,80,searching_for_parked_cars,0,0,0,0,,,0,0,0,0,0,0,0,0,,,,-300.0,,0,,,,,,,,,0,0,0,0.0,0,lidar_slot_box_unavailable,0.0,0.0,0.0,,,,0,footprint_unavailable,,,,,0,NONE,0,0,0,0,0,,0.0,0.0,0,0,0.0,slot_not_locked,,0,,0,0,,0,,0,,,,,,,,,,,,0,,,,
3.349087,idle,waiting_for_start,0,0,0,0,waiting_for_start,0,1785215005.9783144,0,1,0,80,searching_for_parked_cars,0,0,0,0,,,0,0,0,0,0,0,0,0,,,,-300.0,,0,,,,,,,,,0,0,0,0.0,0,lidar_slot_box_unavailable,0.0,0.0,0.0,,,,0,footprint_unavailable,,,,,0,NONE,0,0,0,0,0,,0.0,0.0,0,0,0.0,slot_not_locked,,0,,0,0,,0,,0,,,,,,,,,,,,0,,,,
3.424681,idle,waiting_for_start,0,0,0,0,waiting_for_start,0,1785215006.0898724,1,1,0,75,searching_for_parked_cars,0,0,0,0,,,0,0,0,0,0,0,0,0,,,,-300.0,,0,,,,,,,,,0,0,0,0.0,0,lidar_slot_box_unavailable,0.0,0.0,0.0,,,,0,footprint_unavailable,,,,,0,NONE,0,0,0,0,0,,0.0,0.0,0,0,0.0,slot_not_locked,,0,,0,0,,0,,0,,,,,,,,,,,,0,,,,
3.502347,idle,waiting_for_start,0,0,0,0,waiting_for_start,0,1785215006.2013278,1,1,0,82,searching_for_parked_cars,0,0,0,0,,,0,0,0,0,0,0,0,0,,,,-300.0,,0,,,,,,,,,0,0,0,0.0,0,lidar_slot_box_unavailable,0.0,0.0,0.0,,,,0,footprint_unavailable,,,,,0,NONE,0,0,0,0,0,,0.0,0.0,0,0,0.0,slot_not_locked,,0,,0,0,,0,,0,,,,,,,,,,,,0,,,,
3.579229,idle,waiting_for_start,0,0,0,0,waiting_for_start,0,1785215006.2013278,0,1,0,82,searching_for_parked_cars,0,0,0,0,,,0,0,0,0,0,0,0,0,,,,-300.0,,0,,,,,,,,,0,0,0,0.0,0,lidar_slot_box_unavailable,0.0,0.0,0.0,,,,0,footprint_unavailable,,,,,0,NONE,0,0,0,0,0,,0.0,0.0,0,0,0.0,slot_not_locked,,0,,0,0,,0,,0,,,,,,,,,,,,0,,,,
3.655297,idle,waiting_for_start,0,0,0,0,waiting_for_start,0,1785215006.3121204,1,1,0,80,searching_for_parked_cars,0,0,0,0,,,0,0,0,0,0,0,0,0,,,,-300.0,,0,,,,,,,,,0,0,0,0.0,0,lidar_slot_box_unavailable,0.0,0.0,0.0,,,,0,footprint_unavailable,,,,,0,NONE,0,0,0,0,0,,0.0,0.0,0,0,0.0,slot_not_locked,,0,,0,0,,0,,0,,,,,,,,,,,,0,,,,
3.732012,idle,waiting_for_start,0,0,0,0,waiting_for_start,0,1785215006.4242377,1,1,0,81,searching_for_parked_cars,0,0,0,0,,,0,0,0,0,0,0,0,0,,,,-300.0,,0,,,,,,,,,0,0,0,0.0,0,lidar_slot_box_unavailable,0.0,0.0,0.0,,,,0,footprint_unavailable,,,,,0,NONE,0,0,0,0,0,,0.0,0.0,0,0,0.0,slot_not_locked,,0,,0,0,,0,,0,,,,,,,,,,,,0,,,,
3.823904,idle,waiting_for_start,0,0,0,0,waiting_for_start,0,1785215006.5354242,1,1,0,81,searching_for_parked_cars,0,0,0,0,,,0,0,0,0,0,0,0,0,,,,-300.0,,0,,,,,,,,,0,0,0,0.0,0,lidar_slot_box_unavailable,0.0,0.0,0.0,,,,0,footprint_unavailable,,,,,0,NONE,0,0,0,0,0,,0.0,0.0,0,0,0.0,slot_not_locked,,0,,0,0,,0,,0,,,,,,,,,,,,0,,,,
3.915849,idle,waiting_for_start,0,0,0,0,waiting_for_start,0,1785215006.5354242,0,1,0,81,searching_for_parked_cars,0,0,0,0,,,0,0,0,0,0,0,0,0,,,,-300.0,,0,,,,,,,,,0,0,0,0.0,0,lidar_slot_box_unavailable,0.0,0.0,0.0,,,,0,footprint_unavailable,,,,,0,NONE,0,0,0,0,0,,0.0,0.0,0,0,0.0,slot_not_locked,,0,,0,0,,0,,0,,,,,,,,,,,,0,,,,
3.993328,idle,waiting_for_start,0,0,0,0,waiting_for_start,0,1785215006.650422,1,1,0,77,searching_for_parked_cars,0,0,0,0,,,0,0,0,0,0,0,0,0,,,,-300.0,,0,,,,,,,,,0,0,0,0.0,0,lidar_slot_box_unavailable,0.0,0.0,0.0,,,,0,footprint_unavailable,,,,,0,NONE,0,0,0,0,0,,0.0,0.0,0,0,0.0,slot_not_locked,,0,,0,0,,0,,0,,,,,,,,,,,,0,,,,
4.089021,idle,waiting_for_start,0,0,0,0,waiting_for_start,0,1785215006.7608063,1,1,0,81,searching_for_parked_cars,0,0,0,0,,,0,0,0,0,0,0,0,0,,,,-300.0,,0,,,,,,,,,0,0,0,0.0,0,lidar_slot_box_unavailable,0.0,0.0,0.0,,,,0,footprint_unavailable,,,,,0,NONE,0,0,0,0,0,,0.0,0.0,0,0,0.0,slot_not_locked,,0,,0,0,,0,,0,,,,,,,,,,,,0,,,,
4.166809,idle,waiting_for_start,0,0,0,0,waiting_for_start,0,1785215006.8734887,1,1,0,80,searching_for_parked_cars,0,0,0,0,,,0,0,0,0,0,0,0,0,,,,-300.0,,0,,,,,,,,,0,0,0,0.0,0,lidar_slot_box_unavailable,0.0,0.0,0.0,,,,0,footprint_unavailable,,,,,0,NONE,0,0,0,0,0,,0.0,0.0,0,0,0.0,slot_not_locked,,0,,0,0,,0,,0,,,,,,,,,,,,0,,,,
4.261085,idle,waiting_for_start,0,0,0,0,waiting_for_start,0,1785215006.8734887,0,1,0,80,searching_for_parked_cars,0,0,0,0,,,0,0,0,0,0,0,0,0,,,,-300.0,,0,,,,,,,,,0,0,0,0.0,0,lidar_slot_box_unavailable,0.0,0.0,0.0,,,,0,footprint_unavailable,,,,,0,NONE,0,0,0,0,0,,0.0,0.0,0,0,0.0,slot_not_locked,,0,,0,0,,0,,0,,,,,,,,,,,,0,,,,
4.338643,idle,waiting_for_start,0,0,0,0,waiting_for_start,0,1785215006.9843876,1,1,0,77,searching_for_parked_cars,0,0,0,0,,,0,0,0,0,0,0,0,0,,,,-300.0,,0,,,,,,,,,0,0,0,0.0,0,lidar_slot_box_unavailable,0.0,0.0,0.0,,,,0,footprint_unavailable,,,,,0,NONE,0,0,0,0,0,,0.0,0.0,0,0,0.0,slot_not_locked,,0,,0,0,,0,,0,,,,,,,,,,,,0,,,,
4.415992,idle,waiting_for_start,0,0,0,0,waiting_for_start,0,1785215007.0953012,1,1,0,78,searching_for_parked_cars,0,0,0,0,,,0,0,0,0,0,0,0,0,,,,-300.0,,0,,,,,,,,,0,0,0,0.0,0,lidar_slot_box_unavailable,0.0,0.0,0.0,,,,0,footprint_unavailable,,,,,0,NONE,0,0,0,0,0,,0.0,0.0,0,0,0.0,slot_not_locked,,0,,0,0,,0,,0,,,,,,,,,,,,0,,,,
4.493823,idle,waiting_for_start,0,0,0,0,waiting_for_start,0,1785215007.2067037,1,1,0,83,searching_for_parked_cars,0,0,0,0,,,0,0,0,0,0,0,0,0,,,,-300.0,,0,,,,,,,,,0,0,0,0.0,0,lidar_slot_box_unavailable,0.0,0.0,0.0,,,,0,footprint_unavailable,,,,,0,NONE,0,0,0,0,0,,0.0,0.0,0,0,0.0,slot_not_locked,,0,,0,0,,0,,0,,,,,,,,,,,,0,,,,
4.585994,idle,waiting_for_start,0,0,0,0,waiting_for_start,0,1785215007.2067037,0,1,0,83,searching_for_parked_cars,0,0,0,0,,,0,0,0,0,0,0,0,0,,,,-300.0,,0,,,,,,,,,0,0,0,0.0,0,lidar_slot_box_unavailable,0.0,0.0,0.0,,,,0,footprint_unavailable,,,,,0,NONE,0,0,0,0,0,,0.0,0.0,0,0,0.0,slot_not_locked,,0,,0,0,,0,,0,,,,,,,,,,,,0,,,,
4.663695,idle,waiting_for_start,0,0,0,0,waiting_for_start,0,1785215007.321398,1,1,0,83,searching_for_parked_cars,0,0,0,0,,,0,0,0,0,0,0,0,0,,,,-300.0,,0,,,,,,,,,0,0,0,0.0,0,lidar_slot_box_unavailable,0.0,0.0,0.0,,,,0,footprint_unavailable,,,,,0,NONE,0,0,0,0,0,,0.0,0.0,0,0,0.0,slot_not_locked,,0,,0,0,,0,,0,,,,,,,,,,,,0,,,,
4.740762,idle,waiting_for_start,0,0,0,0,waiting_for_start,0,1785215007.4326432,1,1,0,79,searching_for_parked_cars,0,0,0,0,,,0,0,0,0,0,0,0,0,,,,-300.0,,0,,,,,,,,,0,0,0,0.0,0,lidar_slot_box_unavailable,0.0,0.0,0.0,,,,0,footprint_unavailable,,,,,0,NONE,0,0,0,0,0,,0.0,0.0,0,0,0.0,slot_not_locked,,0,,0,0,,0,,0,,,,,,,,,,,,0,,,,
4.817819,idle,waiting_for_start,0,0,0,0,waiting_for_start,0,1785215007.4326432,0,1,0,79,searching_for_parked_cars,0,0,0,0,,,0,0,0,0,0,0,0,0,,,,-300.0,,0,,,,,,,,,0,0,0,0.0,0,lidar_slot_box_unavailable,0.0,0.0,0.0,,,,0,footprint_unavailable,,,,,0,NONE,0,0,0,0,0,,0.0,0.0,0,0,0.0,slot_not_locked,,0,,0,0,,0,,0,,,,,,,,,,,,0,,,,
4.897122,idle,waiting_for_start,0,0,0,0,waiting_for_start,0,1785215007.5447736,1,1,0,80,searching_for_parked_cars,0,0,0,0,,,0,0,0,0,0,0,0,0,,,,-300.0,,0,,,,,,,,,0,0,0,0.0,0,lidar_slot_box_unavailable,0.0,0.0,0.0,,,,0,footprint_unavailable,,,,,0,NONE,0,0,0,0,0,,0.0,0.0,0,0,0.0,slot_not_locked,,0,,0,0,,0,,0,,,,,,,,,,,,0,,,,
4.974739,idle,waiting_for_start,0,0,0,0,waiting_for_start,0,1785215007.6553547,1,1,0,79,searching_for_parked_cars,0,0,0,0,,,0,0,0,0,0,0,0,0,,,,-300.0,,0,,,,,,,,,0,0,0,0.0,0,lidar_slot_box_unavailable,0.0,0.0,0.0,,,,0,footprint_unavailable,,,,,0,NONE,0,0,0,0,0,,0.0,0.0,0,0,0.0,slot_not_locked,,0,,0,0,,0,,0,,,,,,,,,,,,0,,,,
5.053036,idle,waiting_for_start,0,0,0,0,waiting_for_start,0,1785215007.7676463,1,1,0,83,searching_for_parked_cars,0,0,0,0,,,0,0,0,0,0,0,0,0,,,,-300.0,,0,,,,,,,,,0,0,0,0.0,0,lidar_slot_box_unavailable,0.0,0.0,0.0,,,,0,footprint_unavailable,,,,,0,NONE,0,0,0,0,0,,0.0,0.0,0,0,0.0,slot_not_locked,,0,,0,0,,0,,0,,,,,,,,,,,,0,,,,
5.127817,search_cars,start_forward_rollout,100,-25,100,-25,start_forward_rollout,0,1785215007.7676463,1,1,0,83,searching_for_parked_cars,0,0,0,0,,,0,0,0,0,0,0,0,0,,,,-300.0,,0,,,,,,,,,0,0,0,0.0,0,lidar_slot_box_unavailable,0.0,0.0,0.0,,,,0,footprint_unavailable,,,,,0,NONE,0,0,0,0,0,,0.0,0.0,0,0,0.0,slot_not_locked,,0,,0,0,,0,,0,,,,,,,,,,,,0,,,,
5.210795,search_cars,start_forward_rollout,100,-25,100,-25,start_forward_rollout,0,1785215007.881433,1,1,0,78,searching_for_parked_cars,0,0,0,0,,,0,0,0,0,0,0,0,0,,,,-300.0,,0,,,,,,,,,0,0,0,0.0,0,lidar_slot_box_unavailable,0.0,0.0,0.0,,,,0,footprint_unavailable,,,,,0,NONE,0,0,0,0,0,,0.0,0.0,0,0,0.0,slot_not_locked,,0,,0,0,,0,,0,,,,,,,,,,,,0,,,,
5.287705,search_cars,start_forward_rollout,100,-25,100,-25,start_forward_rollout,0,1785215007.9926262,1,1,0,81,searching_for_parked_cars,0,0,0,0,,,0,0,0,0,0,0,0,0,,,,-300.0,,0,,,,,,,,,0,0,0,0.0,0,lidar_slot_box_unavailable,0.0,0.0,0.0,,,,0,footprint_unavailable,,,,,0,NONE,0,0,0,0,0,,0.0,0.0,0,0,0.0,slot_not_locked,,0,,0,0,,0,,0,,,,,,,,,,,,0,,,,
5.364345,search_cars,start_forward_rollout,100,-25,100,-25,start_forward_rollout,0,1785215007.9926262,0,1,0,81,searching_for_parked_cars,0,0,0,0,,,0,0,0,0,0,0,0,0,,,,-300.0,,0,,,,,,,,,0,0,0,0.0,0,lidar_slot_box_unavailable,0.0,0.0,0.0,,,,0,footprint_unavailable,,,,,0,NONE,0,0,0,0,0,,0.0,0.0,0,0,0.0,slot_not_locked,,0,,0,0,,0,,0,,,,,,,,,,,,0,,,,
5.442502,search_cars,start_forward_rollout,100,-25,100,-25,start_forward_rollout,0,1785215008.104576,1,1,0,74,searching_for_parked_cars,0,0,0,0,,,0,0,0,0,0,0,0,0,,,,-300.0,,0,,,,,,,,,0,0,0,0.0,0,lidar_slot_box_unavailable,0.0,0.0,0.0,,,,0,footprint_unavailable,,,,,0,NONE,0,0,0,0,0,,0.0,0.0,0,0,0.0,slot_not_locked,,0,,0,0,,0,,0,,,,,,,,,,,,0,,,,
5.520521,search_cars,start_forward_rollout,100,-25,100,-25,start_forward_rollout,0,1785215008.2157714,1,1,0,75,searching_for_parked_cars,0,0,0,0,,,0,0,0,0,0,0,0,0,,,,-300.0,,0,,,,,,,,,0,0,0,0.0,0,lidar_slot_box_unavailable,0.0,0.0,0.0,,,,0,footprint_unavailable,,,,,0,NONE,0,0,0,0,0,,0.0,0.0,0,0,0.0,slot_not_locked,,0,,0,0,,0,,0,,,,,,,,,,,,0,,,,
5.600069,search_cars,start_forward_rollout,100,-25,100,-25,start_forward_rollout,0,1785215008.2157714,0,1,0,75,searching_for_parked_cars,0,0,0,0,,,0,0,0,0,0,0,0,0,,,,-300.0,,0,,,,,,,,,0,0,0,0.0,0,lidar_slot_box_unavailable,0.0,0.0,0.0,,,,0,footprint_unavailable,,,,,0,NONE,0,0,0,0,0,,0.0,0.0,0,0,0.0,slot_not_locked,,0,,0,0,,0,,0,,,,,,,,,,,,0,,,,
5.677945,search_cars,start_forward_rollout,100,-25,100,-25,start_forward_rollout,0,1785215008.3298564,1,1,0,74,searching_for_parked_cars,0,0,0,0,,,0,0,0,0,0,0,0,0,,,,-300.0,,0,,,,,,,,,0,0,0,0.0,0,lidar_slot_box_unavailable,0.0,0.0,0.0,,,,0,footprint_unavailable,,,,,0,NONE,0,0,0,0,0,,0.0,0.0,0,0,0.0,slot_not_locked,,0,,0,0,,0,,0,,,,,,,,,,,,0,,,,
5.757397,search_cars,start_forward_rollout,100,-25,100,-25,start_forward_rollout,0,1785215008.4415455,1,1,0,73,searching_for_parked_cars,0,0,0,0,,,0,0,0,0,0,0,0,0,,,,-300.0,,0,,,,,,,,,0,0,0,0.0,0,lidar_slot_box_unavailable,0.0,0.0,0.0,,,,0,footprint_unavailable,,,,,0,NONE,0,0,0,0,0,,0.0,0.0,0,0,0.0,slot_not_locked,,0,,0,0,,0,,0,,,,,,,,,,,,0,,,,
5.850665,search_cars,start_forward_rollout,100,-25,100,-25,start_forward_rollout,0,1785215008.5528088,1,1,0,71,searching_for_parked_cars,0,0,0,0,,,0,0,0,0,0,0,0,0,,,,-300.0,,0,,,,,,,,,0,0,0,0.0,0,lidar_slot_box_unavailable,0.0,0.0,0.0,,,,0,footprint_unavailable,,,,,0,NONE,0,0,0,0,0,,0.0,0.0,0,0,0.0,slot_not_locked,,0,,0,0,,0,,0,,,,,,,,,,,,0,,,,
5.929014,search_cars,searching_for_parked_cars,100,-25,100,-25,searching_for_parked_cars,0,1785215008.5528088,0,1,0,71,searching_for_parked_cars,0,0,0,0,,,0,0,0,0,0,0,0,0,,,,-300.0,,0,,,,,,,,,0,0,0,0.0,0,lidar_slot_box_unavailable,0.0,0.0,0.0,,,,0,footprint_unavailable,,,,,0,NONE,0,0,0,0,0,,0.0,0.0,0,0,0.0,slot_not_locked,,0,,0,0,,0,,0,,,,,,,,,,,,0,,,,
6.006374,search_cars,searching_for_parked_cars,100,-25,100,-25,searching_for_parked_cars,0,1785215008.6647394,1,1,0,64,searching_for_parked_cars,0,0,0,0,,,0,0,0,0,0,0,0,0,,,,-300.0,,0,,,,,,,,,0,0,0,0.0,0,lidar_slot_box_unavailable,0.0,0.0,0.0,,,,0,footprint_unavailable,,,,,0,NONE,0,0,0,0,0,,0.0,0.0,0,0,0.0,slot_not_locked,,0,,0,0,,0,,0,,,,,,,,,,,,0,,,,
6.084338,search_cars,searching_for_parked_cars,100,-25,100,-25,searching_for_parked_cars,0,1785215008.7747846,1,1,0,66,searching_for_parked_cars,0,0,0,0,,,0,0,0,0,0,0,0,0,,,,-300.0,,0,,,,,,,,,0,0,0,0.0,0,lidar_slot_box_unavailable,0.0,0.0,0.0,,,,0,footprint_unavailable,,,,,0,NONE,0,0,0,0,0,,0.0,0.0,0,0,0.0,slot_not_locked,,0,,0,0,,0,,0,,,,,,,,,,,,0,,,,
6.16205,search_cars,searching_for_parked_cars,100,-25,100,-25,searching_for_parked_cars,0,1785215008.7747846,0,1,0,66,searching_for_parked_cars,0,0,0,0,,,0,0,0,0,0,0,0,0,,,,-300.0,,0,,,,,,,,,0,0,0,0.0,0,lidar_slot_box_unavailable,0.0,0.0,0.0,,,,0,footprint_unavailable,,,,,0,NONE,0,0,0,0,0,,0.0,0.0,0,0,0.0,slot_not_locked,,0,,0,0,,0,,0,,,,,,,,,,,,0,,,,
6.240725,search_cars,searching_for_parked_cars,100,-25,100,-25,searching_for_parked_cars,0,1785215008.8897362,1,1,0,70,searching_for_parked_cars,0,0,0,0,,,0,0,0,0,0,0,0,0,,,,-300.0,,0,,,,,,,,,0,0,0,0.0,0,lidar_slot_box_unavailable,0.0,0.0,0.0,,,,0,footprint_unavailable,,,,,0,NONE,0,0,0,0,0,,0.0,0.0,0,0,0.0,slot_not_locked,,0,,0,0,,0,,0,,,,,,,,,,,,0,,,,
6.317185,search_cars,searching_for_parked_cars,100,-25,100,-25,searching_for_parked_cars,0,1785215009.001934,1,1,0,65,searching_for_parked_cars,0,0,0,0,,,0,0,0,0,0,0,0,0,,,,-300.0,,0,,,,,,,,,0,0,0,0.0,0,lidar_slot_box_unavailable,0.0,0.0,0.0,,,,0,footprint_unavailable,,,,,0,NONE,0,0,0,0,0,,0.0,0.0,0,0,0.0,slot_not_locked,,0,,0,0,,0,,0,,,,,,,,,,,,0,,,,
6.394985,search_cars,searching_for_parked_cars,100,-25,100,-25,searching_for_parked_cars,0,1785215009.112584,1,1,0,62,searching_for_parked_cars,0,0,0,0,,,0,0,0,0,0,0,0,0,,,,-300.0,,0,,,,,,,,,0,0,0,0.0,0,lidar_slot_box_unavailable,0.0,0.0,0.0,,,,0,footprint_unavailable,,,,,0,NONE,0,0,0,0,0,,0.0,0.0,0,0,0.0,slot_not_locked,,0,,0,0,,0,,0,,,,,,,,,,,,0,,,,
6.471871,search_cars,searching_for_parked_cars,100,-25,100,-25,searching_for_parked_cars,0,1785215009.112584,0,1,0,62,searching_for_parked_cars,0,0,0,0,,,0,0,0,0,0,0,0,0,,,,-300.0,,0,,,,,,,,,0,0,0,0.0,0,lidar_slot_box_unavailable,0.0,0.0,0.0,,,,0,footprint_unavailable,,,,,0,NONE,0,0,0,0,0,,0.0,0.0,0,0,0.0,slot_not_locked,,0,,0,0,,0,,0,,,,,,,,,,,,0,,,,
6.548792,search_cars,searching_for_parked_cars,100,-25,100,-25,searching_for_parked_cars,0,1785215009.2253146,1,1,0,58,searching_for_parked_cars,0,0,0,0,,,0,0,0,0,0,0,0,0,,,,-300.0,,0,,,,,,,,,0,0,0,0.0,0,lidar_slot_box_unavailable,0.0,0.0,0.0,,,,0,footprint_unavailable,,,,,0,NONE,0,0,0,0,0,,0.0,0.0,0,0,0.0,slot_not_locked,,0,,0,0,,0,,0,,,,,,,,,,,,0,,,,
6.626123,search_cars,searching_for_parked_cars,100,-25,100,-25,searching_for_parked_cars,0,1785215009.335252,1,1,0,62,searching_for_parked_cars,0,0,0,0,,,0,0,0,0,0,0,0,0,,,,-300.0,,0,,,,,,,,,0,0,0,0.0,0,lidar_slot_box_unavailable,0.0,0.0,0.0,,,,0,footprint_unavailable,,,,,0,NONE,0,0,0,0,0,,0.0,0.0,0,0,0.0,slot_not_locked,,0,,0,0,,0,,0,,,,,,,,,,,,0,,,,
6.720177,search_cars,searching_for_parked_cars,100,-25,100,-25,searching_for_parked_cars,0,1785215009.335252,0,1,0,62,searching_for_parked_cars,0,0,0,0,,,0,0,0,0,0,0,0,0,,,,-300.0,,0,,,,,,,,,0,0,0,0.0,0,lidar_slot_box_unavailable,0.0,0.0,0.0,,,,0,footprint_unavailable,,,,,0,NONE,0,0,0,0,0,,0.0,0.0,0,0,0.0,slot_not_locked,,0,,0,0,,0,,0,,,,,,,,,,,,0,,,,
6.796392,search_cars,searching_for_parked_cars,100,-25,100,-25,searching_for_parked_cars,0,1785215009.450533,1,1,0,57,searching_for_parked_cars,0,0,0,0,,,0,0,0,0,0,0,0,0,,,,-300.0,,0,,,,,,,,,0,0,0,0.0,0,lidar_slot_box_unavailable,0.0,0.0,0.0,,,,0,footprint_unavailable,,,,,0,NONE,0,0,0,0,0,,0.0,0.0,0,0,0.0,slot_not_locked,,0,,0,0,,0,,0,,,,,,,,,,,,0,,,,
6.889255,search_cars,searching_for_parked_cars,100,-25,100,-25,searching_for_parked_cars,0,1785215009.5622733,1,1,0,51,searching_for_parked_cars,0,0,0,0,,,0,0,0,0,0,0,0,0,,,,-300.0,,0,,,,,,,,,0,0,0,0.0,0,lidar_slot_box_unavailable,0.0,0.0,0.0,,,,0,footprint_unavailable,,,,,0,NONE,0,0,0,0,0,,0.0,0.0,0,0,0.0,slot_not_locked,,0,,0,0,,0,,0,,,,,,,,,,,,0,,,,
6.966543,search_cars,searching_for_parked_cars,100,-25,100,-25,searching_for_parked_cars,0,1785215009.6734993,1,1,0,52,searching_for_parked_cars,0,0,0,0,,,0,0,0,0,0,0,0,0,,,,-300.0,,0,,,,,,,,,0,0,0,0.0,0,lidar_slot_box_unavailable,0.0,0.0,0.0,,,,0,footprint_unavailable,,,,,0,NONE,0,0,0,0,0,,0.0,0.0,0,0,0.0,slot_not_locked,,0,,0,0,,0,,0,,,,,,,,,,,,0,,,,
7.046802,search_cars,searching_for_parked_cars,100,-25,100,-25,searching_for_parked_cars,0,1785215009.6734993,0,1,0,52,searching_for_parked_cars,0,0,0,0,,,0,0,0,0,0,0,0,0,,,,-300.0,,0,,,,,,,,,0,0,0,0.0,0,lidar_slot_box_unavailable,0.0,0.0,0.0,,,,0,footprint_unavailable,,,,,0,NONE,0,0,0,0,0,,0.0,0.0,0,0,0.0,slot_not_locked,,0,,0,0,,0,,0,,,,,,,,,,,,0,,,,
7.123181,search_cars,searching_for_parked_cars,100,-25,100,-25,searching_for_parked_cars,0,1785215009.7854922,1,1,0,55,searching_for_parked_cars,0,0,0,0,,,0,0,0,0,0,0,0,0,,,,-300.0,,0,,,,,,,,,0,0,0,0.0,0,lidar_slot_box_unavailable,0.0,0.0,0.0,,,,0,footprint_unavailable,,,,,0,NONE,0,0,0,0,0,,0.0,0.0,0,0,0.0,slot_not_locked,,0,,0,0,,0,,0,,,,,,,,,,,,0,,,,
7.200494,search_cars,searching_for_parked_cars,100,-25,100,-25,searching_for_parked_cars,0,1785215009.8960059,1,1,0,54,searching_for_parked_cars,0,0,0,0,,,0,0,0,0,0,0,0,0,,,,-300.0,,0,,,,,,,,,0,0,0,0.0,0,lidar_slot_box_unavailable,0.0,0.0,0.0,,,,0,footprint_unavailable,,,,,0,NONE,0,0,0,0,0,,0.0,0.0,0,0,0.0,slot_not_locked,,0,,0,0,,0,,0,,,,,,,,,,,,0,,,,
7.280135,search_cars,searching_for_parked_cars,100,-25,100,-25,searching_for_parked_cars,0,1785215009.8960059,0,1,0,54,searching_for_parked_cars,0,0,0,0,,,0,0,0,0,0,0,0,0,,,,-300.0,,0,,,,,,,,,0,0,0,0.0,0,lidar_slot_box_unavailable,0.0,0.0,0.0,,,,0,footprint_unavailable,,,,,0,NONE,0,0,0,0,0,,0.0,0.0,0,0,0.0,slot_not_locked,,0,,0,0,,0,,0,,,,,,,,,,,,0,,,,
7.358372,search_cars,searching_for_parked_cars,100,-25,100,-25,searching_for_parked_cars,0,1785215010.008121,1,1,0,49,searching_for_parked_cars,0,0,0,0,,,0,0,0,0,0,0,0,0,,,,-300.0,,0,,,,,,,,,0,0,0,0.0,0,lidar_slot_box_unavailable,0.0,0.0,0.0,,,,0,footprint_unavailable,,,,,0,NONE,0,0,0,0,0,,0.0,0.0,0,0,0.0,slot_not_locked,,0,,0,0,,0,,0,,,,,,,,,,,,0,,,,
7.435289,search_cars,searching_for_parked_cars,100,-25,100,-25,searching_for_parked_cars,0,1785215010.1216154,1,1,0,52,searching_for_parked_cars,0,0,0,0,,,0,0,0,0,0,0,0,0,,,,-300.0,,0,,,,,,,,,0,0,0,0.0,0,lidar_slot_box_unavailable,0.0,0.0,0.0,,,,0,footprint_unavailable,,,,,0,NONE,0,0,0,0,0,,0.0,0.0,0,0,0.0,slot_not_locked,,0,,0,0,,0,,0,,,,,,,,,,,,0,,,,
7.512318,search_cars,searching_for_parked_cars,100,-25,100,-25,searching_for_parked_cars,0,1785215010.2334323,1,1,0,49,searching_for_parked_cars,0,0,0,0,,,0,0,0,0,0,0,0,0,,,,-300.0,,0,,,,,,,,,0,0,0,0.0,0,lidar_slot_box_unavailable,0.0,0.0,0.0,,,,0,footprint_unavailable,,,,,0,NONE,0,0,0,0,0,,0.0,0.0,0,0,0.0,slot_not_locked,,0,,0,0,,0,,0,,,,,,,,,,,,0,,,,
7.59073,search_cars,searching_for_parked_cars,100,-25,100,-25,searching_for_parked_cars,0,1785215010.2334323,0,1,0,49,searching_for_parked_cars,0,0,0,0,,,0,0,0,0,0,0,0,0,,,,-300.0,,0,,,,,,,,,0,0,0,0.0,0,lidar_slot_box_unavailable,0.0,0.0,0.0,,,,0,footprint_unavailable,,,,,0,NONE,0,0,0,0,0,,0.0,0.0,0,0,0.0,slot_not_locked,,0,,0,0,,0,,0,,,,,,,,,,,,0,,,,
7.668005,search_cars,searching_for_parked_cars,100,-25,100,-25,searching_for_parked_cars,0,1785215010.343698,1,1,0,45,searching_for_parked_cars,0,0,0,0,,,0,0,0,0,0,0,0,0,,,,-300.0,,0,,,,,,,,,0,0,0,0.0,0,lidar_slot_box_unavailable,0.0,0.0,0.0,,,,0,footprint_unavailable,,,,,0,NONE,0,0,0,0,0,,0.0,0.0,0,0,0.0,slot_not_locked,,0,,0,0,,0,,0,,,,,,,,,,,,0,,,,
7.745092,search_cars,searching_for_parked_cars,100,-25,100,-25,searching_for_parked_cars,0,1785215010.4553072,1,1,0,50,searching_for_parked_cars,0,0,0,0,,,0,0,0,0,0,0,0,0,,,,-300.0,,0,,,,,,,,,0,0,0,0.0,0,lidar_slot_box_unavailable,0.0,0.0,0.0,,,,0,footprint_unavailable,,,,,0,NONE,0,0,0,0,0,,0.0,0.0,0,0,0.0,slot_not_locked,,0,,0,0,,0,,0,,,,,,,,,,,,0,,,,
7.823461,search_cars,searching_for_parked_cars,100,-25,100,-25,searching_for_parked_cars,0,1785215010.4553072,0,1,0,50,searching_for_parked_cars,0,0,0,0,,,0,0,0,0,0,0,0,0,,,,-300.0,,0,,,,,,,,,0,0,0,0.0,0,lidar_slot_box_unavailable,0.0,0.0,0.0,,,,0,footprint_unavailable,,,,,0,NONE,0,0,0,0,0,,0.0,0.0,0,0,0.0,slot_not_locked,,0,,0,0,,0,,0,,,,,,,,,,,,0,,,,
7.901466,search_cars,searching_for_parked_cars,100,-25,100,-25,searching_for_parked_cars,0,1785215010.5707414,1,1,0,44,searching_for_parked_cars,0,0,0,0,,,0,0,0,0,0,0,0,0,,,,-300.0,,0,,,,,,,,,0,0,0,0.0,0,lidar_slot_box_unavailable,0.0,0.0,0.0,,,,0,footprint_unavailable,,,,,0,NONE,0,0,0,0,0,,0.0,0.0,0,0,0.0,slot_not_locked,,0,,0,0,,0,,0,,,,,,,,,,,,0,,,,
7.977452,search_cars,searching_for_parked_cars,100,-25,100,-25,searching_for_parked_cars,0,1785215010.6812494,1,1,0,35,searching_for_parked_cars,0,0,0,0,,,0,0,0,0,0,0,0,0,,,,-300.0,,0,,,,,,,,,0,0,0,0.0,0,lidar_slot_box_unavailable,0.0,0.0,0.0,,,,0,footprint_unavailable,,,,,0,NONE,0,0,0,0,0,,0.0,0.0,0,0,0.0,slot_not_locked,,0,,0,0,,0,,0,,,,,,,,,,,,0,,,,
8.055852,search_cars,searching_for_parked_cars,100,-25,100,-25,searching_for_parked_cars,0,1785215010.6812494,0,1,0,35,searching_for_parked_cars,0,0,0,0,,,0,0,0,0,0,0,0,0,,,,-300.0,,0,,,,,,,,,0,0,0,0.0,0,lidar_slot_box_unavailable,0.0,0.0,0.0,,,,0,footprint_unavailable,,,,,0,NONE,0,0,0,0,0,,0.0,0.0,0,0,0.0,slot_not_locked,,0,,0,0,,0,,0,,,,,,,,,,,,0,,,,
8.133505,search_cars,searching_for_parked_cars,100,-25,100,-25,searching_for_parked_cars,0,1785215010.7938879,1,1,0,36,searching_for_parked_cars,0,0,0,0,,,0,0,0,0,0,0,0,0,,,,-300.0,,0,,,,,,,,,0,0,0,0.0,0,lidar_slot_box_unavailable,0.0,0.0,0.0,,,,0,footprint_unavailable,,,,,0,NONE,0,0,0,0,0,,0.0,0.0,0,0,0.0,slot_not_locked,,0,,0,0,,0,,0,,,,,,,,,,,,0,,,,
8.211358,search_cars,searching_for_parked_cars,100,-25,100,-25,searching_for_parked_cars,0,1785215010.9042323,1,1,0,35,searching_for_parked_cars,0,0,0,0,,,0,0,0,0,0,0,0,0,,,,-300.0,,0,,,,,,,,,0,0,0,0.0,0,lidar_slot_box_unavailable,0.0,0.0,0.0,,,,0,footprint_unavailable,,,,,0,NONE,0,0,0,0,0,,0.0,0.0,0,0,0.0,slot_not_locked,,0,,0,0,,0,,0,,,,,,,,,,,,0,,,,
8.288097,search_cars,searching_for_parked_cars,100,-25,100,-25,searching_for_parked_cars,0,1785215010.9042323,0,1,0,35,searching_for_parked_cars,0,0,0,0,,,0,0,0,0,0,0,0,0,,,,-300.0,,0,,,,,,,,,0,0,0,0.0,0,lidar_slot_box_unavailable,0.0,0.0,0.0,,,,0,footprint_unavailable,,,,,0,NONE,0,0,0,0,0,,0.0,0.0,0,0,0.0,slot_not_locked,,0,,0,0,,0,,0,,,,,,,,,,,,0,,,,
8.36633,search_cars,searching_for_parked_cars,100,-25,100,-25,searching_for_parked_cars,0,1785215011.016256,1,1,0,33,searching_for_parked_cars,0,0,0,0,,,0,0,0,0,0,0,0,0,,,,-300.0,,0,,,,,,,,,0,0,0,0.0,0,lidar_slot_box_unavailable,0.0,0.0,0.0,,,,0,footprint_unavailable,,,,,0,NONE,0,0,0,0,0,,0.0,0.0,0,0,0.0,slot_not_locked,,0,,0,0,,0,,0,,,,,,,,,,,,0,,,,
8.442872,search_cars,searching_for_parked_cars,100,-25,100,-25,searching_for_parked_cars,0,1785215011.129955,1,1,0,37,searching_for_parked_cars,0,0,0,0,,,0,0,0,0,0,0,0,0,,,,-300.0,,0,,,,,,,,,0,0,0,0.0,0,lidar_slot_box_unavailable,0.0,0.0,0.0,,,,0,footprint_unavailable,,,,,0,NONE,0,0,0,0,0,,0.0,0.0,0,0,0.0,slot_not_locked,,0,,0,0,,0,,0,,,,,,,,,,,,0,,,,
8.52142,search_cars,searching_for_parked_cars,100,-25,100,-25,searching_for_parked_cars,0,1785215011.2413576,1,1,0,30,searching_for_parked_cars,0,0,0,0,,,0,0,0,0,0,0,0,0,,,,-300.0,,0,,,,,,,,,0,0,0,0.0,0,lidar_slot_box_unavailable,0.0,0.0,0.0,,,,0,footprint_unavailable,,,,,0,NONE,0,0,0,0,0,,0.0,0.0,0,0,0.0,slot_not_locked,,0,,0,0,,0,,0,,,,,,,,,,,,0,,,,
8.597557,search_cars,searching_for_parked_cars,100,-25,100,-25,searching_for_parked_cars,0,1785215011.2413576,0,1,0,30,searching_for_parked_cars,0,0,0,0,,,0,0,0,0,0,0,0,0,,,,-300.0,,0,,,,,,,,,0,0,0,0.0,0,lidar_slot_box_unavailable,0.0,0.0,0.0,,,,0,footprint_unavailable,,,,,0,NONE,0,0,0,0,0,,0.0,0.0,0,0,0.0,slot_not_locked,,0,,0,0,,0,,0,,,,,,,,,,,,0,,,,
8.692028,search_cars,searching_for_parked_cars,100,-25,100,-25,searching_for_parked_cars,0,1785215011.3530526,1,1,0,35,searching_for_parked_cars,0,0,0,0,,,0,0,0,0,0,0,0,0,,,,-300.0,,0,,,,,,,,,0,0,0,0.0,0,lidar_slot_box_unavailable,0.0,0.0,0.0,,,,0,footprint_unavailable,,,,,0,NONE,0,0,0,0,0,,0.0,0.0,0,0,0.0,slot_not_locked,,0,,0,0,,0,,0,,,,,,,,,,,,0,,,,
8.768422,search_cars,searching_for_parked_cars,100,-25,100,-25,searching_for_parked_cars,0,1785215011.46517,1,1,0,31,searching_for_parked_cars,0,0,0,0,,,0,0,0,0,0,0,0,0,,,,-300.0,,0,,,,,,,,,0,0,0,0.0,0,lidar_slot_box_unavailable,0.0,0.0,0.0,,,,0,footprint_unavailable,,,,,0,NONE,0,0,0,0,0,,0.0,0.0,0,0,0.0,slot_not_locked,,0,,0,0,,0,,0,,,,,,,,,,,,0,,,,
8.847055,search_cars,searching_for_parked_cars,100,-25,100,-25,searching_for_parked_cars,0,1785215011.46517,0,1,0,31,searching_for_parked_cars,0,0,0,0,,,0,0,0,0,0,0,0,0,,,,-300.0,,0,,,,,,,,,0,0,0,0.0,0,lidar_slot_box_unavailable,0.0,0.0,0.0,,,,0,footprint_unavailable,,,,,0,NONE,0,0,0,0,0,,0.0,0.0,0,0,0.0,slot_not_locked,,0,,0,0,,0,,0,,,,,,,,,,,,0,,,,
8.923968,search_cars,searching_for_parked_cars,100,-25,100,-25,searching_for_parked_cars,0,1785215011.5766377,1,1,0,27,searching_for_parked_cars,0,0,0,0,,,0,0,0,0,0,0,0,0,,,,-300.0,,0,,,,,,,,,0,0,0,0.0,0,lidar_slot_box_unavailable,0.0,0.0,0.0,,,,0,footprint_unavailable,,,,,0,NONE,0,0,0,0,0,,0.0,0.0,0,0,0.0,slot_not_locked,,0,,0,0,,0,,0,,,,,,,,,,,,0,,,,
9.001063,search_cars,searching_for_parked_cars,100,-25,100,-25,searching_for_parked_cars,0,1785215011.689754,1,1,0,32,searching_for_parked_cars,0,0,0,0,,,0,0,0,0,0,0,0,0,,,,-300.0,,0,,,,,,,,,0,0,0,0.0,0,lidar_slot_box_unavailable,0.0,0.0,0.0,,,,0,footprint_unavailable,,,,,0,NONE,0,0,0,0,0,,0.0,0.0,0,0,0.0,slot_not_locked,,0,,0,0,,0,,0,,,,,,,,,,,,0,,,,
9.079566,search_cars,searching_for_parked_cars,100,-25,100,-25,searching_for_parked_cars,0,1785215011.689754,0,1,0,32,searching_for_parked_cars,0,0,0,0,,,0,0,0,0,0,0,0,0,,,,-300.0,,0,,,,,,,,,0,0,0,0.0,0,lidar_slot_box_unavailable,0.0,0.0,0.0,,,,0,footprint_unavailable,,,,,0,NONE,0,0,0,0,0,,0.0,0.0,0,0,0.0,slot_not_locked,,0,,0,0,,0,,0,,,,,,,,,,,,0,,,,
9.156806,search_cars,searching_for_parked_cars,100,-25,100,-25,searching_for_parked_cars,0,1785215011.801684,1,1,0,22,searching_for_parked_cars,0,0,0,0,,,0,0,0,0,0,0,0,0,,,,-300.0,,0,,,,,,,,,0,0,0,0.0,0,lidar_slot_box_unavailable,0.0,0.0,0.0,,,,0,footprint_unavailable,,,,,0,NONE,0,0,0,0,0,,0.0,0.0,0,0,0.0,slot_not_locked,,0,,0,0,,0,,0,,,,,,,,,,,,0,,,,
9.233573,search_cars,searching_for_parked_cars,100,-25,100,-25,searching_for_parked_cars,0,1785215011.9128954,1,1,0,18,searching_for_parked_cars,0,0,0,0,,,0,0,0,0,0,0,0,0,,,,-300.0,,0,,,,,,,,,0,0,0,0.0,0,lidar_slot_box_unavailable,0.0,0.0,0.0,,,,0,footprint_unavailable,,,,,0,NONE,0,0,0,0,0,,0.0,0.0,0,0,0.0,slot_not_locked,,0,,0,0,,0,,0,,,,,,,,,,,,0,,,,
9.310647,search_cars,searching_for_parked_cars,100,-25,100,-25,searching_for_parked_cars,0,1785215012.0250812,1,1,0,22,searching_for_parked_cars,0,0,0,0,,,0,0,0,0,0,0,0,0,,,,-300.0,,0,,,,,,,,,0,0,0,0.0,0,lidar_slot_box_unavailable,0.0,0.0,0.0,,,,0,footprint_unavailable,,,,,0,NONE,0,0,0,0,0,,0.0,0.0,0,0,0.0,slot_not_locked,,0,,0,0,,0,,0,,,,,,,,,,,,0,,,,
9.387342,search_cars,searching_for_parked_cars,100,-25,100,-25,searching_for_parked_cars,0,1785215012.0250812,0,1,0,22,searching_for_parked_cars,0,0,0,0,,,0,0,0,0,0,0,0,0,,,,-300.0,,0,,,,,,,,,0,0,0,0.0,0,lidar_slot_box_unavailable,0.0,0.0,0.0,,,,0,footprint_unavailable,,,,,0,NONE,0,0,0,0,0,,0.0,0.0,0,0,0.0,slot_not_locked,,0,,0,0,,0,,0,,,,,,,,,,,,0,,,,
9.462835,search_cars,searching_for_parked_cars,100,-25,100,-25,searching_for_parked_cars,0,1785215012.135785,1,1,0,17,searching_for_parked_cars,0,0,0,0,,,0,0,0,0,0,0,0,0,,,,-300.0,,0,,,,,,,,,0,0,0,0.0,0,lidar_slot_box_unavailable,0.0,0.0,0.0,,,,0,footprint_unavailable,,,,,0,NONE,0,0,0,0,0,,0.0,0.0,0,0,0.0,slot_not_locked,,0,,0,0,,0,,0,,,,,,,,,,,,0,,,,
9.537414,search_cars,searching_for_parked_cars,100,-25,100,-25,searching_for_parked_cars,0,1785215012.2499275,1,1,0,22,searching_for_parked_cars,0,0,0,0,,,0,0,0,0,0,0,0,0,,,,-300.0,,0,,,,,,,,,0,0,0,0.0,0,lidar_slot_box_unavailable,0.0,0.0,0.0,,,,0,footprint_unavailable,,,,,0,NONE,0,0,0,0,0,,0.0,0.0,0,0,0.0,slot_not_locked,,0,,0,0,,0,,0,,,,,,,,,,,,0,,,,
9.614558,search_cars,searching_for_parked_cars,100,-25,100,-25,searching_for_parked_cars,0,1785215012.2499275,0,1,0,22,searching_for_parked_cars,0,0,0,0,,,0,0,0,0,0,0,0,0,,,,-300.0,,0,,,,,,,,,0,0,0,0.0,0,lidar_slot_box_unavailable,0.0,0.0,0.0,,,,0,footprint_unavailable,,,,,0,NONE,0,0,0,0,0,,0.0,0.0,0,0,0.0,slot_not_locked,,0,,0,0,,0,,0,,,,,,,,,,,,0,,,,
9.692428,search_cars,searching_for_parked_cars,100,-25,100,-25,searching_for_parked_cars,0,1785215012.362503,1,1,0,17,searching_for_parked_cars,0,0,0,0,,,0,0,0,0,0,0,0,0,,,,-300.0,,0,,,,,,,,,0,0,0,0.0,0,lidar_slot_box_unavailable,0.0,0.0,0.0,,,,0,footprint_unavailable,,,,,0,NONE,0,0,0,0,0,,0.0,0.0,0,0,0.0,slot_not_locked,,0,,0,0,,0,,0,,,,,,,,,,,,0,,,,
9.785115,search_cars,searching_for_parked_cars,100,-25,100,-25,searching_for_parked_cars,0,1785215012.4727402,1,1,0,27,searching_for_parked_cars,0,0,0,0,,,0,0,0,0,0,0,0,0,,,,-300.0,,0,,,,,,,,,0,0,0,0.0,0,lidar_slot_box_unavailable,0.0,0.0,0.0,,,,0,footprint_unavailable,,,,,0,NONE,0,0,0,0,0,,0.0,0.0,0,0,0.0,slot_not_locked,,0,,0,0,,0,,0,,,,,,,,,,,,0,,,,
9.863198,search_cars,searching_for_parked_cars,100,-25,100,-25,searching_for_parked_cars,0,1785215012.5845506,1,1,0,20,searching_for_parked_cars,0,0,0,0,,,0,0,0,0,0,0,0,0,,,,-300.0,,0,,,,,,,,,0,0,0,0.0,0,lidar_slot_box_unavailable,0.0,0.0,0.0,,,,0,footprint_unavailable,,,,,0,NONE,0,0,0,0,0,,0.0,0.0,0,0,0.0,slot_not_locked,,0,,0,0,,0,,0,,,,,,,,,,,,0,,,,
9.941682,search_cars,searching_for_parked_cars,100,-25,100,-25,searching_for_parked_cars,0,1785215012.5845506,0,1,0,20,searching_for_parked_cars,0,0,0,0,,,0,0,0,0,0,0,0,0,,,,-300.0,,0,,,,,,,,,0,0,0,0.0,0,lidar_slot_box_unavailable,0.0,0.0,0.0,,,,0,footprint_unavailable,,,,,0,NONE,0,0,0,0,0,,0.0,0.0,0,0,0.0,slot_not_locked,,0,,0,0,,0,,0,,,,,,,,,,,,0,,,,
10.01885,search_cars,searching_for_parked_cars,100,-25,100,-25,searching_for_parked_cars,0,1785215012.6961374,1,1,0,26,searching_for_parked_cars,0,0,0,0,,,0,0,0,0,0,0,0,0,,,,-300.0,,0,,,,,,,,,0,0,0,0.0,0,lidar_slot_box_unavailable,0.0,0.0,0.0,,,,0,footprint_unavailable,,,,,0,NONE,0,0,0,0,0,,0.0,0.0,0,0,0.0,slot_not_locked,,0,,0,0,,0,,0,,,,,,,,,,,,0,,,,
10.094455,search_cars,searching_for_parked_cars,100,-25,100,-25,searching_for_parked_cars,0,1785215012.810301,1,1,0,17,searching_for_parked_cars,0,0,0,0,,,0,0,0,0,0,0,0,0,,,,-300.0,,0,,,,,,,,,0,0,0,0.0,0,lidar_slot_box_unavailable,0.0,0.0,0.0,,,,0,footprint_unavailable,,,,,0,NONE,0,0,0,0,0,,0.0,0.0,0,0,0.0,slot_not_locked,,0,,0,0,,0,,0,,,,,,,,,,,,0,,,,
10.172282,search_cars,searching_for_parked_cars,100,-25,100,-25,searching_for_parked_cars,0,1785215012.810301,0,1,0,17,searching_for_parked_cars,0,0,0,0,,,0,0,0,0,0,0,0,0,,,,-300.0,,0,,,,,,,,,0,0,0,0.0,0,lidar_slot_box_unavailable,0.0,0.0,0.0,,,,0,footprint_unavailable,,,,,0,NONE,0,0,0,0,0,,0.0,0.0,0,0,0.0,slot_not_locked,,0,,0,0,,0,,0,,,,,,,,,,,,0,,,,
10.250603,search_cars,searching_for_parked_cars,100,-25,100,-25,searching_for_parked_cars,0,1785215012.921696,1,1,0,24,searching_for_parked_cars,0,0,0,0,,,0,0,0,0,0,0,0,0,,,,-300.0,,0,,,,,,,,,0,0,0,0.0,0,lidar_slot_box_unavailable,0.0,0.0,0.0,,,,0,footprint_unavailable,,,,,0,NONE,0,0,0,0,0,,0.0,0.0,0,0,0.0,slot_not_locked,,0,,0,0,,0,,0,,,,,,,,,,,,0,,,,
10.328168,search_cars,searching_for_parked_cars,100,-25,100,-25,searching_for_parked_cars,0,1785215013.033666,1,1,0,27,searching_for_parked_cars,0,0,0,0,,,0,0,0,0,0,0,0,0,,,,-300.0,,0,,,,,,,,,0,0,0,0.0,0,lidar_slot_box_unavailable,0.0,0.0,0.0,,,,0,footprint_unavailable,,,,,0,NONE,0,0,0,0,0,,0.0,0.0,0,0,0.0,slot_not_locked,,0,,0,0,,0,,0,,,,,,,,,,,,0,,,,
10.405282,search_cars,searching_for_parked_cars,100,-25,100,-25,searching_for_parked_cars,0,1785215013.033666,0,1,0,27,searching_for_parked_cars,0,0,0,0,,,0,0,0,0,0,0,0,0,,,,-300.0,,0,,,,,,,,,0,0,0,0.0,0,lidar_slot_box_unavailable,0.0,0.0,0.0,,,,0,footprint_unavailable,,,,,0,NONE,0,0,0,0,0,,0.0,0.0,0,0,0.0,slot_not_locked,,0,,0,0,,0,,0,,,,,,,,,,,,0,,,,
10.482623,search_cars,searching_for_parked_cars,100,-25,100,-25,searching_for_parked_cars,0,1785215013.1445234,1,1,0,23,searching_for_parked_cars,0,0,0,0,,,0,0,0,0,0,0,0,0,,,,-300.0,,0,,,,,,,,,0,0,0,0.0,0,lidar_slot_box_unavailable,0.0,0.0,0.0,,,,0,footprint_unavailable,,,,,0,NONE,0,0,0,0,0,,0.0,0.0,0,0,0.0,slot_not_locked,,0,,0,0,,0,,0,,,,,,,,,,,,0,,,,
10.561812,search_cars,first_car_seen:waiting_for_confirmation,100,-25,100,-25,first_car_seen:waiting_for_confirmation,0,1785215013.2586524,1,1,0,29,one_parked_car,1,1,0,0,2082.894,-2732.894,0,0,0,0,0,0,0,0,,,,-300.0,,0,,,,,,,,,0,0,0,0.0,0,lidar_slot_box_unavailable,0.0,0.0,0.0,,,,0,footprint_unavailable,,,,,0,NONE,0,0,0,0,0,,0.0,0.0,0,0,0.0,slot_not_locked,,0,,0,0,,0,,0,,,,,,,,,,,,0,,,,
10.640376,search_cars,first_car_seen:waiting_for_confirmation,100,-25,100,-25,first_car_seen:waiting_for_confirmation,0,1785215013.2586524,0,1,0,29,one_parked_car,1,1,0,0,2082.894,-2732.894,0,0,0,0,0,0,0,0,,,,-300.0,,0,,,,,,,,,0,0,0,0.0,0,lidar_slot_box_unavailable,0.0,0.0,0.0,,,,0,footprint_unavailable,,,,,0,NONE,0,0,0,0,0,,0.0,0.0,0,0,0.0,slot_not_locked,,0,,0,0,,0,,0,,,,,,,,,,,,0,,,,
10.716416,search_cars,searching_for_parked_cars,100,-25,100,-25,searching_for_parked_cars,0,1785215013.3705516,1,1,0,27,searching_for_parked_cars,0,0,0,0,,,0,0,0,0,0,0,0,0,,,,-300.0,,0,,,,,,,,,0,0,0,0.0,0,lidar_slot_box_unavailable,0.0,0.0,0.0,,,,0,footprint_unavailable,,,,,0,NONE,0,0,0,0,0,,0.0,0.0,0,0,0.0,slot_not_locked,,0,,0,0,,0,,0,,,,,,,,,,,,0,,,,
10.795602,search_cars,searching_for_parked_cars,100,-25,100,-25,searching_for_parked_cars,0,1785215013.4816763,1,1,0,21,searching_for_parked_cars,0,0,0,0,,,0,0,0,0,0,0,0,0,,,,-300.0,,0,,,,,,,,,0,0,0,0.0,0,lidar_slot_box_unavailable,0.0,0.0,0.0,,,,0,footprint_unavailable,,,,,0,NONE,0,0,0,0,0,,0.0,0.0,0,0,0.0,slot_not_locked,,0,,0,0,,0,,0,,,,,,,,,,,,0,,,,
10.872989,search_cars,searching_for_parked_cars,100,-25,100,-25,searching_for_parked_cars,0,1785215013.5940735,1,1,0,19,searching_for_parked_cars,0,0,0,0,,,0,0,0,0,0,0,0,0,,,,-300.0,,0,,,,,,,,,0,0,0,0.0,0,lidar_slot_box_unavailable,0.0,0.0,0.0,,,,0,footprint_unavailable,,,,,0,NONE,0,0,0,0,0,,0.0,0.0,0,0,0.0,slot_not_locked,,0,,0,0,,0,,0,,,,,,,,,,,,0,,,,
10.950701,search_cars,searching_for_parked_cars,100,-25,100,-25,searching_for_parked_cars,0,1785215013.5940735,0,1,0,19,searching_for_parked_cars,0,0,0,0,,,0,0,0,0,0,0,0,0,,,,-300.0,,0,,,,,,,,,0,0,0,0.0,0,lidar_slot_box_unavailable,0.0,0.0,0.0,,,,0,footprint_unavailable,,,,,0,NONE,0,0,0,0,0,,0.0,0.0,0,0,0.0,slot_not_locked,,0,,0,0,,0,,0,,,,,,,,,,,,0,,,,
11.028209,search_cars,searching_for_parked_cars,100,-25,100,-25,searching_for_parked_cars,0,1785215013.7048223,1,1,0,20,searching_for_parked_cars,0,0,0,0,,,0,0,0,0,0,0,0,0,,,,-300.0,,0,,,,,,,,,0,0,0,0.0,0,lidar_slot_box_unavailable,0.0,0.0,0.0,,,,0,footprint_unavailable,,,,,0,NONE,0,0,0,0,0,,0.0,0.0,0,0,0.0,slot_not_locked,,0,,0,0,,0,,0,,,,,,,,,,,,0,,,,
11.106103,search_cars,searching_for_parked_cars,100,-25,100,-25,searching_for_parked_cars,0,1785215013.8154588,1,1,0,14,searching_for_parked_cars,0,0,0,0,,,0,0,0,0,0,0,0,0,,,,-300.0,,0,,,,,,,,,0,0,0,0.0,0,lidar_slot_box_unavailable,0.0,0.0,0.0,,,,0,footprint_unavailable,,,,,0,NONE,0,0,0,0,0,,0.0,0.0,0,0,0.0,slot_not_locked,,0,,0,0,,0,,0,,,,,,,,,,,,0,,,,
11.184669,search_cars,searching_for_parked_cars,100,-25,100,-25,searching_for_parked_cars,0,1785215013.8154588,0,1,0,14,searching_for_parked_cars,0,0,0,0,,,0,0,0,0,0,0,0,0,,,,-300.0,,0,,,,,,,,,0,0,0,0.0,0,lidar_slot_box_unavailable,0.0,0.0,0.0,,,,0,footprint_unavailable,,,,,0,NONE,0,0,0,0,0,,0.0,0.0,0,0,0.0,slot_not_locked,,0,,0,0,,0,,0,,,,,,,,,,,,0,,,,
11.26149,search_cars,searching_for_parked_cars,100,-25,100,-25,searching_for_parked_cars,0,1785215013.9300563,1,1,0,19,searching_for_parked_cars,0,0,0,0,,,0,0,0,0,0,0,0,0,,,,-300.0,,0,,,,,,,,,0,0,0,0.0,0,lidar_slot_box_unavailable,0.0,0.0,0.0,,,,0,footprint_unavailable,,,,,0,NONE,0,0,0,0,0,,0.0,0.0,0,0,0.0,slot_not_locked,,0,,0,0,,0,,0,,,,,,,,,,,,0,,,,
11.338685,search_cars,searching_for_parked_cars,100,-25,100,-25,searching_for_parked_cars,0,1785215014.0425942,1,1,0,18,searching_for_parked_cars,0,0,0,0,,,0,0,0,0,0,0,0,0,,,,-300.0,,0,,,,,,,,,0,0,0,0.0,0,lidar_slot_box_unavailable,0.0,0.0,0.0,,,,0,footprint_unavailable,,,,,0,NONE,0,0,0,0,0,,0.0,0.0,0,0,0.0,slot_not_locked,,0,,0,0,,0,,0,,,,,,,,,,,,0,,,,
11.419332,search_cars,searching_for_parked_cars,100,-25,100,-25,searching_for_parked_cars,0,1785215014.0425942,0,1,0,18,searching_for_parked_cars,0,0,0,0,,,0,0,0,0,0,0,0,0,,,,-300.0,,0,,,,,,,,,0,0,0,0.0,0,lidar_slot_box_unavailable,0.0,0.0,0.0,,,,0,footprint_unavailable,,,,,0,NONE,0,0,0,0,0,,0.0,0.0,0,0,0.0,slot_not_locked,,0,,0,0,,0,,0,,,,,,,,,,,,0,,,,
11.49911,search_cars,searching_for_parked_cars,100,-25,100,-25,searching_for_parked_cars,0,1785215014.1534095,1,1,0,18,searching_for_parked_cars,0,0,0,0,,,0,0,0,0,0,0,0,0,,,,-300.0,,0,,,,,,,,,0,0,0,0.0,0,lidar_slot_box_unavailable,0.0,0.0,0.0,,,,0,footprint_unavailable,,,,,0,NONE,0,0,0,0,0,,0.0,0.0,0,0,0.0,slot_not_locked,,0,,0,0,,0,,0,,,,,,,,,,,,0,,,,
11.576224,search_cars,searching_for_parked_cars,100,-25,100,-25,searching_for_parked_cars,0,1785215014.2641902,1,1,0,18,searching_for_parked_cars,0,0,0,0,,,0,0,0,0,0,0,0,0,,,,-300.0,,0,,,,,,,,,0,0,0,0.0,0,lidar_slot_box_unavailable,0.0,0.0,0.0,,,,0,footprint_unavailable,,,,,0,NONE,0,0,0,0,0,,0.0,0.0,0,0,0.0,slot_not_locked,,0,,0,0,,0,,0,,,,,,,,,,,,0,,,,
11.654663,search_cars,searching_for_parked_cars,100,-25,100,-25,searching_for_parked_cars,0,1785215014.2641902,0,1,0,18,searching_for_parked_cars,0,0,0,0,,,0,0,0,0,0,0,0,0,,,,-300.0,,0,,,,,,,,,0,0,0,0.0,0,lidar_slot_box_unavailable,0.0,0.0,0.0,,,,0,footprint_unavailable,,,,,0,NONE,0,0,0,0,0,,0.0,0.0,0,0,0.0,slot_not_locked,,0,,0,0,,0,,0,,,,,,,,,,,,0,,,,
11.73164,search_cars,searching_for_parked_cars,100,-25,100,-25,searching_for_parked_cars,0,1785215014.3771787,1,1,0,22,searching_for_parked_cars,0,0,0,0,,,0,0,0,0,0,0,0,0,,,,-300.0,,0,,,,,,,,,0,0,0,0.0,0,lidar_slot_box_unavailable,0.0,0.0,0.0,,,,0,footprint_unavailable,,,,,0,NONE,0,0,0,0,0,,0.0,0.0,0,0,0.0,slot_not_locked,,0,,0,0,,0,,0,,,,,,,,,,,,0,,,,
11.807608,search_cars,searching_for_parked_cars,100,-25,100,-25,searching_for_parked_cars,0,1785215014.489984,1,1,0,19,searching_for_parked_cars,0,0,0,0,,,0,0,0,0,0,0,0,0,,,,-300.0,,0,,,,,,,,,0,0,0,0.0,0,lidar_slot_box_unavailable,0.0,0.0,0.0,,,,0,footprint_unavailable,,,,,0,NONE,0,0,0,0,0,,0.0,0.0,0,0,0.0,slot_not_locked,,0,,0,0,,0,,0,,,,,,,,,,,,0,,,,
11.885981,search_cars,searching_for_parked_cars,100,-25,100,-25,searching_for_parked_cars,0,1785215014.6017594,1,1,0,21,searching_for_parked_cars,0,0,0,0,,,0,0,0,0,0,0,0,0,,,,-300.0,,0,,,,,,,,,0,0,0,0.0,0,lidar_slot_box_unavailable,0.0,0.0,0.0,,,,0,footprint_unavailable,,,,,0,NONE,0,0,0,0,0,,0.0,0.0,0,0,0.0,slot_not_locked,,0,,0,0,,0,,0,,,,,,,,,,,,0,,,,
11.963035,search_cars,searching_for_parked_cars,100,-25,100,-25,searching_for_parked_cars,0,1785215014.6017594,0,1,0,21,searching_for_parked_cars,0,0,0,0,,,0,0,0,0,0,0,0,0,,,,-300.0,,0,,,,,,,,,0,0,0,0.0,0,lidar_slot_box_unavailable,0.0,0.0,0.0,,,,0,footprint_unavailable,,,,,0,NONE,0,0,0,0,0,,0.0,0.0,0,0,0.0,slot_not_locked,,0,,0,0,,0,,0,,,,,,,,,,,,0,,,,
12.041008,search_cars,first_car_seen:waiting_for_confirmation,100,-25,100,-25,first_car_seen:waiting_for_confirmation,0,1785215014.7140439,1,1,0,27,one_parked_car,1,1,0,0,-237.691,-412.309,0,0,0,0,0,0,0,0,,,,-300.0,,0,,,,,,,,,0,0,0,0.0,0,lidar_slot_box_unavailable,0.0,0.0,0.0,,,,0,footprint_unavailable,,,,,0,NONE,0,0,0,0,0,,0.0,0.0,0,0,0.0,slot_not_locked,,0,,0,0,,0,,0,,,,,,,,,,,,0,,,,
12.116853,provisional_prealign,first_car_turn_reached:provisional_settle_max_left,0,-120,0,-120,first_car_turn_reached:provisional_settle_max_left,0,1785215014.8247445,1,1,0,22,tracking_first_car_to_rear_gate,1,1,1,1,-233.199,-416.801,0,0,0,0,0,0,0,0,,,,-300.0,,0,,,,,,,,,0,0,0,0.0,0,lidar_slot_box_unavailable,0.0,0.0,0.0,,,,0,footprint_unavailable,,,,,0,NONE,0,0,0,0,0,,0.0,0.0,0,0,0.0,slot_not_locked,,0,,0,0,,0,,0,,,,,,,,,,,,0,,,,
12.19354,provisional_prealign,steering_settle:provisional_prealign_waiting_for_second_car,0,-120,0,-120,steering_settle:provisional_prealign_waiting_for_second_car,0,1785215014.8247445,0,1,0,22,tracking_first_car_to_rear_gate,1,1,1,1,-233.199,-416.801,0,1,0,0,0,0,0,0,,,,-300.0,,0,,,,,,,,,0,0,0,0.0,0,lidar_slot_box_unavailable,0.0,0.0,0.0,,,,0,footprint_unavailable,,,,,0,NONE,0,0,0,0,0,,0.0,0.0,0,0,0.0,slot_not_locked,,0,,0,0,,0,,0,,,,,,,,,,,,0,,,,
12.271495,provisional_prealign,steering_settle:provisional_prealign_waiting_for_second_car,0,-120,0,-120,steering_settle:provisional_prealign_waiting_for_second_car,0,1785215014.9370034,1,1,0,29,tracking_first_car_to_rear_gate,1,1,1,1,-232.686,-417.314,0,1,0,0,0,0,0,0,,,,-300.0,,0,,,,,,,,,0,0,0,0.0,0,lidar_slot_box_unavailable,0.0,0.0,0.0,,,,0,footprint_unavailable,,,,,0,NONE,0,0,0,0,0,,0.0,0.0,0,0,0.0,slot_not_locked,,0,,0,0,,0,,0,,,,,,,,,,,,0,,,,
12.34793,provisional_prealign,steering_settle:provisional_prealign_waiting_for_second_car,0,-120,0,-120,steering_settle:provisional_prealign_waiting_for_second_car,0,1785215015.0507429,1,1,0,42,tracking_first_car_to_rear_gate,1,1,1,1,-221.024,-428.976,0,1,0,0,0,0,0,0,,,,-300.0,,0,,,,,,,,,0,0,0,0.0,0,lidar_slot_box_unavailable,0.0,0.0,0.0,,,,0,footprint_unavailable,,,,,0,NONE,0,0,0,0,0,,0.0,0.0,0,0,0.0,slot_not_locked,,0,,0,0,,0,,0,,,,,,,,,,,,0,,,,
12.426292,provisional_prealign,steering_settle:provisional_prealign_waiting_for_second_car,0,-120,0,-120,steering_settle:provisional_prealign_waiting_for_second_car,0,1785215015.0507429,0,1,0,42,tracking_first_car_to_rear_gate,1,1,1,1,-221.024,-428.976,0,1,0,0,0,0,0,0,,,,-300.0,,0,,,,,,,,,0,0,0,0.0,0,lidar_slot_box_unavailable,0.0,0.0,0.0,,,,0,footprint_unavailable,,,,,0,NONE,0,0,0,0,0,,0.0,0.0,0,0,0.0,slot_not_locked,,0,,0,0,,0,,0,,,,,,,,,,,,0,,,,
12.503449,provisional_prealign,steering_settle:provisional_prealign_waiting_for_second_car,0,-120,0,-120,steering_settle:provisional_prealign_waiting_for_second_car,0,1785215015.1617744,1,1,0,34,tracking_first_car_to_rear_gate,1,1,1,1,-212.836,-437.164,0,1,0,0,0,0,0,0,,,,-300.0,,0,,,,,,,,,0,0,0,0.0,0,lidar_slot_box_unavailable,0.0,0.0,0.0,,,,0,footprint_unavailable,,,,,0,NONE,0,0,0,0,0,,0.0,0.0,0,0,0.0,slot_not_locked,,0,,0,0,,0,,0,,,,,,,,,,,,0,,,,
12.581,provisional_prealign,provisional_prealign_waiting_for_second_car,35,-120,35,-120,provisional_prealign_waiting_for_second_car,0,1785215015.2738435,1,1,0,33,tracking_first_car_to_rear_gate,1,1,1,1,-201.475,-448.525,0,1,0,0,0,0,0,0,,,,-300.0,,0,,,,,,,,,0,0,0,0.0,0,lidar_slot_box_unavailable,0.0,0.0,0.0,,,,0,footprint_unavailable,,,,,0,NONE,0,0,0,0,0,,0.0,0.0,0,0,0.0,slot_not_locked,,0,,0,0,,0,,0,,,,,,,,,,,,0,,,,
12.656798,provisional_prealign,provisional_prealign_waiting_for_second_car,35,-120,35,-120,provisional_prealign_waiting_for_second_car,0,1785215015.2738435,0,1,0,33,tracking_first_car_to_rear_gate,1,1,1,1,-201.475,-448.525,0,1,0,0,0,0,0,0,,,,-300.0,,0,,,,,,,,,0,0,0,0.0,0,lidar_slot_box_unavailable,0.0,0.0,0.0,,,,0,footprint_unavailable,,,,,0,NONE,0,0,0,0,0,,0.0,0.0,0,0,0.0,slot_not_locked,,0,,0,0,,0,,0,,,,,,,,,,,,0,,,,
12.732207,provisional_prealign,provisional_prealign_waiting_for_second_car,35,-120,35,-120,provisional_prealign_waiting_for_second_car,0,1785215015.3857827,1,1,0,29,tracking_first_car_to_rear_gate,1,1,1,1,-230.641,-419.359,0,1,0,0,0,0,0,0,,,,-300.0,,0,,,,,,,,,0,0,0,0.0,0,lidar_slot_box_unavailable,0.0,0.0,0.0,,,,0,footprint_unavailable,,,,,0,NONE,0,0,0,0,0,,0.0,0.0,0,0,0.0,slot_not_locked,,0,,0,0,,0,,0,,,,,,,,,,,,0,,,,
12.810722,provisional_prealign,provisional_prealign_waiting_for_second_car,35,-120,35,-120,provisional_prealign_waiting_for_second_car,0,1785215015.4958787,1,1,0,29,tracking_first_car_to_rear_gate,1,1,1,1,-218.182,-431.818,0,1,0,0,0,0,0,0,,,,-300.0,,0,,,,,,,,,0,0,0,0.0,0,lidar_slot_box_unavailable,0.0,0.0,0.0,,,,0,footprint_unavailable,,,,,0,NONE,0,0,0,0,0,,0.0,0.0,0,0,0.0,slot_not_locked,,0,,0,0,,0,,0,,,,,,,,,,,,0,,,,
12.886553,provisional_prealign,provisional_prealign_waiting_for_second_car,35,-120,35,-120,provisional_prealign_waiting_for_second_car,0,1785215015.6077824,1,1,0,32,tracking_first_car_to_rear_gate,1,1,1,1,-198.857,-451.143,0,1,0,0,0,0,0,0,,,,-300.0,,0,,,,,,,,,0,0,0,0.0,0,lidar_slot_box_unavailable,0.0,0.0,0.0,,,,0,footprint_unavailable,,,,,0,NONE,0,0,0,0,0,,0.0,0.0,0,0,0.0,slot_not_locked,,0,,0,0,,0,,0,,,,,,,,,,,,0,,,,
12.965147,provisional_prealign,provisional_prealign_waiting_for_second_car,35,-120,35,-120,provisional_prealign_waiting_for_second_car,0,1785215015.6077824,0,1,0,32,tracking_first_car_to_rear_gate,1,1,1,1,-198.857,-451.143,0,1,0,0,0,0,0,0,,,,-300.0,,0,,,,,,,,,0,0,0,0.0,0,lidar_slot_box_unavailable,0.0,0.0,0.0,,,,0,footprint_unavailable,,,,,0,NONE,0,0,0,0,0,,0.0,0.0,0,0,0.0,slot_not_locked,,0,,0,0,,0,,0,,,,,,,,,,,,0,,,,
13.04202,provisional_prealign,provisional_prealign_waiting_for_second_car,35,-120,35,-120,provisional_prealign_waiting_for_second_car,0,1785215015.7219608,1,1,0,28,tracking_first_car_to_rear_gate,1,1,1,1,-219.991,-430.009,0,1,0,0,0,0,0,0,,,,-300.0,,0,,,,,,,,,0,0,0,0.0,0,lidar_slot_box_unavailable,0.0,0.0,0.0,,,,0,footprint_unavailable,,,,,0,NONE,0,0,0,0,0,,0.0,0.0,0,0,0.0,slot_not_locked,,0,,0,0,,0,,0,,,,,,,,,,,,0,,,,
13.119868,provisional_prealign,provisional_prealign_waiting_for_second_car,35,-120,35,-120,provisional_prealign_waiting_for_second_car,0,1785215015.834254,1,1,0,31,tracking_first_car_to_rear_gate,1,1,1,1,-201.578,-448.422,0,1,0,0,0,0,0,0,,,,-300.0,,0,,,,,,,,,0,0,0,0.0,0,lidar_slot_box_unavailable,0.0,0.0,0.0,,,,0,footprint_unavailable,,,,,0,NONE,0,0,0,0,0,,0.0,0.0,0,0,0.0,slot_not_locked,,0,,0,0,,0,,0,,,,,,,,,,,,0,,,,
13.19725,provisional_prealign,provisional_prealign_waiting_for_second_car,35,-120,35,-120,provisional_prealign_waiting_for_second_car,0,1785215015.834254,0,1,0,31,tracking_first_car_to_rear_gate,1,1,1,1,-201.578,-448.422,0,1,0,0,0,0,0,0,,,,-300.0,,0,,,,,,,,,0,0,0,0.0,0,lidar_slot_box_unavailable,0.0,0.0,0.0,,,,0,footprint_unavailable,,,,,0,NONE,0,0,0,0,0,,0.0,0.0,0,0,0.0,slot_not_locked,,0,,0,0,,0,,0,,,,,,,,,,,,0,,,,
13.276328,provisional_prealign,provisional_prealign_waiting_for_second_car,35,-120,35,-120,provisional_prealign_waiting_for_second_car,0,1785215015.9447176,1,1,0,35,tracking_first_car_to_rear_gate,1,1,1,1,-188.958,-461.042,0,1,0,0,0,0,0,0,,,,-300.0,,0,,,,,,,,,0,0,0,0.0,0,lidar_slot_box_unavailable,0.0,0.0,0.0,,,,0,footprint_unavailable,,,,,0,NONE,0,0,0,0,0,,0.0,0.0,0,0,0.0,slot_not_locked,,0,,0,0,,0,,0,,,,,,,,,,,,0,,,,
13.354457,provisional_prealign,provisional_prealign_waiting_for_second_car,35,-120,35,-120,provisional_prealign_waiting_for_second_car,0,1785215016.0571666,1,1,0,37,tracking_first_car_to_rear_gate,1,1,1,1,-207.847,-442.153,0,1,0,0,0,0,0,0,,,,-300.0,,0,,,,,,,,,0,0,0,0.0,0,lidar_slot_box_unavailable,0.0,0.0,0.0,,,,0,footprint_unavailable,,,,,0,NONE,0,0,0,0,0,,0.0,0.0,0,0,0.0,slot_not_locked,,0,,0,0,,0,,0,,,,,,,,,,,,0,,,,
13.43291,provisional_prealign,provisional_prealign_waiting_for_second_car,35,-120,35,-120,provisional_prealign_waiting_for_second_car,0,1785215016.0571666,0,1,0,37,tracking_first_car_to_rear_gate,1,1,1,1,-207.847,-442.153,0,1,0,0,0,0,0,0,,,,-300.0,,0,,,,,,,,,0,0,0,0.0,0,lidar_slot_box_unavailable,0.0,0.0,0.0,,,,0,footprint_unavailable,,,,,0,NONE,0,0,0,0,0,,0.0,0.0,0,0,0.0,slot_not_locked,,0,,0,0,,0,,0,,,,,,,,,,,,0,,,,
13.511734,provisional_prealign,provisional_prealign_waiting_for_second_car,35,-120,35,-120,provisional_prealign_waiting_for_second_car,0,1785215016.1693282,1,1,0,33,tracking_first_car_to_rear_gate,1,1,1,1,-199.839,-450.161,0,1,0,0,0,0,0,0,,,,-300.0,,0,,,,,,,,,0,0,0,0.0,0,lidar_slot_box_unavailable,0.0,0.0,0.0,,,,0,footprint_unavailable,,,,,0,NONE,0,0,0,0,0,,0.0,0.0,0,0,0.0,slot_not_locked,,0,,0,0,,0,,0,,,,,,,,,,,,0,,,,
13.590318,provisional_prealign,provisional_prealign_waiting_for_second_car,35,-120,35,-120,provisional_prealign_waiting_for_second_car,0,1785215016.2783482,1,1,0,37,tracking_first_car_to_rear_gate,1,1,1,1,-192.736,-457.264,0,1,0,0,0,0,0,0,,,,-300.0,,0,,,,,,,,,0,0,0,0.0,0,lidar_slot_box_unavailable,0.0,0.0,0.0,,,,0,footprint_unavailable,,,,,0,NONE,0,0,0,0,0,,0.0,0.0,0,0,0.0,slot_not_locked,,0,,0,0,,0,,0,,,,,,,,,,,,0,,,,
13.666678,provisional_prealign,provisional_prealign_waiting_for_second_car,35,-120,35,-120,provisional_prealign_waiting_for_second_car,0,1785215016.2783482,0,1,0,37,tracking_first_car_to_rear_gate,1,1,1,1,-192.736,-457.264,0,1,0,0,0,0,0,0,,,,-300.0,,0,,,,,,,,,0,0,0,0.0,0,lidar_slot_box_unavailable,0.0,0.0,0.0,,,,0,footprint_unavailable,,,,,0,NONE,0,0,0,0,0,,0.0,0.0,0,0,0.0,slot_not_locked,,0,,0,0,,0,,0,,,,,,,,,,,,0,,,,
13.744394,provisional_prealign,provisional_prealign_waiting_for_second_car,35,-120,35,-120,provisional_prealign_waiting_for_second_car,0,1785215016.394023,1,1,0,36,tracking_first_car_to_rear_gate,1,1,1,1,-186.876,-463.124,0,1,0,0,0,0,0,0,,,,-300.0,,0,,,,,,,,,0,0,0,0.0,0,lidar_slot_box_unavailable,0.0,0.0,0.0,,,,0,footprint_unavailable,,,,,0,NONE,0,0,0,0,0,,0.0,0.0,0,0,0.0,slot_not_locked,,0,,0,0,,0,,0,,,,,,,,,,,,0,,,,
13.821239,provisional_prealign,provisional_prealign_waiting_for_second_car,35,-120,35,-120,provisional_prealign_waiting_for_second_car,0,1785215016.5046656,1,1,0,37,tracking_first_car_to_rear_gate,1,1,1,1,-175.794,-474.206,0,1,0,0,0,0,0,0,,,,-300.0,,0,,,,,,,,,0,0,0,0.0,0,lidar_slot_box_unavailable,0.0,0.0,0.0,,,,0,footprint_unavailable,,,,,0,NONE,0,0,0,0,0,,0.0,0.0,0,0,0.0,slot_not_locked,,0,,0,0,,0,,0,,,,,,,,,,,,0,,,,
13.898829,provisional_prealign,provisional_prealign_waiting_for_second_car,35,-120,35,-120,provisional_prealign_waiting_for_second_car,0,1785215016.6162863,1,1,0,38,tracking_first_car_to_rear_gate,1,1,1,1,-200.432,-449.568,0,1,0,0,0,0,0,0,,,,-300.0,,0,,,,,,,,,0,0,0,0.0,0,lidar_slot_box_unavailable,0.0,0.0,0.0,,,,0,footprint_unavailable,,,,,0,NONE,0,0,0,0,0,,0.0,0.0,0,0,0.0,slot_not_locked,,0,,0,0,,0,,0,,,,,,,,,,,,0,,,,
13.976431,provisional_prealign,provisional_prealign_waiting_for_second_car,35,-120,35,-120,provisional_prealign_waiting_for_second_car,0,1785215016.6162863,0,1,0,38,tracking_first_car_to_rear_gate,1,1,1,1,-200.432,-449.568,0,1,0,0,0,0,0,0,,,,-300.0,,0,,,,,,,,,0,0,0,0.0,0,lidar_slot_box_unavailable,0.0,0.0,0.0,,,,0,footprint_unavailable,,,,,0,NONE,0,0,0,0,0,,0.0,0.0,0,0,0.0,slot_not_locked,,0,,0,0,,0,,0,,,,,,,,,,,,0,,,,
14.053179,provisional_prealign,provisional_prealign_waiting_for_second_car,35,-120,35,-120,provisional_prealign_waiting_for_second_car,0,1785215016.7278142,1,1,0,33,tracking_first_car_to_rear_gate,1,1,1,1,-184.727,-465.273,0,1,0,0,0,0,0,0,,,,-300.0,,0,,,,,,,,,0,0,0,0.0,0,lidar_slot_box_unavailable,0.0,0.0,0.0,,,,0,footprint_unavailable,,,,,0,NONE,0,0,0,0,0,,0.0,0.0,0,0,0.0,slot_not_locked,,0,,0,0,,0,,0,,,,,,,,,,,,0,,,,
14.130405,provisional_prealign,provisional_prealign_waiting_for_second_car,35,-120,35,-120,provisional_prealign_waiting_for_second_car,0,1785215016.8403778,1,1,0,35,tracking_first_car_to_rear_gate,1,1,1,1,-133.906,-516.094,0,1,0,0,0,0,0,0,,,,-300.0,,0,,,,,,,,,0,0,0,0.0,0,lidar_slot_box_unavailable,0.0,0.0,0.0,,,,0,footprint_unavailable,,,,,0,NONE,0,0,0,0,0,,0.0,0.0,0,0,0.0,slot_not_locked,,0,,0,0,,0,,0,,,,,,,,,,,,0,,,,
14.207938,provisional_prealign,provisional_prealign_waiting_for_second_car,35,-120,35,-120,provisional_prealign_waiting_for_second_car,0,1785215016.8403778,0,1,0,35,tracking_first_car_to_rear_gate,1,1,1,1,-133.906,-516.094,0,1,0,0,0,0,0,0,,,,-300.0,,0,,,,,,,,,0,0,0,0.0,0,lidar_slot_box_unavailable,0.0,0.0,0.0,,,,0,footprint_unavailable,,,,,0,NONE,0,0,0,0,0,,0.0,0.0,0,0,0.0,slot_not_locked,,0,,0,0,,0,,0,,,,,,,,,,,,0,,,,
14.284312,provisional_prealign,provisional_prealign_waiting_for_second_car,35,-120,35,-120,provisional_prealign_waiting_for_second_car,0,1785215016.9511068,1,1,0,33,tracking_first_car_to_rear_gate,1,1,1,1,-120.946,-529.054,0,1,0,0,0,0,0,0,,,,-300.0,,0,,,,,,,,,0,0,0,0.0,0,lidar_slot_box_unavailable,0.0,0.0,0.0,,,,0,footprint_unavailable,,,,,0,NONE,0,0,0,0,0,,0.0,0.0,0,0,0.0,slot_not_locked,,0,,0,0,,0,,0,,,,,,,,,,,,0,,,,
14.361688,provisional_prealign,provisional_prealign_waiting_for_second_car,35,-120,35,-120,provisional_prealign_waiting_for_second_car,0,1785215017.06448,1,1,0,33,tracking_first_car_to_rear_gate,1,1,1,1,-114.491,-535.509,0,1,0,0,0,0,0,0,,,,-300.0,,0,,,,,,,,,0,0,0,0.0,0,lidar_slot_box_unavailable,0.0,0.0,0.0,,,,0,footprint_unavailable,,,,,0,NONE,0,0,0,0,0,,0.0,0.0,0,0,0.0,slot_not_locked,,0,,0,0,,0,,0,,,,,,,,,,,,0,,,,
14.437769,provisional_prealign,provisional_prealign_waiting_for_second_car,35,-120,35,-120,provisional_prealign_waiting_for_second_car,0,1785215017.06448,0,1,0,33,tracking_first_car_to_rear_gate,1,1,1,1,-114.491,-535.509,0,1,0,0,0,0,0,0,,,,-300.0,,0,,,,,,,,,0,0,0,0.0,0,lidar_slot_box_unavailable,0.0,0.0,0.0,,,,0,footprint_unavailable,,,,,0,NONE,0,0,0,0,0,,0.0,0.0,0,0,0.0,slot_not_locked,,0,,0,0,,0,,0,,,,,,,,,,,,0,,,,
14.514255,provisional_prealign,provisional_prealign_waiting_for_second_car,35,-120,35,-120,provisional_prealign_waiting_for_second_car,0,1785215017.1768074,1,1,0,31,tracking_first_car_to_rear_gate,1,1,1,1,-118.395,-531.605,0,1,0,0,0,0,0,0,,,,-300.0,,0,,,,,,,,,0,0,0,0.0,0,lidar_slot_box_unavailable,0.0,0.0,0.0,,,,0,footprint_unavailable,,,,,0,NONE,0,0,0,0,0,,0.0,0.0,0,0,0.0,slot_not_locked,,0,,0,0,,0,,0,,,,,,,,,,,,0,,,,
14.592449,provisional_prealign,provisional_prealign_waiting_for_second_car,35,-120,35,-120,provisional_prealign_waiting_for_second_car,0,1785215017.2873666,1,1,0,31,tracking_first_car_to_rear_gate,1,1,1,1,-80.54,-569.46,0,1,0,0,0,0,0,0,,,,-300.0,,0,,,,,,,,,0,0,0,0.0,0,lidar_slot_box_unavailable,0.0,0.0,0.0,,,,0,footprint_unavailable,,,,,0,NONE,0,0,0,0,0,,0.0,0.0,0,0,0.0,slot_not_locked,,0,,0,0,,0,,0,,,,,,,,,,,,0,,,,
14.685441,provisional_prealign,provisional_prealign_waiting_for_second_car,35,-120,35,-120,provisional_prealign_waiting_for_second_car,0,1785215017.3990514,1,1,0,30,tracking_first_car_to_rear_gate,1,1,1,1,-74.95,-575.05,0,1,0,0,0,0,0,0,,,,-300.0,,0,,,,,,,,,0,0,0,0.0,0,lidar_slot_box_unavailable,0.0,0.0,0.0,,,,0,footprint_unavailable,,,,,0,NONE,0,0,0,0,0,,0.0,0.0,0,0,0.0,slot_not_locked,,0,,0,0,,0,,0,,,,,,,,,,,,0,,,,
14.779766,provisional_prealign,provisional_prealign_waiting_for_second_car,35,-120,35,-120,provisional_prealign_waiting_for_second_car,0,1785215017.3990514,0,1,0,30,tracking_first_car_to_rear_gate,1,1,1,1,-74.95,-575.05,0,1,0,0,0,0,0,0,,,,-300.0,,0,,,,,,,,,0,0,0,0.0,0,lidar_slot_box_unavailable,0.0,0.0,0.0,,,,0,footprint_unavailable,,,,,0,NONE,0,0,0,0,0,,0.0,0.0,0,0,0.0,slot_not_locked,,0,,0,0,,0,,0,,,,,,,,,,,,0,,,,
14.85549,provisional_prealign,provisional_prealign_waiting_for_second_car,35,-120,35,-120,provisional_prealign_waiting_for_second_car,0,1785215017.5114322,1,1,0,29,tracking_first_car_to_rear_gate,1,1,1,1,-66.902,-583.098,0,1,0,0,0,0,0,0,,,,-300.0,,0,,,,,,,,,0,0,0,0.0,0,lidar_slot_box_unavailable,0.0,0.0,0.0,,,,0,footprint_unavailable,,,,,0,NONE,0,0,0,0,0,,0.0,0.0,0,0,0.0,slot_not_locked,,0,,0,0,,0,,0,,,,,,,,,,,,0,,,,
14.931467,provisional_prealign,provisional_prealign_waiting_for_second_car,35,-120,35,-120,provisional_prealign_waiting_for_second_car,0,1785215017.6262023,1,1,0,29,tracking_first_car_to_rear_gate,1,1,1,1,-57.056,-592.944,0,1,0,0,0,0,0,0,,,,-300.0,,0,,,,,,,,,0,0,0,0.0,0,lidar_slot_box_unavailable,0.0,0.0,0.0,,,,0,footprint_unavailable,,,,,0,NONE,0,0,0,0,0,,0.0,0.0,0,0,0.0,slot_not_locked,,0,,0,0,,0,,0,,,,,,,,,,,,0,,,,
15.007817,provisional_prealign,provisional_prealign_waiting_for_second_car,35,-120,35,-120,provisional_prealign_waiting_for_second_car,0,1785215017.6262023,0,1,0,29,tracking_first_car_to_rear_gate,1,1,1,1,-57.056,-592.944,0,1,0,0,0,0,0,0,,,,-300.0,,0,,,,,,,,,0,0,0,0.0,0,lidar_slot_box_unavailable,0.0,0.0,0.0,,,,0,footprint_unavailable,,,,,0,NONE,0,0,0,0,0,,0.0,0.0,0,0,0.0,slot_not_locked,,0,,0,0,,0,,0,,,,,,,,,,,,0,,,,
15.085745,provisional_prealign,provisional_prealign_waiting_for_second_car,35,-120,35,-120,provisional_prealign_waiting_for_second_car,0,1785215017.7371533,1,1,0,27,tracking_first_car_to_rear_gate,1,1,1,1,-46.211,-603.789,0,1,0,0,0,0,0,0,,,,-300.0,,0,,,,,,,,,0,0,0,0.0,0,lidar_slot_box_unavailable,0.0,0.0,0.0,,,,0,footprint_unavailable,,,,,0,NONE,0,0,0,0,0,,0.0,0.0,0,0,0.0,slot_not_locked,,0,,0,0,,0,,0,,,,,,,,,,,,0,,,,
15.162378,provisional_prealign,provisional_prealign_waiting_for_second_car,35,-120,35,-120,provisional_prealign_waiting_for_second_car,0,1785215017.8483102,1,1,0,27,tracking_first_car_to_rear_gate,1,1,1,1,35.164,-685.164,0,1,0,0,0,0,0,0,,,,-300.0,,0,,,,,,,,,0,0,0,0.0,0,lidar_slot_box_unavailable,0.0,0.0,0.0,,,,0,footprint_unavailable,,,,,0,NONE,0,0,0,0,0,,0.0,0.0,0,0,0.0,slot_not_locked,,0,,0,0,,0,,0,,,,,,,,,,,,0,,,,
15.23836,provisional_prealign,provisional_prealign_waiting_for_second_car,35,-120,35,-120,provisional_prealign_waiting_for_second_car,0,1785215017.9594333,1,1,0,23,tracking_first_car_to_rear_gate,1,1,1,1,16.556,-666.556,0,1,0,0,0,0,0,0,,,,-300.0,,0,,,,,,,,,0,0,0,0.0,0,lidar_slot_box_unavailable,0.0,0.0,0.0,,,,0,footprint_unavailable,,,,,0,NONE,0,0,0,0,0,,0.0,0.0,0,0,0.0,slot_not_locked,,0,,0,0,,0,,0,,,,,,,,,,,,0,,,,
15.316325,provisional_prealign,provisional_prealign_waiting_for_second_car,35,-120,35,-120,provisional_prealign_waiting_for_second_car,0,1785215017.9594333,0,1,0,23,tracking_first_car_to_rear_gate,1,1,1,1,16.556,-666.556,0,1,0,0,0,0,0,0,,,,-300.0,,0,,,,,,,,,0,0,0,0.0,0,lidar_slot_box_unavailable,0.0,0.0,0.0,,,,0,footprint_unavailable,,,,,0,NONE,0,0,0,0,0,,0.0,0.0,0,0,0.0,slot_not_locked,,0,,0,0,,0,,0,,,,,,,,,,,,0,,,,
15.395073,provisional_prealign,provisional_prealign_waiting_for_second_car,35,-120,35,-120,provisional_prealign_waiting_for_second_car,0,1785215018.070632,1,1,0,27,tracking_first_car_to_rear_gate,1,1,1,1,-4.451,-645.549,0,1,0,0,0,0,0,0,,,,-300.0,,0,,,,,,,,,0,0,0,0.0,0,lidar_slot_box_unavailable,0.0,0.0,0.0,,,,0,footprint_unavailable,,,,,0,NONE,0,0,0,0,0,,0.0,0.0,0,0,0.0,slot_not_locked,,0,,0,0,,0,,0,,,,,,,,,,,,0,,,,
15.473454,provisional_prealign,provisional_prealign_waiting_for_second_car,35,-120,35,-120,provisional_prealign_waiting_for_second_car,0,1785215018.181896,1,1,0,31,tracking_first_car_to_rear_gate,1,1,1,1,39.815,-689.815,0,1,0,0,0,0,0,0,,,,-300.0,,0,,,,,,,,,0,0,0,0.0,0,lidar_slot_box_unavailable,0.0,0.0,0.0,,,,0,footprint_unavailable,,,,,0,NONE,0,0,0,0,0,,0.0,0.0,0,0,0.0,slot_not_locked,,0,,0,0,,0,,0,,,,,,,,,,,,0,,,,
15.550488,provisional_prealign,provisional_prealign_waiting_for_second_car,35,-120,35,-120,provisional_prealign_waiting_for_second_car,0,1785215018.181896,0,1,0,31,tracking_first_car_to_rear_gate,1,1,1,1,39.815,-689.815,0,1,0,0,0,0,0,0,,,,-300.0,,0,,,,,,,,,0,0,0,0.0,0,lidar_slot_box_unavailable,0.0,0.0,0.0,,,,0,footprint_unavailable,,,,,0,NONE,0,0,0,0,0,,0.0,0.0,0,0,0.0,slot_not_locked,,0,,0,0,,0,,0,,,,,,,,,,,,0,,,,
15.627939,provisional_prealign,provisional_prealign_waiting_for_second_car,35,-120,35,-120,provisional_prealign_waiting_for_second_car,0,1785215018.2962945,1,1,0,28,tracking_first_car_to_rear_gate,1,1,1,1,46.636,-696.636,0,1,0,0,0,0,0,0,,,,-300.0,,0,,,,,,,,,0,0,0,0.0,0,lidar_slot_box_unavailable,0.0,0.0,0.0,,,,0,footprint_unavailable,,,,,0,NONE,0,0,0,0,0,,0.0,0.0,0,0,0.0,slot_not_locked,,0,,0,0,,0,,0,,,,,,,,,,,,0,,,,
15.70362,provisional_prealign,provisional_prealign_waiting_for_second_car,35,-120,35,-120,provisional_prealign_waiting_for_second_car,0,1785215018.4073412,1,1,0,28,tracking_first_car_to_rear_gate,1,1,1,1,53.246,-703.246,0,1,0,0,0,0,0,0,,,,-300.0,,0,,,,,,,,,0,0,0,0.0,0,lidar_slot_box_unavailable,0.0,0.0,0.0,,,,0,footprint_unavailable,,,,,0,NONE,0,0,0,0,0,,0.0,0.0,0,0,0.0,slot_not_locked,,0,,0,0,,0,,0,,,,,,,,,,,,0,,,,
15.780817,provisional_prealign,provisional_prealign_waiting_for_second_car,35,-120,35,-120,provisional_prealign_waiting_for_second_car,0,1785215018.4073412,0,1,0,28,tracking_first_car_to_rear_gate,1,1,1,1,53.246,-703.246,0,1,0,0,0,0,0,0,,,,-300.0,,0,,,,,,,,,0,0,0,0.0,0,lidar_slot_box_unavailable,0.0,0.0,0.0,,,,0,footprint_unavailable,,,,,0,NONE,0,0,0,0,0,,0.0,0.0,0,0,0.0,slot_not_locked,,0,,0,0,,0,,0,,,,,,,,,,,,0,,,,
15.857094,provisional_prealign,provisional_prealign_waiting_for_second_car,35,-120,35,-120,provisional_prealign_waiting_for_second_car,0,1785215018.5192297,1,1,0,25,tracking_first_car_to_rear_gate,1,1,1,1,63.527,-713.527,0,1,0,0,0,0,0,0,,,,-300.0,,0,,,,,,,,,0,0,0,0.0,0,lidar_slot_box_unavailable,0.0,0.0,0.0,,,,0,footprint_unavailable,,,,,0,NONE,0,0,0,0,0,,0.0,0.0,0,0,0.0,slot_not_locked,,0,,0,0,,0,,0,,,,,,,,,,,,0,,,,
15.933164,provisional_prealign,provisional_prealign_waiting_for_second_car,35,-120,35,-120,provisional_prealign_waiting_for_second_car,0,1785215018.6306815,1,1,0,24,tracking_first_car_to_rear_gate,1,1,1,1,84.12,-734.12,0,1,0,0,0,0,0,0,,,,-300.0,,0,,,,,,,,,0,0,0,0.0,0,lidar_slot_box_unavailable,0.0,0.0,0.0,,,,0,footprint_unavailable,,,,,0,NONE,0,0,0,0,0,,0.0,0.0,0,0,0.0,slot_not_locked,,0,,0,0,,0,,0,,,,,,,,,,,,0,,,,
16.009031,provisional_prealign,provisional_prealign_waiting_for_second_car,35,-120,35,-120,provisional_prealign_waiting_for_second_car,0,1785215018.6306815,0,1,0,24,tracking_first_car_to_rear_gate,1,1,1,1,84.12,-734.12,0,1,0,0,0,0,0,0,,,,-300.0,,0,,,,,,,,,0,0,0,0.0,0,lidar_slot_box_unavailable,0.0,0.0,0.0,,,,0,footprint_unavailable,,,,,0,NONE,0,0,0,0,0,,0.0,0.0,0,0,0.0,slot_not_locked,,0,,0,0,,0,,0,,,,,,,,,,,,0,,,,
16.086303,provisional_prealign,provisional_prealign_waiting_for_second_car,35,-120,35,-120,provisional_prealign_waiting_for_second_car,0,1785215018.7414033,1,1,0,24,waiting_for_second_car_rear_gate,1,1,1,1,94.164,-744.164,0,1,1,1,1,0,0,0,,,,-300.0,,0,,,,,,,,,0,0,0,0.0,0,lidar_slot_box_unavailable,0.0,0.0,0.0,,,,0,footprint_unavailable,,,,,0,NONE,0,0,0,0,0,,0.0,0.0,0,0,0.0,slot_not_locked,,0,,0,0,,0,,0,,,,,,,,,,,,0,,,,
16.161982,provisional_prealign,provisional_prealign_waiting_for_second_car,35,-120,35,-120,provisional_prealign_waiting_for_second_car,0,1785215018.857077,1,1,0,23,waiting_for_second_car_rear_gate,1,1,1,1,135.601,-785.601,0,1,1,1,1,0,0,0,,,,-300.0,,0,,,,,,,,,0,0,0,0.0,0,lidar_slot_box_unavailable,0.0,0.0,0.0,,,,0,footprint_unavailable,,,,,0,NONE,0,0,0,0,0,,0.0,0.0,0,0,0.0,slot_not_locked,,0,,0,0,,0,,0,,,,,,,,,,,,0,,,,
16.239939,provisional_prealign,provisional_prealign_waiting_for_second_car,35,-120,35,-120,provisional_prealign_waiting_for_second_car,0,1785215018.857077,0,1,0,23,waiting_for_second_car_rear_gate,1,1,1,1,135.601,-785.601,0,1,1,1,1,0,0,0,,,,-300.0,,0,,,,,,,,,0,0,0,0.0,0,lidar_slot_box_unavailable,0.0,0.0,0.0,,,,0,footprint_unavailable,,,,,0,NONE,0,0,0,0,0,,0.0,0.0,0,0,0.0,slot_not_locked,,0,,0,0,,0,,0,,,,,,,,,,,,0,,,,
16.316542,provisional_prealign,provisional_prealign_waiting_for_second_car,35,-120,35,-120,provisional_prealign_waiting_for_second_car,0,1785215018.9674294,1,1,0,26,waiting_for_second_car_rear_gate,1,1,1,1,109.729,-759.729,0,1,1,1,1,0,0,0,,,,-300.0,,0,,,,,,,,,0,0,0,0.0,0,lidar_slot_box_unavailable,0.0,0.0,0.0,,,,0,footprint_unavailable,,,,,0,NONE,0,0,0,0,0,,0.0,0.0,0,0,0.0,slot_not_locked,,0,,0,0,,0,,0,,,,,,,,,,,,0,,,,
16.392993,provisional_prealign,provisional_prealign_waiting_for_second_car,35,-120,35,-120,provisional_prealign_waiting_for_second_car,0,1785215019.0787416,1,1,0,29,waiting_for_second_car_rear_gate,1,1,1,1,154.653,-804.653,0,1,1,1,1,0,0,0,,,,-300.0,,0,,,,,,,,,0,0,0,0.0,0,lidar_slot_box_unavailable,0.0,0.0,0.0,,,,0,footprint_unavailable,,,,,0,NONE,0,0,0,0,0,,0.0,0.0,0,0,0.0,slot_not_locked,,0,,0,0,,0,,0,,,,,,,,,,,,0,,,,
16.485046,provisional_prealign,provisional_prealign_waiting_for_second_car,35,-120,35,-120,provisional_prealign_waiting_for_second_car,0,1785215019.190269,1,1,0,27,waiting_for_second_car_rear_gate,1,1,1,1,164.927,-814.927,0,1,1,1,1,0,0,0,,,,-300.0,,0,,,,,,,,,0,0,0,0.0,0,lidar_slot_box_unavailable,0.0,0.0,0.0,,,,0,footprint_unavailable,,,,,0,NONE,0,0,0,0,0,,0.0,0.0,0,0,0.0,slot_not_locked,,0,,0,0,,0,,0,,,,,,,,,,,,0,,,,
16.564142,provisional_prealign,provisional_prealign_waiting_for_second_car,35,-120,35,-120,provisional_prealign_waiting_for_second_car,0,1785215019.190269,0,1,0,27,waiting_for_second_car_rear_gate,1,1,1,1,164.927,-814.927,0,1,1,1,1,0,0,0,,,,-300.0,,0,,,,,,,,,0,0,0,0.0,0,lidar_slot_box_unavailable,0.0,0.0,0.0,,,,0,footprint_unavailable,,,,,0,NONE,0,0,0,0,0,,0.0,0.0,0,0,0.0,slot_not_locked,,0,,0,0,,0,,0,,,,,,,,,,,,0,,,,
16.641615,provisional_prealign,provisional_prealign_waiting_for_second_car,35,-120,35,-120,provisional_prealign_waiting_for_second_car,0,1785215019.3024144,1,1,0,24,waiting_for_second_car_rear_gate,1,1,1,1,178.541,-828.541,0,1,1,1,1,0,0,0,,,,-300.0,,0,,,,,,,,,0,0,0,0.0,0,lidar_slot_box_unavailable,0.0,0.0,0.0,,,,0,footprint_unavailable,,,,,0,NONE,0,0,0,0,0,,0.0,0.0,0,0,0.0,slot_not_locked,,0,,0,0,,0,,0,,,,,,,,,,,,0,,,,
16.717545,provisional_prealign,provisional_prealign_waiting_for_second_car,35,-120,35,-120,provisional_prealign_waiting_for_second_car,0,1785215019.4135513,1,1,0,27,waiting_for_second_car_rear_gate,1,1,1,1,226.329,-876.329,0,1,1,1,1,0,0,0,,,,-300.0,,0,,,,,,,,,0,0,0,0.0,0,lidar_slot_box_unavailable,0.0,0.0,0.0,,,,0,footprint_unavailable,,,,,0,NONE,0,0,0,0,0,,0.0,0.0,0,0,0.0,slot_not_locked,,0,,0,0,,0,,0,,,,,,,,,,,,0,,,,
16.793505,provisional_prealign,provisional_prealign_waiting_for_second_car,35,-120,35,-120,provisional_prealign_waiting_for_second_car,0,1785215019.4135513,0,1,0,27,waiting_for_second_car_rear_gate,1,1,1,1,226.329,-876.329,0,1,1,1,1,0,0,0,,,,-300.0,,0,,,,,,,,,0,0,0,0.0,0,lidar_slot_box_unavailable,0.0,0.0,0.0,,,,0,footprint_unavailable,,,,,0,NONE,0,0,0,0,0,,0.0,0.0,0,0,0.0,slot_not_locked,,0,,0,0,,0,,0,,,,,,,,,,,,0,,,,
16.871804,provisional_prealign,provisional_prealign_waiting_for_second_car,35,-120,35,-120,provisional_prealign_waiting_for_second_car,0,1785215019.5243852,1,1,0,23,waiting_for_second_car_rear_gate,1,1,1,1,242.981,-892.981,0,1,1,1,1,0,0,0,,,,-300.0,,0,,,,,,,,,0,0,0,0.0,0,lidar_slot_box_unavailable,0.0,0.0,0.0,,,,0,footprint_unavailable,,,,,0,NONE,0,0,0,0,0,,0.0,0.0,0,0,0.0,slot_not_locked,,0,,0,0,,0,,0,,,,,,,,,,,,0,,,,
16.949017,provisional_prealign,provisional_prealign_waiting_for_second_car,35,-120,35,-120,provisional_prealign_waiting_for_second_car,0,1785215019.640131,1,1,0,25,waiting_for_second_car_rear_gate,1,1,1,1,227.989,-877.989,0,1,1,1,1,0,0,0,,,,-300.0,,0,,,,,,,,,0,0,0,0.0,0,lidar_slot_box_unavailable,0.0,0.0,0.0,,,,0,footprint_unavailable,,,,,0,NONE,0,0,0,0,0,,0.0,0.0,0,0,0.0,slot_not_locked,,0,,0,0,,0,,0,,,,,,,,,,,,0,,,,
17.027015,provisional_prealign,provisional_prealign_waiting_for_second_car,35,-120,35,-120,provisional_prealign_waiting_for_second_car,0,1785215019.640131,0,1,0,25,waiting_for_second_car_rear_gate,1,1,1,1,227.989,-877.989,0,1,1,1,1,0,0,0,,,,-300.0,,0,,,,,,,,,0,0,0,0.0,0,lidar_slot_box_unavailable,0.0,0.0,0.0,,,,0,footprint_unavailable,,,,,0,NONE,0,0,0,0,0,,0.0,0.0,0,0,0.0,slot_not_locked,,0,,0,0,,0,,0,,,,,,,,,,,,0,,,,
17.11849,provisional_prealign,provisional_prealign_waiting_for_second_car,35,-120,35,-120,provisional_prealign_waiting_for_second_car,0,1785215019.7511775,1,1,0,33,waiting_for_second_car_rear_gate,1,1,1,1,246.487,-896.487,0,1,1,1,1,0,0,0,,,,-300.0,,0,,,,,,,,,0,0,0,0.0,0,lidar_slot_box_unavailable,0.0,0.0,0.0,,,,0,footprint_unavailable,,,,,0,NONE,0,0,0,0,0,,0.0,0.0,0,0,0.0,slot_not_locked,,0,,0,0,,0,,0,,,,,,,,,,,,0,,,,
17.196704,provisional_prealign,provisional_prealign_waiting_for_second_car,35,-120,35,-120,provisional_prealign_waiting_for_second_car,0,1785215019.862816,1,1,0,31,waiting_for_second_car_rear_gate,1,1,1,1,260.815,-910.815,0,1,1,1,1,0,0,0,,,,-300.0,,0,,,,,,,,,0,0,0,0.0,0,lidar_slot_box_unavailable,0.0,0.0,0.0,,,,0,footprint_unavailable,,,,,0,NONE,0,0,0,0,0,,0.0,0.0,0,0,0.0,slot_not_locked,,0,,0,0,,0,,0,,,,,,,,,,,,0,,,,
17.275143,provisional_prealign,provisional_prealign_waiting_for_second_car,35,-120,35,-120,provisional_prealign_waiting_for_second_car,0,1785215019.9732144,1,1,0,33,waiting_for_second_car_rear_gate,1,1,1,1,272.067,-922.067,0,1,1,1,1,0,0,0,,,,-300.0,,0,,,,,,,,,0,0,0,0.0,0,lidar_slot_box_unavailable,0.0,0.0,0.0,,,,0,footprint_unavailable,,,,,0,NONE,0,0,0,0,0,,0.0,0.0,0,0,0.0,slot_not_locked,,0,,0,0,,0,,0,,,,,,,,,,,,0,,,,
17.352048,provisional_prealign,provisional_prealign_waiting_for_second_car,35,-120,35,-120,provisional_prealign_waiting_for_second_car,0,1785215019.9732144,0,1,0,33,waiting_for_second_car_rear_gate,1,1,1,1,272.067,-922.067,0,1,1,1,1,0,0,0,,,,-300.0,,0,,,,,,,,,0,0,0,0.0,0,lidar_slot_box_unavailable,0.0,0.0,0.0,,,,0,footprint_unavailable,,,,,0,NONE,0,0,0,0,0,,0.0,0.0,0,0,0.0,slot_not_locked,,0,,0,0,,0,,0,,,,,,,,,,,,0,,,,
17.428424,provisional_prealign,provisional_prealign_waiting_for_second_car,35,-120,35,-120,provisional_prealign_waiting_for_second_car,0,1785215020.0846813,1,1,0,27,waiting_for_second_car_rear_gate,1,1,1,1,317.317,-967.317,0,1,1,1,1,0,0,0,,,,-300.0,,0,,,,,,,,,0,0,0,0.0,0,lidar_slot_box_unavailable,0.0,0.0,0.0,,,,0,footprint_unavailable,,,,,0,NONE,0,0,0,0,0,,0.0,0.0,0,0,0.0,slot_not_locked,,0,,0,0,,0,,0,,,,,,,,,,,,0,,,,
17.504175,provisional_prealign,provisional_prealign_waiting_for_second_car,35,-120,35,-120,provisional_prealign_waiting_for_second_car,0,1785215020.197023,1,1,0,30,waiting_for_second_car_rear_gate,1,1,1,1,295.806,-945.806,0,1,1,1,1,0,0,0,,,,-300.0,,0,,,,,,,,,0,0,0,0.0,0,lidar_slot_box_unavailable,0.0,0.0,0.0,,,,0,footprint_unavailable,,,,,0,NONE,0,0,0,0,0,,0.0,0.0,0,0,0.0,slot_not_locked,,0,,0,0,,0,,0,,,,,,,,,,,,0,,,,
17.580545,provisional_prealign,provisional_prealign_waiting_for_second_car,35,-120,35,-120,provisional_prealign_waiting_for_second_car,0,1785215020.197023,0,1,0,30,waiting_for_second_car_rear_gate,1,1,1,1,295.806,-945.806,0,1,1,1,1,0,0,0,,,,-300.0,,0,,,,,,,,,0,0,0,0.0,0,lidar_slot_box_unavailable,0.0,0.0,0.0,,,,0,footprint_unavailable,,,,,0,NONE,0,0,0,0,0,,0.0,0.0,0,0,0.0,slot_not_locked,,0,,0,0,,0,,0,,,,,,,,,,,,0,,,,
17.65814,provisional_prealign,provisional_prealign_waiting_for_second_car,35,-120,35,-120,provisional_prealign_waiting_for_second_car,0,1785215020.310942,1,1,0,22,waiting_for_second_car_rear_gate,1,1,1,1,333.723,-983.723,0,1,1,1,1,0,0,0,,,,-300.0,,0,,,,,,,,,0,0,0,0.0,0,lidar_slot_box_unavailable,0.0,0.0,0.0,,,,0,footprint_unavailable,,,,,0,NONE,0,0,0,0,0,,0.0,0.0,0,0,0.0,slot_not_locked,,0,,0,0,,0,,0,,,,,,,,,,,,0,,,,
17.733768,provisional_prealign,provisional_prealign_waiting_for_second_car,35,-120,35,-120,provisional_prealign_waiting_for_second_car,0,1785215020.42209,1,1,0,26,waiting_for_second_car_rear_gate,1,1,1,1,338.925,-988.925,0,1,1,1,1,0,0,0,,,,-300.0,,0,,,,,,,,,0,0,0,0.0,0,lidar_slot_box_unavailable,0.0,0.0,0.0,,,,0,footprint_unavailable,,,,,0,NONE,0,0,0,0,0,,0.0,0.0,0,0,0.0,slot_not_locked,,0,,0,0,,0,,0,,,,,,,,,,,,0,,,,
17.813024,provisional_prealign,provisional_prealign_waiting_for_second_car,35,-120,35,-120,provisional_prealign_waiting_for_second_car,0,1785215020.5342584,1,1,0,24,waiting_for_second_car_rear_gate,1,1,1,1,378.622,-1028.622,0,1,1,1,1,0,0,0,,,,-300.0,,0,,,,,,,,,0,0,0,0.0,0,lidar_slot_box_unavailable,0.0,0.0,0.0,,,,0,footprint_unavailable,,,,,0,NONE,0,0,0,0,0,,0.0,0.0,0,0,0.0,slot_not_locked,,0,,0,0,,0,,0,,,,,,,,,,,,0,,,,
17.890233,provisional_prealign,provisional_prealign_waiting_for_second_car,35,-120,35,-120,provisional_prealign_waiting_for_second_car,0,1785215020.5342584,0,1,0,24,waiting_for_second_car_rear_gate,1,1,1,1,378.622,-1028.622,0,1,1,1,1,0,0,0,,,,-300.0,,0,,,,,,,,,0,0,0,0.0,0,lidar_slot_box_unavailable,0.0,0.0,0.0,,,,0,footprint_unavailable,,,,,0,NONE,0,0,0,0,0,,0.0,0.0,0,0,0.0,slot_not_locked,,0,,0,0,,0,,0,,,,,,,,,,,,0,,,,
17.967093,provisional_prealign,provisional_prealign_waiting_for_second_car,35,-120,35,-120,provisional_prealign_waiting_for_second_car,0,1785215020.644824,1,1,0,29,waiting_for_second_car_rear_gate,1,1,1,1,353.884,-1003.884,0,1,1,1,1,0,0,0,,,,-300.0,,0,,,,,,,,,0,0,0,0.0,0,lidar_slot_box_unavailable,0.0,0.0,0.0,,,,0,footprint_unavailable,,,,,0,NONE,0,0,0,0,0,,0.0,0.0,0,0,0.0,slot_not_locked,,0,,0,0,,0,,0,,,,,,,,,,,,0,,,,
18.044507,provisional_prealign,provisional_prealign_waiting_for_second_car,35,-120,35,-120,provisional_prealign_waiting_for_second_car,0,1785215020.7568872,1,1,0,33,waiting_for_second_car_rear_gate,1,1,1,1,307.365,-957.365,0,1,1,1,1,0,0,0,,,,-300.0,,0,,,,,,,,,0,0,0,0.0,0,lidar_slot_box_unavailable,0.0,0.0,0.0,,,,0,footprint_unavailable,,,,,0,NONE,0,0,0,0,0,,0.0,0.0,0,0,0.0,slot_not_locked,,0,,0,0,,0,,0,,,,,,,,,,,,0,,,,
18.120599,provisional_prealign,provisional_prealign_waiting_for_second_car,35,-120,35,-120,provisional_prealign_waiting_for_second_car,0,1785215020.7568872,0,1,0,33,waiting_for_second_car_rear_gate,1,1,1,1,307.365,-957.365,0,1,1,1,1,0,0,0,,,,-300.0,,0,,,,,,,,,0,0,0,0.0,0,lidar_slot_box_unavailable,0.0,0.0,0.0,,,,0,footprint_unavailable,,,,,0,NONE,0,0,0,0,0,,0.0,0.0,0,0,0.0,slot_not_locked,,0,,0,0,,0,,0,,,,,,,,,,,,0,,,,
18.19943,provisional_prealign,provisional_prealign_waiting_for_second_car,35,-120,35,-120,provisional_prealign_waiting_for_second_car,0,1785215020.8702984,1,1,0,30,waiting_for_second_car_rear_gate,1,1,1,1,403.328,-1053.328,0,1,1,1,1,0,0,0,,,,-300.0,,0,,,,,,,,,0,0,0,0.0,0,lidar_slot_box_unavailable,0.0,0.0,0.0,,,,0,footprint_unavailable,,,,,0,NONE,0,0,0,0,0,,0.0,0.0,0,0,0.0,slot_not_locked,,0,,0,0,,0,,0,,,,,,,,,,,,0,,,,
18.292556,provisional_prealign,provisional_prealign_waiting_for_second_car,35,-120,35,-120,provisional_prealign_waiting_for_second_car,0,1785215020.982954,1,1,0,27,waiting_for_second_car_rear_gate,1,1,1,1,414.07,-1064.07,0,1,1,1,1,0,0,0,,,,-300.0,,0,,,,,,,,,0,0,0,0.0,0,lidar_slot_box_unavailable,0.0,0.0,0.0,,,,0,footprint_unavailable,,,,,0,NONE,0,0,0,0,0,,0.0,0.0,0,0,0.0,slot_not_locked,,0,,0,0,,0,,0,,,,,,,,,,,,0,,,,
18.386875,provisional_prealign,provisional_prealign_waiting_for_second_car,35,-120,35,-120,provisional_prealign_waiting_for_second_car,0,1785215021.0931773,1,1,0,28,waiting_for_second_car_rear_gate,1,1,1,1,431.922,-1081.922,0,1,1,1,1,0,0,0,,,,-300.0,,0,,,,,,,,,0,0,0,0.0,0,lidar_slot_box_unavailable,0.0,0.0,0.0,,,,0,footprint_unavailable,,,,,0,NONE,0,0,0,0,0,,0.0,0.0,0,0,0.0,slot_not_locked,,0,,0,0,,0,,0,,,,,,,,,,,,0,,,,
18.466346,provisional_prealign,provisional_prealign_waiting_for_second_car,35,-120,35,-120,provisional_prealign_waiting_for_second_car,0,1785215021.0931773,0,1,0,28,waiting_for_second_car_rear_gate,1,1,1,1,431.922,-1081.922,0,1,1,1,1,0,0,0,,,,-300.0,,0,,,,,,,,,0,0,0,0.0,0,lidar_slot_box_unavailable,0.0,0.0,0.0,,,,0,footprint_unavailable,,,,,0,NONE,0,0,0,0,0,,0.0,0.0,0,0,0.0,slot_not_locked,,0,,0,0,,0,,0,,,,,,,,,,,,0,,,,
18.542887,provisional_prealign,provisional_prealign_waiting_for_second_car,35,-120,35,-120,provisional_prealign_waiting_for_second_car,0,1785215021.20536,1,1,0,26,waiting_for_second_car_rear_gate,1,1,1,1,470.878,-1120.878,0,1,1,1,1,0,0,0,,,,-300.0,,0,,,,,,,,,0,0,0,0.0,0,lidar_slot_box_unavailable,0.0,0.0,0.0,,,,0,footprint_unavailable,,,,,0,NONE,0,0,0,0,0,,0.0,0.0,0,0,0.0,slot_not_locked,,0,,0,0,,0,,0,,,,,,,,,,,,0,,,,
18.619488,provisional_prealign,provisional_prealign_waiting_for_second_car,35,-120,35,-120,provisional_prealign_waiting_for_second_car,0,1785215021.317159,1,1,0,28,waiting_for_second_car_rear_gate,1,1,1,1,478.104,-1128.104,0,1,1,1,1,0,0,0,,,,-300.0,,0,,,,,,,,,0,0,0,0.0,0,lidar_slot_box_unavailable,0.0,0.0,0.0,,,,0,footprint_unavailable,,,,,0,NONE,0,0,0,0,0,,0.0,0.0,0,0,0.0,slot_not_locked,,0,,0,0,,0,,0,,,,,,,,,,,,0,,,,
18.696517,provisional_prealign,provisional_prealign_waiting_for_second_car,35,-120,35,-120,provisional_prealign_waiting_for_second_car,0,1785215021.317159,0,1,0,28,waiting_for_second_car_rear_gate,1,1,1,1,478.104,-1128.104,0,1,1,1,1,0,0,0,,,,-300.0,,0,,,,,,,,,0,0,0,0.0,0,lidar_slot_box_unavailable,0.0,0.0,0.0,,,,0,footprint_unavailable,,,,,0,NONE,0,0,0,0,0,,0.0,0.0,0,0,0.0,slot_not_locked,,0,,0,0,,0,,0,,,,,,,,,,,,0,,,,
18.774877,provisional_prealign,provisional_prealign_waiting_for_second_car,35,-120,35,-120,provisional_prealign_waiting_for_second_car,0,1785215021.4304447,1,1,0,29,waiting_for_second_car_rear_gate,1,1,1,1,485.976,-1135.976,0,1,1,1,1,0,0,0,,,,-300.0,,0,,,,,,,,,0,0,0,0.0,0,lidar_slot_box_unavailable,0.0,0.0,0.0,,,,0,footprint_unavailable,,,,,0,NONE,0,0,0,0,0,,0.0,0.0,0,0,0.0,slot_not_locked,,0,,0,0,,0,,0,,,,,,,,,,,,0,,,,
18.854063,provisional_prealign,provisional_prealign_waiting_for_second_car,35,-120,35,-120,provisional_prealign_waiting_for_second_car,0,1785215021.5416484,1,1,0,33,waiting_for_second_car_rear_gate,1,1,1,1,498.287,-1148.287,0,1,1,1,1,0,0,0,,,,-300.0,,0,,,,,,,,,0,0,0,0.0,0,lidar_slot_box_unavailable,0.0,0.0,0.0,,,,0,footprint_unavailable,,,,,0,NONE,0,0,0,0,0,,0.0,0.0,0,0,0.0,slot_not_locked,,0,,0,0,,0,,0,,,,,,,,,,,,0,,,,
18.931809,provisional_prealign,provisional_prealign_waiting_for_second_car,35,-120,35,-120,provisional_prealign_waiting_for_second_car,0,1785215021.5416484,0,1,0,33,waiting_for_second_car_rear_gate,1,1,1,1,498.287,-1148.287,0,1,1,1,1,0,0,0,,,,-300.0,,0,,,,,,,,,0,0,0,0.0,0,lidar_slot_box_unavailable,0.0,0.0,0.0,,,,0,footprint_unavailable,,,,,0,NONE,0,0,0,0,0,,0.0,0.0,0,0,0.0,slot_not_locked,,0,,0,0,,0,,0,,,,,,,,,,,,0,,,,
19.009256,provisional_prealign,provisional_prealign_waiting_for_second_car,35,-120,35,-120,provisional_prealign_waiting_for_second_car,0,1785215021.6548264,1,1,0,31,waiting_for_second_car_rear_gate,1,1,1,1,509.446,-1159.446,0,1,1,1,1,0,0,0,,,,-300.0,,0,,,,,,,,,0,0,0,0.0,0,lidar_slot_box_unavailable,0.0,0.0,0.0,,,,0,footprint_unavailable,,,,,0,NONE,0,0,0,0,0,,0.0,0.0,0,0,0.0,slot_not_locked,,0,,0,0,,0,,0,,,,,,,,,,,,0,,,,
19.087417,provisional_prealign,provisional_prealign_waiting_for_second_car,35,-120,35,-120,provisional_prealign_waiting_for_second_car,0,1785215021.7658377,1,1,0,28,waiting_for_second_car_rear_gate,1,1,1,1,523.821,-1173.821,0,1,1,1,1,0,0,0,,,,-300.0,,0,,,,,,,,,0,0,0,0.0,0,lidar_slot_box_unavailable,0.0,0.0,0.0,,,,0,footprint_unavailable,,,,,0,NONE,0,0,0,0,0,,0.0,0.0,0,0,0.0,slot_not_locked,,0,,0,0,,0,,0,,,,,,,,,,,,0,,,,
19.164185,provisional_prealign,provisional_prealign_waiting_for_second_car,35,-120,35,-120,provisional_prealign_waiting_for_second_car,0,1785215021.875848,1,1,0,29,waiting_for_second_car_rear_gate,1,1,1,1,534.323,-1184.323,0,1,1,1,1,0,0,0,,,,-300.0,,0,,,,,,,,,0,0,0,0.0,0,lidar_slot_box_unavailable,0.0,0.0,0.0,,,,0,footprint_unavailable,,,,,0,NONE,0,0,0,0,0,,0.0,0.0,0,0,0.0,slot_not_locked,,0,,0,0,,0,,0,,,,,,,,,,,,0,,,,
19.241231,provisional_prealign,provisional_prealign_waiting_for_second_car,35,-120,35,-120,provisional_prealign_waiting_for_second_car,0,1785215021.875848,0,1,0,29,waiting_for_second_car_rear_gate,1,1,1,1,534.323,-1184.323,0,1,1,1,1,0,0,0,,,,-300.0,,0,,,,,,,,,0,0,0,0.0,0,lidar_slot_box_unavailable,0.0,0.0,0.0,,,,0,footprint_unavailable,,,,,0,NONE,0,0,0,0,0,,0.0,0.0,0,0,0.0,slot_not_locked,,0,,0,0,,0,,0,,,,,,,,,,,,0,,,,
19.317809,provisional_prealign,provisional_prealign_waiting_for_second_car,35,-120,35,-120,provisional_prealign_waiting_for_second_car,0,1785215021.9881458,1,1,0,29,waiting_for_second_car_rear_gate,1,1,1,1,524.002,-1174.002,0,1,1,1,1,0,0,0,,,,-300.0,,0,,,,,,,,,0,0,0,0.0,0,lidar_slot_box_unavailable,0.0,0.0,0.0,,,,0,footprint_unavailable,,,,,0,NONE,0,0,0,0,0,,0.0,0.0,0,0,0.0,slot_not_locked,,0,,0,0,,0,,0,,,,,,,,,,,,0,,,,
19.39608,provisional_prealign,provisional_prealign_waiting_for_second_car,35,-120,35,-120,provisional_prealign_waiting_for_second_car,0,1785215022.1020913,1,1,0,30,waiting_for_second_car_rear_gate,1,1,1,1,540.018,-1190.018,0,1,1,1,1,0,0,0,,,,-300.0,,0,,,,,,,,,0,0,0,0.0,0,lidar_slot_box_unavailable,0.0,0.0,0.0,,,,0,footprint_unavailable,,,,,0,NONE,0,0,0,0,0,,0.0,0.0,0,0,0.0,slot_not_locked,,0,,0,0,,0,,0,,,,,,,,,,,,0,,,,
19.474735,provisional_prealign,provisional_prealign_waiting_for_second_car,35,-120,35,-120,provisional_prealign_waiting_for_second_car,0,1785215022.1020913,0,1,0,30,waiting_for_second_car_rear_gate,1,1,1,1,540.018,-1190.018,0,1,1,1,1,0,0,0,,,,-300.0,,0,,,,,,,,,0,0,0,0.0,0,lidar_slot_box_unavailable,0.0,0.0,0.0,,,,0,footprint_unavailable,,,,,0,NONE,0,0,0,0,0,,0.0,0.0,0,0,0.0,slot_not_locked,,0,,0,0,,0,,0,,,,,,,,,,,,0,,,,
19.551712,provisional_prealign,provisional_prealign_waiting_for_second_car,35,-120,35,-120,provisional_prealign_waiting_for_second_car,0,1785215022.2138293,1,1,0,28,waiting_for_second_car_rear_gate,1,1,1,1,599.165,-1249.165,0,1,1,1,1,0,0,0,,,,-300.0,,0,,,,,,,,,0,0,0,0.0,0,lidar_slot_box_unavailable,0.0,0.0,0.0,,,,0,footprint_unavailable,,,,,0,NONE,0,0,0,0,0,,0.0,0.0,0,0,0.0,slot_not_locked,,0,,0,0,,0,,0,,,,,,,,,,,,0,,,,
19.644805,provisional_prealign,provisional_prealign_waiting_for_second_car,35,-120,35,-120,provisional_prealign_waiting_for_second_car,0,1785215022.3258526,1,1,0,26,waiting_for_second_car_rear_gate,1,1,1,1,606.516,-1256.516,0,1,1,1,1,0,0,0,,,,-300.0,,0,,,,,,,,,0,0,0,0.0,0,lidar_slot_box_unavailable,0.0,0.0,0.0,,,,0,footprint_unavailable,,,,,0,NONE,0,0,0,0,0,,0.0,0.0,0,0,0.0,slot_not_locked,,0,,0,0,,0,,0,,,,,,,,,,,,0,,,,
19.734821,provisional_prealign,provisional_prealign_waiting_for_second_car,35,-120,35,-120,provisional_prealign_waiting_for_second_car,0,1785215022.4374552,1,1,0,26,waiting_for_second_car_rear_gate,1,1,1,1,617.64,-1267.64,0,1,1,1,1,0,0,0,,,,-300.0,,0,,,,,,,,,0,0,0,0.0,0,lidar_slot_box_unavailable,0.0,0.0,0.0,,,,0,footprint_unavailable,,,,,0,NONE,0,0,0,0,0,,0.0,0.0,0,0,0.0,slot_not_locked,,0,,0,0,,0,,0,,,,,,,,,,,,0,,,,
19.81174,provisional_prealign,provisional_prealign_waiting_for_second_car,35,-120,35,-120,provisional_prealign_waiting_for_second_car,0,1785215022.4374552,0,1,0,26,waiting_for_second_car_rear_gate,1,1,1,1,617.64,-1267.64,0,1,1,1,1,0,0,0,,,,-300.0,,0,,,,,,,,,0,0,0,0.0,0,lidar_slot_box_unavailable,0.0,0.0,0.0,,,,0,footprint_unavailable,,,,,0,NONE,0,0,0,0,0,,0.0,0.0,0,0,0.0,slot_not_locked,,0,,0,0,,0,,0,,,,,,,,,,,,0,,,,
19.889259,provisional_prealign,provisional_prealign_waiting_for_second_car,35,-120,35,-120,provisional_prealign_waiting_for_second_car,0,1785215022.5477197,1,1,0,27,waiting_for_second_car_rear_gate,1,1,1,1,628.406,-1278.406,0,1,1,1,1,0,0,0,,,,-300.0,,0,,,,,,,,,0,0,0,0.0,0,lidar_slot_box_unavailable,0.0,0.0,0.0,,,,0,footprint_unavailable,,,,,0,NONE,0,0,0,0,0,,0.0,0.0,0,0,0.0,slot_not_locked,,0,,0,0,,0,,0,,,,,,,,,,,,0,,,,
19.966835,provisional_prealign,provisional_prealign_waiting_for_second_car,35,-120,35,-120,provisional_prealign_waiting_for_second_car,0,1785215022.6594036,1,1,0,30,waiting_for_second_car_rear_gate,1,1,1,1,645.391,-1295.391,0,1,1,1,1,0,0,0,,,,-300.0,,0,,,,,,,,,0,0,0,0.0,0,lidar_slot_box_unavailable,0.0,0.0,0.0,,,,0,footprint_unavailable,,,,,0,NONE,0,0,0,0,0,,0.0,0.0,0,0,0.0,slot_not_locked,,0,,0,0,,0,,0,,,,,,,,,,,,0,,,,
20.044204,provisional_prealign,provisional_prealign_waiting_for_second_car,35,-120,35,-120,provisional_prealign_waiting_for_second_car,0,1785215022.6594036,0,1,0,30,waiting_for_second_car_rear_gate,1,1,1,1,645.391,-1295.391,0,1,1,1,1,0,0,0,,,,-300.0,,0,,,,,,,,,0,0,0,0.0,0,lidar_slot_box_unavailable,0.0,0.0,0.0,,,,0,footprint_unavailable,,,,,0,NONE,0,0,0,0,0,,0.0,0.0,0,0,0.0,slot_not_locked,,0,,0,0,,0,,0,,,,,,,,,,,,0,,,,
20.121798,provisional_prealign,provisional_prealign_waiting_for_second_car,35,-120,35,-120,provisional_prealign_waiting_for_second_car,0,1785215022.7741692,1,1,0,26,waiting_for_second_car_rear_gate,1,1,1,1,663.403,-1313.403,0,1,1,1,1,0,0,0,,,,-300.0,,0,,,,,,,,,0,0,0,0.0,0,lidar_slot_box_unavailable,0.0,0.0,0.0,,,,0,footprint_unavailable,,,,,0,NONE,0,0,0,0,0,,0.0,0.0,0,0,0.0,slot_not_locked,,0,,0,0,,0,,0,,,,,,,,,,,,0,,,,
20.199849,provisional_prealign,provisional_prealign_waiting_for_second_car,35,-120,35,-120,provisional_prealign_waiting_for_second_car,0,1785215022.885597,1,1,0,29,waiting_for_second_car_rear_gate,1,1,1,1,675.352,-1325.352,0,1,1,1,1,0,0,0,,,,-300.0,,0,,,,,,,,,0,0,0,0.0,0,lidar_slot_box_unavailable,0.0,0.0,0.0,,,,0,footprint_unavailable,,,,,0,NONE,0,0,0,0,0,,0.0,0.0,0,0,0.0,slot_not_locked,,0,,0,0,,0,,0,,,,,,,,,,,,0,,,,
20.278719,provisional_prealign,provisional_prealign_waiting_for_second_car,35,-120,35,-120,provisional_prealign_waiting_for_second_car,0,1785215022.9961069,1,1,0,29,waiting_for_second_car_rear_gate,1,1,1,1,691.573,-1341.573,0,1,1,1,1,0,0,0,,,,-300.0,,0,,,,,,,,,0,0,0,0.0,0,lidar_slot_box_unavailable,0.0,0.0,0.0,,,,0,footprint_unavailable,,,,,0,NONE,0,0,0,0,0,,0.0,0.0,0,0,0.0,slot_not_locked,,0,,0,0,,0,,0,,,,,,,,,,,,0,,,,
20.356216,provisional_prealign,provisional_prealign_waiting_for_second_car,35,-120,35,-120,provisional_prealign_waiting_for_second_car,0,1785215022.9961069,0,1,0,29,waiting_for_second_car_rear_gate,1,1,1,1,691.573,-1341.573,0,1,1,1,1,0,0,0,,,,-300.0,,0,,,,,,,,,0,0,0,0.0,0,lidar_slot_box_unavailable,0.0,0.0,0.0,,,,0,footprint_unavailable,,,,,0,NONE,0,0,0,0,0,,0.0,0.0,0,0,0.0,slot_not_locked,,0,,0,0,,0,,0,,,,,,,,,,,,0,,,,
20.43355,provisional_prealign,provisional_prealign_waiting_for_second_car,35,-120,35,-120,provisional_prealign_waiting_for_second_car,0,1785215023.108027,1,1,0,30,waiting_for_second_car_rear_gate,1,1,1,1,682.825,-1332.825,0,1,1,1,1,0,0,0,,,,-300.0,,0,,,,,,,,,0,0,0,0.0,0,lidar_slot_box_unavailable,0.0,0.0,0.0,,,,0,footprint_unavailable,,,,,0,NONE,0,0,0,0,0,,0.0,0.0,0,0,0.0,slot_not_locked,,0,,0,0,,0,,0,,,,,,,,,,,,0,,,,
20.509154,provisional_prealign,provisional_prealign_waiting_for_second_car,35,-120,35,-120,provisional_prealign_waiting_for_second_car,0,1785215023.220161,1,1,0,27,waiting_for_second_car_rear_gate,1,1,1,1,689.305,-1339.305,0,1,1,1,1,0,0,0,,,,-300.0,,0,,,,,,,,,0,0,0,0.0,0,lidar_slot_box_unavailable,0.0,0.0,0.0,,,,0,footprint_unavailable,,,,,0,NONE,0,0,0,0,0,,0.0,0.0,0,0,0.0,slot_not_locked,,0,,0,0,,0,,0,,,,,,,,,,,,0,,,,
20.586954,provisional_prealign,provisional_prealign_waiting_for_second_car,35,-120,35,-120,provisional_prealign_waiting_for_second_car,0,1785215023.220161,0,1,0,27,waiting_for_second_car_rear_gate,1,1,1,1,689.305,-1339.305,0,1,1,1,1,0,0,0,,,,-300.0,,0,,,,,,,,,0,0,0,0.0,0,lidar_slot_box_unavailable,0.0,0.0,0.0,,,,0,footprint_unavailable,,,,,0,NONE,0,0,0,0,0,,0.0,0.0,0,0,0.0,slot_not_locked,,0,,0,0,,0,,0,,,,,,,,,,,,0,,,,
20.665424,provisional_prealign,provisional_prealign_waiting_for_second_car,35,-120,35,-120,provisional_prealign_waiting_for_second_car,0,1785215023.3310099,1,1,0,26,waiting_for_second_car_rear_gate,1,1,1,1,746.952,-1396.952,0,1,1,1,1,0,0,0,,,,-300.0,,0,,,,,,,,,0,0,0,0.0,0,lidar_slot_box_unavailable,0.0,0.0,0.0,,,,0,footprint_unavailable,,,,,0,NONE,0,0,0,0,0,,0.0,0.0,0,0,0.0,slot_not_locked,,0,,0,0,,0,,0,,,,,,,,,,,,0,,,,
20.743087,provisional_prealign,provisional_prealign_waiting_for_second_car,35,-120,35,-120,provisional_prealign_waiting_for_second_car,0,1785215023.4458616,1,1,0,21,waiting_for_second_car_rear_gate,1,1,1,1,754.742,-1404.742,0,1,1,1,1,0,0,0,,,,-300.0,,0,,,,,,,,,0,0,0,0.0,0,lidar_slot_box_unavailable,0.0,0.0,0.0,,,,0,footprint_unavailable,,,,,0,NONE,0,0,0,0,0,,0.0,0.0,0,0,0.0,slot_not_locked,,0,,0,0,,0,,0,,,,,,,,,,,,0,,,,
20.821345,provisional_prealign,provisional_prealign_waiting_for_second_car,35,-120,35,-120,provisional_prealign_waiting_for_second_car,0,1785215023.4458616,0,1,0,21,waiting_for_second_car_rear_gate,1,1,1,1,754.742,-1404.742,0,1,1,1,1,0,0,0,,,,-300.0,,0,,,,,,,,,0,0,0,0.0,0,lidar_slot_box_unavailable,0.0,0.0,0.0,,,,0,footprint_unavailable,,,,,0,NONE,0,0,0,0,0,,0.0,0.0,0,0,0.0,slot_not_locked,,0,,0,0,,0,,0,,,,,,,,,,,,0,,,,
20.89938,provisional_prealign,provisional_prealign_waiting_for_second_car,35,-120,35,-120,provisional_prealign_waiting_for_second_car,0,1785215023.5559852,1,1,0,20,waiting_for_second_car_rear_gate,1,1,1,1,739.966,-1389.966,0,1,1,1,1,0,0,0,,,,-300.0,,0,,,,,,,,,0,0,0,0.0,0,lidar_slot_box_unavailable,0.0,0.0,0.0,,,,0,footprint_unavailable,,,,,0,NONE,0,0,0,0,0,,0.0,0.0,0,0,0.0,slot_not_locked,,0,,0,0,,0,,0,,,,,,,,,,,,0,,,,
20.976526,provisional_prealign,provisional_prealign_waiting_for_second_car,35,-120,35,-120,provisional_prealign_waiting_for_second_car,0,1785215023.6691334,1,1,0,22,waiting_for_second_car_rear_gate,1,1,1,1,800.196,-1450.196,0,1,1,1,1,0,0,0,,,,-300.0,,0,,,,,,,,,0,0,0,0.0,0,lidar_slot_box_unavailable,0.0,0.0,0.0,,,,0,footprint_unavailable,,,,,0,NONE,0,0,0,0,0,,0.0,0.0,0,0,0.0,slot_not_locked,,0,,0,0,,0,,0,,,,,,,,,,,,0,,,,
21.054226,provisional_prealign,provisional_prealign_waiting_for_second_car,35,-120,35,-120,provisional_prealign_waiting_for_second_car,0,1785215023.6691334,0,1,0,22,waiting_for_second_car_rear_gate,1,1,1,1,800.196,-1450.196,0,1,1,1,1,0,0,0,,,,-300.0,,0,,,,,,,,,0,0,0,0.0,0,lidar_slot_box_unavailable,0.0,0.0,0.0,,,,0,footprint_unavailable,,,,,0,NONE,0,0,0,0,0,,0.0,0.0,0,0,0.0,slot_not_locked,,0,,0,0,,0,,0,,,,,,,,,,,,0,,,,
21.146478,provisional_prealign,provisional_prealign_waiting_for_second_car,35,-120,35,-120,provisional_prealign_waiting_for_second_car,0,1785215023.779595,1,1,0,22,waiting_for_second_car_rear_gate,1,1,1,1,878.471,-1528.471,0,1,1,1,1,0,0,0,,,,-300.0,,0,,,,,,,,,0,0,0,0.0,0,lidar_slot_box_unavailable,0.0,0.0,0.0,,,,0,footprint_unavailable,,,,,0,NONE,0,0,0,0,0,,0.0,0.0,0,0,0.0,slot_not_locked,,0,,0,0,,0,,0,,,,,,,,,,,,0,,,,
21.238792,provisional_prealign,provisional_prealign_waiting_for_second_car,35,-120,35,-120,provisional_prealign_waiting_for_second_car,0,1785215023.8900967,1,1,0,25,waiting_for_second_car_rear_gate,1,1,1,1,826.032,-1476.032,0,1,1,1,1,0,0,0,,,,-300.0,,0,,,,,,,,,0,0,0,0.0,0,lidar_slot_box_unavailable,0.0,0.0,0.0,,,,0,footprint_unavailable,,,,,0,NONE,0,0,0,0,0,,0.0,0.0,0,0,0.0,slot_not_locked,,0,,0,0,,0,,0,,,,,,,,,,,,0,,,,
21.332072,provisional_prealign,provisional_prealign_waiting_for_second_car,35,-120,35,-120,provisional_prealign_waiting_for_second_car,0,1785215024.0061073,1,1,0,23,waiting_for_second_car_rear_gate,1,1,1,1,767.075,-1417.075,0,1,1,1,1,0,0,0,,,,-300.0,,0,,,,,,,,,0,0,0,0.0,0,lidar_slot_box_unavailable,0.0,0.0,0.0,,,,0,footprint_unavailable,,,,,0,NONE,0,0,0,0,0,,0.0,0.0,0,0,0.0,slot_not_locked,,0,,0,0,,0,,0,,,,,,,,,,,,0,,,,
21.409007,provisional_prealign,provisional_prealign_waiting_for_second_car,35,-120,35,-120,provisional_prealign_waiting_for_second_car,0,1785215024.1170237,1,1,0,24,waiting_for_second_car_rear_gate,1,1,1,1,823.928,-1473.928,0,1,1,1,1,0,0,0,,,,-300.0,,0,,,,,,,,,0,0,0,0.0,0,lidar_slot_box_unavailable,0.0,0.0,0.0,,,,0,footprint_unavailable,,,,,0,NONE,0,0,0,0,0,,0.0,0.0,0,0,0.0,slot_not_locked,,0,,0,0,,0,,0,,,,,,,,,,,,0,,,,
21.486867,provisional_prealign,provisional_prealign_waiting_for_second_car,35,-120,35,-120,provisional_prealign_waiting_for_second_car,0,1785215024.1170237,0,1,0,24,waiting_for_second_car_rear_gate,1,1,1,1,823.928,-1473.928,0,1,1,1,1,0,0,0,,,,-300.0,,0,,,,,,,,,0,0,0,0.0,0,lidar_slot_box_unavailable,0.0,0.0,0.0,,,,0,footprint_unavailable,,,,,0,NONE,0,0,0,0,0,,0.0,0.0,0,0,0.0,slot_not_locked,,0,,0,0,,0,,0,,,,,,,,,,,,0,,,,
21.564662,provisional_prealign,provisional_prealign_waiting_for_second_car,35,-120,35,-120,provisional_prealign_waiting_for_second_car,0,1785215024.2274587,1,1,0,23,waiting_for_second_car_rear_gate,1,1,1,1,833.812,-1483.812,0,1,1,1,1,0,0,0,,,,-300.0,,0,,,,,,,,,0,0,0,0.0,0,lidar_slot_box_unavailable,0.0,0.0,0.0,,,,0,footprint_unavailable,,,,,0,NONE,0,0,0,0,0,,0.0,0.0,0,0,0.0,slot_not_locked,,0,,0,0,,0,,0,,,,,,,,,,,,0,,,,
21.656752,provisional_prealign,provisional_prealign_waiting_for_second_car,35,-120,35,-120,provisional_prealign_waiting_for_second_car,0,1785215024.3398585,1,1,0,27,waiting_for_second_car_rear_gate,1,1,1,1,818.998,-1468.998,0,1,1,1,1,0,0,0,,,,-300.0,,0,,,,,,,,,0,0,0,0.0,0,lidar_slot_box_unavailable,0.0,0.0,0.0,,,,0,footprint_unavailable,,,,,0,NONE,0,0,0,0,0,,0.0,0.0,0,0,0.0,slot_not_locked,,0,,0,0,,0,,0,,,,,,,,,,,,0,,,,
21.732371,provisional_prealign,provisional_prealign_waiting_for_second_car,35,-120,35,-120,provisional_prealign_waiting_for_second_car,0,1785215024.4515219,1,1,0,16,waiting_for_second_car_rear_gate,1,1,1,1,873.532,-1523.532,0,1,1,1,1,0,0,0,,,,-300.0,,0,,,,,,,,,0,0,0,0.0,0,lidar_slot_box_unavailable,0.0,0.0,0.0,,,,0,footprint_unavailable,,,,,0,NONE,0,0,0,0,0,,0.0,0.0,0,0,0.0,slot_not_locked,,0,,0,0,,0,,0,,,,,,,,,,,,0,,,,
21.809864,provisional_prealign,provisional_prealign_waiting_for_second_car,35,-120,35,-120,provisional_prealign_waiting_for_second_car,0,1785215024.4515219,0,1,0,16,waiting_for_second_car_rear_gate,1,1,1,1,873.532,-1523.532,0,1,1,1,1,0,0,0,,,,-300.0,,0,,,,,,,,,0,0,0,0.0,0,lidar_slot_box_unavailable,0.0,0.0,0.0,,,,0,footprint_unavailable,,,,,0,NONE,0,0,0,0,0,,0.0,0.0,0,0,0.0,slot_not_locked,,0,,0,0,,0,,0,,,,,,,,,,,,0,,,,
21.886438,provisional_prealign,provisional_prealign_waiting_for_second_car,35,-120,35,-120,provisional_prealign_waiting_for_second_car,0,1785215024.5652552,1,1,0,21,waiting_for_second_car_rear_gate,1,1,1,1,883.962,-1533.962,0,1,1,1,1,0,0,0,,,,-300.0,,0,,,,,,,,,0,0,0,0.0,0,lidar_slot_box_unavailable,0.0,0.0,0.0,,,,0,footprint_unavailable,,,,,0,NONE,0,0,0,0,0,,0.0,0.0,0,0,0.0,slot_not_locked,,0,,0,0,,0,,0,,,,,,,,,,,,0,,,,
21.963783,provisional_prealign,provisional_prealign_waiting_for_second_car,35,-120,35,-120,provisional_prealign_waiting_for_second_car,0,1785215024.67611,1,1,0,18,waiting_for_second_car_rear_gate,1,1,1,1,896.152,-1546.152,0,1,1,1,1,0,0,0,,,,-300.0,,0,,,,,,,,,0,0,0,0.0,0,lidar_slot_box_unavailable,0.0,0.0,0.0,,,,0,footprint_unavailable,,,,,0,NONE,0,0,0,0,0,,0.0,0.0,0,0,0.0,slot_not_locked,,0,,0,0,,0,,0,,,,,,,,,,,,0,,,,
22.056513,provisional_prealign,provisional_prealign_waiting_for_second_car,35,-120,35,-120,provisional_prealign_waiting_for_second_car,0,1785215024.67611,0,1,0,18,waiting_for_second_car_rear_gate,1,1,1,1,896.152,-1546.152,0,1,1,1,1,0,0,0,,,,-300.0,,0,,,,,,,,,0,0,0,0.0,0,lidar_slot_box_unavailable,0.0,0.0,0.0,,,,0,footprint_unavailable,,,,,0,NONE,0,0,0,0,0,,0.0,0.0,0,0,0.0,slot_not_locked,,0,,0,0,,0,,0,,,,,,,,,,,,0,,,,
22.133869,provisional_prealign,provisional_prealign_waiting_for_second_car,35,-120,35,-120,provisional_prealign_waiting_for_second_car,0,1785215024.7883224,1,1,0,22,waiting_for_second_car_rear_gate,1,1,1,1,882.363,-1532.363,0,1,1,1,1,0,0,0,,,,-300.0,,0,,,,,,,,,0,0,0,0.0,0,lidar_slot_box_unavailable,0.0,0.0,0.0,,,,0,footprint_unavailable,,,,,0,NONE,0,0,0,0,0,,0.0,0.0,0,0,0.0,slot_not_locked,,0,,0,0,,0,,0,,,,,,,,,,,,0,,,,
22.211854,provisional_prealign,provisional_prealign_waiting_for_second_car,35,-120,35,-120,provisional_prealign_waiting_for_second_car,0,1785215024.8999755,1,1,0,23,waiting_for_second_car_rear_gate,1,1,1,1,894.591,-1544.591,0,1,1,1,1,0,0,0,,,,-300.0,,0,,,,,,,,,0,0,0,0.0,0,lidar_slot_box_unavailable,0.0,0.0,0.0,,,,0,footprint_unavailable,,,,,0,NONE,0,0,0,0,0,,0.0,0.0,0,0,0.0,slot_not_locked,,0,,0,0,,0,,0,,,,,,,,,,,,0,,,,
22.288901,provisional_prealign,provisional_prealign_waiting_for_second_car,35,-120,35,-120,provisional_prealign_waiting_for_second_car,0,1785215025.0104394,1,1,0,25,waiting_for_second_car_rear_gate,1,1,1,1,909.135,-1559.135,0,1,1,1,1,0,0,0,,,,-300.0,,0,,,,,,,,,0,0,0,0.0,0,lidar_slot_box_unavailable,0.0,0.0,0.0,,,,0,footprint_unavailable,,,,,0,NONE,0,0,0,0,0,,0.0,0.0,0,0,0.0,slot_not_locked,,0,,0,0,,0,,0,,,,,,,,,,,,0,,,,
22.365477,provisional_prealign,provisional_prealign_waiting_for_second_car,35,-120,35,-120,provisional_prealign_waiting_for_second_car,0,1785215025.0104394,0,1,0,25,waiting_for_second_car_rear_gate,1,1,1,1,909.135,-1559.135,0,1,1,1,1,0,0,0,,,,-300.0,,0,,,,,,,,,0,0,0,0.0,0,lidar_slot_box_unavailable,0.0,0.0,0.0,,,,0,footprint_unavailable,,,,,0,NONE,0,0,0,0,0,,0.0,0.0,0,0,0.0,slot_not_locked,,0,,0,0,,0,,0,,,,,,,,,,,,0,,,,
22.444413,provisional_prealign,provisional_prealign_waiting_for_second_car,35,-120,35,-120,provisional_prealign_waiting_for_second_car,0,1785215025.1232336,1,1,0,17,waiting_for_second_car_rear_gate,1,1,1,1,969.401,-1619.401,0,1,1,1,1,0,0,0,,,,-300.0,,0,,,,,,,,,0,0,0,0.0,0,lidar_slot_box_unavailable,0.0,0.0,0.0,,,,0,footprint_unavailable,,,,,0,NONE,0,0,0,0,0,,0.0,0.0,0,0,0.0,slot_not_locked,,0,,0,0,,0,,0,,,,,,,,,,,,0,,,,
22.523759,provisional_prealign,provisional_prealign_waiting_for_second_car,35,-120,35,-120,provisional_prealign_waiting_for_second_car,0,1785215025.237548,1,1,0,16,waiting_for_second_car_rear_gate,1,1,1,1,949.96,-1599.96,0,1,1,1,1,0,0,0,,,,-300.0,,0,,,,,,,,,0,0,0,0.0,0,lidar_slot_box_unavailable,0.0,0.0,0.0,,,,0,footprint_unavailable,,,,,0,NONE,0,0,0,0,0,,0.0,0.0,0,0,0.0,slot_not_locked,,0,,0,0,,0,,0,,,,,,,,,,,,0,,,,
22.601413,provisional_prealign,provisional_prealign_waiting_for_second_car,35,-120,35,-120,provisional_prealign_waiting_for_second_car,0,1785215025.237548,0,1,0,16,waiting_for_second_car_rear_gate,1,1,1,1,949.96,-1599.96,0,1,1,1,1,0,0,0,,,,-300.0,,0,,,,,,,,,0,0,0,0.0,0,lidar_slot_box_unavailable,0.0,0.0,0.0,,,,0,footprint_unavailable,,,,,0,NONE,0,0,0,0,0,,0.0,0.0,0,0,0.0,slot_not_locked,,0,,0,0,,0,,0,,,,,,,,,,,,0,,,,
22.678679,provisional_prealign,provisional_prealign_waiting_for_second_car,35,-120,35,-120,provisional_prealign_waiting_for_second_car,0,1785215025.348522,1,1,0,20,waiting_for_second_car_rear_gate,1,1,1,1,960.304,-1610.304,0,1,1,1,1,0,0,0,,,,-300.0,,0,,,,,,,,,0,0,0,0.0,0,lidar_slot_box_unavailable,0.0,0.0,0.0,,,,0,footprint_unavailable,,,,,0,NONE,0,0,0,0,0,,0.0,0.0,0,0,0.0,slot_not_locked,,0,,0,0,,0,,0,,,,,,,,,,,,0,,,,
22.757657,provisional_prealign,provisional_prealign_waiting_for_second_car,35,-120,35,-120,provisional_prealign_waiting_for_second_car,0,1785215025.4600372,1,1,0,16,waiting_for_second_car_rear_gate,1,1,1,1,987.037,-1637.037,0,1,1,1,1,0,0,0,,,,-300.0,,0,,,,,,,,,0,0,0,0.0,0,lidar_slot_box_unavailable,0.0,0.0,0.0,,,,0,footprint_unavailable,,,,,0,NONE,0,0,0,0,0,,0.0,0.0,0,0,0.0,slot_not_locked,,0,,0,0,,0,,0,,,,,,,,,,,,0,,,,
22.835837,provisional_prealign,provisional_prealign_waiting_for_second_car,35,-120,35,-120,provisional_prealign_waiting_for_second_car,0,1785215025.4600372,0,1,0,16,waiting_for_second_car_rear_gate,1,1,1,1,987.037,-1637.037,0,1,1,1,1,0,0,0,,,,-300.0,,0,,,,,,,,,0,0,0,0.0,0,lidar_slot_box_unavailable,0.0,0.0,0.0,,,,0,footprint_unavailable,,,,,0,NONE,0,0,0,0,0,,0.0,0.0,0,0,0.0,slot_not_locked,,0,,0,0,,0,,0,,,,,,,,,,,,0,,,,
22.915437,provisional_prealign,provisional_prealign_waiting_for_second_car,35,-120,35,-120,provisional_prealign_waiting_for_second_car,0,1785215025.5715497,1,1,0,15,waiting_for_second_car_rear_gate,1,1,1,1,1001.978,-1651.978,0,1,1,1,1,0,0,0,,,,-300.0,,0,,,,,,,,,0,0,0,0.0,0,lidar_slot_box_unavailable,0.0,0.0,0.0,,,,0,footprint_unavailable,,,,,0,NONE,0,0,0,0,0,,0.0,0.0,0,0,0.0,slot_not_locked,,0,,0,0,,0,,0,,,,,,,,,,,,0,,,,
22.993263,provisional_prealign,provisional_prealign_waiting_for_second_car,35,-120,35,-120,provisional_prealign_waiting_for_second_car,0,1785215025.6825018,1,1,0,18,waiting_for_second_car_rear_gate,1,1,1,1,1015.891,-1665.891,0,1,1,1,1,0,0,0,,,,-300.0,,0,,,,,,,,,0,0,0,0.0,0,lidar_slot_box_unavailable,0.0,0.0,0.0,,,,0,footprint_unavailable,,,,,0,NONE,0,0,0,0,0,,0.0,0.0,0,0,0.0,slot_not_locked,,0,,0,0,,0,,0,,,,,,,,,,,,0,,,,
23.085509,provisional_prealign,provisional_prealign_waiting_for_second_car,35,-120,35,-120,provisional_prealign_waiting_for_second_car,0,1785215025.7972167,1,1,0,15,waiting_for_second_car_rear_gate,1,1,1,1,1029.937,-1679.937,0,1,1,1,1,0,0,0,,,,-300.0,,0,,,,,,,,,0,0,0,0.0,0,lidar_slot_box_unavailable,0.0,0.0,0.0,,,,0,footprint_unavailable,,,,,0,NONE,0,0,0,0,0,,0.0,0.0,0,0,0.0,slot_not_locked,,0,,0,0,,0,,0,,,,,,,,,,,,0,,,,
23.162638,provisional_prealign,provisional_prealign_waiting_for_second_car,35,-120,35,-120,provisional_prealign_waiting_for_second_car,0,1785215025.7972167,0,1,0,15,waiting_for_second_car_rear_gate,1,1,1,1,1029.937,-1679.937,0,1,1,1,1,0,0,0,,,,-300.0,,0,,,,,,,,,0,0,0,0.0,0,lidar_slot_box_unavailable,0.0,0.0,0.0,,,,0,footprint_unavailable,,,,,0,NONE,0,0,0,0,0,,0.0,0.0,0,0,0.0,slot_not_locked,,0,,0,0,,0,,0,,,,,,,,,,,,0,,,,
23.242974,provisional_prealign,provisional_prealign_waiting_for_second_car,35,-120,35,-120,provisional_prealign_waiting_for_second_car,0,1785215025.907573,1,1,0,16,waiting_for_second_car_rear_gate,1,1,1,1,1045.529,-1695.529,0,1,1,1,1,0,0,0,,,,-300.0,,0,,,,,,,,,0,0,0,0.0,0,lidar_slot_box_unavailable,0.0,0.0,0.0,,,,0,footprint_unavailable,,,,,0,NONE,0,0,0,0,0,,0.0,0.0,0,0,0.0,slot_not_locked,,0,,0,0,,0,,0,,,,,,,,,,,,0,,,,
23.320397,provisional_prealign,provisional_prealign_waiting_for_second_car,35,-120,35,-120,provisional_prealign_waiting_for_second_car,0,1785215026.0205393,1,1,0,17,waiting_for_second_car_rear_gate,1,1,1,1,1061.155,-1711.155,0,1,1,1,1,0,0,0,,,,-300.0,,0,,,,,,,,,0,0,0,0.0,0,lidar_slot_box_unavailable,0.0,0.0,0.0,,,,0,footprint_unavailable,,,,,0,NONE,0,0,0,0,0,,0.0,0.0,0,0,0.0,slot_not_locked,,0,,0,0,,0,,0,,,,,,,,,,,,0,,,,
23.396596,provisional_prealign,provisional_prealign_waiting_for_second_car,35,-120,35,-120,provisional_prealign_waiting_for_second_car,0,1785215026.0205393,0,1,0,17,waiting_for_second_car_rear_gate,1,1,1,1,1061.155,-1711.155,0,1,1,1,1,0,0,0,,,,-300.0,,0,,,,,,,,,0,0,0,0.0,0,lidar_slot_box_unavailable,0.0,0.0,0.0,,,,0,footprint_unavailable,,,,,0,NONE,0,0,0,0,0,,0.0,0.0,0,0,0.0,slot_not_locked,,0,,0,0,,0,,0,,,,,,,,,,,,0,,,,
23.475247,provisional_prealign,provisional_prealign_waiting_for_second_car,35,-120,35,-120,provisional_prealign_waiting_for_second_car,0,1785215026.1323197,1,1,0,19,waiting_for_second_car_rear_gate,1,1,1,1,1077.022,-1727.022,0,1,1,1,1,0,0,0,,,,-300.0,,0,,,,,,,,,0,0,0,0.0,0,lidar_slot_box_unavailable,0.0,0.0,0.0,,,,0,footprint_unavailable,,,,,0,NONE,0,0,0,0,0,,0.0,0.0,0,0,0.0,slot_not_locked,,0,,0,0,,0,,0,,,,,,,,,,,,0,,,,
23.552689,provisional_prealign,provisional_prealign_waiting_for_second_car,35,-120,35,-120,provisional_prealign_waiting_for_second_car,0,1785215026.242218,1,1,0,24,waiting_for_second_car_rear_gate,1,1,1,1,1091.02,-1741.02,0,1,1,1,1,0,0,0,,,,-300.0,,0,,,,,,,,,0,0,0,0.0,0,lidar_slot_box_unavailable,0.0,0.0,0.0,,,,0,footprint_unavailable,,,,,0,NONE,0,0,0,0,0,,0.0,0.0,0,0,0.0,slot_not_locked,,0,,0,0,,0,,0,,,,,,,,,,,,0,,,,
23.631245,provisional_prealign,provisional_prealign_waiting_for_second_car,35,-120,35,-120,provisional_prealign_waiting_for_second_car,0,1785215026.242218,0,1,0,24,waiting_for_second_car_rear_gate,1,1,1,1,1091.02,-1741.02,0,1,1,1,1,0,0,0,,,,-300.0,,0,,,,,,,,,0,0,0,0.0,0,lidar_slot_box_unavailable,0.0,0.0,0.0,,,,0,footprint_unavailable,,,,,0,NONE,0,0,0,0,0,,0.0,0.0,0,0,0.0,slot_not_locked,,0,,0,0,,0,,0,,,,,,,,,,,,0,,,,
23.709867,provisional_prealign,provisional_prealign_waiting_for_second_car,35,-120,35,-120,provisional_prealign_waiting_for_second_car,0,1785215026.3547893,1,1,0,24,waiting_for_second_car_rear_gate,1,1,1,1,1103.593,-1753.593,0,1,1,1,1,0,0,0,,,,-300.0,,0,,,,,,,,,0,0,0,0.0,0,lidar_slot_box_unavailable,0.0,0.0,0.0,,,,0,footprint_unavailable,,,,,0,NONE,0,0,0,0,0,,0.0,0.0,0,0,0.0,slot_not_locked,,0,,0,0,,0,,0,,,,,,,,,,,,0,,,,
23.786697,provisional_prealign,provisional_prealign_waiting_for_second_car,35,-120,35,-120,provisional_prealign_waiting_for_second_car,0,1785215026.4676695,1,1,0,14,waiting_for_second_car_rear_gate,1,1,1,1,1133.286,-1783.286,0,1,1,1,1,0,0,0,,,,-300.0,,0,,,,,,,,,0,0,0,0.0,0,lidar_slot_box_unavailable,0.0,0.0,0.0,,,,0,footprint_unavailable,,,,,0,NONE,0,0,0,0,0,,0.0,0.0,0,0,0.0,slot_not_locked,,0,,0,0,,0,,0,,,,,,,,,,,,0,,,,
23.865702,provisional_prealign,provisional_prealign_waiting_for_second_car,35,-120,35,-120,provisional_prealign_waiting_for_second_car,0,1785215026.5795887,1,1,0,19,waiting_for_second_car_rear_gate,1,1,1,1,1144.975,-1794.975,0,1,1,1,1,0,0,0,,,,-300.0,,0,,,,,,,,,0,0,0,0.0,0,lidar_slot_box_unavailable,0.0,0.0,0.0,,,,0,footprint_unavailable,,,,,0,NONE,0,0,0,0,0,,0.0,0.0,0,0,0.0,slot_not_locked,,0,,0,0,,0,,0,,,,,,,,,,,,0,,,,
23.958852,provisional_prealign,provisional_prealign_waiting_for_second_car,35,-120,35,-120,provisional_prealign_waiting_for_second_car,0,1785215026.5795887,0,1,0,19,waiting_for_second_car_rear_gate,1,1,1,1,1144.975,-1794.975,0,1,1,1,1,0,0,0,,,,-300.0,,0,,,,,,,,,0,0,0,0.0,0,lidar_slot_box_unavailable,0.0,0.0,0.0,,,,0,footprint_unavailable,,,,,0,NONE,0,0,0,0,0,,0.0,0.0,0,0,0.0,slot_not_locked,,0,,0,0,,0,,0,,,,,,,,,,,,0,,,,
24.036558,provisional_prealign,provisional_prealign_waiting_for_second_car,35,-120,35,-120,provisional_prealign_waiting_for_second_car,0,1785215026.6908891,1,1,0,18,waiting_for_second_car_rear_gate,1,1,1,1,1160.058,-1810.058,0,1,1,1,1,0,0,0,,,,-300.0,,0,,,,,,,,,0,0,0,0.0,0,lidar_slot_box_unavailable,0.0,0.0,0.0,,,,0,footprint_unavailable,,,,,0,NONE,0,0,0,0,0,,0.0,0.0,0,0,0.0,slot_not_locked,,0,,0,0,,0,,0,,,,,,,,,,,,0,,,,
24.114534,provisional_prealign,provisional_prealign_waiting_for_second_car,35,-120,35,-120,provisional_prealign_waiting_for_second_car,0,1785215026.8029785,1,1,0,20,waiting_for_second_car_rear_gate,1,1,1,1,1174.126,-1824.126,0,1,1,1,1,0,0,0,,,,-300.0,,0,,,,,,,,,0,0,0,0.0,0,lidar_slot_box_unavailable,0.0,0.0,0.0,,,,0,footprint_unavailable,,,,,0,NONE,0,0,0,0,0,,0.0,0.0,0,0,0.0,slot_not_locked,,0,,0,0,,0,,0,,,,,,,,,,,,0,,,,
24.191297,provisional_prealign,provisional_prealign_waiting_for_second_car,35,-120,35,-120,provisional_prealign_waiting_for_second_car,0,1785215026.8029785,0,1,0,20,waiting_for_second_car_rear_gate,1,1,1,1,1174.126,-1824.126,0,1,1,1,1,0,0,0,,,,-300.0,,0,,,,,,,,,0,0,0,0.0,0,lidar_slot_box_unavailable,0.0,0.0,0.0,,,,0,footprint_unavailable,,,,,0,NONE,0,0,0,0,0,,0.0,0.0,0,0,0.0,slot_not_locked,,0,,0,0,,0,,0,,,,,,,,,,,,0,,,,
24.282524,provisional_prealign,provisional_prealign_waiting_for_second_car,35,-120,35,-120,provisional_prealign_waiting_for_second_car,0,1785215026.914146,1,1,0,21,waiting_for_second_car_rear_gate,1,1,1,1,1191.854,-1841.854,0,1,1,1,1,0,0,0,,,,-300.0,,0,,,,,,,,,0,0,0,0.0,0,lidar_slot_box_unavailable,0.0,0.0,0.0,,,,0,footprint_unavailable,,,,,0,NONE,0,0,0,0,0,,0.0,0.0,0,0,0.0,slot_not_locked,,0,,0,0,,0,,0,,,,,,,,,,,,0,,,,
24.360558,provisional_prealign,provisional_prealign_waiting_for_second_car,35,-120,35,-120,provisional_prealign_waiting_for_second_car,0,1785215027.024751,1,1,0,18,waiting_for_second_car_rear_gate,1,1,1,1,1206.385,-1856.385,0,1,1,1,1,0,0,0,,,,-300.0,,0,,,,,,,,,0,0,0,0.0,0,lidar_slot_box_unavailable,0.0,0.0,0.0,,,,0,footprint_unavailable,,,,,0,NONE,0,0,0,0,0,,0.0,0.0,0,0,0.0,slot_not_locked,,0,,0,0,,0,,0,,,,,,,,,,,,0,,,,
24.452921,provisional_prealign,provisional_prealign_waiting_for_second_car,35,-120,35,-120,provisional_prealign_waiting_for_second_car,0,1785215027.1393135,1,1,0,19,ordered_pair_invalid_gap,2,1,1,1,1222.835,-1872.835,0,1,1,1,1,0,0,0,,,,-300.0,,0,,,,,,,,,0,0,0,0.0,0,lidar_slot_box_unavailable,0.0,0.0,0.0,,,,0,footprint_unavailable,,,,,0,NONE,0,0,0,0,0,,0.0,0.0,0,0,0.0,slot_not_locked,,0,,0,0,,0,,0,,,,,,,,,,,,0,,,,
24.529462,provisional_prealign,provisional_prealign head=+65.4 bearing=+61.1 centerX=+1321mm dist=1509mm path=collision_risk:vehicle_footprint_crosses_side_boundary,35,-120,35,-120,provisional_prealign head=+65.4 bearing=+61.1 centerX=+1321mm dist=1509mm path=collision_risk:vehicle_footprint_crosses_side_boundary,0,1785215027.2507436,1,1,0,22,gap_confirmed,2,1,1,1,1239.33,-1889.33,1,1,1,1,1,1,1,0,1501.189,1320.96,429.233,-300.0,729.233,0,0.909,0.417,1785215027.2507436,1501.189,1715.219,-215.7,926.701,1074.167,1,1,1,0.95,0,lidar_slot_box,15.469,0.14063,58.562,636.45,220.0,347.368,0,footprint_crosses_slot_entrance,-772.237,393.914,-2180.623,-1147.123,0,NONE,0,0,0,0,0,,0.0,0.0,0,0,0.0,slot_not_locked,,0,,0,0,,0,collision_risk,0,vehicle_footprint_crosses_side_boundary,0.0054,0.0054,1.0,58.562,104.066,-65.54,7.77,321.479,483.513,300.000:570.000|300.171:562.053|300.682:554.121|301.533:546.218|302.723:538.359|304.249:530.559|306.108:522.831|308.297:515.190|310.812:507.649|313.648:500.224|316.801:492.927|320.263:485.773|324.029:478.773|328.093:471.942|332.445:465.291|337.079:458.833|341.986:452.580|347.157:446.543|352.582:440.733|358.251:435.162|364.154:429.839|370.280:424.775|376.618:419.978|383.156:415.457|388.597:411.999|389.878:411.216|396.660:407.070|403.443:402.924|410.225:398.778|417.007:394.632|423.789:390.485|430.571:386.339|437.354:382.193|444.136:378.047|450.918:373.901|457.700:369.755|464.483:365.609|471.265:361.463|478.047:357.317|484.829:353.171|491.612:349.025|498.394:344.878|505.176:340.732|511.958:336.586|518.740:332.440|525.523:328.294|532.305:324.148|539.087:320.002|545.869:315.856|552.652:311.710|559.434:307.564|566.216:303.418|572.998:299.271|579.780:295.125|586.563:290.979|593.345:286.833|600.127:282.687|606.909:278.541|613.692:274.395|620.474:270.249|627.256:266.103|634.038:261.957|640.820:257.811|647.603:253.664|654.385:249.518|661.167:245.372|667.949:241.226|674.732:237.080|681.514:232.934|688.296:228.788|695.078:224.642|701.861:220.496|708.643:216.350|715.425:212.203|722.207:208.057|728.989:203.911|735.772:199.765|742.554:195.619|749.336:191.473|756.118:187.327|762.901:183.181|769.683:179.035|776.465:174.889|783.247:170.743|790.029:166.596|796.812:162.450,0,,,,
24.621382,provisional_prealign,provisional_prealign head=+65.4 bearing=+61.1 centerX=+1321mm dist=1509mm path=collision_risk:vehicle_footprint_crosses_side_boundary,35,-120,35,-120,provisional_prealign head=+65.4 bearing=+61.1 centerX=+1321mm dist=1509mm path=collision_risk:vehicle_footprint_crosses_side_boundary,0,1785215027.2507436,0,1,0,22,gap_confirmed,2,1,1,1,1239.33,-1889.33,1,1,1,1,1,1,1,0,1501.189,1320.96,429.233,-300.0,729.233,0,0.909,0.417,,,,,,,1,1,1,0.95,0,lidar_slot_box,15.469,0.14063,58.562,636.45,220.0,347.368,0,footprint_crosses_slot_entrance,-772.237,393.914,-2180.623,-1147.123,0,NONE,0,0,0,0,0,,0.0,0.0,0,0,0.0,slot_not_locked,,0,,0,0,,0,collision_risk,0,vehicle_footprint_crosses_side_boundary,0.0054,0.0054,1.0,58.562,104.066,-65.54,7.77,321.479,483.513,300.000:570.000|300.171:562.053|300.682:554.121|301.533:546.218|302.723:538.359|304.249:530.559|306.108:522.831|308.297:515.190|310.812:507.649|313.648:500.224|316.801:492.927|320.263:485.773|324.029:478.773|328.093:471.942|332.445:465.291|337.079:458.833|341.986:452.580|347.157:446.543|352.582:440.733|358.251:435.162|364.154:429.839|370.280:424.775|376.618:419.978|383.156:415.457|388.597:411.999|389.878:411.216|396.660:407.070|403.443:402.924|410.225:398.778|417.007:394.632|423.789:390.485|430.571:386.339|437.354:382.193|444.136:378.047|450.918:373.901|457.700:369.755|464.483:365.609|471.265:361.463|478.047:357.317|484.829:353.171|491.612:349.025|498.394:344.878|505.176:340.732|511.958:336.586|518.740:332.440|525.523:328.294|532.305:324.148|539.087:320.002|545.869:315.856|552.652:311.710|559.434:307.564|566.216:303.418|572.998:299.271|579.780:295.125|586.563:290.979|593.345:286.833|600.127:282.687|606.909:278.541|613.692:274.395|620.474:270.249|627.256:266.103|634.038:261.957|640.820:257.811|647.603:253.664|654.385:249.518|661.167:245.372|667.949:241.226|674.732:237.080|681.514:232.934|688.296:228.788|695.078:224.642|701.861:220.496|708.643:216.350|715.425:212.203|722.207:208.057|728.989:203.911|735.772:199.765|742.554:195.619|749.336:191.473|756.118:187.327|762.901:183.181|769.683:179.035|776.465:174.889|783.247:170.743|790.029:166.596|796.812:162.450,0,,,,
24.714979,provisional_prealign,provisional_prealign head=+64.4 bearing=+60.2 centerX=+1305mm dist=1503mm path=collision_risk:vehicle_footprint_crosses_side_boundary,35,-120,35,-120,provisional_prealign head=+64.4 bearing=+60.2 centerX=+1305mm dist=1503mm path=collision_risk:vehicle_footprint_crosses_side_boundary,0,1785215027.3622217,1,1,0,20,gap_confirmed,2,1,1,1,1251.105,-1901.105,1,1,1,1,1,1,1,0,1544.108,1304.623,447.029,-300.0,747.029,0,0.902,0.432,1785215027.3622217,1623.814,1700.737,-212.272,847.828,1172.425,1,1,1,0.95,0,lidar_slot_box,10.273,0.093391,58.514,635.363,220.0,347.368,0,footprint_crosses_slot_entrance,-794.539,371.602,-2176.372,-1142.417,0,NONE,0,0,0,0,0,,0.0,0.0,0,0,0.0,slot_not_locked,,0,,0,0,,0,collision_risk,0,vehicle_footprint_crosses_side_boundary,0.0054,0.0054,1.0,58.514,98.737,-60.21,0.402,321.48,483.513,300.000:570.000|300.170:562.067|300.680:554.149|301.528:546.260|302.714:538.414|304.234:530.626|306.087:522.911|308.269:515.282|310.775:507.754|313.601:500.339|316.743:493.053|320.194:485.908|323.948:478.918|327.997:472.094|332.336:465.451|336.955:458.999|341.846:452.751|347.000:446.718|352.408:440.912|358.060:435.342|363.945:430.020|370.052:424.955|376.371:420.156|382.890:415.633|388.464:412.081|389.594:411.388|396.361:407.244|403.128:403.099|409.895:398.954|416.662:394.810|423.429:390.665|430.196:386.521|436.963:382.376|443.730:378.232|450.497:374.087|457.264:369.942|464.031:365.798|470.798:361.653|477.565:357.509|484.332:353.364|491.099:349.219|497.865:345.075|504.632:340.930|511.399:336.786|518.166:332.641|524.933:328.497|531.700:324.352|538.467:320.207|545.234:316.063|552.001:311.918|558.768:307.774|565.535:303.629|572.302:299.485|579.069:295.340|585.836:291.195|592.603:287.051|599.370:282.906|606.137:278.762|612.903:274.617|619.670:270.472|626.437:266.328|633.204:262.183|639.971:258.039|646.738:253.894|653.505:249.750|660.272:245.605|667.039:241.460|673.806:237.316|680.573:233.171|687.340:229.027|694.107:224.882|700.874:220.738|707.641:216.593|714.408:212.448|721.175:208.304|727.941:204.159|734.708:200.015|741.475:195.870|748.242:191.725|755.009:187.581|761.776:183.436|768.543:179.292|775.310:175.147|782.077:171.003|788.844:166.858|795.611:162.713,0,,,,
24.806165,provisional_prealign,provisional_prealign_waiting_for_slot_pose,35,-120,35,-120,provisional_prealign_waiting_for_slot_pose,0,1785215027.4733462,1,1,0,17,gap_confirmed,2,1,1,1,1276.236,-1926.236,0,1,1,1,1,1,1,1,1544.108,1304.623,447.029,-300.0,747.029,0,0.902,0.432,,,,,,,1,1,1,0.65,1,lidar_slot_box_hold,10.273,0.093391,58.514,635.363,220.0,347.368,0,footprint_crosses_slot_entrance,-794.539,371.602,-2176.372,-1142.417,0,NONE,0,0,0,0,0,,0.0,0.0,0,0,0.0,slot_not_locked,,0,,0,0,,0,,0,,,,,,,,,,,,0,,,,
24.884851,provisional_prealign,provisional_prealign head=+64.4 bearing=+58.3 centerX=+1279mm dist=1505mm path=collision_risk:vehicle_footprint_crosses_side_boundary,35,-120,35,-120,provisional_prealign head=+64.4 bearing=+58.3 centerX=+1279mm dist=1505mm path=collision_risk:vehicle_footprint_crosses_side_boundary,0,1785215027.587886,1,1,0,21,gap_confirmed,2,1,1,1,1292.242,-1942.242,0,1,1,1,1,1,1,0,1544.108,1279.446,491.717,-300.0,791.717,0,0.902,0.432,,,,,,,1,1,1,0.95,0,lidar_slot_box,-1.597,-0.014522,58.514,635.797,220.0,347.368,0,footprint_crosses_slot_entrance,-845.798,320.344,-2178.243,-1144.288,0,NONE,0,0,0,0,0,,0.0,0.0,0,0,0.0,slot_not_locked,,0,,0,0,,0,collision_risk,0,vehicle_footprint_crosses_side_boundary,0.0054,0.0054,1.0,58.514,86.866,-48.34,0.185,321.48,483.513,300.000:570.000|300.170:562.062|300.681:554.139|301.530:546.244|302.717:538.394|304.240:530.601|306.095:522.881|308.279:515.248|310.789:507.715|313.619:500.296|316.765:493.006|320.220:485.858|323.978:478.864|328.033:472.037|332.377:465.391|337.001:458.937|341.898:452.687|347.058:446.653|352.473:440.845|358.131:435.275|364.023:429.953|370.137:424.888|376.463:420.090|382.989:415.567|388.464:412.081|389.700:411.324|396.471:407.176|403.243:403.029|410.014:398.882|416.785:394.734|423.557:390.587|430.328:386.440|437.099:382.293|443.871:378.145|450.642:373.998|457.413:369.851|464.185:365.703|470.956:361.556|477.727:357.409|484.499:353.262|491.270:349.114|498.041:344.967|504.813:340.820|511.584:336.673|518.355:332.525|525.127:328.378|531.898:324.231|538.669:320.083|545.441:315.936|552.212:311.789|558.983:307.642|565.755:303.494|572.526:299.347|579.297:295.200|586.069:291.053|592.840:286.905|599.612:282.758|606.383:278.611|613.154:274.463|619.926:270.316|626.697:266.169|633.468:262.022|640.240:257.874|647.011:253.727|653.782:249.580|660.554:245.433|667.325:241.285|674.096:237.138|680.868:232.991|687.639:228.843|694.410:224.696|701.182:220.549|707.953:216.402|714.724:212.254|721.496:208.107|728.267:203.960|735.038:199.813|741.810:195.665|748.581:191.518|755.352:187.371|762.124:183.223|768.895:179.076|775.666:174.929|782.438:170.782|789.209:166.634|795.980:162.487,0,,,,
24.979149,provisional_prealign,provisional_prealign_waiting_for_slot_pose,35,-120,35,-120,provisional_prealign_waiting_for_slot_pose,0,1785215027.700173,1,1,0,15,gap_confirmed,2,1,1,1,1303.985,-1953.985,0,1,1,1,1,1,1,1,1544.108,1279.446,491.717,-300.0,791.717,0,0.902,0.432,,,,,,,1,1,1,0.65,1,lidar_slot_box_hold,-1.597,-0.014522,58.514,635.797,220.0,347.368,0,footprint_crosses_slot_entrance,-845.798,320.344,-2178.243,-1144.288,0,NONE,0,0,0,0,0,,0.0,0.0,0,0,0.0,slot_not_locked,,0,,0,0,,0,,0,,,,,,,,,,,,0,,,,
25.056401,provisional_prealign,provisional_prealign_waiting_for_slot_pose,35,-120,35,-120,provisional_prealign_waiting_for_slot_pose,0,1785215027.700173,0,1,0,15,gap_confirmed,2,1,1,1,1303.985,-1953.985,0,1,1,1,1,1,1,1,1544.108,1279.446,491.717,-300.0,791.717,0,0.902,0.432,,,,,,,1,1,1,0.65,1,lidar_slot_box_hold,-1.597,-0.014522,58.514,635.797,220.0,347.368,0,footprint_crosses_slot_entrance,-845.798,320.344,-2178.243,-1144.288,0,NONE,0,0,0,0,0,,0.0,0.0,0,0,0.0,slot_not_locked,,0,,0,0,,0,,0,,,,,,,,,,,,0,,,,
25.133641,provisional_prealign,provisional_prealign head=+64.5 bearing=+58.1 centerX=+1277mm dist=1505mm path=collision_risk:vehicle_footprint_crosses_side_boundary,35,-120,35,-120,provisional_prealign head=+64.5 bearing=+58.1 centerX=+1277mm dist=1505mm path=collision_risk:vehicle_footprint_crosses_side_boundary,0,1785215027.811497,1,1,0,23,gap_confirmed,2,1,1,1,1317.406,-1967.406,1,1,1,1,1,1,1,0,1528.985,1277.15,496.132,-300.0,796.132,0,0.902,0.431,1785215027.811497,1500.9,1664.499,-140.551,881.27,1149.212,1,1,1,0.95,0,lidar_slot_box,-3.078,-0.02798,58.568,635.874,220.0,347.368,0,footprint_crosses_slot_entrance,-852.344,313.807,-2178.079,-1144.637,0,NONE,0,0,0,0,0,,0.0,0.0,0,0,0.0,slot_not_locked,,0,,0,0,,0,collision_risk,0,vehicle_footprint_crosses_side_boundary,0.0054,0.0054,1.0,58.568,85.536,-47.009,0.104,321.479,483.513,300.000:570.000|300.170:562.060|300.681:554.135|301.531:546.239|302.718:538.386|304.242:530.592|306.098:522.870|308.283:515.235|310.794:507.700|313.625:500.280|316.773:492.989|320.229:485.839|323.989:478.844|328.046:472.016|332.392:465.369|337.018:458.914|341.918:452.663|347.080:446.628|352.497:440.820|358.158:435.250|364.052:429.928|370.169:424.863|376.498:420.065|383.026:415.543|388.614:411.989|389.740:411.301|396.517:407.159|403.294:403.017|410.071:398.875|416.848:394.733|423.625:390.591|430.402:386.449|437.178:382.308|443.955:378.166|450.732:374.024|457.509:369.882|464.286:365.740|471.063:361.598|477.840:357.456|484.617:353.315|491.394:349.173|498.171:345.031|504.948:340.889|511.725:336.747|518.501:332.605|525.278:328.464|532.055:324.322|538.832:320.180|545.609:316.038|552.386:311.896|559.163:307.754|565.940:303.612|572.717:299.471|579.494:295.329|586.271:291.187|593.048:287.045|599.824:282.903|606.601:278.761|613.378:274.620|620.155:270.478|626.932:266.336|633.709:262.194|640.486:258.052|647.263:253.910|654.040:249.768|660.817:245.627|667.594:241.485|674.371:237.343|681.147:233.201|687.924:229.059|694.701:224.917|701.478:220.775|708.255:216.634|715.032:212.492|721.809:208.350|728.586:204.208|735.363:200.066|742.140:195.924|748.917:191.783|755.694:187.641|762.470:183.499|769.247:179.357|776.024:175.215|782.801:171.073|789.578:166.931|796.355:162.790,0,,,,
25.227693,provisional_prealign,provisional_prealign head=+64.5 bearing=+57.7 centerX=+1270mm dist=1502mm path=collision_risk:vehicle_footprint_crosses_side_boundary,35,-120,35,-120,provisional_prealign head=+64.5 bearing=+57.7 centerX=+1270mm dist=1502mm path=collision_risk:vehicle_footprint_crosses_side_boundary,0,1785215027.9224012,1,1,0,24,gap_confirmed,2,1,1,1,1332.303,-1982.303,1,1,1,1,1,1,1,0,1519.793,1269.839,502.028,-300.0,802.028,0,0.903,0.43,1785215027.9224012,1502.722,1658.632,-127.786,853.894,1153.744,1,1,1,0.95,0,lidar_slot_box,-4.072,-0.037014,58.394,635.156,220.0,347.368,0,footprint_crosses_slot_entrance,-856.143,309.975,-2176.569,-1141.493,0,NONE,0,0,0,0,0,,0.0,0.0,0,0,0.0,slot_not_locked,,0,,0,0,,0,collision_risk,0,vehicle_footprint_crosses_side_boundary,0.0054,0.0054,1.0,58.394,84.064,-45.537,0.597,321.48,483.513,300.000:570.000|300.170:562.072|300.679:554.158|301.526:546.273|302.710:538.432|304.229:530.649|306.080:522.938|308.259:515.313|310.762:507.789|313.586:500.378|316.724:493.096|320.171:485.954|323.920:478.966|327.965:472.146|332.299:465.504|336.913:459.055|341.799:452.809|346.947:446.777|352.349:440.972|357.995:435.403|363.874:430.081|369.976:425.016|376.289:420.217|382.801:415.692|388.135:412.282|389.498:411.444|396.252:407.288|403.006:403.132|409.761:398.975|416.515:394.819|423.269:390.663|430.023:386.507|436.778:382.351|443.532:378.194|450.286:374.038|457.041:369.882|463.795:365.726|470.549:361.569|477.304:357.413|484.058:353.257|490.812:349.101|497.567:344.945|504.321:340.788|511.075:336.632|517.830:332.476|524.584:328.320|531.338:324.163|538.093:320.007|544.847:315.851|551.601:311.695|558.356:307.539|565.110:303.382|571.864:299.226|578.619:295.070|585.373:290.914|592.127:286.758|598.882:282.601|605.636:278.445|612.390:274.289|619.145:270.133|625.899:265.976|632.653:261.820|639.408:257.664|646.162:253.508|652.916:249.352|659.671:245.195|666.425:241.039|673.179:236.883|679.934:232.727|686.688:228.570|693.442:224.414|700.197:220.258|706.951:216.102|713.705:211.946|720.460:207.789|727.214:203.633|733.968:199.477|740.723:195.321|747.477:191.164|754.231:187.008|760.986:182.852|767.740:178.696|774.494:174.540|781.249:170.383|788.003:166.227|794.757:162.071,0,,,,
25.320937,provisional_prealign,provisional_prealign head=+64.5 bearing=+57.3 centerX=+1271mm dist=1511mm path=collision_risk:vehicle_footprint_crosses_side_boundary,35,-120,35,-120,provisional_prealign head=+64.5 bearing=+57.3 centerX=+1271mm dist=1511mm path=collision_risk:vehicle_footprint_crosses_side_boundary,0,1785215028.0340776,1,1,0,18,gap_confirmed,2,1,1,1,1351.296,-2001.296,1,1,1,1,1,1,1,0,1515.003,1270.888,516.907,-300.0,816.907,0,0.903,0.431,1785215028.0340776,1506.106,1661.769,-104.198,883.901,1193.274,1,1,1,0.95,0,lidar_slot_box,-7.889,-0.071718,58.56,637.147,220.0,347.368,0,footprint_crosses_slot_entrance,-873.097,293.053,-2183.65,-1150.131,0,NONE,0,0,0,0,0,,0.0,0.0,0,0,0.0,slot_not_locked,,0,,0,0,,0,collision_risk,0,vehicle_footprint_crosses_side_boundary,0.0054,0.0054,1.0,58.56,80.702,-42.176,7.431,321.478,483.513,300.000:570.000|300.171:562.045|300.683:554.105|301.537:546.194|302.729:538.327|304.258:530.518|306.121:522.783|308.314:515.134|310.834:507.587|313.676:500.155|316.835:492.852|320.304:485.692|324.078:478.687|328.149:471.851|332.510:465.195|337.153:458.734|342.070:452.478|347.250:446.438|352.685:440.627|358.365:435.055|364.279:429.732|370.416:424.667|376.765:419.871|383.314:415.353|388.591:412.003|390.047:411.113|396.836:406.962|403.625:402.811|410.414:398.661|417.204:394.510|423.993:390.359|430.782:386.209|437.571:382.058|444.360:377.907|451.149:373.757|457.938:369.606|464.727:365.456|471.517:361.305|478.306:357.154|485.095:353.004|491.884:348.853|498.673:344.702|505.462:340.552|512.251:336.401|519.040:332.250|525.830:328.100|532.619:323.949|539.408:319.798|546.197:315.648|552.986:311.497|559.775:307.347|566.564:303.196|573.353:299.045|580.143:294.895|586.932:290.744|593.721:286.593|600.510:282.443|607.299:278.292|614.088:274.141|620.877:269.991|627.666:265.840|634.455:261.689|641.245:257.539|648.034:253.388|654.823:249.238|661.612:245.087|668.401:240.936|675.190:236.786|681.979:232.635|688.768:228.484|695.558:224.334|702.347:220.183|709.136:216.032|715.925:211.882|722.714:207.731|729.503:203.580|736.292:199.430|743.081:195.279|749.871:191.129|756.660:186.978|763.449:182.827|770.238:178.677|777.027:174.526|783.816:170.375|790.605:166.225|797.394:162.074,0,,,,
25.397407,provisional_prealign,provisional_prealign head=+64.5 bearing=+57.3 centerX=+1271mm dist=1511mm path=collision_risk:vehicle_footprint_crosses_side_boundary,35,-120,35,-120,provisional_prealign head=+64.5 bearing=+57.3 centerX=+1271mm dist=1511mm path=collision_risk:vehicle_footprint_crosses_side_boundary,0,1785215028.0340776,0,1,0,18,gap_confirmed,2,1,1,1,1351.296,-2001.296,1,1,1,1,1,1,1,0,1515.003,1270.888,516.907,-300.0,816.907,0,0.903,0.431,,,,,,,1,1,1,0.95,0,lidar_slot_box,-7.889,-0.071718,58.56,637.147,220.0,347.368,0,footprint_crosses_slot_entrance,-873.097,293.053,-2183.65,-1150.131,0,NONE,0,0,0,0,0,,0.0,0.0,0,0,0.0,slot_not_locked,,0,,0,0,,0,collision_risk,0,vehicle_footprint_crosses_side_boundary,0.0054,0.0054,1.0,58.56,80.702,-42.176,7.431,321.478,483.513,300.000:570.000|300.171:562.045|300.683:554.105|301.537:546.194|302.729:538.327|304.258:530.518|306.121:522.783|308.314:515.134|310.834:507.587|313.676:500.155|316.835:492.852|320.304:485.692|324.078:478.687|328.149:471.851|332.510:465.195|337.153:458.734|342.070:452.478|347.250:446.438|352.685:440.627|358.365:435.055|364.279:429.732|370.416:424.667|376.765:419.871|383.314:415.353|388.591:412.003|390.047:411.113|396.836:406.962|403.625:402.811|410.414:398.661|417.204:394.510|423.993:390.359|430.782:386.209|437.571:382.058|444.360:377.907|451.149:373.757|457.938:369.606|464.727:365.456|471.517:361.305|478.306:357.154|485.095:353.004|491.884:348.853|498.673:344.702|505.462:340.552|512.251:336.401|519.040:332.250|525.830:328.100|532.619:323.949|539.408:319.798|546.197:315.648|552.986:311.497|559.775:307.347|566.564:303.196|573.353:299.045|580.143:294.895|586.932:290.744|593.721:286.593|600.510:282.443|607.299:278.292|614.088:274.141|620.877:269.991|627.666:265.840|634.455:261.689|641.245:257.539|648.034:253.388|654.823:249.238|661.612:245.087|668.401:240.936|675.190:236.786|681.979:232.635|688.768:228.484|695.558:224.334|702.347:220.183|709.136:216.032|715.925:211.882|722.714:207.731|729.503:203.580|736.292:199.430|743.081:195.279|749.871:191.129|756.660:186.978|763.449:182.827|770.238:178.677|777.027:174.526|783.816:170.375|790.605:166.225|797.394:162.074,0,,,,
25.473325,provisional_prealign,provisional_prealign head=+64.4 bearing=+56.8 centerX=+1271mm dist=1519mm path=collision_risk:vehicle_footprint_crosses_side_boundary,35,-120,35,-120,provisional_prealign head=+64.4 bearing=+56.8 centerX=+1271mm dist=1519mm path=collision_risk:vehicle_footprint_crosses_side_boundary,0,1785215028.1462414,1,1,0,19,gap_confirmed,2,1,1,1,1364.855,-2014.855,1,1,1,1,1,1,1,0,1510.598,1270.993,532.077,-300.0,832.077,0,0.902,0.431,1785215028.1462414,1502.417,1662.575,-85.048,879.8,1205.549,1,1,1,0.95,0,lidar_slot_box,-11.184,-0.101676,58.61,638.991,220.0,347.368,0,footprint_crosses_slot_entrance,-887.469,278.689,-2191.146,-1158.104,0,NONE,0,0,0,0,0,,0.0,0.0,0,0,0.0,slot_not_locked,,0,,0,0,,0,collision_risk,0,vehicle_footprint_crosses_side_boundary,0.0054,0.0054,1.0,58.61,77.546,-39.02,6.493,321.477,483.512,300.000:570.000|300.172:562.022|300.687:554.059|301.545:546.126|302.744:538.237|304.282:530.407|306.156:522.650|308.362:514.981|310.896:507.415|313.754:499.965|316.930:492.644|320.419:485.468|324.214:478.448|328.307:471.599|332.692:464.932|337.360:458.460|342.302:452.195|347.510:446.149|352.973:440.333|358.682:434.757|364.626:429.433|370.793:424.370|377.173:419.577|383.754:415.064|388.731:411.918|390.517:410.828|397.329:406.671|404.141:402.515|410.954:398.358|417.766:394.202|424.578:390.045|431.390:385.888|438.203:381.732|445.015:377.575|451.827:373.419|458.640:369.262|465.452:365.106|472.264:360.949|479.077:356.793|485.889:352.636|492.701:348.479|499.514:344.323|506.326:340.166|513.138:336.010|519.951:331.853|526.763:327.697|533.575:323.540|540.388:319.384|547.200:315.227|554.012:311.070|560.824:306.914|567.637:302.757|574.449:298.601|581.261:294.444|588.074:290.288|594.886:286.131|601.698:281.974|608.511:277.818|615.323:273.661|622.135:269.505|628.948:265.348|635.760:261.192|642.572:257.035|649.385:252.879|656.197:248.722|663.009:244.565|669.822:240.409|676.634:236.252|683.446:232.096|690.258:227.939|697.071:223.783|703.883:219.626|710.695:215.470|717.508:211.313|724.320:207.156|731.132:203.000|737.945:198.843|744.757:194.687|751.569:190.530|758.382:186.374|765.194:182.217|772.006:178.061|778.819:173.904|785.631:169.747|792.443:165.591|799.256:161.434,0,,,,
25.550709,provisional_prealign,provisional_prealign head=+64.4 bearing=+56.3 centerX=+1263mm dist=1518mm path=collision_risk:vehicle_footprint_crosses_side_boundary,35,-120,35,-120,provisional_prealign head=+64.4 bearing=+56.3 centerX=+1263mm dist=1518mm path=collision_risk:vehicle_footprint_crosses_side_boundary,0,1785215028.2590806,1,1,0,18,gap_confirmed,2,1,1,1,1378.871,-2028.871,1,1,1,1,1,1,1,0,1509.779,1262.869,541.502,-300.0,841.502,0,0.902,0.433,1785215028.2590806,1508.259,1661.097,-78.661,834.465,1196.672,1,1,1,0.95,0,lidar_slot_box,-11.636,-0.105785,58.22,638.609,220.0,347.368,0,footprint_crosses_slot_entrance,-888.308,277.765,-2193.067,-1156.365,0,NONE,0,0,0,0,0,,0.0,0.0,0,0,0.0,slot_not_locked,,0,,0,0,,0,collision_risk,0,vehicle_footprint_crosses_side_boundary,0.0054,0.0054,1.0,58.22,76.02,-37.494,6.973,321.478,483.512,300.000:570.000|300.171:562.034|300.685:554.083|301.541:546.161|302.736:538.283|304.270:530.464|306.138:522.718|308.337:515.060|310.865:507.503|313.714:500.062|316.882:492.751|320.360:485.582|324.144:478.570|328.226:471.727|332.599:465.066|337.254:458.600|342.183:452.339|347.377:446.297|352.826:440.483|358.520:434.909|364.448:429.586|370.600:424.522|376.965:419.727|383.529:415.211|387.657:412.578|390.268:410.960|397.042:406.763|403.816:402.566|410.590:398.370|417.364:394.173|424.138:389.976|430.912:385.780|437.686:381.583|444.460:377.386|451.234:373.190|458.007:368.993|464.781:364.796|471.555:360.600|478.329:356.403|485.103:352.206|491.877:348.010|498.651:343.813|505.425:339.616|512.199:335.419|518.973:331.223|525.747:327.026|532.521:322.829|539.294:318.633|546.068:314.436|552.842:310.239|559.616:306.043|566.390:301.846|573.164:297.649|579.938:293.453|586.712:289.256|593.486:285.059|600.260:280.863|607.034:276.666|613.808:272.469|620.581:268.273|627.355:264.076|634.129:259.879|640.903:255.682|647.677:251.486|654.451:247.289|661.225:243.092|667.999:238.896|674.773:234.699|681.547:230.502|688.321:226.306|695.095:222.109|701.868:217.912|708.642:213.716|715.416:209.519|722.190:205.322|728.964:201.126|735.738:196.929|742.512:192.732|749.286:188.535|756.060:184.339|762.834:180.142|769.608:175.945|776.382:171.749|783.155:167.552|789.929:163.355|796.703:159.159,0,,,,
25.627981,provisional_prealign,provisional_prealign head=+64.4 bearing=+56.3 centerX=+1263mm dist=1518mm path=collision_risk:vehicle_footprint_crosses_side_boundary,35,-120,35,-120,provisional_prealign head=+64.4 bearing=+56.3 centerX=+1263mm dist=1518mm path=collision_risk:vehicle_footprint_crosses_side_boundary,0,1785215028.2590806,0,1,0,18,gap_confirmed,2,1,1,1,1378.871,-2028.871,1,1,1,1,1,1,1,0,1509.779,1262.869,541.502,-300.0,841.502,0,0.902,0.433,,,,,,,1,1,1,0.95,0,lidar_slot_box,-11.636,-0.105785,58.22,638.609,220.0,347.368,0,footprint_crosses_slot_entrance,-888.308,277.765,-2193.067,-1156.365,0,NONE,0,0,0,0,0,,0.0,0.0,0,0,0.0,slot_not_locked,,0,,0,0,,0,collision_risk,0,vehicle_footprint_crosses_side_boundary,0.0054,0.0054,1.0,58.22,76.02,-37.494,6.973,321.478,483.512,300.000:570.000|300.171:562.034|300.685:554.083|301.541:546.161|302.736:538.283|304.270:530.464|306.138:522.718|308.337:515.060|310.865:507.503|313.714:500.062|316.882:492.751|320.360:485.582|324.144:478.570|328.226:471.727|332.599:465.066|337.254:458.600|342.183:452.339|347.377:446.297|352.826:440.483|358.520:434.909|364.448:429.586|370.600:424.522|376.965:419.727|383.529:415.211|387.657:412.578|390.268:410.960|397.042:406.763|403.816:402.566|410.590:398.370|417.364:394.173|424.138:389.976|430.912:385.780|437.686:381.583|444.460:377.386|451.234:373.190|458.007:368.993|464.781:364.796|471.555:360.600|478.329:356.403|485.103:352.206|491.877:348.010|498.651:343.813|505.425:339.616|512.199:335.419|518.973:331.223|525.747:327.026|532.521:322.829|539.294:318.633|546.068:314.436|552.842:310.239|559.616:306.043|566.390:301.846|573.164:297.649|579.938:293.453|586.712:289.256|593.486:285.059|600.260:280.863|607.034:276.666|613.808:272.469|620.581:268.273|627.355:264.076|634.129:259.879|640.903:255.682|647.677:251.486|654.451:247.289|661.225:243.092|667.999:238.896|674.773:234.699|681.547:230.502|688.321:226.306|695.095:222.109|701.868:217.912|708.642:213.716|715.416:209.519|722.190:205.322|728.964:201.126|735.738:196.929|742.512:192.732|749.286:188.535|756.060:184.339|762.834:180.142|769.608:175.945|776.382:171.749|783.155:167.552|789.929:163.355|796.703:159.159,0,,,,
25.705902,provisional_prealign,provisional_prealign head=+64.4 bearing=+56.1 centerX=+1266mm dist=1526mm path=collision_risk:vehicle_footprint_crosses_side_boundary,35,-120,35,-120,provisional_prealign head=+64.4 bearing=+56.1 centerX=+1266mm dist=1526mm path=collision_risk:vehicle_footprint_crosses_side_boundary,0,1785215028.3715353,1,1,0,16,gap_confirmed,2,1,1,1,1392.927,-2042.927,0,1,1,1,1,1,1,0,1509.779,1266.349,551.551,-300.0,851.551,0,0.902,0.433,,,,,,,1,1,1,0.95,0,lidar_slot_box,-13.19,-0.119909,58.22,640.519,220.0,347.368,0,footprint_crosses_slot_entrance,-895.017,271.055,-2201.318,-1164.616,0,NONE,0,0,0,0,0,,0.0,0.0,0,0,0.0,slot_not_locked,,0,,0,0,,0,collision_risk,0,vehicle_footprint_crosses_side_boundary,0.0054,0.0054,1.0,58.22,74.467,-35.94,6.04,321.476,483.511,300.000:570.000|300.172:562.011|300.689:554.037|301.550:546.093|302.752:538.193|304.294:530.353|306.173:522.586|308.385:514.908|310.926:507.332|313.792:499.873|316.977:492.544|320.475:485.360|324.279:478.333|328.384:471.477|332.780:464.804|337.460:458.327|342.415:452.059|347.636:446.009|353.113:440.191|358.836:434.614|364.794:429.289|370.976:424.227|377.371:419.436|383.967:414.925|387.657:412.578|390.732:410.672|397.526:406.464|404.319:402.255|411.112:398.046|417.905:393.838|424.699:389.629|431.492:385.420|438.285:381.212|445.078:377.003|451.872:372.794|458.665:368.586|465.458:364.377|472.251:360.168|479.045:355.960|485.838:351.751|492.631:347.542|499.424:343.334|506.218:339.125|513.011:334.916|519.804:330.708|526.597:326.499|533.391:322.290|540.184:318.082|546.977:313.873|553.770:309.664|560.564:305.456|567.357:301.247|574.150:297.038|580.943:292.830|587.737:288.621|594.530:284.412|601.323:280.204|608.117:275.995|614.910:271.786|621.703:267.578|628.496:263.369|635.290:259.160|642.083:254.952|648.876:250.743|655.669:246.534|662.463:242.326|669.256:238.117|676.049:233.908|682.842:229.700|689.636:225.491|696.429:221.282|703.222:217.074|710.015:212.865|716.809:208.656|723.602:204.448|730.395:200.239|737.188:196.030|743.982:191.822|750.775:187.613|757.568:183.404|764.361:179.196|771.155:174.987|777.948:170.778|784.741:166.570|791.534:162.361|798.328:158.152,0,,,,
25.783989,provisional_prealign,provisional_prealign_waiting_for_slot_pose,35,-120,35,-120,provisional_prealign_waiting_for_slot_pose,0,1785215028.4821951,1,1,0,15,gap_confirmed,2,1,1,1,1409.814,-2059.814,0,1,1,1,1,1,1,1,1509.779,1266.349,551.551,-300.0,851.551,0,0.902,0.433,,,,,,,1,1,1,0.65,1,lidar_slot_box_hold,-13.19,-0.119909,58.22,640.519,220.0,347.368,0,footprint_crosses_slot_entrance,-895.017,271.055,-2201.318,-1164.616,0,NONE,0,0,0,0,0,,0.0,0.0,0,0,0.0,slot_not_locked,,0,,0,0,,0,,0,,,,,,,,,,,,0,,,,
25.860413,provisional_prealign,provisional_prealign_waiting_for_slot_pose,35,-120,35,-120,provisional_prealign_waiting_for_slot_pose,0,1785215028.4821951,0,1,0,15,gap_confirmed,2,1,1,1,1409.814,-2059.814,0,1,1,1,1,1,1,1,1509.779,1266.349,551.551,-300.0,851.551,0,0.902,0.433,,,,,,,1,1,1,0.65,1,lidar_slot_box_hold,-13.19,-0.119909,58.22,640.519,220.0,347.368,0,footprint_crosses_slot_entrance,-895.017,271.055,-2201.318,-1164.616,0,NONE,0,0,0,0,0,,0.0,0.0,0,0,0.0,slot_not_locked,,0,,0,0,,0,,0,,,,,,,,,,,,0,,,,
25.937925,provisional_prealign,provisional_prealign head=+64.4 bearing=+55.6 centerX=+1265mm dist=1533mm path=collision_risk:vehicle_footprint_crosses_side_boundary,35,-120,35,-120,provisional_prealign head=+64.4 bearing=+55.6 centerX=+1265mm dist=1533mm path=collision_risk:vehicle_footprint_crosses_side_boundary,0,1785215028.5943818,1,1,0,22,gap_confirmed,2,1,1,1,1424.844,-2074.844,0,1,1,1,1,1,1,0,1509.779,1264.561,567.15,-300.0,867.15,0,0.902,0.433,,,,,,,1,1,1,0.95,0,lidar_slot_box,-16.479,-0.149808,58.22,642.07,220.0,347.368,0,footprint_crosses_slot_entrance,-909.219,256.853,-2208.013,-1171.311,0,NONE,0,0,0,0,0,,0.0,0.0,0,0,0.0,slot_not_locked,,0,,0,0,,0,collision_risk,0,vehicle_footprint_crosses_side_boundary,0.0054,0.0054,1.0,58.22,71.178,-32.651,1.231,321.481,483.514,300.000:570.000|300.169:562.087|300.676:554.188|301.520:546.318|302.700:538.492|304.213:530.723|306.057:523.026|308.228:515.414|310.722:507.903|313.535:500.504|316.661:493.233|320.095:486.102|323.831:479.124|327.862:472.312|332.180:465.679|336.777:459.236|341.646:452.996|346.777:446.969|352.160:441.167|357.787:435.600|363.646:430.279|369.728:425.214|376.020:420.412|382.512:415.884|387.657:412.578|389.186:411.630|395.915:407.461|402.644:403.293|409.373:399.124|416.102:394.955|422.831:390.786|429.559:386.618|436.288:382.449|443.017:378.280|449.746:374.111|456.475:369.942|463.204:365.774|469.933:361.605|476.661:357.436|483.390:353.267|490.119:349.099|496.848:344.930|503.577:340.761|510.306:336.592|517.034:332.424|523.763:328.255|530.492:324.086|537.221:319.917|543.950:315.749|550.679:311.580|557.407:307.411|564.136:303.242|570.865:299.074|577.594:294.905|584.323:290.736|591.052:286.567|597.780:282.399|604.509:278.230|611.238:274.061|617.967:269.892|624.696:265.724|631.425:261.555|638.153:257.386|644.882:253.217|651.611:249.048|658.340:244.880|665.069:240.711|671.798:236.542|678.527:232.373|685.255:228.205|691.984:224.036|698.713:219.867|705.442:215.698|712.171:211.530|718.900:207.361|725.628:203.192|732.357:199.023|739.086:194.855|745.815:190.686|752.544:186.517|759.273:182.348|766.001:178.180|772.730:174.011|779.459:169.842|786.188:165.673|792.917:161.505|799.646:157.336,0,,,,
26.015497,provisional_prealign,provisional_prealign head=+64.4 bearing=+55.0 centerX=+1259mm dist=1537mm path=collision_risk:vehicle_footprint_crosses_side_boundary,35,-120,35,-120,provisional_prealign head=+64.4 bearing=+55.0 centerX=+1259mm dist=1537mm path=collision_risk:vehicle_footprint_crosses_side_boundary,0,1785215028.704934,1,1,0,23,gap_confirmed,2,1,1,1,1448.45,-2098.45,0,1,1,1,1,1,1,0,1509.779,1259.403,580.765,-300.0,880.765,0,0.902,0.433,,,,,,,1,1,1,0.95,0,lidar_slot_box,-19.788,-0.179894,58.22,642.715,220.0,347.368,0,footprint_crosses_slot_entrance,-923.509,242.563,-2210.799,-1174.097,0,NONE,0,0,0,0,0,,0.0,0.0,0,0,0.0,slot_not_locked,,0,,0,0,,0,collision_risk,0,vehicle_footprint_crosses_side_boundary,0.0054,0.0054,1.0,58.22,67.868,-29.342,0.913,321.481,483.514,300.000:570.000|300.169:562.079|300.678:554.173|301.523:546.296|302.705:538.462|304.221:530.686|306.068:522.982|308.243:515.363|310.742:507.845|313.560:500.441|316.693:493.164|320.133:486.027|323.876:479.045|327.914:472.228|332.240:465.591|336.845:459.145|341.723:452.902|346.862:446.873|352.255:441.069|357.892:435.501|363.761:430.180|369.852:425.114|376.155:420.314|382.657:415.787|387.657:412.578|389.341:411.534|396.077:407.361|402.812:403.189|409.547:399.016|416.282:394.843|423.018:390.670|429.753:386.498|436.488:382.325|443.224:378.152|449.959:373.979|456.694:369.807|463.429:365.634|470.165:361.461|476.900:357.288|483.635:353.116|490.371:348.943|497.106:344.770|503.841:340.597|510.577:336.425|517.312:332.252|524.047:328.079|530.782:323.906|537.518:319.734|544.253:315.561|550.988:311.388|557.724:307.215|564.459:303.043|571.194:298.870|577.929:294.697|584.665:290.524|591.400:286.351|598.135:282.179|604.871:278.006|611.606:273.833|618.341:269.660|625.076:265.488|631.812:261.315|638.547:257.142|645.282:252.969|652.018:248.797|658.753:244.624|665.488:240.451|672.223:236.278|678.959:232.106|685.694:227.933|692.429:223.760|699.165:219.587|705.900:215.415|712.635:211.242|719.371:207.069|726.106:202.896|732.841:198.724|739.576:194.551|746.312:190.378|753.047:186.205|759.782:182.033|766.518:177.860|773.253:173.687|779.988:169.514|786.723:165.342|793.459:161.169|800.194:156.996,0,,,,
26.093239,provisional_prealign,provisional_prealign head=+64.4 bearing=+55.0 centerX=+1259mm dist=1537mm path=collision_risk:vehicle_footprint_crosses_side_boundary,35,-120,35,-120,provisional_prealign head=+64.4 bearing=+55.0 centerX=+1259mm dist=1537mm path=collision_risk:vehicle_footprint_crosses_side_boundary,0,1785215028.704934,0,1,0,23,gap_confirmed,2,1,1,1,1448.45,-2098.45,0,1,1,1,1,1,1,0,1509.779,1259.403,580.765,-300.0,880.765,0,0.902,0.433,,,,,,,1,1,1,0.95,0,lidar_slot_box,-19.788,-0.179894,58.22,642.715,220.0,347.368,0,footprint_crosses_slot_entrance,-923.509,242.563,-2210.799,-1174.097,0,NONE,0,0,0,0,0,,0.0,0.0,0,0,0.0,slot_not_locked,,0,,0,0,,0,collision_risk,0,vehicle_footprint_crosses_side_boundary,0.0054,0.0054,1.0,58.22,67.868,-29.342,0.913,321.481,483.514,300.000:570.000|300.169:562.079|300.678:554.173|301.523:546.296|302.705:538.462|304.221:530.686|306.068:522.982|308.243:515.363|310.742:507.845|313.560:500.441|316.693:493.164|320.133:486.027|323.876:479.045|327.914:472.228|332.240:465.591|336.845:459.145|341.723:452.902|346.862:446.873|352.255:441.069|357.892:435.501|363.761:430.180|369.852:425.114|376.155:420.314|382.657:415.787|387.657:412.578|389.341:411.534|396.077:407.361|402.812:403.189|409.547:399.016|416.282:394.843|423.018:390.670|429.753:386.498|436.488:382.325|443.224:378.152|449.959:373.979|456.694:369.807|463.429:365.634|470.165:361.461|476.900:357.288|483.635:353.116|490.371:348.943|497.106:344.770|503.841:340.597|510.577:336.425|517.312:332.252|524.047:328.079|530.782:323.906|537.518:319.734|544.253:315.561|550.988:311.388|557.724:307.215|564.459:303.043|571.194:298.870|577.929:294.697|584.665:290.524|591.400:286.351|598.135:282.179|604.871:278.006|611.606:273.833|618.341:269.660|625.076:265.488|631.812:261.315|638.547:257.142|645.282:252.969|652.018:248.797|658.753:244.624|665.488:240.451|672.223:236.278|678.959:232.106|685.694:227.933|692.429:223.760|699.165:219.587|705.900:215.415|712.635:211.242|719.371:207.069|726.106:202.896|732.841:198.724|739.576:194.551|746.312:190.378|753.047:186.205|759.782:182.033|766.518:177.860|773.253:173.687|779.988:169.514|786.723:165.342|793.459:161.169|800.194:156.996,0,,,,
26.17128,provisional_prealign,provisional_prealign head=+64.4 bearing=+54.6 centerX=+1254mm dist=1539mm path=collision_risk:vehicle_footprint_crosses_side_boundary,35,-120,35,-120,provisional_prealign head=+64.4 bearing=+54.6 centerX=+1254mm dist=1539mm path=collision_risk:vehicle_footprint_crosses_side_boundary,0,1785215028.8186269,1,1,0,20,gap_confirmed,2,1,1,1,1463.25,-2113.25,0,1,1,1,1,1,1,0,1509.779,1254.037,592.68,-300.0,892.68,0,0.902,0.433,,,,,,,1,1,1,0.95,0,lidar_slot_box,-22.788,-0.207167,58.22,643.112,220.0,347.368,0,footprint_crosses_slot_entrance,-936.464,229.608,-2212.512,-1175.81,0,NONE,0,0,0,0,0,,0.0,0.0,0,0,0.0,slot_not_locked,,0,,0,0,,0,collision_risk,0,vehicle_footprint_crosses_side_boundary,0.0054,0.0054,1.0,58.22,64.868,-26.342,0.717,321.48,483.514,300.000:570.000|300.170:562.075|300.678:554.164|301.525:546.282|302.708:538.444|304.226:530.663|306.076:522.955|308.253:515.332|310.755:507.810|313.576:500.402|316.712:493.121|320.156:485.982|323.903:478.996|327.946:472.177|332.276:465.537|336.887:459.089|341.770:452.844|346.915:446.813|352.314:441.009|357.956:435.440|363.831:430.119|369.929:425.053|376.238:420.253|382.746:415.728|387.657:412.578|389.437:411.475|396.176:407.300|402.915:403.125|409.654:398.950|416.394:394.774|423.133:390.599|429.872:386.424|436.611:382.249|443.351:378.073|450.090:373.898|456.829:369.723|463.568:365.548|470.308:361.373|477.047:357.197|483.786:353.022|490.525:348.847|497.265:344.672|504.004:340.497|510.743:336.321|517.482:332.146|524.222:327.971|530.961:323.796|537.700:319.620|544.439:315.445|551.179:311.270|557.918:307.095|564.657:302.920|571.396:298.744|578.136:294.569|584.875:290.394|591.614:286.219|598.354:282.044|605.093:277.868|611.832:273.693|618.571:269.518|625.311:265.343|632.050:261.167|638.789:256.992|645.528:252.817|652.268:248.642|659.007:244.467|665.746:240.291|672.485:236.116|679.225:231.941|685.964:227.766|692.703:223.591|699.442:219.415|706.182:215.240|712.921:211.065|719.660:206.890|726.399:202.714|733.139:198.539|739.878:194.364|746.617:190.189|753.356:186.014|760.096:181.838|766.835:177.663|773.574:173.488|780.314:169.313|787.053:165.138|793.792:160.962|800.531:156.787,0,,,,
26.264544,provisional_prealign,provisional_prealign head=+64.4 bearing=+53.6 centerX=+1253mm dist=1556mm path=collision_risk:vehicle_footprint_crosses_side_boundary,35,-120,35,-120,provisional_prealign head=+64.4 bearing=+53.6 centerX=+1253mm dist=1556mm path=collision_risk:vehicle_footprint_crosses_side_boundary,0,1785215028.9318035,1,1,0,19,gap_confirmed,2,1,1,1,1477.905,-2127.905,0,1,1,1,1,1,1,0,1509.779,1252.552,623.209,-300.0,923.209,0,0.902,0.433,,,,,,,1,1,1,0.95,0,lidar_slot_box,-28.979,-0.263449,58.22,646.543,220.0,347.368,0,footprint_crosses_slot_entrance,-963.198,202.874,-2227.328,-1190.626,0,NONE,0,0,0,0,0,,0.0,0.0,0,0,0.0,slot_not_locked,,0,,0,0,,0,collision_risk,0,vehicle_footprint_crosses_side_boundary,0.0054,0.0054,1.0,58.22,58.677,-20.151,6.989,321.478,483.512,300.000:570.000|300.171:562.034|300.685:554.083|301.541:546.162|302.736:538.284|304.269:530.466|306.137:522.720|308.337:515.062|310.863:507.506|313.713:500.066|316.880:492.754|320.358:485.586|324.142:478.574|328.224:471.732|332.596:465.071|337.251:458.605|342.179:452.344|347.373:446.302|352.821:440.488|358.514:434.915|364.442:429.591|370.594:424.527|376.957:419.733|383.521:415.216|387.657:412.578|390.260:410.965|397.034:406.768|403.807:402.572|410.581:398.376|417.354:394.179|424.128:389.983|430.901:385.786|437.675:381.590|444.449:377.393|451.222:373.197|457.996:369.000|464.769:364.804|471.543:360.607|478.316:356.411|485.090:352.214|491.864:348.018|498.637:343.821|505.411:339.625|512.184:335.428|518.958:331.232|525.731:327.036|532.505:322.839|539.279:318.643|546.052:314.446|552.826:310.250|559.599:306.053|566.373:301.857|573.146:297.660|579.920:293.464|586.694:289.267|593.467:285.071|600.241:280.874|607.014:276.678|613.788:272.481|620.561:268.285|627.335:264.088|634.109:259.892|640.882:255.695|647.656:251.499|654.429:247.303|661.203:243.106|667.976:238.910|674.750:234.713|681.524:230.517|688.297:226.320|695.071:222.124|701.844:217.927|708.618:213.731|715.391:209.534|722.165:205.338|728.939:201.141|735.712:196.945|742.486:192.748|749.259:188.552|756.033:184.355|762.806:180.159|769.580:175.963|776.354:171.766|783.127:167.570|789.901:163.373|796.674:159.177|803.448:154.980,0,,,,
26.34224,provisional_prealign,provisional_prealign head=+64.4 bearing=+52.7 centerX=+1241mm dist=1560mm path=collision_risk:vehicle_footprint_crosses_side_boundary,35,-120,35,-120,provisional_prealign head=+64.4 bearing=+52.7 centerX=+1241mm dist=1560mm path=collision_risk:vehicle_footprint_crosses_side_boundary,0,1785215029.0426242,1,1,0,22,gap_confirmed,2,1,1,1,1493.059,-2143.059,0,1,1,1,1,1,1,0,1509.779,1241.441,645.299,-300.0,945.299,0,0.902,0.433,,,,,,,1,1,1,0.95,0,lidar_slot_box,-34.683,-0.315301,58.22,647.05,220.0,347.368,0,footprint_crosses_slot_entrance,-987.828,178.244,-2229.517,-1192.815,0,NONE,0,0,0,0,0,,0.0,0.0,0,0,0.0,slot_not_locked,,0,,0,0,,0,collision_risk,0,vehicle_footprint_crosses_side_boundary,0.0054,0.0054,1.0,58.22,52.973,-14.447,6.745,321.477,483.512,300.000:570.000|300.172:562.028|300.686:554.071|301.543:546.144|302.740:538.261|304.276:530.437|306.146:522.686|308.349:515.023|310.880:507.461|313.733:500.016|316.905:492.700|320.388:485.528|324.177:478.512|328.265:471.666|332.643:465.002|337.305:458.533|342.240:452.271|347.440:446.226|352.896:440.412|358.597:434.837|364.533:429.513|370.692:424.450|377.064:419.656|383.636:415.141|387.657:412.578|390.382:410.890|397.160:406.690|403.939:402.490|410.718:398.291|417.496:394.091|424.275:389.891|431.054:385.692|437.832:381.492|444.611:377.293|451.389:373.093|458.168:368.893|464.947:364.694|471.725:360.494|478.504:356.295|485.283:352.095|492.061:347.895|498.840:343.696|505.619:339.496|512.397:335.297|519.176:331.097|525.955:326.897|532.733:322.698|539.512:318.498|546.290:314.298|553.069:310.099|559.848:305.899|566.626:301.700|573.405:297.500|580.184:293.300|586.962:289.101|593.741:284.901|600.520:280.702|607.298:276.502|614.077:272.302|620.856:268.103|627.634:263.903|634.413:259.703|641.191:255.504|647.970:251.304|654.749:247.105|661.527:242.905|668.306:238.705|675.085:234.506|681.863:230.306|688.642:226.107|695.421:221.907|702.199:217.707|708.978:213.508|715.757:209.308|722.535:205.109|729.314:200.909|736.092:196.709|742.871:192.510|749.650:188.310|756.428:184.110|763.207:179.911|769.986:175.711|776.764:171.512|783.543:167.312|790.322:163.112|797.100:158.913|803.879:154.713,0,,,,
26.420051,provisional_prealign,provisional_prealign head=+64.4 bearing=+52.7 centerX=+1241mm dist=1560mm path=collision_risk:vehicle_footprint_crosses_side_boundary,35,-120,35,-120,provisional_prealign head=+64.4 bearing=+52.7 centerX=+1241mm dist=1560mm path=collision_risk:vehicle_footprint_crosses_side_boundary,0,1785215029.0426242,0,1,0,22,gap_confirmed,2,1,1,1,1493.059,-2143.059,0,1,1,1,1,1,1,0,1509.779,1241.441,645.299,-300.0,945.299,0,0.902,0.433,,,,,,,1,1,1,0.95,0,lidar_slot_box,-34.683,-0.315301,58.22,647.05,220.0,347.368,0,footprint_crosses_slot_entrance,-987.828,178.244,-2229.517,-1192.815,0,NONE,0,0,0,0,0,,0.0,0.0,0,0,0.0,slot_not_locked,,0,,0,0,,0,collision_risk,0,vehicle_footprint_crosses_side_boundary,0.0054,0.0054,1.0,58.22,52.973,-14.447,6.745,321.477,483.512,300.000:570.000|300.172:562.028|300.686:554.071|301.543:546.144|302.740:538.261|304.276:530.437|306.146:522.686|308.349:515.023|310.880:507.461|313.733:500.016|316.905:492.700|320.388:485.528|324.177:478.512|328.265:471.666|332.643:465.002|337.305:458.533|342.240:452.271|347.440:446.226|352.896:440.412|358.597:434.837|364.533:429.513|370.692:424.450|377.064:419.656|383.636:415.141|387.657:412.578|390.382:410.890|397.160:406.690|403.939:402.490|410.718:398.291|417.496:394.091|424.275:389.891|431.054:385.692|437.832:381.492|444.611:377.293|451.389:373.093|458.168:368.893|464.947:364.694|471.725:360.494|478.504:356.295|485.283:352.095|492.061:347.895|498.840:343.696|505.619:339.496|512.397:335.297|519.176:331.097|525.955:326.897|532.733:322.698|539.512:318.498|546.290:314.298|553.069:310.099|559.848:305.899|566.626:301.700|573.405:297.500|580.184:293.300|586.962:289.101|593.741:284.901|600.520:280.702|607.298:276.502|614.077:272.302|620.856:268.103|627.634:263.903|634.413:259.703|641.191:255.504|647.970:251.304|654.749:247.105|661.527:242.905|668.306:238.705|675.085:234.506|681.863:230.306|688.642:226.107|695.421:221.907|702.199:217.707|708.978:213.508|715.757:209.308|722.535:205.109|729.314:200.909|736.092:196.709|742.871:192.510|749.650:188.310|756.428:184.110|763.207:179.911|769.986:175.711|776.764:171.512|783.543:167.312|790.322:163.112|797.100:158.913|803.879:154.713,0,,,,
26.496316,provisional_prealign,provisional_prealign head=+64.4 bearing=+52.1 centerX=+1239mm dist=1571mm path=collision_risk:vehicle_footprint_crosses_side_boundary,35,-120,35,-120,provisional_prealign head=+64.4 bearing=+52.1 centerX=+1239mm dist=1571mm path=collision_risk:vehicle_footprint_crosses_side_boundary,0,1785215029.1543083,1,1,0,22,gap_confirmed,2,1,1,1,1510.579,-2160.579,0,1,1,1,1,1,1,0,1509.779,1239.442,664.507,-300.0,964.507,0,0.902,0.433,,,,,,,1,1,1,0.95,0,lidar_slot_box,-38.708,-0.351892,58.22,648.999,220.0,347.368,0,footprint_crosses_slot_entrance,-1005.209,160.863,-2237.934,-1201.232,0,NONE,0,0,0,0,0,,0.0,0.0,0,0,0.0,slot_not_locked,,0,,0,0,,0,collision_risk,0,vehicle_footprint_crosses_side_boundary,0.0054,0.0054,1.0,58.22,48.948,-10.422,5.805,321.475,483.511,300.000:570.000|300.173:562.005|300.690:554.026|301.552:546.076|302.756:538.171|304.300:530.325|306.182:522.553|308.397:514.869|310.942:507.289|313.811:499.825|317.001:492.492|320.503:485.304|324.313:478.273|328.423:471.414|332.826:464.738|337.512:458.259|342.473:451.988|347.701:445.937|353.185:440.117|358.915:434.540|364.881:429.215|371.071:424.152|377.474:419.362|384.077:414.852|387.657:412.578|390.850:410.600|397.648:406.388|404.446:402.176|411.244:397.965|418.042:393.753|424.840:389.541|431.638:385.330|438.437:381.118|445.235:376.906|452.033:372.695|458.831:368.483|465.629:364.271|472.427:360.059|479.225:355.848|486.023:351.636|492.822:347.424|499.620:343.213|506.418:339.001|513.216:334.789|520.014:330.578|526.812:326.366|533.610:322.154|540.409:317.943|547.207:313.731|554.005:309.519|560.803:305.307|567.601:301.096|574.399:296.884|581.197:292.672|587.995:288.461|594.794:284.249|601.592:280.037|608.390:275.826|615.188:271.614|621.986:267.402|628.784:263.191|635.582:258.979|642.381:254.767|649.179:250.555|655.977:246.344|662.775:242.132|669.573:237.920|676.371:233.709|683.169:229.497|689.968:225.285|696.766:221.074|703.564:216.862|710.362:212.650|717.160:208.439|723.958:204.227|730.756:200.015|737.554:195.804|744.353:191.592|751.151:187.380|757.949:183.168|764.747:178.957|771.545:174.745|778.343:170.533|785.141:166.322|791.940:162.110|798.738:157.898|805.536:153.687,0,,,,
26.573555,provisional_prealign,provisional_prealign head=+64.4 bearing=+51.7 centerX=+1245mm dist=1587mm path=collision_risk:vehicle_footprint_crosses_side_boundary,35,-120,35,-120,provisional_prealign head=+64.4 bearing=+51.7 centerX=+1245mm dist=1587mm path=collision_risk:vehicle_footprint_crosses_side_boundary,0,1785215029.2653282,1,1,0,21,gap_confirmed,2,1,1,1,1523.911,-2173.911,0,1,1,1,1,1,1,0,1509.779,1245.126,684.578,-300.0,984.578,0,0.902,0.433,,,,,,,1,1,1,0.95,0,lidar_slot_box,-41.966,-0.381511,58.22,652.566,220.0,347.368,0,footprint_crosses_slot_entrance,-1019.278,146.794,-2253.336,-1216.634,0,NONE,0,0,0,0,0,,0.0,0.0,0,0,0.0,slot_not_locked,,0,,0,0,,0,collision_risk,0,vehicle_footprint_crosses_side_boundary,0.0054,0.0054,1.0,58.22,45.69,-7.164,7.917,321.479,483.513,300.000:570.000|300.170:562.057|300.681:554.128|301.532:546.229|302.721:538.374|304.245:530.576|306.103:522.852|308.290:515.214|310.802:507.676|313.636:500.254|316.786:492.960|320.245:485.808|324.008:478.811|328.068:471.981|332.417:465.332|337.047:458.876|341.950:452.624|347.116:446.588|352.537:440.780|358.201:435.209|364.100:429.886|370.221:424.822|376.554:420.024|383.087:415.503|387.657:412.578|389.799:411.251|396.553:407.066|403.307:402.882|410.062:398.697|416.816:394.513|423.570:390.328|430.325:386.143|437.079:381.959|443.833:377.774|450.588:373.590|457.342:369.405|464.096:365.221|470.851:361.036|477.605:356.852|484.359:352.667|491.114:348.482|497.868:344.298|504.622:340.113|511.377:335.929|518.131:331.744|524.885:327.560|531.640:323.375|538.394:319.191|545.149:315.006|551.903:310.821|558.657:306.637|565.412:302.452|572.166:298.268|578.920:294.083|585.675:289.899|592.429:285.714|599.183:281.529|605.938:277.345|612.692:273.160|619.446:268.976|626.201:264.791|632.955:260.607|639.709:256.422|646.464:252.238|653.218:248.053|659.972:243.868|666.727:239.684|673.481:235.499|680.235:231.315|686.990:227.130|693.744:222.946|700.498:218.761|707.253:214.576|714.007:210.392|720.761:206.207|727.516:202.023|734.270:197.838|741.025:193.654|747.779:189.469|754.533:185.285|761.288:181.100|768.042:176.915|774.796:172.731|781.551:168.546|788.305:164.362|795.059:160.177|801.814:155.993|808.568:151.808,0,,,,
26.665771,provisional_prealign,provisional_prealign head=+64.4 bearing=+51.2 centerX=+1247mm dist=1600mm path=collision_risk:vehicle_footprint_crosses_side_boundary,35,-120,35,-120,provisional_prealign head=+64.4 bearing=+51.2 centerX=+1247mm dist=1600mm path=collision_risk:vehicle_footprint_crosses_side_boundary,0,1785215029.37725,1,1,0,18,gap_confirmed,2,1,1,1,1542.522,-2192.522,0,1,1,1,1,1,1,0,1509.779,1247.206,702.676,-300.0,1002.676,0,0.902,0.433,,,,,,,1,1,1,0.95,0,lidar_slot_box,-45.275,-0.411595,58.22,655.182,220.0,347.368,0,footprint_crosses_slot_entrance,-1033.567,132.505,-2264.636,-1227.933,0,NONE,0,0,0,0,0,,0.0,0.0,0,0,0.0,slot_not_locked,,0,,0,0,,0,collision_risk,0,vehicle_footprint_crosses_side_boundary,0.0054,0.0054,1.0,58.22,42.381,-3.855,6.669,321.477,483.512,300.000:570.000|300.172:562.026|300.687:554.068|301.544:546.139|302.741:538.254|304.278:530.428|306.149:522.675|308.353:515.010|310.885:507.447|313.740:500.000|316.912:492.683|320.398:485.510|324.188:478.493|328.278:471.646|332.658:464.981|337.321:458.511|342.259:452.248|347.461:446.203|352.919:440.388|358.623:434.813|364.561:429.489|370.723:424.426|377.097:419.632|383.671:415.118|387.657:412.578|390.419:410.866|397.200:406.666|403.980:402.465|410.760:398.265|417.540:394.064|424.320:389.863|431.101:385.663|437.881:381.462|444.661:377.262|451.441:373.061|458.221:368.860|465.002:364.660|471.782:360.459|478.562:356.259|485.342:352.058|492.122:347.857|498.903:343.657|505.683:339.456|512.463:335.256|519.243:331.055|526.024:326.855|532.804:322.654|539.584:318.453|546.364:314.253|553.144:310.052|559.925:305.852|566.705:301.651|573.485:297.450|580.265:293.250|587.045:289.049|593.826:284.849|600.606:280.648|607.386:276.448|614.166:272.247|620.946:268.046|627.727:263.846|634.507:259.645|641.287:255.445|648.067:251.244|654.847:247.043|661.628:242.843|668.408:238.642|675.188:234.442|681.968:230.241|688.749:226.041|695.529:221.840|702.309:217.639|709.089:213.439|715.869:209.238|722.650:205.038|729.430:200.837|736.210:196.636|742.990:192.436|749.770:188.235|756.551:184.035|763.331:179.834|770.111:175.634|776.891:171.433|783.671:167.232|790.452:163.032|797.232:158.831|804.012:154.631|810.792:150.430,0,,,,
26.743635,provisional_prealign,provisional_prealign head=+64.4 bearing=+51.2 centerX=+1247mm dist=1600mm path=collision_risk:vehicle_footprint_crosses_side_boundary,35,-120,35,-120,provisional_prealign head=+64.4 bearing=+51.2 centerX=+1247mm dist=1600mm path=collision_risk:vehicle_footprint_crosses_side_boundary,0,1785215029.37725,0,1,0,18,gap_confirmed,2,1,1,1,1542.522,-2192.522,0,1,1,1,1,1,1,0,1509.779,1247.206,702.676,-300.0,1002.676,0,0.902,0.433,,,,,,,1,1,1,0.95,0,lidar_slot_box,-45.275,-0.411595,58.22,655.182,220.0,347.368,0,footprint_crosses_slot_entrance,-1033.567,132.505,-2264.636,-1227.933,0,NONE,0,0,0,0,0,,0.0,0.0,0,0,0.0,slot_not_locked,,0,,0,0,,0,collision_risk,0,vehicle_footprint_crosses_side_boundary,0.0054,0.0054,1.0,58.22,42.381,-3.855,6.669,321.477,483.512,300.000:570.000|300.172:562.026|300.687:554.068|301.544:546.139|302.741:538.254|304.278:530.428|306.149:522.675|308.353:515.010|310.885:507.447|313.740:500.000|316.912:492.683|320.398:485.510|324.188:478.493|328.278:471.646|332.658:464.981|337.321:458.511|342.259:452.248|347.461:446.203|352.919:440.388|358.623:434.813|364.561:429.489|370.723:424.426|377.097:419.632|383.671:415.118|387.657:412.578|390.419:410.866|397.200:406.666|403.980:402.465|410.760:398.265|417.540:394.064|424.320:389.863|431.101:385.663|437.881:381.462|444.661:377.262|451.441:373.061|458.221:368.860|465.002:364.660|471.782:360.459|478.562:356.259|485.342:352.058|492.122:347.857|498.903:343.657|505.683:339.456|512.463:335.256|519.243:331.055|526.024:326.855|532.804:322.654|539.584:318.453|546.364:314.253|553.144:310.052|559.925:305.852|566.705:301.651|573.485:297.450|580.265:293.250|587.045:289.049|593.826:284.849|600.606:280.648|607.386:276.448|614.166:272.247|620.946:268.046|627.727:263.846|634.507:259.645|641.287:255.445|648.067:251.244|654.847:247.043|661.628:242.843|668.408:238.642|675.188:234.442|681.968:230.241|688.749:226.041|695.529:221.840|702.309:217.639|709.089:213.439|715.869:209.238|722.650:205.038|729.430:200.837|736.210:196.636|742.990:192.436|749.770:188.235|756.551:184.035|763.331:179.834|770.111:175.634|776.891:171.433|783.671:167.232|790.452:163.032|797.232:158.831|804.012:154.631|810.792:150.430,0,,,,
26.821248,provisional_prealign,provisional_prealign head=+64.4 bearing=+50.7 centerX=+1246mm dist=1610mm path=collision_risk:vehicle_footprint_crosses_side_boundary,35,-120,35,-120,provisional_prealign head=+64.4 bearing=+50.7 centerX=+1246mm dist=1610mm path=collision_risk:vehicle_footprint_crosses_side_boundary,0,1785215029.4891155,1,1,0,21,gap_confirmed,2,1,1,1,1556.47,-2206.47,0,1,1,1,1,1,1,0,1509.779,1245.983,720.271,-300.0,1020.271,0,0.902,0.433,,,,,,,1,1,1,0.95,0,lidar_slot_box,-48.888,-0.444439,58.22,657.088,220.0,347.368,0,footprint_crosses_slot_entrance,-1049.168,116.904,-2272.862,-1236.16,0,NONE,0,0,0,0,0,,0.0,0.0,0,0,0.0,slot_not_locked,,0,,0,0,,0,collision_risk,0,vehicle_footprint_crosses_side_boundary,0.0054,0.0054,1.0,58.22,38.768,-0.242,5.761,321.475,483.511,300.000:570.000|300.173:562.004|300.690:554.024|301.552:546.073|302.757:538.166|304.301:530.319|306.183:522.547|308.399:514.862|310.944:507.281|313.815:499.816|317.005:492.482|320.509:485.293|324.320:478.262|328.431:471.402|332.834:464.726|337.521:458.246|342.484:451.975|347.713:445.923|353.199:440.103|358.930:434.526|364.897:429.201|371.089:424.139|377.493:419.348|384.098:414.839|387.657:412.578|390.871:410.586|397.670:406.374|404.469:402.162|411.268:397.949|418.067:393.737|424.866:389.525|431.666:385.313|438.465:381.100|445.264:376.888|452.063:372.676|458.862:368.464|465.661:364.251|472.460:360.039|479.259:355.827|486.058:351.615|492.857:347.402|499.656:343.190|506.455:338.978|513.254:334.766|520.053:330.553|526.852:326.341|533.651:322.129|540.450:317.917|547.249:313.704|554.048:309.492|560.847:305.280|567.646:301.068|574.445:296.855|581.244:292.643|588.043:288.431|594.843:284.219|601.642:280.006|608.441:275.794|615.240:271.582|622.039:267.370|628.838:263.157|635.637:258.945|642.436:254.733|649.235:250.521|656.034:246.308|662.833:242.096|669.632:237.884|676.431:233.672|683.230:229.459|690.029:225.247|696.828:221.035|703.627:216.823|710.426:212.610|717.225:208.398|724.024:204.186|730.823:199.974|737.622:195.761|744.421:191.549|751.220:187.337|758.019:183.125|764.819:178.912|771.618:174.700|778.417:170.488|785.216:166.276|792.015:162.063|798.814:157.851|805.613:153.639|812.412:149.427,0,,,,
26.899422,provisional_prealign,provisional_prealign head=+64.4 bearing=+50.2 centerX=+1244mm dist=1620mm path=collision_risk:insufficient_side_clearance_for_reverse_path,35,-120,35,-120,provisional_prealign head=+64.4 bearing=+50.2 centerX=+1244mm dist=1620mm path=collision_risk:insufficient_side_clearance_for_reverse_path,0,1785215029.6024148,1,1,0,19,gap_confirmed,2,1,1,1,1575.486,-2225.486,0,1,1,1,1,1,1,0,1509.779,1244.303,737.377,-300.0,1037.377,0,0.902,0.433,,,,,,,1,1,1,0.95,0,lidar_slot_box,-52.461,-0.476916,58.22,658.843,220.0,347.368,0,footprint_crosses_slot_entrance,-1064.595,101.477,-2280.443,-1243.741,0,NONE,0,0,0,0,0,,0.0,0.0,0,0,0.0,slot_not_locked,,0,,0,0,,0,collision_risk,0,insufficient_side_clearance_for_reverse_path,0.0054,0.0054,1.0,58.22,35.196,3.331,333.684,321.48,483.514,300.000:570.000|300.170:562.076|300.678:554.167|301.525:546.286|302.708:538.449|304.225:530.670|306.073:522.963|308.250:515.342|310.751:507.821|313.571:500.414|316.706:493.134|320.149:485.996|323.895:479.011|327.936:472.193|332.265:465.554|336.874:459.106|341.755:452.861|346.899:446.831|352.296:441.027|357.936:435.459|363.810:430.137|369.906:425.072|376.213:420.272|382.719:415.746|387.657:412.578|389.407:411.493|396.145:407.319|402.883:403.144|409.622:398.970|416.360:394.795|423.098:390.621|429.836:386.446|436.574:382.272|443.312:378.097|450.050:373.923|456.788:369.749|463.526:365.574|470.264:361.400|477.002:357.225|483.740:353.051|490.478:348.876|497.216:344.702|503.954:340.527|510.692:336.353|517.430:332.178|524.168:328.004|530.906:323.829|537.644:319.655|544.382:315.481|551.120:311.306|557.859:307.132|564.597:302.957|571.335:298.783|578.073:294.608|584.811:290.434|591.549:286.259|598.287:282.085|605.025:277.910|611.763:273.736|618.501:269.561|625.239:265.387|631.977:261.213|638.715:257.038|645.453:252.864|652.191:248.689|658.929:244.515|665.667:240.340|672.405:236.166|679.143:231.991|685.881:227.817|692.619:223.642|699.357:219.468|706.095:215.293|712.834:211.119|719.572:206.945|726.310:202.770|733.048:198.596|739.786:194.421|746.524:190.247|753.262:186.072|760.000:181.898|766.738:177.723|773.476:173.549|780.214:169.374|786.952:165.200|793.690:161.025|800.428:156.851|807.166:152.677|813.904:148.502,0,,,,
26.993681,provisional_prealign,provisional_prealign head=+64.4 bearing=+49.6 centerX=+1240mm dist=1628mm path=collision_risk:insufficient_side_clearance_for_reverse_path,35,-120,35,-120,provisional_prealign head=+64.4 bearing=+49.6 centerX=+1240mm dist=1628mm path=collision_risk:insufficient_side_clearance_for_reverse_path,0,1785215029.714748,1,1,0,21,gap_confirmed,2,1,1,1,1590.715,-2240.715,0,1,1,1,1,1,1,0,1509.779,1240.208,754.045,-300.0,1054.045,0,0.902,0.433,,,,,,,1,1,1,0.95,0,lidar_slot_box,-56.241,-0.511285,58.22,660.07,220.0,347.368,0,footprint_crosses_slot_entrance,-1080.92,85.152,-2285.74,-1249.038,0,NONE,0,0,0,0,0,,0.0,0.0,0,0,0.0,slot_not_locked,,0,,0,0,,0,collision_risk,0,insufficient_side_clearance_for_reverse_path,0.0054,0.0054,1.0,58.22,31.415,7.111,333.684,321.48,483.513,300.000:570.000|300.170:562.062|300.681:554.139|301.530:546.244|302.717:538.394|304.240:530.601|306.095:522.881|308.279:515.248|310.789:507.715|313.619:500.296|316.765:493.006|320.220:485.858|323.978:478.864|328.033:472.037|332.377:465.391|337.001:458.937|341.898:452.687|347.059:446.653|352.473:440.845|358.131:435.275|364.023:429.953|370.137:424.888|376.463:420.090|382.989:415.567|387.657:412.578|389.695:411.315|396.445:407.133|403.195:402.951|409.945:398.769|416.695:394.587|423.445:390.406|430.195:386.224|436.945:382.042|443.695:377.860|450.445:373.678|457.195:369.496|463.945:365.314|470.695:361.132|477.445:356.950|484.195:352.769|490.945:348.587|497.696:344.405|504.446:340.223|511.196:336.041|517.946:331.859|524.696:327.677|531.446:323.495|538.196:319.313|544.946:315.132|551.696:310.950|558.446:306.768|565.196:302.586|571.946:298.404|578.696:294.222|585.446:290.040|592.196:285.858|598.946:281.676|605.696:277.495|612.446:273.313|619.196:269.131|625.946:264.949|632.696:260.767|639.446:256.585|646.196:252.403|652.946:248.221|659.696:244.039|666.446:239.858|673.196:235.676|679.946:231.494|686.696:227.312|693.446:223.130|700.196:218.948|706.946:214.766|713.696:210.584|720.447:206.403|727.197:202.221|733.947:198.039|740.697:193.857|747.447:189.675|754.197:185.493|760.947:181.311|767.697:177.129|774.447:172.947|781.197:168.766|787.947:164.584|794.697:160.402|801.447:156.220|808.197:152.038|814.947:147.856,0,,,,
27.070797,provisional_prealign,provisional_prealign head=+64.4 bearing=+49.6 centerX=+1240mm dist=1628mm path=collision_risk:insufficient_side_clearance_for_reverse_path,35,-120,35,-120,provisional_prealign head=+64.4 bearing=+49.6 centerX=+1240mm dist=1628mm path=collision_risk:insufficient_side_clearance_for_reverse_path,0,1785215029.714748,0,1,0,21,gap_confirmed,2,1,1,1,1590.715,-2240.715,0,1,1,1,1,1,1,0,1509.779,1240.208,754.045,-300.0,1054.045,0,0.902,0.433,,,,,,,1,1,1,0.95,0,lidar_slot_box,-56.241,-0.511285,58.22,660.07,220.0,347.368,0,footprint_crosses_slot_entrance,-1080.92,85.152,-2285.74,-1249.038,0,NONE,0,0,0,0,0,,0.0,0.0,0,0,0.0,slot_not_locked,,0,,0,0,,0,collision_risk,0,insufficient_side_clearance_for_reverse_path,0.0054,0.0054,1.0,58.22,31.415,7.111,333.684,321.48,483.513,300.000:570.000|300.170:562.062|300.681:554.139|301.530:546.244|302.717:538.394|304.240:530.601|306.095:522.881|308.279:515.248|310.789:507.715|313.619:500.296|316.765:493.006|320.220:485.858|323.978:478.864|328.033:472.037|332.377:465.391|337.001:458.937|341.898:452.687|347.059:446.653|352.473:440.845|358.131:435.275|364.023:429.953|370.137:424.888|376.463:420.090|382.989:415.567|387.657:412.578|389.695:411.315|396.445:407.133|403.195:402.951|409.945:398.769|416.695:394.587|423.445:390.406|430.195:386.224|436.945:382.042|443.695:377.860|450.445:373.678|457.195:369.496|463.945:365.314|470.695:361.132|477.445:356.950|484.195:352.769|490.945:348.587|497.696:344.405|504.446:340.223|511.196:336.041|517.946:331.859|524.696:327.677|531.446:323.495|538.196:319.313|544.946:315.132|551.696:310.950|558.446:306.768|565.196:302.586|571.946:298.404|578.696:294.222|585.446:290.040|592.196:285.858|598.946:281.676|605.696:277.495|612.446:273.313|619.196:269.131|625.946:264.949|632.696:260.767|639.446:256.585|646.196:252.403|652.946:248.221|659.696:244.039|666.446:239.858|673.196:235.676|679.946:231.494|686.696:227.312|693.446:223.130|700.196:218.948|706.946:214.766|713.696:210.584|720.447:206.403|727.197:202.221|733.947:198.039|740.697:193.857|747.447:189.675|754.197:185.493|760.947:181.311|767.697:177.129|774.447:172.947|781.197:168.766|787.947:164.584|794.697:160.402|801.447:156.220|808.197:152.038|814.947:147.856,0,,,,
27.162554,provisional_prealign,prealign_curve_entry_guard:head=+58.2 steerRatio=1.00:continuing,35,-120,35,-120,prealign_curve_entry_guard:head=+58.2 steerRatio=1.00:continuing,0,1785215029.8254905,1,1,0,19,gap_confirmed,2,1,1,1,1605.613,-2255.613,0,1,1,1,1,1,1,0,1509.779,1236.681,769.568,-300.0,1069.568,0,0.902,0.433,,,,,,,1,1,1,0.95,0,lidar_slot_box,-59.727,-0.542976,58.22,661.269,220.0,347.368,0,footprint_crosses_slot_entrance,-1095.974,70.099,-2290.917,-1254.215,0,NONE,0,0,0,0,0,,0.0,0.0,0,0,0.0,slot_not_locked,,0,,0,0,,0,ready,1,full_arc_straight_ready,0.0054,0.0054,1.0,58.22,27.929,10.597,333.684,321.479,483.513,300.000:570.000|300.171:562.048|300.683:554.111|301.535:546.203|302.727:538.339|304.254:530.534|306.116:522.801|308.308:515.155|310.826:507.611|313.666:500.181|316.822:492.881|320.289:485.723|324.060:478.720|328.128:471.885|332.486:465.232|337.125:458.771|342.038:452.516|347.215:446.478|352.646:440.667|358.322:435.096|364.231:429.773|370.364:424.708|376.709:419.912|383.254:415.392|387.657:412.578|389.976:411.141|396.738:406.952|403.500:402.763|410.261:398.573|417.023:394.384|423.785:390.195|430.547:386.006|437.308:381.817|444.070:377.628|450.832:373.438|457.594:369.249|464.355:365.060|471.117:360.871|477.879:356.682|484.641:352.493|491.402:348.304|498.164:344.114|504.926:339.925|511.688:335.736|518.449:331.547|525.211:327.358|531.973:323.169|538.735:318.980|545.496:314.790|552.258:310.601|559.020:306.412|565.782:302.223|572.543:298.034|579.305:293.845|586.067:289.656|592.829:285.466|599.590:281.277|606.352:277.088|613.114:272.899|619.876:268.710|626.637:264.521|633.399:260.332|640.161:256.142|646.923:251.953|653.684:247.764|660.446:243.575|667.208:239.386|673.970:235.197|680.731:231.008|687.493:226.818|694.255:222.629|701.016:218.440|707.778:214.251|714.540:210.062|721.302:205.873|728.063:201.684|734.825:197.494|741.587:193.305|748.349:189.116|755.110:184.927|761.872:180.738|768.634:176.549|775.396:172.360|782.157:168.170|788.919:163.981|795.681:159.792|802.443:155.603|809.204:151.414|815.966:147.225,0,,,,
27.242224,provisional_prealign,prealign_curve_entry_guard:head=+58.2 steerRatio=1.00:continuing,35,-120,35,-120,prealign_curve_entry_guard:head=+58.2 steerRatio=1.00:continuing,0,1785215029.9370928,1,1,0,22,gap_confirmed,2,1,1,1,1620.757,-2270.757,0,1,1,1,1,1,1,0,1509.779,1232.026,784.86,-300.0,1084.86,0,0.902,0.433,,,,,,,1,1,1,0.95,0,lidar_slot_box,-63.305,-0.575504,58.22,662.217,220.0,347.368,0,footprint_crosses_slot_entrance,-1111.424,54.648,-2295.014,-1258.312,0,NONE,0,0,0,0,0,,0.0,0.0,0,0,0.0,slot_not_locked,,0,,0,0,,0,ready,1,full_arc_straight_ready,0.0054,0.0054,1.0,58.22,24.351,14.175,333.684,321.478,483.512,300.000:570.000|300.171:562.037|300.685:554.089|301.540:546.171|302.734:538.296|304.266:530.480|306.133:522.738|308.330:515.082|310.855:507.529|313.703:500.091|316.867:492.782|320.343:485.616|324.124:478.606|328.203:471.765|332.572:465.106|337.224:458.641|342.149:452.382|347.338:446.340|352.783:440.527|358.473:434.954|364.397:429.630|370.544:424.566|376.904:419.771|383.463:415.254|387.657:412.578|390.199:411.003|396.970:406.808|403.741:402.613|410.512:398.418|417.283:394.223|424.054:390.029|430.825:385.834|437.596:381.639|444.367:377.444|451.138:373.249|457.909:369.054|464.680:364.859|471.451:360.664|478.222:356.469|484.993:352.275|491.764:348.080|498.535:343.885|505.306:339.690|512.077:335.495|518.848:331.300|525.619:327.105|532.390:322.910|539.161:318.715|545.932:314.521|552.703:310.326|559.474:306.131|566.245:301.936|573.016:297.741|579.787:293.546|586.558:289.351|593.329:285.156|600.100:280.961|606.871:276.767|613.642:272.572|620.413:268.377|627.184:264.182|633.955:259.987|640.726:255.792|647.497:251.597|654.268:247.402|661.039:243.207|667.810:239.013|674.581:234.818|681.352:230.623|688.123:226.428|694.894:222.233|701.665:218.038|708.436:213.843|715.207:209.648|721.978:205.453|728.749:201.259|735.520:197.064|742.291:192.869|749.062:188.674|755.833:184.479|762.605:180.284|769.376:176.089|776.147:171.894|782.918:167.699|789.689:163.505|796.460:159.310|803.231:155.115|810.002:150.920|816.773:146.725,0,,,,
27.335711,provisional_prealign,prealign_curve_entry_guard:head=+58.2 steerRatio=1.00:continuing,35,-120,35,-120,prealign_curve_entry_guard:head=+58.2 steerRatio=1.00:continuing,0,1785215030.0488932,1,1,0,26,gap_confirmed,2,1,1,1,1637.85,-2287.85,0,1,1,1,1,1,1,0,1509.779,1223.528,814.131,-300.0,1114.131,0,0.902,0.433,,,,,,,1,1,1,0.95,0,lidar_slot_box,-70.104,-0.637311,58.22,664.115,220.0,347.368,0,footprint_crosses_slot_entrance,-1140.783,25.289,-2303.206,-1266.504,0,NONE,0,0,0,0,0,,0.0,0.0,0,0,0.0,slot_not_locked,,0,,0,0,,0,ready,1,full_arc_straight_ready,0.0054,0.0054,1.0,58.22,17.552,20.974,333.684,321.476,483.511,300.000:570.000|300.172:562.016|300.689:554.046|301.548:546.106|302.749:538.210|304.289:530.374|306.166:522.611|308.376:514.937|310.914:507.365|313.777:499.909|316.958:492.584|320.453:485.402|324.253:478.378|328.353:471.525|332.745:464.854|337.420:458.379|342.371:452.112|347.586:446.064|353.058:440.247|358.775:434.671|364.728:429.346|370.904:424.283|377.293:419.491|383.883:414.979|387.657:412.578|390.644:410.727|397.433:406.521|404.223:402.315|411.012:398.108|417.802:393.902|424.591:389.695|431.381:385.489|438.170:381.283|444.960:377.076|451.750:372.870|458.539:368.664|465.329:364.457|472.118:360.251|478.908:356.045|485.697:351.838|492.487:347.632|499.276:343.425|506.066:339.219|512.855:335.013|519.645:330.806|526.435:326.600|533.224:322.394|540.014:318.187|546.803:313.981|553.593:309.774|560.382:305.568|567.172:301.362|573.961:297.155|580.751:292.949|587.541:288.743|594.330:284.536|601.120:280.330|607.909:276.123|614.699:271.917|621.488:267.711|628.278:263.504|635.067:259.298|641.857:255.092|648.647:250.885|655.436:246.679|662.226:242.472|669.015:238.266|675.805:234.060|682.594:229.853|689.384:225.647|696.173:221.441|702.963:217.234|709.752:213.028|716.542:208.821|723.332:204.615|730.121:200.409|736.911:196.202|743.700:191.996|750.490:187.790|757.279:183.583|764.069:179.377|770.858:175.171|777.648:170.964|784.438:166.758|791.227:162.551|798.017:158.345|804.806:154.139|811.596:149.932|818.385:145.726,0,,,,
27.43059,provisional_prealign,prealign_curve_entry_guard:head=+58.2 steerRatio=1.00:continuing,35,-120,35,-120,prealign_curve_entry_guard:head=+58.2 steerRatio=1.00:continuing,0,1785215030.0488932,0,1,0,26,gap_confirmed,2,1,1,1,1637.85,-2287.85,0,1,1,1,1,1,1,0,1509.779,1223.528,814.131,-300.0,1114.131,0,0.902,0.433,,,,,,,1,1,1,0.95,0,lidar_slot_box,-70.104,-0.637311,58.22,664.115,220.0,347.368,0,footprint_crosses_slot_entrance,-1140.783,25.289,-2303.206,-1266.504,0,NONE,0,0,0,0,0,,0.0,0.0,0,0,0.0,slot_not_locked,,0,,0,0,,0,ready,1,full_arc_straight_ready,0.0054,0.0054,1.0,58.22,17.552,20.974,333.684,321.476,483.511,300.000:570.000|300.172:562.016|300.689:554.046|301.548:546.106|302.749:538.210|304.289:530.374|306.166:522.611|308.376:514.937|310.914:507.365|313.777:499.909|316.958:492.584|320.453:485.402|324.253:478.378|328.353:471.525|332.745:464.854|337.420:458.379|342.371:452.112|347.586:446.064|353.058:440.247|358.775:434.671|364.728:429.346|370.904:424.283|377.293:419.491|383.883:414.979|387.657:412.578|390.644:410.727|397.433:406.521|404.223:402.315|411.012:398.108|417.802:393.902|424.591:389.695|431.381:385.489|438.170:381.283|444.960:377.076|451.750:372.870|458.539:368.664|465.329:364.457|472.118:360.251|478.908:356.045|485.697:351.838|492.487:347.632|499.276:343.425|506.066:339.219|512.855:335.013|519.645:330.806|526.435:326.600|533.224:322.394|540.014:318.187|546.803:313.981|553.593:309.774|560.382:305.568|567.172:301.362|573.961:297.155|580.751:292.949|587.541:288.743|594.330:284.536|601.120:280.330|607.909:276.123|614.699:271.917|621.488:267.711|628.278:263.504|635.067:259.298|641.857:255.092|648.647:250.885|655.436:246.679|662.226:242.472|669.015:238.266|675.805:234.060|682.594:229.853|689.384:225.647|696.173:221.441|702.963:217.234|709.752:213.028|716.542:208.821|723.332:204.615|730.121:200.409|736.911:196.202|743.700:191.996|750.490:187.790|757.279:183.583|764.069:179.377|770.858:175.171|777.648:170.964|784.438:166.758|791.227:162.551|798.017:158.345|804.806:154.139|811.596:149.932|818.385:145.726,0,,,,
27.523143,provisional_prealign,prealign_curve_entry_guard:head=+58.2 steerRatio=1.00:continuing,35,-120,35,-120,prealign_curve_entry_guard:head=+58.2 steerRatio=1.00:continuing,0,1785215030.1600478,1,1,0,16,gap_confirmed,2,1,1,1,1652.39,-2302.39,0,1,1,1,1,1,1,0,1509.779,1223.975,825.238,-300.0,1125.238,0,0.902,0.433,,,,,,,1,1,1,0.95,0,lidar_slot_box,-72.236,-0.656692,58.22,665.557,220.0,347.368,0,footprint_crosses_slot_entrance,-1149.989,16.083,-2309.435,-1272.733,0,NONE,0,0,0,0,0,,0.0,0.0,0,0,0.0,slot_not_locked,,0,,0,0,,0,ready,1,full_arc_straight_ready,0.0054,0.0054,1.0,58.22,15.42,23.106,333.684,321.481,483.514,300.000:570.000|300.169:562.090|300.676:554.194|301.519:546.327|302.698:538.503|304.210:530.737|306.052:523.043|308.222:515.434|310.714:507.925|313.525:500.529|316.649:493.260|320.081:486.131|323.814:479.155|327.842:472.345|332.156:465.713|336.751:459.272|341.616:453.032|346.743:447.006|352.123:441.205|357.746:435.639|363.602:430.318|369.679:425.252|375.968:420.450|382.455:415.922|387.657:412.578|389.126:411.667|395.853:407.500|402.579:403.333|409.305:399.166|416.032:394.999|422.758:390.831|429.484:386.664|436.211:382.497|442.937:378.330|449.663:374.162|456.390:369.995|463.116:365.828|469.842:361.661|476.569:357.494|483.295:353.326|490.021:349.159|496.748:344.992|503.474:340.825|510.200:336.658|516.927:332.490|523.653:328.323|530.379:324.156|537.106:319.989|543.832:315.822|550.558:311.654|557.285:307.487|564.011:303.320|570.737:299.153|577.464:294.986|584.190:290.818|590.916:286.651|597.643:282.484|604.369:278.317|611.095:274.150|617.822:269.982|624.548:265.815|631.274:261.648|638.001:257.481|644.727:253.314|651.453:249.146|658.180:244.979|664.906:240.812|671.632:236.645|678.359:232.477|685.085:228.310|691.811:224.143|698.538:219.976|705.264:215.809|711.990:211.641|718.717:207.474|725.443:203.307|732.169:199.140|738.896:194.973|745.622:190.805|752.348:186.638|759.075:182.471|765.801:178.304|772.527:174.137|779.254:169.969|785.980:165.802|792.706:161.635|799.433:157.468|806.159:153.301|812.885:149.133|819.612:144.966,0,,,,
27.599585,provisional_prealign,prealign_curve_entry_guard:head=+58.2 steerRatio=1.00:continuing,35,-120,35,-120,prealign_curve_entry_guard:head=+58.2 steerRatio=1.00:continuing,0,1785215030.274226,1,1,0,18,gap_confirmed,2,1,1,1,1665.891,-2315.891,0,1,1,1,1,1,1,0,1509.779,1224.167,837.294,-300.0,1137.294,0,0.902,0.433,,,,,,,1,1,1,0.95,0,lidar_slot_box,-74.586,-0.678055,58.22,667.065,220.0,347.368,0,footprint_crosses_slot_entrance,-1160.136,5.936,-2315.948,-1279.245,0,NONE,0,0,0,0,0,,0.0,0.0,0,0,0.0,slot_not_locked,,0,,0,0,,0,ready,1,full_arc_straight_ready,0.0054,0.0054,1.0,58.22,13.07,25.456,333.684,321.48,483.513,300.000:570.000|300.170:562.073|300.679:554.160|301.526:546.276|302.710:538.436|304.228:530.654|306.078:522.943|308.257:515.319|310.760:507.796|313.583:500.386|316.720:493.104|320.166:485.963|323.915:478.976|327.959:472.156|332.292:465.515|336.905:459.066|341.789:452.820|346.937:446.789|352.338:440.984|357.983:435.415|363.861:430.093|369.961:425.028|376.272:420.228|382.784:415.703|387.657:412.578|389.476:411.451|396.217:407.274|402.958:403.098|409.699:398.922|416.440:394.746|423.180:390.570|429.921:386.393|436.662:382.217|443.403:378.041|450.144:373.865|456.885:369.688|463.626:365.512|470.367:361.336|477.108:357.160|483.849:352.983|490.589:348.807|497.330:344.631|504.071:340.455|510.812:336.279|517.553:332.102|524.294:327.926|531.035:323.750|537.776:319.574|544.517:315.397|551.258:311.221|557.998:307.045|564.739:302.869|571.480:298.692|578.221:294.516|584.962:290.340|591.703:286.164|598.444:281.988|605.185:277.811|611.926:273.635|618.667:269.459|625.407:265.283|632.148:261.106|638.889:256.930|645.630:252.754|652.371:248.578|659.112:244.401|665.853:240.225|672.594:236.049|679.335:231.873|686.076:227.697|692.817:223.520|699.557:219.344|706.298:215.168|713.039:210.992|719.780:206.815|726.521:202.639|733.262:198.463|740.003:194.287|746.744:190.110|753.485:185.934|760.226:181.758|766.966:177.582|773.707:173.406|780.448:169.229|787.189:165.053|793.930:160.877|800.671:156.701|807.412:152.524|814.153:148.348|820.894:144.172,0,,,,
27.676582,provisional_prealign,prealign_curve_entry_guard:head=+58.2 steerRatio=1.00:continuing,35,-120,35,-120,prealign_curve_entry_guard:head=+58.2 steerRatio=1.00:continuing,0,1785215030.3862648,1,1,0,23,gap_confirmed,2,1,1,1,1678.427,-2328.427,0,1,1,1,1,1,1,0,1509.779,1218.384,862.435,-300.0,1162.435,0,0.902,0.433,,,,,,,1,1,1,0.95,0,lidar_slot_box,-80.241,-0.729461,58.22,668.993,220.0,347.368,0,footprint_crosses_slot_entrance,-1184.554,-18.482,-2324.273,-1287.57,0,NONE,0,0,0,0,0,,0.0,0.0,0,0,0.0,slot_not_locked,,0,,0,0,,0,ready,1,full_arc_straight_ready,0.0054,0.0054,1.0,58.22,7.416,31.111,333.684,321.479,483.513,300.000:570.000|300.171:562.051|300.682:554.116|301.534:546.211|302.725:538.350|304.252:530.547|306.112:522.816|308.302:515.173|310.819:507.631|313.657:500.203|316.811:492.905|320.276:485.748|324.044:478.747|328.110:471.914|332.465:465.262|337.102:458.803|342.011:452.549|347.185:446.511|352.613:440.701|358.286:435.130|364.192:429.807|370.321:424.742|376.662:419.945|383.204:415.425|387.657:412.578|389.923:411.174|396.682:406.986|403.442:402.798|410.201:398.611|416.961:394.423|423.721:390.235|430.480:386.047|437.240:381.859|443.999:377.672|450.759:373.484|457.518:369.296|464.278:365.108|471.037:360.921|477.797:356.733|484.556:352.545|491.316:348.357|498.075:344.170|504.835:339.982|511.594:335.794|518.354:331.606|525.113:327.418|531.873:323.231|538.632:319.043|545.392:314.855|552.151:310.667|558.911:306.480|565.671:302.292|572.430:298.104|579.190:293.916|585.949:289.729|592.709:285.541|599.468:281.353|606.228:277.165|612.987:272.977|619.747:268.790|626.506:264.602|633.266:260.414|640.025:256.226|646.785:252.039|653.544:247.851|660.304:243.663|667.063:239.475|673.823:235.287|680.582:231.100|687.342:226.912|694.102:222.724|700.861:218.536|707.621:214.349|714.380:210.161|721.140:205.973|727.899:201.785|734.659:197.598|741.418:193.410|748.178:189.222|754.937:185.034|761.697:180.846|768.456:176.659|775.216:172.471|781.975:168.283|788.735:164.095|795.494:159.908|802.254:155.720|809.013:151.532|815.773:147.344|822.532:143.157,0,,,,
27.754056,provisional_prealign,prealign_curve_entry_guard:head=+58.2 steerRatio=1.00:continuing,35,-120,35,-120,prealign_curve_entry_guard:head=+58.2 steerRatio=1.00:continuing,0,1785215030.3862648,0,1,0,23,gap_confirmed,2,1,1,1,1678.427,-2328.427,0,1,1,1,1,1,1,0,1509.779,1218.384,862.435,-300.0,1162.435,0,0.902,0.433,,,,,,,1,1,1,0.95,0,lidar_slot_box,-80.241,-0.729461,58.22,668.993,220.0,347.368,0,footprint_crosses_slot_entrance,-1184.554,-18.482,-2324.273,-1287.57,0,NONE,0,0,0,0,0,,0.0,0.0,0,0,0.0,slot_not_locked,,0,,0,0,,0,ready,1,full_arc_straight_ready,0.0054,0.0054,1.0,58.22,7.416,31.111,333.684,321.479,483.513,300.000:570.000|300.171:562.051|300.682:554.116|301.534:546.211|302.725:538.350|304.252:530.547|306.112:522.816|308.302:515.173|310.819:507.631|313.657:500.203|316.811:492.905|320.276:485.748|324.044:478.747|328.110:471.914|332.465:465.262|337.102:458.803|342.011:452.549|347.185:446.511|352.613:440.701|358.286:435.130|364.192:429.807|370.321:424.742|376.662:419.945|383.204:415.425|387.657:412.578|389.923:411.174|396.682:406.986|403.442:402.798|410.201:398.611|416.961:394.423|423.721:390.235|430.480:386.047|437.240:381.859|443.999:377.672|450.759:373.484|457.518:369.296|464.278:365.108|471.037:360.921|477.797:356.733|484.556:352.545|491.316:348.357|498.075:344.170|504.835:339.982|511.594:335.794|518.354:331.606|525.113:327.418|531.873:323.231|538.632:319.043|545.392:314.855|552.151:310.667|558.911:306.480|565.671:302.292|572.430:298.104|579.190:293.916|585.949:289.729|592.709:285.541|599.468:281.353|606.228:277.165|612.987:272.977|619.747:268.790|626.506:264.602|633.266:260.414|640.025:256.226|646.785:252.039|653.544:247.851|660.304:243.663|667.063:239.475|673.823:235.287|680.582:231.100|687.342:226.912|694.102:222.724|700.861:218.536|707.621:214.349|714.380:210.161|721.140:205.973|727.899:201.785|734.659:197.598|741.418:193.410|748.178:189.222|754.937:185.034|761.697:180.846|768.456:176.659|775.216:172.471|781.975:168.283|788.735:164.095|795.494:159.908|802.254:155.720|809.013:151.532|815.773:147.344|822.532:143.157,0,,,,
27.847759,provisional_prealign,prealign_curve_entry_guard:head=+58.2 steerRatio=1.00:continuing,35,-120,35,-120,prealign_curve_entry_guard:head=+58.2 steerRatio=1.00:continuing,0,1785215030.497097,1,1,0,21,gap_confirmed,2,1,1,1,1690.83,-2340.83,0,1,1,1,1,1,1,0,1509.779,1217.928,884.702,-300.0,1184.702,0,0.902,0.433,,,,,,,1,1,1,0.95,0,lidar_slot_box,-84.68,-0.769817,58.22,671.619,220.0,347.368,0,footprint_crosses_slot_entrance,-1203.723,-37.651,-2335.612,-1298.909,0,NONE,0,0,0,0,0,,0.0,0.0,0,0,0.0,slot_not_locked,,0,,0,0,,0,ready,1,full_arc_straight_ready,0.0054,0.0054,1.0,58.22,2.977,35.55,333.684,321.477,483.511,300.000:570.000|300.172:562.021|300.688:554.057|301.546:546.122|302.745:538.232|304.283:530.401|306.158:522.643|308.364:514.973|310.899:507.406|313.758:499.955|316.935:492.633|320.425:485.456|324.221:478.436|328.316:471.585|332.702:464.918|337.371:458.445|342.315:452.180|347.524:446.133|352.989:440.317|358.699:434.742|364.644:429.417|370.814:424.354|377.195:419.562|383.777:415.048|387.657:412.578|390.532:410.797|397.317:406.593|404.101:402.390|410.886:398.186|417.671:393.983|424.456:389.779|431.241:385.576|438.026:381.372|444.811:377.169|451.596:372.965|458.381:368.762|465.165:364.558|471.950:360.355|478.735:356.151|485.520:351.948|492.305:347.744|499.090:343.541|505.875:339.337|512.660:335.134|519.445:330.930|526.230:326.727|533.014:322.523|539.799:318.320|546.584:314.116|553.369:309.913|560.154:305.710|566.939:301.506|573.724:297.303|580.509:293.099|587.294:288.896|594.078:284.692|600.863:280.489|607.648:276.285|614.433:272.082|621.218:267.878|628.003:263.675|634.788:259.471|641.573:255.268|648.358:251.064|655.142:246.861|661.927:242.657|668.712:238.454|675.497:234.250|682.282:230.047|689.067:225.843|695.852:221.640|702.637:217.436|709.422:213.233|716.206:209.029|722.991:204.826|729.776:200.622|736.561:196.419|743.346:192.215|750.131:188.012|756.916:183.808|763.701:179.605|770.486:175.401|777.270:171.198|784.055:166.995|790.840:162.791|797.625:158.588|804.410:154.384|811.195:150.181|817.980:145.977|824.765:141.774,0,,,,
27.927738,provisional_prealign,prealign_curve_entry_guard:head=+58.2 steerRatio=1.00:continuing,35,-120,35,-120,prealign_curve_entry_guard:head=+58.2 steerRatio=1.00:continuing,0,1785215030.6076841,1,1,0,20,gap_confirmed,2,1,1,1,1705.038,-2355.038,0,1,1,1,1,1,1,0,1509.779,1217.029,903.729,-300.0,1203.729,0,0.902,0.433,,,,,,,1,1,1,0.95,0,lidar_slot_box,-88.535,-0.804864,58.22,673.763,220.0,347.368,0,footprint_crosses_slot_entrance,-1220.37,-54.298,-2344.868,-1308.166,0,NONE,0,0,0,0,0,,0.0,0.0,0,0,0.0,slot_not_locked,,0,,0,0,,0,ready,1,full_arc_straight_ready,0.0054,0.0054,1.0,58.22,-0.879,37.648,333.684,321.481,483.514,300.000:570.000|300.169:562.087|300.676:554.188|301.521:546.317|302.700:538.491|304.214:530.721|306.057:523.024|308.228:515.412|310.723:507.900|313.536:500.501|316.662:493.230|320.097:486.099|323.833:479.121|327.864:472.309|332.182:465.675|336.780:459.232|341.649:452.991|346.780:446.965|352.165:441.163|357.792:435.596|363.651:430.275|369.733:425.209|376.026:420.408|382.518:415.880|387.657:412.578|389.193:411.626|395.923:407.457|402.652:403.288|409.381:399.119|416.110:394.950|422.839:390.781|429.568:386.612|436.297:382.443|443.026:378.274|449.756:374.105|456.485:369.936|463.214:365.767|469.943:361.598|476.672:357.430|483.401:353.261|490.130:349.092|496.860:344.923|503.589:340.754|510.318:336.585|517.047:332.416|523.776:328.247|530.505:324.078|537.234:319.909|543.963:315.740|550.693:311.571|557.422:307.402|564.151:303.233|570.880:299.064|577.609:294.895|584.338:290.727|591.067:286.558|597.796:282.389|604.526:278.220|611.255:274.051|617.984:269.882|624.713:265.713|631.442:261.544|638.171:257.375|644.900:253.206|651.630:249.037|658.359:244.868|665.088:240.699|671.817:236.530|678.546:232.361|685.275:228.192|692.004:224.023|698.733:219.855|705.463:215.686|712.192:211.517|718.921:207.348|725.650:203.179|732.379:199.010|739.108:194.841|745.837:190.672|752.566:186.503|759.296:182.334|766.025:178.165|772.754:173.996|779.483:169.827|786.212:165.658|792.941:161.489|799.670:157.320|806.400:153.152|813.129:148.983|819.858:144.814|826.587:140.645,0,,,,
28.01857,provisional_prealign,prealign_curve_entry_guard:head=+58.2 steerRatio=1.00:continuing,35,-120,35,-120,prealign_curve_entry_guard:head=+58.2 steerRatio=1.00:continuing,0,1785215030.7195475,1,1,0,19,gap_confirmed,2,1,1,1,1722.62,-2372.62,0,1,1,1,1,1,1,0,1509.779,1214.374,921.423,-300.0,1221.423,0,0.902,0.433,,,,,,,1,1,1,0.95,0,lidar_slot_box,-92.342,-0.839474,58.22,675.398,220.0,347.368,0,footprint_crosses_slot_entrance,-1236.81,-70.738,-2351.93,-1315.228,0,NONE,0,0,0,0,0,,0.0,0.0,0,0,0.0,slot_not_locked,,0,,0,0,,0,ready,1,full_arc_straight_ready,0.0054,0.0054,1.0,58.22,-4.686,33.841,333.684,321.48,483.513,300.000:570.000|300.170:562.068|300.679:554.151|301.528:546.263|302.713:538.418|304.233:530.631|306.085:522.917|308.266:515.289|310.772:507.761|313.598:500.348|316.739:493.063|320.189:485.918|323.942:478.928|327.990:472.106|332.328:465.463|336.945:459.011|341.835:452.764|346.988:446.731|352.395:440.925|358.045:435.356|363.929:430.034|370.035:424.969|376.353:420.170|382.870:415.646|387.657:412.578|389.568:411.393|396.313:407.215|403.058:403.036|409.803:398.858|416.547:394.679|423.292:390.500|430.037:386.322|436.782:382.143|443.526:377.965|450.271:373.786|457.016:369.607|463.761:365.429|470.505:361.250|477.250:357.071|483.995:352.893|490.740:348.714|497.484:344.536|504.229:340.357|510.974:336.178|517.719:332.000|524.463:327.821|531.208:323.643|537.953:319.464|544.698:315.285|551.442:311.107|558.187:306.928|564.932:302.749|571.677:298.571|578.421:294.392|585.166:290.214|591.911:286.035|598.656:281.856|605.400:277.678|612.145:273.499|618.890:269.321|625.635:265.142|632.379:260.963|639.124:256.785|645.869:252.606|652.614:248.427|659.358:244.249|666.103:240.070|672.848:235.892|679.593:231.713|686.337:227.534|693.082:223.356|699.827:219.177|706.572:214.998|713.316:210.820|720.061:206.641|726.806:202.463|733.551:198.284|740.295:194.105|747.040:189.927|753.785:185.748|760.530:181.570|767.274:177.391|774.019:173.212|780.764:169.034|787.509:164.855|794.253:160.676|800.998:156.498|807.743:152.319|814.488:148.141|821.232:143.962|827.977:139.783,0,,,,
28.097175,provisional_prealign,prealign_curve_entry_guard:head=+58.2 steerRatio=1.00:continuing,35,-120,35,-120,prealign_curve_entry_guard:head=+58.2 steerRatio=1.00:continuing,0,1785215030.7195475,0,1,0,19,gap_confirmed,2,1,1,1,1722.62,-2372.62,0,1,1,1,1,1,1,0,1509.779,1214.374,921.423,-300.0,1221.423,0,0.902,0.433,,,,,,,1,1,1,0.95,0,lidar_slot_box,-92.342,-0.839474,58.22,675.398,220.0,347.368,0,footprint_crosses_slot_entrance,-1236.81,-70.738,-2351.93,-1315.228,0,NONE,0,0,0,0,0,,0.0,0.0,0,0,0.0,slot_not_locked,,0,,0,0,,0,ready,1,full_arc_straight_ready,0.0054,0.0054,1.0,58.22,-4.686,33.841,333.684,321.48,483.513,300.000:570.000|300.170:562.068|300.679:554.151|301.528:546.263|302.713:538.418|304.233:530.631|306.085:522.917|308.266:515.289|310.772:507.761|313.598:500.348|316.739:493.063|320.189:485.918|323.942:478.928|327.990:472.106|332.328:465.463|336.945:459.011|341.835:452.764|346.988:446.731|352.395:440.925|358.045:435.356|363.929:430.034|370.035:424.969|376.353:420.170|382.870:415.646|387.657:412.578|389.568:411.393|396.313:407.215|403.058:403.036|409.803:398.858|416.547:394.679|423.292:390.500|430.037:386.322|436.782:382.143|443.526:377.965|450.271:373.786|457.016:369.607|463.761:365.429|470.505:361.250|477.250:357.071|483.995:352.893|490.740:348.714|497.484:344.536|504.229:340.357|510.974:336.178|517.719:332.000|524.463:327.821|531.208:323.643|537.953:319.464|544.698:315.285|551.442:311.107|558.187:306.928|564.932:302.749|571.677:298.571|578.421:294.392|585.166:290.214|591.911:286.035|598.656:281.856|605.400:277.678|612.145:273.499|618.890:269.321|625.635:265.142|632.379:260.963|639.124:256.785|645.869:252.606|652.614:248.427|659.358:244.249|666.103:240.070|672.848:235.892|679.593:231.713|686.337:227.534|693.082:223.356|699.827:219.177|706.572:214.998|713.316:210.820|720.061:206.641|726.806:202.463|733.551:198.284|740.295:194.105|747.040:189.927|753.785:185.748|760.530:181.570|767.274:177.391|774.019:173.212|780.764:169.034|787.509:164.855|794.253:160.676|800.998:156.498|807.743:152.319|814.488:148.141|821.232:143.962|827.977:139.783,0,,,,
28.176833,verify_slot_box,provisional_safe_path_ready,0,0,0,0,provisional_safe_path_ready,0,1785215030.835072,1,1,0,20,gap_confirmed,2,1,1,1,1737.974,-2387.974,0,1,1,1,1,1,1,0,1509.779,1211.212,937.051,-300.0,1237.051,0,0.902,0.433,,,,,,,1,1,1,0.95,0,lidar_slot_box,-95.804,-0.870949,58.22,676.682,220.0,347.368,0,footprint_crosses_slot_entrance,-1251.76,-85.688,-2357.473,-1320.771,0,NONE,0,0,0,0,0,,0.0,0.0,0,0,0.0,slot_not_locked,,0,,0,0,,0,ready,1,full_arc_straight_ready,0.00486,0.00486,0.9,58.22,1.592,36.935,333.684,319.401,482.85,300.000:570.000|300.155:562.015|300.620:554.042|301.394:546.093|302.475:538.180|303.863:530.315|305.555:522.510|307.549:514.776|309.842:507.125|312.429:499.570|315.308:492.120|318.474:484.788|321.922:477.584|325.647:470.519|329.643:463.604|333.905:456.850|338.425:450.265|343.198:443.862|348.215:437.648|353.470:431.634|358.955:425.828|364.660:420.240|370.578:414.877|376.700:409.747|383.016:404.859|389.517:400.220|396.194:395.837|397.396:395.087|402.981:391.627|409.770:387.420|416.560:383.214|423.350:379.007|430.139:374.801|436.929:370.595|443.719:366.388|450.508:362.182|457.298:357.975|464.088:353.769|470.877:349.562|477.667:345.356|484.457:341.149|491.246:336.943|498.036:332.737|504.826:328.530|511.615:324.324|518.405:320.117|525.194:315.911|531.984:311.704|538.774:307.498|545.563:303.292|552.353:299.085|559.143:294.879|565.932:290.672|572.722:286.466|579.512:282.259|586.301:278.053|593.091:273.847|599.881:269.640|606.670:265.434|613.460:261.227|620.249:257.021|627.039:252.814|633.829:248.608|640.618:244.402|647.408:240.195|654.198:235.989|660.987:231.782|667.777:227.576|674.567:223.369|681.356:219.163|688.146:214.957|694.936:210.750|701.725:206.544|708.515:202.337|715.305:198.131|722.094:193.924|728.884:189.718|735.673:185.512|742.463:181.305|749.253:177.099|756.042:172.892|762.832:168.686|769.622:164.479|776.411:160.273|783.201:156.067|789.991:151.860|796.780:147.654|803.570:143.447|810.360:139.241|817.149:135.034|823.939:130.828,0,,,,
28.26804,reacquire_slot,slot_arm_geometry_unavailable,0,0,0,0,slot_arm_geometry_unavailable,0,1785215030.9463181,1,1,0,21,gap_confirmed,2,1,1,1,1754.185,-2404.185,0,1,1,1,1,1,1,0,1509.779,1211.055,950.763,-300.0,1250.763,0,0.902,0.433,,,,,,,0,0,0,0.0,0,locked_slot_fallback_unavailable,0.0,0.0,0.0,,,,0,footprint_unavailable,,,,,0,NONE,0,0,0,0,0,,0.0,0.0,0,0,0.0,locked_slot_fallback_unavailable,,0,,0,0,,0,,0,,,,,,,,,,,,0,,,,
28.344688,reacquire_slot,reacquiring_frozen_slot,0,0,0,0,reacquiring_frozen_slot,0,1785215031.0571012,1,1,0,19,gap_confirmed,2,1,1,1,1790.04,-2440.04,0,1,1,1,1,1,1,0,1509.779,1209.478,964.429,-300.0,1264.429,0,0.902,0.433,,,,,,,0,0,0,0.0,0,locked_slot_fallback_unavailable,0.0,0.0,0.0,,,,0,footprint_unavailable,,,,,0,NONE,0,0,0,0,0,,0.0,0.0,0,0,0.0,locked_slot_fallback_unavailable,,0,,0,0,,0,,0,,,,,,,,,,,,0,,,,
28.42251,reacquire_slot,reacquire_waiting_for_unique_lidar_scan,0,0,0,0,reacquire_waiting_for_unique_lidar_scan,0,1785215031.0571012,0,1,0,19,gap_confirmed,2,1,1,1,1790.04,-2440.04,0,1,1,1,1,1,1,0,1509.779,1209.478,964.429,-300.0,1264.429,0,0.902,0.433,,,,,,,0,0,0,0.0,0,locked_slot_fallback_unavailable,0.0,0.0,0.0,,,,0,footprint_unavailable,,,,,0,NONE,0,0,0,0,0,,0.0,0.0,0,0,0.0,locked_slot_fallback_unavailable,,0,,0,0,,0,,0,,,,,,,,,,,,0,,,,
28.500432,reacquire_slot,reacquiring_frozen_slot,0,0,0,0,reacquiring_frozen_slot,0,1785215031.169364,1,1,0,20,gap_confirmed,2,1,1,1,1769.478,-2419.478,0,1,1,1,1,1,1,0,1509.779,1207.04,977.706,-300.0,1277.706,0,0.902,0.433,,,,,,,0,0,0,0.0,0,locked_slot_fallback_unavailable,0.0,0.0,0.0,,,,0,footprint_unavailable,,,,,0,NONE,0,0,0,0,0,,0.0,0.0,0,0,0.0,locked_slot_fallback_unavailable,,0,,0,0,,0,,0,,,,,,,,,,,,0,,,,
28.578169,reacquire_slot,reacquiring_frozen_slot,0,0,0,0,reacquiring_frozen_slot,0,1785215031.279168,1,1,0,23,gap_confirmed,2,1,1,1,1757.118,-2407.118,0,1,1,1,1,1,1,0,1509.779,1198.246,987.722,-300.0,1287.722,0,0.902,0.433,,,,,,,0,0,0,0.0,0,locked_slot_fallback_unavailable,0.0,0.0,0.0,,,,0,footprint_unavailable,,,,,0,NONE,0,0,0,0,0,,0.0,0.0,0,0,0.0,locked_slot_fallback_unavailable,,0,,0,0,,0,,0,,,,,,,,,,,,0,,,,
28.657019,reacquire_slot,reacquire_waiting_for_unique_lidar_scan,0,0,0,0,reacquire_waiting_for_unique_lidar_scan,0,1785215031.279168,0,1,0,23,gap_confirmed,2,1,1,1,1757.118,-2407.118,0,1,1,1,1,1,1,0,1509.779,1198.246,987.722,-300.0,1287.722,0,0.902,0.433,,,,,,,0,0,0,0.0,0,locked_slot_fallback_unavailable,0.0,0.0,0.0,,,,0,footprint_unavailable,,,,,0,NONE,0,0,0,0,0,,0.0,0.0,0,0,0.0,locked_slot_fallback_unavailable,,0,,0,0,,0,,0,,,,,,,,,,,,0,,,,
28.732093,reacquire_slot,reacquiring_frozen_slot,0,0,0,0,reacquiring_frozen_slot,0,1785215031.3938985,1,1,0,22,gap_confirmed,2,1,1,1,1758.536,-2408.536,0,1,1,1,1,1,1,0,1509.779,1205.462,985.579,-300.0,1285.579,0,0.902,0.433,,,,,,,0,0,0,0.0,0,locked_slot_fallback_unavailable,0.0,0.0,0.0,,,,0,footprint_unavailable,,,,,0,NONE,0,0,0,0,0,,0.0,0.0,0,0,0.0,locked_slot_fallback_unavailable,,0,,0,0,,0,,0,,,,,,,,,,,,0,,,,
28.80994,reacquire_slot,reacquiring_frozen_slot,0,0,0,0,reacquiring_frozen_slot,0,1785215031.5049756,1,1,0,21,gap_confirmed,2,1,1,1,1765.458,-2415.458,0,1,1,1,1,1,1,0,1509.779,1205.614,987.756,-300.0,1287.756,0,0.902,0.433,,,,,,,0,0,0,0.0,0,locked_slot_fallback_unavailable,0.0,0.0,0.0,,,,0,footprint_unavailable,,,,,0,NONE,0,0,0,0,0,,0.0,0.0,0,0,0.0,locked_slot_fallback_unavailable,,0,,0,0,,0,,0,,,,,,,,,,,,0,,,,
28.888465,provisional_prealign,slot_reacquire_timeout:resume_provisional_prealign,35,-120,35,-120,slot_reacquire_timeout:resume_provisional_prealign,0,1785215031.5049756,0,1,0,21,gap_confirmed,2,1,1,1,1765.458,-2415.458,0,1,1,1,1,1,1,0,1509.779,1205.614,987.756,-300.0,1287.756,0,0.902,0.433,,,,,,,0,0,0,0.0,0,locked_slot_fallback_unavailable,0.0,0.0,0.0,,,,0,footprint_unavailable,,,,,0,NONE,0,0,0,0,0,,0.0,0.0,0,0,0.0,locked_slot_fallback_unavailable,,0,,0,0,,0,,0,,,,,,,,,,,,0,,,,
28.967438,verify_slot_box,provisional_safe_path_ready,0,0,0,0,provisional_safe_path_ready,0,1785215031.6178606,1,1,0,22,gap_confirmed,2,1,1,1,1759.774,-2409.774,0,1,1,1,1,1,1,0,1509.779,1206.258,995.149,-300.0,1295.149,0,0.902,0.433,,,,,,,1,1,1,0.95,0,lidar_slot_box,-107.846,-0.980416,58.22,682.792,220.0,347.368,0,footprint_crosses_slot_entrance,-1303.757,-137.685,-2383.859,-1347.156,0,NONE,0,0,0,0,0,,0.0,0.0,0,0,0.0,locked_slot_fallback_unavailable,,0,,0,0,,0,ready,1,full_arc_straight_ready,0.00432,0.00432,0.8,58.22,1.725,36.801,333.684,317.307,482.258,300.000:570.000|300.136:562.076|300.543:554.161|301.220:546.265|302.168:538.397|303.384:530.565|304.867:522.780|306.617:515.050|308.629:507.385|310.903:499.793|313.436:492.283|316.224:484.865|319.265:477.546|322.554:470.336|326.088:463.242|329.863:456.274|333.874:449.438|338.117:442.745|342.587:436.200|347.278:429.812|352.185:423.589|357.302:417.537|362.623:411.664|368.142:405.976|373.853:400.481|379.748:395.184|385.821:390.092|392.065:385.212|398.472:380.547|405.036:376.105|409.571:373.222|411.740:371.878|418.477:367.704|425.215:363.530|431.952:359.356|438.690:355.182|445.427:351.008|452.164:346.834|458.902:342.660|465.639:338.486|472.377:334.312|479.114:330.138|485.851:325.964|492.589:321.790|499.326:317.616|506.064:313.442|512.801:309.268|519.538:305.093|526.276:300.919|533.013:296.745|539.751:292.571|546.488:288.397|553.225:284.223|559.963:280.049|566.700:275.875|573.438:271.701|580.175:267.527|586.912:263.353|593.650:259.179|600.387:255.005|607.125:250.831|613.862:246.657|620.599:242.482|627.337:238.308|634.074:234.134|640.812:229.960|647.549:225.786|654.286:221.612|661.024:217.438|667.761:213.264|674.499:209.090|681.236:204.916|687.973:200.742|694.711:196.568|701.448:192.394|708.186:188.220|714.923:184.046|721.660:179.872|728.398:175.697|735.135:171.523|741.873:167.349|748.610:163.175|755.347:159.001|762.085:154.827|768.822:150.653|775.560:146.479|782.297:142.305|789.034:138.131|795.772:133.957|802.509:129.783|809.247:125.609|815.984:121.435|822.721:117.261,0,,,,
29.06164,reacquire_slot,slot_arm_geometry_unavailable,0,0,0,0,slot_arm_geometry_unavailable,0,1785215031.7281125,1,1,0,17,gap_confirmed,2,1,1,1,1764.872,-2414.872,0,1,1,1,1,1,1,0,1509.779,1210.532,991.106,-300.0,1291.106,0,0.902,0.433,,,,,,,0,0,0,0.0,0,locked_slot_fallback_unavailable,0.0,0.0,0.0,,,,0,footprint_unavailable,,,,,0,NONE,0,0,0,0,0,,0.0,0.0,0,0,0.0,locked_slot_fallback_unavailable,,0,,0,0,,0,,0,,,,,,,,,,,,0,,,,
29.139766,reacquire_slot,reacquiring_frozen_slot,0,0,0,0,reacquiring_frozen_slot,0,1785215031.8395844,1,1,0,22,gap_confirmed,2,1,1,1,1804.551,-2454.551,0,1,1,1,1,1,1,0,1509.779,1208.066,993.87,-300.0,1293.87,0,0.902,0.433,,,,,,,0,0,0,0.0,0,locked_slot_fallback_unavailable,0.0,0.0,0.0,,,,0,footprint_unavailable,,,,,0,NONE,0,0,0,0,0,,0.0,0.0,0,0,0.0,locked_slot_fallback_unavailable,,0,,0,0,,0,,0,,,,,,,,,,,,0,,,,
29.214969,reacquire_slot,reacquire_waiting_for_unique_lidar_scan,0,0,0,0,reacquire_waiting_for_unique_lidar_scan,0,1785215031.8395844,0,1,0,22,gap_confirmed,2,1,1,1,1804.551,-2454.551,0,1,1,1,1,1,1,0,1509.779,1208.066,993.87,-300.0,1293.87,0,0.902,0.433,,,,,,,0,0,0,0.0,0,locked_slot_fallback_unavailable,0.0,0.0,0.0,,,,0,footprint_unavailable,,,,,0,NONE,0,0,0,0,0,,0.0,0.0,0,0,0.0,locked_slot_fallback_unavailable,,0,,0,0,,0,,0,,,,,,,,,,,,0,,,,
29.29521,reacquire_slot,reacquiring_frozen_slot,0,0,0,0,reacquiring_frozen_slot,0,1785215031.9523518,1,1,0,25,gap_confirmed,2,1,1,1,1766.367,-2416.367,0,1,1,1,1,1,1,0,1509.779,1206.177,1003.072,-300.0,1303.072,0,0.902,0.433,,,,,,,0,0,0,0.0,0,locked_slot_fallback_unavailable,0.0,0.0,0.0,,,,0,footprint_unavailable,,,,,0,NONE,0,0,0,0,0,,0.0,0.0,0,0,0.0,locked_slot_fallback_unavailable,,0,,0,0,,0,,0,,,,,,,,,,,,0,,,,
29.372764,reacquire_slot,reacquiring_frozen_slot,0,0,0,0,reacquiring_frozen_slot,0,1785215032.0631354,1,1,0,24,gap_confirmed,2,1,1,1,1771.334,-2421.334,0,1,1,1,1,1,1,0,1509.779,1207.826,1000.355,-300.0,1300.355,0,0.902,0.433,,,,,,,0,0,0,0.0,0,locked_slot_fallback_unavailable,0.0,0.0,0.0,,,,0,footprint_unavailable,,,,,0,NONE,0,0,0,0,0,,0.0,0.0,0,0,0.0,locked_slot_fallback_unavailable,,0,,0,0,,0,,0,,,,,,,,,,,,0,,,,
29.450559,reacquire_slot,reacquire_waiting_for_unique_lidar_scan,0,0,0,0,reacquire_waiting_for_unique_lidar_scan,0,1785215032.0631354,0,1,0,24,gap_confirmed,2,1,1,1,1771.334,-2421.334,0,1,1,1,1,1,1,0,1509.779,1207.826,1000.355,-300.0,1300.355,0,0.902,0.433,,,,,,,0,0,0,0.0,0,locked_slot_fallback_unavailable,0.0,0.0,0.0,,,,0,footprint_unavailable,,,,,0,NONE,0,0,0,0,0,,0.0,0.0,0,0,0.0,locked_slot_fallback_unavailable,,0,,0,0,,0,,0,,,,,,,,,,,,0,,,,
29.530762,reacquire_slot,reacquiring_frozen_slot,0,0,0,0,reacquiring_frozen_slot,0,1785215032.1769192,1,1,0,24,gap_confirmed,2,1,1,1,1763.504,-2413.504,0,1,1,1,1,1,1,0,1509.779,1206.606,1006.006,-300.0,1306.006,0,0.902,0.433,,,,,,,0,0,0,0.0,0,locked_slot_fallback_unavailable,0.0,0.0,0.0,,,,0,footprint_unavailable,,,,,0,NONE,0,0,0,0,0,,0.0,0.0,0,0,0.0,locked_slot_fallback_unavailable,,0,,0,0,,0,,0,,,,,,,,,,,,0,,,,
29.610415,reacquire_slot,reacquiring_frozen_slot,0,0,0,0,reacquiring_frozen_slot,0,1785215032.2891262,1,1,0,25,gap_confirmed,2,1,1,1,1767.621,-2417.621,0,1,1,1,1,1,1,0,1509.779,1200.389,1012.429,-300.0,1312.429,0,0.902,0.433,,,,,,,0,0,0,0.0,0,locked_slot_fallback_unavailable,0.0,0.0,0.0,,,,0,footprint_unavailable,,,,,0,NONE,0,0,0,0,0,,0.0,0.0,0,0,0.0,locked_slot_fallback_unavailable,,0,,0,0,,0,,0,,,,,,,,,,,,0,,,,
29.68865,provisional_prealign,slot_reacquire_timeout:resume_provisional_prealign,35,-120,35,-120,slot_reacquire_timeout:resume_provisional_prealign,0,1785215032.4001677,1,1,0,16,gap_confirmed,2,1,1,1,1769.628,-2419.628,0,1,1,1,1,1,1,0,1509.779,1202.752,1008.529,-300.0,1308.529,0,0.902,0.433,,,,,,,0,0,0,0.0,0,locked_slot_fallback_unavailable,0.0,0.0,0.0,,,,0,footprint_unavailable,,,,,0,NONE,0,0,0,0,0,,0.0,0.0,0,0,0.0,locked_slot_fallback_unavailable,,0,,0,0,,0,,0,,,,,,,,,,,,0,,,,
29.766136,verify_slot_box,provisional_safe_path_ready,0,0,0,0,provisional_safe_path_ready,0,1785215032.4001677,0,1,0,16,gap_confirmed,2,1,1,1,1769.628,-2419.628,0,1,1,1,1,1,1,0,1509.779,1202.752,1008.529,-300.0,1308.529,0,0.902,0.433,,,,,,,1,1,1,0.95,0,lidar_slot_box,-110.907,-1.008249,58.22,683.734,220.0,347.368,0,footprint_crosses_slot_entrance,-1316.978,-150.906,-2387.925,-1351.222,0,NONE,0,0,0,0,0,,0.0,0.0,0,0,0.0,locked_slot_fallback_unavailable,,0,,0,0,,0,ready,1,full_arc_straight_ready,0.00432,0.00432,0.8,58.22,-1.337,37.19,333.684,317.307,482.258,300.000:570.000|300.136:562.066|300.544:554.141|301.223:546.234|302.173:538.356|303.393:530.514|304.880:522.719|306.634:514.980|308.652:507.305|310.932:499.704|313.471:492.186|316.266:484.759|319.314:477.432|322.612:470.214|326.155:463.113|329.939:456.138|333.961:449.297|338.214:442.598|342.695:436.048|347.397:429.656|352.316:423.428|357.445:417.373|362.779:411.498|368.311:405.808|374.035:400.312|379.943:395.015|386.030:389.923|392.288:385.043|398.710:380.381|405.287:375.942|409.571:373.222|412.004:371.715|418.750:367.535|425.496:363.356|432.242:359.176|438.989:354.997|445.735:350.817|452.481:346.638|459.227:342.458|465.973:338.279|472.720:334.099|479.466:329.920|486.212:325.740|492.958:321.561|499.704:317.381|506.451:313.202|513.197:309.022|519.943:304.843|526.689:300.663|533.435:296.484|540.182:292.304|546.928:288.125|553.674:283.945|560.420:279.766|567.166:275.586|573.913:271.407|580.659:267.227|587.405:263.048|594.151:258.868|600.897:254.689|607.644:250.509|614.390:246.330|621.136:242.150|627.882:237.971|634.628:233.791|641.375:229.612|648.121:225.432|654.867:221.253|661.613:217.073|668.359:212.893|675.106:208.714|681.852:204.534|688.598:200.355|695.344:196.175|702.090:191.996|708.837:187.816|715.583:183.637|722.329:179.457|729.075:175.278|735.821:171.098|742.567:166.919|749.314:162.739|756.060:158.560|762.806:154.380|769.552:150.201|776.298:146.021|783.045:141.842|789.791:137.662|796.537:133.483|803.283:129.303|810.029:125.124|816.776:120.944|823.522:116.765,0,,,,
29.844446,reacquire_slot,slot_arm_geometry_unavailable,0,0,0,0,slot_arm_geometry_unavailable,0,1785215032.5120974,1,1,0,26,gap_confirmed,2,1,1,1,1765.089,-2415.089,0,1,1,1,1,1,1,0,1509.779,1203.074,1011.468,-300.0,1311.468,0,0.902,0.433,,,,,,,0,0,0,0.0,0,locked_slot_fallback_unavailable,0.0,0.0,0.0,,,,0,footprint_unavailable,,,,,0,NONE,0,0,0,0,0,,0.0,0.0,0,0,0.0,locked_slot_fallback_unavailable,,0,,0,0,,0,,0,,,,,,,,,,,,0,,,,
29.921251,reacquire_slot,reacquiring_frozen_slot,0,0,0,0,reacquiring_frozen_slot,0,1785215032.6232,1,1,0,26,gap_confirmed,2,1,1,1,1771.976,-2421.976,0,1,1,1,1,1,1,0,1509.779,1203.905,1015.891,-300.0,1315.891,0,0.902,0.433,,,,,,,0,0,0,0.0,0,locked_slot_fallback_unavailable,0.0,0.0,0.0,,,,0,footprint_unavailable,,,,,0,NONE,0,0,0,0,0,,0.0,0.0,0,0,0.0,locked_slot_fallback_unavailable,,0,,0,0,,0,,0,,,,,,,,,,,,0,,,,
29.999844,reacquire_slot,reacquire_waiting_for_unique_lidar_scan,0,0,0,0,reacquire_waiting_for_unique_lidar_scan,0,1785215032.6232,0,1,0,26,gap_confirmed,2,1,1,1,1771.976,-2421.976,0,1,1,1,1,1,1,0,1509.779,1203.905,1015.891,-300.0,1315.891,0,0.902,0.433,,,,,,,0,0,0,0.0,0,locked_slot_fallback_unavailable,0.0,0.0,0.0,,,,0,footprint_unavailable,,,,,0,NONE,0,0,0,0,0,,0.0,0.0,0,0,0.0,locked_slot_fallback_unavailable,,0,,0,0,,0,,0,,,,,,,,,,,,0,,,,
30.077591,reacquire_slot,reacquiring_frozen_slot,0,0,0,0,reacquiring_frozen_slot,0,1785215032.7365816,1,1,0,23,gap_confirmed,2,1,1,1,1793.581,-2443.581,0,1,1,1,1,1,1,0,1509.779,1197.101,1018.264,-300.0,1318.264,0,0.902,0.433,,,,,,,0,0,0,0.0,0,locked_slot_fallback_unavailable,0.0,0.0,0.0,,,,0,footprint_unavailable,,,,,0,NONE,0,0,0,0,0,,0.0,0.0,0,0,0.0,locked_slot_fallback_unavailable,,0,,0,0,,0,,0,,,,,,,,,,,,0,,,,
30.155102,reacquire_slot,reacquiring_frozen_slot,0,0,0,0,reacquiring_frozen_slot,0,1785215032.847889,1,1,0,20,gap_confirmed,2,1,1,1,1776.131,-2426.131,0,1,1,1,1,1,1,0,1509.779,1204.602,1013.456,-300.0,1313.456,0,0.902,0.433,,,,,,,0,0,0,0.0,0,locked_slot_fallback_unavailable,0.0,0.0,0.0,,,,0,footprint_unavailable,,,,,0,NONE,0,0,0,0,0,,0.0,0.0,0,0,0.0,locked_slot_fallback_unavailable,,0,,0,0,,0,,0,,,,,,,,,,,,0,,,,
30.232038,reacquire_slot,reacquire_waiting_for_unique_lidar_scan,0,0,0,0,reacquire_waiting_for_unique_lidar_scan,0,1785215032.847889,0,1,0,20,gap_confirmed,2,1,1,1,1776.131,-2426.131,0,1,1,1,1,1,1,0,1509.779,1204.602,1013.456,-300.0,1313.456,0,0.902,0.433,,,,,,,0,0,0,0.0,0,locked_slot_fallback_unavailable,0.0,0.0,0.0,,,,0,footprint_unavailable,,,,,0,NONE,0,0,0,0,0,,0.0,0.0,0,0,0.0,locked_slot_fallback_unavailable,,0,,0,0,,0,,0,,,,,,,,,,,,0,,,,
30.310502,reacquire_slot,reacquiring_frozen_slot,0,0,0,0,reacquiring_frozen_slot,0,1785215032.9592412,1,1,0,20,gap_confirmed,2,1,1,1,1772.634,-2422.634,0,1,1,1,1,1,1,0,1509.779,1204.872,1017.64,-300.0,1317.64,0,0.902,0.433,,,,,,,0,0,0,0.0,0,locked_slot_fallback_unavailable,0.0,0.0,0.0,,,,0,footprint_unavailable,,,,,0,NONE,0,0,0,0,0,,0.0,0.0,0,0,0.0,locked_slot_fallback_unavailable,,0,,0,0,,0,,0,,,,,,,,,,,,0,,,,
30.386586,reacquire_slot,reacquiring_frozen_slot,0,0,0,0,reacquiring_frozen_slot,0,1785215033.0718536,1,1,0,19,gap_confirmed,2,1,1,1,1779.255,-2429.255,0,1,1,1,1,1,1,0,1509.779,1209.503,1013.023,-300.0,1313.023,0,0.902,0.433,,,,,,,0,0,0,0.0,0,locked_slot_fallback_unavailable,0.0,0.0,0.0,,,,0,footprint_unavailable,,,,,0,NONE,0,0,0,0,0,,0.0,0.0,0,0,0.0,locked_slot_fallback_unavailable,,0,,0,0,,0,,0,,,,,,,,,,,,0,,,,
30.464595,provisional_prealign,slot_reacquire_timeout:resume_provisional_prealign,35,-120,35,-120,slot_reacquire_timeout:resume_provisional_prealign,0,1785215033.18209,1,1,0,24,gap_confirmed,2,1,1,1,1773.868,-2423.868,0,1,1,1,1,1,1,0,1509.779,1208.209,1017.993,-300.0,1317.993,0,0.902,0.433,,,,,,,0,0,0,0.0,0,locked_slot_fallback_unavailable,0.0,0.0,0.0,,,,0,footprint_unavailable,,,,,0,NONE,0,0,0,0,0,,0.0,0.0,0,0,0.0,locked_slot_fallback_unavailable,,0,,0,0,,0,,0,,,,,,,,,,,,0,,,,
30.540771,verify_slot_box,provisional_safe_path_ready,0,0,0,0,provisional_safe_path_ready,0,1785215033.18209,0,1,0,24,gap_confirmed,2,1,1,1,1773.868,-2423.868,0,1,1,1,1,1,1,0,1509.779,1208.209,1017.993,-300.0,1317.993,0,0.902,0.433,,,,,,,1,1,1,0.95,0,lidar_slot_box,-112.105,-1.019136,58.22,685.962,220.0,347.368,0,footprint_crosses_slot_entrance,-1322.15,-156.078,-2397.549,-1360.846,0,NONE,0,0,0,0,0,,0.0,0.0,0,0,0.0,locked_slot_fallback_unavailable,,0,,0,0,,0,ready,1,full_arc_straight_ready,0.00432,0.00432,0.8,58.22,-2.534,35.992,333.684,317.305,482.257,300.000:570.000|300.137:562.041|300.547:554.092|301.231:546.161|302.187:538.259|303.413:530.394|304.910:522.575|306.675:514.813|308.705:507.117|310.999:499.494|313.553:491.955|316.366:484.508|319.432:477.163|322.749:469.927|326.314:462.809|330.120:455.819|334.165:448.963|338.443:442.250|342.950:435.689|347.679:429.286|352.626:423.050|357.784:416.987|363.148:411.105|368.711:405.412|374.466:399.912|380.407:394.614|386.526:389.524|392.817:384.647|399.272:379.989|405.883:375.555|409.571:373.222|412.628:371.328|419.395:367.136|426.162:362.943|432.929:358.751|439.696:354.558|446.463:350.366|453.231:346.174|459.998:341.981|466.765:337.789|473.532:333.596|480.299:329.404|487.066:325.211|493.833:321.019|500.600:316.827|507.367:312.634|514.134:308.442|520.901:304.249|527.668:300.057|534.435:295.865|541.202:291.672|547.969:287.480|554.736:283.287|561.503:279.095|568.270:274.903|575.037:270.710|581.804:266.518|588.571:262.325|595.338:258.133|602.105:253.940|608.872:249.748|615.639:245.556|622.406:241.363|629.173:237.171|635.940:232.978|642.707:228.786|649.474:224.594|656.241:220.401|663.008:216.209|669.775:212.016|676.542:207.824|683.309:203.632|690.076:199.439|696.843:195.247|703.610:191.054|710.377:186.862|717.144:182.670|723.911:178.477|730.678:174.285|737.445:170.092|744.212:165.900|750.979:161.707|757.746:157.515|764.513:153.323|771.280:149.130|778.047:144.938|784.814:140.745|791.581:136.553|798.348:132.361|805.115:128.168|811.882:123.976|818.649:119.783|825.416:115.591,0,,,,
30.633317,reacquire_slot,slot_arm_geometry_unavailable,0,0,0,0,slot_arm_geometry_unavailable,0,1785215033.293692,1,1,0,23,gap_confirmed,2,1,1,1,1774.27,-2424.27,0,1,1,1,1,1,1,0,1509.779,1210.327,1010.128,-300.0,1310.128,0,0.902,0.433,,,,,,,0,0,0,0.0,0,locked_slot_fallback_unavailable,0.0,0.0,0.0,,,,0,footprint_unavailable,,,,,0,NONE,0,0,0,0,0,,0.0,0.0,0,0,0.0,locked_slot_fallback_unavailable,,0,,0,0,,0,,0,,,,,,,,,,,,0,,,,
30.709826,reacquire_slot,reacquiring_frozen_slot,0,0,0,0,reacquiring_frozen_slot,0,1785215033.406486,1,1,0,21,gap_confirmed,2,1,1,1,1811.967,-2461.967,0,1,1,1,1,1,1,0,1509.779,1213.152,1009.114,-300.0,1309.114,0,0.902,0.433,,,,,,,0,0,0,0.0,0,locked_slot_fallback_unavailable,0.0,0.0,0.0,,,,0,footprint_unavailable,,,,,0,NONE,0,0,0,0,0,,0.0,0.0,0,0,0.0,locked_slot_fallback_unavailable,,0,,0,0,,0,,0,,,,,,,,,,,,0,,,,
30.788129,reacquire_slot,reacquire_waiting_for_unique_lidar_scan,0,0,0,0,reacquire_waiting_for_unique_lidar_scan,0,1785215033.406486,0,1,0,21,gap_confirmed,2,1,1,1,1811.967,-2461.967,0,1,1,1,1,1,1,0,1509.779,1213.152,1009.114,-300.0,1309.114,0,0.902,0.433,,,,,,,0,0,0,0.0,0,locked_slot_fallback_unavailable,0.0,0.0,0.0,,,,0,footprint_unavailable,,,,,0,NONE,0,0,0,0,0,,0.0,0.0,0,0,0.0,locked_slot_fallback_unavailable,,0,,0,0,,0,,0,,,,,,,,,,,,0,,,,
30.865148,reacquire_slot,reacquiring_frozen_slot,0,0,0,0,reacquiring_frozen_slot,0,1785215033.5197704,1,1,0,22,gap_confirmed,2,1,1,1,1797.86,-2447.86,0,1,1,1,1,1,1,0,1509.779,1210.714,1010.554,-300.0,1310.554,0,0.902,0.433,,,,,,,0,0,0,0.0,0,locked_slot_fallback_unavailable,0.0,0.0,0.0,,,,0,footprint_unavailable,,,,,0,NONE,0,0,0,0,0,,0.0,0.0,0,0,0.0,locked_slot_fallback_unavailable,,0,,0,0,,0,,0,,,,,,,,,,,,0,,,,
30.943192,reacquire_slot,reacquiring_frozen_slot,0,0,0,0,reacquiring_frozen_slot,0,1785215033.631131,1,1,0,18,gap_confirmed,2,1,1,1,1776.374,-2426.374,0,1,1,1,1,1,1,0,1509.779,1209.291,1018.169,-300.0,1318.169,0,0.902,0.433,,,,,,,0,0,0,0.0,0,locked_slot_fallback_unavailable,0.0,0.0,0.0,,,,0,footprint_unavailable,,,,,0,NONE,0,0,0,0,0,,0.0,0.0,0,0,0.0,locked_slot_fallback_unavailable,,0,,0,0,,0,,0,,,,,,,,,,,,0,,,,
31.019914,reacquire_slot,reacquire_waiting_for_unique_lidar_scan,0,0,0,0,reacquire_waiting_for_unique_lidar_scan,0,1785215033.631131,0,1,0,18,gap_confirmed,2,1,1,1,1776.374,-2426.374,0,1,1,1,1,1,1,0,1509.779,1209.291,1018.169,-300.0,1318.169,0,0.902,0.433,,,,,,,0,0,0,0.0,0,locked_slot_fallback_unavailable,0.0,0.0,0.0,,,,0,footprint_unavailable,,,,,0,NONE,0,0,0,0,0,,0.0,0.0,0,0,0.0,locked_slot_fallback_unavailable,,0,,0,0,,0,,0,,,,,,,,,,,,0,,,,
31.096849,reacquire_slot,reacquiring_frozen_slot,0,0,0,0,reacquiring_frozen_slot,0,1785215033.742561,1,1,0,19,gap_confirmed,2,1,1,1,1785.285,-2435.285,0,1,1,1,1,1,1,0,1509.779,1209.475,1012.452,-300.0,1312.452,0,0.902,0.433,,,,,,,0,0,0,0.0,0,locked_slot_fallback_unavailable,0.0,0.0,0.0,,,,0,footprint_unavailable,,,,,0,NONE,0,0,0,0,0,,0.0,0.0,0,0,0.0,locked_slot_fallback_unavailable,,0,,0,0,,0,,0,,,,,,,,,,,,0,,,,
31.17564,reacquire_slot,reacquiring_frozen_slot,0,0,0,0,reacquiring_frozen_slot,0,1785215033.8537765,1,1,0,23,gap_confirmed,2,1,1,1,1784.874,-2434.874,0,1,1,1,1,1,1,0,1509.779,1206.54,1013.601,-300.0,1313.601,0,0.902,0.433,,,,,,,0,0,0,0.0,0,locked_slot_fallback_unavailable,0.0,0.0,0.0,,,,0,footprint_unavailable,,,,,0,NONE,0,0,0,0,0,,0.0,0.0,0,0,0.0,locked_slot_fallback_unavailable,,0,,0,0,,0,,0,,,,,,,,,,,,0,,,,
31.253515,provisional_prealign,slot_reacquire_timeout:resume_provisional_prealign,35,-120,35,-120,slot_reacquire_timeout:resume_provisional_prealign,0,1785215033.966048,1,1,0,20,gap_confirmed,2,1,1,1,1781.309,-2431.309,0,1,1,1,1,1,1,0,1509.779,1206.912,1020.296,-300.0,1320.296,0,0.902,0.433,,,,,,,0,0,0,0.0,0,locked_slot_fallback_unavailable,0.0,0.0,0.0,,,,0,footprint_unavailable,,,,,0,NONE,0,0,0,0,0,,0.0,0.0,0,0,0.0,locked_slot_fallback_unavailable,,0,,0,0,,0,,0,,,,,,,,,,,,0,,,,
31.329588,verify_slot_box,provisional_safe_path_ready,0,0,0,0,provisional_safe_path_ready,0,1785215033.966048,0,1,0,20,gap_confirmed,2,1,1,1,1781.309,-2431.309,0,1,1,1,1,1,1,0,1509.779,1206.912,1020.296,-300.0,1320.296,0,0.902,0.433,,,,,,,1,1,1,0.95,0,lidar_slot_box,-112.716,-1.024695,58.22,685.988,220.0,347.368,0,footprint_crosses_slot_entrance,-1324.79,-158.718,-2397.659,-1360.957,0,NONE,0,0,0,0,0,,0.0,0.0,0,0,0.0,locked_slot_fallback_unavailable,,0,,0,0,,0,ready,1,full_arc_straight_ready,0.00432,0.00432,0.8,58.22,-3.146,35.381,333.684,317.305,482.257,300.000:570.000|300.137:562.041|300.547:554.091|301.231:546.160|302.187:538.257|303.414:530.392|304.910:522.574|306.675:514.812|308.706:507.115|311.000:499.492|313.554:491.953|316.367:484.506|319.433:477.160|322.751:469.924|326.315:462.806|330.122:455.815|334.168:448.959|338.446:442.246|342.953:435.685|347.683:429.282|352.630:423.045|357.788:416.983|363.152:411.101|368.715:405.407|374.471:399.908|380.412:394.610|386.532:389.519|392.823:384.642|399.278:379.984|405.890:375.551|409.571:373.222|412.636:371.324|419.403:367.131|426.170:362.938|432.937:358.746|439.705:354.553|446.472:350.361|453.239:346.168|460.006:341.976|466.774:337.783|473.541:333.591|480.308:329.398|487.075:325.205|493.843:321.013|500.610:316.820|507.377:312.628|514.144:308.435|520.912:304.243|527.679:300.050|534.446:295.858|541.213:291.665|547.981:287.472|554.748:283.280|561.515:279.087|568.282:274.895|575.050:270.702|581.817:266.510|588.584:262.317|595.351:258.124|602.119:253.932|608.886:249.739|615.653:245.547|622.420:241.354|629.188:237.162|635.955:232.969|642.722:228.777|649.490:224.584|656.257:220.391|663.024:216.199|669.791:212.006|676.559:207.814|683.326:203.621|690.093:199.429|696.860:195.236|703.628:191.044|710.395:186.851|717.162:182.658|723.929:178.466|730.697:174.273|737.464:170.081|744.231:165.888|750.998:161.696|757.766:157.503|764.533:153.311|771.300:149.118|778.067:144.925|784.835:140.733|791.602:136.540|798.369:132.348|805.136:128.155|811.904:123.963|818.671:119.770|825.438:115.577,0,,,,
31.421667,reacquire_slot,slot_arm_geometry_unavailable,0,0,0,0,slot_arm_geometry_unavailable,0,1785215034.0766792,1,1,0,19,gap_confirmed,2,1,1,1,1783.741,-2433.741,0,1,1,1,1,1,1,0,1509.779,1200.396,1027.699,-300.0,1327.699,0,0.902,0.433,,,,,,,0,0,0,0.0,0,locked_slot_fallback_unavailable,0.0,0.0,0.0,,,,0,footprint_unavailable,,,,,0,NONE,0,0,0,0,0,,0.0,0.0,0,0,0.0,locked_slot_fallback_unavailable,,0,,0,0,,0,,0,,,,,,,,,,,,0,,,,
31.498063,reacquire_slot,reacquiring_frozen_slot,0,0,0,0,reacquiring_frozen_slot,0,1785215034.1916904,1,1,0,18,gap_confirmed,2,1,1,1,1788.027,-2438.027,0,1,1,1,1,1,1,0,1509.779,1198.477,1036.306,-300.0,1336.306,0,0.902,0.433,,,,,,,0,0,0,0.0,0,locked_slot_fallback_unavailable,0.0,0.0,0.0,,,,0,footprint_unavailable,,,,,0,NONE,0,0,0,0,0,,0.0,0.0,0,0,0.0,locked_slot_fallback_unavailable,,0,,0,0,,0,,0,,,,,,,,,,,,0,,,,
31.574513,reacquire_slot,reacquire_waiting_for_unique_lidar_scan,0,0,0,0,reacquire_waiting_for_unique_lidar_scan,0,1785215034.1916904,0,1,0,18,gap_confirmed,2,1,1,1,1788.027,-2438.027,0,1,1,1,1,1,1,0,1509.779,1198.477,1036.306,-300.0,1336.306,0,0.902,0.433,,,,,,,0,0,0,0.0,0,locked_slot_fallback_unavailable,0.0,0.0,0.0,,,,0,footprint_unavailable,,,,,0,NONE,0,0,0,0,0,,0.0,0.0,0,0,0.0,locked_slot_fallback_unavailable,,0,,0,0,,0,,0,,,,,,,,,,,,0,,,,
31.652752,reacquire_slot,reacquiring_frozen_slot,0,0,0,0,reacquiring_frozen_slot,0,1785215034.3036928,1,1,0,21,gap_confirmed,1,1,1,1,225.317,-875.317,0,1,1,1,1,1,1,0,1509.779,1201.267,1031.019,-300.0,1331.019,0,0.902,0.433,,,,,,,0,0,0,0.0,0,locked_slot_fallback_unavailable,0.0,0.0,0.0,,,,0,footprint_unavailable,,,,,0,NONE,0,0,0,0,0,,0.0,0.0,0,0,0.0,locked_slot_fallback_unavailable,,0,,0,0,,0,,0,,,,,,,,,,,,0,,,,
31.729284,reacquire_slot,reacquiring_frozen_slot,0,0,0,0,reacquiring_frozen_slot,0,1785215034.4138103,1,1,0,22,gap_confirmed,2,1,1,1,1784.911,-2434.911,0,1,1,1,1,1,1,0,1509.779,1194.18,1032.797,-300.0,1332.797,0,0.902,0.433,,,,,,,0,0,0,0.0,0,locked_slot_fallback_unavailable,0.0,0.0,0.0,,,,0,footprint_unavailable,,,,,0,NONE,0,0,0,0,0,,0.0,0.0,0,0,0.0,locked_slot_fallback_unavailable,,0,,0,0,,0,,0,,,,,,,,,,,,0,,,,
31.807593,reacquire_slot,reacquiring_frozen_slot,0,0,0,0,reacquiring_frozen_slot,0,1785215034.5262604,1,1,0,22,gap_confirmed,2,1,1,1,1793.962,-2443.962,0,1,1,1,1,1,1,0,1509.779,1201.466,1027.964,-300.0,1327.964,0,0.902,0.433,,,,,,,0,0,0,0.0,0,locked_slot_fallback_unavailable,0.0,0.0,0.0,,,,0,footprint_unavailable,,,,,0,NONE,0,0,0,0,0,,0.0,0.0,0,0,0.0,locked_slot_fallback_unavailable,,0,,0,0,,0,,0,,,,,,,,,,,,0,,,,
31.885283,reacquire_slot,reacquire_waiting_for_unique_lidar_scan,0,0,0,0,reacquire_waiting_for_unique_lidar_scan,0,1785215034.5262604,0,1,0,22,gap_confirmed,2,1,1,1,1793.962,-2443.962,0,1,1,1,1,1,1,0,1509.779,1201.466,1027.964,-300.0,1327.964,0,0.902,0.433,,,,,,,0,0,0,0.0,0,locked_slot_fallback_unavailable,0.0,0.0,0.0,,,,0,footprint_unavailable,,,,,0,NONE,0,0,0,0,0,,0.0,0.0,0,0,0.0,locked_slot_fallback_unavailable,,0,,0,0,,0,,0,,,,,,,,,,,,0,,,,
31.963798,reacquire_slot,reacquiring_frozen_slot,0,0,0,0,reacquiring_frozen_slot,0,1785215034.6379597,1,1,0,21,gap_confirmed,2,1,1,1,1782.24,-2432.24,0,1,1,1,1,1,1,0,1509.779,1202.178,1029.751,-300.0,1329.751,0,0.902,0.433,,,,,,,0,0,0,0.0,0,locked_slot_fallback_unavailable,0.0,0.0,0.0,,,,0,footprint_unavailable,,,,,0,NONE,0,0,0,0,0,,0.0,0.0,0,0,0.0,locked_slot_fallback_unavailable,,0,,0,0,,0,,0,,,,,,,,,,,,0,,,,
32.041921,provisional_prealign,slot_reacquire_timeout:resume_provisional_prealign,35,-120,35,-120,slot_reacquire_timeout:resume_provisional_prealign,0,1785215034.7487602,1,1,0,22,gap_confirmed,2,1,1,1,1783.032,-2433.032,0,1,1,1,1,1,1,0,1509.779,1196.691,1034.697,-300.0,1334.697,0,0.902,0.433,,,,,,,0,0,0,0.0,0,locked_slot_fallback_unavailable,0.0,0.0,0.0,,,,0,footprint_unavailable,,,,,0,NONE,0,0,0,0,0,,0.0,0.0,0,0,0.0,locked_slot_fallback_unavailable,,0,,0,0,,0,,0,,,,,,,,,,,,0,,,,
32.119209,verify_slot_box,provisional_safe_path_ready,0,0,0,0,provisional_safe_path_ready,0,1785215034.7487602,0,1,0,22,gap_confirmed,2,1,1,1,1783.032,-2433.032,0,1,1,1,1,1,1,0,1509.779,1196.691,1034.697,-300.0,1334.697,0,0.902,0.433,,,,,,,1,1,1,0.95,0,lidar_slot_box,-116.798,-1.061801,58.22,685.732,220.0,347.368,0,footprint_crosses_slot_entrance,-1342.415,-176.343,-2396.554,-1359.852,0,NONE,0,0,0,0,0,,0.0,0.0,0,0,0.0,locked_slot_fallback_unavailable,,0,,0,0,,0,ready,1,full_arc_straight_ready,0.00432,0.00432,0.8,58.22,-7.227,31.299,333.684,317.305,482.258,300.000:570.000|300.137:562.044|300.547:554.097|301.230:546.169|302.185:538.269|303.411:530.406|304.907:522.590|306.670:514.831|308.699:507.136|310.992:499.516|313.545:491.979|316.355:484.534|319.420:477.191|322.735:469.957|326.297:462.841|330.102:455.852|334.144:448.997|338.420:442.286|342.924:435.726|347.650:429.324|352.594:423.089|357.749:417.027|363.110:411.146|368.669:405.452|374.421:399.954|380.359:394.656|386.475:389.565|392.762:384.688|399.214:380.029|405.822:375.595|409.571:373.222|412.564:371.368|419.329:367.177|426.094:362.986|432.858:358.795|439.623:354.604|446.388:350.413|453.153:346.222|459.918:342.030|466.683:337.839|473.448:333.648|480.213:329.457|486.977:325.266|493.742:321.075|500.507:316.884|507.272:312.693|514.037:308.502|520.802:304.311|527.567:300.120|534.331:295.929|541.096:291.737|547.861:287.546|554.626:283.355|561.391:279.164|568.156:274.973|574.921:270.782|581.686:266.591|588.450:262.400|595.215:258.209|601.980:254.018|608.745:249.827|615.510:245.636|622.275:241.445|629.040:237.253|635.804:233.062|642.569:228.871|649.334:224.680|656.099:220.489|662.864:216.298|669.629:212.107|676.394:207.916|683.159:203.725|689.923:199.534|696.688:195.343|703.453:191.152|710.218:186.961|716.983:182.769|723.748:178.578|730.513:174.387|737.277:170.196|744.042:166.005|750.807:161.814|757.572:157.623|764.337:153.432|771.102:149.241|777.867:145.050|784.632:140.859|791.396:136.668|798.161:132.477|804.926:128.285|811.691:124.094|818.456:119.903|825.221:115.712,0,,,,
32.213751,reacquire_slot,slot_arm_geometry_unavailable,0,0,0,0,slot_arm_geometry_unavailable,0,1785215034.862717,1,1,0,19,gap_confirmed,2,1,1,1,1786.993,-2436.993,0,1,1,1,1,1,1,0,1509.779,1198.379,1031.52,-300.0,1331.52,0,0.902,0.433,,,,,,,0,0,0,0.0,0,locked_slot_fallback_unavailable,0.0,0.0,0.0,,,,0,footprint_unavailable,,,,,0,NONE,0,0,0,0,0,,0.0,0.0,0,0,0.0,locked_slot_fallback_unavailable,,0,,0,0,,0,,0,,,,,,,,,,,,0,,,,
32.291895,reacquire_slot,reacquiring_frozen_slot,0,0,0,0,reacquiring_frozen_slot,0,1785215034.9747188,1,1,0,20,gap_confirmed,2,1,1,1,1785.469,-2435.469,0,1,1,1,1,1,1,0,1509.779,1192.69,1032.816,-300.0,1332.816,0,0.902,0.433,,,,,,,0,0,0,0.0,0,locked_slot_fallback_unavailable,0.0,0.0,0.0,,,,0,footprint_unavailable,,,,,0,NONE,0,0,0,0,0,,0.0,0.0,0,0,0.0,locked_slot_fallback_unavailable,,0,,0,0,,0,,0,,,,,,,,,,,,0,,,,
32.369916,reacquire_slot,reacquiring_frozen_slot,0,0,0,0,reacquiring_frozen_slot,0,1785215035.085855,1,1,0,23,gap_confirmed,2,1,1,1,1791.82,-2441.82,0,1,1,1,1,1,1,0,1509.779,1194.544,1039.215,-300.0,1339.215,0,0.902,0.433,,,,,,,0,0,0,0.0,0,locked_slot_fallback_unavailable,0.0,0.0,0.0,,,,0,footprint_unavailable,,,,,0,NONE,0,0,0,0,0,,0.0,0.0,0,0,0.0,locked_slot_fallback_unavailable,,0,,0,0,,0,,0,,,,,,,,,,,,0,,,,
32.447005,reacquire_slot,reacquire_waiting_for_unique_lidar_scan,0,0,0,0,reacquire_waiting_for_unique_lidar_scan,0,1785215035.085855,0,1,0,23,gap_confirmed,2,1,1,1,1791.82,-2441.82,0,1,1,1,1,1,1,0,1509.779,1194.544,1039.215,-300.0,1339.215,0,0.902,0.433,,,,,,,0,0,0,0.0,0,locked_slot_fallback_unavailable,0.0,0.0,0.0,,,,0,footprint_unavailable,,,,,0,NONE,0,0,0,0,0,,0.0,0.0,0,0,0.0,locked_slot_fallback_unavailable,,0,,0,0,,0,,0,,,,,,,,,,,,0,,,,
32.526685,reacquire_slot,reacquiring_frozen_slot,0,0,0,0,reacquiring_frozen_slot,0,1785215035.1977139,1,1,0,18,gap_confirmed,2,1,1,1,1796.287,-2446.287,0,1,1,1,1,1,1,0,1509.779,1191.653,1044.44,-300.0,1344.44,0,0.902,0.433,,,,,,,0,0,0,0.0,0,locked_slot_fallback_unavailable,0.0,0.0,0.0,,,,0,footprint_unavailable,,,,,0,NONE,0,0,0,0,0,,0.0,0.0,0,0,0.0,locked_slot_fallback_unavailable,,0,,0,0,,0,,0,,,,,,,,,,,,0,,,,
32.61891,reacquire_slot,reacquiring_frozen_slot,0,0,0,0,reacquiring_frozen_slot,0,1785215035.3085334,1,1,0,17,gap_confirmed,1,1,1,1,232.589,-882.589,0,1,1,1,1,1,1,0,1509.779,1198.494,1038.918,-300.0,1338.918,0,0.902,0.433,,,,,,,0,0,0,0.0,0,locked_slot_fallback_unavailable,0.0,0.0,0.0,,,,0,footprint_unavailable,,,,,0,NONE,0,0,0,0,0,,0.0,0.0,0,0,0.0,locked_slot_fallback_unavailable,,0,,0,0,,0,,0,,,,,,,,,,,,0,,,,
32.696829,reacquire_slot,reacquire_waiting_for_unique_lidar_scan,0,0,0,0,reacquire_waiting_for_unique_lidar_scan,0,1785215035.3085334,0,1,0,17,gap_confirmed,1,1,1,1,232.589,-882.589,0,1,1,1,1,1,1,0,1509.779,1198.494,1038.918,-300.0,1338.918,0,0.902,0.433,,,,,,,0,0,0,0.0,0,locked_slot_fallback_unavailable,0.0,0.0,0.0,,,,0,footprint_unavailable,,,,,0,NONE,0,0,0,0,0,,0.0,0.0,0,0,0.0,locked_slot_fallback_unavailable,,0,,0,0,,0,,0,,,,,,,,,,,,0,,,,
32.77614,reacquire_slot,reacquiring_frozen_slot,0,0,0,0,reacquiring_frozen_slot,0,1785215035.4196327,1,1,0,20,gap_confirmed,2,1,1,1,1791.013,-2441.013,0,1,1,1,1,1,1,0,1509.779,1200.215,1041.206,-300.0,1341.206,0,0.902,0.433,,,,,,,0,0,0,0.0,0,locked_slot_fallback_unavailable,0.0,0.0,0.0,,,,0,footprint_unavailable,,,,,0,NONE,0,0,0,0,0,,0.0,0.0,0,0,0.0,locked_slot_fallback_unavailable,,0,,0,0,,0,,0,,,,,,,,,,,,0,,,,
32.852899,provisional_prealign,slot_reacquire_timeout:resume_provisional_prealign,35,-120,35,-120,slot_reacquire_timeout:resume_provisional_prealign,0,1785215035.5348094,1,1,0,19,gap_confirmed,2,1,1,1,1794.978,-2444.978,0,1,1,1,1,1,1,0,1509.779,1195.556,1045.81,-300.0,1345.81,0,0.902,0.433,,,,,,,0,0,0,0.0,0,locked_slot_fallback_unavailable,0.0,0.0,0.0,,,,0,footprint_unavailable,,,,,0,NONE,0,0,0,0,0,,0.0,0.0,0,0,0.0,locked_slot_fallback_unavailable,,0,,0,0,,0,,0,,,,,,,,,,,,0,,,,
32.931399,verify_slot_box,provisional_safe_path_ready,0,0,0,0,provisional_safe_path_ready,0,1785215035.6456482,1,1,0,18,gap_confirmed,2,1,1,1,1797.563,-2447.563,0,1,1,1,1,1,1,0,1509.779,1202.235,1039.078,-300.0,1339.078,0,0.902,0.433,,,,,,,1,1,1,0.95,0,lidar_slot_box,-116.984,-1.063494,58.22,687.358,220.0,347.368,0,footprint_crosses_slot_entrance,-1343.219,-177.147,-2403.575,-1366.873,0,NONE,0,0,0,0,0,,0.0,0.0,0,0,0.0,locked_slot_fallback_unavailable,,0,,0,0,,0,ready,1,full_arc_straight_ready,0.00432,0.00432,0.8,58.22,-7.414,31.113,333.684,317.304,482.257,300.000:570.000|300.137:562.026|300.549:554.061|301.236:546.115|302.195:538.198|303.427:530.318|304.929:522.485|306.700:514.709|308.738:506.999|311.041:499.363|313.605:491.811|316.428:484.352|319.506:476.994|322.836:469.747|326.413:462.619|330.234:455.619|334.294:448.754|338.587:442.033|343.110:435.464|347.857:429.055|352.821:422.813|357.997:416.745|363.380:410.860|368.962:405.164|374.737:399.663|380.697:394.364|386.837:389.274|393.149:384.399|399.625:379.744|406.257:375.314|409.571:373.222|413.020:371.086|419.800:366.885|426.580:362.685|433.360:358.484|440.140:354.284|446.920:350.083|453.700:345.883|460.480:341.682|467.260:337.482|474.040:333.281|480.820:329.081|487.600:324.880|494.380:320.680|501.160:316.479|507.940:312.279|514.720:308.078|521.500:303.878|528.280:299.677|535.060:295.477|541.841:291.276|548.621:287.076|555.401:282.875|562.181:278.675|568.961:274.474|575.741:270.274|582.521:266.074|589.301:261.873|596.081:257.673|602.861:253.472|609.641:249.272|616.421:245.071|623.201:240.871|629.981:236.670|636.761:232.470|643.541:228.269|650.321:224.069|657.101:219.868|663.881:215.668|670.662:211.467|677.442:207.267|684.222:203.066|691.002:198.866|697.782:194.665|704.562:190.465|711.342:186.264|718.122:182.064|724.902:177.863|731.682:173.663|738.462:169.462|745.242:165.262|752.022:161.061|758.802:156.861|765.582:152.660|772.362:148.460|779.142:144.259|785.922:140.059|792.703:135.858|799.483:131.658|806.263:127.457|813.043:123.257|819.823:119.056|826.603:114.856,0,,,,
33.010865,verify_slot_box,waiting_for_unique_lidar_arm_scan,0,0,0,0,waiting_for_unique_lidar_arm_scan,0,1785215035.6456482,0,1,0,18,gap_confirmed,2,1,1,1,1797.563,-2447.563,0,1,1,1,1,1,1,0,1509.779,1202.235,1039.078,-300.0,1339.078,0,0.902,0.433,,,,,,,0,0,0,0.0,0,locked_slot_fallback_unavailable,0.0,0.0,0.0,,,,0,footprint_unavailable,,,,,0,NONE,0,0,0,0,0,,0.0,0.0,0,0,0.0,locked_slot_fallback_unavailable,,0,,0,0,,0,,0,,,,,,,,,,,,0,,,,
33.088295,reacquire_slot,slot_arm_geometry_unavailable,0,0,0,0,slot_arm_geometry_unavailable,0,1785215035.757658,1,1,0,21,gap_confirmed,2,1,1,1,1795.666,-2445.666,0,1,1,1,1,1,1,0,1509.779,1202.643,1037.191,-300.0,1337.191,0,0.902,0.433,,,,,,,0,0,0,0.0,0,locked_slot_fallback_unavailable,0.0,0.0,0.0,,,,0,footprint_unavailable,,,,,0,NONE,0,0,0,0,0,,0.0,0.0,0,0,0.0,locked_slot_fallback_unavailable,,0,,0,0,,0,,0,,,,,,,,,,,,0,,,,
33.165247,reacquire_slot,reacquiring_frozen_slot,0,0,0,0,reacquiring_frozen_slot,0,1785215035.8682704,1,1,0,17,gap_confirmed,2,1,1,1,1800.597,-2450.597,0,1,1,1,1,1,1,0,1509.779,1202.452,1039.122,-300.0,1339.122,0,0.902,0.433,,,,,,,0,0,0,0.0,0,locked_slot_fallback_unavailable,0.0,0.0,0.0,,,,0,footprint_unavailable,,,,,0,NONE,0,0,0,0,0,,0.0,0.0,0,0,0.0,locked_slot_fallback_unavailable,,0,,0,0,,0,,0,,,,,,,,,,,,0,,,,
33.243483,reacquire_slot,reacquire_waiting_for_unique_lidar_scan,0,0,0,0,reacquire_waiting_for_unique_lidar_scan,0,1785215035.8682704,0,1,0,17,gap_confirmed,2,1,1,1,1800.597,-2450.597,0,1,1,1,1,1,1,0,1509.779,1202.452,1039.122,-300.0,1339.122,0,0.902,0.433,,,,,,,0,0,0,0.0,0,locked_slot_fallback_unavailable,0.0,0.0,0.0,,,,0,footprint_unavailable,,,,,0,NONE,0,0,0,0,0,,0.0,0.0,0,0,0.0,locked_slot_fallback_unavailable,,0,,0,0,,0,,0,,,,,,,,,,,,0,,,,
33.320333,reacquire_slot,reacquiring_frozen_slot,0,0,0,0,reacquiring_frozen_slot,0,1785215035.979206,1,1,0,17,gap_confirmed,2,1,1,1,1802.473,-2452.473,0,1,1,1,1,1,1,0,1509.779,1205.073,1046.203,-300.0,1346.203,0,0.902,0.433,,,,,,,0,0,0,0.0,0,locked_slot_fallback_unavailable,0.0,0.0,0.0,,,,0,footprint_unavailable,,,,,0,NONE,0,0,0,0,0,,0.0,0.0,0,0,0.0,locked_slot_fallback_unavailable,,0,,0,0,,0,,0,,,,,,,,,,,,0,,,,
33.396556,reacquire_slot,reacquiring_frozen_slot,0,0,0,0,reacquiring_frozen_slot,0,1785215036.0940206,1,1,0,19,gap_confirmed,2,1,1,1,1802.393,-2452.393,0,1,1,1,1,1,1,0,1509.779,1198.751,1052.941,-300.0,1352.941,0,0.902,0.433,,,,,,,0,0,0,0.0,0,locked_slot_fallback_unavailable,0.0,0.0,0.0,,,,0,footprint_unavailable,,,,,0,NONE,0,0,0,0,0,,0.0,0.0,0,0,0.0,locked_slot_fallback_unavailable,,0,,0,0,,0,,0,,,,,,,,,,,,0,,,,
33.475,reacquire_slot,reacquire_waiting_for_unique_lidar_scan,0,0,0,0,reacquire_waiting_for_unique_lidar_scan,0,1785215036.0940206,0,1,0,19,gap_confirmed,2,1,1,1,1802.393,-2452.393,0,1,1,1,1,1,1,0,1509.779,1198.751,1052.941,-300.0,1352.941,0,0.902,0.433,,,,,,,0,0,0,0.0,0,locked_slot_fallback_unavailable,0.0,0.0,0.0,,,,0,footprint_unavailable,,,,,0,NONE,0,0,0,0,0,,0.0,0.0,0,0,0.0,locked_slot_fallback_unavailable,,0,,0,0,,0,,0,,,,,,,,,,,,0,,,,
33.554514,reacquire_slot,reacquiring_frozen_slot,0,0,0,0,reacquiring_frozen_slot,0,1785215036.2050598,1,1,0,21,gap_confirmed,2,1,1,1,1802.294,-2452.294,0,1,1,1,1,1,1,0,1509.779,1204.785,1047.377,-300.0,1347.377,0,0.902,0.433,,,,,,,0,0,0,0.0,0,locked_slot_fallback_unavailable,0.0,0.0,0.0,,,,0,footprint_unavailable,,,,,0,NONE,0,0,0,0,0,,0.0,0.0,0,0,0.0,locked_slot_fallback_unavailable,,0,,0,0,,0,,0,,,,,,,,,,,,0,,,,
33.631345,reacquire_slot,reacquiring_frozen_slot,0,0,0,0,reacquiring_frozen_slot,0,1785215036.3177655,1,1,0,18,gap_confirmed,2,1,1,1,1801.126,-2451.126,0,1,1,1,1,1,1,0,1509.779,1204.519,1046.042,-300.0,1346.042,0,0.902,0.433,,,,,,,0,0,0,0.0,0,locked_slot_fallback_unavailable,0.0,0.0,0.0,,,,0,footprint_unavailable,,,,,0,NONE,0,0,0,0,0,,0.0,0.0,0,0,0.0,locked_slot_fallback_unavailable,,0,,0,0,,0,,0,,,,,,,,,,,,0,,,,
33.709561,provisional_prealign,slot_reacquire_timeout:resume_provisional_prealign,35,-120,35,-120,slot_reacquire_timeout:resume_provisional_prealign,0,1785215036.4291275,1,1,0,14,gap_confirmed,2,1,1,1,1800.596,-2450.596,0,1,1,1,1,1,1,0,1509.779,1206.142,1050.339,-300.0,1350.339,0,0.902,0.433,,,,,,,0,0,0,0.0,0,locked_slot_fallback_unavailable,0.0,0.0,0.0,,,,0,footprint_unavailable,,,,,0,NONE,0,0,0,0,0,,0.0,0.0,0,0,0.0,locked_slot_fallback_unavailable,,0,,0,0,,0,,0,,,,,,,,,,,,0,,,,
33.787825,verify_slot_box,provisional_safe_path_ready,0,0,0,0,provisional_safe_path_ready,0,1785215036.4291275,0,1,0,14,gap_confirmed,2,1,1,1,1800.596,-2450.596,0,1,1,1,1,1,1,0,1509.779,1206.142,1050.339,-300.0,1350.339,0,0.902,0.433,,,,,,,1,1,1,0.95,0,lidar_slot_box,-118.725,-1.079314,58.22,689.5,220.0,347.368,0,footprint_crosses_slot_entrance,-1350.734,-184.662,-2412.827,-1376.124,0,NONE,0,0,0,0,0,,0.0,0.0,0,0,0.0,locked_slot_fallback_unavailable,,0,,0,0,,0,ready,1,full_arc_straight_ready,0.00378,0.00378,0.7,58.22,6.499,32.027,333.684,315.186,481.731,300.000:570.000|300.120:562.029|300.480:554.066|301.080:546.116|301.920:538.189|302.997:530.290|304.312:522.428|305.864:514.608|307.650:506.839|309.670:499.128|311.921:491.480|314.402:483.904|317.109:476.406|320.041:468.994|323.196:461.672|326.569:454.450|330.159:447.332|333.961:440.325|337.973:433.437|342.191:426.672|346.610:420.037|351.227:413.539|356.038:407.182|361.039:400.974|366.224:394.919|371.589:389.023|377.129:383.291|382.840:377.729|388.716:372.341|394.751:367.133|400.940:362.109|407.278:357.274|413.759:352.632|420.377:348.187|425.224:345.111|427.121:343.936|433.897:339.738|440.674:335.539|447.451:331.340|454.228:327.142|461.005:322.943|467.782:318.745|474.559:314.546|481.336:310.348|488.113:306.149|494.889:301.951|501.666:297.752|508.443:293.554|515.220:289.355|521.997:285.157|528.774:280.958|535.551:276.760|542.328:272.561|549.105:268.363|555.882:264.164|562.658:259.965|569.435:255.767|576.212:251.568|582.989:247.370|589.766:243.171|596.543:238.973|603.320:234.774|610.097:230.576|616.874:226.377|623.650:222.179|630.427:217.980|637.204:213.782|643.981:209.583|650.758:205.385|657.535:201.186|664.312:196.988|671.089:192.789|677.866:188.590|684.642:184.392|691.419:180.193|698.196:175.995|704.973:171.796|711.750:167.598|718.527:163.399|725.304:159.201|732.081:155.002|738.858:150.804|745.635:146.605|752.411:142.407|759.188:138.208|765.965:134.010|772.742:129.811|779.519:125.613|786.296:121.414|793.073:117.215|799.850:113.017|806.627:108.818|813.403:104.620|820.180:100.421,0,,,,
33.865624,reacquire_slot,slot_arm_geometry_unavailable,0,0,0,0,slot_arm_geometry_unavailable,0,1785215036.5396073,1,1,0,22,gap_confirmed,2,1,1,1,1806.04,-2456.04,0,1,1,1,1,1,1,0,1509.779,1207.309,1041.484,-300.0,1341.484,0,0.902,0.433,,,,,,,0,0,0,0.0,0,locked_slot_fallback_unavailable,0.0,0.0,0.0,,,,0,footprint_unavailable,,,,,0,NONE,0,0,0,0,0,,0.0,0.0,0,0,0.0,locked_slot_fallback_unavailable,,0,,0,0,,0,,0,,,,,,,,,,,,0,,,,
33.944501,reacquire_slot,reacquiring_frozen_slot,0,0,0,0,reacquiring_frozen_slot,0,1785215036.652051,1,1,0,22,gap_confirmed,2,1,1,1,1818.273,-2468.273,0,1,1,1,1,1,1,0,1509.779,1209.176,1038.929,-300.0,1338.929,0,0.902,0.433,,,,,,,0,0,0,0.0,0,locked_slot_fallback_unavailable,0.0,0.0,0.0,,,,0,footprint_unavailable,,,,,0,NONE,0,0,0,0,0,,0.0,0.0,0,0,0.0,locked_slot_fallback_unavailable,,0,,0,0,,0,,0,,,,,,,,,,,,0,,,,
34.023344,reacquire_slot,reacquire_waiting_for_unique_lidar_scan,0,0,0,0,reacquire_waiting_for_unique_lidar_scan,0,1785215036.652051,0,1,0,22,gap_confirmed,2,1,1,1,1818.273,-2468.273,0,1,1,1,1,1,1,0,1509.779,1209.176,1038.929,-300.0,1338.929,0,0.902,0.433,,,,,,,0,0,0,0.0,0,locked_slot_fallback_unavailable,0.0,0.0,0.0,,,,0,footprint_unavailable,,,,,0,NONE,0,0,0,0,0,,0.0,0.0,0,0,0.0,locked_slot_fallback_unavailable,,0,,0,0,,0,,0,,,,,,,,,,,,0,,,,
34.099861,reacquire_slot,reacquiring_frozen_slot,0,0,0,0,reacquiring_frozen_slot,0,1785215036.7651196,1,1,0,23,gap_confirmed,2,1,1,1,1808.112,-2458.112,0,1,1,1,1,1,1,0,1509.779,1210.225,1038.829,-300.0,1338.829,0,0.902,0.433,,,,,,,0,0,0,0.0,0,locked_slot_fallback_unavailable,0.0,0.0,0.0,,,,0,footprint_unavailable,,,,,0,NONE,0,0,0,0,0,,0.0,0.0,0,0,0.0,locked_slot_fallback_unavailable,,0,,0,0,,0,,0,,,,,,,,,,,,0,,,,
34.176373,reacquire_slot,reacquiring_frozen_slot,0,0,0,0,reacquiring_frozen_slot,0,1785215036.8768828,1,1,0,22,gap_confirmed,2,1,1,1,1807.556,-2457.556,0,1,1,1,1,1,1,0,1509.779,1207.718,1042.509,-300.0,1342.509,0,0.902,0.433,,,,,,,0,0,0,0.0,0,locked_slot_fallback_unavailable,0.0,0.0,0.0,,,,0,footprint_unavailable,,,,,0,NONE,0,0,0,0,0,,0.0,0.0,0,0,0.0,locked_slot_fallback_unavailable,,0,,0,0,,0,,0,,,,,,,,,,,,0,,,,
34.253316,reacquire_slot,reacquire_waiting_for_unique_lidar_scan,0,0,0,0,reacquire_waiting_for_unique_lidar_scan,0,1785215036.8768828,0,1,0,22,gap_confirmed,2,1,1,1,1807.556,-2457.556,0,1,1,1,1,1,1,0,1509.779,1207.718,1042.509,-300.0,1342.509,0,0.902,0.433,,,,,,,0,0,0,0.0,0,locked_slot_fallback_unavailable,0.0,0.0,0.0,,,,0,footprint_unavailable,,,,,0,NONE,0,0,0,0,0,,0.0,0.0,0,0,0.0,locked_slot_fallback_unavailable,,0,,0,0,,0,,0,,,,,,,,,,,,0,,,,
34.33068,reacquire_slot,reacquiring_frozen_slot,0,0,0,0,reacquiring_frozen_slot,0,1785215036.9892457,1,1,0,20,gap_confirmed,2,1,1,1,1812.227,-2462.227,0,1,1,1,1,1,1,0,1509.779,1208.092,1050.421,-300.0,1350.421,0,0.902,0.433,,,,,,,0,0,0,0.0,0,locked_slot_fallback_unavailable,0.0,0.0,0.0,,,,0,footprint_unavailable,,,,,0,NONE,0,0,0,0,0,,0.0,0.0,0,0,0.0,locked_slot_fallback_unavailable,,0,,0,0,,0,,0,,,,,,,,,,,,0,,,,
34.408511,reacquire_slot,reacquiring_frozen_slot,0,0,0,0,reacquiring_frozen_slot,0,1785215037.1005,1,1,0,21,gap_confirmed,2,1,1,1,1817.835,-2467.835,0,1,1,1,1,1,1,0,1509.779,1209.079,1043.854,-300.0,1343.854,0,0.902,0.433,,,,,,,0,0,0,0.0,0,locked_slot_fallback_unavailable,0.0,0.0,0.0,,,,0,footprint_unavailable,,,,,0,NONE,0,0,0,0,0,,0.0,0.0,0,0,0.0,locked_slot_fallback_unavailable,,0,,0,0,,0,,0,,,,,,,,,,,,0,,,,
34.486436,provisional_prealign,slot_reacquire_timeout:resume_provisional_prealign,35,-120,35,-120,slot_reacquire_timeout:resume_provisional_prealign,0,1785215037.1005,0,1,0,21,gap_confirmed,2,1,1,1,1817.835,-2467.835,0,1,1,1,1,1,1,0,1509.779,1209.079,1043.854,-300.0,1343.854,0,0.902,0.433,,,,,,,0,0,0,0.0,0,locked_slot_fallback_unavailable,0.0,0.0,0.0,,,,0,footprint_unavailable,,,,,0,NONE,0,0,0,0,0,,0.0,0.0,0,0,0.0,locked_slot_fallback_unavailable,,0,,0,0,,0,,0,,,,,,,,,,,,0,,,,
34.56564,verify_slot_box,provisional_safe_path_ready,0,0,0,0,provisional_safe_path_ready,0,1785215037.21106,1,1,0,21,gap_confirmed,2,1,1,1,1803.285,-2453.285,0,1,1,1,1,1,1,0,1509.779,1211.286,1044.473,-300.0,1344.473,0,0.902,0.433,,,,,,,1,1,1,0.95,0,lidar_slot_box,-116.943,-1.063114,58.22,689.798,220.0,347.368,0,footprint_crosses_slot_entrance,-1343.039,-176.967,-2414.11,-1377.407,0,NONE,0,0,0,0,0,,0.0,0.0,0,0,0.0,locked_slot_fallback_unavailable,,0,,0,0,,0,ready,1,full_arc_straight_ready,0.00432,0.00432,0.8,58.22,-7.372,31.154,333.684,317.308,482.258,300.000:570.000|300.135:562.086|300.541:554.181|301.217:546.295|302.162:538.436|303.375:530.614|304.855:522.839|306.600:515.118|308.608:507.462|310.876:499.879|313.403:492.378|316.184:484.967|319.217:477.656|322.498:470.453|326.024:463.366|329.789:456.404|333.791:449.575|338.024:442.887|342.483:436.347|347.163:429.963|352.058:423.744|357.163:417.695|362.472:411.824|367.979:406.138|373.677:400.644|379.559:395.348|385.619:390.256|391.850:385.374|398.243:380.708|404.793:376.264|409.571:373.222|411.485:372.036|418.214:367.868|424.943:363.699|431.672:359.530|438.400:355.361|445.129:351.192|451.858:347.024|458.587:342.855|465.316:338.686|472.045:334.517|478.774:330.349|485.503:326.180|492.232:322.011|498.961:317.842|505.689:313.673|512.418:309.505|519.147:305.336|525.876:301.167|532.605:296.998|539.334:292.829|546.063:288.661|552.792:284.492|559.521:280.323|566.250:276.154|572.978:271.985|579.707:267.817|586.436:263.648|593.165:259.479|599.894:255.310|606.623:251.141|613.352:246.973|620.081:242.804|626.810:238.635|633.539:234.466|640.267:230.297|646.996:226.129|653.725:221.960|660.454:217.791|667.183:213.622|673.912:209.453|680.641:205.285|687.370:201.116|694.099:196.947|700.828:192.778|707.556:188.609|714.285:184.441|721.014:180.272|727.743:176.103|734.472:171.934|741.201:167.765|747.930:163.597|754.659:159.428|761.388:155.259|768.117:151.090|774.845:146.921|781.574:142.753|788.303:138.584|795.032:134.415|801.761:130.246|808.490:126.077|815.219:121.909|821.948:117.740|828.677:113.571,0,,,,
34.642048,reacquire_slot,slot_arm_geometry_unavailable,0,0,0,0,slot_arm_geometry_unavailable,0,1785215037.3231175,1,1,0,23,gap_confirmed,2,1,1,1,1811.724,-2461.724,0,1,1,1,1,1,1,0,1509.779,1209.847,1047.582,-300.0,1347.582,0,0.902,0.433,,,,,,,0,0,0,0.0,0,locked_slot_fallback_unavailable,0.0,0.0,0.0,,,,0,footprint_unavailable,,,,,0,NONE,0,0,0,0,0,,0.0,0.0,0,0,0.0,locked_slot_fallback_unavailable,,0,,0,0,,0,,0,,,,,,,,,,,,0,,,,
34.717706,reacquire_slot,reacquiring_frozen_slot,0,0,0,0,reacquiring_frozen_slot,0,1785215037.437665,1,1,0,18,gap_confirmed,2,1,1,1,1814.677,-2464.677,0,1,1,1,1,1,1,0,1509.779,1209.267,1053.519,-300.0,1353.519,0,0.902,0.433,,,,,,,0,0,0,0.0,0,locked_slot_fallback_unavailable,0.0,0.0,0.0,,,,0,footprint_unavailable,,,,,0,NONE,0,0,0,0,0,,0.0,0.0,0,0,0.0,locked_slot_fallback_unavailable,,0,,0,0,,0,,0,,,,,,,,,,,,0,,,,
34.794011,reacquire_slot,reacquire_waiting_for_unique_lidar_scan,0,0,0,0,reacquire_waiting_for_unique_lidar_scan,0,1785215037.437665,0,1,0,18,gap_confirmed,2,1,1,1,1814.677,-2464.677,0,1,1,1,1,1,1,0,1509.779,1209.267,1053.519,-300.0,1353.519,0,0.902,0.433,,,,,,,0,0,0,0.0,0,locked_slot_fallback_unavailable,0.0,0.0,0.0,,,,0,footprint_unavailable,,,,,0,NONE,0,0,0,0,0,,0.0,0.0,0,0,0.0,locked_slot_fallback_unavailable,,0,,0,0,,0,,0,,,,,,,,,,,,0,,,,
34.872534,reacquire_slot,reacquiring_frozen_slot,0,0,0,0,reacquiring_frozen_slot,0,1785215037.5490875,1,1,0,21,gap_confirmed,2,1,1,1,1817.667,-2467.667,0,1,1,1,1,1,1,0,1509.779,1209.215,1062.787,-300.0,1362.787,0,0.902,0.433,,,,,,,0,0,0,0.0,0,locked_slot_fallback_unavailable,0.0,0.0,0.0,,,,0,footprint_unavailable,,,,,0,NONE,0,0,0,0,0,,0.0,0.0,0,0,0.0,locked_slot_fallback_unavailable,,0,,0,0,,0,,0,,,,,,,,,,,,0,,,,
34.94893,reacquire_slot,reacquiring_frozen_slot,0,0,0,0,reacquiring_frozen_slot,0,1785215037.6601837,1,1,0,21,gap_confirmed,2,1,1,1,1817.76,-2467.76,0,1,1,1,1,1,1,0,1509.779,1210.026,1056.584,-300.0,1356.584,0,0.902,0.433,,,,,,,0,0,0,0.0,0,locked_slot_fallback_unavailable,0.0,0.0,0.0,,,,0,footprint_unavailable,,,,,0,NONE,0,0,0,0,0,,0.0,0.0,0,0,0.0,locked_slot_fallback_unavailable,,0,,0,0,,0,,0,,,,,,,,,,,,0,,,,
35.027842,reacquire_slot,reacquire_waiting_for_unique_lidar_scan,0,0,0,0,reacquire_waiting_for_unique_lidar_scan,0,1785215037.6601837,0,1,0,21,gap_confirmed,2,1,1,1,1817.76,-2467.76,0,1,1,1,1,1,1,0,1509.779,1210.026,1056.584,-300.0,1356.584,0,0.902,0.433,,,,,,,0,0,0,0.0,0,locked_slot_fallback_unavailable,0.0,0.0,0.0,,,,0,footprint_unavailable,,,,,0,NONE,0,0,0,0,0,,0.0,0.0,0,0,0.0,locked_slot_fallback_unavailable,,0,,0,0,,0,,0,,,,,,,,,,,,0,,,,
35.120498,reacquire_slot,reacquiring_frozen_slot,0,0,0,0,reacquiring_frozen_slot,0,1785215037.7713826,1,1,0,21,gap_confirmed,2,1,1,1,1813.507,-2463.507,0,1,1,1,1,1,1,0,1509.779,1207.325,1056.754,-300.0,1356.754,0,0.902,0.433,,,,,,,0,0,0,0.0,0,locked_slot_fallback_unavailable,0.0,0.0,0.0,,,,0,footprint_unavailable,,,,,0,NONE,0,0,0,0,0,,0.0,0.0,0,0,0.0,locked_slot_fallback_unavailable,,0,,0,0,,0,,0,,,,,,,,,,,,0,,,,
35.196076,reacquire_slot,reacquiring_frozen_slot,0,0,0,0,reacquiring_frozen_slot,0,1785215037.8825297,1,1,0,20,gap_confirmed,2,1,1,1,1817.869,-2467.869,0,1,1,1,1,1,1,0,1509.779,1206.215,1060.879,-300.0,1360.879,0,0.902,0.433,,,,,,,0,0,0,0.0,0,locked_slot_fallback_unavailable,0.0,0.0,0.0,,,,0,footprint_unavailable,,,,,0,NONE,0,0,0,0,0,,0.0,0.0,0,0,0.0,locked_slot_fallback_unavailable,,0,,0,0,,0,,0,,,,,,,,,,,,0,,,,
35.289054,provisional_prealign,slot_reacquire_timeout:resume_provisional_prealign,35,-120,35,-120,slot_reacquire_timeout:resume_provisional_prealign,0,1785215037.9966688,1,1,0,20,gap_confirmed,2,1,1,1,1819.353,-2469.353,0,1,1,1,1,1,1,1,1509.779,1206.215,1060.879,-300.0,1360.879,0,0.902,0.433,,,,,,,0,0,0,0.0,0,locked_slot_fallback_unavailable,0.0,0.0,0.0,,,,0,footprint_unavailable,,,,,0,NONE,0,0,0,0,0,,0.0,0.0,0,0,0.0,locked_slot_fallback_unavailable,,0,,0,0,,0,,0,,,,,,,,,,,,0,,,,
35.365253,provisional_prealign,steering_settle:provisional_prealign_waiting_for_slot_pose,0,-120,0,-120,steering_settle:provisional_prealign_waiting_for_slot_pose,0,1785215037.9966688,0,1,0,20,gap_confirmed,2,1,1,1,1819.353,-2469.353,0,1,1,1,1,1,1,1,1509.779,1206.215,1060.879,-300.0,1360.879,0,0.902,0.433,,,,,,,1,1,1,0.65,1,lidar_slot_box_hold,-120.791,-1.098097,58.22,690.8,220.0,347.368,0,footprint_crosses_slot_entrance,-1359.656,-193.584,-2418.439,-1381.737,0,NONE,0,0,0,0,0,,0.0,0.0,0,0,0.0,locked_slot_fallback_unavailable,,0,,0,0,,0,,0,,,,,,,,,,,,0,,,,
35.443504,verify_slot_box,provisional_safe_path_ready,0,0,0,0,provisional_safe_path_ready,0,1785215038.1085353,1,1,0,19,gap_confirmed,2,1,1,1,1810.628,-2460.628,0,1,1,1,1,1,1,0,1509.779,1208.285,1053.483,-300.0,1353.483,0,0.902,0.433,,,,,,,1,1,1,0.95,0,lidar_slot_box,-119.082,-1.082565,58.22,690.306,220.0,347.368,0,footprint_crosses_slot_entrance,-1352.278,-186.206,-2416.303,-1379.601,0,NONE,0,0,0,0,0,,0.0,0.0,0,0,0.0,locked_slot_fallback_unavailable,,0,,0,0,,0,ready,1,full_arc_straight_ready,0.00378,0.00378,0.7,58.22,6.141,32.385,333.684,315.186,481.731,300.000:570.000|300.120:562.020|300.481:554.048|301.083:546.090|301.924:538.154|303.004:530.247|304.322:522.376|305.877:514.549|307.667:506.771|309.691:499.052|311.947:491.397|314.433:483.813|317.146:476.308|320.085:468.888|323.246:461.561|326.627:454.332|330.224:447.208|334.034:440.196|338.054:433.302|342.281:426.532|346.709:419.893|351.336:413.391|356.157:407.031|361.167:400.819|366.363:394.761|371.739:388.863|377.290:383.130|383.012:377.567|388.899:372.178|394.946:366.970|401.147:361.947|407.497:357.113|413.989:352.472|420.619:348.030|425.224:345.111|427.374:343.779|434.158:339.576|440.942:335.373|447.727:331.170|454.511:326.967|461.295:322.764|468.080:318.561|474.864:314.357|481.648:310.154|488.433:305.951|495.217:301.748|502.001:297.545|508.786:293.342|515.570:289.139|522.354:284.935|529.139:280.732|535.923:276.529|542.707:272.326|549.492:268.123|556.276:263.920|563.060:259.717|569.845:255.513|576.629:251.310|583.413:247.107|590.198:242.904|596.982:238.701|603.766:234.498|610.551:230.295|617.335:226.091|624.119:221.888|630.904:217.685|637.688:213.482|644.472:209.279|651.257:205.076|658.041:200.873|664.825:196.669|671.610:192.466|678.394:188.263|685.178:184.060|691.963:179.857|698.747:175.654|705.531:171.451|712.316:167.248|719.100:163.044|725.884:158.841|732.669:154.638|739.453:150.435|746.237:146.232|753.022:142.029|759.806:137.826|766.590:133.622|773.375:129.419|780.159:125.216|786.943:121.013|793.728:116.810|800.512:112.607|807.296:108.404|814.081:104.200|820.865:99.997,0,,,,
35.535348,reacquire_slot,slot_arm_geometry_unavailable,0,0,0,0,slot_arm_geometry_unavailable,0,1785215038.2205753,1,1,0,23,gap_confirmed,2,1,1,1,1826.307,-2476.307,0,1,1,1,1,1,1,0,1509.779,1209.15,1050.975,-300.0,1350.975,0,0.902,0.433,,,,,,,0,0,0,0.0,0,locked_slot_fallback_unavailable,0.0,0.0,0.0,,,,0,footprint_unavailable,,,,,0,NONE,0,0,0,0,0,,0.0,0.0,0,0,0.0,locked_slot_fallback_unavailable,,0,,0,0,,0,,0,,,,,,,,,,,,0,,,,
35.612218,reacquire_slot,reacquiring_frozen_slot,0,0,0,0,reacquiring_frozen_slot,0,1785215038.3312926,1,1,0,26,gap_confirmed,2,1,1,1,1837.063,-2487.063,0,1,1,1,1,1,1,0,1509.779,1209.915,1050.915,-300.0,1350.915,0,0.902,0.433,,,,,,,0,0,0,0.0,0,locked_slot_fallback_unavailable,0.0,0.0,0.0,,,,0,footprint_unavailable,,,,,0,NONE,0,0,0,0,0,,0.0,0.0,0,0,0.0,locked_slot_fallback_unavailable,,0,,0,0,,0,,0,,,,,,,,,,,,0,,,,
35.68901,reacquire_slot,reacquire_waiting_for_unique_lidar_scan,0,0,0,0,reacquire_waiting_for_unique_lidar_scan,0,1785215038.3312926,0,1,0,26,gap_confirmed,2,1,1,1,1837.063,-2487.063,0,1,1,1,1,1,1,0,1509.779,1209.915,1050.915,-300.0,1350.915,0,0.902,0.433,,,,,,,0,0,0,0.0,0,locked_slot_fallback_unavailable,0.0,0.0,0.0,,,,0,footprint_unavailable,,,,,0,NONE,0,0,0,0,0,,0.0,0.0,0,0,0.0,locked_slot_fallback_unavailable,,0,,0,0,,0,,0,,,,,,,,,,,,0,,,,
35.766526,reacquire_slot,reacquiring_frozen_slot,0,0,0,0,reacquiring_frozen_slot,0,1785215038.4434001,1,1,0,19,gap_confirmed,2,1,1,1,1828.995,-2478.995,0,1,1,1,1,1,1,0,1509.779,1206.689,1055.0,-300.0,1355.0,0,0.902,0.433,,,,,,,0,0,0,0.0,0,locked_slot_fallback_unavailable,0.0,0.0,0.0,,,,0,footprint_unavailable,,,,,0,NONE,0,0,0,0,0,,0.0,0.0,0,0,0.0,locked_slot_fallback_unavailable,,0,,0,0,,0,,0,,,,,,,,,,,,0,,,,
35.842733,reacquire_slot,reacquiring_frozen_slot,0,0,0,0,reacquiring_frozen_slot,0,1785215038.5571308,1,1,0,22,gap_confirmed,2,1,1,1,1829.709,-2479.709,0,1,1,1,1,1,1,0,1509.779,1206.096,1063.412,-300.0,1363.412,0,0.902,0.433,,,,,,,0,0,0,0.0,0,locked_slot_fallback_unavailable,0.0,0.0,0.0,,,,0,footprint_unavailable,,,,,0,NONE,0,0,0,0,0,,0.0,0.0,0,0,0.0,locked_slot_fallback_unavailable,,0,,0,0,,0,,0,,,,,,,,,,,,0,,,,
35.91938,reacquire_slot,reacquire_waiting_for_unique_lidar_scan,0,0,0,0,reacquire_waiting_for_unique_lidar_scan,0,1785215038.5571308,0,1,0,22,gap_confirmed,2,1,1,1,1829.709,-2479.709,0,1,1,1,1,1,1,0,1509.779,1206.096,1063.412,-300.0,1363.412,0,0.902,0.433,,,,,,,0,0,0,0.0,0,locked_slot_fallback_unavailable,0.0,0.0,0.0,,,,0,footprint_unavailable,,,,,0,NONE,0,0,0,0,0,,0.0,0.0,0,0,0.0,locked_slot_fallback_unavailable,,0,,0,0,,0,,0,,,,,,,,,,,,0,,,,
35.996519,reacquire_slot,reacquiring_frozen_slot,0,0,0,0,reacquiring_frozen_slot,0,1785215038.6694798,1,1,0,22,gap_confirmed,2,1,1,1,1822.067,-2472.067,0,1,1,1,1,1,1,0,1509.779,1207.408,1057.248,-300.0,1357.248,0,0.902,0.433,,,,,,,0,0,0,0.0,0,locked_slot_fallback_unavailable,0.0,0.0,0.0,,,,0,footprint_unavailable,,,,,0,NONE,0,0,0,0,0,,0.0,0.0,0,0,0.0,locked_slot_fallback_unavailable,,0,,0,0,,0,,0,,,,,,,,,,,,0,,,,
36.073807,reacquire_slot,reacquiring_frozen_slot,0,0,0,0,reacquiring_frozen_slot,0,1785215038.779502,1,1,0,16,gap_confirmed,2,1,1,1,1828.054,-2478.054,0,1,1,1,1,1,1,0,1509.779,1205.175,1059.406,-300.0,1359.406,0,0.902,0.433,,,,,,,0,0,0,0.0,0,locked_slot_fallback_unavailable,0.0,0.0,0.0,,,,0,footprint_unavailable,,,,,0,NONE,0,0,0,0,0,,0.0,0.0,0,0,0.0,locked_slot_fallback_unavailable,,0,,0,0,,0,,0,,,,,,,,,,,,0,,,,
36.151319,provisional_prealign,slot_reacquire_timeout:resume_provisional_prealign,35,-120,35,-120,slot_reacquire_timeout:resume_provisional_prealign,0,1785215038.779502,0,1,0,16,gap_confirmed,2,1,1,1,1828.054,-2478.054,0,1,1,1,1,1,1,0,1509.779,1205.175,1059.406,-300.0,1359.406,0,0.902,0.433,,,,,,,0,0,0,0.0,0,locked_slot_fallback_unavailable,0.0,0.0,0.0,,,,0,footprint_unavailable,,,,,0,NONE,0,0,0,0,0,,0.0,0.0,0,0,0.0,locked_slot_fallback_unavailable,,0,,0,0,,0,,0,,,,,,,,,,,,0,,,,
36.229086,verify_slot_box,provisional_safe_path_ready,0,0,0,0,provisional_safe_path_ready,0,1785215038.8917139,1,1,0,19,gap_confirmed,2,1,1,1,1831.349,-2481.349,0,1,1,1,1,1,1,0,1509.779,1206.108,1052.154,-300.0,1352.154,0,0.902,0.433,,,,,,,1,1,1,0.95,0,lidar_slot_box,-119.086,-1.082602,58.22,689.715,220.0,347.368,0,footprint_crosses_slot_entrance,-1352.296,-186.223,-2413.754,-1377.052,0,NONE,0,0,0,0,0,,0.0,0.0,0,0,0.0,locked_slot_fallback_unavailable,,0,,0,0,,0,ready,1,full_arc_straight_ready,0.00378,0.00378,0.7,58.22,6.137,32.389,333.684,315.186,481.731,300.000:570.000|300.120:562.027|300.481:554.061|301.081:546.109|301.921:538.180|302.999:530.279|304.315:522.414|305.867:514.592|307.655:506.821|309.676:499.107|311.928:491.458|314.410:483.880|317.119:476.380|320.053:468.966|323.209:461.643|326.585:454.418|330.176:447.299|333.981:440.291|337.995:433.401|342.215:426.634|346.636:419.999|351.256:413.499|356.070:407.142|361.073:400.933|366.261:394.877|371.629:388.980|377.172:383.248|382.886:377.686|388.764:372.298|394.803:367.090|400.995:362.066|407.336:357.231|413.820:352.589|420.441:348.145|425.224:345.111|427.188:343.894|433.967:339.695|440.746:335.495|447.525:331.295|454.304:327.095|461.082:322.895|467.861:318.696|474.640:314.496|481.419:310.296|488.198:306.096|494.977:301.897|501.756:297.697|508.535:293.497|515.313:289.297|522.092:285.098|528.871:280.898|535.650:276.698|542.429:272.498|549.208:268.299|555.987:264.099|562.766:259.899|569.544:255.699|576.323:251.500|583.102:247.300|589.881:243.100|596.660:238.900|603.439:234.701|610.218:230.501|616.997:226.301|623.775:222.101|630.554:217.902|637.333:213.702|644.112:209.502|650.891:205.302|657.670:201.102|664.449:196.903|671.228:192.703|678.006:188.503|684.785:184.303|691.564:180.104|698.343:175.904|705.122:171.704|711.901:167.504|718.680:163.305|725.459:159.105|732.238:154.905|739.016:150.705|745.795:146.506|752.574:142.306|759.353:138.106|766.132:133.906|772.911:129.707|779.690:125.507|786.469:121.307|793.247:117.107|800.026:112.908|806.805:108.708|813.584:104.508|820.363:100.308,0,,,,
36.322197,reacquire_slot,slot_arm_geometry_unavailable,0,0,0,0,slot_arm_geometry_unavailable,0,1785215039.0025284,1,1,0,15,gap_confirmed,2,1,1,1,1821.779,-2471.779,0,1,1,1,1,1,1,0,1509.779,1206.834,1053.751,-300.0,1353.751,0,0.902,0.433,,,,,,,0,0,0,0.0,0,locked_slot_fallback_unavailable,0.0,0.0,0.0,,,,0,footprint_unavailable,,,,,0,NONE,0,0,0,0,0,,0.0,0.0,0,0,0.0,locked_slot_fallback_unavailable,,0,,0,0,,0,,0,,,,,,,,,,,,0,,,,
36.399291,reacquire_slot,reacquiring_frozen_slot,0,0,0,0,reacquiring_frozen_slot,0,1785215039.1136878,1,1,0,20,gap_confirmed,2,1,1,1,1833.723,-2483.723,0,1,1,1,1,1,1,0,1509.779,1209.444,1057.959,-300.0,1357.959,0,0.902,0.433,,,,,,,0,0,0,0.0,0,locked_slot_fallback_unavailable,0.0,0.0,0.0,,,,0,footprint_unavailable,,,,,0,NONE,0,0,0,0,0,,0.0,0.0,0,0,0.0,locked_slot_fallback_unavailable,,0,,0,0,,0,,0,,,,,,,,,,,,0,,,,
36.477041,reacquire_slot,reacquire_waiting_for_unique_lidar_scan,0,0,0,0,reacquire_waiting_for_unique_lidar_scan,0,1785215039.1136878,0,1,0,20,gap_confirmed,2,1,1,1,1833.723,-2483.723,0,1,1,1,1,1,1,0,1509.779,1209.444,1057.959,-300.0,1357.959,0,0.902,0.433,,,,,,,0,0,0,0.0,0,locked_slot_fallback_unavailable,0.0,0.0,0.0,,,,0,footprint_unavailable,,,,,0,NONE,0,0,0,0,0,,0.0,0.0,0,0,0.0,locked_slot_fallback_unavailable,,0,,0,0,,0,,0,,,,,,,,,,,,0,,,,
36.551747,reacquire_slot,reacquiring_frozen_slot,0,0,0,0,reacquiring_frozen_slot,0,1785215039.2294562,1,1,0,21,gap_confirmed,2,1,1,1,1838.677,-2488.677,0,1,1,1,1,1,1,0,1509.779,1211.794,1059.994,-300.0,1359.994,0,0.902,0.433,,,,,,,0,0,0,0.0,0,locked_slot_fallback_unavailable,0.0,0.0,0.0,,,,0,footprint_unavailable,,,,,0,NONE,0,0,0,0,0,,0.0,0.0,0,0,0.0,locked_slot_fallback_unavailable,,0,,0,0,,0,,0,,,,,,,,,,,,0,,,,
36.629173,reacquire_slot,reacquiring_frozen_slot,0,0,0,0,reacquiring_frozen_slot,0,1785215039.340642,1,1,0,20,gap_confirmed,2,1,1,1,1838.73,-2488.73,0,1,1,1,1,1,1,0,1509.779,1212.854,1062.514,-300.0,1362.514,0,0.902,0.433,,,,,,,0,0,0,0.0,0,locked_slot_fallback_unavailable,0.0,0.0,0.0,,,,0,footprint_unavailable,,,,,0,NONE,0,0,0,0,0,,0.0,0.0,0,0,0.0,locked_slot_fallback_unavailable,,0,,0,0,,0,,0,,,,,,,,,,,,0,,,,
36.706782,reacquire_slot,reacquire_waiting_for_unique_lidar_scan,0,0,0,0,reacquire_waiting_for_unique_lidar_scan,0,1785215039.340642,0,1,0,20,gap_confirmed,2,1,1,1,1838.73,-2488.73,0,1,1,1,1,1,1,0,1509.779,1212.854,1062.514,-300.0,1362.514,0,0.902,0.433,,,,,,,0,0,0,0.0,0,locked_slot_fallback_unavailable,0.0,0.0,0.0,,,,0,footprint_unavailable,,,,,0,NONE,0,0,0,0,0,,0.0,0.0,0,0,0.0,locked_slot_fallback_unavailable,,0,,0,0,,0,,0,,,,,,,,,,,,0,,,,
36.783318,reacquire_slot,reacquiring_frozen_slot,0,0,0,0,reacquiring_frozen_slot,0,1785215039.450784,1,1,0,18,gap_confirmed,2,1,1,1,1838.963,-2488.963,0,1,1,1,1,1,1,0,1509.779,1209.519,1065.251,-300.0,1365.251,0,0.902,0.433,,,,,,,0,0,0,0.0,0,locked_slot_fallback_unavailable,0.0,0.0,0.0,,,,0,footprint_unavailable,,,,,0,NONE,0,0,0,0,0,,0.0,0.0,0,0,0.0,locked_slot_fallback_unavailable,,0,,0,0,,0,,0,,,,,,,,,,,,0,,,,
36.860829,reacquire_slot,reacquiring_frozen_slot,0,0,0,0,reacquiring_frozen_slot,0,1785215039.5631053,1,1,0,20,gap_confirmed,2,1,1,1,1842.789,-2492.789,0,1,1,1,1,1,1,0,1509.779,1207.063,1069.842,-300.0,1369.842,0,0.902,0.433,,,,,,,0,0,0,0.0,0,locked_slot_fallback_unavailable,0.0,0.0,0.0,,,,0,footprint_unavailable,,,,,0,NONE,0,0,0,0,0,,0.0,0.0,0,0,0.0,locked_slot_fallback_unavailable,,0,,0,0,,0,,0,,,,,,,,,,,,0,,,,
36.937435,provisional_prealign,slot_reacquire_timeout:resume_provisional_prealign,35,-120,35,-120,slot_reacquire_timeout:resume_provisional_prealign,0,1785215039.5631053,0,1,0,20,gap_confirmed,2,1,1,1,1842.789,-2492.789,0,1,1,1,1,1,1,0,1509.779,1207.063,1069.842,-300.0,1369.842,0,0.902,0.433,,,,,,,0,0,0,0.0,0,locked_slot_fallback_unavailable,0.0,0.0,0.0,,,,0,footprint_unavailable,,,,,0,NONE,0,0,0,0,0,,0.0,0.0,0,0,0.0,locked_slot_fallback_unavailable,,0,,0,0,,0,,0,,,,,,,,,,,,0,,,,
37.016277,verify_slot_box,provisional_safe_path_ready,0,0,0,0,provisional_safe_path_ready,0,1785215039.6752722,1,1,0,23,gap_confirmed,2,1,1,1,1844.026,-2494.026,0,1,1,1,1,1,1,0,1509.779,1206.427,1077.514,-300.0,1377.514,0,0.902,0.433,,,,,,,1,1,1,0.95,0,lidar_slot_box,-124.04,-1.127633,58.22,692.871,220.0,347.368,0,footprint_crosses_slot_entrance,-1373.685,-207.613,-2427.38,-1390.678,0,NONE,0,0,0,0,0,,0.0,0.0,0,0,0.0,locked_slot_fallback_unavailable,,0,,0,0,,0,ready,1,full_arc_straight_ready,0.00378,0.00378,0.7,58.22,1.184,37.342,333.684,315.189,481.732,300.000:570.000|300.119:562.079|300.474:554.164|301.067:546.264|301.896:538.385|302.960:530.535|304.259:522.720|305.792:514.947|307.556:507.224|309.551:499.557|311.775:491.953|314.225:484.419|316.900:476.962|319.797:469.588|322.913:462.305|326.246:455.118|329.793:448.034|333.550:441.059|337.515:434.200|341.683:427.463|346.050:420.853|350.614:414.378|355.370:408.042|360.313:401.851|365.440:395.811|370.745:389.927|376.224:384.205|381.871:378.649|387.683:373.265|393.653:368.057|399.776:363.030|406.048:358.189|412.461:353.538|419.011:349.081|425.224:345.111|425.690:344.822|432.425:340.650|439.160:336.477|445.895:332.305|452.630:328.132|459.365:323.960|466.099:319.787|472.834:315.615|479.569:311.442|486.304:307.270|493.039:303.097|499.774:298.925|506.508:294.752|513.243:290.580|519.978:286.408|526.713:282.235|533.448:278.063|540.183:273.890|546.917:269.718|553.652:265.545|560.387:261.373|567.122:257.200|573.857:253.028|580.592:248.855|587.326:244.683|594.061:240.510|600.796:236.338|607.531:232.165|614.266:227.993|621.001:223.820|627.735:219.648|634.470:215.476|641.205:211.303|647.940:207.131|654.675:202.958|661.409:198.786|668.144:194.613|674.879:190.441|681.614:186.268|688.349:182.096|695.084:177.923|701.818:173.751|708.553:169.578|715.288:165.406|722.023:161.233|728.758:157.061|735.493:152.888|742.227:148.716|748.962:144.544|755.697:140.371|762.432:136.199|769.167:132.026|775.902:127.854|782.636:123.681|789.371:119.509|796.106:115.336|802.841:111.164|809.576:106.991|816.311:102.819|823.045:98.646,0,,,,
37.095176,reacquire_slot,slot_arm_geometry_unavailable,0,0,0,0,slot_arm_geometry_unavailable,0,1785215039.788629,1,1,0,20,gap_confirmed,2,1,1,1,1838.154,-2488.154,0,1,1,1,1,1,1,0,1509.779,1209.32,1072.183,-300.0,1372.183,0,0.902,0.433,,,,,,,0,0,0,0.0,0,locked_slot_fallback_unavailable,0.0,0.0,0.0,,,,0,footprint_unavailable,,,,,0,NONE,0,0,0,0,0,,0.0,0.0,0,0,0.0,locked_slot_fallback_unavailable,,0,,0,0,,0,,0,,,,,,,,,,,,0,,,,
37.172079,reacquire_slot,reacquire_waiting_for_unique_lidar_scan,0,0,0,0,reacquire_waiting_for_unique_lidar_scan,0,1785215039.788629,0,1,0,20,gap_confirmed,2,1,1,1,1838.154,-2488.154,0,1,1,1,1,1,1,0,1509.779,1209.32,1072.183,-300.0,1372.183,0,0.902,0.433,,,,,,,0,0,0,0.0,0,locked_slot_fallback_unavailable,0.0,0.0,0.0,,,,0,footprint_unavailable,,,,,0,NONE,0,0,0,0,0,,0.0,0.0,0,0,0.0,locked_slot_fallback_unavailable,,0,,0,0,,0,,0,,,,,,,,,,,,0,,,,
37.248767,reacquire_slot,reacquiring_frozen_slot,0,0,0,0,reacquiring_frozen_slot,0,1785215039.9004352,1,1,0,22,gap_confirmed,2,1,1,1,1841.67,-2491.67,0,1,1,1,1,1,1,0,1509.779,1206.391,1073.241,-300.0,1373.241,0,0.902,0.433,,,,,,,0,0,0,0.0,0,locked_slot_fallback_unavailable,0.0,0.0,0.0,,,,0,footprint_unavailable,,,,,0,NONE,0,0,0,0,0,,0.0,0.0,0,0,0.0,locked_slot_fallback_unavailable,,0,,0,0,,0,,0,,,,,,,,,,,,0,,,,
37.32729,reacquire_slot,reacquiring_frozen_slot,0,0,0,0,reacquiring_frozen_slot,0,1785215040.0111809,1,1,0,20,gap_confirmed,2,1,1,1,1852.572,-2502.572,0,1,1,1,1,1,1,0,1509.779,1204.819,1076.273,-300.0,1376.273,0,0.902,0.433,,,,,,,0,0,0,0.0,0,locked_slot_fallback_unavailable,0.0,0.0,0.0,,,,0,footprint_unavailable,,,,,0,NONE,0,0,0,0,0,,0.0,0.0,0,0,0.0,locked_slot_fallback_unavailable,,0,,0,0,,0,,0,,,,,,,,,,,,0,,,,
37.402783,reacquire_slot,reacquire_waiting_for_unique_lidar_scan,0,0,0,0,reacquire_waiting_for_unique_lidar_scan,0,1785215040.0111809,0,1,0,20,gap_confirmed,2,1,1,1,1852.572,-2502.572,0,1,1,1,1,1,1,0,1509.779,1204.819,1076.273,-300.0,1376.273,0,0.902,0.433,,,,,,,0,0,0,0.0,0,locked_slot_fallback_unavailable,0.0,0.0,0.0,,,,0,footprint_unavailable,,,,,0,NONE,0,0,0,0,0,,0.0,0.0,0,0,0.0,locked_slot_fallback_unavailable,,0,,0,0,,0,,0,,,,,,,,,,,,0,,,,
37.480884,reacquire_slot,reacquiring_frozen_slot,0,0,0,0,reacquiring_frozen_slot,0,1785215040.1248832,1,1,0,18,gap_confirmed,2,1,1,1,1850.362,-2500.362,0,1,1,1,1,1,1,0,1509.779,1203.27,1079.579,-300.0,1379.579,0,0.902,0.433,,,,,,,0,0,0,0.0,0,locked_slot_fallback_unavailable,0.0,0.0,0.0,,,,0,footprint_unavailable,,,,,0,NONE,0,0,0,0,0,,0.0,0.0,0,0,0.0,locked_slot_fallback_unavailable,,0,,0,0,,0,,0,,,,,,,,,,,,0,,,,
37.559385,reacquire_slot,reacquiring_frozen_slot,0,0,0,0,reacquiring_frozen_slot,0,1785215040.2346196,1,1,0,20,gap_confirmed,2,1,1,1,1853.966,-2503.966,0,1,1,1,1,1,1,0,1509.779,1202.788,1081.695,-300.0,1381.695,0,0.902,0.433,,,,,,,0,0,0,0.0,0,locked_slot_fallback_unavailable,0.0,0.0,0.0,,,,0,footprint_unavailable,,,,,0,NONE,0,0,0,0,0,,0.0,0.0,0,0,0.0,locked_slot_fallback_unavailable,,0,,0,0,,0,,0,,,,,,,,,,,,0,,,,
37.637203,reacquire_slot,reacquiring_frozen_slot,0,0,0,0,reacquiring_frozen_slot,0,1785215040.348665,1,1,0,18,gap_confirmed,2,1,1,1,1848.974,-2498.974,0,1,1,1,1,1,1,0,1509.779,1202.635,1082.663,-300.0,1382.663,0,0.902,0.433,,,,,,,0,0,0,0.0,0,locked_slot_fallback_unavailable,0.0,0.0,0.0,,,,0,footprint_unavailable,,,,,0,NONE,0,0,0,0,0,,0.0,0.0,0,0,0.0,locked_slot_fallback_unavailable,,0,,0,0,,0,,0,,,,,,,,,,,,0,,,,
37.731497,provisional_prealign,slot_reacquire_timeout:resume_provisional_prealign,35,-120,35,-120,slot_reacquire_timeout:resume_provisional_prealign,0,1785215040.348665,0,1,0,18,gap_confirmed,2,1,1,1,1848.974,-2498.974,0,1,1,1,1,1,1,0,1509.779,1202.635,1082.663,-300.0,1382.663,0,0.902,0.433,,,,,,,0,0,0,0.0,0,locked_slot_fallback_unavailable,0.0,0.0,0.0,,,,0,footprint_unavailable,,,,,0,NONE,0,0,0,0,0,,0.0,0.0,0,0,0.0,locked_slot_fallback_unavailable,,0,,0,0,,0,,0,,,,,,,,,,,,0,,,,
37.807622,verify_slot_box,provisional_safe_path_ready,0,0,0,0,provisional_safe_path_ready,0,1785215040.4597797,1,1,0,23,gap_confirmed,2,1,1,1,1851.338,-2501.338,0,1,1,1,1,1,1,0,1509.779,1202.555,1086.819,-300.0,1386.819,0,0.902,0.433,,,,,,,1,1,1,0.95,0,lidar_slot_box,-126.344,-1.148578,58.22,693.243,220.0,347.368,0,footprint_crosses_slot_entrance,-1383.634,-217.562,-2428.989,-1392.287,0,NONE,0,0,0,0,0,,0.0,0.0,0,0,0.0,locked_slot_fallback_unavailable,,0,,0,0,,0,ready,1,full_arc_straight_ready,0.00378,0.00378,0.7,58.22,-1.12,37.406,333.684,315.189,481.732,300.000:570.000|300.119:562.075|300.475:554.156|301.068:546.252|301.898:538.369|302.963:530.515|304.264:522.696|305.797:514.920|307.564:507.193|309.561:499.522|311.786:491.915|314.239:484.377|316.917:476.917|319.816:469.540|322.936:462.254|326.272:455.064|329.822:447.977|333.583:441.000|337.552:434.138|341.724:427.399|346.096:420.787|350.664:414.310|355.424:407.972|360.372:401.780|365.503:395.738|370.813:389.854|376.297:384.130|381.950:378.574|387.766:373.190|393.742:367.982|399.870:362.956|406.147:358.115|412.566:353.465|419.121:349.009|425.224:345.111|425.806:344.750|432.544:340.576|439.283:336.401|446.021:332.227|452.759:328.052|459.497:323.877|466.236:319.703|472.974:315.528|479.712:311.354|486.450:307.179|493.189:303.005|499.927:298.830|506.665:294.655|513.403:290.481|520.142:286.306|526.880:282.132|533.618:277.957|540.356:273.782|547.094:269.608|553.833:265.433|560.571:261.259|567.309:257.084|574.047:252.910|580.786:248.735|587.524:244.560|594.262:240.386|601.000:236.211|607.739:232.037|614.477:227.862|621.215:223.688|627.953:219.513|634.692:215.338|641.430:211.164|648.168:206.989|654.906:202.815|661.645:198.640|668.383:194.465|675.121:190.291|681.859:186.116|688.597:181.942|695.336:177.767|702.074:173.593|708.812:169.418|715.550:165.243|722.289:161.069|729.027:156.894|735.765:152.720|742.503:148.545|749.242:144.370|755.980:140.196|762.718:136.021|769.456:131.847|776.195:127.672|782.933:123.498|789.671:119.323|796.409:115.148|803.147:110.974|809.886:106.799|816.624:102.625|823.362:98.450,0,,,,
37.884937,reacquire_slot,slot_arm_geometry_unavailable,0,0,0,0,slot_arm_geometry_unavailable,0,1785215040.5717008,1,1,0,19,gap_confirmed,2,1,1,1,1844.301,-2494.301,0,1,1,1,1,1,1,0,1509.779,1204.042,1076.633,-300.0,1376.633,0,0.902,0.433,,,,,,,0,0,0,0.0,0,locked_slot_fallback_unavailable,0.0,0.0,0.0,,,,0,footprint_unavailable,,,,,0,NONE,0,0,0,0,0,,0.0,0.0,0,0,0.0,locked_slot_fallback_unavailable,,0,,0,0,,0,,0,,,,,,,,,,,,0,,,,
37.962347,reacquire_slot,reacquire_waiting_for_unique_lidar_scan,0,0,0,0,reacquire_waiting_for_unique_lidar_scan,0,1785215040.5717008,0,1,0,19,gap_confirmed,2,1,1,1,1844.301,-2494.301,0,1,1,1,1,1,1,0,1509.779,1204.042,1076.633,-300.0,1376.633,0,0.902,0.433,,,,,,,0,0,0,0.0,0,locked_slot_fallback_unavailable,0.0,0.0,0.0,,,,0,footprint_unavailable,,,,,0,NONE,0,0,0,0,0,,0.0,0.0,0,0,0.0,locked_slot_fallback_unavailable,,0,,0,0,,0,,0,,,,,,,,,,,,0,,,,
38.038498,reacquire_slot,reacquiring_frozen_slot,0,0,0,0,reacquiring_frozen_slot,0,1785215040.685574,1,1,0,21,gap_confirmed,2,1,1,1,1855.329,-2505.329,0,1,1,1,1,1,1,0,1509.779,1205.483,1072.781,-300.0,1372.781,0,0.902,0.433,,,,,,,0,0,0,0.0,0,locked_slot_fallback_unavailable,0.0,0.0,0.0,,,,0,footprint_unavailable,,,,,0,NONE,0,0,0,0,0,,0.0,0.0,0,0,0.0,locked_slot_fallback_unavailable,,0,,0,0,,0,,0,,,,,,,,,,,,0,,,,
38.116639,reacquire_slot,reacquiring_frozen_slot,0,0,0,0,reacquiring_frozen_slot,0,1785215040.7939928,1,1,0,22,gap_confirmed,1,1,1,1,281.244,-931.244,0,1,1,1,1,1,1,0,1509.779,1208.973,1074.9,-300.0,1374.9,0,0.902,0.433,,,,,,,0,0,0,0.0,0,locked_slot_fallback_unavailable,0.0,0.0,0.0,,,,0,footprint_unavailable,,,,,0,NONE,0,0,0,0,0,,0.0,0.0,0,0,0.0,locked_slot_fallback_unavailable,,0,,0,0,,0,,0,,,,,,,,,,,,0,,,,
38.194727,reacquire_slot,reacquiring_frozen_slot,0,0,0,0,reacquiring_frozen_slot,0,1785215040.9067416,1,1,0,20,gap_confirmed,2,1,1,1,1859.999,-2509.999,0,1,1,1,1,1,1,0,1509.779,1206.713,1081.183,-300.0,1381.183,0,0.902,0.433,,,,,,,0,0,0,0.0,0,locked_slot_fallback_unavailable,0.0,0.0,0.0,,,,0,footprint_unavailable,,,,,0,NONE,0,0,0,0,0,,0.0,0.0,0,0,0.0,locked_slot_fallback_unavailable,,0,,0,0,,0,,0,,,,,,,,,,,,0,,,,
38.272157,reacquire_slot,reacquire_waiting_for_unique_lidar_scan,0,0,0,0,reacquire_waiting_for_unique_lidar_scan,0,1785215040.9067416,0,1,0,20,gap_confirmed,2,1,1,1,1859.999,-2509.999,0,1,1,1,1,1,1,0,1509.779,1206.713,1081.183,-300.0,1381.183,0,0.902,0.433,,,,,,,0,0,0,0.0,0,locked_slot_fallback_unavailable,0.0,0.0,0.0,,,,0,footprint_unavailable,,,,,0,NONE,0,0,0,0,0,,0.0,0.0,0,0,0.0,locked_slot_fallback_unavailable,,0,,0,0,,0,,0,,,,,,,,,,,,0,,,,
38.349698,reacquire_slot,reacquiring_frozen_slot,0,0,0,0,reacquiring_frozen_slot,0,1785215041.0200202,1,1,0,19,gap_confirmed,2,1,1,1,1854.331,-2504.331,0,1,1,1,1,1,1,1,1509.779,1206.713,1081.183,-300.0,1381.183,0,0.902,0.433,,,,,,,0,0,0,0.0,0,locked_slot_fallback_unavailable,0.0,0.0,0.0,,,,0,footprint_unavailable,,,,,0,NONE,0,0,0,0,0,,0.0,0.0,0,0,0.0,locked_slot_fallback_unavailable,,0,,0,0,,0,,0,,,,,,,,,,,,0,,,,
38.428179,reacquire_slot,reacquiring_frozen_slot,0,0,0,0,reacquiring_frozen_slot,0,1785215041.131391,1,1,0,20,gap_confirmed,2,1,1,1,1857.666,-2507.666,0,1,1,1,1,1,1,0,1509.779,1210.341,1079.049,-300.0,1379.049,0,0.902,0.433,,,,,,,0,0,0,0.0,0,locked_slot_fallback_unavailable,0.0,0.0,0.0,,,,0,footprint_unavailable,,,,,0,NONE,0,0,0,0,0,,0.0,0.0,0,0,0.0,locked_slot_fallback_unavailable,,0,,0,0,,0,,0,,,,,,,,,,,,0,,,,
38.507564,provisional_prealign,slot_reacquire_timeout:resume_provisional_prealign,35,-120,35,-120,slot_reacquire_timeout:resume_provisional_prealign,0,1785215041.131391,0,1,0,20,gap_confirmed,2,1,1,1,1857.666,-2507.666,0,1,1,1,1,1,1,0,1509.779,1210.341,1079.049,-300.0,1379.049,0,0.902,0.433,,,,,,,0,0,0,0.0,0,locked_slot_fallback_unavailable,0.0,0.0,0.0,,,,0,footprint_unavailable,,,,,0,NONE,0,0,0,0,0,,0.0,0.0,0,0,0.0,locked_slot_fallback_unavailable,,0,,0,0,,0,,0,,,,,,,,,,,,0,,,,
38.585301,verify_slot_box,provisional_safe_path_ready,0,0,0,0,provisional_safe_path_ready,0,1785215041.242821,1,1,0,23,gap_confirmed,2,1,1,1,1858.608,-2508.608,0,1,1,1,1,1,1,0,1509.779,1207.552,1083.693,-300.0,1383.693,0,0.902,0.433,,,,,,,1,1,1,0.95,0,lidar_slot_box,-125.119,-1.137443,58.22,693.846,220.0,347.368,0,footprint_crosses_slot_entrance,-1378.345,-212.273,-2431.591,-1394.889,0,NONE,0,0,0,0,0,,0.0,0.0,0,0,0.0,locked_slot_fallback_unavailable,,0,,0,0,,0,ready,1,full_arc_straight_ready,0.00378,0.00378,0.7,58.22,0.105,38.421,333.684,315.188,481.732,300.000:570.000|300.119:562.068|300.476:554.143|301.070:546.233|301.901:538.344|302.968:530.483|304.270:522.658|305.807:514.875|307.576:507.142|309.576:499.466|311.806:491.853|314.262:484.310|316.944:476.844|319.848:469.462|322.973:462.171|326.314:454.976|329.870:447.885|333.637:440.903|337.611:434.038|341.790:427.295|346.169:420.680|350.744:414.200|355.511:407.859|360.467:401.665|365.606:395.622|370.923:389.735|376.415:384.011|382.076:378.454|387.901:373.069|393.885:367.861|400.023:362.835|406.308:357.995|412.735:353.346|419.300:348.891|425.224:345.111|425.993:344.634|432.737:340.456|439.481:336.278|446.225:332.100|452.968:327.922|459.712:323.744|466.456:319.566|473.200:315.388|479.943:311.210|486.687:307.032|493.431:302.854|500.175:298.676|506.918:294.498|513.662:290.320|520.406:286.142|527.150:281.964|533.893:277.786|540.637:273.608|547.381:269.430|554.125:265.252|560.868:261.074|567.612:256.897|574.356:252.719|581.100:248.541|587.843:244.363|594.587:240.185|601.331:236.007|608.075:231.829|614.818:227.651|621.562:223.473|628.306:219.295|635.050:215.117|641.793:210.939|648.537:206.761|655.281:202.583|662.025:198.405|668.768:194.227|675.512:190.049|682.256:185.871|688.999:181.693|695.743:177.515|702.487:173.337|709.231:169.159|715.974:164.981|722.718:160.803|729.462:156.625|736.206:152.447|742.949:148.269|749.693:144.091|756.437:139.913|763.181:135.735|769.924:131.557|776.668:127.379|783.412:123.201|790.156:119.023|796.899:114.845|803.643:110.667|810.387:106.489|817.131:102.311|823.874:98.133,0,,,,
38.676853,reacquire_slot,slot_arm_geometry_unavailable,0,0,0,0,slot_arm_geometry_unavailable,0,1785215041.3551052,1,1,0,17,gap_confirmed,2,1,1,1,1853.969,-2503.969,0,1,1,1,1,1,1,0,1509.779,1206.43,1092.793,-300.0,1392.793,0,0.902,0.433,,,,,,,0,0,0,0.0,0,locked_slot_fallback_unavailable,0.0,0.0,0.0,,,,0,footprint_unavailable,,,,,0,NONE,0,0,0,0,0,,0.0,0.0,0,0,0.0,locked_slot_fallback_unavailable,,0,,0,0,,0,,0,,,,,,,,,,,,0,,,,
38.753888,reacquire_slot,reacquiring_frozen_slot,0,0,0,0,reacquiring_frozen_slot,0,1785215041.466773,1,1,0,18,gap_confirmed,2,1,1,1,1858.769,-2508.769,0,1,1,1,1,1,1,1,1509.779,1206.43,1092.793,-300.0,1392.793,0,0.902,0.433,,,,,,,0,0,0,0.0,0,locked_slot_fallback_unavailable,0.0,0.0,0.0,,,,0,footprint_unavailable,,,,,0,NONE,0,0,0,0,0,,0.0,0.0,0,0,0.0,locked_slot_fallback_unavailable,,0,,0,0,,0,,0,,,,,,,,,,,,0,,,,
38.830098,reacquire_slot,reacquire_waiting_for_unique_lidar_scan,0,0,0,0,reacquire_waiting_for_unique_lidar_scan,0,1785215041.466773,0,1,0,18,gap_confirmed,2,1,1,1,1858.769,-2508.769,0,1,1,1,1,1,1,1,1509.779,1206.43,1092.793,-300.0,1392.793,0,0.902,0.433,,,,,,,0,0,0,0.0,0,locked_slot_fallback_unavailable,0.0,0.0,0.0,,,,0,footprint_unavailable,,,,,0,NONE,0,0,0,0,0,,0.0,0.0,0,0,0.0,locked_slot_fallback_unavailable,,0,,0,0,,0,,0,,,,,,,,,,,,0,,,,
38.907922,reacquire_slot,reacquiring_frozen_slot,0,0,0,0,reacquiring_frozen_slot,0,1785215041.5801125,1,1,0,19,gap_confirmed,2,1,1,1,1860.259,-2510.259,0,1,1,1,1,1,1,0,1509.779,1207.491,1099.457,-300.0,1399.457,0,0.902,0.433,,,,,,,0,0,0,0.0,0,locked_slot_fallback_unavailable,0.0,0.0,0.0,,,,0,footprint_unavailable,,,,,0,NONE,0,0,0,0,0,,0.0,0.0,0,0,0.0,locked_slot_fallback_unavailable,,0,,0,0,,0,,0,,,,,,,,,,,,0,,,,
38.984699,reacquire_slot,reacquiring_frozen_slot,0,0,0,0,reacquiring_frozen_slot,0,1785215041.691705,1,1,0,18,gap_confirmed,2,1,1,1,1861.446,-2511.446,0,1,1,1,1,1,1,0,1509.779,1151.3,1079.75,-300.0,1379.75,0,0.902,0.433,,,,,,,0,0,0,0.0,0,locked_slot_fallback_unavailable,0.0,0.0,0.0,,,,0,footprint_unavailable,,,,,0,NONE,0,0,0,0,0,,0.0,0.0,0,0,0.0,locked_slot_fallback_unavailable,,0,,0,0,,0,,0,,,,,,,,,,,,0,,,,
39.063785,reacquire_slot,reacquire_waiting_for_unique_lidar_scan,0,0,0,0,reacquire_waiting_for_unique_lidar_scan,0,1785215041.691705,0,1,0,18,gap_confirmed,2,1,1,1,1861.446,-2511.446,0,1,1,1,1,1,1,0,1509.779,1151.3,1079.75,-300.0,1379.75,0,0.902,0.433,,,,,,,0,0,0,0.0,0,locked_slot_fallback_unavailable,0.0,0.0,0.0,,,,0,footprint_unavailable,,,,,0,NONE,0,0,0,0,0,,0.0,0.0,0,0,0.0,locked_slot_fallback_unavailable,,0,,0,0,,0,,0,,,,,,,,,,,,0,,,,
39.142472,reacquire_slot,reacquiring_frozen_slot,0,0,0,0,reacquiring_frozen_slot,0,1785215041.8034978,1,1,0,22,gap_confirmed,2,1,1,1,1865.475,-2515.475,0,1,1,1,1,1,1,0,1509.779,1172.775,1080.8,-300.0,1380.8,0,0.902,0.433,,,,,,,0,0,0,0.0,0,locked_slot_fallback_unavailable,0.0,0.0,0.0,,,,0,footprint_unavailable,,,,,0,NONE,0,0,0,0,0,,0.0,0.0,0,0,0.0,locked_slot_fallback_unavailable,,0,,0,0,,0,,0,,,,,,,,,,,,0,,,,
39.233908,reacquire_slot,reacquiring_frozen_slot,0,0,0,0,reacquiring_frozen_slot,0,1785215041.9143364,1,1,0,23,gap_confirmed,2,1,1,1,1863.583,-2513.583,0,1,1,1,1,1,1,0,1509.779,1182.738,1087.835,-300.0,1387.835,0,0.902,0.433,,,,,,,0,0,0,0.0,0,locked_slot_fallback_unavailable,0.0,0.0,0.0,,,,0,footprint_unavailable,,,,,0,NONE,0,0,0,0,0,,0.0,0.0,0,0,0.0,locked_slot_fallback_unavailable,,0,,0,0,,0,,0,,,,,,,,,,,,0,,,,
39.326188,provisional_prealign,slot_reacquire_timeout:resume_provisional_prealign,35,-120,35,-120,slot_reacquire_timeout:resume_provisional_prealign,0,1785215042.0263863,1,1,0,20,gap_confirmed,2,1,1,1,1861.835,-2511.835,0,1,1,1,1,1,1,0,1509.779,1134.144,1074.123,-300.0,1374.123,0,0.902,0.433,,,,,,,0,0,0,0.0,0,locked_slot_fallback_unavailable,0.0,0.0,0.0,,,,0,footprint_unavailable,,,,,0,NONE,0,0,0,0,0,,0.0,0.0,0,0,0.0,locked_slot_fallback_unavailable,,0,,0,0,,0,,0,,,,,,,,,,,,0,,,,
39.420049,verify_slot_box,provisional_safe_path_ready,0,0,0,0,provisional_safe_path_ready,0,1785215042.1372004,1,1,0,23,gap_confirmed,2,1,1,1,1871.058,-2521.058,0,1,1,1,1,1,1,0,1509.779,1164.318,1081.296,-300.0,1381.296,0,0.902,0.433,,,,,,,1,1,1,0.95,0,lidar_slot_box,-129.92,-1.181089,58.22,685.043,220.0,347.368,0,footprint_crosses_slot_entrance,-1399.077,-233.005,-2393.577,-1356.874,0,NONE,0,0,0,0,0,,0.0,0.0,0,0,0.0,locked_slot_fallback_unavailable,,0,,0,0,,0,ready,1,full_arc_straight_ready,0.00378,0.00378,0.7,58.22,-4.696,33.83,333.684,315.189,481.732,300.000:570.000|300.119:562.078|300.475:554.162|301.067:546.261|301.896:538.381|302.961:530.530|304.260:522.714|305.793:514.940|307.558:507.216|309.553:499.548|311.778:491.943|314.229:484.408|316.904:476.951|319.802:469.576|322.919:462.292|326.253:455.104|329.800:448.019|333.559:441.044|337.524:434.184|341.693:427.446|346.062:420.837|350.627:414.360|355.384:408.024|360.328:401.833|365.456:395.792|370.762:389.908|376.242:384.186|381.891:378.630|387.704:373.246|393.676:368.038|399.800:363.011|406.073:358.170|412.488:353.519|419.039:349.063|425.224:345.111|425.720:344.804|432.456:340.631|439.191:336.458|445.927:332.285|452.663:328.112|459.399:323.939|466.134:319.766|472.870:315.593|479.606:311.420|486.341:307.247|493.077:303.074|499.813:298.901|506.548:294.728|513.284:290.555|520.020:286.382|526.756:282.209|533.491:278.036|540.227:273.863|546.963:269.690|553.698:265.517|560.434:261.344|567.170:257.171|573.906:252.997|580.641:248.824|587.377:244.651|594.113:240.478|600.848:236.305|607.584:232.132|614.320:227.959|621.055:223.786|627.791:219.613|634.527:215.440|641.263:211.267|647.998:207.094|654.734:202.921|661.470:198.748|668.205:194.575|674.941:190.402|681.677:186.229|688.412:182.056|695.148:177.883|701.884:173.710|708.620:169.537|715.355:165.364|722.091:161.191|728.827:157.018|735.562:152.845|742.298:148.672|749.034:144.499|755.769:140.326|762.505:136.153|769.241:131.980|775.977:127.807|782.712:123.634|789.448:119.461|796.184:115.288|802.919:111.115|809.655:106.942|816.391:102.769,0,,,,
39.495961,verify_slot_box,waiting_for_unique_lidar_arm_scan,0,0,0,0,waiting_for_unique_lidar_arm_scan,0,1785215042.1372004,0,1,0,23,gap_confirmed,2,1,1,1,1871.058,-2521.058,0,1,1,1,1,1,1,0,1509.779,1164.318,1081.296,-300.0,1381.296,0,0.902,0.433,,,,,,,0,0,0,0.0,0,locked_slot_fallback_unavailable,0.0,0.0,0.0,,,,0,footprint_unavailable,,,,,0,NONE,0,0,0,0,0,,0.0,0.0,0,0,0.0,locked_slot_fallback_unavailable,,0,,0,0,,0,,0,,,,,,,,,,,,0,,,,
39.571952,reacquire_slot,slot_arm_geometry_unavailable,0,0,0,0,slot_arm_geometry_unavailable,0,1785215042.2523274,1,1,0,19,gap_confirmed,2,1,1,1,1866.035,-2516.035,0,1,1,1,1,1,1,0,1509.779,1179.394,1091.462,-300.0,1391.462,0,0.902,0.433,,,,,,,0,0,0,0.0,0,locked_slot_fallback_unavailable,0.0,0.0,0.0,,,,0,footprint_unavailable,,,,,0,NONE,0,0,0,0,0,,0.0,0.0,0,0,0.0,locked_slot_fallback_unavailable,,0,,0,0,,0,,0,,,,,,,,,,,,0,,,,
39.649986,reacquire_slot,reacquiring_frozen_slot,0,0,0,0,reacquiring_frozen_slot,0,1785215042.3639436,1,1,0,22,gap_confirmed,2,1,1,1,1867.901,-2517.901,0,1,1,1,1,1,1,0,1509.779,1187.765,1098.601,-300.0,1398.601,0,0.902,0.433,,,,,,,0,0,0,0.0,0,locked_slot_fallback_unavailable,0.0,0.0,0.0,,,,0,footprint_unavailable,,,,,0,NONE,0,0,0,0,0,,0.0,0.0,0,0,0.0,locked_slot_fallback_unavailable,,0,,0,0,,0,,0,,,,,,,,,,,,0,,,,
39.727694,reacquire_slot,reacquire_waiting_for_unique_lidar_scan,0,0,0,0,reacquire_waiting_for_unique_lidar_scan,0,1785215042.3639436,0,1,0,22,gap_confirmed,2,1,1,1,1867.901,-2517.901,0,1,1,1,1,1,1,0,1509.779,1187.765,1098.601,-300.0,1398.601,0,0.902,0.433,,,,,,,0,0,0,0.0,0,locked_slot_fallback_unavailable,0.0,0.0,0.0,,,,0,footprint_unavailable,,,,,0,NONE,0,0,0,0,0,,0.0,0.0,0,0,0.0,locked_slot_fallback_unavailable,,0,,0,0,,0,,0,,,,,,,,,,,,0,,,,
39.805178,reacquire_slot,reacquiring_frozen_slot,0,0,0,0,reacquiring_frozen_slot,0,1785215042.474113,1,1,0,19,gap_confirmed,2,1,1,1,1865.6,-2515.6,0,1,1,1,1,1,1,0,1509.779,1193.369,1104.062,-300.0,1404.062,0,0.902,0.433,,,,,,,0,0,0,0.0,0,locked_slot_fallback_unavailable,0.0,0.0,0.0,,,,0,footprint_unavailable,,,,,0,NONE,0,0,0,0,0,,0.0,0.0,0,0,0.0,locked_slot_fallback_unavailable,,0,,0,0,,0,,0,,,,,,,,,,,,0,,,,
39.882612,reacquire_slot,reacquiring_frozen_slot,0,0,0,0,reacquiring_frozen_slot,0,1785215042.5861428,1,1,0,21,gap_confirmed,2,1,1,1,1866.068,-2516.068,0,1,1,1,1,1,1,0,1509.779,1197.457,1107.183,-300.0,1407.183,0,0.902,0.433,,,,,,,0,0,0,0.0,0,locked_slot_fallback_unavailable,0.0,0.0,0.0,,,,0,footprint_unavailable,,,,,0,NONE,0,0,0,0,0,,0.0,0.0,0,0,0.0,locked_slot_fallback_unavailable,,0,,0,0,,0,,0,,,,,,,,,,,,0,,,,
39.9603,reacquire_slot,reacquire_waiting_for_unique_lidar_scan,0,0,0,0,reacquire_waiting_for_unique_lidar_scan,0,1785215042.5861428,0,1,0,21,gap_confirmed,2,1,1,1,1866.068,-2516.068,0,1,1,1,1,1,1,0,1509.779,1197.457,1107.183,-300.0,1407.183,0,0.902,0.433,,,,,,,0,0,0,0.0,0,locked_slot_fallback_unavailable,0.0,0.0,0.0,,,,0,footprint_unavailable,,,,,0,NONE,0,0,0,0,0,,0.0,0.0,0,0,0.0,locked_slot_fallback_unavailable,,0,,0,0,,0,,0,,,,,,,,,,,,0,,,,
40.037826,reacquire_slot,reacquiring_frozen_slot,0,0,0,0,reacquiring_frozen_slot,0,1785215042.6977496,1,1,0,19,gap_confirmed,2,1,1,1,1868.267,-2518.267,0,1,1,1,1,1,1,1,1509.779,1197.457,1107.183,-300.0,1407.183,0,0.902,0.433,,,,,,,0,0,0,0.0,0,locked_slot_fallback_unavailable,0.0,0.0,0.0,,,,0,footprint_unavailable,,,,,0,NONE,0,0,0,0,0,,0.0,0.0,0,0,0.0,locked_slot_fallback_unavailable,,0,,0,0,,0,,0,,,,,,,,,,,,0,,,,
40.11551,reacquire_slot,reacquiring_frozen_slot,0,0,0,0,reacquiring_frozen_slot,0,1785215042.8085222,1,1,0,24,gap_confirmed,2,1,1,1,1876.854,-2526.854,0,1,1,1,1,1,1,0,1509.779,1206.997,1105.089,-300.0,1405.089,0,0.902,0.433,,,,,,,0,0,0,0.0,0,locked_slot_fallback_unavailable,0.0,0.0,0.0,,,,0,footprint_unavailable,,,,,0,NONE,0,0,0,0,0,,0.0,0.0,0,0,0.0,locked_slot_fallback_unavailable,,0,,0,0,,0,,0,,,,,,,,,,,,0,,,,
40.19426,provisional_prealign,slot_reacquire_timeout:resume_provisional_prealign,35,-120,35,-120,slot_reacquire_timeout:resume_provisional_prealign,0,1785215042.8085222,0,1,0,24,gap_confirmed,2,1,1,1,1876.854,-2526.854,0,1,1,1,1,1,1,0,1509.779,1206.997,1105.089,-300.0,1405.089,0,0.902,0.433,,,,,,,0,0,0,0.0,0,locked_slot_fallback_unavailable,0.0,0.0,0.0,,,,0,footprint_unavailable,,,,,0,NONE,0,0,0,0,0,,0.0,0.0,0,0,0.0,locked_slot_fallback_unavailable,,0,,0,0,,0,,0,,,,,,,,,,,,0,,,,
40.271395,provisional_prealign,steering_settle:provisional_prealign_waiting_for_slot_pose,0,-120,0,-120,steering_settle:provisional_prealign_waiting_for_slot_pose,0,1785215042.9224234,1,1,0,18,gap_confirmed,2,1,1,1,1868.764,-2518.764,0,1,1,1,1,1,1,1,1509.779,1206.997,1105.089,-300.0,1405.089,0,0.902,0.433,,,,,,,1,1,1,0.65,1,lidar_slot_box_hold,-129.399,-1.17635,58.22,696.346,220.0,347.368,0,footprint_crosses_slot_entrance,-1396.826,-230.754,-2442.388,-1405.685,0,NONE,0,0,0,0,0,,0.0,0.0,0,0,0.0,locked_slot_fallback_unavailable,,0,,0,0,,0,,0,,,,,,,,,,,,0,,,,
40.350119,verify_slot_box,provisional_safe_path_ready,0,0,0,0,provisional_safe_path_ready,0,1785215043.0352254,1,1,0,18,gap_confirmed,2,1,1,1,1870.611,-2520.611,0,1,1,1,1,1,1,0,1509.779,1209.025,1099.647,-300.0,1399.647,0,0.902,0.433,,,,,,,1,1,1,0.95,0,lidar_slot_box,-128.08,-1.164363,58.22,696.082,220.0,347.368,0,footprint_crosses_slot_entrance,-1391.132,-225.06,-2441.246,-1404.543,0,NONE,0,0,0,0,0,,0.0,0.0,0,0,0.0,locked_slot_fallback_unavailable,,0,,0,0,,0,ready,1,full_arc_straight_ready,0.00378,0.00378,0.7,58.22,-2.856,35.67,333.684,315.187,481.731,300.000:570.000|300.120:562.044|300.479:554.095|301.076:546.161|301.912:538.248|302.986:530.364|304.296:522.516|305.842:514.711|307.622:506.956|309.634:499.257|311.877:491.623|314.348:484.060|317.046:476.574|319.967:469.173|323.110:461.863|326.471:454.651|330.048:447.544|333.837:440.547|337.834:433.667|342.037:426.911|346.441:420.284|351.042:413.792|355.836:407.442|360.819:401.239|365.986:395.188|371.333:389.296|376.855:383.567|382.547:378.006|388.403:372.620|394.418:367.412|400.588:362.387|406.906:357.550|413.366:352.905|419.963:348.457|425.224:345.111|426.688:344.204|433.452:340.013|440.217:335.823|446.981:331.632|453.745:327.441|460.509:323.251|467.273:319.060|474.038:314.869|480.802:310.679|487.566:306.488|494.330:302.297|501.094:298.107|507.858:293.916|514.623:289.725|521.387:285.535|528.151:281.344|534.915:277.153|541.679:272.963|548.444:268.772|555.208:264.581|561.972:260.391|568.736:256.200|575.500:252.009|582.264:247.819|589.029:243.628|595.793:239.438|602.557:235.247|609.321:231.056|616.085:226.866|622.850:222.675|629.614:218.484|636.378:214.294|643.142:210.103|649.906:205.912|656.670:201.722|663.435:197.531|670.199:193.340|676.963:189.150|683.727:184.959|690.491:180.768|697.256:176.578|704.020:172.387|710.784:168.196|717.548:164.006|724.312:159.815|731.076:155.624|737.841:151.434|744.605:147.243|751.369:143.052|758.133:138.862|764.897:134.671|771.662:130.481|778.426:126.290|785.190:122.099|791.954:117.909|798.718:113.718|805.482:109.527|812.247:105.337|819.011:101.146|825.775:96.955,0,,,,
40.427351,reacquire_slot,slot_arm_geometry_unavailable,0,0,0,0,slot_arm_geometry_unavailable,0,1785215043.1464353,1,1,0,18,gap_confirmed,2,1,1,1,1901.359,-2551.359,0,1,1,1,1,1,1,0,1509.779,1211.929,1099.201,-300.0,1399.201,0,0.902,0.433,,,,,,,0,0,0,0.0,0,locked_slot_fallback_unavailable,0.0,0.0,0.0,,,,0,footprint_unavailable,,,,,0,NONE,0,0,0,0,0,,0.0,0.0,0,0,0.0,locked_slot_fallback_unavailable,,0,,0,0,,0,,0,,,,,,,,,,,,0,,,,
40.504377,reacquire_slot,reacquire_waiting_for_unique_lidar_scan,0,0,0,0,reacquire_waiting_for_unique_lidar_scan,0,1785215043.1464353,0,1,0,18,gap_confirmed,2,1,1,1,1901.359,-2551.359,0,1,1,1,1,1,1,0,1509.779,1211.929,1099.201,-300.0,1399.201,0,0.902,0.433,,,,,,,0,0,0,0.0,0,locked_slot_fallback_unavailable,0.0,0.0,0.0,,,,0,footprint_unavailable,,,,,0,NONE,0,0,0,0,0,,0.0,0.0,0,0,0.0,locked_slot_fallback_unavailable,,0,,0,0,,0,,0,,,,,,,,,,,,0,,,,
40.583258,reacquire_slot,reacquiring_frozen_slot,0,0,0,0,reacquiring_frozen_slot,0,1785215043.258034,1,1,0,19,gap_confirmed,1,1,1,1,313.708,-963.708,0,1,1,1,1,1,1,0,1509.779,1215.442,1103.857,-300.0,1403.857,0,0.902,0.433,,,,,,,0,0,0,0.0,0,locked_slot_fallback_unavailable,0.0,0.0,0.0,,,,0,footprint_unavailable,,,,,0,NONE,0,0,0,0,0,,0.0,0.0,0,0,0.0,locked_slot_fallback_unavailable,,0,,0,0,,0,,0,,,,,,,,,,,,0,,,,
40.6609,reacquire_slot,reacquiring_frozen_slot,0,0,0,0,reacquiring_frozen_slot,0,1785215043.3689194,1,1,0,24,gap_confirmed,2,1,1,1,1869.962,-2519.962,0,1,1,1,1,1,1,0,1509.779,1211.157,1108.474,-300.0,1408.474,0,0.902,0.433,,,,,,,0,0,0,0.0,0,locked_slot_fallback_unavailable,0.0,0.0,0.0,,,,0,footprint_unavailable,,,,,0,NONE,0,0,0,0,0,,0.0,0.0,0,0,0.0,locked_slot_fallback_unavailable,,0,,0,0,,0,,0,,,,,,,,,,,,0,,,,
40.736545,reacquire_slot,reacquire_waiting_for_unique_lidar_scan,0,0,0,0,reacquire_waiting_for_unique_lidar_scan,0,1785215043.3689194,0,1,0,24,gap_confirmed,2,1,1,1,1869.962,-2519.962,0,1,1,1,1,1,1,0,1509.779,1211.157,1108.474,-300.0,1408.474,0,0.902,0.433,,,,,,,0,0,0,0.0,0,locked_slot_fallback_unavailable,0.0,0.0,0.0,,,,0,footprint_unavailable,,,,,0,NONE,0,0,0,0,0,,0.0,0.0,0,0,0.0,locked_slot_fallback_unavailable,,0,,0,0,,0,,0,,,,,,,,,,,,0,,,,
40.813595,reacquire_slot,reacquiring_frozen_slot,0,0,0,0,reacquiring_frozen_slot,0,1785215043.483405,1,1,0,21,gap_confirmed,2,1,1,1,1877.402,-2527.402,0,1,1,1,1,1,1,0,1509.779,1210.627,1114.164,-300.0,1414.164,0,0.902,0.433,,,,,,,0,0,0,0.0,0,locked_slot_fallback_unavailable,0.0,0.0,0.0,,,,0,footprint_unavailable,,,,,0,NONE,0,0,0,0,0,,0.0,0.0,0,0,0.0,locked_slot_fallback_unavailable,,0,,0,0,,0,,0,,,,,,,,,,,,0,,,,
40.893752,reacquire_slot,reacquiring_frozen_slot,0,0,0,0,reacquiring_frozen_slot,0,1785215043.5945804,1,1,0,23,gap_confirmed,2,1,1,1,1878.07,-2528.07,0,1,1,1,1,1,1,0,1509.779,1210.004,1118.638,-300.0,1418.638,0,0.902,0.433,,,,,,,0,0,0,0.0,0,locked_slot_fallback_unavailable,0.0,0.0,0.0,,,,0,footprint_unavailable,,,,,0,NONE,0,0,0,0,0,,0.0,0.0,0,0,0.0,locked_slot_fallback_unavailable,,0,,0,0,,0,,0,,,,,,,,,,,,0,,,,
40.973218,reacquire_slot,reacquire_waiting_for_unique_lidar_scan,0,0,0,0,reacquire_waiting_for_unique_lidar_scan,0,1785215043.5945804,0,1,0,23,gap_confirmed,2,1,1,1,1878.07,-2528.07,0,1,1,1,1,1,1,0,1509.779,1210.004,1118.638,-300.0,1418.638,0,0.902,0.433,,,,,,,0,0,0,0.0,0,locked_slot_fallback_unavailable,0.0,0.0,0.0,,,,0,footprint_unavailable,,,,,0,NONE,0,0,0,0,0,,0.0,0.0,0,0,0.0,locked_slot_fallback_unavailable,,0,,0,0,,0,,0,,,,,,,,,,,,0,,,,
41.065176,provisional_prealign,slot_reacquire_timeout:resume_provisional_prealign,35,-120,35,-120,slot_reacquire_timeout:resume_provisional_prealign,0,1785215043.7071502,1,1,0,24,gap_confirmed,2,1,1,1,1882.382,-2532.382,0,1,1,1,1,1,1,1,1509.779,1210.004,1118.638,-300.0,1418.638,0,0.902,0.433,,,,,,,0,0,0,0.0,0,locked_slot_fallback_unavailable,0.0,0.0,0.0,,,,0,footprint_unavailable,,,,,0,NONE,0,0,0,0,0,,0.0,0.0,0,0,0.0,locked_slot_fallback_unavailable,,0,,0,0,,0,,0,,,,,,,,,,,,0,,,,
41.144351,verify_slot_box,provisional_safe_path_ready,0,0,0,0,provisional_safe_path_ready,0,1785215043.8177285,1,1,0,23,gap_confirmed,2,1,1,1,1880.95,-2530.95,0,1,1,1,1,1,1,0,1509.779,1212.098,1113.398,-300.0,1413.398,0,0.902,0.433,,,,,,,1,1,1,0.95,0,lidar_slot_box,-130.412,-1.185566,58.22,698.364,220.0,347.368,0,footprint_crosses_slot_entrance,-1401.204,-235.131,-2451.1,-1414.397,0,NONE,0,0,0,0,0,,0.0,0.0,0,0,0.0,locked_slot_fallback_unavailable,,0,,0,0,,0,ready,1,full_arc_straight_ready,0.00378,0.00378,0.7,58.22,-5.189,33.338,333.684,315.186,481.731,300.000:570.000|300.120:562.020|300.481:554.046|301.083:546.088|301.924:538.151|303.004:530.243|304.323:522.371|305.878:514.543|307.669:506.765|309.693:499.045|311.950:491.389|314.436:483.805|317.150:476.299|320.089:468.878|323.251:461.550|326.632:454.320|330.230:447.196|334.041:440.183|338.062:433.289|342.289:426.519|346.719:419.879|351.346:413.377|356.168:407.016|361.179:400.804|366.376:394.746|371.753:388.848|377.305:383.115|383.028:377.551|388.916:372.163|394.964:366.955|401.166:361.931|407.517:357.098|414.011:352.457|420.642:348.015|425.224:345.111|427.397:343.765|434.183:339.561|440.968:335.357|447.753:331.154|454.538:326.950|461.323:322.747|468.108:318.543|474.893:314.339|481.678:310.136|488.463:305.932|495.248:301.729|502.033:297.525|508.818:293.322|515.603:289.118|522.388:284.914|529.173:280.711|535.958:276.507|542.743:272.304|549.528:268.100|556.313:263.897|563.098:259.693|569.883:255.489|576.668:251.286|583.453:247.082|590.238:242.879|597.023:238.675|603.809:234.472|610.594:230.268|617.379:226.064|624.164:221.861|630.949:217.657|637.734:213.454|644.519:209.250|651.304:205.046|658.089:200.843|664.874:196.639|671.659:192.436|678.444:188.232|685.229:184.029|692.014:179.825|698.799:175.621|705.584:171.418|712.369:167.214|719.154:163.011|725.939:158.807|732.724:154.604|739.509:150.400|746.294:146.196|753.079:141.993|759.864:137.789|766.649:133.586|773.435:129.382|780.220:125.179|787.005:120.975|793.790:116.771|800.575:112.568|807.360:108.364|814.145:104.161|820.930:99.957|827.715:95.753,0,,,,
41.235969,reacquire_slot,slot_arm_geometry_unavailable,0,0,0,0,slot_arm_geometry_unavailable,0,1785215043.9281359,1,1,0,16,gap_confirmed,2,1,1,1,1872.555,-2522.555,0,1,1,1,1,1,1,0,1509.779,1209.401,1114.921,-300.0,1414.921,0,0.902,0.433,,,,,,,0,0,0,0.0,0,locked_slot_fallback_unavailable,0.0,0.0,0.0,,,,0,footprint_unavailable,,,,,0,NONE,0,0,0,0,0,,0.0,0.0,0,0,0.0,locked_slot_fallback_unavailable,,0,,0,0,,0,,0,,,,,,,,,,,,0,,,,
41.314145,reacquire_slot,reacquire_waiting_for_unique_lidar_scan,0,0,0,0,reacquire_waiting_for_unique_lidar_scan,0,1785215043.9281359,0,1,0,16,gap_confirmed,2,1,1,1,1872.555,-2522.555,0,1,1,1,1,1,1,0,1509.779,1209.401,1114.921,-300.0,1414.921,0,0.902,0.433,,,,,,,0,0,0,0.0,0,locked_slot_fallback_unavailable,0.0,0.0,0.0,,,,0,footprint_unavailable,,,,,0,NONE,0,0,0,0,0,,0.0,0.0,0,0,0.0,locked_slot_fallback_unavailable,,0,,0,0,,0,,0,,,,,,,,,,,,0,,,,
41.393666,reacquire_slot,reacquiring_frozen_slot,0,0,0,0,reacquiring_frozen_slot,0,1785215044.0425062,1,1,0,22,gap_confirmed,2,1,1,1,1880.517,-2530.517,0,1,1,1,1,1,1,0,1509.779,1208.721,1120.839,-300.0,1420.839,0,0.902,0.433,,,,,,,0,0,0,0.0,0,locked_slot_fallback_unavailable,0.0,0.0,0.0,,,,0,footprint_unavailable,,,,,0,NONE,0,0,0,0,0,,0.0,0.0,0,0,0.0,locked_slot_fallback_unavailable,,0,,0,0,,0,,0,,,,,,,,,,,,0,,,,
41.471823,reacquire_slot,reacquiring_frozen_slot,0,0,0,0,reacquiring_frozen_slot,0,1785215044.153919,1,1,0,18,gap_confirmed,2,1,1,1,1882.77,-2532.77,0,1,1,1,1,1,1,0,1509.779,1208.119,1124.966,-300.0,1424.966,0,0.902,0.433,,,,,,,0,0,0,0.0,0,locked_slot_fallback_unavailable,0.0,0.0,0.0,,,,0,footprint_unavailable,,,,,0,NONE,0,0,0,0,0,,0.0,0.0,0,0,0.0,locked_slot_fallback_unavailable,,0,,0,0,,0,,0,,,,,,,,,,,,0,,,,
41.549921,reacquire_slot,reacquiring_frozen_slot,0,0,0,0,reacquiring_frozen_slot,0,1785215044.266098,1,1,0,20,gap_confirmed,2,1,1,1,1886.887,-2536.887,0,1,1,1,1,1,1,0,1509.779,1207.212,1130.267,-300.0,1430.267,0,0.902,0.433,,,,,,,0,0,0,0.0,0,locked_slot_fallback_unavailable,0.0,0.0,0.0,,,,0,footprint_unavailable,,,,,0,NONE,0,0,0,0,0,,0.0,0.0,0,0,0.0,locked_slot_fallback_unavailable,,0,,0,0,,0,,0,,,,,,,,,,,,0,,,,
41.626736,reacquire_slot,reacquire_waiting_for_unique_lidar_scan,0,0,0,0,reacquire_waiting_for_unique_lidar_scan,0,1785215044.266098,0,1,0,20,gap_confirmed,2,1,1,1,1886.887,-2536.887,0,1,1,1,1,1,1,0,1509.779,1207.212,1130.267,-300.0,1430.267,0,0.902,0.433,,,,,,,0,0,0,0.0,0,locked_slot_fallback_unavailable,0.0,0.0,0.0,,,,0,footprint_unavailable,,,,,0,NONE,0,0,0,0,0,,0.0,0.0,0,0,0.0,locked_slot_fallback_unavailable,,0,,0,0,,0,,0,,,,,,,,,,,,0,,,,
41.704026,reacquire_slot,reacquiring_frozen_slot,0,0,0,0,reacquiring_frozen_slot,0,1785215044.3781857,1,1,0,20,gap_confirmed,2,1,1,1,1886.231,-2536.231,0,1,1,1,1,1,1,1,1509.779,1207.212,1130.267,-300.0,1430.267,0,0.902,0.433,,,,,,,0,0,0,0.0,0,locked_slot_fallback_unavailable,0.0,0.0,0.0,,,,0,footprint_unavailable,,,,,0,NONE,0,0,0,0,0,,0.0,0.0,0,0,0.0,locked_slot_fallback_unavailable,,0,,0,0,,0,,0,,,,,,,,,,,,0,,,,
41.779776,reacquire_slot,reacquiring_frozen_slot,0,0,0,0,reacquiring_frozen_slot,0,1785215044.4885943,1,1,0,17,gap_confirmed,1,1,1,1,305.296,-955.296,0,1,1,1,1,1,1,0,1509.779,1208.034,1119.788,-300.0,1419.788,0,0.902,0.433,,,,,,,0,0,0,0.0,0,locked_slot_fallback_unavailable,0.0,0.0,0.0,,,,0,footprint_unavailable,,,,,0,NONE,0,0,0,0,0,,0.0,0.0,0,0,0.0,locked_slot_fallback_unavailable,,0,,0,0,,0,,0,,,,,,,,,,,,0,,,,
41.872176,provisional_prealign,slot_reacquire_timeout:resume_provisional_prealign,35,-120,35,-120,slot_reacquire_timeout:resume_provisional_prealign,0,1785215044.4885943,0,1,0,17,gap_confirmed,1,1,1,1,305.296,-955.296,0,1,1,1,1,1,1,0,1509.779,1208.034,1119.788,-300.0,1419.788,0,0.902,0.433,,,,,,,0,0,0,0.0,0,locked_slot_fallback_unavailable,0.0,0.0,0.0,,,,0,footprint_unavailable,,,,,0,NONE,0,0,0,0,0,,0.0,0.0,0,0,0.0,locked_slot_fallback_unavailable,,0,,0,0,,0,,0,,,,,,,,,,,,0,,,,
41.948124,verify_slot_box,provisional_safe_path_ready,0,0,0,0,provisional_safe_path_ready,0,1785215044.6035569,1,1,0,21,gap_confirmed,2,1,1,1,1891.559,-2541.559,0,1,1,1,1,1,1,0,1509.779,1212.587,1117.974,-300.0,1417.974,0,0.902,0.433,,,,,,,1,1,1,0.95,0,lidar_slot_box,-131.253,-1.193212,58.22,699.018,220.0,347.368,0,footprint_crosses_slot_entrance,-1404.835,-238.763,-2453.925,-1417.223,0,NONE,0,0,0,0,0,,0.0,0.0,0,0,0.0,locked_slot_fallback_unavailable,,0,,0,0,,0,ready,1,full_arc_straight_ready,0.00378,0.00378,0.7,58.22,-6.03,32.497,333.684,315.185,481.731,300.000:570.000|300.121:562.013|300.482:554.032|301.085:546.067|301.928:538.123|303.010:530.208|304.330:522.330|305.888:514.495|307.682:506.710|309.710:498.984|311.970:491.322|314.461:483.731|317.180:476.220|320.124:468.794|323.291:461.460|326.678:454.225|330.282:447.096|334.100:440.079|338.128:433.180|342.362:426.406|346.798:419.763|351.434:413.257|356.263:406.894|361.283:400.680|366.488:394.620|371.873:388.720|377.435:382.985|383.166:377.421|389.063:372.032|395.121:366.824|401.332:361.801|407.693:356.968|414.196:352.329|420.837:347.889|425.224:345.111|427.601:343.639|434.392:339.431|441.183:335.224|447.974:331.017|454.765:326.809|461.556:322.602|468.347:318.395|475.138:314.188|481.929:309.980|488.720:305.773|495.511:301.566|502.302:297.358|509.093:293.151|515.884:288.944|522.675:284.737|529.466:280.529|536.257:276.322|543.048:272.115|549.839:267.907|556.630:263.700|563.421:259.493|570.212:255.286|577.003:251.078|583.794:246.871|590.585:242.664|597.376:238.456|604.167:234.249|610.958:230.042|617.749:225.835|624.540:221.627|631.331:217.420|638.122:213.213|644.913:209.005|651.705:204.798|658.496:200.591|665.287:196.384|672.078:192.176|678.869:187.969|685.660:183.762|692.451:179.555|699.242:175.347|706.033:171.140|712.824:166.933|719.615:162.725|726.406:158.518|733.197:154.311|739.988:150.104|746.779:145.896|753.570:141.689|760.361:137.482|767.152:133.274|773.943:129.067|780.734:124.860|787.525:120.653|794.316:116.445|801.107:112.238|807.898:108.031|814.689:103.823|821.480:99.616|828.271:95.409,0,,,,
42.040265,reacquire_slot,slot_arm_geometry_unavailable,0,0,0,0,slot_arm_geometry_unavailable,0,1785215044.7143,1,1,0,19,gap_confirmed,2,1,1,1,1884.357,-2534.357,0,1,1,1,1,1,1,0,1509.779,1209.561,1120.851,-300.0,1420.851,0,0.902,0.433,,,,,,,0,0,0,0.0,0,locked_slot_fallback_unavailable,0.0,0.0,0.0,,,,0,footprint_unavailable,,,,,0,NONE,0,0,0,0,0,,0.0,0.0,0,0,0.0,locked_slot_fallback_unavailable,,0,,0,0,,0,,0,,,,,,,,,,,,0,,,,
42.118673,reacquire_slot,reacquiring_frozen_slot,0,0,0,0,reacquiring_frozen_slot,0,1785215044.825809,1,1,0,21,gap_confirmed,2,1,1,1,1891.272,-2541.272,0,1,1,1,1,1,1,0,1509.779,1207.493,1125.003,-300.0,1425.003,0,0.902,0.433,,,,,,,0,0,0,0.0,0,locked_slot_fallback_unavailable,0.0,0.0,0.0,,,,0,footprint_unavailable,,,,,0,NONE,0,0,0,0,0,,0.0,0.0,0,0,0.0,locked_slot_fallback_unavailable,,0,,0,0,,0,,0,,,,,,,,,,,,0,,,,
42.196747,reacquire_slot,reacquire_waiting_for_unique_lidar_scan,0,0,0,0,reacquire_waiting_for_unique_lidar_scan,0,1785215044.825809,0,1,0,21,gap_confirmed,2,1,1,1,1891.272,-2541.272,0,1,1,1,1,1,1,0,1509.779,1207.493,1125.003,-300.0,1425.003,0,0.902,0.433,,,,,,,0,0,0,0.0,0,locked_slot_fallback_unavailable,0.0,0.0,0.0,,,,0,footprint_unavailable,,,,,0,NONE,0,0,0,0,0,,0.0,0.0,0,0,0.0,locked_slot_fallback_unavailable,,0,,0,0,,0,,0,,,,,,,,,,,,0,,,,
42.275431,reacquire_slot,reacquiring_frozen_slot,0,0,0,0,reacquiring_frozen_slot,0,1785215044.9381728,1,1,0,22,gap_confirmed,2,1,1,1,1888.719,-2538.719,0,1,1,1,1,1,1,0,1509.779,1206.521,1129.504,-300.0,1429.504,0,0.902,0.433,,,,,,,0,0,0,0.0,0,locked_slot_fallback_unavailable,0.0,0.0,0.0,,,,0,footprint_unavailable,,,,,0,NONE,0,0,0,0,0,,0.0,0.0,0,0,0.0,locked_slot_fallback_unavailable,,0,,0,0,,0,,0,,,,,,,,,,,,0,,,,
42.352378,reacquire_slot,reacquiring_frozen_slot,0,0,0,0,reacquiring_frozen_slot,0,1785215045.04855,1,1,0,16,gap_confirmed,2,1,1,1,1889.448,-2539.448,0,1,1,1,1,1,1,0,1509.779,1206.176,1136.448,-300.0,1436.448,0,0.902,0.433,,,,,,,0,0,0,0.0,0,locked_slot_fallback_unavailable,0.0,0.0,0.0,,,,0,footprint_unavailable,,,,,0,NONE,0,0,0,0,0,,0.0,0.0,0,0,0.0,locked_slot_fallback_unavailable,,0,,0,0,,0,,0,,,,,,,,,,,,0,,,,
42.432299,reacquire_slot,reacquire_waiting_for_unique_lidar_scan,0,0,0,0,reacquire_waiting_for_unique_lidar_scan,0,1785215045.04855,0,1,0,16,gap_confirmed,2,1,1,1,1889.448,-2539.448,0,1,1,1,1,1,1,0,1509.779,1206.176,1136.448,-300.0,1436.448,0,0.902,0.433,,,,,,,0,0,0,0.0,0,locked_slot_fallback_unavailable,0.0,0.0,0.0,,,,0,footprint_unavailable,,,,,0,NONE,0,0,0,0,0,,0.0,0.0,0,0,0.0,locked_slot_fallback_unavailable,,0,,0,0,,0,,0,,,,,,,,,,,,0,,,,
42.510156,reacquire_slot,reacquiring_frozen_slot,0,0,0,0,reacquiring_frozen_slot,0,1785215045.1602318,1,1,0,18,gap_confirmed,2,1,1,1,1901.614,-2551.614,0,1,1,1,1,1,1,0,1509.779,1206.954,1126.027,-300.0,1426.027,0,0.902,0.433,,,,,,,0,0,0,0.0,0,locked_slot_fallback_unavailable,0.0,0.0,0.0,,,,0,footprint_unavailable,,,,,0,NONE,0,0,0,0,0,,0.0,0.0,0,0,0.0,locked_slot_fallback_unavailable,,0,,0,0,,0,,0,,,,,,,,,,,,0,,,,
42.588325,reacquire_slot,reacquiring_frozen_slot,0,0,0,0,reacquiring_frozen_slot,0,1785215045.2756379,1,1,0,15,gap_confirmed,2,1,1,1,1901.496,-2551.496,0,1,1,1,1,1,1,0,1509.779,1207.722,1123.493,-300.0,1423.493,0,0.902,0.433,,,,,,,0,0,0,0.0,0,locked_slot_fallback_unavailable,0.0,0.0,0.0,,,,0,footprint_unavailable,,,,,0,NONE,0,0,0,0,0,,0.0,0.0,0,0,0.0,locked_slot_fallback_unavailable,,0,,0,0,,0,,0,,,,,,,,,,,,0,,,,
42.664625,provisional_prealign,slot_reacquire_timeout:resume_provisional_prealign,35,-120,35,-120,slot_reacquire_timeout:resume_provisional_prealign,0,1785215045.3856888,1,1,0,18,gap_confirmed,2,1,1,1,1905.167,-2555.167,0,1,1,1,1,1,1,0,1509.779,1209.165,1122.248,-300.0,1422.248,0,0.902,0.433,,,,,,,0,0,0,0.0,0,locked_slot_fallback_unavailable,0.0,0.0,0.0,,,,0,footprint_unavailable,,,,,0,NONE,0,0,0,0,0,,0.0,0.0,0,0,0.0,locked_slot_fallback_unavailable,,0,,0,0,,0,,0,,,,,,,,,,,,0,,,,
42.743531,verify_slot_box,provisional_safe_path_ready,0,0,0,0,provisional_safe_path_ready,0,1785215045.3856888,0,1,0,18,gap_confirmed,2,1,1,1,1905.167,-2555.167,0,1,1,1,1,1,1,0,1509.779,1209.165,1122.248,-300.0,1422.248,0,0.902,0.433,,,,,,,1,1,1,0.95,0,lidar_slot_box,-132.512,-1.204655,58.22,698.866,220.0,347.368,0,footprint_crosses_slot_entrance,-1410.271,-244.199,-2453.268,-1416.565,0,NONE,0,0,0,0,0,,0.0,0.0,0,0,0.0,locked_slot_fallback_unavailable,,0,,0,0,,0,ready,1,full_arc_straight_ready,0.00378,0.00378,0.7,58.22,-7.288,31.238,333.684,315.185,481.731,300.000:570.000|300.121:562.014|300.482:554.036|301.084:546.072|301.927:538.129|303.009:530.216|304.329:522.339|305.886:514.506|307.679:506.723|309.706:498.998|311.966:491.337|314.455:483.749|317.173:476.238|320.116:468.814|323.282:461.481|326.668:454.248|330.270:447.119|334.086:440.103|338.112:433.206|342.345:426.433|346.780:419.790|351.413:413.285|356.241:406.923|361.259:400.709|366.462:394.649|371.845:388.750|377.404:383.015|383.134:377.451|389.029:372.063|395.084:366.854|401.294:361.831|407.652:356.998|414.153:352.359|420.792:347.918|425.224:345.111|427.554:343.668|434.343:339.461|441.133:335.255|447.922:331.049|454.712:326.842|461.502:322.636|468.291:318.429|475.081:314.223|481.871:310.016|488.660:305.810|495.450:301.604|502.239:297.397|509.029:293.191|515.819:288.984|522.608:284.778|529.398:280.572|536.188:276.365|542.977:272.159|549.767:267.952|556.556:263.746|563.346:259.539|570.136:255.333|576.925:251.127|583.715:246.920|590.505:242.714|597.294:238.507|604.084:234.301|610.873:230.095|617.663:225.888|624.453:221.682|631.242:217.475|638.032:213.269|644.822:209.062|651.611:204.856|658.401:200.650|665.191:196.443|671.980:192.237|678.770:188.030|685.559:183.824|692.349:179.617|699.139:175.411|705.928:171.205|712.718:166.998|719.508:162.792|726.297:158.585|733.087:154.379|739.876:150.173|746.666:145.966|753.456:141.760|760.245:137.553|767.035:133.347|773.825:129.140|780.614:124.934|787.404:120.728|794.193:116.521|800.983:112.315|807.773:108.108|814.562:103.902|821.352:99.695|828.142:95.489,0,,,,
42.822091,reacquire_slot,slot_arm_geometry_unavailable,0,0,0,0,slot_arm_geometry_unavailable,0,1785215045.497449,1,1,0,19,gap_confirmed,2,1,1,1,1896.471,-2546.471,0,1,1,1,1,1,1,0,1509.779,1211.736,1123.808,-300.0,1423.808,0,0.902,0.433,,,,,,,0,0,0,0.0,0,locked_slot_fallback_unavailable,0.0,0.0,0.0,,,,0,footprint_unavailable,,,,,0,NONE,0,0,0,0,0,,0.0,0.0,0,0,0.0,locked_slot_fallback_unavailable,,0,,0,0,,0,,0,,,,,,,,,,,,0,,,,
42.897998,reacquire_slot,reacquiring_frozen_slot,0,0,0,0,reacquiring_frozen_slot,0,1785215045.6093912,1,1,0,20,gap_confirmed,2,1,1,1,1897.985,-2547.985,0,1,1,1,1,1,1,0,1509.779,1212.754,1125.856,-300.0,1425.856,0,0.902,0.433,,,,,,,0,0,0,0.0,0,locked_slot_fallback_unavailable,0.0,0.0,0.0,,,,0,footprint_unavailable,,,,,0,NONE,0,0,0,0,0,,0.0,0.0,0,0,0.0,locked_slot_fallback_unavailable,,0,,0,0,,0,,0,,,,,,,,,,,,0,,,,
42.976785,reacquire_slot,reacquire_waiting_for_unique_lidar_scan,0,0,0,0,reacquire_waiting_for_unique_lidar_scan,0,1785215045.6093912,0,1,0,20,gap_confirmed,2,1,1,1,1897.985,-2547.985,0,1,1,1,1,1,1,0,1509.779,1212.754,1125.856,-300.0,1425.856,0,0.902,0.433,,,,,,,0,0,0,0.0,0,locked_slot_fallback_unavailable,0.0,0.0,0.0,,,,0,footprint_unavailable,,,,,0,NONE,0,0,0,0,0,,0.0,0.0,0,0,0.0,locked_slot_fallback_unavailable,,0,,0,0,,0,,0,,,,,,,,,,,,0,,,,
43.05599,reacquire_slot,reacquiring_frozen_slot,0,0,0,0,reacquiring_frozen_slot,0,1785215045.7230394,1,1,0,17,gap_confirmed,2,1,1,1,1898.724,-2548.724,0,1,1,1,1,1,1,0,1509.779,1212.096,1127.837,-300.0,1427.837,0,0.902,0.433,,,,,,,0,0,0,0.0,0,locked_slot_fallback_unavailable,0.0,0.0,0.0,,,,0,footprint_unavailable,,,,,0,NONE,0,0,0,0,0,,0.0,0.0,0,0,0.0,locked_slot_fallback_unavailable,,0,,0,0,,0,,0,,,,,,,,,,,,0,,,,
43.133524,reacquire_slot,reacquiring_frozen_slot,0,0,0,0,reacquiring_frozen_slot,0,1785215045.8351424,1,1,0,19,gap_confirmed,2,1,1,1,1894.654,-2544.654,0,1,1,1,1,1,1,0,1509.779,1208.256,1130.864,-300.0,1430.864,0,0.902,0.433,,,,,,,0,0,0,0.0,0,locked_slot_fallback_unavailable,0.0,0.0,0.0,,,,0,footprint_unavailable,,,,,0,NONE,0,0,0,0,0,,0.0,0.0,0,0,0.0,locked_slot_fallback_unavailable,,0,,0,0,,0,,0,,,,,,,,,,,,0,,,,
43.212092,reacquire_slot,reacquire_waiting_for_unique_lidar_scan,0,0,0,0,reacquire_waiting_for_unique_lidar_scan,0,1785215045.8351424,0,1,0,19,gap_confirmed,2,1,1,1,1894.654,-2544.654,0,1,1,1,1,1,1,0,1509.779,1208.256,1130.864,-300.0,1430.864,0,0.902,0.433,,,,,,,0,0,0,0.0,0,locked_slot_fallback_unavailable,0.0,0.0,0.0,,,,0,footprint_unavailable,,,,,0,NONE,0,0,0,0,0,,0.0,0.0,0,0,0.0,locked_slot_fallback_unavailable,,0,,0,0,,0,,0,,,,,,,,,,,,0,,,,
43.288714,reacquire_slot,reacquiring_frozen_slot,0,0,0,0,reacquiring_frozen_slot,0,1785215045.9469774,1,1,0,17,gap_confirmed,2,1,1,1,1898.893,-2548.893,0,1,1,1,1,1,1,0,1509.779,1207.066,1136.06,-300.0,1436.06,0,0.902,0.433,,,,,,,0,0,0,0.0,0,locked_slot_fallback_unavailable,0.0,0.0,0.0,,,,0,footprint_unavailable,,,,,0,NONE,0,0,0,0,0,,0.0,0.0,0,0,0.0,locked_slot_fallback_unavailable,,0,,0,0,,0,,0,,,,,,,,,,,,0,,,,
43.365199,reacquire_slot,reacquiring_frozen_slot,0,0,0,0,reacquiring_frozen_slot,0,1785215046.057751,1,1,0,17,gap_confirmed,2,1,1,1,1903.827,-2553.827,0,1,1,1,1,1,1,1,1509.779,1207.066,1136.06,-300.0,1436.06,0,0.902,0.433,,,,,,,0,0,0,0.0,0,locked_slot_fallback_unavailable,0.0,0.0,0.0,,,,0,footprint_unavailable,,,,,0,NONE,0,0,0,0,0,,0.0,0.0,0,0,0.0,locked_slot_fallback_unavailable,,0,,0,0,,0,,0,,,,,,,,,,,,0,,,,
43.442602,provisional_prealign,slot_reacquire_timeout:resume_provisional_prealign,35,-120,35,-120,slot_reacquire_timeout:resume_provisional_prealign,0,1785215046.057751,0,1,0,17,gap_confirmed,2,1,1,1,1903.827,-2553.827,0,1,1,1,1,1,1,1,1509.779,1207.066,1136.06,-300.0,1436.06,0,0.902,0.433,,,,,,,0,0,0,0.0,0,locked_slot_fallback_unavailable,0.0,0.0,0.0,,,,0,footprint_unavailable,,,,,0,NONE,0,0,0,0,0,,0.0,0.0,0,0,0.0,locked_slot_fallback_unavailable,,0,,0,0,,0,,0,,,,,,,,,,,,0,,,,
43.518958,verify_slot_box,provisional_safe_path_ready,0,0,0,0,provisional_safe_path_ready,0,1785215046.1684244,1,1,0,19,gap_confirmed,2,1,1,1,1902.3,-2552.3,0,1,1,1,1,1,1,0,1509.779,1209.153,1130.987,-300.0,1430.987,0,0.902,0.433,,,,,,,1,1,1,0.95,0,lidar_slot_box,-134.234,-1.220308,58.22,699.929,220.0,347.368,0,footprint_crosses_slot_entrance,-1417.706,-251.634,-2457.86,-1421.158,0,NONE,0,0,0,0,0,,0.0,0.0,0,0,0.0,locked_slot_fallback_unavailable,,0,,0,0,,0,ready,1,full_arc_straight_ready,0.00378,0.00378,0.7,58.22,-9.01,29.516,333.684,315.185,481.731,300.000:570.000|300.121:562.003|300.484:554.013|301.087:546.037|301.932:538.084|303.017:530.160|304.341:522.272|305.903:514.428|307.701:506.634|309.734:498.899|312.000:491.228|314.496:483.630|317.222:476.110|320.173:468.676|323.347:461.335|326.743:454.093|330.355:446.957|334.182:439.934|338.219:433.029|342.463:426.250|346.910:419.602|351.556:413.092|356.396:406.725|361.427:400.507|366.644:394.444|372.041:388.542|377.615:382.805|383.359:377.240|389.269:371.850|395.339:366.642|401.564:361.620|407.938:356.788|414.454:352.151|421.109:347.713|425.224:345.111|427.884:343.463|434.683:339.251|441.483:335.038|448.282:330.826|455.081:326.613|461.881:322.401|468.680:318.188|475.480:313.976|482.279:309.764|489.078:305.551|495.878:301.339|502.677:297.126|509.476:292.914|516.276:288.701|523.075:284.489|529.874:280.276|536.674:276.064|543.473:271.852|550.272:267.639|557.072:263.427|563.871:259.214|570.670:255.002|577.470:250.789|584.269:246.577|591.068:242.364|597.868:238.152|604.667:233.940|611.467:229.727|618.266:225.515|625.065:221.302|631.865:217.090|638.664:212.877|645.463:208.665|652.263:204.452|659.062:200.240|665.861:196.028|672.661:191.815|679.460:187.603|686.259:183.390|693.059:179.178|699.858:174.965|706.657:170.753|713.457:166.540|720.256:162.328|727.055:158.116|733.855:153.903|740.654:149.691|747.454:145.478|754.253:141.266|761.052:137.053|767.852:132.841|774.651:128.628|781.450:124.416|788.250:120.204|795.049:115.991|801.848:111.779|808.648:107.566|815.447:103.354|822.246:99.141|829.046:94.929,0,,,,
43.595926,reacquire_slot,slot_arm_geometry_unavailable,0,0,0,0,slot_arm_geometry_unavailable,0,1785215046.280132,1,1,0,16,gap_confirmed,2,1,1,1,1894.749,-2544.749,0,1,1,1,1,1,1,0,1509.779,1206.945,1132.157,-300.0,1432.157,0,0.902,0.433,,,,,,,0,0,0,0.0,0,locked_slot_fallback_unavailable,0.0,0.0,0.0,,,,0,footprint_unavailable,,,,,0,NONE,0,0,0,0,0,,0.0,0.0,0,0,0.0,locked_slot_fallback_unavailable,,0,,0,0,,0,,0,,,,,,,,,,,,0,,,,
43.673351,reacquire_slot,reacquire_waiting_for_unique_lidar_scan,0,0,0,0,reacquire_waiting_for_unique_lidar_scan,0,1785215046.280132,0,1,0,16,gap_confirmed,2,1,1,1,1894.749,-2544.749,0,1,1,1,1,1,1,0,1509.779,1206.945,1132.157,-300.0,1432.157,0,0.902,0.433,,,,,,,0,0,0,0.0,0,locked_slot_fallback_unavailable,0.0,0.0,0.0,,,,0,footprint_unavailable,,,,,0,NONE,0,0,0,0,0,,0.0,0.0,0,0,0.0,locked_slot_fallback_unavailable,,0,,0,0,,0,,0,,,,,,,,,,,,0,,,,
43.749828,reacquire_slot,reacquiring_frozen_slot,0,0,0,0,reacquiring_frozen_slot,0,1785215046.3953583,1,1,0,16,gap_confirmed,2,1,1,1,1901.317,-2551.317,0,1,1,1,1,1,1,0,1509.779,1209.765,1133.398,-300.0,1433.398,0,0.902,0.433,,,,,,,0,0,0,0.0,0,locked_slot_fallback_unavailable,0.0,0.0,0.0,,,,0,footprint_unavailable,,,,,0,NONE,0,0,0,0,0,,0.0,0.0,0,0,0.0,locked_slot_fallback_unavailable,,0,,0,0,,0,,0,,,,,,,,,,,,0,,,,
43.826631,reacquire_slot,reacquiring_frozen_slot,0,0,0,0,reacquiring_frozen_slot,0,1785215046.5062015,1,1,0,19,gap_confirmed,2,1,1,1,1902.446,-2552.446,0,1,1,1,1,1,1,0,1509.779,1211.836,1134.416,-300.0,1434.416,0,0.902,0.433,,,,,,,0,0,0,0.0,0,locked_slot_fallback_unavailable,0.0,0.0,0.0,,,,0,footprint_unavailable,,,,,0,NONE,0,0,0,0,0,,0.0,0.0,0,0,0.0,locked_slot_fallback_unavailable,,0,,0,0,,0,,0,,,,,,,,,,,,0,,,,
43.90399,reacquire_slot,reacquiring_frozen_slot,0,0,0,0,reacquiring_frozen_slot,0,1785215046.6183245,1,1,0,24,gap_confirmed,2,1,1,1,1899.73,-2549.73,0,1,1,1,1,1,1,0,1509.779,1214.232,1136.149,-300.0,1436.149,0,0.902,0.433,,,,,,,0,0,0,0.0,0,locked_slot_fallback_unavailable,0.0,0.0,0.0,,,,0,footprint_unavailable,,,,,0,NONE,0,0,0,0,0,,0.0,0.0,0,0,0.0,locked_slot_fallback_unavailable,,0,,0,0,,0,,0,,,,,,,,,,,,0,,,,
43.982725,reacquire_slot,reacquire_waiting_for_unique_lidar_scan,0,0,0,0,reacquire_waiting_for_unique_lidar_scan,0,1785215046.6183245,0,1,0,24,gap_confirmed,2,1,1,1,1899.73,-2549.73,0,1,1,1,1,1,1,0,1509.779,1214.232,1136.149,-300.0,1436.149,0,0.902,0.433,,,,,,,0,0,0,0.0,0,locked_slot_fallback_unavailable,0.0,0.0,0.0,,,,0,footprint_unavailable,,,,,0,NONE,0,0,0,0,0,,0.0,0.0,0,0,0.0,locked_slot_fallback_unavailable,,0,,0,0,,0,,0,,,,,,,,,,,,0,,,,
44.061379,reacquire_slot,reacquiring_frozen_slot,0,0,0,0,reacquiring_frozen_slot,0,1785215046.7286658,1,1,0,20,gap_confirmed,2,1,1,1,1901.027,-2551.027,0,1,1,1,1,1,1,0,1509.779,1210.194,1139.585,-300.0,1439.585,0,0.902,0.433,,,,,,,0,0,0,0.0,0,locked_slot_fallback_unavailable,0.0,0.0,0.0,,,,0,footprint_unavailable,,,,,0,NONE,0,0,0,0,0,,0.0,0.0,0,0,0.0,locked_slot_fallback_unavailable,,0,,0,0,,0,,0,,,,,,,,,,,,0,,,,
44.138575,reacquire_slot,reacquiring_frozen_slot,0,0,0,0,reacquiring_frozen_slot,0,1785215046.8404405,1,1,0,17,gap_confirmed,2,1,1,1,1905.353,-2555.353,0,1,1,1,1,1,1,1,1509.779,1210.194,1139.585,-300.0,1439.585,0,0.902,0.433,,,,,,,0,0,0,0.0,0,locked_slot_fallback_unavailable,0.0,0.0,0.0,,,,0,footprint_unavailable,,,,,0,NONE,0,0,0,0,0,,0.0,0.0,0,0,0.0,locked_slot_fallback_unavailable,,0,,0,0,,0,,0,,,,,,,,,,,,0,,,,
44.217438,provisional_prealign,slot_reacquire_timeout:resume_provisional_prealign,35,-120,35,-120,slot_reacquire_timeout:resume_provisional_prealign,0,1785215046.8404405,0,1,0,17,gap_confirmed,2,1,1,1,1905.353,-2555.353,0,1,1,1,1,1,1,1,1509.779,1210.194,1139.585,-300.0,1439.585,0,0.902,0.433,,,,,,,0,0,0,0.0,0,locked_slot_fallback_unavailable,0.0,0.0,0.0,,,,0,footprint_unavailable,,,,,0,NONE,0,0,0,0,0,,0.0,0.0,0,0,0.0,locked_slot_fallback_unavailable,,0,,0,0,,0,,0,,,,,,,,,,,,0,,,,
44.294261,verify_slot_box,provisional_safe_path_ready,0,0,0,0,provisional_safe_path_ready,0,1785215046.9554865,1,1,0,14,gap_confirmed,1,1,1,1,324.796,-974.796,0,1,1,1,1,1,1,0,1509.779,1207.972,1132.791,-300.0,1432.791,0,0.902,0.433,,,,,,,1,1,1,0.95,0,lidar_slot_box,-134.733,-1.224846,58.22,699.917,220.0,347.368,0,footprint_crosses_slot_entrance,-1419.862,-253.79,-2457.806,-1421.103,0,NONE,0,0,0,0,0,,0.0,0.0,0,0,0.0,locked_slot_fallback_unavailable,,0,,0,0,,0,ready,1,full_arc_straight_ready,0.00378,0.00378,0.7,58.22,-9.509,29.017,333.684,315.185,481.731,300.000:570.000|300.121:562.003|300.483:554.013|301.087:546.038|301.932:538.085|303.017:530.160|304.341:522.273|305.903:514.429|307.701:506.635|309.733:498.900|311.999:491.229|314.496:483.631|317.221:476.112|320.172:468.678|323.347:461.337|326.742:454.095|330.354:446.959|334.181:439.936|338.218:433.032|342.461:426.252|346.908:419.604|351.554:413.094|356.395:406.727|361.425:400.509|366.642:394.446|372.039:388.544|377.612:382.808|383.356:377.242|389.266:371.853|395.336:366.645|401.561:361.622|407.934:356.791|414.451:352.154|421.105:347.716|425.224:345.111|427.880:343.465|434.679:339.253|441.479:335.041|448.278:330.828|455.077:326.616|461.876:322.404|468.676:318.191|475.475:313.979|482.274:309.767|489.073:305.554|495.872:301.342|502.672:297.129|509.471:292.917|516.270:288.705|523.069:284.492|529.869:280.280|536.668:276.068|543.467:271.855|550.266:267.643|557.066:263.430|563.865:259.218|570.664:255.006|577.463:250.793|584.263:246.581|591.062:242.369|597.861:238.156|604.660:233.944|611.459:229.731|618.259:225.519|625.058:221.307|631.857:217.094|638.656:212.882|645.456:208.670|652.255:204.457|659.054:200.245|665.853:196.032|672.653:191.820|679.452:187.608|686.251:183.395|693.050:179.183|699.850:174.971|706.649:170.758|713.448:166.546|720.247:162.334|727.046:158.121|733.846:153.909|740.645:149.696|747.444:145.484|754.243:141.272|761.043:137.059|767.842:132.847|774.641:128.635|781.440:124.422|788.240:120.210|795.039:115.997|801.838:111.785|808.637:107.573|815.437:103.360|822.236:99.148|829.035:94.936,0,,,,
44.386985,reacquire_slot,slot_arm_geometry_unavailable,0,0,0,0,slot_arm_geometry_unavailable,0,1785215047.066623,1,1,0,14,gap_confirmed,2,1,1,1,1895.342,-2545.342,0,1,1,1,1,1,1,0,1509.779,1206.35,1129.851,-300.0,1429.851,0,0.902,0.433,,,,,,,0,0,0,0.0,0,locked_slot_fallback_unavailable,0.0,0.0,0.0,,,,0,footprint_unavailable,,,,,0,NONE,0,0,0,0,0,,0.0,0.0,0,0,0.0,locked_slot_fallback_unavailable,,0,,0,0,,0,,0,,,,,,,,,,,,0,,,,
44.479739,reacquire_slot,reacquiring_frozen_slot,0,0,0,0,reacquiring_frozen_slot,0,1785215047.17841,1,1,0,15,gap_confirmed,2,1,1,1,1907.712,-2557.712,0,1,1,1,1,1,1,0,1509.779,1207.472,1126.343,-300.0,1426.343,0,0.902,0.433,,,,,,,0,0,0,0.0,0,locked_slot_fallback_unavailable,0.0,0.0,0.0,,,,0,footprint_unavailable,,,,,0,NONE,0,0,0,0,0,,0.0,0.0,0,0,0.0,locked_slot_fallback_unavailable,,0,,0,0,,0,,0,,,,,,,,,,,,0,,,,
44.556481,reacquire_slot,reacquire_waiting_for_unique_lidar_scan,0,0,0,0,reacquire_waiting_for_unique_lidar_scan,0,1785215047.17841,0,1,0,15,gap_confirmed,2,1,1,1,1907.712,-2557.712,0,1,1,1,1,1,1,0,1509.779,1207.472,1126.343,-300.0,1426.343,0,0.902,0.433,,,,,,,0,0,0,0.0,0,locked_slot_fallback_unavailable,0.0,0.0,0.0,,,,0,footprint_unavailable,,,,,0,NONE,0,0,0,0,0,,0.0,0.0,0,0,0.0,locked_slot_fallback_unavailable,,0,,0,0,,0,,0,,,,,,,,,,,,0,,,,
44.635934,reacquire_slot,reacquiring_frozen_slot,0,0,0,0,reacquiring_frozen_slot,0,1785215047.2899747,1,1,0,14,gap_confirmed,2,1,1,1,1899.892,-2549.892,0,1,1,1,1,1,1,0,1509.779,1206.003,1120.931,-300.0,1420.931,0,0.902,0.433,,,,,,,0,0,0,0.0,0,locked_slot_fallback_unavailable,0.0,0.0,0.0,,,,0,footprint_unavailable,,,,,0,NONE,0,0,0,0,0,,0.0,0.0,0,0,0.0,locked_slot_fallback_unavailable,,0,,0,0,,0,,0,,,,,,,,,,,,0,,,,
44.712629,reacquire_slot,reacquiring_frozen_slot,0,0,0,0,reacquiring_frozen_slot,0,1785215047.403777,1,1,0,14,gap_confirmed,2,1,1,1,1902.866,-2552.866,0,1,1,1,1,1,1,0,1509.779,1205.356,1116.408,-300.0,1416.408,0,0.902,0.433,,,,,,,0,0,0,0.0,0,locked_slot_fallback_unavailable,0.0,0.0,0.0,,,,0,footprint_unavailable,,,,,0,NONE,0,0,0,0,0,,0.0,0.0,0,0,0.0,locked_slot_fallback_unavailable,,0,,0,0,,0,,0,,,,,,,,,,,,0,,,,
44.777153,reacquire_slot,reacquire_waiting_for_unique_lidar_scan,0,0,0,0,reacquire_waiting_for_unique_lidar_scan,0,1785215047.403777,0,1,0,14,gap_confirmed,2,1,1,1,1902.866,-2552.866,0,1,1,1,1,1,1,0,1509.779,1205.356,1116.408,-300.0,1416.408,0,0.902,0.433,,,,,,,0,0,0,0.0,0,locked_slot_fallback_unavailable,0.0,0.0,0.0,,,,0,footprint_unavailable,,,,,0,NONE,0,0,0,0,0,,0.0,0.0,0,0,0.0,locked_slot_fallback_unavailable,,0,,0,0,,0,,0,,,,,,,,,,,,0,,,,
44.853487,reacquire_slot,reacquiring_frozen_slot,0,0,0,0,reacquiring_frozen_slot,0,1785215047.5156507,1,1,0,19,gap_confirmed,2,1,1,1,1900.646,-2550.646,0,1,1,1,1,1,1,0,1509.779,1205.824,1114.618,-300.0,1414.618,0,0.902,0.433,,,,,,,0,0,0,0.0,0,locked_slot_fallback_unavailable,0.0,0.0,0.0,,,,0,footprint_unavailable,,,,,0,NONE,0,0,0,0,0,,0.0,0.0,0,0,0.0,locked_slot_fallback_unavailable,,0,,0,0,,0,,0,,,,,,,,,,,,0,,,,
44.929037,reacquire_slot,reacquiring_frozen_slot,0,0,0,0,reacquiring_frozen_slot,0,1785215047.6258986,1,1,0,21,gap_confirmed,2,1,1,1,1902.682,-2552.682,0,1,1,1,1,1,1,0,1509.779,1207.537,1116.068,-300.0,1416.068,0,0.902,0.433,,,,,,,0,0,0,0.0,0,locked_slot_fallback_unavailable,0.0,0.0,0.0,,,,0,footprint_unavailable,,,,,0,NONE,0,0,0,0,0,,0.0,0.0,0,0,0.0,locked_slot_fallback_unavailable,,0,,0,0,,0,,0,,,,,,,,,,,,0,,,,
45.005057,provisional_prealign,slot_reacquire_timeout:resume_provisional_prealign,35,-120,35,-120,slot_reacquire_timeout:resume_provisional_prealign,0,1785215047.6258986,0,1,0,21,gap_confirmed,2,1,1,1,1902.682,-2552.682,0,1,1,1,1,1,1,0,1509.779,1207.537,1116.068,-300.0,1416.068,0,0.902,0.433,,,,,,,0,0,0,0.0,0,locked_slot_fallback_unavailable,0.0,0.0,0.0,,,,0,footprint_unavailable,,,,,0,NONE,0,0,0,0,0,,0.0,0.0,0,0,0.0,locked_slot_fallback_unavailable,,0,,0,0,,0,,0,,,,,,,,,,,,0,,,,
45.085354,verify_slot_box,provisional_safe_path_ready,0,0,0,0,provisional_safe_path_ready,0,1785215047.738197,1,1,0,12,gap_confirmed,2,1,1,1,1898.387,-2548.387,0,1,1,1,1,1,1,0,1509.779,1203.107,1119.176,-300.0,1419.176,0,0.902,0.433,,,,,,,1,1,1,0.95,0,lidar_slot_box,-132.646,-1.205875,58.22,697.298,220.0,347.368,0,footprint_crosses_slot_entrance,-1410.85,-244.778,-2446.5,-1409.797,0,NONE,0,0,0,0,0,,0.0,0.0,0,0,0.0,locked_slot_fallback_unavailable,,0,,0,0,,0,ready,1,full_arc_straight_ready,0.00378,0.00378,0.7,58.22,-7.423,31.104,333.684,315.186,481.731,300.000:570.000|300.120:562.031|300.480:554.069|301.080:546.122|301.919:538.196|302.996:530.300|304.310:522.439|305.861:514.621|307.647:506.854|309.665:499.144|311.916:491.498|314.395:483.924|317.101:476.427|320.032:469.016|323.185:461.696|326.557:454.475|330.145:447.358|333.946:440.353|337.956:433.465|342.171:426.702|346.589:420.068|351.204:413.570|356.013:407.215|361.011:401.007|366.194:394.952|371.557:389.057|377.095:383.325|382.803:377.764|388.676:372.376|394.709:367.168|400.896:362.144|407.232:357.308|413.710:352.666|420.325:348.221|425.224:345.111|427.066:343.970|433.842:339.772|440.617:335.575|447.392:331.377|454.168:327.179|460.943:322.982|467.718:318.784|474.494:314.587|481.269:310.389|488.044:306.192|494.819:301.994|501.595:297.797|508.370:293.599|515.145:289.402|521.921:285.204|528.696:281.006|535.471:276.809|542.247:272.611|549.022:268.414|555.797:264.216|562.572:260.019|569.348:255.821|576.123:251.624|582.898:247.426|589.674:243.229|596.449:239.031|603.224:234.833|610.000:230.636|616.775:226.438|623.550:222.241|630.326:218.043|637.101:213.846|643.876:209.648|650.651:205.451|657.427:201.253|664.202:197.056|670.977:192.858|677.753:188.660|684.528:184.463|691.303:180.265|698.079:176.068|704.854:171.870|711.629:167.673|718.404:163.475|725.180:159.278|731.955:155.080|738.730:150.883|745.506:146.685|752.281:142.487|759.056:138.290|765.832:134.092|772.607:129.895|779.382:125.697|786.157:121.500|792.933:117.302|799.708:113.105|806.483:108.907|813.259:104.710|820.034:100.512|826.809:96.315,0,,,,
45.163337,reacquire_slot,slot_arm_geometry_unavailable,0,0,0,0,slot_arm_geometry_unavailable,0,1785215047.8496926,1,1,0,12,gap_confirmed,2,1,1,1,1888.161,-2538.161,0,1,1,1,1,1,1,0,1509.779,1200.704,1125.15,-300.0,1425.15,0,0.902,0.433,,,,,,,0,0,0,0.0,0,locked_slot_fallback_unavailable,0.0,0.0,0.0,,,,0,footprint_unavailable,,,,,0,NONE,0,0,0,0,0,,0.0,0.0,0,0,0.0,locked_slot_fallback_unavailable,,0,,0,0,,0,,0,,,,,,,,,,,,0,,,,
45.240817,reacquire_slot,reacquiring_frozen_slot,0,0,0,0,reacquiring_frozen_slot,0,1785215047.96008,1,1,0,16,gap_confirmed,2,1,1,1,1898.165,-2548.165,0,1,1,1,1,1,1,0,1509.779,1200.521,1133.046,-300.0,1433.046,0,0.902,0.433,,,,,,,0,0,0,0.0,0,locked_slot_fallback_unavailable,0.0,0.0,0.0,,,,0,footprint_unavailable,,,,,0,NONE,0,0,0,0,0,,0.0,0.0,0,0,0.0,locked_slot_fallback_unavailable,,0,,0,0,,0,,0,,,,,,,,,,,,0,,,,
45.318694,reacquire_slot,reacquire_waiting_for_unique_lidar_scan,0,0,0,0,reacquire_waiting_for_unique_lidar_scan,0,1785215047.96008,0,1,0,16,gap_confirmed,2,1,1,1,1898.165,-2548.165,0,1,1,1,1,1,1,0,1509.779,1200.521,1133.046,-300.0,1433.046,0,0.902,0.433,,,,,,,0,0,0,0.0,0,locked_slot_fallback_unavailable,0.0,0.0,0.0,,,,0,footprint_unavailable,,,,,0,NONE,0,0,0,0,0,,0.0,0.0,0,0,0.0,locked_slot_fallback_unavailable,,0,,0,0,,0,,0,,,,,,,,,,,,0,,,,
45.395872,reacquire_slot,reacquiring_frozen_slot,0,0,0,0,reacquiring_frozen_slot,0,1785215048.0745482,1,1,0,14,gap_confirmed,2,1,1,1,1899.757,-2549.757,0,1,1,1,1,1,1,0,1509.779,1201.813,1124.71,-300.0,1424.71,0,0.902,0.433,,,,,,,0,0,0,0.0,0,locked_slot_fallback_unavailable,0.0,0.0,0.0,,,,0,footprint_unavailable,,,,,0,NONE,0,0,0,0,0,,0.0,0.0,0,0,0.0,locked_slot_fallback_unavailable,,0,,0,0,,0,,0,,,,,,,,,,,,0,,,,
45.47324,reacquire_slot,reacquiring_frozen_slot,0,0,0,0,reacquiring_frozen_slot,0,1785215048.1861598,1,1,0,20,gap_confirmed,2,1,1,1,1888.055,-2538.055,0,1,1,1,1,1,1,0,1509.779,1201.644,1122.707,-300.0,1422.707,0,0.902,0.433,,,,,,,0,0,0,0.0,0,locked_slot_fallback_unavailable,0.0,0.0,0.0,,,,0,footprint_unavailable,,,,,0,NONE,0,0,0,0,0,,0.0,0.0,0,0,0.0,locked_slot_fallback_unavailable,,0,,0,0,,0,,0,,,,,,,,,,,,0,,,,
45.55013,reacquire_slot,reacquire_waiting_for_unique_lidar_scan,0,0,0,0,reacquire_waiting_for_unique_lidar_scan,0,1785215048.1861598,0,1,0,20,gap_confirmed,2,1,1,1,1888.055,-2538.055,0,1,1,1,1,1,1,0,1509.779,1201.644,1122.707,-300.0,1422.707,0,0.902,0.433,,,,,,,0,0,0,0.0,0,locked_slot_fallback_unavailable,0.0,0.0,0.0,,,,0,footprint_unavailable,,,,,0,NONE,0,0,0,0,0,,0.0,0.0,0,0,0.0,locked_slot_fallback_unavailable,,0,,0,0,,0,,0,,,,,,,,,,,,0,,,,
45.627743,reacquire_slot,reacquiring_frozen_slot,0,0,0,0,reacquiring_frozen_slot,0,1785215048.2986012,1,1,0,15,gap_confirmed,2,1,1,1,1896.275,-2546.275,0,1,1,1,1,1,1,0,1509.779,1198.999,1123.829,-300.0,1423.829,0,0.902,0.433,,,,,,,0,0,0,0.0,0,locked_slot_fallback_unavailable,0.0,0.0,0.0,,,,0,footprint_unavailable,,,,,0,NONE,0,0,0,0,0,,0.0,0.0,0,0,0.0,locked_slot_fallback_unavailable,,0,,0,0,,0,,0,,,,,,,,,,,,0,,,,
45.705675,reacquire_slot,reacquiring_frozen_slot,0,0,0,0,reacquiring_frozen_slot,0,1785215048.4099362,1,1,0,15,gap_confirmed,2,1,1,1,1895.204,-2545.204,0,1,1,1,1,1,1,0,1509.779,1197.68,1124.834,-300.0,1424.834,0,0.902,0.433,,,,,,,0,0,0,0.0,0,locked_slot_fallback_unavailable,0.0,0.0,0.0,,,,0,footprint_unavailable,,,,,0,NONE,0,0,0,0,0,,0.0,0.0,0,0,0.0,locked_slot_fallback_unavailable,,0,,0,0,,0,,0,,,,,,,,,,,,0,,,,
45.784466,provisional_prealign,slot_reacquire_timeout:resume_provisional_prealign,35,-120,35,-120,slot_reacquire_timeout:resume_provisional_prealign,0,1785215048.4099362,0,1,0,15,gap_confirmed,2,1,1,1,1895.204,-2545.204,0,1,1,1,1,1,1,0,1509.779,1197.68,1124.834,-300.0,1424.834,0,0.902,0.433,,,,,,,0,0,0,0.0,0,locked_slot_fallback_unavailable,0.0,0.0,0.0,,,,0,footprint_unavailable,,,,,0,NONE,0,0,0,0,0,,0.0,0.0,0,0,0.0,locked_slot_fallback_unavailable,,0,,0,0,,0,,0,,,,,,,,,,,,0,,,,
45.862307,verify_slot_box,provisional_safe_path_ready,0,0,0,0,provisional_safe_path_ready,0,1785215048.5212703,1,1,0,11,gap_confirmed,2,1,1,1,1888.397,-2538.397,0,1,1,1,1,1,1,0,1509.779,1196.758,1129.309,-300.0,1429.309,0,0.902,0.433,,,,,,,1,1,1,0.95,0,lidar_slot_box,-135.415,-1.231047,58.22,697.284,220.0,347.368,0,footprint_crosses_slot_entrance,-1422.807,-256.735,-2446.439,-1409.737,0,NONE,0,0,0,0,0,,0.0,0.0,0,0,0.0,locked_slot_fallback_unavailable,,0,,0,0,,0,ready,1,full_arc_straight_ready,0.00378,0.00378,0.7,58.22,-10.192,28.335,333.684,315.186,481.731,300.000:570.000|300.120:562.031|300.480:554.070|301.080:546.122|301.919:538.197|302.996:530.300|304.310:522.440|305.861:514.622|307.646:506.855|309.665:499.145|311.915:491.500|314.394:483.925|317.101:476.429|320.031:469.018|323.184:461.698|326.556:454.477|330.144:447.360|333.944:440.355|337.954:433.468|342.170:426.704|346.587:420.070|351.202:413.573|356.011:407.217|361.009:401.010|366.192:394.955|371.554:389.060|377.092:383.328|382.800:377.766|388.673:372.379|394.706:367.171|400.893:362.147|407.228:357.311|413.706:352.669|420.321:348.224|425.224:345.111|427.062:343.972|433.837:339.775|440.612:335.577|447.388:331.380|454.163:327.182|460.938:322.985|467.713:318.788|474.488:314.590|481.263:310.393|488.039:306.195|494.814:301.998|501.589:297.800|508.364:293.603|515.139:289.405|521.915:285.208|528.690:281.010|535.465:276.813|542.240:272.615|549.015:268.418|555.790:264.220|562.566:260.023|569.341:255.826|576.116:251.628|582.891:247.431|589.666:243.233|596.441:239.036|603.217:234.838|609.992:230.641|616.767:226.443|623.542:222.246|630.317:218.048|637.093:213.851|643.868:209.653|650.643:205.456|657.418:201.258|664.193:197.061|670.968:192.864|677.744:188.666|684.519:184.469|691.294:180.271|698.069:176.074|704.844:171.876|711.619:167.679|718.395:163.481|725.170:159.284|731.945:155.086|738.720:150.889|745.495:146.691|752.270:142.494|759.046:138.297|765.821:134.099|772.596:129.902|779.371:125.704|786.146:121.507|792.922:117.309|799.697:113.112|806.472:108.914|813.247:104.717|820.022:100.519|826.797:96.322,0,,,,
45.953721,reacquire_slot,slot_arm_geometry_unavailable,0,0,0,0,slot_arm_geometry_unavailable,0,1785215048.6353014,1,1,0,11,gap_confirmed,2,1,1,1,1889.364,-2539.364,0,1,1,1,1,1,1,0,1509.779,1198.312,1119.175,-300.0,1419.175,0,0.902,0.433,,,,,,,0,0,0,0.0,0,locked_slot_fallback_unavailable,0.0,0.0,0.0,,,,0,footprint_unavailable,,,,,0,NONE,0,0,0,0,0,,0.0,0.0,0,0,0.0,locked_slot_fallback_unavailable,,0,,0,0,,0,,0,,,,,,,,,,,,0,,,,
46.031668,reacquire_slot,reacquiring_frozen_slot,0,0,0,0,reacquiring_frozen_slot,0,1785215048.7460823,1,1,0,16,gap_confirmed,1,1,1,1,318.141,-968.141,0,1,1,1,1,1,1,0,1509.779,1202.293,1117.555,-300.0,1417.555,0,0.902,0.433,,,,,,,0,0,0,0.0,0,locked_slot_fallback_unavailable,0.0,0.0,0.0,,,,0,footprint_unavailable,,,,,0,NONE,0,0,0,0,0,,0.0,0.0,0,0,0.0,locked_slot_fallback_unavailable,,0,,0,0,,0,,0,,,,,,,,,,,,0,,,,
46.109794,reacquire_slot,reacquire_waiting_for_unique_lidar_scan,0,0,0,0,reacquire_waiting_for_unique_lidar_scan,0,1785215048.7460823,0,1,0,16,gap_confirmed,1,1,1,1,318.141,-968.141,0,1,1,1,1,1,1,0,1509.779,1202.293,1117.555,-300.0,1417.555,0,0.902,0.433,,,,,,,0,0,0,0.0,0,locked_slot_fallback_unavailable,0.0,0.0,0.0,,,,0,footprint_unavailable,,,,,0,NONE,0,0,0,0,0,,0.0,0.0,0,0,0.0,locked_slot_fallback_unavailable,,0,,0,0,,0,,0,,,,,,,,,,,,0,,,,
46.186108,reacquire_slot,reacquiring_frozen_slot,0,0,0,0,reacquiring_frozen_slot,0,1785215048.8579957,1,1,0,16,gap_confirmed,2,1,1,1,1893.739,-2543.739,0,1,1,1,1,1,1,0,1509.779,1200.025,1118.873,-300.0,1418.873,0,0.902,0.433,,,,,,,0,0,0,0.0,0,locked_slot_fallback_unavailable,0.0,0.0,0.0,,,,0,footprint_unavailable,,,,,0,NONE,0,0,0,0,0,,0.0,0.0,0,0,0.0,locked_slot_fallback_unavailable,,0,,0,0,,0,,0,,,,,,,,,,,,0,,,,
46.265725,reacquire_slot,reacquiring_frozen_slot,0,0,0,0,reacquiring_frozen_slot,0,1785215048.9697983,1,1,0,15,gap_confirmed,2,1,1,1,1897.239,-2547.239,0,1,1,1,1,1,1,0,1509.779,1198.391,1124.584,-300.0,1424.584,0,0.902,0.433,,,,,,,0,0,0,0.0,0,locked_slot_fallback_unavailable,0.0,0.0,0.0,,,,0,footprint_unavailable,,,,,0,NONE,0,0,0,0,0,,0.0,0.0,0,0,0.0,locked_slot_fallback_unavailable,,0,,0,0,,0,,0,,,,,,,,,,,,0,,,,
46.343618,reacquire_slot,reacquire_waiting_for_unique_lidar_scan,0,0,0,0,reacquire_waiting_for_unique_lidar_scan,0,1785215048.9697983,0,1,0,15,gap_confirmed,2,1,1,1,1897.239,-2547.239,0,1,1,1,1,1,1,0,1509.779,1198.391,1124.584,-300.0,1424.584,0,0.902,0.433,,,,,,,0,0,0,0.0,0,locked_slot_fallback_unavailable,0.0,0.0,0.0,,,,0,footprint_unavailable,,,,,0,NONE,0,0,0,0,0,,0.0,0.0,0,0,0.0,locked_slot_fallback_unavailable,,0,,0,0,,0,,0,,,,,,,,,,,,0,,,,
46.421961,reacquire_slot,reacquiring_frozen_slot,0,0,0,0,reacquiring_frozen_slot,0,1785215049.0817695,1,1,0,14,gap_confirmed,2,1,1,1,1898.655,-2548.655,0,1,1,1,1,1,1,0,1509.779,1200.705,1118.026,-300.0,1418.026,0,0.902,0.433,,,,,,,0,0,0,0.0,0,locked_slot_fallback_unavailable,0.0,0.0,0.0,,,,0,footprint_unavailable,,,,,0,NONE,0,0,0,0,0,,0.0,0.0,0,0,0.0,locked_slot_fallback_unavailable,,0,,0,0,,0,,0,,,,,,,,,,,,0,,,,
46.499996,reacquire_slot,reacquiring_frozen_slot,0,0,0,0,reacquiring_frozen_slot,0,1785215049.1952286,1,1,0,17,gap_confirmed,2,1,1,1,1887.67,-2537.67,0,1,1,1,1,1,1,0,1509.779,1200.383,1118.639,-300.0,1418.639,0,0.902,0.433,,,,,,,0,0,0,0.0,0,locked_slot_fallback_unavailable,0.0,0.0,0.0,,,,0,footprint_unavailable,,,,,0,NONE,0,0,0,0,0,,0.0,0.0,0,0,0.0,locked_slot_fallback_unavailable,,0,,0,0,,0,,0,,,,,,,,,,,,0,,,,
46.578757,provisional_prealign,slot_reacquire_timeout:resume_provisional_prealign,35,-120,35,-120,slot_reacquire_timeout:resume_provisional_prealign,0,1785215049.1952286,0,1,0,17,gap_confirmed,2,1,1,1,1887.67,-2537.67,0,1,1,1,1,1,1,0,1509.779,1200.383,1118.639,-300.0,1418.639,0,0.902,0.433,,,,,,,0,0,0,0.0,0,locked_slot_fallback_unavailable,0.0,0.0,0.0,,,,0,footprint_unavailable,,,,,0,NONE,0,0,0,0,0,,0.0,0.0,0,0,0.0,locked_slot_fallback_unavailable,,0,,0,0,,0,,0,,,,,,,,,,,,0,,,,
46.655706,verify_slot_box,provisional_safe_path_ready,0,0,0,0,provisional_safe_path_ready,0,1785215049.3063283,1,1,0,15,gap_confirmed,2,1,1,1,1893.29,-2543.29,0,1,1,1,1,1,1,0,1509.779,1198.814,1123.706,-300.0,1423.706,0,0.902,0.433,,,,,,,1,1,1,0.95,0,lidar_slot_box,-134.061,-1.218741,58.22,697.006,220.0,347.368,0,footprint_crosses_slot_entrance,-1416.962,-250.89,-2445.236,-1408.534,0,NONE,0,0,0,0,0,,0.0,0.0,0,0,0.0,locked_slot_fallback_unavailable,,0,,0,0,,0,ready,1,full_arc_straight_ready,0.00378,0.00378,0.7,58.22,-8.838,29.688,333.684,315.187,481.731,300.000:570.000|300.120:562.034|300.480:554.076|301.079:546.131|301.917:538.209|302.993:530.315|304.307:522.457|305.857:514.643|307.641:506.878|309.658:499.171|311.906:491.528|314.384:483.957|317.088:476.463|320.017:469.054|323.167:461.737|326.536:454.517|330.122:447.403|333.919:440.400|337.926:433.514|342.139:426.752|346.553:420.120|351.165:413.624|355.970:407.269|360.965:401.063|366.144:395.009|371.503:389.114|377.037:383.383|382.742:377.822|388.611:372.435|394.639:367.227|400.822:362.202|407.153:357.366|413.627:352.724|420.238:348.278|425.224:345.111|426.975:344.026|433.748:339.830|440.521:335.634|447.293:331.438|454.066:327.242|460.839:323.047|467.611:318.851|474.384:314.655|481.157:310.459|487.929:306.263|494.702:302.067|501.474:297.871|508.247:293.675|515.020:289.479|521.792:285.284|528.565:281.088|535.338:276.892|542.110:272.696|548.883:268.500|555.655:264.304|562.428:260.108|569.201:255.912|575.973:251.716|582.746:247.521|589.519:243.325|596.291:239.129|603.064:234.933|609.836:230.737|616.609:226.541|623.382:222.345|630.154:218.149|636.927:213.953|643.700:209.758|650.472:205.562|657.245:201.366|664.017:197.170|670.790:192.974|677.563:188.778|684.335:184.582|691.108:180.386|697.881:176.190|704.653:171.995|711.426:167.799|718.198:163.603|724.971:159.407|731.744:155.211|738.516:151.015|745.289:146.819|752.062:142.623|758.834:138.427|765.607:134.232|772.379:130.036|779.152:125.840|785.925:121.644|792.697:117.448|799.470:113.252|806.243:109.056|813.015:104.860|819.788:100.665|826.561:96.469,0,,,,
46.748894,reacquire_slot,slot_arm_geometry_unavailable,0,0,0,0,slot_arm_geometry_unavailable,0,1785215049.4174953,1,1,0,13,gap_confirmed,2,1,1,1,1889.226,-2539.226,0,1,1,1,1,1,1,1,1509.779,1198.814,1123.706,-300.0,1423.706,0,0.902,0.433,,,,,,,0,0,0,0.0,0,locked_slot_fallback_unavailable,0.0,0.0,0.0,,,,0,footprint_unavailable,,,,,0,NONE,0,0,0,0,0,,0.0,0.0,0,0,0.0,locked_slot_fallback_unavailable,,0,,0,0,,0,,0,,,,,,,,,,,,0,,,,
46.825227,reacquire_slot,reacquiring_frozen_slot,0,0,0,0,reacquiring_frozen_slot,0,1785215049.5288203,1,1,0,17,gap_confirmed,2,1,1,1,1897.712,-2547.712,0,1,1,1,1,1,1,0,1509.779,1204.377,1116.734,-300.0,1416.734,0,0.902,0.433,,,,,,,0,0,0,0.0,0,locked_slot_fallback_unavailable,0.0,0.0,0.0,,,,0,footprint_unavailable,,,,,0,NONE,0,0,0,0,0,,0.0,0.0,0,0,0.0,locked_slot_fallback_unavailable,,0,,0,0,,0,,0,,,,,,,,,,,,0,,,,
46.904183,reacquire_slot,reacquire_waiting_for_unique_lidar_scan,0,0,0,0,reacquire_waiting_for_unique_lidar_scan,0,1785215049.5288203,0,1,0,17,gap_confirmed,2,1,1,1,1897.712,-2547.712,0,1,1,1,1,1,1,0,1509.779,1204.377,1116.734,-300.0,1416.734,0,0.902,0.433,,,,,,,0,0,0,0.0,0,locked_slot_fallback_unavailable,0.0,0.0,0.0,,,,0,footprint_unavailable,,,,,0,NONE,0,0,0,0,0,,0.0,0.0,0,0,0.0,locked_slot_fallback_unavailable,,0,,0,0,,0,,0,,,,,,,,,,,,0,,,,
